{"type":"FeatureCollection","features":[{"type":"Feature","properties":{"building_uid":"jc3f24","street_name":"Strada Eforiei","highway":"residential","lungime":43.4},"geometry":{"type":"LineString","coordinates":[[26.097889609968295,44.43400037163065],[26.0974321,44.4339592],[26.097348644568847,44.43395206474127]]}},{"type":"Feature","properties":{"building_uid":"jc3f24","street_name":"Strada Alexandru Beldiman","highway":"residential","lungime":52.6},"geometry":{"type":"LineString","coordinates":[[26.09733930410534,44.433960872260954],[26.097319737027338,44.434433980882076]]}},{"type":"Feature","properties":{"building_uid":"jc3f24","street_name":"","highway":"service","lungime":4.8},"geometry":{"type":"LineString","coordinates":[[26.0974321,44.4339592],[26.09742709552058,44.43391652543913]]}},{"type":"Feature","properties":{"building_uid":"83xgnv","street_name":"Strada Xenopol D. Alexandru","highway":"tertiary","lungime":46.8},"geometry":{"type":"LineString","coordinates":[[26.10266130937592,44.44313695753001],[26.102598,44.4430868],[26.1024575,44.4429923],[26.1023315,44.4429239],[26.102211770762526,44.442867363099325]]}},{"type":"Feature","properties":{"building_uid":"83xgnv","street_name":"","highway":"pedestrian","lungime":23.5},"geometry":{"type":"LineString","coordinates":[[26.102260325933226,44.442868643915084],[26.1023449,44.4429111],[26.1024717,44.4429792],[26.102487576347542,44.44295762445078]]}},{"type":"Feature","properties":{"building_uid":"83xgnv","street_name":"","highway":"pedestrian","lungime":24.6},"geometry":{"type":"LineString","coordinates":[[26.10266830032607,44.44311730429392],[26.1026109,44.4430765],[26.1024717,44.4429792],[26.102487576347542,44.44295762445078]]}},{"type":"Feature","properties":{"building_uid":"mwbzwt","street_name":"Strada Arcului","highway":"residential","lungime":10.1},"geometry":{"type":"LineString","coordinates":[[26.10978272575152,44.437760257248506],[26.1097925,44.4377637],[26.1098403,44.4377922],[26.10987146881921,44.437823606145244]]}},{"type":"Feature","properties":{"building_uid":"zbpmz4","street_name":"Strada Armenească","highway":"residential","lungime":20.4},"geometry":{"type":"LineString","coordinates":[[26.111553375344155,44.438213086250386],[26.11164646903939,44.43838415151893]]}},{"type":"Feature","properties":{"building_uid":"iery2f","street_name":"Strada Pasului","highway":"residential","lungime":9.5},"geometry":{"type":"LineString","coordinates":[[26.1119322,44.439025],[26.112004235858898,44.43895679974847]]}},{"type":"Feature","properties":{"building_uid":"iery2f","street_name":"Strada Licurg","highway":"residential","lungime":2.1},"geometry":{"type":"LineString","coordinates":[[26.111908832929597,44.43903407338372],[26.1119322,44.439025]]}},{"type":"Feature","properties":{"building_uid":"iery2f","street_name":"Strada Armenească","highway":"residential","lungime":24.7},"geometry":{"type":"LineString","coordinates":[[26.1119322,44.439025],[26.111950791118897,44.43924679852296]]}},{"type":"Feature","properties":{"building_uid":"iery2f","street_name":"Strada Armenească","highway":"residential","lungime":2.5},"geometry":{"type":"LineString","coordinates":[[26.111926952296233,44.43900285060099],[26.1119322,44.439025]]}},{"type":"Feature","properties":{"building_uid":"iery2f","street_name":"Strada Semilunei","highway":"residential","lungime":26.3},"geometry":{"type":"LineString","coordinates":[[26.1119322,44.439025],[26.1120798,44.438993],[26.1121617,44.438987],[26.112255891749566,44.438989328754914]]}},{"type":"Feature","properties":{"building_uid":"qiqomc","street_name":"Strada Armenească","highway":"residential","lungime":21},"geometry":{"type":"LineString","coordinates":[[26.111942917101608,44.439152858754504],[26.1119523,44.4392648],[26.111960154207605,44.439341279798086]]}},{"type":"Feature","properties":{"building_uid":"ofpxbj","street_name":"Strada Aurel Vlaicu","highway":"residential","lungime":19.2},"geometry":{"type":"LineString","coordinates":[[26.105970638132938,44.447170880725196],[26.106007057776438,44.44699979458221]]}},{"type":"Feature","properties":{"building_uid":"p5xkke","street_name":"Strada Baia de Fier","highway":"living_street","lungime":10.8},"geometry":{"type":"LineString","coordinates":[[26.105528590069177,44.43024335789766],[26.10544815013141,44.43016526061515]]}},{"type":"Feature","properties":{"building_uid":"pg65sj","street_name":"Strada Bărăției","highway":"residential","lungime":19},"geometry":{"type":"LineString","coordinates":[[26.105314809644156,44.430034640101674],[26.1053139,44.4300349],[26.1052071,44.4300643],[26.105134,44.4300866],[26.105095071773235,44.430100128249016]]}},{"type":"Feature","properties":{"building_uid":"pg65sj","street_name":"Strada Baia de Fier","highway":"living_street","lungime":24.1},"geometry":{"type":"LineString","coordinates":[[26.105493991269654,44.430209766720246],[26.1053558,44.4300756],[26.1053139,44.4300349]]}},{"type":"Feature","properties":{"building_uid":"640zee","street_name":"Strada Baia de Fier","highway":"living_street","lungime":18.6},"geometry":{"type":"LineString","coordinates":[[26.105675262223595,44.43038575851355],[26.105536553190174,44.430251089108395]]}},{"type":"Feature","properties":{"building_uid":"7vg8h9","street_name":"Strada Baia de Fier","highway":"living_street","lungime":23.4},"geometry":{"type":"LineString","coordinates":[[26.10580463629212,44.43051136481634],[26.105629899697377,44.430341717081845]]}},{"type":"Feature","properties":{"building_uid":"0k7cb0","street_name":"Strada Pătrașcu Vodă","highway":"living_street","lungime":23.5},"geometry":{"type":"LineString","coordinates":[[26.103475215726785,44.43320995576148],[26.1035257,44.4332158],[26.1037668739127,44.43324370786209]]}},{"type":"Feature","properties":{"building_uid":"0k7cb0","street_name":"Bulevardul Ion Constantin Brătianu","highway":"primary","lungime":3.7},"geometry":{"type":"LineString","coordinates":[[26.1035168243188,44.432904082278306],[26.1035095,44.4329369]]}},{"type":"Feature","properties":{"building_uid":"0k7cb0","street_name":"Bulevardul Ion Constantin Brătianu","highway":"primary","lungime":23.7},"geometry":{"type":"LineString","coordinates":[[26.1035095,44.4329369],[26.103458850240422,44.43314690169548]]}},{"type":"Feature","properties":{"building_uid":"0k7cb0","street_name":"","highway":"footway","lungime":5.2},"geometry":{"type":"LineString","coordinates":[[26.10369810840371,44.43290575024663],[26.1036892,44.4329525]]}},{"type":"Feature","properties":{"building_uid":"0k7cb0","street_name":"","highway":"footway","lungime":22},"geometry":{"type":"LineString","coordinates":[[26.103829731237358,44.43296664150816],[26.1036892,44.4329525],[26.1035565,44.4329387]]}},{"type":"Feature","properties":{"building_uid":"0k7cb0","street_name":"","highway":"footway","lungime":35.4},"geometry":{"type":"LineString","coordinates":[[26.103517127181508,44.43324883742636],[26.1035257,44.4332158],[26.1035002,44.4331791],[26.1035565,44.4329387]]}},{"type":"Feature","properties":{"building_uid":"fq6ve8","street_name":"Strada Bărăției","highway":"residential","lungime":12.2},"geometry":{"type":"LineString","coordinates":[[26.104219872629276,44.43070516538171],[26.1042117,44.4307117],[26.104163,44.4307496],[26.104114143161258,44.43078465362243]]}},{"type":"Feature","properties":{"building_uid":"5gwhie","street_name":"","highway":"footway","lungime":16.4},"geometry":{"type":"LineString","coordinates":[[26.102144995811006,44.4376432843315],[26.1022456,44.4376785],[26.102331632443548,44.4377067039081]]}},{"type":"Feature","properties":{"building_uid":"5gwhie","street_name":"","highway":"footway","lungime":48.9},"geometry":{"type":"LineString","coordinates":[[26.101813088870824,44.43760883302654],[26.1022818,44.4377654],[26.10236995734829,44.4377953834597]]}},{"type":"Feature","properties":{"building_uid":"5gwhie","street_name":"Strada Batiștei","highway":"tertiary","lungime":41.8},"geometry":{"type":"LineString","coordinates":[[26.102365307562756,44.437751730628065],[26.1022913,44.4377233],[26.1019095,44.4375952],[26.101890953790345,44.43758982877021]]}},{"type":"Feature","properties":{"building_uid":"tf5593","street_name":"","highway":"service","lungime":6.9},"geometry":{"type":"LineString","coordinates":[[26.10364934426935,44.437934236659494],[26.103567398321754,44.43791488997714]]}},{"type":"Feature","properties":{"building_uid":"tf5593","street_name":"","highway":"service","lungime":7.9},"geometry":{"type":"LineString","coordinates":[[26.103467980057527,44.43789141824199],[26.103373907612475,44.437869208605434]]}},{"type":"Feature","properties":{"building_uid":"tf5593","street_name":"","highway":"footway","lungime":19.3},"geometry":{"type":"LineString","coordinates":[[26.103151884853894,44.43808100014095],[26.10335351018946,44.43817731088829]]}},{"type":"Feature","properties":{"building_uid":"tf5593","street_name":"","highway":"footway","lungime":14.7},"geometry":{"type":"LineString","coordinates":[[26.103383326960426,44.43819155352048],[26.1034523,44.4382245],[26.103537506432826,44.438264982950166]]}},{"type":"Feature","properties":{"building_uid":"ksqbo3","street_name":"Strada Sfânta Ecaterina","highway":"residential","lungime":7.7},"geometry":{"type":"LineString","coordinates":[[26.102504306986308,44.4250049658391],[26.1025463,44.4250205],[26.102589314434624,44.42503837279689]]}},{"type":"Feature","properties":{"building_uid":"v6c10b","street_name":"Strada Biserica Amzei","highway":"residential","lungime":9},"geometry":{"type":"LineString","coordinates":[[26.093229634709925,44.44456232525062],[26.093121949847692,44.4445369627708]]}},{"type":"Feature","properties":{"building_uid":"gn647r","street_name":"","highway":"footway","lungime":0.7},"geometry":{"type":"LineString","coordinates":[[26.1000599,44.4371634],[26.100067370495555,44.437160859817155]]}},{"type":"Feature","properties":{"building_uid":"wliof8","street_name":"Strada Blănari","highway":"living_street","lungime":2.9},"geometry":{"type":"LineString","coordinates":[[26.10305493872054,44.43259913393632],[26.103018408716462,44.43259474598414]]}},{"type":"Feature","properties":{"building_uid":"wliof8","street_name":"Strada Blănari","highway":"living_street","lungime":4.5},"geometry":{"type":"LineString","coordinates":[[26.102952130892874,44.43258678474987],[26.1029098,44.4325817],[26.10289595472576,44.43258006509148]]}},{"type":"Feature","properties":{"building_uid":"wliof8","street_name":"","highway":"service","lungime":0.2},"geometry":{"type":"LineString","coordinates":[[26.1029098,44.4325817],[26.10291013698158,44.432579921978764]]}},{"type":"Feature","properties":{"building_uid":"0srgs0","street_name":"Strada Blănari","highway":"living_street","lungime":57.5},"geometry":{"type":"LineString","coordinates":[[26.102178432340374,44.43250007520596],[26.1019941,44.432483],[26.1018972,44.4324772],[26.1017763,44.4324758],[26.1016349,44.4324792],[26.101457814216825,44.432487899389955]]}},{"type":"Feature","properties":{"building_uid":"ngql3p","street_name":"Strada Blănari","highway":"living_street","lungime":32.4},"geometry":{"type":"LineString","coordinates":[[26.102727780726557,44.43256043608699],[26.1024834,44.4325325],[26.102325673823863,44.43251572832915]]}},{"type":"Feature","properties":{"building_uid":"ngql3p","street_name":"Strada Băcani","highway":"pedestrian","lungime":53.9},"geometry":{"type":"LineString","coordinates":[[26.10260926089603,44.43206372055923],[26.1026152,44.4321077],[26.1027576,44.4324863],[26.102775749679342,44.432533629228125]]}},{"type":"Feature","properties":{"building_uid":"ngql3p","street_name":"","highway":"pedestrian","lungime":5.8},"geometry":{"type":"LineString","coordinates":[[26.102561465895903,44.43206464654609],[26.102567,44.4321077],[26.102570463858186,44.432116763601]]}},{"type":"Feature","properties":{"building_uid":"ngql3p","street_name":"","highway":"pedestrian","lungime":6},"geometry":{"type":"LineString","coordinates":[[26.102726226902345,44.43248371866918],[26.1027576,44.4324863],[26.10280150211311,44.43248944871713]]}},{"type":"Feature","properties":{"building_uid":"e9e1wq","street_name":"Strada Bocșa","highway":"residential","lungime":33.3},"geometry":{"type":"LineString","coordinates":[[26.110644643700695,44.44046614437986],[26.11092487588385,44.44024387803185]]}},{"type":"Feature","properties":{"building_uid":"ppf1gb","street_name":"Strada Boteanu","highway":"residential","lungime":43.4},"geometry":{"type":"LineString","coordinates":[[26.098698002442045,44.439723055323476],[26.0987389,44.4397662],[26.0987693,44.439816],[26.0987871,44.4398688],[26.098805,44.4399323],[26.0988103,44.4399943],[26.098808,44.4400438],[26.0987994,44.4400932],[26.098797939692403,44.440097123373995]]}},{"type":"Feature","properties":{"building_uid":"gk80yr","street_name":"Strada Boteanu","highway":"residential","lungime":60.3},"geometry":{"type":"LineString","coordinates":[[26.09834431432546,44.439474820064916],[26.0983462,44.4394779],[26.0983653,44.4395014],[26.0986395,44.4396754],[26.0986934,44.4397182],[26.0987389,44.4397662],[26.0987693,44.439816],[26.0987871,44.4398688],[26.098794135531147,44.439893758448484]]}},{"type":"Feature","properties":{"building_uid":"gk80yr","street_name":"","highway":"footway","lungime":1.2},"geometry":{"type":"LineString","coordinates":[[26.09810745839006,44.44004572811002],[26.0980931,44.4400422],[26.098093006277157,44.440042353471156]]}},{"type":"Feature","properties":{"building_uid":"gk80yr","street_name":"","highway":"footway","lungime":43.1},"geometry":{"type":"LineString","coordinates":[[26.0980435,44.4398101],[26.0981096,44.4397121],[26.0982189,44.4396183],[26.0983653,44.4395014]]}},{"type":"Feature","properties":{"building_uid":"wwhpux","street_name":"Strada C. A. Rosetti","highway":"tertiary","lungime":3.3},"geometry":{"type":"LineString","coordinates":[[26.10465400914626,44.44145698722203],[26.104691629969007,44.441470166154026]]}},{"type":"Feature","properties":{"building_uid":"wwhpux","street_name":"Strada Jean Louis Calderon","highway":"tertiary","lungime":4.2},"geometry":{"type":"LineString","coordinates":[[26.104441171462064,44.44156099068718],[26.104440866900966,44.44159843785878]]}},{"type":"Feature","properties":{"building_uid":"dewsdi","street_name":"Strada Căderea Bastiliei","highway":"tertiary","lungime":24.5},"geometry":{"type":"LineString","coordinates":[[26.096535798764354,44.4476554577668],[26.09652106064873,44.44787589034819]]}},{"type":"Feature","properties":{"building_uid":"l97jrp","street_name":"Strada Caimatei","highway":"residential","lungime":9.1},"geometry":{"type":"LineString","coordinates":[[26.108604061862362,44.43632717307265],[26.108497975628524,44.43629673323481]]}},{"type":"Feature","properties":{"building_uid":"rvrap8","street_name":"","highway":"footway","lungime":23.8},"geometry":{"type":"LineString","coordinates":[[26.107696078747967,44.43659074575312],[26.107986010139296,44.436644951603526]]}},{"type":"Feature","properties":{"building_uid":"k2udfc","street_name":"Bulevardul Carol I","highway":"primary","lungime":27.1},"geometry":{"type":"LineString","coordinates":[[26.111726462573184,44.43727418749598],[26.111396797931043,44.43721340875277]]}},{"type":"Feature","properties":{"building_uid":"k2udfc","street_name":"Strada Spătarului","highway":"residential","lungime":0},"geometry":{"type":"LineString","coordinates":[[26.11173065789262,44.43727727955176],[26.111730604510413,44.43727720649342]]}},{"type":"Feature","properties":{"building_uid":"usgoel","street_name":"Strada Spătarului","highway":"residential","lungime":43.6},"geometry":{"type":"LineString","coordinates":[[26.112112884508466,44.43777042087199],[26.111846403127334,44.43742723982936]]}},{"type":"Feature","properties":{"building_uid":"3vck2b","street_name":"Strada Latină","highway":"residential","lungime":13.5},"geometry":{"type":"LineString","coordinates":[[26.11402400767523,44.43792925816666],[26.113962224989717,44.438042634246614]]}},{"type":"Feature","properties":{"building_uid":"ht97h5","street_name":"Strada Lunei","highway":"residential","lungime":24.5},"geometry":{"type":"LineString","coordinates":[[26.115516146741978,44.43766678558754],[26.1155364,44.4378872]]}},{"type":"Feature","properties":{"building_uid":"ht97h5","street_name":"Strada Lunei","highway":"residential","lungime":5.1},"geometry":{"type":"LineString","coordinates":[[26.1155364,44.4378872],[26.115538014286475,44.43793312220212]]}},{"type":"Feature","properties":{"building_uid":"hgjcwa","street_name":"Strada Nicolae Mavrogheni","highway":"service","lungime":15.8},"geometry":{"type":"LineString","coordinates":[[26.10447596521464,44.433550966611605],[26.104280398705317,44.43352761509881]]}},{"type":"Feature","properties":{"building_uid":"qiyg6m","street_name":"Strada Constantin Bălăcescu","highway":"residential","lungime":11.3},"geometry":{"type":"LineString","coordinates":[[26.071602654414548,44.44489138627658],[26.07147729007728,44.4449399257293]]}},{"type":"Feature","properties":{"building_uid":"xtcnnk","street_name":"Strada Silvestri Constantin","highway":"residential","lungime":19.5},"geometry":{"type":"LineString","coordinates":[[26.09746335486559,44.42560108461164],[26.097620179281144,44.42546571741224]]}},{"type":"Feature","properties":{"building_uid":"a2jcyd","street_name":"Strada Dimitri Ivanovici Mendeleev","highway":"residential","lungime":8.1},"geometry":{"type":"LineString","coordinates":[[26.096548324490804,44.444153709211136],[26.09654987347546,44.44408117139302]]}},{"type":"Feature","properties":{"building_uid":"a2jcyd","street_name":"Strada Piața Amzei","highway":"residential","lungime":10.7},"geometry":{"type":"LineString","coordinates":[[26.096032343734297,44.44384720571356],[26.09616399214494,44.44386689971302]]}},{"type":"Feature","properties":{"building_uid":"lnyva5","street_name":"","highway":"secondary_link","lungime":4.9},"geometry":{"type":"LineString","coordinates":[[26.100005966319138,44.44679422620917],[26.1000669,44.4468005]]}},{"type":"Feature","properties":{"building_uid":"lnyva5","street_name":"Bulevardul Dacia","highway":"secondary","lungime":22.6},"geometry":{"type":"LineString","coordinates":[[26.09985779050492,44.44681677451968],[26.1000669,44.4468005],[26.100139835276558,44.44679481904762]]}},{"type":"Feature","properties":{"building_uid":"lnyva5","street_name":"Strada Mihai Eminescu","highway":"secondary","lungime":27.1},"geometry":{"type":"LineString","coordinates":[[26.100142192567535,44.44705594280722],[26.09981482879059,44.44699009064715]]}},{"type":"Feature","properties":{"building_uid":"j9sug1","street_name":"Bulevardul Dacia","highway":"secondary","lungime":25.5},"geometry":{"type":"LineString","coordinates":[[26.10099934130592,44.44672426358993],[26.101317953394926,44.44669625195664]]}},{"type":"Feature","properties":{"building_uid":"mn3adc","street_name":"Bulevardul Dacia","highway":"secondary","lungime":9.7},"geometry":{"type":"LineString","coordinates":[[26.097694565806375,44.44695168638112],[26.097572306567397,44.446951976163625]]}},{"type":"Feature","properties":{"building_uid":"ayse9d","street_name":"Strada Vasile Lascăr","highway":"residential","lungime":15},"geometry":{"type":"LineString","coordinates":[[26.10693911490838,44.436721722504714],[26.107031632134618,44.436839312509505]]}},{"type":"Feature","properties":{"building_uid":"ayse9d","street_name":"Strada Dianei","highway":"tertiary","lungime":28.9},"geometry":{"type":"LineString","coordinates":[[26.106753329813102,44.436688150552065],[26.1067367,44.4367167],[26.106613611028727,44.436928097575255]]}},{"type":"Feature","properties":{"building_uid":"ayse9d","street_name":"","highway":"footway","lungime":1.6},"geometry":{"type":"LineString","coordinates":[[26.1067198,44.4367103],[26.106726719838363,44.4366971187854]]}},{"type":"Feature","properties":{"building_uid":"ayse9d","street_name":"","highway":"footway","lungime":5.2},"geometry":{"type":"LineString","coordinates":[[26.1068748,44.4367404],[26.106927833885468,44.43671236237238]]}},{"type":"Feature","properties":{"building_uid":"ayse9d","street_name":"","highway":"footway","lungime":9.1},"geometry":{"type":"LineString","coordinates":[[26.1067694,44.4367276],[26.1067897,44.4367219],[26.1068166,44.4367195],[26.1068474,44.4367265],[26.1068748,44.4367404]]}},{"type":"Feature","properties":{"building_uid":"ayse9d","street_name":"","highway":"footway","lungime":4.4},"geometry":{"type":"LineString","coordinates":[[26.1067198,44.4367103],[26.1067367,44.4367167],[26.1067694,44.4367276]]}},{"type":"Feature","properties":{"building_uid":"5spryz","street_name":"Strada Dianei","highway":"tertiary","lungime":22.2},"geometry":{"type":"LineString","coordinates":[[26.106496653245166,44.43712896522079],[26.106389167268468,44.43731356563311]]}},{"type":"Feature","properties":{"building_uid":"st3xo4","street_name":"Strada Dimitrie Bolintineanu","highway":"residential","lungime":70.6},"geometry":{"type":"LineString","coordinates":[[26.106348140988853,44.434992439530774],[26.1060614,44.4347924],[26.1057785,44.434969],[26.1057473,44.4349841],[26.1057106,44.4349913],[26.10567504553588,44.43498959338572]]}},{"type":"Feature","properties":{"building_uid":"st3xo4","street_name":"Strada Ivo Andric","highway":"residential","lungime":2.4},"geometry":{"type":"LineString","coordinates":[[26.106083478932213,44.43477801767787],[26.1060614,44.4347924]]}},{"type":"Feature","properties":{"building_uid":"st3xo4","street_name":"","highway":"pedestrian","lungime":9.1},"geometry":{"type":"LineString","coordinates":[[26.105667590208324,44.43502181476953],[26.1057486,44.4350236],[26.1057734,44.4350113],[26.105775382410958,44.43501266929417]]}},{"type":"Feature","properties":{"building_uid":"st3xo4","street_name":"","highway":"pedestrian","lungime":8.4},"geometry":{"type":"LineString","coordinates":[[26.1057724216455,44.43503401773446],[26.1057624,44.4350386],[26.105755,44.4350383],[26.1057284,44.4350376],[26.1057198,44.4350373],[26.1056817,44.4350363],[26.10566921873897,44.43503596090618]]}},{"type":"Feature","properties":{"building_uid":"impkzl","street_name":"Strada Rumeoara","highway":"residential","lungime":1.3},"geometry":{"type":"LineString","coordinates":[[26.11998186840574,44.441396273418455],[26.119997971933696,44.44139549881838]]}},{"type":"Feature","properties":{"building_uid":"ppdlv6","street_name":"Strada General Dimitrie Salmen","highway":"residential","lungime":13},"geometry":{"type":"LineString","coordinates":[[26.123538502540974,44.44175509659018],[26.123637116078758,44.44166190706221]]}},{"type":"Feature","properties":{"building_uid":"ifsb8j","street_name":"Strada Dionisie Lupu","highway":"tertiary","lungime":33.9},"geometry":{"type":"LineString","coordinates":[[26.10109417736841,44.44381666411883],[26.1010966,44.4437981],[26.101299212791425,44.4435509795758]]}},{"type":"Feature","properties":{"building_uid":"ifsb8j","street_name":"Strada Pitar Moș","highway":"residential","lungime":29.3},"geometry":{"type":"LineString","coordinates":[[26.100846585728124,44.443499925669116],[26.100827,44.4437637]]}},{"type":"Feature","properties":{"building_uid":"ifsb8j","street_name":"Strada Pitar Moș","highway":"residential","lungime":0.6},"geometry":{"type":"LineString","coordinates":[[26.100827,44.4437637],[26.100826260700412,44.44376896617025]]}},{"type":"Feature","properties":{"building_uid":"ifsb8j","street_name":"Strada Dionisie Lupu","highway":"residential","lungime":21.8},"geometry":{"type":"LineString","coordinates":[[26.100827,44.4437637],[26.1010966,44.4437981]]}},{"type":"Feature","properties":{"building_uid":"8q61f2","street_name":"Strada Dionisie Lupu","highway":"tertiary","lungime":31.3},"geometry":{"type":"LineString","coordinates":[[26.100919685034686,44.44446032241977],[26.1010148,44.4442065],[26.10101893328367,44.444187981955096]]}},{"type":"Feature","properties":{"building_uid":"8q61f2","street_name":"Strada Pitar Moș","highway":"residential","lungime":4},"geometry":{"type":"LineString","coordinates":[[26.10077761522565,44.44411506944165],[26.1007726,44.4441507]]}},{"type":"Feature","properties":{"building_uid":"8q61f2","street_name":"Strada Jules Michelet","highway":"residential","lungime":24.4},"geometry":{"type":"LineString","coordinates":[[26.10072330582974,44.44414322696665],[26.1007726,44.4441507],[26.1008854,44.4441649],[26.1010148,44.4442065]]}},{"type":"Feature","properties":{"building_uid":"8q61f2","street_name":"","highway":"footway","lungime":4.1},"geometry":{"type":"LineString","coordinates":[[26.1008854,44.4441649],[26.1008917,44.4441329],[26.100892680076313,44.4441279750397]]}},{"type":"Feature","properties":{"building_uid":"aihndg","street_name":"Strada Doamnei","highway":"residential","lungime":25.4},"geometry":{"type":"LineString","coordinates":[[26.09932202042251,44.43382693727261],[26.099038281199217,44.43393062184102]]}},{"type":"Feature","properties":{"building_uid":"so45y7","street_name":"Strada Doamnei","highway":"residential","lungime":17.5},"geometry":{"type":"LineString","coordinates":[[26.09909763172899,44.43390893384881],[26.0989245,44.4339722],[26.098901005602368,44.4339783977695]]}},{"type":"Feature","properties":{"building_uid":"so45y7","street_name":"","highway":"service","lungime":16.9},"geometry":{"type":"LineString","coordinates":[[26.098955924527036,44.43412310896926],[26.0989245,44.4339722]]}},{"type":"Feature","properties":{"building_uid":"mdnrzy","street_name":"Strada Doamnei","highway":"residential","lungime":40.6},"geometry":{"type":"LineString","coordinates":[[26.099590754406165,44.43371354402405],[26.0995547,44.4337337],[26.0994896,44.4337657],[26.09914598088132,44.43389126600249]]}},{"type":"Feature","properties":{"building_uid":"mdnrzy","street_name":"Strada Academiei","highway":"residential","lungime":42.8},"geometry":{"type":"LineString","coordinates":[[26.09967907506365,44.433753569640515],[26.099640856590224,44.434137458614124]]}},{"type":"Feature","properties":{"building_uid":"mdnrzy","street_name":"Strada Eugeniu Carada","highway":"pedestrian","lungime":4.1},"geometry":{"type":"LineString","coordinates":[[26.0995547,44.4337337],[26.099528800216774,44.43370147088444]]}},{"type":"Feature","properties":{"building_uid":"andgnf","street_name":"Strada Drobeta","highway":"residential","lungime":26.6},"geometry":{"type":"LineString","coordinates":[[26.107044930206364,44.446461817427895],[26.107046992306074,44.44670091788941]]}},{"type":"Feature","properties":{"building_uid":"tyxxzp","street_name":"Strada Eforiei","highway":"residential","lungime":62.2},"geometry":{"type":"LineString","coordinates":[[26.09602802869365,44.433835693037494],[26.0958583,44.433823],[26.0956618,44.4338162],[26.0954462,44.4338147],[26.095247420425398,44.43380719739389]]}},{"type":"Feature","properties":{"building_uid":"lnn0fh","street_name":"Strada Episcopiei","highway":"tertiary","lungime":34.9},"geometry":{"type":"LineString","coordinates":[[26.097063283785406,44.44191647899602],[26.0968701,44.4416999],[26.09682333691586,44.44165340436861]]}},{"type":"Feature","properties":{"building_uid":"lnn0fh","street_name":"Strada Constantin Esarcu","highway":"residential","lungime":33.9},"geometry":{"type":"LineString","coordinates":[[26.09734900789176,44.441688572165795],[26.0970338,44.4415319],[26.09699874401138,44.441514534603044]]}},{"type":"Feature","properties":{"building_uid":"e7z298","street_name":"","highway":"pedestrian","lungime":19.9},"geometry":{"type":"LineString","coordinates":[[26.09837656484862,44.43247604483339],[26.0984101,44.4324649],[26.0984973,44.4324383],[26.0985026,44.4324316],[26.0985591,44.4324491],[26.098579866546913,44.432419817423764]]}},{"type":"Feature","properties":{"building_uid":"e7z298","street_name":"","highway":"pedestrian","lungime":4.7},"geometry":{"type":"LineString","coordinates":[[26.098771508645573,44.43285532265979],[26.09875188804915,44.4328156242494]]}},{"type":"Feature","properties":{"building_uid":"e7z298","street_name":"","highway":"pedestrian","lungime":26.3},"geometry":{"type":"LineString","coordinates":[[26.098717725145136,44.4327314249583],[26.0987199,44.4327308],[26.098598337607292,44.43251250950308]]}},{"type":"Feature","properties":{"building_uid":"e7z298","street_name":"","highway":"pedestrian","lungime":4.8},"geometry":{"type":"LineString","coordinates":[[26.098556461387947,44.432458338977035],[26.098555,44.4324558],[26.0985591,44.4324491],[26.098579866546913,44.432419817423764]]}},{"type":"Feature","properties":{"building_uid":"xidngi","street_name":"","highway":"pedestrian","lungime":49.4},"geometry":{"type":"LineString","coordinates":[[26.099056312559373,44.43044259437857],[26.0990698,44.4304377],[26.0991363,44.4304133],[26.0995203,44.4302703],[26.09960804224976,44.430238639068165]]}},{"type":"Feature","properties":{"building_uid":"czfowu","street_name":"Strada Franceză","highway":"pedestrian","lungime":4},"geometry":{"type":"LineString","coordinates":[[26.09872345484376,44.430494910540574],[26.09876848326921,44.430479681885004]]}},{"type":"Feature","properties":{"building_uid":"czfowu","street_name":"Strada Franceză","highway":"pedestrian","lungime":21.6},"geometry":{"type":"LineString","coordinates":[[26.098889572226792,44.430437054397295],[26.099132264568194,44.43034926368336]]}},{"type":"Feature","properties":{"building_uid":"czfowu","street_name":"Strada Nicolae Tonitza","highway":"pedestrian","lungime":8.7},"geometry":{"type":"LineString","coordinates":[[26.098575562680864,44.430445133553135],[26.0985681,44.4304397],[26.0985073,44.4304089],[26.09848638743033,44.430400023019274]]}},{"type":"Feature","properties":{"building_uid":"czfowu","street_name":"","highway":"pedestrian","lungime":5.3},"geometry":{"type":"LineString","coordinates":[[26.098670505543733,44.43049331497634],[26.0987049,44.4304529]]}},{"type":"Feature","properties":{"building_uid":"czfowu","street_name":"","highway":"pedestrian","lungime":4.6},"geometry":{"type":"LineString","coordinates":[[26.0984941,44.4303525],[26.098444423359595,44.43033056061799]]}},{"type":"Feature","properties":{"building_uid":"czfowu","street_name":"","highway":"pedestrian","lungime":5.3},"geometry":{"type":"LineString","coordinates":[[26.0987049,44.4304529],[26.098670505543733,44.43049331497634]]}},{"type":"Feature","properties":{"building_uid":"czfowu","street_name":"","highway":"pedestrian","lungime":4.7},"geometry":{"type":"LineString","coordinates":[[26.0991376436464,44.430304895421216],[26.0990858,44.4303247]]}},{"type":"Feature","properties":{"building_uid":"2gkl60","street_name":"","highway":"pedestrian","lungime":2.3},"geometry":{"type":"LineString","coordinates":[[26.099247416933146,44.430263094623186],[26.0992214,44.4302729]]}},{"type":"Feature","properties":{"building_uid":"2gkl60","street_name":"","highway":"pedestrian","lungime":2.3},"geometry":{"type":"LineString","coordinates":[[26.0990858,44.4303247],[26.099059331172707,44.43033359616187]]}},{"type":"Feature","properties":{"building_uid":"n948oy","street_name":"Strada Franceză","highway":"pedestrian","lungime":7.9},"geometry":{"type":"LineString","coordinates":[[26.09923030766429,44.43031379790248],[26.099318429747036,44.430281920915704]]}},{"type":"Feature","properties":{"building_uid":"n948oy","street_name":"","highway":"pedestrian","lungime":4.7},"geometry":{"type":"LineString","coordinates":[[26.099333283317744,44.43023067908832],[26.0992811,44.4302504]]}},{"type":"Feature","properties":{"building_uid":"n948oy","street_name":"","highway":"pedestrian","lungime":4.6},"geometry":{"type":"LineString","coordinates":[[26.0992214,44.4302729],[26.099170534794634,44.43029233080854]]}},{"type":"Feature","properties":{"building_uid":"r7hydj","street_name":"","highway":"pedestrian","lungime":3.5},"geometry":{"type":"LineString","coordinates":[[26.099320237490012,44.430235609315595],[26.0992811,44.4302504]]}},{"type":"Feature","properties":{"building_uid":"r7hydj","street_name":"","highway":"pedestrian","lungime":3.5},"geometry":{"type":"LineString","coordinates":[[26.0992214,44.4302729],[26.099182979043285,44.43028757703214]]}},{"type":"Feature","properties":{"building_uid":"byaqd2","street_name":"","highway":"pedestrian","lungime":2.3},"geometry":{"type":"LineString","coordinates":[[26.098958628732234,44.43047735660711],[26.0989852,44.4304684]]}},{"type":"Feature","properties":{"building_uid":"byaqd2","street_name":"","highway":"pedestrian","lungime":2.3},"geometry":{"type":"LineString","coordinates":[[26.0990698,44.4304377],[26.09909552423825,44.43042826133213]]}},{"type":"Feature","properties":{"building_uid":"r7l2aj","street_name":"Strada Franceză","highway":"pedestrian","lungime":31.4},"geometry":{"type":"LineString","coordinates":[[26.100510974617738,44.42988699124148],[26.1006279,44.4298728],[26.100721,44.429866],[26.10090236715444,44.429855787459495]]}},{"type":"Feature","properties":{"building_uid":"r7l2aj","street_name":"","highway":"steps","lungime":6.6},"geometry":{"type":"LineString","coordinates":[[26.1008081,44.4299127],[26.1007253,44.4299173]]}},{"type":"Feature","properties":{"building_uid":"r7l2aj","street_name":"","highway":"path","lungime":4.3},"geometry":{"type":"LineString","coordinates":[[26.100862330727526,44.42990959410048],[26.1008081,44.4299127]]}},{"type":"Feature","properties":{"building_uid":"r7l2aj","street_name":"","highway":"footway","lungime":34.2},"geometry":{"type":"LineString","coordinates":[[26.100370684236317,44.42951218729857],[26.1005088,44.4294818],[26.100782468244905,44.429425222201246]]}},{"type":"Feature","properties":{"building_uid":"r7l2aj","street_name":"","highway":"pedestrian","lungime":8.2},"geometry":{"type":"LineString","coordinates":[[26.10090073228428,44.42982335920577],[26.10079826781606,44.42982827529077]]}},{"type":"Feature","properties":{"building_uid":"r7l2aj","street_name":"","highway":"pedestrian","lungime":0},"geometry":{"type":"LineString","coordinates":[[26.100740338886673,44.42983083410975],[26.10073996218802,44.429830850559476]]}},{"type":"Feature","properties":{"building_uid":"r7l2aj","street_name":"","highway":"pedestrian","lungime":8.5},"geometry":{"type":"LineString","coordinates":[[26.10057482195232,44.42982901492044],[26.1004790877847,44.429862944930505]]}},{"type":"Feature","properties":{"building_uid":"r7l2aj","street_name":"","highway":"pedestrian","lungime":17.3},"geometry":{"type":"LineString","coordinates":[[26.100724823318306,44.42992874036068],[26.1007253,44.4299173],[26.1007263,44.4298926],[26.100893191622955,44.42988249623549]]}},{"type":"Feature","properties":{"building_uid":"4lw95t","street_name":"","highway":"pedestrian","lungime":2.3},"geometry":{"type":"LineString","coordinates":[[26.102955930795492,44.43093733176535],[26.1029314,44.4309483]]}},{"type":"Feature","properties":{"building_uid":"4lw95t","street_name":"","highway":"pedestrian","lungime":2.3},"geometry":{"type":"LineString","coordinates":[[26.1027394,44.4310266],[26.102714196523547,44.431037547760084]]}},{"type":"Feature","properties":{"building_uid":"oe9412","street_name":"","highway":"pedestrian","lungime":2.3},"geometry":{"type":"LineString","coordinates":[[26.10260290216516,44.431055632280824],[26.1025789,44.4310673]]}},{"type":"Feature","properties":{"building_uid":"oe9412","street_name":"","highway":"pedestrian","lungime":2.3},"geometry":{"type":"LineString","coordinates":[[26.1025213,44.4311243],[26.102496752454016,44.4311357849701]]}},{"type":"Feature","properties":{"building_uid":"oe9412","street_name":"Pasajul Francez","highway":"footway","lungime":8.6},"geometry":{"type":"LineString","coordinates":[[26.102440144097944,44.43089706913041],[26.10250590024664,44.430958380848864]]}},{"type":"Feature","properties":{"building_uid":"8hdgx0","street_name":"","highway":"residential","lungime":32.6},"geometry":{"type":"LineString","coordinates":[[26.07665802910372,44.44622549943048],[26.07695888594083,44.44602571897905]]}},{"type":"Feature","properties":{"building_uid":"8hdgx0","street_name":"","highway":"residential","lungime":33.3},"geometry":{"type":"LineString","coordinates":[[26.07698301152627,44.44600969866721],[26.077289802919683,44.44580597744333]]}},{"type":"Feature","properties":{"building_uid":"8hdgx0","street_name":"","highway":"residential","lungime":33.4},"geometry":{"type":"LineString","coordinates":[[26.077316958341314,44.44578794520433],[26.07762443761604,44.44558376720093]]}},{"type":"Feature","properties":{"building_uid":"8hdgx0","street_name":"","highway":"residential","lungime":33.8},"geometry":{"type":"LineString","coordinates":[[26.077644592589184,44.44557038352758],[26.077956211134136,44.44536345689038]]}},{"type":"Feature","properties":{"building_uid":"8hdgx0","street_name":"","highway":"residential","lungime":34},"geometry":{"type":"LineString","coordinates":[[26.077977279102335,44.445349466953374],[26.0781727,44.4452197],[26.07828991629564,44.445140638617495]]}},{"type":"Feature","properties":{"building_uid":"8hdgx0","street_name":"","highway":"service","lungime":0.3},"geometry":{"type":"LineString","coordinates":[[26.0760901980719,44.446109583007306],[26.0760936,44.4461097]]}},{"type":"Feature","properties":{"building_uid":"8hdgx0","street_name":"Strada Gării de Nord","highway":"tertiary","lungime":12.2},"geometry":{"type":"LineString","coordinates":[[26.0760936,44.4461097],[26.07597967778883,44.446182997301555]]}},{"type":"Feature","properties":{"building_uid":"8hdgx0","street_name":"Strada Gării de Nord","highway":"tertiary","lungime":39.5},"geometry":{"type":"LineString","coordinates":[[26.07645616375179,44.44586682851483],[26.0760936,44.4461097]]}},{"type":"Feature","properties":{"building_uid":"8hdgx0","street_name":"","highway":"footway","lungime":0.2},"geometry":{"type":"LineString","coordinates":[[26.0760936,44.4461097],[26.076091891555663,44.44610845809239]]}},{"type":"Feature","properties":{"building_uid":"dp89zn","street_name":"Strada George Enescu","highway":"residential","lungime":23.1},"geometry":{"type":"LineString","coordinates":[[26.09697913286729,44.443054977255976],[26.096739240007444,44.44293790773525]]}},{"type":"Feature","properties":{"building_uid":"9xbycj","street_name":"Strada Jules Michelet","highway":"residential","lungime":24.8},"geometry":{"type":"LineString","coordinates":[[26.098374011411597,44.44393565686178],[26.0983885,44.4439353],[26.0985042,44.4439358],[26.0985947,44.4439365],[26.098685345212342,44.443945119683974]]}},{"type":"Feature","properties":{"building_uid":"9xbycj","street_name":"Bulevardul General Gheorghe Magheru","highway":"primary","lungime":48},"geometry":{"type":"LineString","coordinates":[[26.098529421034115,44.443508748578566],[26.0983888,44.4438168],[26.0983714,44.4438534],[26.098339704023164,44.44391918109766]]}},{"type":"Feature","properties":{"building_uid":"9xbycj","street_name":"","highway":"footway","lungime":5.6},"geometry":{"type":"LineString","coordinates":[[26.098315706054336,44.443822640297824],[26.0983714,44.4438534]]}},{"type":"Feature","properties":{"building_uid":"udhj99","street_name":"Bulevardul General Gheorghe Magheru","highway":"primary","lungime":30.8},"geometry":{"type":"LineString","coordinates":[[26.097563580834933,44.44510118038982],[26.09769324699236,44.44483973638058]]}},{"type":"Feature","properties":{"building_uid":"y99vgs","street_name":"Bulevardul General Gheorghe Magheru","highway":"primary","lungime":15.6},"geometry":{"type":"LineString","coordinates":[[26.09772285693584,44.444780034277194],[26.09778840283369,44.444647875025595]]}},{"type":"Feature","properties":{"building_uid":"mpp5n2","street_name":"","highway":"service","lungime":29.1},"geometry":{"type":"LineString","coordinates":[[26.0997745,44.4417833],[26.100139549936785,44.4417824676928]]}},{"type":"Feature","properties":{"building_uid":"mpp5n2","street_name":"","highway":"service","lungime":0.5},"geometry":{"type":"LineString","coordinates":[[26.100227223282285,44.44126674126059],[26.1002273,44.4412709]]}},{"type":"Feature","properties":{"building_uid":"q50tim","street_name":"","highway":"service","lungime":11.6},"geometry":{"type":"LineString","coordinates":[[26.087514847297513,44.43777138788842],[26.087565975084384,44.43767331257398]]}},{"type":"Feature","properties":{"building_uid":"fq301x","street_name":"Piața General Gheorghe Angelescu","highway":"residential","lungime":37.8},"geometry":{"type":"LineString","coordinates":[[26.0871892,44.4445962],[26.0872427,44.444496],[26.087370812926906,44.444282093197685]]}},{"type":"Feature","properties":{"building_uid":"fq301x","street_name":"Calea Griviței","highway":"primary","lungime":20.3},"geometry":{"type":"LineString","coordinates":[[26.08702404717535,44.44463207664516],[26.0871892,44.4445962],[26.087269170836556,44.44458031639766]]}},{"type":"Feature","properties":{"building_uid":"09rwos","street_name":"","highway":"service","lungime":129.5},"geometry":{"type":"LineString","coordinates":[[26.049307983139336,44.47290878793323],[26.0494908,44.4726731],[26.0496752,44.4724354],[26.0496934,44.472429],[26.0497177,44.4724294],[26.0497395,44.4724368],[26.0501723,44.4726088],[26.050192,44.4726114],[26.0502111,44.4726081],[26.0502263,44.4726008],[26.050348874347037,44.47244478252865]]}},{"type":"Feature","properties":{"building_uid":"09rwos","street_name":"Strada Soveja","highway":"tertiary","lungime":26.9},"geometry":{"type":"LineString","coordinates":[[26.04930476250904,44.47290996766484],[26.049013307572732,44.472787122307295]]}},{"type":"Feature","properties":{"building_uid":"kit7sw","street_name":"Strada Ivo Andric","highway":"residential","lungime":24},"geometry":{"type":"LineString","coordinates":[[26.107028998659498,44.43457670561569],[26.106729243468315,44.43455411314536]]}},{"type":"Feature","properties":{"building_uid":"8jmhu1","street_name":"Strada Ioan Budai Deleanu","highway":"residential","lungime":7.3},"geometry":{"type":"LineString","coordinates":[[26.101130972276884,44.421398728908464],[26.1011714,44.4214012],[26.10122201314018,44.42139833510527]]}},{"type":"Feature","properties":{"building_uid":"fhi9sf","street_name":"Strada Pictor Ion Andreescu","highway":"residential","lungime":11.5},"geometry":{"type":"LineString","coordinates":[[26.12637622652012,44.44075811851599],[26.12644080072427,44.44066599829067]]}},{"type":"Feature","properties":{"building_uid":"fhi9sf","street_name":"Strada Lirei","highway":"residential","lungime":3.9},"geometry":{"type":"LineString","coordinates":[[26.12620001232031,44.44078865195461],[26.1261548805045,44.44077416106919]]}},{"type":"Feature","properties":{"building_uid":"8sxk27","street_name":"Strada Ion Brezoianu","highway":"residential","lungime":30.3},"geometry":{"type":"LineString","coordinates":[[26.094712268049744,44.433395651388416],[26.094712472117923,44.43366881704965]]}},{"type":"Feature","properties":{"building_uid":"yfk8us","street_name":"Strada Ion Brezoianu","highway":"residential","lungime":19.6},"geometry":{"type":"LineString","coordinates":[[26.094466110526845,44.43731588633435],[26.0944267,44.4373722],[26.0943815,44.4374195],[26.094331706951216,44.43746227148905]]}},{"type":"Feature","properties":{"building_uid":"cbwti6","street_name":"Strada Ion Brezoianu","highway":"residential","lungime":22.7},"geometry":{"type":"LineString","coordinates":[[26.09441411462702,44.43738537009163],[26.0943815,44.4374195],[26.09423599886671,44.43754448331158]]}},{"type":"Feature","properties":{"building_uid":"1gwbxt","street_name":"Strada Ion Câmpineanu","highway":"tertiary","lungime":32.4},"geometry":{"type":"LineString","coordinates":[[26.099361133964024,44.43745222991655],[26.099753187762275,44.43753021336961]]}},{"type":"Feature","properties":{"building_uid":"fqpbs4","street_name":"Strada Ion Câmpineanu","highway":"tertiary","lungime":26.9},"geometry":{"type":"LineString","coordinates":[[26.099120241907514,44.4374043140579],[26.099446169451518,44.43746914433232]]}},{"type":"Feature","properties":{"building_uid":"3uac8g","street_name":"Strada Ion Câmpineanu","highway":"tertiary","lungime":33.8},"geometry":{"type":"LineString","coordinates":[[26.096726309502483,44.43709016267747],[26.0971221,44.437148],[26.097142805139693,44.437151051225456]]}},{"type":"Feature","properties":{"building_uid":"3uac8g","street_name":"","highway":"service","lungime":39.7},"geometry":{"type":"LineString","coordinates":[[26.0971221,44.437148],[26.097015,44.4374974]]}},{"type":"Feature","properties":{"building_uid":"3uac8g","street_name":"","highway":"steps","lungime":2.8},"geometry":{"type":"LineString","coordinates":[[26.097015,44.4374974],[26.097046636096152,44.437509251684375]]}},{"type":"Feature","properties":{"building_uid":"j56ix5","street_name":"Strada General Florescu Ion Emanoil","highway":"residential","lungime":27.4},"geometry":{"type":"LineString","coordinates":[[26.106388989943817,44.433632816150904],[26.1065854,44.4335683],[26.10670264658714,44.43353016515733]]}},{"type":"Feature","properties":{"building_uid":"h9cecy","street_name":"Strada Ion Ghica","highway":"residential","lungime":40.2},"geometry":{"type":"LineString","coordinates":[[26.102487842607125,44.43446452422569],[26.1021262,44.4343475],[26.102029082915713,44.43431270267907]]}},{"type":"Feature","properties":{"building_uid":"h9cecy","street_name":"Strada Ion Nistor","highway":"service","lungime":0.4},"geometry":{"type":"LineString","coordinates":[[26.1021262,44.4343475],[26.102125087033656,44.43435136562964]]}},{"type":"Feature","properties":{"building_uid":"vyb8zj","street_name":"Strada Armand Călinescu","highway":"residential","lungime":13.5},"geometry":{"type":"LineString","coordinates":[[26.109533337778583,44.4375291261851],[26.109461416791888,44.43763936265125]]}},{"type":"Feature","properties":{"building_uid":"vyb8zj","street_name":"Intrarea Italiană","highway":"residential","lungime":24.1},"geometry":{"type":"LineString","coordinates":[[26.109510893922415,44.437469364700306],[26.10924260976395,44.43736925760607]]}},{"type":"Feature","properties":{"building_uid":"g5sshy","street_name":"Strada Jean Louis Calderon","highway":"tertiary","lungime":5.6},"geometry":{"type":"LineString","coordinates":[[26.10495922521487,44.43945492582463],[26.10494518343815,44.439504046358806]]}},{"type":"Feature","properties":{"building_uid":"g5sshy","street_name":"Strada Jean Louis Calderon","highway":"tertiary","lungime":2.8},"geometry":{"type":"LineString","coordinates":[[26.104913486807064,44.439614926590124],[26.104906330873273,44.439639959269215]]}},{"type":"Feature","properties":{"building_uid":"pfwg7a","street_name":"Strada Jean Louis Calderon","highway":"tertiary","lungime":30.9},"geometry":{"type":"LineString","coordinates":[[26.104442067223072,44.44144844872434],[26.1044416,44.4415083],[26.10443982345405,44.441726734399616]]}},{"type":"Feature","properties":{"building_uid":"pfwg7a","street_name":"","highway":"footway","lungime":10.8},"geometry":{"type":"LineString","coordinates":[[26.103918937815806,44.44176091013869],[26.1039304,44.4417533],[26.1039397,44.4417034],[26.1039440045049,44.441667480487375]]}},{"type":"Feature","properties":{"building_uid":"pfwg7a","street_name":"","highway":"footway","lungime":12.1},"geometry":{"type":"LineString","coordinates":[[26.10395950719298,44.44154461433258],[26.1039689,44.4414952],[26.1039211,44.4414568],[26.10391227569302,44.44145240902485]]}},{"type":"Feature","properties":{"building_uid":"7sx81a","street_name":"","highway":"footway","lungime":7.5},"geometry":{"type":"LineString","coordinates":[[26.10383127763507,44.44177572198376],[26.1038608,44.4417734],[26.103906,44.4417695],[26.103919684337313,44.44176041449736]]}},{"type":"Feature","properties":{"building_uid":"7sx81a","street_name":"","highway":"footway","lungime":2.1},"geometry":{"type":"LineString","coordinates":[[26.103937535154962,44.44171501567392],[26.1039397,44.4417034],[26.103940572446458,44.4416961197547]]}},{"type":"Feature","properties":{"building_uid":"7sx81a","street_name":"","highway":"footway","lungime":7},"geometry":{"type":"LineString","coordinates":[[26.10394387209223,44.44166858542246],[26.103951416665634,44.44160562872802]]}},{"type":"Feature","properties":{"building_uid":"x1oc45","street_name":"Strada Dimitrie D. Gerota","highway":"residential","lungime":38.8},"geometry":{"type":"LineString","coordinates":[[26.10519395846352,44.43650814327622],[26.1051726,44.4364663],[26.105026424184146,44.43617984962873]]}},{"type":"Feature","properties":{"building_uid":"x1oc45","street_name":"","highway":"service","lungime":2},"geometry":{"type":"LineString","coordinates":[[26.1051726,44.4364663],[26.105150725900415,44.43647574987443]]}},{"type":"Feature","properties":{"building_uid":"x1oc45","street_name":"","highway":"footway","lungime":38.4},"geometry":{"type":"LineString","coordinates":[[26.10557254340459,44.43621236524175],[26.105104098122087,44.436127819054825]]}},{"type":"Feature","properties":{"building_uid":"92kfsw","street_name":"Strada Jules Michelet","highway":"residential","lungime":41.8},"geometry":{"type":"LineString","coordinates":[[26.09840198813365,44.44393535828925],[26.0985042,44.4439358],[26.0985947,44.4439365],[26.09892383100919,44.443967797905444]]}},{"type":"Feature","properties":{"building_uid":"92kfsw","street_name":"","highway":"footway","lungime":7.5},"geometry":{"type":"LineString","coordinates":[[26.098365,44.4440645],[26.098366689078144,44.44399656738843]]}},{"type":"Feature","properties":{"building_uid":"92kfsw","street_name":"Strada George Enescu","highway":"tertiary","lungime":17.1},"geometry":{"type":"LineString","coordinates":[[26.09849859059359,44.44418102141361],[26.0984088,44.4441027],[26.098365,44.4440645],[26.098362528221113,44.44406241183541]]}},{"type":"Feature","properties":{"building_uid":"uaydxo","street_name":"","highway":"pedestrian","lungime":3.5},"geometry":{"type":"LineString","coordinates":[[26.098005563719585,44.43260266165339],[26.0980436,44.4325867]]}},{"type":"Feature","properties":{"building_uid":"uaydxo","street_name":"","highway":"pedestrian","lungime":3.5},"geometry":{"type":"LineString","coordinates":[[26.0984101,44.4324649],[26.09845021878317,44.432452661930824]]}},{"type":"Feature","properties":{"building_uid":"hzwhsx","street_name":"Strada Lipscani","highway":"pedestrian","lungime":17.3},"geometry":{"type":"LineString","coordinates":[[26.10021559892584,44.43196584371442],[26.10000172185999,44.431995763455625]]}},{"type":"Feature","properties":{"building_uid":"hzwhsx","street_name":"","highway":"pedestrian","lungime":5.9},"geometry":{"type":"LineString","coordinates":[[26.09997632123964,44.43204664489514],[26.1000482566279,44.43203530683608]]}},{"type":"Feature","properties":{"building_uid":"hzwhsx","street_name":"","highway":"pedestrian","lungime":5.8},"geometry":{"type":"LineString","coordinates":[[26.100192344717414,44.432014807864626],[26.1001924,44.4320148],[26.100263393457766,44.43200541803078]]}},{"type":"Feature","properties":{"building_uid":"fcyl69","street_name":"","highway":"pedestrian","lungime":10.1},"geometry":{"type":"LineString","coordinates":[[26.101083118858313,44.431884346551364],[26.1010869,44.4318838],[26.1011488,44.4318752],[26.101207880922917,44.43186825799156]]}},{"type":"Feature","properties":{"building_uid":"9daxfr","street_name":"","highway":"pedestrian","lungime":4.6},"geometry":{"type":"LineString","coordinates":[[26.101609771130455,44.431831051266364],[26.1016125,44.4318308],[26.1016116,44.4318258],[26.1016327,44.431824],[26.1016336,44.4318293],[26.10165298497847,44.43182812642292]]}},{"type":"Feature","properties":{"building_uid":"9daxfr","street_name":"","highway":"pedestrian","lungime":3.5},"geometry":{"type":"LineString","coordinates":[[26.101732850959948,44.43182340859166],[26.1017678,44.4318219],[26.10177680627332,44.43182185222136]]}},{"type":"Feature","properties":{"building_uid":"rwvqy5","street_name":"","highway":"pedestrian","lungime":3.5},"geometry":{"type":"LineString","coordinates":[[26.101875015267222,44.43182070146621],[26.1019189,44.4318196]]}},{"type":"Feature","properties":{"building_uid":"rwvqy5","street_name":"","highway":"pedestrian","lungime":3.5},"geometry":{"type":"LineString","coordinates":[[26.1019703,44.4318174],[26.1020136,44.4318156],[26.102014165267246,44.431815194808436]]}},{"type":"Feature","properties":{"building_uid":"uznvie","street_name":"Strada Sfânta Vineri","highway":"living_street","lungime":3.8},"geometry":{"type":"LineString","coordinates":[[26.10437136082187,44.431450212124375],[26.1043258,44.4314594]]}},{"type":"Feature","properties":{"building_uid":"uznvie","street_name":"Strada Jaques M. Elias","highway":"living_street","lungime":0.7},"geometry":{"type":"LineString","coordinates":[[26.1043258,44.4314594],[26.10432858156709,44.431465435575916]]}},{"type":"Feature","properties":{"building_uid":"uznvie","street_name":"Strada Sfânta Vineri","highway":"pedestrian","lungime":19.3},"geometry":{"type":"LineString","coordinates":[[26.1043258,44.4314594],[26.1042366,44.4314858],[26.10409958229112,44.43152310054239]]}},{"type":"Feature","properties":{"building_uid":"uznvie","street_name":"","highway":"footway","lungime":6.2},"geometry":{"type":"LineString","coordinates":[[26.10387955020899,44.43132354478349],[26.10388015196753,44.431267697998294]]}},{"type":"Feature","properties":{"building_uid":"vz7l0g","street_name":"","highway":"pedestrian","lungime":8.6},"geometry":{"type":"LineString","coordinates":[[26.10182491574586,44.43174166487863],[26.1017959,44.4317427],[26.1017463,44.4317439],[26.101717115605766,44.43174424200462]]}},{"type":"Feature","properties":{"building_uid":"joxede","street_name":"Piața Roma","highway":"pedestrian","lungime":2.3},"geometry":{"type":"LineString","coordinates":[[26.102903980779107,44.43177705228833],[26.1029027,44.4317977]]}},{"type":"Feature","properties":{"building_uid":"joxede","street_name":"Piața Roma","highway":"pedestrian","lungime":2.5},"geometry":{"type":"LineString","coordinates":[[26.1029454,44.4318023],[26.102973517437114,44.431811672479036]]}},{"type":"Feature","properties":{"building_uid":"joxede","street_name":"","highway":"pedestrian","lungime":2.3},"geometry":{"type":"LineString","coordinates":[[26.10287332577503,44.43179745190688],[26.1029027,44.4317977]]}},{"type":"Feature","properties":{"building_uid":"joxede","street_name":"","highway":"pedestrian","lungime":2.3},"geometry":{"type":"LineString","coordinates":[[26.1029027,44.4317977],[26.102903980779107,44.43177705228833]]}},{"type":"Feature","properties":{"building_uid":"kfhx1a","street_name":"","highway":"pedestrian","lungime":33.2},"geometry":{"type":"LineString","coordinates":[[26.100152279515562,44.432020507633105],[26.1001924,44.4320148],[26.1002658,44.4320051],[26.1004026,44.4319869],[26.1004737,44.4319783],[26.100563020046177,44.431967902588376]]}},{"type":"Feature","properties":{"building_uid":"rwe2lu","street_name":"Strada Lipscani","highway":"pedestrian","lungime":12.8},"geometry":{"type":"LineString","coordinates":[[26.100281567600035,44.43195661520902],[26.10012379684019,44.43197868611355]]}},{"type":"Feature","properties":{"building_uid":"rwe2lu","street_name":"","highway":"pedestrian","lungime":4.7},"geometry":{"type":"LineString","coordinates":[[26.1002987049041,44.43190997080157],[26.1002469,44.4319151],[26.100240574467573,44.43191580775188]]}},{"type":"Feature","properties":{"building_uid":"rwe2lu","street_name":"","highway":"pedestrian","lungime":4.7},"geometry":{"type":"LineString","coordinates":[[26.100036372638485,44.43193857165953],[26.1000074,44.4319418],[26.099977797834885,44.431943747848095]]}},{"type":"Feature","properties":{"building_uid":"53t4im","street_name":"Strada Logofătul Luca Stroici","highway":"residential","lungime":32.6},"geometry":{"type":"LineString","coordinates":[[26.1088414,44.4400923],[26.10919757913739,44.440237483155215]]}},{"type":"Feature","properties":{"building_uid":"53t4im","street_name":"Strada Logofăt Luca Stroici","highway":"residential","lungime":2.9},"geometry":{"type":"LineString","coordinates":[[26.1088414,44.4400923],[26.108807560911384,44.44008289738301]]}},{"type":"Feature","properties":{"building_uid":"53t4im","street_name":"Strada Marin Serghiescu","highway":"residential","lungime":10},"geometry":{"type":"LineString","coordinates":[[26.108955634719685,44.440054447075134],[26.1088414,44.4400923]]}},{"type":"Feature","properties":{"building_uid":"1qowiz","street_name":"Intrarea Roma","highway":"residential","lungime":0.7},"geometry":{"type":"LineString","coordinates":[[26.0936177,44.4546793],[26.09362648659561,44.45468030682344]]}},{"type":"Feature","properties":{"building_uid":"vpljqr","street_name":"Strada Sfântul Spiridon","highway":"residential","lungime":40.4},"geometry":{"type":"LineString","coordinates":[[26.10711850066645,44.441640812075775],[26.1071192,44.4419546],[26.10711808119214,44.44200438694982]]}},{"type":"Feature","properties":{"building_uid":"vpljqr","street_name":"","highway":"service","lungime":9.7},"geometry":{"type":"LineString","coordinates":[[26.10675930728306,44.441972503864214],[26.10687345584616,44.44200374796141]]}},{"type":"Feature","properties":{"building_uid":"vpljqr","street_name":"","highway":"service","lungime":11.6},"geometry":{"type":"LineString","coordinates":[[26.106891946072032,44.44200880900115],[26.107028039711153,44.44204605978008]]}},{"type":"Feature","properties":{"building_uid":"g823ru","street_name":"Strada Bâlciului","highway":"residential","lungime":15.6},"geometry":{"type":"LineString","coordinates":[[26.129676323057907,44.438325462982576],[26.129488981546242,44.438283037042275]]}},{"type":"Feature","properties":{"building_uid":"3fswdy","street_name":"Strada Mihai Eminescu","highway":"secondary","lungime":14.1},"geometry":{"type":"LineString","coordinates":[[26.116840940461316,44.44535777909712],[26.1168303,44.4453666],[26.116724801028912,44.44545404686302]]}},{"type":"Feature","properties":{"building_uid":"3fswdy","street_name":"","highway":"footway","lungime":16.4},"geometry":{"type":"LineString","coordinates":[[26.1170631,44.4455003],[26.1169026,44.4454081]]}},{"type":"Feature","properties":{"building_uid":"3fswdy","street_name":"","highway":"footway","lungime":7.4},"geometry":{"type":"LineString","coordinates":[[26.1169026,44.4454081],[26.1168303,44.4453666]]}},{"type":"Feature","properties":{"building_uid":"3fswdy","street_name":"","highway":"footway","lungime":2.1},"geometry":{"type":"LineString","coordinates":[[26.117083631417724,44.44551205890288],[26.1170631,44.4455003]]}},{"type":"Feature","properties":{"building_uid":"mlzqm0","street_name":"","highway":"footway","lungime":35.2},"geometry":{"type":"LineString","coordinates":[[26.085642208229295,44.434433731644724],[26.0860837333416,44.43444556425934]]}},{"type":"Feature","properties":{"building_uid":"lthj4i","street_name":"","highway":"footway","lungime":19.9},"geometry":{"type":"LineString","coordinates":[[26.085275126025884,44.4344238940565],[26.085524991043997,44.43443059029276]]}},{"type":"Feature","properties":{"building_uid":"2vlmlt","street_name":"","highway":"footway","lungime":30},"geometry":{"type":"LineString","coordinates":[[26.0845216,44.4344037],[26.08489855059313,44.43441380205529]]}},{"type":"Feature","properties":{"building_uid":"2vlmlt","street_name":"","highway":"footway","lungime":2.9},"geometry":{"type":"LineString","coordinates":[[26.0845216,44.4344037],[26.084520103179916,44.4344296279682]]}},{"type":"Feature","properties":{"building_uid":"2vlmlt","street_name":"","highway":"footway","lungime":5.2},"geometry":{"type":"LineString","coordinates":[[26.084456825740123,44.43440271007244],[26.0845216,44.4344037]]}},{"type":"Feature","properties":{"building_uid":"i24afv","street_name":"","highway":"footway","lungime":27.1},"geometry":{"type":"LineString","coordinates":[[26.084898618935405,44.434574363597555],[26.08455795669904,44.43457110684477]]}},{"type":"Feature","properties":{"building_uid":"ksgwln","street_name":"","highway":"footway","lungime":35.1},"geometry":{"type":"LineString","coordinates":[[26.082811759878744,44.43437624980248],[26.08325289761559,44.43438386296073]]}},{"type":"Feature","properties":{"building_uid":"iclvw9","street_name":"","highway":"footway","lungime":41.5},"geometry":{"type":"LineString","coordinates":[[26.081876729817168,44.43436011304694],[26.08239745255545,44.434369099683714]]}},{"type":"Feature","properties":{"building_uid":"q5s27i","street_name":"","highway":"footway","lungime":47.7},"geometry":{"type":"LineString","coordinates":[[26.081498188630746,44.43435358018042],[26.082096762947323,44.43436391038029]]}},{"type":"Feature","properties":{"building_uid":"q5s27i","street_name":"","highway":"unclassified","lungime":7.5},"geometry":{"type":"LineString","coordinates":[[26.08148640942358,44.43424774975013],[26.0814913,44.4343149]]}},{"type":"Feature","properties":{"building_uid":"q5s27i","street_name":"","highway":"unclassified","lungime":2.7},"geometry":{"type":"LineString","coordinates":[[26.0814913,44.4343149],[26.081493280026752,44.43433910246293]]}},{"type":"Feature","properties":{"building_uid":"q2sj89","street_name":"Strada Mircea Vulcănescu","highway":"secondary","lungime":13.3},"geometry":{"type":"LineString","coordinates":[[26.085413718958925,44.443572601533766],[26.08524994922684,44.44354670529502]]}},{"type":"Feature","properties":{"building_uid":"70qhpv","street_name":"Strada Mircea Vulcănescu","highway":"secondary","lungime":21},"geometry":{"type":"LineString","coordinates":[[26.081984908535414,44.44303781669776],[26.0819705,44.4430356],[26.081726495360037,44.443000139374234]]}},{"type":"Feature","properties":{"building_uid":"70qhpv","street_name":"Strada Horațiu","highway":"residential","lungime":14.8},"geometry":{"type":"LineString","coordinates":[[26.0820146394971,44.443165485556854],[26.0819705,44.4430356]]}},{"type":"Feature","properties":{"building_uid":"70qhpv","street_name":"Strada Horațiu","highway":"residential","lungime":0.6},"geometry":{"type":"LineString","coordinates":[[26.0819705,44.4430356],[26.0819724324107,44.44303020129624]]}},{"type":"Feature","properties":{"building_uid":"p1ebji","street_name":"Strada Mircea Vulcănescu","highway":"secondary","lungime":23.7},"geometry":{"type":"LineString","coordinates":[[26.080407641638814,44.442783575803176],[26.0801153813506,44.44274075257939]]}},{"type":"Feature","properties":{"building_uid":"rbknqk","street_name":"","highway":"service","lungime":8.7},"geometry":{"type":"LineString","coordinates":[[26.115327351079127,44.439677674792435],[26.1152477,44.4397315]]}},{"type":"Feature","properties":{"building_uid":"rbknqk","street_name":"","highway":"service","lungime":1.5},"geometry":{"type":"LineString","coordinates":[[26.1152477,44.4397315],[26.115236698173124,44.439742406158814]]}},{"type":"Feature","properties":{"building_uid":"rbknqk","street_name":"","highway":"service","lungime":9.2},"geometry":{"type":"LineString","coordinates":[[26.11523493868746,44.43974415034461],[26.1151672,44.4398113]]}},{"type":"Feature","properties":{"building_uid":"rbknqk","street_name":"","highway":"service","lungime":16.7},"geometry":{"type":"LineString","coordinates":[[26.115134669619955,44.439785687973355],[26.1151672,44.4398113],[26.1152686,44.4399014]]}},{"type":"Feature","properties":{"building_uid":"dgd3qd","street_name":"","highway":"service","lungime":30},"geometry":{"type":"LineString","coordinates":[[26.1013794,44.4370149],[26.101250771307644,44.437268718114865]]}},{"type":"Feature","properties":{"building_uid":"dgd3qd","street_name":"","highway":"service","lungime":0},"geometry":{"type":"LineString","coordinates":[[26.101379481100405,44.43701492086614],[26.1013794,44.4370149],[26.10137944702642,44.437014811787044]]}},{"type":"Feature","properties":{"building_uid":"dgd3qd","street_name":"","highway":"footway","lungime":21.7},"geometry":{"type":"LineString","coordinates":[[26.1010998140112,44.43691374193325],[26.101357389802786,44.436977072905464]]}},{"type":"Feature","properties":{"building_uid":"wtjuvr","street_name":"Bulevardul Nicolae Bălcescu","highway":"primary","lungime":22.3},"geometry":{"type":"LineString","coordinates":[[26.100369795662477,44.43972820015906],[26.100271974908193,44.439916687385754]]}},{"type":"Feature","properties":{"building_uid":"wtjuvr","street_name":"","highway":"footway","lungime":39.6},"geometry":{"type":"LineString","coordinates":[[26.10046989457427,44.439693057289965],[26.10029761033397,44.44002765164037]]}},{"type":"Feature","properties":{"building_uid":"97lla9","street_name":"Bulevardul Nicolae Bălcescu","highway":"primary","lungime":0.8},"geometry":{"type":"LineString","coordinates":[[26.100267141650026,44.4399260004138],[26.100263647393206,44.43993273336921]]}},{"type":"Feature","properties":{"building_uid":"97lla9","street_name":"","highway":"footway","lungime":46.4},"geometry":{"type":"LineString","coordinates":[[26.10038518339404,44.43985757542739],[26.100183564752665,44.44024914031008]]}},{"type":"Feature","properties":{"building_uid":"h9ums0","street_name":"Strada Nicolae Golescu","highway":"living_street","lungime":33.1},"geometry":{"type":"LineString","coordinates":[[26.09799298933374,44.44105463437965],[26.0980387,44.4409835],[26.0980822,44.4409256],[26.098191777097078,44.440793231324854]]}},{"type":"Feature","properties":{"building_uid":"js05ok","street_name":"","highway":"footway","lungime":8.2},"geometry":{"type":"LineString","coordinates":[[26.1649477,44.4205997],[26.1648677,44.4205949],[26.164845074764955,44.42059296048343]]}},{"type":"Feature","properties":{"building_uid":"js05ok","street_name":"","highway":"footway","lungime":42},"geometry":{"type":"LineString","coordinates":[[26.164798711329233,44.420768489877545],[26.1648139,44.4207504],[26.1648677,44.4205949],[26.1648999,44.4204605],[26.16489603108553,44.420400144934234]]}},{"type":"Feature","properties":{"building_uid":"js05ok","street_name":"","highway":"service","lungime":26.4},"geometry":{"type":"LineString","coordinates":[[26.164779662711595,44.42096010028606],[26.1648394,44.4209654],[26.165108330304143,44.420989155812435]]}},{"type":"Feature","properties":{"building_uid":"js05ok","street_name":"","highway":"service","lungime":83.1},"geometry":{"type":"LineString","coordinates":[[26.165386833376477,44.421007065245135],[26.1654577,44.4210087],[26.1655451,44.4209933],[26.1656205,44.4209539],[26.1656428,44.4209164],[26.165771601523172,44.42039962315703]]}},{"type":"Feature","properties":{"building_uid":"qmdzh5","street_name":"Strada Nicolae Iorga","highway":"residential","lungime":25.1},"geometry":{"type":"LineString","coordinates":[[26.0924715,44.4476601],[26.0923884,44.4476818],[26.0923118,44.4476968],[26.0922378,44.4477072],[26.092166674237934,44.44771580804095]]}},{"type":"Feature","properties":{"building_uid":"qmdzh5","street_name":"Strada Henri Coandă","highway":"residential","lungime":1.1},"geometry":{"type":"LineString","coordinates":[[26.0924715,44.4476601],[26.092470151132108,44.4476700750956]]}},{"type":"Feature","properties":{"building_uid":"qmdzh5","street_name":"Strada Henri Coandă","highway":"residential","lungime":8.5},"geometry":{"type":"LineString","coordinates":[[26.0924715,44.4476601],[26.092545624796156,44.44760450640288]]}},{"type":"Feature","properties":{"building_uid":"53w9xp","street_name":"","highway":"pedestrian","lungime":18.6},"geometry":{"type":"LineString","coordinates":[[26.099077649124617,44.43078605728296],[26.0990474,44.43074],[26.0989896,44.4306487],[26.098980302426188,44.43063432080181]]}},{"type":"Feature","properties":{"building_uid":"mu770e","street_name":"Strada Ion C. Filitti","highway":"pedestrian","lungime":1.8},"geometry":{"type":"LineString","coordinates":[[26.0981511,44.4302577],[26.098135389266492,44.43026985416982]]}},{"type":"Feature","properties":{"building_uid":"mu770e","street_name":"Strada Nicolae Tonitza","highway":"pedestrian","lungime":58.3},"geometry":{"type":"LineString","coordinates":[[26.098161852673122,44.43026226430145],[26.0981511,44.4302577],[26.0981425,44.4302521],[26.0979924,44.4301919],[26.097505475355018,44.430031690499796]]}},{"type":"Feature","properties":{"building_uid":"mu770e","street_name":"","highway":"pedestrian","lungime":8.9},"geometry":{"type":"LineString","coordinates":[[26.098154620795746,44.430265338634165],[26.0981511,44.4302577],[26.09805080426775,44.43026615867622]]}},{"type":"Feature","properties":{"building_uid":"mu770e","street_name":"","highway":"pedestrian","lungime":62.2},"geometry":{"type":"LineString","coordinates":[[26.098213339577548,44.430228503890135],[26.0981291,44.4301913],[26.0981026,44.4301796],[26.0976369,44.430029],[26.0975788,44.4300113],[26.0975651,44.4300152],[26.097532,44.4300042],[26.0975306,44.4299961],[26.097517168060737,44.429991872119395]]}},{"type":"Feature","properties":{"building_uid":"mu770e","street_name":"","highway":"pedestrian","lungime":3.8},"geometry":{"type":"LineString","coordinates":[[26.09765008918011,44.430136839590524],[26.0976519,44.4301338],[26.0976879,44.4301462],[26.09768648729176,44.430148621785555]]}},{"type":"Feature","properties":{"building_uid":"mu770e","street_name":"","highway":"pedestrian","lungime":28.7},"geometry":{"type":"LineString","coordinates":[[26.097721072290742,44.43015981706972],[26.0977537,44.4301693],[26.0977594,44.4301602],[26.0977913,44.4301698],[26.0977955,44.4301639],[26.0979791,44.4302221],[26.097975,44.430228],[26.0980064,44.4302387],[26.0980121,44.4302464],[26.09801142956356,44.43025380672637]]}},{"type":"Feature","properties":{"building_uid":"mu770e","street_name":"","highway":"pedestrian","lungime":8.9},"geometry":{"type":"LineString","coordinates":[[26.09805080426775,44.43026615867622],[26.0981511,44.4302577],[26.098154620795746,44.430265338634165]]}},{"type":"Feature","properties":{"building_uid":"ucv1c7","street_name":"Strada Ostașilor","highway":"residential","lungime":35},"geometry":{"type":"LineString","coordinates":[[26.085130920509375,44.43693702220853],[26.085372997705345,44.436674360475344]]}},{"type":"Feature","properties":{"building_uid":"lf1v9d","street_name":"Intrarea Sergent Ion Tancu","highway":"residential","lungime":25.2},"geometry":{"type":"LineString","coordinates":[[26.13024993960826,44.4407302802197],[26.130139732841812,44.44094297165218]]}},{"type":"Feature","properties":{"building_uid":"2qt53r","street_name":"","highway":"service","lungime":24.9},"geometry":{"type":"LineString","coordinates":[[26.06368597947022,44.4297607615752],[26.06347877840201,44.42959322153436]]}},{"type":"Feature","properties":{"building_uid":"81ajg6","street_name":"Strada Pătrașcu Vodă","highway":"living_street","lungime":21.1},"geometry":{"type":"LineString","coordinates":[[26.10454109538646,44.43333850458757],[26.104802344733486,44.433371852298336]]}},{"type":"Feature","properties":{"building_uid":"sdez99","street_name":"Strada Pătrașcu Vodă","highway":"living_street","lungime":23.1},"geometry":{"type":"LineString","coordinates":[[26.104710934754,44.433360184083305],[26.104996587749202,44.43339664684799]]}},{"type":"Feature","properties":{"building_uid":"ov7jjb","street_name":"Strada Pătrașcu Vodă","highway":"living_street","lungime":12.8},"geometry":{"type":"LineString","coordinates":[[26.104290455515947,44.43330651114527],[26.104448869634375,44.43332673224157]]}},{"type":"Feature","properties":{"building_uid":"t2ikan","street_name":"Strada Pitar Moș","highway":"residential","lungime":28.3},"geometry":{"type":"LineString","coordinates":[[26.100845870327817,44.44350956045199],[26.100827,44.4437637]]}},{"type":"Feature","properties":{"building_uid":"t2ikan","street_name":"Strada Pitar Moș","highway":"residential","lungime":10.2},"geometry":{"type":"LineString","coordinates":[[26.100827,44.4437637],[26.100814187357113,44.443854966869246]]}},{"type":"Feature","properties":{"building_uid":"t2ikan","street_name":"Strada Dionisie Lupu","highway":"residential","lungime":5.7},"geometry":{"type":"LineString","coordinates":[[26.100827,44.4437637],[26.10089698956438,44.44377263041919]]}},{"type":"Feature","properties":{"building_uid":"2x0j3b","street_name":"Strada Pitar Moș","highway":"residential","lungime":7.2},"geometry":{"type":"LineString","coordinates":[[26.10083179347212,44.443699143048455],[26.100827,44.4437637]]}},{"type":"Feature","properties":{"building_uid":"2x0j3b","street_name":"Strada Pitar Moș","highway":"residential","lungime":41.9},"geometry":{"type":"LineString","coordinates":[[26.100827,44.4437637],[26.1007994,44.4439603],[26.100774201501235,44.44413932217032]]}},{"type":"Feature","properties":{"building_uid":"2x0j3b","street_name":"Strada Dionisie Lupu","highway":"residential","lungime":5.6},"geometry":{"type":"LineString","coordinates":[[26.100827,44.4437637],[26.100896022129994,44.44377250697801]]}},{"type":"Feature","properties":{"building_uid":"2x0j3b","street_name":"Strada Jules Michelet","highway":"residential","lungime":18.5},"geometry":{"type":"LineString","coordinates":[[26.10043549564441,44.444112546000476],[26.1006664,44.4441346]]}},{"type":"Feature","properties":{"building_uid":"2x0j3b","street_name":"Strada Jules Michelet","highway":"residential","lungime":6.4},"geometry":{"type":"LineString","coordinates":[[26.1006664,44.4441346],[26.10074542290295,44.44414657993161]]}},{"type":"Feature","properties":{"building_uid":"2x0j3b","street_name":"","highway":"footway","lungime":6.7},"geometry":{"type":"LineString","coordinates":[[26.1007994,44.4439603],[26.1008515,44.4439655],[26.10088250977305,44.44396855366697]]}},{"type":"Feature","properties":{"building_uid":"vrhs0i","street_name":"Calea Plevnei","highway":"residential","lungime":57.1},"geometry":{"type":"LineString","coordinates":[[26.088810087664704,44.434054531030505],[26.0893371,44.4337057]]}},{"type":"Feature","properties":{"building_uid":"vrhs0i","street_name":"Calea Plevnei","highway":"residential","lungime":4.4},"geometry":{"type":"LineString","coordinates":[[26.0893371,44.4337057],[26.0893643,44.4336936],[26.08938566989775,44.43368791108524]]}},{"type":"Feature","properties":{"building_uid":"vrhs0i","street_name":"Splaiul Independenței","highway":"primary","lungime":11.2},"geometry":{"type":"LineString","coordinates":[[26.089284811227223,44.43354315656901],[26.089144690363877,44.433550947932105]]}},{"type":"Feature","properties":{"building_uid":"vrhs0i","street_name":"Calea Plevnei","highway":"residential","lungime":16.7},"geometry":{"type":"LineString","coordinates":[[26.0893371,44.4337057],[26.0893255,44.4336043],[26.08931993236408,44.43355625053931]]}},{"type":"Feature","properties":{"building_uid":"vrhs0i","street_name":"","highway":"footway","lungime":31.1},"geometry":{"type":"LineString","coordinates":[[26.089367494706995,44.433602100277255],[26.0893255,44.4336043],[26.088978378526168,44.43362372575234]]}},{"type":"Feature","properties":{"building_uid":"pe3lfh","street_name":"Strada Sfinții Apostoli","highway":"residential","lungime":13.4},"geometry":{"type":"LineString","coordinates":[[26.096404637150954,44.42774212948113],[26.096572139205513,44.427734600809934]]}},{"type":"Feature","properties":{"building_uid":"74f8f2","street_name":"Strada Poiana Narciselor","highway":"residential","lungime":29.3},"geometry":{"type":"LineString","coordinates":[[26.09152457699176,44.439554909561444],[26.091842979509064,44.4394231362936]]}},{"type":"Feature","properties":{"building_uid":"mnaf1z","street_name":"Strada Radu Calomfirescu","highway":"residential","lungime":22.8},"geometry":{"type":"LineString","coordinates":[[26.10770862212732,44.4324222456484],[26.107906332535787,44.43227428650268]]}},{"type":"Feature","properties":{"building_uid":"pfz8yn","street_name":"Strada Radu Cristian","highway":"residential","lungime":10.2},"geometry":{"type":"LineString","coordinates":[[26.10710002025175,44.435414224524756],[26.107049294467913,44.43549882989116]]}},{"type":"Feature","properties":{"building_uid":"qdjptj","street_name":"","highway":"footway","lungime":39.3},"geometry":{"type":"LineString","coordinates":[[26.096584847390037,44.4346701952148],[26.0969699,44.4346762],[26.0970780451988,44.43467788777843]]}},{"type":"Feature","properties":{"building_uid":"okhry5","street_name":"","highway":"footway","lungime":5},"geometry":{"type":"LineString","coordinates":[[26.0950559,44.4343219],[26.095058184220612,44.43427706484929]]}},{"type":"Feature","properties":{"building_uid":"okhry5","street_name":"","highway":"footway","lungime":5},"geometry":{"type":"LineString","coordinates":[[26.09523112426785,44.43432645891503],[26.0952033,44.4343372],[26.09517269660584,44.4343340233926]]}},{"type":"Feature","properties":{"building_uid":"okhry5","street_name":"","highway":"footway","lungime":2.4},"geometry":{"type":"LineString","coordinates":[[26.09508545659041,44.434324967950026],[26.0950559,44.4343219]]}},{"type":"Feature","properties":{"building_uid":"atsuil","street_name":"","highway":"footway","lungime":42.3},"geometry":{"type":"LineString","coordinates":[[26.08897964682503,44.43463765852628],[26.08844881531634,44.43463099277483]]}},{"type":"Feature","properties":{"building_uid":"8jrn4g","street_name":"","highway":"footway","lungime":29.5},"geometry":{"type":"LineString","coordinates":[[26.088884742882883,44.434515548380695],[26.08925568425029,44.43452063549695]]}},{"type":"Feature","properties":{"building_uid":"7mdvrs","street_name":"","highway":"footway","lungime":29.1},"geometry":{"type":"LineString","coordinates":[[26.096341465156847,44.446632987519884],[26.0964089,44.4466046],[26.0965274,44.4465735],[26.096502,44.4464597]]}},{"type":"Feature","properties":{"building_uid":"7mdvrs","street_name":"","highway":"footway","lungime":2},"geometry":{"type":"LineString","coordinates":[[26.096502,44.4464597],[26.096526673509576,44.44645884918932]]}},{"type":"Feature","properties":{"building_uid":"q617wm","street_name":"Bulevardul Dacia","highway":"secondary","lungime":35},"geometry":{"type":"LineString","coordinates":[[26.09732171485375,44.44684741223966],[26.0973303,44.4468481],[26.097365,44.4468487],[26.097762,44.4468532]]}},{"type":"Feature","properties":{"building_uid":"q617wm","street_name":"Bulevardul General Gheorghe Magheru","highway":"primary","lungime":51.6},"geometry":{"type":"LineString","coordinates":[[26.0972556,44.4461231],[26.0970698,44.4465049],[26.0970481,44.4465513],[26.0970435,44.4465619]]}},{"type":"Feature","properties":{"building_uid":"q617wm","street_name":"","highway":"service","lungime":7.9},"geometry":{"type":"LineString","coordinates":[[26.097762,44.4468532],[26.09776679771073,44.44678223386209]]}},{"type":"Feature","properties":{"building_uid":"q617wm","street_name":"","highway":"service","lungime":11.9},"geometry":{"type":"LineString","coordinates":[[26.0977758,44.4466751],[26.0977668,44.4467822]]}},{"type":"Feature","properties":{"building_uid":"q617wm","street_name":"","highway":"service","lungime":11.7},"geometry":{"type":"LineString","coordinates":[[26.0977758,44.4466751],[26.097786782458993,44.4465702674369]]}},{"type":"Feature","properties":{"building_uid":"q617wm","street_name":"","highway":"footway","lungime":1.5},"geometry":{"type":"LineString","coordinates":[[26.09703037716907,44.44654689404483],[26.0970481,44.4465513]]}},{"type":"Feature","properties":{"building_uid":"q617wm","street_name":"Bulevardul General Gheorghe Magheru","highway":"primary","lungime":1.3},"geometry":{"type":"LineString","coordinates":[[26.097261223351747,44.446111639073585],[26.0972556,44.4461231]]}},{"type":"Feature","properties":{"building_uid":"q617wm","street_name":"","highway":"footway","lungime":0.1},"geometry":{"type":"LineString","coordinates":[[26.0973303,44.4468481],[26.097330255238994,44.44684912074551]]}},{"type":"Feature","properties":{"building_uid":"q617wm","street_name":"Bulevardul Dacia","highway":"secondary","lungime":12.4},"geometry":{"type":"LineString","coordinates":[[26.097762,44.4468532],[26.097917576541974,44.44685509361662]]}},{"type":"Feature","properties":{"building_uid":"q617wm","street_name":"Bulevardul Dacia","highway":"secondary","lungime":2.2},"geometry":{"type":"LineString","coordinates":[[26.0970435,44.4465619],[26.097044673761765,44.44658193779013]]}},{"type":"Feature","properties":{"building_uid":"q617wm","street_name":"Bulevardul General Gheorghe Magheru","highway":"primary","lungime":1.1},"geometry":{"type":"LineString","coordinates":[[26.0970435,44.4465619],[26.09703867375278,44.446570924225576]]}},{"type":"Feature","properties":{"building_uid":"wnvw8c","street_name":"Intrarea Rondă","highway":"residential","lungime":1.5},"geometry":{"type":"LineString","coordinates":[[26.1253376,44.4377337],[26.125356960084112,44.43773365559614]]}},{"type":"Feature","properties":{"building_uid":"wnvw8c","street_name":"Strada Rondă","highway":"residential","lungime":25.6},"geometry":{"type":"LineString","coordinates":[[26.12532947392045,44.43760162088609],[26.1253376,44.4377337],[26.12534147180662,44.4378322938788]]}},{"type":"Feature","properties":{"building_uid":"6t2t87","street_name":"Strada Sapienței","highway":"residential","lungime":31.2},"geometry":{"type":"LineString","coordinates":[[26.09373225599132,44.431240363280786],[26.0937581,44.4312377],[26.0941198,44.4312004]]}},{"type":"Feature","properties":{"building_uid":"6t2t87","street_name":"","highway":"service","lungime":1.3},"geometry":{"type":"LineString","coordinates":[[26.0937581,44.4312377],[26.09375729721409,44.43124968943301]]}},{"type":"Feature","properties":{"building_uid":"6t2t87","street_name":"Strada Poliției","highway":"residential","lungime":27.5},"geometry":{"type":"LineString","coordinates":[[26.09414878142051,44.430959947698234],[26.0941198,44.4312004],[26.09412676065312,44.431204334600764]]}},{"type":"Feature","properties":{"building_uid":"deroez","street_name":"Strada Sapienței","highway":"residential","lungime":39.2},"geometry":{"type":"LineString","coordinates":[[26.093330094261233,44.43128180691371],[26.0937581,44.4312377],[26.093817299604524,44.43123159509193]]}},{"type":"Feature","properties":{"building_uid":"deroez","street_name":"","highway":"service","lungime":0.6},"geometry":{"type":"LineString","coordinates":[[26.0937581,44.4312377],[26.093757756403733,44.43124283153552]]}},{"type":"Feature","properties":{"building_uid":"e2vrwb","street_name":"Bulevardul Schitu Măgureanu","highway":"secondary","lungime":17.4},"geometry":{"type":"LineString","coordinates":[[26.08973272125273,44.43448336599416],[26.0897312,44.4344518],[26.089724227876882,44.43432720053412]]}},{"type":"Feature","properties":{"building_uid":"e2vrwb","street_name":"","highway":"footway","lungime":4.7},"geometry":{"type":"LineString","coordinates":[[26.0895156,44.4345242],[26.089516827918946,44.43456650180766]]}},{"type":"Feature","properties":{"building_uid":"e2vrwb","street_name":"","highway":"footway","lungime":15.6},"geometry":{"type":"LineString","coordinates":[[26.08971120492045,44.434526252423886],[26.0895156,44.4345242]]}},{"type":"Feature","properties":{"building_uid":"e2vrwb","street_name":"","highway":"footway","lungime":11.8},"geometry":{"type":"LineString","coordinates":[[26.089367900529734,44.434522174438975],[26.0895156,44.4345242]]}},{"type":"Feature","properties":{"building_uid":"j169r7","street_name":"Strada Semilunei","highway":"residential","lungime":26.9},"geometry":{"type":"LineString","coordinates":[[26.112067270268117,44.43899571647304],[26.1120798,44.438993],[26.1121617,44.438987],[26.11240372429108,44.43899298370091]]}},{"type":"Feature","properties":{"building_uid":"jvyad8","street_name":"Strada Șepcari","highway":"pedestrian","lungime":14.9},"geometry":{"type":"LineString","coordinates":[[26.103120298508166,44.43063760774033],[26.102996025418157,44.43053738308799]]}},{"type":"Feature","properties":{"building_uid":"jvyad8","street_name":"","highway":"pedestrian","lungime":12.1},"geometry":{"type":"LineString","coordinates":[[26.102936294225483,44.43054300710444],[26.1029508,44.4305542],[26.1030370727237,44.430624189461284]]}},{"type":"Feature","properties":{"building_uid":"jvyad8","street_name":"","highway":"pedestrian","lungime":4.7},"geometry":{"type":"LineString","coordinates":[[26.103062533820676,44.43064508668935],[26.103101062213703,44.430676783807016]]}},{"type":"Feature","properties":{"building_uid":"6sha34","street_name":"Strada Frigului","highway":"tertiary","lungime":18.2},"geometry":{"type":"LineString","coordinates":[[26.10143935700697,44.415672134600676],[26.101218169592823,44.415631625441264]]}},{"type":"Feature","properties":{"building_uid":"2ije4x","street_name":"Strada Sfânta Vineri","highway":"tertiary","lungime":21.1},"geometry":{"type":"LineString","coordinates":[[26.105926613156925,44.430995013974275],[26.1059868,44.4309583],[26.106071,44.4309024],[26.10611984849546,44.43086460890036]]}},{"type":"Feature","properties":{"building_uid":"2ije4x","street_name":"","highway":"footway","lungime":25.5},"geometry":{"type":"LineString","coordinates":[[26.105944884493454,44.431030717991696],[26.1060315,44.4309759],[26.106138,44.4309066],[26.106181353971877,44.4308761969414]]}},{"type":"Feature","properties":{"building_uid":"9f6btz","street_name":"","highway":"footway","lungime":22.7},"geometry":{"type":"LineString","coordinates":[[26.106089930996642,44.430937878703595],[26.106138,44.4309066],[26.1062478,44.4308296],[26.106295361764648,44.43079639941754]]}},{"type":"Feature","properties":{"building_uid":"aj4gux","street_name":"Strada Sfinții Apostoli","highway":"residential","lungime":0.9},"geometry":{"type":"LineString","coordinates":[[26.0943510845934,44.42903137887847],[26.094357880726953,44.42902523968982]]}},{"type":"Feature","properties":{"building_uid":"i7se77","street_name":"Strada Spătarului","highway":"residential","lungime":17.8},"geometry":{"type":"LineString","coordinates":[[26.11194476450126,44.43755391193949],[26.1118362,44.4374141]]}},{"type":"Feature","properties":{"building_uid":"i7se77","street_name":"Bulevardul Carol I","highway":"primary","lungime":11.3},"geometry":{"type":"LineString","coordinates":[[26.1117287,44.4372746],[26.111591187466303,44.43724924745106]]}},{"type":"Feature","properties":{"building_uid":"i7se77","street_name":"Bulevardul Carol I","highway":"primary","lungime":5.9},"geometry":{"type":"LineString","coordinates":[[26.111799988328226,44.43728774153526],[26.1117287,44.4372746]]}},{"type":"Feature","properties":{"building_uid":"i7se77","street_name":"Strada Spătarului","highway":"residential","lungime":17.7},"geometry":{"type":"LineString","coordinates":[[26.1118362,44.4374141],[26.1117911,44.43736],[26.1117287,44.4372746]]}},{"type":"Feature","properties":{"building_uid":"xlha50","street_name":"Strada Spătarului","highway":"residential","lungime":12.7},"geometry":{"type":"LineString","coordinates":[[26.112354886767154,44.43808015115754],[26.1122764,44.437981],[26.112275960960513,44.437980434594536]]}},{"type":"Feature","properties":{"building_uid":"xlha50","street_name":"Strada Pictor Rafael Sanzio","highway":"residential","lungime":0},"geometry":{"type":"LineString","coordinates":[[26.1122764,44.437981],[26.112275889933134,44.437980996095185]]}},{"type":"Feature","properties":{"building_uid":"dekjap","street_name":"Strada Speranței","highway":"residential","lungime":18.4},"geometry":{"type":"LineString","coordinates":[[26.10838302400578,44.4381074513668],[26.10827778322535,44.43796039080176]]}},{"type":"Feature","properties":{"building_uid":"jd60wa","street_name":"Strada Stelea Spătarul","highway":"residential","lungime":16.2},"geometry":{"type":"LineString","coordinates":[[26.106986049176587,44.43163969415107],[26.1069723,44.4316613],[26.1069378,44.4316896],[26.1068933,44.4317095],[26.1068427,44.4317195],[26.10683017358074,44.43171981712454]]}},{"type":"Feature","properties":{"building_uid":"jd60wa","street_name":"","highway":"service","lungime":3.8},"geometry":{"type":"LineString","coordinates":[[26.106819354616018,44.431775033244705],[26.10681913636283,44.431741223841826]]}},{"type":"Feature","properties":{"building_uid":"2eetca","street_name":"Strada Luterană","highway":"tertiary","lungime":0.2},"geometry":{"type":"LineString","coordinates":[[26.0930204,44.4404069],[26.093019453807926,44.44040817768557]]}},{"type":"Feature","properties":{"building_uid":"2eetca","street_name":"Strada Luterană","highway":"tertiary","lungime":8.8},"geometry":{"type":"LineString","coordinates":[[26.09307386249466,44.44033806164481],[26.0930204,44.4404069]]}},{"type":"Feature","properties":{"building_uid":"1wnejb","street_name":"Strada Pravăț","highway":"residential","lungime":2.9},"geometry":{"type":"LineString","coordinates":[[26.0418254,44.4244191],[26.041818405843102,44.424444647316236]]}},{"type":"Feature","properties":{"building_uid":"1wnejb","street_name":"","highway":"residential","lungime":134},"geometry":{"type":"LineString","coordinates":[[26.041557985247007,44.42438002996619],[26.0418254,44.4244191],[26.0427782,44.4245481],[26.0431942,44.4246049],[26.04320639193951,44.42461408194485]]}},{"type":"Feature","properties":{"building_uid":"1wnejb","street_name":"","highway":"footway","lungime":1.5},"geometry":{"type":"LineString","coordinates":[[26.0427782,44.4245481],[26.042775198573157,44.42456144518712]]}},{"type":"Feature","properties":{"building_uid":"x6t79y","street_name":"Strada Tache Ionescu","highway":"residential","lungime":36.2},"geometry":{"type":"LineString","coordinates":[[26.096861972128128,44.44406247934695],[26.09725513306874,44.44422588317331]]}},{"type":"Feature","properties":{"building_uid":"q5wwmv","street_name":"Strada Tudor Arghezi","highway":"tertiary","lungime":33.9},"geometry":{"type":"LineString","coordinates":[[26.1023507,44.4409789],[26.102459585354516,44.44068405314114]]}},{"type":"Feature","properties":{"building_uid":"q5wwmv","street_name":"Strada Școalei","highway":"residential","lungime":35.3},"geometry":{"type":"LineString","coordinates":[[26.102768636591744,44.440988027866844],[26.1023507,44.4409789],[26.10232529192639,44.440978060979496]]}},{"type":"Feature","properties":{"building_uid":"q5wwmv","street_name":"Strada Tudor Arghezi","highway":"tertiary","lungime":2.3},"geometry":{"type":"LineString","coordinates":[[26.102343830336753,44.44099933580494],[26.1023507,44.4409789]]}},{"type":"Feature","properties":{"building_uid":"912hyo","street_name":"Strada Tudor Arghezi","highway":"tertiary","lungime":29.3},"geometry":{"type":"LineString","coordinates":[[26.103756614010102,44.43880237170315],[26.1038916,44.4385732],[26.103898073160433,44.43855918404009]]}},{"type":"Feature","properties":{"building_uid":"912hyo","street_name":"","highway":"footway","lungime":6.3},"geometry":{"type":"LineString","coordinates":[[26.1040125,44.4385898],[26.1040368,44.4385547],[26.104047858720097,44.43853860894098]]}},{"type":"Feature","properties":{"building_uid":"912hyo","street_name":"","highway":"footway","lungime":26.9},"geometry":{"type":"LineString","coordinates":[[26.104211678902313,44.43860764281853],[26.10448384582419,44.438750778013386]]}},{"type":"Feature","properties":{"building_uid":"912hyo","street_name":"","highway":"footway","lungime":52.4},"geometry":{"type":"LineString","coordinates":[[26.10449485210455,44.438841318884926],[26.1040125,44.4385898],[26.1039525,44.4386006]]}},{"type":"Feature","properties":{"building_uid":"912hyo","street_name":"","highway":"footway","lungime":7},"geometry":{"type":"LineString","coordinates":[[26.103878951171286,44.43856630971699],[26.1038916,44.4385732],[26.1039525,44.4386006]]}},{"type":"Feature","properties":{"building_uid":"912hyo","street_name":"Strada Batiștei","highway":"tertiary","lungime":45.9},"geometry":{"type":"LineString","coordinates":[[26.104503592207855,44.4387977747319],[26.1040513,44.4385621],[26.1040368,44.4385547]]}},{"type":"Feature","properties":{"building_uid":"912hyo","street_name":"Strada Batiștei","highway":"tertiary","lungime":3.3},"geometry":{"type":"LineString","coordinates":[[26.1040368,44.4385547],[26.104003759709745,44.43853744462589]]}},{"type":"Feature","properties":{"building_uid":"uvhzpj","street_name":"Strada Vânători","highway":"residential","lungime":31.3},"geometry":{"type":"LineString","coordinates":[[26.09506517519617,44.42925180150457],[26.0947056,44.429242],[26.09467227304596,44.42924108503371]]}},{"type":"Feature","properties":{"building_uid":"uvhzpj","street_name":"","highway":"service","lungime":2.7},"geometry":{"type":"LineString","coordinates":[[26.094704738072487,44.42926604418627],[26.0947056,44.429242]]}},{"type":"Feature","properties":{"building_uid":"s3vpqs","street_name":"Strada Sfinții Apostoli","highway":"residential","lungime":8.9},"geometry":{"type":"LineString","coordinates":[[26.09431182149995,44.429066846624316],[26.094381147289848,44.429004222177774]]}},{"type":"Feature","properties":{"building_uid":"s3vpqs","street_name":"Strada Vânători","highway":"residential","lungime":28},"geometry":{"type":"LineString","coordinates":[[26.09476417123433,44.429243596567915],[26.0947056,44.429242],[26.09441225960221,44.42923394656146]]}},{"type":"Feature","properties":{"building_uid":"s3vpqs","street_name":"","highway":"service","lungime":0.1},"geometry":{"type":"LineString","coordinates":[[26.094705556524772,44.42924321277772],[26.0947056,44.429242]]}},{"type":"Feature","properties":{"building_uid":"mr6j7q","street_name":"Strada Vasile Lascăr","highway":"residential","lungime":32.1},"geometry":{"type":"LineString","coordinates":[[26.107512504469426,44.43764410214025],[26.107630580653833,44.43792074530079]]}},{"type":"Feature","properties":{"building_uid":"w2bitd","street_name":"Strada Italiană","highway":"residential","lungime":29.5},"geometry":{"type":"LineString","coordinates":[[26.10846418020586,44.43852010490341],[26.1084641,44.4385201],[26.1080942,44.4384983]]}},{"type":"Feature","properties":{"building_uid":"w2bitd","street_name":"Strada Vasile Lascăr","highway":"residential","lungime":18.6},"geometry":{"type":"LineString","coordinates":[[26.107889417380445,44.438606230654166],[26.1079157,44.4386779],[26.10794868853965,44.438767891406656]]}},{"type":"Feature","properties":{"building_uid":"w2bitd","street_name":"Strada Italiană","highway":"residential","lungime":6.5},"geometry":{"type":"LineString","coordinates":[[26.1080942,44.4384983],[26.1080353,44.4384949],[26.108012360463096,44.43849357973888]]}},{"type":"Feature","properties":{"building_uid":"gijzas","street_name":"Intrarea Victor Eftimiu","highway":"residential","lungime":49},"geometry":{"type":"LineString","coordinates":[[26.093040046309387,44.43669912601439],[26.093622780299924,44.43684120339235]]}},{"type":"Feature","properties":{"building_uid":"jpqm0p","street_name":"Pasajul Englez","highway":"footway","lungime":4.7},"geometry":{"type":"LineString","coordinates":[[26.0987119,44.4367694],[26.09876375082008,44.436789451224755]]}},{"type":"Feature","properties":{"building_uid":"jpqm0p","street_name":"Pasajul Englez","highway":"footway","lungime":4.7},"geometry":{"type":"LineString","coordinates":[[26.097951621617796,44.436623800717356],[26.0980098,44.4366315]]}},{"type":"Feature","properties":{"building_uid":"1n0hx8","street_name":"Strada Piața Amzei","highway":"residential","lungime":7.3},"geometry":{"type":"LineString","coordinates":[[26.0930469,44.4432875],[26.093128,44.4433004],[26.09313602124472,44.44330185051875]]}},{"type":"Feature","properties":{"building_uid":"1n0hx8","street_name":"Calea Victoriei","highway":"secondary","lungime":38.7},"geometry":{"type":"LineString","coordinates":[[26.092976135871677,44.44335729613438],[26.0930469,44.4432875],[26.093188,44.4431367],[26.093250052213694,44.443069135985084]]}},{"type":"Feature","properties":{"building_uid":"1n0hx8","street_name":"Calea Victoriei","highway":"cycleway","lungime":21.9},"geometry":{"type":"LineString","coordinates":[[26.093102110675208,44.44332514819752],[26.093128,44.4433004],[26.0932439,44.4431729],[26.093254866191312,44.44316083286442]]}},{"type":"Feature","properties":{"building_uid":"1n0hx8","street_name":"","highway":"footway","lungime":25.2},"geometry":{"type":"LineString","coordinates":[[26.092996449523746,44.4429498428742],[26.0929816,44.4429771],[26.0927674,44.4429174],[26.09278420475296,44.442886567245104]]}},{"type":"Feature","properties":{"building_uid":"n89lzd","street_name":"Calea Victoriei","highway":"secondary","lungime":37.5},"geometry":{"type":"LineString","coordinates":[[26.09275594836993,44.44357447165574],[26.09303321624083,44.443300996576816]]}},{"type":"Feature","properties":{"building_uid":"mvkw7k","street_name":"Strada George Enescu","highway":"residential","lungime":37.5},"geometry":{"type":"LineString","coordinates":[[26.094662483439564,44.44211901300838],[26.0943269,44.4419984],[26.09424100651532,44.4419674645196]]}},{"type":"Feature","properties":{"building_uid":"mvkw7k","street_name":"","highway":"pedestrian","lungime":26.6},"geometry":{"type":"LineString","coordinates":[[26.094639348725128,44.44208879923845],[26.0943768,44.4419917],[26.094399697584958,44.44196917847027]]}},{"type":"Feature","properties":{"building_uid":"mvkw7k","street_name":"Calea Victoriei","highway":"secondary","lungime":31.5},"geometry":{"type":"LineString","coordinates":[[26.093998640678215,44.4422145197963],[26.0941544,44.4420382],[26.09421385501302,44.4419767116418]]}},{"type":"Feature","properties":{"building_uid":"mvkw7k","street_name":"Calea Victoriei","highway":"cycleway","lungime":45.4},"geometry":{"type":"LineString","coordinates":[[26.094039960097124,44.44230452957461],[26.0943269,44.4419984],[26.09435793900397,44.441965309162974]]}},{"type":"Feature","properties":{"building_uid":"s7c6cj","street_name":"Strada Piața Amzei","highway":"residential","lungime":33.7},"geometry":{"type":"LineString","coordinates":[[26.093091911012028,44.44329465958144],[26.093128,44.4433004],[26.0931927,44.4433121],[26.0933101,44.4433333],[26.0934802,44.4433641],[26.0935024813708,44.44336819254177]]}},{"type":"Feature","properties":{"building_uid":"s7c6cj","street_name":"Intrarea Amzei","highway":"residential","lungime":23.8},"geometry":{"type":"LineString","coordinates":[[26.093433282176424,44.44357571646925],[26.0934802,44.4433641]]}},{"type":"Feature","properties":{"building_uid":"s7c6cj","street_name":"Calea Victoriei","highway":"cycleway","lungime":30.5},"geometry":{"type":"LineString","coordinates":[[26.092915818774692,44.4435032288848],[26.093128,44.4433004],[26.093144168309067,44.443282613465]]}},{"type":"Feature","properties":{"building_uid":"fsglcs","street_name":"Calea Victoriei","highway":"secondary","lungime":29.1},"geometry":{"type":"LineString","coordinates":[[26.088233598459617,44.44954031163506],[26.088365,44.4493644],[26.088406835519894,44.449309989105956]]}},{"type":"Feature","properties":{"building_uid":"fsglcs","street_name":"Strada Frumoasă","highway":"residential","lungime":1.1},"geometry":{"type":"LineString","coordinates":[[26.088365,44.4493644],[26.088353054590236,44.449359172431286]]}},{"type":"Feature","properties":{"building_uid":"fsglcs","street_name":"Calea Victoriei","highway":"cycleway","lungime":39.9},"geometry":{"type":"LineString","coordinates":[[26.088271781094885,44.44961129919709],[26.0885106936518,44.449295318073425]]}},{"type":"Feature","properties":{"building_uid":"ftc9kg","street_name":"Calea Victoriei","highway":"cycleway","lungime":17.1},"geometry":{"type":"LineString","coordinates":[[26.08755559497396,44.45052587265495],[26.087662503651455,44.45039270533216]]}},{"type":"Feature","properties":{"building_uid":"i8zc61","street_name":"Strada Vulturilor","highway":"residential","lungime":7.4},"geometry":{"type":"LineString","coordinates":[[26.118263542997113,44.4290152031543],[26.1182992,44.4290151],[26.11835668563681,44.429013209814656]]}},{"type":"Feature","properties":{"building_uid":"70tc3l","street_name":"Strada 11 Iunie","highway":"tertiary","lungime":11.6},"geometry":{"type":"LineString","coordinates":[[26.0959687297195,44.422610931300646],[26.095979689150656,44.42271536728756]]}},{"type":"Feature","properties":{"building_uid":"6rz0c2","street_name":"Strada Academiei","highway":"residential","lungime":49.5},"geometry":{"type":"LineString","coordinates":[[26.099641312160916,44.4341328825924],[26.0995970962702,44.43457701317588]]}},{"type":"Feature","properties":{"building_uid":"l4jcub","street_name":"Strada Alexandru Donici","highway":"residential","lungime":38.1},"geometry":{"type":"LineString","coordinates":[[26.10910011996449,44.44304227857283],[26.1088849,44.4432982],[26.108858969345444,44.44333788175924]]}},{"type":"Feature","properties":{"building_uid":"l4jcub","street_name":"","highway":"service","lungime":4.1},"geometry":{"type":"LineString","coordinates":[[26.109124324961982,44.44304446515009],[26.109167859516127,44.44306393818973]]}},{"type":"Feature","properties":{"building_uid":"v3da6k","street_name":"Aleea Someșul Mic","highway":"residential","lungime":12.8},"geometry":{"type":"LineString","coordinates":[[26.115525245921624,44.38050998078099],[26.11552628881767,44.38039497452057]]}},{"type":"Feature","properties":{"building_uid":"rpy9er","street_name":"","highway":"service","lungime":11.9},"geometry":{"type":"LineString","coordinates":[[26.116443394229847,44.38011290834999],[26.1163592,44.3802009]]}},{"type":"Feature","properties":{"building_uid":"rpy9er","street_name":"","highway":"service","lungime":5.4},"geometry":{"type":"LineString","coordinates":[[26.115832346277625,44.38020301744135],[26.1158964,44.3801878]]}},{"type":"Feature","properties":{"building_uid":"omwrds","street_name":"","highway":"residential","lungime":24},"geometry":{"type":"LineString","coordinates":[[26.11596092859232,44.37977167026044],[26.11602,44.3797837],[26.116245075183436,44.37984421870491]]}},{"type":"Feature","properties":{"building_uid":"hfzu1t","street_name":"Strada Domnița Anastasia","highway":"residential","lungime":20.2},"geometry":{"type":"LineString","coordinates":[[26.094206565513762,44.433949749011866],[26.093955800355854,44.433976497295376]]}},{"type":"Feature","properties":{"building_uid":"ykrr3m","street_name":"Strada Armenească","highway":"residential","lungime":15.9},"geometry":{"type":"LineString","coordinates":[[26.111157964071776,44.43749961953293],[26.111232080890648,44.437632152852174]]}},{"type":"Feature","properties":{"building_uid":"dslert","street_name":"Strada Armenească","highway":"residential","lungime":24.4},"geometry":{"type":"LineString","coordinates":[[26.111587140374876,44.44132731514627],[26.1115867,44.4414035],[26.11158089839037,44.44154695037657]]}},{"type":"Feature","properties":{"building_uid":"px5cwo","street_name":"Strada Aurel Vlaicu","highway":"residential","lungime":35.6},"geometry":{"type":"LineString","coordinates":[[26.10613386910315,44.4460787636816],[26.106136,44.4460707],[26.1062608,44.4457787],[26.106263985241586,44.44577199532353]]}},{"type":"Feature","properties":{"building_uid":"px5cwo","street_name":"Intrarea Ion Voicu","highway":"residential","lungime":38.2},"geometry":{"type":"LineString","coordinates":[[26.105803194644665,44.44567343912437],[26.1062608,44.4457787]]}},{"type":"Feature","properties":{"building_uid":"6whsvu","street_name":"Strada Austrului","highway":"residential","lungime":22.3},"geometry":{"type":"LineString","coordinates":[[26.122689411807926,44.437609873052374],[26.122641515633735,44.43780778330893]]}},{"type":"Feature","properties":{"building_uid":"w4r1xk","street_name":"Strada Banului","highway":"residential","lungime":19.1},"geometry":{"type":"LineString","coordinates":[[26.09166594058839,44.44321485993473],[26.0916262,44.4431642],[26.0915806,44.4431174],[26.091526017070258,44.4430767266042]]}},{"type":"Feature","properties":{"building_uid":"w4r1xk","street_name":"","highway":"footway","lungime":0.1},"geometry":{"type":"LineString","coordinates":[[26.091888,44.4429459],[26.091888722161237,44.44294487868829]]}},{"type":"Feature","properties":{"building_uid":"494foo","street_name":"Strada Pictor Barbu Iscovescu","highway":"residential","lungime":16.7},"geometry":{"type":"LineString","coordinates":[[26.08891171237003,44.46660586491833],[26.0889651,44.4665747],[26.0890124,44.4665401],[26.089057258968175,44.46649824194675]]}},{"type":"Feature","properties":{"building_uid":"ofgzmy","street_name":"Strada Fruntaș Constantin Tudor","highway":"residential","lungime":4},"geometry":{"type":"LineString","coordinates":[[26.143105722603433,44.43168955789719],[26.1430809,44.4316874],[26.1430573,44.4316928]]}},{"type":"Feature","properties":{"building_uid":"ofgzmy","street_name":"","highway":"service","lungime":31.7},"geometry":{"type":"LineString","coordinates":[[26.1426629,44.431652],[26.1430573,44.4316928]]}},{"type":"Feature","properties":{"building_uid":"ofgzmy","street_name":"Bulevardul Basarabia","highway":"residential","lungime":55.5},"geometry":{"type":"LineString","coordinates":[[26.1430573,44.4316928],[26.1430424,44.4317082],[26.1429798,44.4320453],[26.142953129605285,44.4321846535779]]}},{"type":"Feature","properties":{"building_uid":"ofgzmy","street_name":"","highway":"footway","lungime":9.8},"geometry":{"type":"LineString","coordinates":[[26.1426629,44.431652],[26.14265882906124,44.43156364342777]]}},{"type":"Feature","properties":{"building_uid":"ofgzmy","street_name":"","highway":"living_street","lungime":39.9},"geometry":{"type":"LineString","coordinates":[[26.1426629,44.431652],[26.1425991,44.4320083]]}},{"type":"Feature","properties":{"building_uid":"ofgzmy","street_name":"","highway":"footway","lungime":8},"geometry":{"type":"LineString","coordinates":[[26.1429798,44.4320453],[26.143069603872494,44.432013172980824]]}},{"type":"Feature","properties":{"building_uid":"w0nu7a","street_name":"Strada Batiștei","highway":"tertiary","lungime":1.2},"geometry":{"type":"LineString","coordinates":[[26.1072757,44.4396218],[26.10726320461622,44.43961654115143]]}},{"type":"Feature","properties":{"building_uid":"w0nu7a","street_name":"Strada Ion Luca Caragiale","highway":"residential","lungime":30.6},"geometry":{"type":"LineString","coordinates":[[26.106994194679455,44.43980883804949],[26.1072122,44.4396663],[26.1072757,44.4396218]]}},{"type":"Feature","properties":{"building_uid":"w0nu7a","street_name":"Strada Batiștei","highway":"tertiary","lungime":34.6},"geometry":{"type":"LineString","coordinates":[[26.107660661159766,44.439766021879855],[26.1075381,44.4397213],[26.1073812,44.4396649],[26.1072757,44.4396218]]}},{"type":"Feature","properties":{"building_uid":"w0nu7a","street_name":"","highway":"footway","lungime":4.5},"geometry":{"type":"LineString","coordinates":[[26.1072122,44.4396663],[26.10716923334045,44.43963937019225]]}},{"type":"Feature","properties":{"building_uid":"w0nu7a","street_name":"Strada Ion Luca Caragiale","highway":"residential","lungime":0.8},"geometry":{"type":"LineString","coordinates":[[26.1072757,44.4396218],[26.107282637430867,44.439616541151175]]}},{"type":"Feature","properties":{"building_uid":"451tlu","street_name":"Strada Benjamin Franklin","highway":"living_street","lungime":35.5},"geometry":{"type":"LineString","coordinates":[[26.098252050692043,44.44145480842044],[26.0986159402339,44.44163948463914]]}},{"type":"Feature","properties":{"building_uid":"q8t1ly","street_name":"Strada Bibescu Vodă","highway":"tertiary","lungime":31.7},"geometry":{"type":"LineString","coordinates":[[26.101615906582712,44.425609428128624],[26.1016164,44.4256091],[26.101684,44.4255703],[26.10193398965242,44.42543797247262]]}},{"type":"Feature","properties":{"building_uid":"q8t1ly","street_name":"","highway":"footway","lungime":22.3},"geometry":{"type":"LineString","coordinates":[[26.101537022149028,44.425299620553105],[26.1015525,44.4253081],[26.1013869,44.4254518]]}},{"type":"Feature","properties":{"building_uid":"q8t1ly","street_name":"","highway":"service","lungime":25.3},"geometry":{"type":"LineString","coordinates":[[26.1013869,44.4254518],[26.10157,44.4255791],[26.1016164,44.4256091]]}},{"type":"Feature","properties":{"building_uid":"q8t1ly","street_name":"","highway":"steps","lungime":1.6},"geometry":{"type":"LineString","coordinates":[[26.1013869,44.4254518],[26.10137101138371,44.42544289135387]]}},{"type":"Feature","properties":{"building_uid":"q8t1ly","street_name":"","highway":"footway","lungime":0.1},"geometry":{"type":"LineString","coordinates":[[26.101617103684255,44.42560956696098],[26.1016164,44.4256091]]}},{"type":"Feature","properties":{"building_uid":"seibc0","street_name":"Intrarea Biserica Albă","highway":"residential","lungime":2.5},"geometry":{"type":"LineString","coordinates":[[26.095475600119933,44.44257541723895],[26.095481825020023,44.44255346517328]]}},{"type":"Feature","properties":{"building_uid":"ivfik1","street_name":"Strada Biserica Amzei","highway":"residential","lungime":15.1},"geometry":{"type":"LineString","coordinates":[[26.09283550764121,44.444467388930576],[26.092657657315836,44.44441976334477]]}},{"type":"Feature","properties":{"building_uid":"ivfik1","street_name":"Strada Biserica Amzei","highway":"residential","lungime":35.1},"geometry":{"type":"LineString","coordinates":[[26.09245404416731,44.444318047370494],[26.092845510555048,44.44446421799506]]}},{"type":"Feature","properties":{"building_uid":"x44b0p","street_name":"Strada Amiral Ioan Murgescu","highway":"residential","lungime":20.9},"geometry":{"type":"LineString","coordinates":[[26.1391858,44.4469091],[26.139421354849343,44.446992142460154]]}},{"type":"Feature","properties":{"building_uid":"x44b0p","street_name":"","highway":"service","lungime":31.4},"geometry":{"type":"LineString","coordinates":[[26.13863986815135,44.44693096926487],[26.1386404,44.4469319],[26.1386431,44.4469422],[26.1386449,44.4469529],[26.1386437,44.4469631],[26.1386401,44.446973],[26.13846341660093,44.44717726756196]]}},{"type":"Feature","properties":{"building_uid":"6t46lf","street_name":"","highway":"residential","lungime":39.7},"geometry":{"type":"LineString","coordinates":[[26.146426333844165,44.43118879583596],[26.14593685648588,44.43111986412388]]}},{"type":"Feature","properties":{"building_uid":"6t46lf","street_name":"Intrarea Vâslei","highway":"residential","lungime":1.4},"geometry":{"type":"LineString","coordinates":[[26.1465373,44.4309846],[26.146554384447636,44.430986105507515]]}},{"type":"Feature","properties":{"building_uid":"6t46lf","street_name":"","highway":"footway","lungime":1.3},"geometry":{"type":"LineString","coordinates":[[26.146232741203857,44.430232303328694],[26.146249,44.4302356]]}},{"type":"Feature","properties":{"building_uid":"6t46lf","street_name":"Strada Câmpia Libertății","highway":"tertiary","lungime":88},"geometry":{"type":"LineString","coordinates":[[26.14649859020387,44.431123129981074],[26.1465373,44.4309846],[26.1467226,44.4303667],[26.146728490184802,44.4303481427511]]}},{"type":"Feature","properties":{"building_uid":"vxkg04","street_name":"Intrarea Sabiței","highway":"residential","lungime":25},"geometry":{"type":"LineString","coordinates":[[26.148339,44.4287769],[26.1483254,44.4289287],[26.1483381,44.4289502],[26.1483624,44.4289701],[26.148389977812478,44.42898290398436]]}},{"type":"Feature","properties":{"building_uid":"vxkg04","street_name":"Strada Roșianu","highway":"residential","lungime":36},"geometry":{"type":"LineString","coordinates":[[26.148339,44.4287769],[26.1483512,44.4285409],[26.148337,44.4285033],[26.1483192,44.4284833],[26.14828491304657,44.42847913510294]]}},{"type":"Feature","properties":{"building_uid":"vxkg04","street_name":"Intrarea Sergent Ion Barbu","highway":"residential","lungime":6.7},"geometry":{"type":"LineString","coordinates":[[26.148423280339795,44.42878354711717],[26.148339,44.4287769]]}},{"type":"Feature","properties":{"building_uid":"vxkg04","street_name":"Intrarea Sergent Ion Barbu","highway":"service","lungime":2.1},"geometry":{"type":"LineString","coordinates":[[26.1483192,44.4284833],[26.148345422037092,44.42848629845301]]}},{"type":"Feature","properties":{"building_uid":"vxkg04","street_name":"","highway":"footway","lungime":44.9},"geometry":{"type":"LineString","coordinates":[[26.148255604745994,44.4293293798595],[26.1483254,44.4289287]]}},{"type":"Feature","properties":{"building_uid":"ka1myt","street_name":"","highway":"footway","lungime":27.2},"geometry":{"type":"LineString","coordinates":[[26.145496658688238,44.42953967008923],[26.145580301208337,44.42930229330988]]}},{"type":"Feature","properties":{"building_uid":"5qjdj9","street_name":"","highway":"footway","lungime":33.6},"geometry":{"type":"LineString","coordinates":[[26.108244718814376,44.43654793095588],[26.107836089994098,44.43647199424901]]}},{"type":"Feature","properties":{"building_uid":"btpafx","street_name":"Bulevardul Carol I","highway":"primary","lungime":37},"geometry":{"type":"LineString","coordinates":[[26.10564532045946,44.436132485096806],[26.10519368848163,44.43605180019486]]}},{"type":"Feature","properties":{"building_uid":"btpafx","street_name":"Piața C. A. Rosetti","highway":"primary","lungime":4.3},"geometry":{"type":"LineString","coordinates":[[26.105758898247917,44.43614705478556],[26.105810910581646,44.43613786209306]]}},{"type":"Feature","properties":{"building_uid":"btpafx","street_name":"","highway":"footway","lungime":80.4},"geometry":{"type":"LineString","coordinates":[[26.1060204,44.435911],[26.1059359,44.4360201],[26.1059114,44.4360484],[26.1058769,44.4360705],[26.1058312,44.4360784],[26.1057667,44.436072],[26.105151743533423,44.435969359942966]]}},{"type":"Feature","properties":{"building_uid":"btpafx","street_name":"","highway":"footway","lungime":1.9},"geometry":{"type":"LineString","coordinates":[[26.10604094963991,44.43591974260996],[26.1060204,44.435911]]}},{"type":"Feature","properties":{"building_uid":"btpafx","street_name":"","highway":"footway","lungime":8.5},"geometry":{"type":"LineString","coordinates":[[26.105743763246043,44.43614676038215],[26.1057667,44.436072]]}},{"type":"Feature","properties":{"building_uid":"fyhgil","street_name":"Strada Ciprian Porumbescu","highway":"residential","lungime":16.9},"geometry":{"type":"LineString","coordinates":[[26.094371283965607,44.45228831418603],[26.094397037001638,44.45213704085239]]}},{"type":"Feature","properties":{"building_uid":"fyhgil","street_name":"Strada Macarie Cântarețul","highway":"residential","lungime":19.3},"geometry":{"type":"LineString","coordinates":[[26.094699189251763,44.45212350075796],[26.0946977,44.4521249],[26.0946715,44.4521327],[26.09446136077569,44.452116601251134]]}},{"type":"Feature","properties":{"building_uid":"5278ci","street_name":"Strada Ciprian Porumbescu","highway":"residential","lungime":11.5},"geometry":{"type":"LineString","coordinates":[[26.09436111299433,44.4523480584713],[26.09437866015892,44.45224498642652]]}},{"type":"Feature","properties":{"building_uid":"uub1p3","street_name":"Piața Leul Ierusalimului","highway":"pedestrian","lungime":19.3},"geometry":{"type":"LineString","coordinates":[[26.10974131828216,44.429604225268584],[26.1097003,44.4295833],[26.1095554,44.4295033],[26.109549741837153,44.42949755671831]]}},{"type":"Feature","properties":{"building_uid":"7th9i5","street_name":"Strada Turmelor","highway":"tertiary","lungime":55.6},"geometry":{"type":"LineString","coordinates":[[26.12606066912672,44.45313687542556],[26.1263817,44.4530016],[26.126653952940465,44.452872341171506]]}},{"type":"Feature","properties":{"building_uid":"7th9i5","street_name":"","highway":"footway","lungime":24.7},"geometry":{"type":"LineString","coordinates":[[26.12669387263716,44.45326678390445],[26.1266978,44.4532551],[26.1267031,44.4532168],[26.126738,44.4531517],[26.1267945,44.4531284],[26.12686321993612,44.45310279845517]]}},{"type":"Feature","properties":{"building_uid":"7th9i5","street_name":"","highway":"footway","lungime":63.2},"geometry":{"type":"LineString","coordinates":[[26.12675538318152,44.45290105978912],[26.126070523830613,44.45318985162122]]}},{"type":"Feature","properties":{"building_uid":"0lszzv","street_name":"","highway":"footway","lungime":36.4},"geometry":{"type":"LineString","coordinates":[[26.126643429004627,44.45332806274187],[26.1266443,44.4533275],[26.1266818,44.4533027],[26.1266978,44.4532551],[26.1267031,44.4532168],[26.126738,44.4531517],[26.1267945,44.4531284],[26.1269016,44.4530885]]}},{"type":"Feature","properties":{"building_uid":"0lszzv","street_name":"Șoseaua Colentina","highway":"footway","lungime":1.7},"geometry":{"type":"LineString","coordinates":[[26.127012712139877,44.45312149571183],[26.1270229259811,44.453135065437316]]}},{"type":"Feature","properties":{"building_uid":"0lszzv","street_name":"","highway":"steps","lungime":3.5},"geometry":{"type":"LineString","coordinates":[[26.1269016,44.4530885],[26.1269387082823,44.45307226155289]]}},{"type":"Feature","properties":{"building_uid":"syg7yo","street_name":"","highway":"service","lungime":30.2},"geometry":{"type":"LineString","coordinates":[[26.12608363394175,44.45353829294238],[26.12642208947275,44.453415186186476]]}},{"type":"Feature","properties":{"building_uid":"d1llr9","street_name":"","highway":"residential","lungime":9.5},"geometry":{"type":"LineString","coordinates":[[26.1265246,44.4538767],[26.1265772,44.4539517],[26.12657731544387,44.45395352046106]]}},{"type":"Feature","properties":{"building_uid":"d1llr9","street_name":"","highway":"footway","lungime":8.3},"geometry":{"type":"LineString","coordinates":[[26.126513673450734,44.45388077591415],[26.1265246,44.4538767],[26.1266058,44.4538459]]}},{"type":"Feature","properties":{"building_uid":"d1llr9","street_name":"","highway":"footway","lungime":58},"geometry":{"type":"LineString","coordinates":[[26.126626235990944,44.4539764535727],[26.127281228917383,44.45374729307142]]}},{"type":"Feature","properties":{"building_uid":"z686ik","street_name":"","highway":"footway","lungime":82},"geometry":{"type":"LineString","coordinates":[[26.128091167432803,44.4547938991304],[26.1274893,44.4550122],[26.1275116,44.4552398],[26.127521917496484,44.45526542525954]]}},{"type":"Feature","properties":{"building_uid":"gltqhp","street_name":"","highway":"service","lungime":38.3},"geometry":{"type":"LineString","coordinates":[[26.12992,44.4578572],[26.1296941,44.4579344],[26.12948549367744,44.45800663047462]]}},{"type":"Feature","properties":{"building_uid":"gltqhp","street_name":"","highway":"footway","lungime":1.8},"geometry":{"type":"LineString","coordinates":[[26.12992,44.4578572],[26.129929944213284,44.457872028388785]]}},{"type":"Feature","properties":{"building_uid":"gltqhp","street_name":"","highway":"footway","lungime":13.4},"geometry":{"type":"LineString","coordinates":[[26.130071628894644,44.457804596483044],[26.12992,44.4578572]]}},{"type":"Feature","properties":{"building_uid":"86zr6q","street_name":"","highway":"footway","lungime":42},"geometry":{"type":"LineString","coordinates":[[26.130405920962264,44.45810882529787],[26.1301751,44.4577687]]}},{"type":"Feature","properties":{"building_uid":"86zr6q","street_name":"","highway":"service","lungime":6.7},"geometry":{"type":"LineString","coordinates":[[26.12992,44.4578572],[26.129843754433686,44.45788325647507]]}},{"type":"Feature","properties":{"building_uid":"86zr6q","street_name":"","highway":"footway","lungime":43.2},"geometry":{"type":"LineString","coordinates":[[26.12992,44.4578572],[26.1300444,44.4580427],[26.130154342515077,44.45820805418327]]}},{"type":"Feature","properties":{"building_uid":"86zr6q","street_name":"","highway":"footway","lungime":27.1},"geometry":{"type":"LineString","coordinates":[[26.130226791182125,44.45775083787749],[26.1301751,44.4577687],[26.12992,44.4578572]]}},{"type":"Feature","properties":{"building_uid":"6gujqn","street_name":"Strada Constantin Disescu","highway":"residential","lungime":3},"geometry":{"type":"LineString","coordinates":[[26.075877977586128,44.45002745339113],[26.075901503901278,44.45004857839963]]}},{"type":"Feature","properties":{"building_uid":"543juj","street_name":"","highway":"footway","lungime":4.4},"geometry":{"type":"LineString","coordinates":[[26.0975535,44.441789],[26.0975074,44.4417673]]}},{"type":"Feature","properties":{"building_uid":"543juj","street_name":"Strada Constantin Esarcu","highway":"residential","lungime":26},"geometry":{"type":"LineString","coordinates":[[26.0975074,44.4417673],[26.097239086131008,44.441633936223056]]}},{"type":"Feature","properties":{"building_uid":"543juj","street_name":"Strada Anastase Simu","highway":"residential","lungime":4.3},"geometry":{"type":"LineString","coordinates":[[26.097519433836773,44.441943221379326],[26.0974649,44.4419422]]}},{"type":"Feature","properties":{"building_uid":"543juj","street_name":"Strada Nicolae Golescu","highway":"residential","lungime":3},"geometry":{"type":"LineString","coordinates":[[26.0974649,44.4419422],[26.09745041191587,44.44196726467745]]}},{"type":"Feature","properties":{"building_uid":"543juj","street_name":"Strada Nicolae Golescu","highway":"living_street","lungime":18.5},"geometry":{"type":"LineString","coordinates":[[26.0974649,44.4419422],[26.0975535,44.441789],[26.09755390095894,44.44178830633322]]}},{"type":"Feature","properties":{"building_uid":"q8vgs9","street_name":"Strada Speranței","highway":"residential","lungime":6.8},"geometry":{"type":"LineString","coordinates":[[26.10818062942477,44.4378246307594],[26.10814171915423,44.43777025862013]]}},{"type":"Feature","properties":{"building_uid":"q8vgs9","street_name":"Strada Constantin Nacu","highway":"residential","lungime":24.1},"geometry":{"type":"LineString","coordinates":[[26.108139307463915,44.43776417578821],[26.108224606881855,44.43755628636909]]}},{"type":"Feature","properties":{"building_uid":"jp9cyp","street_name":"Strada Speranței","highway":"residential","lungime":24.7},"geometry":{"type":"LineString","coordinates":[[26.10799253905379,44.43754759328576],[26.107858262125674,44.43734689928961]]}},{"type":"Feature","properties":{"building_uid":"jp9cyp","street_name":"Strada Constantin Nacu","highway":"residential","lungime":20.1},"geometry":{"type":"LineString","coordinates":[[26.108230322063115,44.43754235748492],[26.10830159110843,44.43736866250799]]}},{"type":"Feature","properties":{"building_uid":"15goat","street_name":"Strada Constantin Nacu","highway":"residential","lungime":34.7},"geometry":{"type":"LineString","coordinates":[[26.10791121268459,44.43834678646091],[26.1079248,44.4383115],[26.108028850232525,44.438045972372]]}},{"type":"Feature","properties":{"building_uid":"tlzj33","street_name":"Strada Corbeni","highway":"residential","lungime":17.3},"geometry":{"type":"LineString","coordinates":[[26.11483345263887,44.43942690251318],[26.114656205037388,44.4395172787139]]}},{"type":"Feature","properties":{"building_uid":"52vr6x","street_name":"Strada Patriei","highway":"living_street","lungime":31.8},"geometry":{"type":"LineString","coordinates":[[26.10481234404787,44.42924581015223],[26.1047735,44.4292864],[26.10459186541559,44.42948414536495]]}},{"type":"Feature","properties":{"building_uid":"st2ph4","street_name":"","highway":"footway","lungime":0.9},"geometry":{"type":"LineString","coordinates":[[26.065839422530654,44.43697279451357],[26.0658302,44.4369686]]}},{"type":"Feature","properties":{"building_uid":"2eo9mc","street_name":"Strada Covaci","highway":"pedestrian","lungime":1.2},"geometry":{"type":"LineString","coordinates":[[26.102183369979937,44.43051783764754],[26.102170642927863,44.430523632231655]]}},{"type":"Feature","properties":{"building_uid":"2eo9mc","street_name":"","highway":"path","lungime":3.5},"geometry":{"type":"LineString","coordinates":[[26.101847132810324,44.43026365513312],[26.101860850534607,44.430293592049054]]}},{"type":"Feature","properties":{"building_uid":"2eo9mc","street_name":"","highway":"pedestrian","lungime":3.4},"geometry":{"type":"LineString","coordinates":[[26.1019392,44.4305833],[26.101903348972826,44.430600229235566]]}},{"type":"Feature","properties":{"building_uid":"2eo9mc","street_name":"","highway":"pedestrian","lungime":3.7},"geometry":{"type":"LineString","coordinates":[[26.10219725053966,44.43047306589451],[26.1021594,44.4304918]]}},{"type":"Feature","properties":{"building_uid":"h9t1pn","street_name":"Strada Covaci","highway":"pedestrian","lungime":12.2},"geometry":{"type":"LineString","coordinates":[[26.102353981533685,44.43044015877949],[26.10222478449079,44.43049898175969]]}},{"type":"Feature","properties":{"building_uid":"h9t1pn","street_name":"","highway":"pedestrian","lungime":4.7},"geometry":{"type":"LineString","coordinates":[[26.102350833705152,44.43040105647298],[26.1023009,44.4304238]]}},{"type":"Feature","properties":{"building_uid":"h9t1pn","street_name":"","highway":"pedestrian","lungime":4.6},"geometry":{"type":"LineString","coordinates":[[26.1022287,44.4304575],[26.102181119063253,44.43048105016061]]}},{"type":"Feature","properties":{"building_uid":"t52tij","street_name":"Strada Dimitri Ivanovici Mendeleev","highway":"residential","lungime":19.1},"geometry":{"type":"LineString","coordinates":[[26.09654550968999,44.44428552427364],[26.096549181903814,44.44411355718726]]}},{"type":"Feature","properties":{"building_uid":"o0csot","street_name":"Bulevardul Dacia","highway":"secondary","lungime":17.6},"geometry":{"type":"LineString","coordinates":[[26.100350479339184,44.44677841191316],[26.100570895461257,44.44676124362981]]}},{"type":"Feature","properties":{"building_uid":"p9cfrn","street_name":"Bulevardul Dacia","highway":"secondary","lungime":15.4},"geometry":{"type":"LineString","coordinates":[[26.1006295142161,44.44675667779595],[26.1006395,44.4467559],[26.10082102334236,44.44673994089024]]}},{"type":"Feature","properties":{"building_uid":"5md2y2","street_name":"Strada Icoanei","highway":"residential","lungime":30.1},"geometry":{"type":"LineString","coordinates":[[26.109482066685743,44.445822215147366],[26.1094248,44.4457471],[26.109310614566912,44.4455807504042]]}},{"type":"Feature","properties":{"building_uid":"5md2y2","street_name":"Bulevardul Dacia","highway":"secondary","lungime":37.3},"geometry":{"type":"LineString","coordinates":[[26.109003825018558,44.44594950604614],[26.1093155,44.445892],[26.109457829924317,44.44586544259728]]}},{"type":"Feature","properties":{"building_uid":"t0106g","street_name":"","highway":"service","lungime":25.4},"geometry":{"type":"LineString","coordinates":[[26.097788714539213,44.44655962372445],[26.0981072,44.4465689]]}},{"type":"Feature","properties":{"building_uid":"3iw8db","street_name":"Strada General David Praporgescu","highway":"residential","lungime":20.7},"geometry":{"type":"LineString","coordinates":[[26.103992771874992,44.439572972217476],[26.104118387533763,44.43940949978483]]}},{"type":"Feature","properties":{"building_uid":"l0yjpn","street_name":"","highway":"service","lungime":18.2},"geometry":{"type":"LineString","coordinates":[[26.104870584792526,44.42053514516918],[26.104641680343367,44.420533683773606]]}},{"type":"Feature","properties":{"building_uid":"nmd3mv","street_name":"Strada Leon Vodă","highway":"residential","lungime":42},"geometry":{"type":"LineString","coordinates":[[26.105343019039363,44.41974731629258],[26.1053294,44.41977],[26.1053135,44.419822],[26.1053082,44.4198697],[26.1053143,44.4200882],[26.105315598659118,44.42012225476613]]}},{"type":"Feature","properties":{"building_uid":"nmd3mv","street_name":"","highway":"service","lungime":21.5},"geometry":{"type":"LineString","coordinates":[[26.10491127482161,44.42007927585787],[26.1049107,44.4199075],[26.10490850008799,44.41988559254289]]}},{"type":"Feature","properties":{"building_uid":"nmd3mv","street_name":"","highway":"footway","lungime":31.9},"geometry":{"type":"LineString","coordinates":[[26.10491332373533,44.420086807030344],[26.1053143,44.4200882]]}},{"type":"Feature","properties":{"building_uid":"ak3hzl","street_name":"Strada Leon Vodă","highway":"residential","lungime":2.6},"geometry":{"type":"LineString","coordinates":[[26.10537235969816,44.42122256044949],[26.1053398,44.4212217]]}},{"type":"Feature","properties":{"building_uid":"ak3hzl","street_name":"Strada Leon Vodă","highway":"residential","lungime":132.2},"geometry":{"type":"LineString","coordinates":[[26.105312719463374,44.42003158569626],[26.1053143,44.4200882],[26.1053282,44.4204527],[26.1053398,44.4212217]]}},{"type":"Feature","properties":{"building_uid":"ak3hzl","street_name":"","highway":"service","lungime":23.1},"geometry":{"type":"LineString","coordinates":[[26.10522589395501,44.42138086331613],[26.104958507335173,44.421299423826106]]}},{"type":"Feature","properties":{"building_uid":"ak3hzl","street_name":"","highway":"footway","lungime":28.7},"geometry":{"type":"LineString","coordinates":[[26.10495411813811,44.42008694874787],[26.1053143,44.4200882]]}},{"type":"Feature","properties":{"building_uid":"ak3hzl","street_name":"Strada Leon Vodă","highway":"residential","lungime":13.9},"geometry":{"type":"LineString","coordinates":[[26.1053398,44.4212217],[26.10534031438944,44.42134650373782]]}},{"type":"Feature","properties":{"building_uid":"1hg6ve","street_name":"Strada Dimitrie Onciul","highway":"secondary","lungime":2.1},"geometry":{"type":"LineString","coordinates":[[26.119917761774936,44.44109260129386],[26.11990987745118,44.4410749636037]]}},{"type":"Feature","properties":{"building_uid":"8a08rq","street_name":"","highway":"service","lungime":2},"geometry":{"type":"LineString","coordinates":[[26.075766361645027,44.44383857734324],[26.075786841675626,44.44382778869703]]}},{"type":"Feature","properties":{"building_uid":"8a08rq","street_name":"","highway":"service","lungime":16.3},"geometry":{"type":"LineString","coordinates":[[26.075993092907105,44.443719137903926],[26.0760765,44.4436752],[26.076117474939583,44.443608935041595]]}},{"type":"Feature","properties":{"building_uid":"8a08rq","street_name":"","highway":"service","lungime":36.9},"geometry":{"type":"LineString","coordinates":[[26.076369126922174,44.443608197977554],[26.07602014805603,44.4438268232678]]}},{"type":"Feature","properties":{"building_uid":"8a08rq","street_name":"","highway":"service","lungime":35.3},"geometry":{"type":"LineString","coordinates":[[26.076009767688642,44.443833326271424],[26.07567556157585,44.444042696853714]]}},{"type":"Feature","properties":{"building_uid":"8a08rq","street_name":"","highway":"service","lungime":34.2},"geometry":{"type":"LineString","coordinates":[[26.075671078763126,44.444045505207825],[26.0754872,44.4441607],[26.075306006096493,44.44418853733293]]}},{"type":"Feature","properties":{"building_uid":"8b8mie","street_name":"","highway":"service","lungime":48.2},"geometry":{"type":"LineString","coordinates":[[26.074909703820303,44.444315108617346],[26.0749163,44.4443209],[26.0749368,44.4443357],[26.075312500320994,44.44463965890845]]}},{"type":"Feature","properties":{"building_uid":"8b8mie","street_name":"","highway":"service","lungime":35.9},"geometry":{"type":"LineString","coordinates":[[26.075320652275643,44.44418628719892],[26.0751266,44.4442161],[26.0749368,44.4443357]]}},{"type":"Feature","properties":{"building_uid":"z9nvcl","street_name":"Strada Domnița Anastasia","highway":"residential","lungime":15.7},"geometry":{"type":"LineString","coordinates":[[26.094440720646475,44.43392477246437],[26.094245543909473,44.43394559131632]]}},{"type":"Feature","properties":{"building_uid":"uy8jys","street_name":"","highway":"service","lungime":16.6},"geometry":{"type":"LineString","coordinates":[[26.0996021,44.4493161],[26.0998092,44.449337]]}},{"type":"Feature","properties":{"building_uid":"uy8jys","street_name":"","highway":"service","lungime":21.4},"geometry":{"type":"LineString","coordinates":[[26.099335897140676,44.44928824567057],[26.0993799,44.4492928],[26.0996021,44.4493161]]}},{"type":"Feature","properties":{"building_uid":"uy8jys","street_name":"","highway":"service","lungime":11.7},"geometry":{"type":"LineString","coordinates":[[26.0999549,44.4492464],[26.0999494,44.4493518]]}},{"type":"Feature","properties":{"building_uid":"uy8jys","street_name":"","highway":"service","lungime":14.5},"geometry":{"type":"LineString","coordinates":[[26.0998092,44.449337],[26.0999494,44.4493518],[26.099949557501258,44.4493803864784]]}},{"type":"Feature","properties":{"building_uid":"uy8jys","street_name":"Calea Dorobanți","highway":"busway","lungime":60.6},"geometry":{"type":"LineString","coordinates":[[26.09941689370819,44.4490273563401],[26.0993799,44.4492928],[26.099325184317603,44.44956870301612]]}},{"type":"Feature","properties":{"building_uid":"ao6fwk","street_name":"Strada Nicolae Beldiceanu","highway":"residential","lungime":20.5},"geometry":{"type":"LineString","coordinates":[[26.098872941835197,44.44954430903411],[26.09912967614173,44.4495628993573]]}},{"type":"Feature","properties":{"building_uid":"1qftwo","street_name":"Strada Drobeta","highway":"residential","lungime":25.5},"geometry":{"type":"LineString","coordinates":[[26.10704324516955,44.44626643740934],[26.10704522634323,44.446496154497666]]}},{"type":"Feature","properties":{"building_uid":"1qftwo","street_name":"Bulevardul Dacia","highway":"secondary","lungime":12.8},"geometry":{"type":"LineString","coordinates":[[26.106784044218724,44.44622995418481],[26.106944082854895,44.4462167773256]]}},{"type":"Feature","properties":{"building_uid":"8we9e1","street_name":"Strada Drobeta","highway":"residential","lungime":11.2},"geometry":{"type":"LineString","coordinates":[[26.107046465790848,44.446639868449026],[26.1070472,44.446725],[26.10705045592454,44.44674010177911]]}},{"type":"Feature","properties":{"building_uid":"wfa02x","street_name":"Strada Dimitrie Orbescu","highway":"residential","lungime":4.3},"geometry":{"type":"LineString","coordinates":[[26.108099220925816,44.44535607900942],[26.1080831,44.4453711],[26.108067810717273,44.44538786158403]]}},{"type":"Feature","properties":{"building_uid":"ygr10a","street_name":"Strada Dimitrie Orbescu","highway":"residential","lungime":12.3},"geometry":{"type":"LineString","coordinates":[[26.108067493095092,44.44538820979206],[26.1080426,44.4454155],[26.108007,44.4454627],[26.107993119891177,44.44548531656466]]}},{"type":"Feature","properties":{"building_uid":"2we2jb","street_name":"Strada Edgar Quinet","highway":"residential","lungime":33.1},"geometry":{"type":"LineString","coordinates":[[26.098658387730943,44.435408112603746],[26.09905082079954,44.43550617663148]]}},{"type":"Feature","properties":{"building_uid":"owfkpi","street_name":"Strada Edgar Quinet","highway":"residential","lungime":26.5},"geometry":{"type":"LineString","coordinates":[[26.09881422584327,44.43544705456402],[26.099129018679136,44.43552571728605]]}},{"type":"Feature","properties":{"building_uid":"olb8ry","street_name":"Strada Elena","highway":"residential","lungime":20},"geometry":{"type":"LineString","coordinates":[[26.131762884637585,44.457605130701744],[26.1318648,44.457759],[26.131870889696607,44.45776820590854]]}},{"type":"Feature","properties":{"building_uid":"olb8ry","street_name":"Strada Silvia","highway":"residential","lungime":25.1},"geometry":{"type":"LineString","coordinates":[[26.131595818485692,44.45793891530551],[26.131857712744697,44.45781336948542]]}},{"type":"Feature","properties":{"building_uid":"s2sdsz","street_name":"Strada Elena","highway":"residential","lungime":25.6},"geometry":{"type":"LineString","coordinates":[[26.131495507024713,44.457202175449225],[26.1315221,44.4572416],[26.131634057164014,44.45741063016242]]}},{"type":"Feature","properties":{"building_uid":"s2sdsz","street_name":"","highway":"footway","lungime":44},"geometry":{"type":"LineString","coordinates":[[26.1315221,44.4572416],[26.1311054,44.4573832],[26.1310223,44.4574114]]}},{"type":"Feature","properties":{"building_uid":"s2sdsz","street_name":"","highway":"footway","lungime":9.2},"geometry":{"type":"LineString","coordinates":[[26.1311054,44.4573832],[26.1311041,44.4573434],[26.1311311,44.4573046]]}},{"type":"Feature","properties":{"building_uid":"s2sdsz","street_name":"","highway":"service","lungime":22.5},"geometry":{"type":"LineString","coordinates":[[26.13097505168866,44.457335586090686],[26.1310223,44.4574114],[26.131093,44.4575194]]}},{"type":"Feature","properties":{"building_uid":"s2sdsz","street_name":"","highway":"footway","lungime":6.4},"geometry":{"type":"LineString","coordinates":[[26.131023592090134,44.457548977474055],[26.131093,44.4575194]]}},{"type":"Feature","properties":{"building_uid":"4kzbjo","street_name":"Strada Episcopiei","highway":"tertiary","lungime":32},"geometry":{"type":"LineString","coordinates":[[26.097055469054727,44.44190771787499],[26.0968701,44.4416999],[26.096836027510978,44.44166602238223]]}},{"type":"Feature","properties":{"building_uid":"0b17zu","street_name":"Strada Episcopiei","highway":"tertiary","lungime":27.3},"geometry":{"type":"LineString","coordinates":[[26.097183504927944,44.442051259326036],[26.09699866817857,44.44184403822038]]}},{"type":"Feature","properties":{"building_uid":"0b17zu","street_name":"Strada Anastase Simu","highway":"residential","lungime":2.5},"geometry":{"type":"LineString","coordinates":[[26.097496764487133,44.4419427967988],[26.0974649,44.4419422]]}},{"type":"Feature","properties":{"building_uid":"0b17zu","street_name":"Strada Nicolae Golescu","highway":"residential","lungime":12.3},"geometry":{"type":"LineString","coordinates":[[26.0974649,44.4419422],[26.09740580528384,44.442044435049574]]}},{"type":"Feature","properties":{"building_uid":"0b17zu","street_name":"Strada Nicolae Golescu","highway":"living_street","lungime":9.7},"geometry":{"type":"LineString","coordinates":[[26.0974649,44.4419422],[26.0975113406102,44.441861898628865]]}},{"type":"Feature","properties":{"building_uid":"lm5hm1","street_name":"Strada Făgăraș","highway":"residential","lungime":14.6},"geometry":{"type":"LineString","coordinates":[[26.077707986646434,44.44022093109508],[26.077768679500544,44.440096734624625]]}},{"type":"Feature","properties":{"building_uid":"2w07rp","street_name":"Bulevardul Ferdinand I","highway":"primary","lungime":27.2},"geometry":{"type":"LineString","coordinates":[[26.12338176710876,44.441238280164036],[26.12309025189676,44.44111112970907]]}},{"type":"Feature","properties":{"building_uid":"uidy26","street_name":"","highway":"pedestrian","lungime":15.1},"geometry":{"type":"LineString","coordinates":[[26.10160828450903,44.43141106925668],[26.1015702,44.4314156],[26.1014209,44.4314306]]}},{"type":"Feature","properties":{"building_uid":"uidy26","street_name":"","highway":"pedestrian","lungime":3.5},"geometry":{"type":"LineString","coordinates":[[26.1013101,44.431431],[26.101266641296508,44.43143582874484]]}},{"type":"Feature","properties":{"building_uid":"vrc8ul","street_name":"Intrarea Luncani","highway":"residential","lungime":8.6},"geometry":{"type":"LineString","coordinates":[[26.07913418133031,44.44467243148024],[26.0790359,44.4446409]]}},{"type":"Feature","properties":{"building_uid":"vrc8ul","street_name":"","highway":"residential","lungime":30.5},"geometry":{"type":"LineString","coordinates":[[26.078522900281857,44.444982625729864],[26.0788034510288,44.44479574178944]]}},{"type":"Feature","properties":{"building_uid":"vrc8ul","street_name":"","highway":"residential","lungime":30.5},"geometry":{"type":"LineString","coordinates":[[26.078852817410386,44.44476285724354],[26.0790359,44.4446409],[26.079132696755366,44.444574709602676]]}},{"type":"Feature","properties":{"building_uid":"vrc8ul","street_name":"","highway":"residential","lungime":31.2},"geometry":{"type":"LineString","coordinates":[[26.079182004235637,44.44454099275237],[26.0794151,44.4443816],[26.079454415544024,44.44433980337795]]}},{"type":"Feature","properties":{"building_uid":"vrc8ul","street_name":"","highway":"residential","lungime":33.4},"geometry":{"type":"LineString","coordinates":[[26.079462836271333,44.444294779856065],[26.0794536,44.4442669],[26.0794134,44.4442229],[26.079200261020038,44.44406483384372]]}},{"type":"Feature","properties":{"building_uid":"me98s3","street_name":"","highway":"service","lungime":1.6},"geometry":{"type":"LineString","coordinates":[[26.097854,44.443763],[26.097860636024105,44.44374900771237]]}},{"type":"Feature","properties":{"building_uid":"me98s3","street_name":"Strada George Enescu","highway":"tertiary","lungime":26.3},"geometry":{"type":"LineString","coordinates":[[26.098087617628305,44.443900040578825],[26.0980043,44.4438538],[26.097903,44.4437965],[26.097854,44.443763],[26.097834575774435,44.44374772097954]]}},{"type":"Feature","properties":{"building_uid":"cdeyue","street_name":"Strada George Enescu","highway":"residential","lungime":21},"geometry":{"type":"LineString","coordinates":[[26.09531204423543,44.44235658008861],[26.095078899280068,44.44226883736347]]}},{"type":"Feature","properties":{"building_uid":"cdeyue","street_name":"Strada George Enescu","highway":"residential","lungime":12.1},"geometry":{"type":"LineString","coordinates":[[26.09505191041021,44.44225897807499],[26.094915473004853,44.44220994071505]]}},{"type":"Feature","properties":{"building_uid":"5c4v9p","street_name":"Strada George Enescu","highway":"residential","lungime":23.8},"geometry":{"type":"LineString","coordinates":[[26.095424836072148,44.4423990286293],[26.095160504545586,44.442299549022536]]}},{"type":"Feature","properties":{"building_uid":"nlefsl","street_name":"Strada Georges Clemenceau","highway":"residential","lungime":20.8},"geometry":{"type":"LineString","coordinates":[[26.096370036209546,44.44202571421578],[26.096374743057698,44.44183894520024]]}},{"type":"Feature","properties":{"building_uid":"o7qjto","street_name":"","highway":"service","lungime":2.8},"geometry":{"type":"LineString","coordinates":[[26.086295913936684,44.43648546829596],[26.086304,44.4365096]]}},{"type":"Feature","properties":{"building_uid":"tct87s","street_name":"Strada Anastase Simu","highway":"residential","lungime":40.2},"geometry":{"type":"LineString","coordinates":[[26.0986055195145,44.44196357234741],[26.0985808,44.4419631],[26.09810072027464,44.44195410845393]]}},{"type":"Feature","properties":{"building_uid":"tct87s","street_name":"Strada Arthur Verona","highway":"residential","lungime":19.7},"geometry":{"type":"LineString","coordinates":[[26.09792201202597,44.4426195360301],[26.0981639,44.4426566]]}},{"type":"Feature","properties":{"building_uid":"tct87s","street_name":"","highway":"footway","lungime":7.8},"geometry":{"type":"LineString","coordinates":[[26.0981639,44.4426566],[26.09825652405513,44.4426786556247]]}},{"type":"Feature","properties":{"building_uid":"5unak0","street_name":"","highway":"footway","lungime":22.8},"geometry":{"type":"LineString","coordinates":[[26.0976267,44.4458393],[26.0976132,44.4460442]]}},{"type":"Feature","properties":{"building_uid":"5unak0","street_name":"","highway":"footway","lungime":11.3},"geometry":{"type":"LineString","coordinates":[[26.09782025933901,44.44619469151809],[26.0977856,44.4460965]]}},{"type":"Feature","properties":{"building_uid":"5unak0","street_name":"","highway":"service","lungime":57.6},"geometry":{"type":"LineString","coordinates":[[26.09787804473137,44.445244695160184],[26.0978849,44.4452508],[26.0978636,44.4452924],[26.097645,44.4457289],[26.097640944014586,44.44572948464654]]}},{"type":"Feature","properties":{"building_uid":"5unak0","street_name":"","highway":"footway","lungime":8.9},"geometry":{"type":"LineString","coordinates":[[26.0977856,44.4460965],[26.097822492465603,44.44602098860426]]}},{"type":"Feature","properties":{"building_uid":"5unak0","street_name":"","highway":"footway","lungime":63},"geometry":{"type":"LineString","coordinates":[[26.097836564168833,44.445992186681316],[26.0980869,44.4454798],[26.098054,44.4454728]]}},{"type":"Feature","properties":{"building_uid":"5unak0","street_name":"","highway":"footway","lungime":16.2},"geometry":{"type":"LineString","coordinates":[[26.0979063,44.4454352],[26.0978636,44.4452924]]}},{"type":"Feature","properties":{"building_uid":"5unak0","street_name":"","highway":"footway","lungime":12.5},"geometry":{"type":"LineString","coordinates":[[26.098054,44.4454728],[26.0979063,44.4454352]]}},{"type":"Feature","properties":{"building_uid":"5unak0","street_name":"","highway":"footway","lungime":3.1},"geometry":{"type":"LineString","coordinates":[[26.0977856,44.4460965],[26.097750047680904,44.4460857146967]]}},{"type":"Feature","properties":{"building_uid":"bck6qc","street_name":"Bulevardul General Gheorghe Magheru","highway":"primary","lungime":11.3},"geometry":{"type":"LineString","coordinates":[[26.0972556,44.4461231],[26.097208860788214,44.44621914430064]]}},{"type":"Feature","properties":{"building_uid":"bck6qc","street_name":"","highway":"footway","lungime":12.1},"geometry":{"type":"LineString","coordinates":[[26.097620391372025,44.44593505095348],[26.0976132,44.4460442]]}},{"type":"Feature","properties":{"building_uid":"bck6qc","street_name":"Bulevardul General Gheorghe Magheru","highway":"primary","lungime":23.8},"geometry":{"type":"LineString","coordinates":[[26.09735473473733,44.44592105396392],[26.0972556,44.4461231]]}},{"type":"Feature","properties":{"building_uid":"bck6qc","street_name":"","highway":"footway","lungime":10.3},"geometry":{"type":"LineString","coordinates":[[26.097732918880943,44.446080518430826],[26.0976132,44.4460442]]}},{"type":"Feature","properties":{"building_uid":"epo041","street_name":"Strada C. A. Rosetti","highway":"tertiary","lungime":16.5},"geometry":{"type":"LineString","coordinates":[[26.100028847537658,44.440750479760545],[26.100227257199133,44.44079401169453]]}},{"type":"Feature","properties":{"building_uid":"epo041","street_name":"","highway":"footway","lungime":1.5},"geometry":{"type":"LineString","coordinates":[[26.09995345849756,44.4407715453495],[26.0999471,44.4407841]]}},{"type":"Feature","properties":{"building_uid":"epo041","street_name":"","highway":"footway","lungime":5.4},"geometry":{"type":"LineString","coordinates":[[26.09984018169928,44.44084676028795],[26.0999043,44.440862]]}},{"type":"Feature","properties":{"building_uid":"epo041","street_name":"","highway":"footway","lungime":9.3},"geometry":{"type":"LineString","coordinates":[[26.0999471,44.4407841],[26.0999043,44.440862]]}},{"type":"Feature","properties":{"building_uid":"epo041","street_name":"","highway":"service","lungime":19.5},"geometry":{"type":"LineString","coordinates":[[26.100279405571868,44.44112522285454],[26.1002531,44.4411252],[26.1002353,44.44113],[26.1002249,44.4411408],[26.1002273,44.4412709]]}},{"type":"Feature","properties":{"building_uid":"l124r3","street_name":"Bulevardul General Gheorghe Magheru","highway":"primary","lungime":50},"geometry":{"type":"LineString","coordinates":[[26.098663320086498,44.44321542266418],[26.098468052801337,44.44364318487721]]}},{"type":"Feature","properties":{"building_uid":"q5k0b0","street_name":"Bulevardul General Gheorghe Magheru","highway":"primary","lungime":41.5},"geometry":{"type":"LineString","coordinates":[[26.098642137040766,44.44326182729624],[26.098480124494404,44.443616740026826]]}},{"type":"Feature","properties":{"building_uid":"sz88gg","street_name":"","highway":"footway","lungime":47.2},"geometry":{"type":"LineString","coordinates":[[26.1511895,44.4295915],[26.1511848,44.4296233],[26.15111411848641,44.430012911746765]]}},{"type":"Feature","properties":{"building_uid":"sz88gg","street_name":"","highway":"service","lungime":34.9},"geometry":{"type":"LineString","coordinates":[[26.151298990928794,44.429607542897735],[26.1511895,44.4295915],[26.150870881879335,44.42954054286175]]}},{"type":"Feature","properties":{"building_uid":"8qd61o","street_name":"Strada Gheorghe Pop de Băsești","highway":"residential","lungime":8.5},"geometry":{"type":"LineString","coordinates":[[26.123571924364473,44.44247516982927],[26.123668681801227,44.44250743794955]]}},{"type":"Feature","properties":{"building_uid":"ig63e3","street_name":"Strada Gheorghe Ionescu-Gion","highway":"residential","lungime":12.3},"geometry":{"type":"LineString","coordinates":[[26.11269284765219,44.432451431777515],[26.11261301523175,44.4325461300604]]}},{"type":"Feature","properties":{"building_uid":"7blay6","street_name":"","highway":"residential","lungime":50.3},"geometry":{"type":"LineString","coordinates":[[26.0516984,44.4587738],[26.051176436020253,44.45902859054012]]}},{"type":"Feature","properties":{"building_uid":"7blay6","street_name":"","highway":"residential","lungime":10.2},"geometry":{"type":"LineString","coordinates":[[26.051165835440287,44.459025706886834],[26.0510983,44.4589626],[26.051083457394846,44.45895729204849]]}},{"type":"Feature","properties":{"building_uid":"7blay6","street_name":"","highway":"residential","lungime":42.2},"geometry":{"type":"LineString","coordinates":[[26.0516984,44.4587738],[26.0520797,44.4585923],[26.0521112,44.4585864],[26.0521415,44.4585953],[26.052145986663177,44.458599681753505]]}},{"type":"Feature","properties":{"building_uid":"7blay6","street_name":"Strada Măgura Florilor","highway":"residential","lungime":4.7},"geometry":{"type":"LineString","coordinates":[[26.051732538187203,44.4588084826559],[26.0516984,44.4587738]]}},{"type":"Feature","properties":{"building_uid":"7blay6","street_name":"","highway":"footway","lungime":34},"geometry":{"type":"LineString","coordinates":[[26.0521112,44.4585864],[26.0521343,44.4585124],[26.052397402720626,44.45837993808382]]}},{"type":"Feature","properties":{"building_uid":"7blay6","street_name":"","highway":"footway","lungime":16.7},"geometry":{"type":"LineString","coordinates":[[26.05122224113744,44.458682005571056],[26.0512696,44.4587333],[26.0512625,44.4587517],[26.0512397,44.4587649],[26.0511898,44.4587974]]}},{"type":"Feature","properties":{"building_uid":"7blay6","street_name":"","highway":"footway","lungime":16.7},"geometry":{"type":"LineString","coordinates":[[26.0511414,44.4588249],[26.0511029,44.4588463],[26.0510829,44.4588707],[26.0510772,44.4589134],[26.051083173754463,44.45895700840758]]}},{"type":"Feature","properties":{"building_uid":"7blay6","street_name":"","highway":"steps","lungime":4.9},"geometry":{"type":"LineString","coordinates":[[26.0511898,44.4587974],[26.0511414,44.4588249]]}},{"type":"Feature","properties":{"building_uid":"47b41i","street_name":"","highway":"footway","lungime":2.1},"geometry":{"type":"LineString","coordinates":[[26.0922153,44.3898636],[26.09223982443784,44.38985769444975]]}},{"type":"Feature","properties":{"building_uid":"47b41i","street_name":"","highway":"footway","lungime":19.5},"geometry":{"type":"LineString","coordinates":[[26.0922153,44.3898636],[26.092138382629635,44.38969736191708]]}},{"type":"Feature","properties":{"building_uid":"47b41i","street_name":"","highway":"footway","lungime":10},"geometry":{"type":"LineString","coordinates":[[26.0922153,44.3898636],[26.09225395917603,44.38994943689228]]}},{"type":"Feature","properties":{"building_uid":"47b41i","street_name":"","highway":"service","lungime":7.1},"geometry":{"type":"LineString","coordinates":[[26.0920166,44.389704],[26.09199003067508,44.389642724109116]]}},{"type":"Feature","properties":{"building_uid":"47b41i","street_name":"","highway":"service","lungime":35.8},"geometry":{"type":"LineString","coordinates":[[26.0920166,44.389704],[26.09167,44.389755],[26.0916468,44.3897534],[26.0916308,44.389741],[26.091609955667682,44.389709253347526]]}},{"type":"Feature","properties":{"building_uid":"47b41i","street_name":"","highway":"service","lungime":43.7},"geometry":{"type":"LineString","coordinates":[[26.09211867463777,44.39008752831534],[26.092084,44.3900118],[26.0920618,44.3899612],[26.0920554,44.3899229],[26.0920555,44.3898357],[26.0920421,44.3897807],[26.0920166,44.389704]]}},{"type":"Feature","properties":{"building_uid":"ccmk8m","street_name":"Șoseaua Giurgiului","highway":"residential","lungime":101.6},"geometry":{"type":"LineString","coordinates":[[26.091854139354993,44.38657255869508],[26.091825,44.3865079],[26.0916283,44.3860706],[26.091459108331158,44.38570249948435]]}},{"type":"Feature","properties":{"building_uid":"ccmk8m","street_name":"","highway":"footway","lungime":0.1},"geometry":{"type":"LineString","coordinates":[[26.091629976031445,44.3860702438618],[26.0916283,44.3860706]]}},{"type":"Feature","properties":{"building_uid":"ccmk8m","street_name":"Strada Podul Giurgiului","highway":"residential","lungime":31.1},"geometry":{"type":"LineString","coordinates":[[26.091446646111617,44.38670252088641],[26.0914576,44.3867009],[26.09182159016078,44.386624048859765]]}},{"type":"Feature","properties":{"building_uid":"di057k","street_name":"Strada Luncani","highway":"residential","lungime":73.1},"geometry":{"type":"LineString","coordinates":[[26.07872578235331,44.44593824886337],[26.078759,44.445927],[26.0793417,44.4457296],[26.079523355344243,44.44583944250426]]}},{"type":"Feature","properties":{"building_uid":"rmz3pm","street_name":"Strada Căpitan Octavian Cocărăscu","highway":"residential","lungime":47.1},"geometry":{"type":"LineString","coordinates":[[26.066829275364956,44.45265929945931],[26.0664986,44.4523503],[26.06646648421654,44.45232396881379]]}},{"type":"Feature","properties":{"building_uid":"799c1l","street_name":"","highway":"service","lungime":78.7},"geometry":{"type":"LineString","coordinates":[[26.051393579961516,44.470205969055904],[26.0509402,44.4708045],[26.050973913853728,44.47081866369372]]}},{"type":"Feature","properties":{"building_uid":"1iee6v","street_name":"","highway":"service","lungime":40.9},"geometry":{"type":"LineString","coordinates":[[26.05026360695986,44.469942821121606],[26.0502621,44.4699599],[26.0502434,44.4699909],[26.0500329,44.4702508],[26.050015608161942,44.47026236877109]]}},{"type":"Feature","properties":{"building_uid":"1iee6v","street_name":"","highway":"footway","lungime":30},"geometry":{"type":"LineString","coordinates":[[26.0499211144477,44.4703841243785],[26.049934,44.4703903],[26.0499626,44.4704168],[26.0499742,44.4704535],[26.0499652,44.4704934],[26.0499474,44.4705205],[26.0499125,44.4705683],[26.049888,44.470612],[26.049883872033412,44.47062803556252]]}},{"type":"Feature","properties":{"building_uid":"dhcd2t","street_name":"Strada Henri Coandă","highway":"residential","lungime":5.4},"geometry":{"type":"LineString","coordinates":[[26.09169942479159,44.448976939675795],[26.0916913,44.4490057],[26.091691866006368,44.44902521232477]]}},{"type":"Feature","properties":{"building_uid":"cu027x","street_name":"Strada Spiru Haret","highway":"residential","lungime":15},"geometry":{"type":"LineString","coordinates":[[26.089575918926663,44.44164749141599],[26.0895277,44.4417419],[26.08951078261377,44.441774215246745]]}},{"type":"Feature","properties":{"building_uid":"cu027x","street_name":"Strada General Henri Mathias Berthelot","highway":"residential","lungime":30.4},"geometry":{"type":"LineString","coordinates":[[26.08980690085129,44.44199139059671],[26.089513206096605,44.44181693056558]]}},{"type":"Feature","properties":{"building_uid":"w54rsv","street_name":"Strada General Henri Mathias Berthelot","highway":"residential","lungime":24.1},"geometry":{"type":"LineString","coordinates":[[26.088397778675994,44.44122302179772],[26.08810801238703,44.44115861369765]]}},{"type":"Feature","properties":{"building_uid":"vx8rqx","street_name":"Bulevardul Hristo Botev","highway":"tertiary","lungime":36.5},"geometry":{"type":"LineString","coordinates":[[26.10652599806634,44.4353623352165],[26.106288743161265,44.43564303468731]]}},{"type":"Feature","properties":{"building_uid":"61lmdb","street_name":"Strada Dimitrie Bolintineanu","highway":"residential","lungime":31.5},"geometry":{"type":"LineString","coordinates":[[26.106631013346078,44.43518978018247],[26.106347885723153,44.434992261449395]]}},{"type":"Feature","properties":{"building_uid":"pvqe9k","street_name":"","highway":"footway","lungime":37.4},"geometry":{"type":"LineString","coordinates":[[26.103133998826515,44.432970805307754],[26.1030605594475,44.433302977268234]]}},{"type":"Feature","properties":{"building_uid":"e9rbxy","street_name":"Strada Nicolae Tonitza","highway":"pedestrian","lungime":46.8},"geometry":{"type":"LineString","coordinates":[[26.097702909425816,44.43009665088768],[26.0972809,44.4299578],[26.097223,44.429939],[26.097167823434262,44.4299211297934]]}},{"type":"Feature","properties":{"building_uid":"e9rbxy","street_name":"","highway":"service","lungime":10.6},"geometry":{"type":"LineString","coordinates":[[26.097287,44.4297594],[26.097195708612436,44.42982933377241]]}},{"type":"Feature","properties":{"building_uid":"e9rbxy","street_name":"Splaiul Independenței","highway":"primary","lungime":4.1},"geometry":{"type":"LineString","coordinates":[[26.097287,44.4297594],[26.097238515090407,44.42977090994779]]}},{"type":"Feature","properties":{"building_uid":"e9rbxy","street_name":"Splaiul Independenței","highway":"primary","lungime":59},"geometry":{"type":"LineString","coordinates":[[26.098024377421723,44.42970816549439],[26.0977904,44.4297212],[26.0974268,44.429743],[26.097355,44.4297489],[26.097287,44.4297594]]}},{"type":"Feature","properties":{"building_uid":"e9rbxy","street_name":"","highway":"footway","lungime":3.7},"geometry":{"type":"LineString","coordinates":[[26.09718586761219,44.42995910904288],[26.097223,44.429939]]}},{"type":"Feature","properties":{"building_uid":"e9rbxy","street_name":"","highway":"footway","lungime":79.1},"geometry":{"type":"LineString","coordinates":[[26.097223,44.429939],[26.0972795,44.4298208],[26.0973358,44.4297825],[26.0974297,44.4297768],[26.09807632068715,44.4297497210535]]}},{"type":"Feature","properties":{"building_uid":"e9rbxy","street_name":"","highway":"pedestrian","lungime":14.8},"geometry":{"type":"LineString","coordinates":[[26.097749212271005,44.430065320008616],[26.0976369,44.430029],[26.09757881184903,44.43001130360977]]}},{"type":"Feature","properties":{"building_uid":"e9rbxy","street_name":"","highway":"pedestrian","lungime":13.2},"geometry":{"type":"LineString","coordinates":[[26.097565107302263,44.43001519792125],[26.0975651,44.4300152],[26.097532,44.4300042],[26.0975306,44.4299961],[26.097422912634414,44.42996220397685]]}},{"type":"Feature","properties":{"building_uid":"e9rbxy","street_name":"","highway":"pedestrian","lungime":8.6},"geometry":{"type":"LineString","coordinates":[[26.097410906147115,44.42996679764361],[26.0974109,44.4299668],[26.0973794,44.4299566],[26.0973788,44.4299483],[26.097322011382463,44.429930403587086]]}},{"type":"Feature","properties":{"building_uid":"e9rbxy","street_name":"","highway":"pedestrian","lungime":30.1},"geometry":{"type":"LineString","coordinates":[[26.097306809104072,44.42993439760419],[26.0973068,44.4299344],[26.0972956,44.4299296],[26.0972809,44.4299578],[26.0972611,44.4299957],[26.0972717,44.4299982],[26.0972874,44.4300052],[26.0972822,44.430011],[26.0972941,44.4300158],[26.0973,44.4300105],[26.0973276,44.4300206],[26.0974774,44.4300708],[26.097474191789026,44.430076232570585]]}},{"type":"Feature","properties":{"building_uid":"srw08x","street_name":"","highway":"footway","lungime":41.3},"geometry":{"type":"LineString","coordinates":[[26.13112542959181,44.46011545295447],[26.1308949,44.4597821]]}},{"type":"Feature","properties":{"building_uid":"srw08x","street_name":"","highway":"service","lungime":38.1},"geometry":{"type":"LineString","coordinates":[[26.130553711333697,44.45989954179611],[26.1308949,44.4597821],[26.130985170888785,44.45975102986069]]}},{"type":"Feature","properties":{"building_uid":"7qg14h","street_name":"Strada Ion Brezoianu","highway":"residential","lungime":6.1},"geometry":{"type":"LineString","coordinates":[[26.0945637,44.436358],[26.0945358,44.4363933],[26.094527063733178,44.43640659940619]]}},{"type":"Feature","properties":{"building_uid":"7qg14h","street_name":"Intrarea Rigas","highway":"residential","lungime":45},"geometry":{"type":"LineString","coordinates":[[26.093972879086284,44.43628253769294],[26.09450228619,44.43642442144336]]}},{"type":"Feature","properties":{"building_uid":"7qg14h","street_name":"Strada Matei Millo","highway":"pedestrian","lungime":0.2},"geometry":{"type":"LineString","coordinates":[[26.094566310803966,44.4363579772148],[26.0945637,44.436358]]}},{"type":"Feature","properties":{"building_uid":"7qg14h","street_name":"Piața Ion Rațiu","highway":"pedestrian","lungime":0.2},"geometry":{"type":"LineString","coordinates":[[26.0945637,44.436358],[26.094566310803966,44.4363579772148]]}},{"type":"Feature","properties":{"building_uid":"7qg14h","street_name":"Piața Ion Rațiu","highway":"pedestrian","lungime":1.2},"geometry":{"type":"LineString","coordinates":[[26.094571335656273,44.4363484272191],[26.0945637,44.436358]]}},{"type":"Feature","properties":{"building_uid":"7qg14h","street_name":"Strada Ion Brezoianu","highway":"residential","lungime":1.2},"geometry":{"type":"LineString","coordinates":[[26.094571335656273,44.4363484272191],[26.0945637,44.436358]]}},{"type":"Feature","properties":{"building_uid":"inoi5n","street_name":"Strada Ion Câmpineanu","highway":"tertiary","lungime":41.9},"geometry":{"type":"LineString","coordinates":[[26.100393508012402,44.43765066963838],[26.1009032,44.4377447]]}},{"type":"Feature","properties":{"building_uid":"inoi5n","street_name":"","highway":"footway","lungime":4},"geometry":{"type":"LineString","coordinates":[[26.1009032,44.4377447],[26.100886053519293,44.43777866198377]]}},{"type":"Feature","properties":{"building_uid":"inoi5n","street_name":"Strada Ion Câmpineanu","highway":"tertiary","lungime":6.1},"geometry":{"type":"LineString","coordinates":[[26.1009032,44.4377447],[26.1009728,44.4377575],[26.100977718932644,44.43775850320336]]}},{"type":"Feature","properties":{"building_uid":"inoi5n","street_name":"","highway":"service","lungime":0.6},"geometry":{"type":"LineString","coordinates":[[26.10097020538709,44.43776256392168],[26.1009728,44.4377575]]}},{"type":"Feature","properties":{"building_uid":"z5vrbq","street_name":"Strada Ion Câmpineanu","highway":"tertiary","lungime":25.6},"geometry":{"type":"LineString","coordinates":[[26.09713423813115,44.43714978874305],[26.09744979189495,44.437196290514606]]}},{"type":"Feature","properties":{"building_uid":"z5vrbq","street_name":"","highway":"service","lungime":38},"geometry":{"type":"LineString","coordinates":[[26.097121611600958,44.43714959333917],[26.097019170152322,44.437483795413435]]}},{"type":"Feature","properties":{"building_uid":"z5vrbq","street_name":"","highway":"footway","lungime":6},"geometry":{"type":"LineString","coordinates":[[26.0971151,44.4375349],[26.097087396905053,44.43758469652893]]}},{"type":"Feature","properties":{"building_uid":"z5vrbq","street_name":"","highway":"steps","lungime":3.4},"geometry":{"type":"LineString","coordinates":[[26.097077602634393,44.437520852535364],[26.0971151,44.4375349]]}},{"type":"Feature","properties":{"building_uid":"z5vrbq","street_name":"Calea Victoriei","highway":"secondary","lungime":15.6},"geometry":{"type":"LineString","coordinates":[[26.097501427772883,44.43765561193497],[26.0975277,44.4375856],[26.097549722247397,44.437519439546115]]}},{"type":"Feature","properties":{"building_uid":"z5vrbq","street_name":"Calea Victoriei","highway":"secondary","lungime":18.5},"geometry":{"type":"LineString","coordinates":[[26.097552096537846,44.437511892245595],[26.09759902833246,44.43734920810214]]}},{"type":"Feature","properties":{"building_uid":"m8bdm0","street_name":"Intrarea Victor Eftimiu","highway":"residential","lungime":46.7},"geometry":{"type":"LineString","coordinates":[[26.0951312,44.4377081],[26.0949752,44.4375245],[26.094817309352376,44.43735342929148]]}},{"type":"Feature","properties":{"building_uid":"m8bdm0","street_name":"","highway":"service","lungime":14.6},"geometry":{"type":"LineString","coordinates":[[26.09486353792466,44.43762878027221],[26.0949752,44.4375245]]}},{"type":"Feature","properties":{"building_uid":"m8bdm0","street_name":"","highway":"footway","lungime":12.6},"geometry":{"type":"LineString","coordinates":[[26.0951581,44.4376944],[26.095266076060728,44.43777721139203]]}},{"type":"Feature","properties":{"building_uid":"m8bdm0","street_name":"","highway":"footway","lungime":15.4},"geometry":{"type":"LineString","coordinates":[[26.095498106212638,44.43766916941856],[26.095324,44.4376097]]}},{"type":"Feature","properties":{"building_uid":"m8bdm0","street_name":"Strada Ion Câmpineanu","highway":"tertiary","lungime":27.2},"geometry":{"type":"LineString","coordinates":[[26.0951312,44.4377081],[26.0951581,44.4376944],[26.095324,44.4376097],[26.0954096,44.437566]]}},{"type":"Feature","properties":{"building_uid":"m8bdm0","street_name":"Strada Ion Câmpineanu","highway":"tertiary","lungime":11},"geometry":{"type":"LineString","coordinates":[[26.095023820586217,44.43777017577904],[26.0951312,44.4377081]]}},{"type":"Feature","properties":{"building_uid":"m8bdm0","street_name":"Strada Ion Câmpineanu","highway":"tertiary","lungime":22},"geometry":{"type":"LineString","coordinates":[[26.0954096,44.437566],[26.095634617315838,44.43745164693785]]}},{"type":"Feature","properties":{"building_uid":"ri3vby","street_name":"Strada Ion Câmpineanu","highway":"tertiary","lungime":3.7},"geometry":{"type":"LineString","coordinates":[[26.093798130710404,44.43896095380285],[26.0938137,44.4389291]]}},{"type":"Feature","properties":{"building_uid":"ri3vby","street_name":"Strada Poiana Narciselor","highway":"residential","lungime":14.9},"geometry":{"type":"LineString","coordinates":[[26.09346699112356,44.4387465689695],[26.0936129,44.4386626]]}},{"type":"Feature","properties":{"building_uid":"ri3vby","street_name":"","highway":"footway","lungime":4.8},"geometry":{"type":"LineString","coordinates":[[26.0936129,44.4386626],[26.09367,44.4386774]]}},{"type":"Feature","properties":{"building_uid":"ri3vby","street_name":"","highway":"footway","lungime":11},"geometry":{"type":"LineString","coordinates":[[26.09367,44.4386774],[26.0937966,44.4387174]]}},{"type":"Feature","properties":{"building_uid":"ri3vby","street_name":"","highway":"footway","lungime":10.8},"geometry":{"type":"LineString","coordinates":[[26.0937966,44.4387174],[26.0939229,44.4387533]]}},{"type":"Feature","properties":{"building_uid":"ri3vby","street_name":"Strada Ion Câmpineanu","highway":"tertiary","lungime":43.3},"geometry":{"type":"LineString","coordinates":[[26.0938137,44.4389291],[26.0939055,44.4387813],[26.0939229,44.4387533],[26.0939943,44.4386409],[26.09404167300535,44.43857547783122]]}},{"type":"Feature","properties":{"building_uid":"ri3vby","street_name":"","highway":"footway","lungime":0.9},"geometry":{"type":"LineString","coordinates":[[26.09391601238478,44.43878359689586],[26.0939055,44.4387813]]}},{"type":"Feature","properties":{"building_uid":"iauo42","street_name":"Strada Ion Câmpineanu","highway":"tertiary","lungime":61.8},"geometry":{"type":"LineString","coordinates":[[26.09355842536159,44.439454815143655],[26.0936069,44.4393522],[26.0938137,44.4389291]]}},{"type":"Feature","properties":{"building_uid":"iauo42","street_name":"Strada Sala Palatului","highway":"service","lungime":0.3},"geometry":{"type":"LineString","coordinates":[[26.093610873578598,44.4393527037327],[26.0936069,44.4393522]]}},{"type":"Feature","properties":{"building_uid":"iauo42","street_name":"","highway":"service","lungime":45.6},"geometry":{"type":"LineString","coordinates":[[26.0931657,44.4394253],[26.0932362,44.4392618],[26.0932507,44.4391901],[26.0932534,44.4390982],[26.093240130923615,44.43902402503886]]}},{"type":"Feature","properties":{"building_uid":"iauo42","street_name":"","highway":"service","lungime":0.9},"geometry":{"type":"LineString","coordinates":[[26.0936069,44.4393522],[26.09360693385549,44.43936054199257]]}},{"type":"Feature","properties":{"building_uid":"iauo42","street_name":"Strada Poiana Narciselor","highway":"residential","lungime":15.5},"geometry":{"type":"LineString","coordinates":[[26.09334440435952,44.438817116317274],[26.093496378222806,44.438729657013894]]}},{"type":"Feature","properties":{"building_uid":"iauo42","street_name":"Strada Ion Câmpineanu","highway":"tertiary","lungime":3.5},"geometry":{"type":"LineString","coordinates":[[26.0938137,44.4389291],[26.093831508580617,44.43890042779722]]}},{"type":"Feature","properties":{"building_uid":"i0dfym","street_name":"","highway":"service","lungime":43.8},"geometry":{"type":"LineString","coordinates":[[26.096114786358942,44.43757352760061],[26.0961649,44.4375885],[26.0961746,44.4375984],[26.0961796,44.4376079],[26.0961864,44.4376418],[26.096191,44.4376532],[26.0962073,44.4376641],[26.0965008,44.4377631],[26.0965428,44.4377774],[26.09654978102387,44.43777840162517]]}},{"type":"Feature","properties":{"building_uid":"i0dfym","street_name":"","highway":"service","lungime":35.3},"geometry":{"type":"LineString","coordinates":[[26.09669651895005,44.437478852713625],[26.0966827,44.43749],[26.0965008,44.4377631]]}},{"type":"Feature","properties":{"building_uid":"5zfbuf","street_name":"Strada Ion Ghica","highway":"residential","lungime":19.4},"geometry":{"type":"LineString","coordinates":[[26.102227977611292,44.4343804343001],[26.1021262,44.4343475],[26.102008226356595,44.43430522971603]]}},{"type":"Feature","properties":{"building_uid":"5zfbuf","street_name":"Strada Ion Nistor","highway":"service","lungime":46.7},"geometry":{"type":"LineString","coordinates":[[26.1021262,44.4343475],[26.102007536432875,44.434759650290566]]}},{"type":"Feature","properties":{"building_uid":"s420nn","street_name":"","highway":"service","lungime":134.1},"geometry":{"type":"LineString","coordinates":[[26.028324657110815,44.43400901344285],[26.03000963125233,44.434033083478624]]}},{"type":"Feature","properties":{"building_uid":"s420nn","street_name":"","highway":"residential","lungime":148.8},"geometry":{"type":"LineString","coordinates":[[26.028304109948134,44.43367001623788],[26.0298173,44.4337103],[26.0298755,44.4337013],[26.0299409,44.4336713],[26.0300414,44.4336304],[26.0301385,44.4336064]]}},{"type":"Feature","properties":{"building_uid":"sejs62","street_name":"","highway":"footway","lungime":2.2},"geometry":{"type":"LineString","coordinates":[[26.07762743713947,44.43371201827957],[26.0776485,44.4336997]]}},{"type":"Feature","properties":{"building_uid":"sejs62","street_name":"Strada Doctor Joseph Lister","highway":"residential","lungime":33.6},"geometry":{"type":"LineString","coordinates":[[26.077603098357393,44.43364447856254],[26.0776485,44.4336997],[26.0778094,44.4339048],[26.07781129374533,44.43390719076278]]}},{"type":"Feature","properties":{"building_uid":"9f2h3y","street_name":"Strada Jules Michelet","highway":"residential","lungime":23.8},"geometry":{"type":"LineString","coordinates":[[26.10012426968793,44.44408282037196],[26.100421280277878,44.44411118827084]]}},{"type":"Feature","properties":{"building_uid":"za0kg4","street_name":"Strada Pitar Moș","highway":"residential","lungime":5.5},"geometry":{"type":"LineString","coordinates":[[26.10077951712783,44.44410155742019],[26.1007726,44.4441507]]}},{"type":"Feature","properties":{"building_uid":"za0kg4","street_name":"Strada Jules Michelet","highway":"residential","lungime":10.8},"geometry":{"type":"LineString","coordinates":[[26.100531875773676,44.44412175140207],[26.1006664,44.4441346]]}},{"type":"Feature","properties":{"building_uid":"za0kg4","street_name":"Strada Jules Michelet","highway":"residential","lungime":19.6},"geometry":{"type":"LineString","coordinates":[[26.1006664,44.4441346],[26.1007726,44.4441507],[26.1008854,44.4441649],[26.100906356358482,44.44417163712915]]}},{"type":"Feature","properties":{"building_uid":"za0kg4","street_name":"","highway":"footway","lungime":2.5},"geometry":{"type":"LineString","coordinates":[[26.1008854,44.4441649],[26.100889700073502,44.4441430583568]]}},{"type":"Feature","properties":{"building_uid":"jueirk","street_name":"","highway":"path","lungime":13.2},"geometry":{"type":"LineString","coordinates":[[26.09444449954813,44.447933722548846],[26.094579870732556,44.44786462171243]]}},{"type":"Feature","properties":{"building_uid":"gczg4w","street_name":"Strada Litovoi Voievod","highway":"residential","lungime":33.3},"geometry":{"type":"LineString","coordinates":[[26.13106059632759,44.456715675811296],[26.1309817,44.4567466],[26.130691962177014,44.45685680183735]]}},{"type":"Feature","properties":{"building_uid":"gczg4w","street_name":"Strada Elena","highway":"residential","lungime":31},"geometry":{"type":"LineString","coordinates":[[26.13115741591035,44.456708163763096],[26.131329795974015,44.456958278647456]]}},{"type":"Feature","properties":{"building_uid":"gczg4w","street_name":"Strada Elena","highway":"residential","lungime":1.6},"geometry":{"type":"LineString","coordinates":[[26.1309817,44.4567466],[26.13097213894923,44.456733428828336]]}},{"type":"Feature","properties":{"building_uid":"gczg4w","street_name":"","highway":"footway","lungime":40.3},"geometry":{"type":"LineString","coordinates":[[26.1308529,44.457115],[26.131318469367933,44.4569719630469]]}},{"type":"Feature","properties":{"building_uid":"gczg4w","street_name":"","highway":"service","lungime":32.3},"geometry":{"type":"LineString","coordinates":[[26.130677939781595,44.45687038691068],[26.1308529,44.457115],[26.13086355521173,44.45712935425605]]}},{"type":"Feature","properties":{"building_uid":"395z3u","street_name":"","highway":"service","lungime":11.1},"geometry":{"type":"LineString","coordinates":[[26.092291969516655,44.44123743677943],[26.092159775081967,44.44120480650758]]}},{"type":"Feature","properties":{"building_uid":"395z3u","street_name":"","highway":"service","lungime":7.3},"geometry":{"type":"LineString","coordinates":[[26.09213986110428,44.44119989103207],[26.0920532,44.4411785]]}},{"type":"Feature","properties":{"building_uid":"bibbol","street_name":"Strada Mântuleasa","highway":"tertiary","lungime":24.9},"geometry":{"type":"LineString","coordinates":[[26.112618340450744,44.43468575925805],[26.112495426431497,44.43447986617045]]}},{"type":"Feature","properties":{"building_uid":"av7k74","street_name":"Strada Bucur","highway":"residential","lungime":9.5},"geometry":{"type":"LineString","coordinates":[[26.1086983560398,44.42240302068186],[26.108774910473887,44.42246908136193]]}},{"type":"Feature","properties":{"building_uid":"hml4x8","street_name":"Strada Vasile Lascăr","highway":"tertiary","lungime":16.4},"geometry":{"type":"LineString","coordinates":[[26.109573198269537,44.442059088105005],[26.109495719756666,44.44192206974484]]}},{"type":"Feature","properties":{"building_uid":"1ziyw4","street_name":"Strada Maria Rosetti","highway":"tertiary","lungime":19.9},"geometry":{"type":"LineString","coordinates":[[26.108235507287993,44.44224534341251],[26.1082731,44.4422457],[26.108485621917346,44.44224769139728]]}},{"type":"Feature","properties":{"building_uid":"1ziyw4","street_name":"","highway":"service","lungime":1.6},"geometry":{"type":"LineString","coordinates":[[26.1082731,44.4422457],[26.10827325089555,44.442231449424234]]}},{"type":"Feature","properties":{"building_uid":"m15w64","street_name":"","highway":"service","lungime":29},"geometry":{"type":"LineString","coordinates":[[26.124897904186685,44.452738524062],[26.124625,44.4528343],[26.124571451956005,44.452853801519055]]}},{"type":"Feature","properties":{"building_uid":"m15w64","street_name":"","highway":"footway","lungime":44.5},"geometry":{"type":"LineString","coordinates":[[26.124625,44.4528343],[26.12487179920859,44.45319373993912]]}},{"type":"Feature","properties":{"building_uid":"m15w64","street_name":"Strada Mașina de Pâine","highway":"residential","lungime":25.7},"geometry":{"type":"LineString","coordinates":[[26.12511108136762,44.45309406465961],[26.125035975097333,44.45286885074577]]}},{"type":"Feature","properties":{"building_uid":"ve2btr","street_name":"Strada Turmelor","highway":"tertiary","lungime":51.3},"geometry":{"type":"LineString","coordinates":[[26.125371805114103,44.453429441390746],[26.1254554,44.4533944],[26.1257998,44.4532468],[26.125926562423558,44.453193385072595]]}},{"type":"Feature","properties":{"building_uid":"ve2btr","street_name":"","highway":"service","lungime":52.2},"geometry":{"type":"LineString","coordinates":[[26.125565838853607,44.45372663104795],[26.126151346279233,44.45351366386873]]}},{"type":"Feature","properties":{"building_uid":"ve2btr","street_name":"Strada Alexe Ion","highway":"residential","lungime":1.4},"geometry":{"type":"LineString","coordinates":[[26.1257998,44.4532468],[26.12579612398749,44.45323406844448]]}},{"type":"Feature","properties":{"building_uid":"ve2btr","street_name":"","highway":"footway","lungime":61.1},"geometry":{"type":"LineString","coordinates":[[26.126031351831646,44.45320636968925],[26.12536960995466,44.45348541333344]]}},{"type":"Feature","properties":{"building_uid":"6q3qsa","street_name":"Aleea Oteșani","highway":"residential","lungime":126.7},"geometry":{"type":"LineString","coordinates":[[26.12734746036327,44.456993036264365],[26.1274398,44.4571115],[26.128123657534683,44.457988773487266]]}},{"type":"Feature","properties":{"building_uid":"6q3qsa","street_name":"","highway":"footway","lungime":3.3},"geometry":{"type":"LineString","coordinates":[[26.1274398,44.4571115],[26.12740426353707,44.45712618118352]]}},{"type":"Feature","properties":{"building_uid":"pjxay9","street_name":"","highway":"service","lungime":30.3},"geometry":{"type":"LineString","coordinates":[[26.125557358502558,44.45372971570697],[26.1255629,44.4537277],[26.125897188313246,44.453606108990215]]}},{"type":"Feature","properties":{"building_uid":"g75aew","street_name":"Strada Matei Millo","highway":"residential","lungime":51.2},"geometry":{"type":"LineString","coordinates":[[26.095225326723472,44.43634949676274],[26.0957386,44.4363395],[26.095868341000763,44.43633781505194]]}},{"type":"Feature","properties":{"building_uid":"g75aew","street_name":"","highway":"service","lungime":3.2},"geometry":{"type":"LineString","coordinates":[[26.09573776338771,44.43631083093553],[26.0957386,44.4363395]]}},{"type":"Feature","properties":{"building_uid":"xzikjb","street_name":"","highway":"service","lungime":157},"geometry":{"type":"LineString","coordinates":[[26.1348422,44.4410049],[26.1353167,44.4402762],[26.1354881,44.4400065],[26.1354971,44.4399798],[26.1354891,44.4399498],[26.1354387,44.4398996],[26.1352035,44.4398047]]}},{"type":"Feature","properties":{"building_uid":"xzikjb","street_name":"","highway":"service","lungime":13.5},"geometry":{"type":"LineString","coordinates":[[26.1347457,44.4410979],[26.1347898,44.4410253],[26.1348422,44.4410049]]}},{"type":"Feature","properties":{"building_uid":"xzikjb","street_name":"","highway":"service","lungime":8.5},"geometry":{"type":"LineString","coordinates":[[26.134722348289714,44.44117262547291],[26.1347457,44.4410979]]}},{"type":"Feature","properties":{"building_uid":"xzikjb","street_name":"","highway":"footway","lungime":7.2},"geometry":{"type":"LineString","coordinates":[[26.13426165292686,44.44103069998101],[26.134338,44.4410659]]}},{"type":"Feature","properties":{"building_uid":"xzikjb","street_name":"","highway":"service","lungime":3.3},"geometry":{"type":"LineString","coordinates":[[26.134883671956032,44.441009008146814],[26.1348422,44.4410049]]}},{"type":"Feature","properties":{"building_uid":"xzikjb","street_name":"","highway":"service","lungime":5.1},"geometry":{"type":"LineString","coordinates":[[26.1352035,44.4398047],[26.13523627448826,44.439765620874496]]}},{"type":"Feature","properties":{"building_uid":"xzikjb","street_name":"","highway":"footway","lungime":3.5},"geometry":{"type":"LineString","coordinates":[[26.134338,44.4410659],[26.134343599972592,44.44109725984651]]}},{"type":"Feature","properties":{"building_uid":"xzikjb","street_name":"","highway":"footway","lungime":156.1},"geometry":{"type":"LineString","coordinates":[[26.134338,44.4410659],[26.1348442,44.440307],[26.1352035,44.4398047]]}},{"type":"Feature","properties":{"building_uid":"xzikjb","street_name":"","highway":"service","lungime":3.7},"geometry":{"type":"LineString","coordinates":[[26.1353167,44.4402762],[26.135362949713766,44.44028227660473]]}},{"type":"Feature","properties":{"building_uid":"afdowf","street_name":"","highway":"pedestrian","lungime":101.2},"geometry":{"type":"LineString","coordinates":[[26.12891289288847,44.44341619037738],[26.1292674,44.4430356],[26.1294552,44.4431217],[26.1296626,44.4429017],[26.129693709557586,44.44291934713173]]}},{"type":"Feature","properties":{"building_uid":"afdowf","street_name":"","highway":"pedestrian","lungime":1.8},"geometry":{"type":"LineString","coordinates":[[26.1294552,44.4431217],[26.129443062887823,44.443134906005575]]}},{"type":"Feature","properties":{"building_uid":"afdowf","street_name":"Strada Fluierului","highway":"residential","lungime":23.7},"geometry":{"type":"LineString","coordinates":[[26.1293896,44.4427586],[26.1294244,44.4427602],[26.129452,44.4427476],[26.1295184,44.4426834],[26.129587889724547,44.44261439185936]]}},{"type":"Feature","properties":{"building_uid":"afdowf","street_name":"","highway":"service","lungime":76.9},"geometry":{"type":"LineString","coordinates":[[26.1292376,44.4426547],[26.1287814,44.4431534],[26.12864777169733,44.443152477789496]]}},{"type":"Feature","properties":{"building_uid":"afdowf","street_name":"Strada Fluierului","highway":"residential","lungime":17.1},"geometry":{"type":"LineString","coordinates":[[26.12923376821431,44.44265208080471],[26.1292376,44.4426547],[26.1293896,44.4427586]]}},{"type":"Feature","properties":{"building_uid":"afdowf","street_name":"","highway":"footway","lungime":35.7},"geometry":{"type":"LineString","coordinates":[[26.1296626,44.4429017],[26.1297509,44.4428061],[26.1295184,44.4426834]]}},{"type":"Feature","properties":{"building_uid":"afdowf","street_name":"","highway":"footway","lungime":5.6},"geometry":{"type":"LineString","coordinates":[[26.1297509,44.4428061],[26.129796296763054,44.442767282477966]]}},{"type":"Feature","properties":{"building_uid":"ofl6k9","street_name":"Strada Mihai Eminescu","highway":"secondary","lungime":22.6},"geometry":{"type":"LineString","coordinates":[[26.100495591323945,44.44712703213693],[26.100222513349816,44.44707210005302]]}},{"type":"Feature","properties":{"building_uid":"18arqw","street_name":"Strada Mihai Eminescu","highway":"secondary","lungime":14.5},"geometry":{"type":"LineString","coordinates":[[26.1062929226687,44.44801420503868],[26.10611023813568,44.448018640429815]]}},{"type":"Feature","properties":{"building_uid":"3jfl8o","street_name":"","highway":"footway","lungime":2.7},"geometry":{"type":"LineString","coordinates":[[26.085701503848256,44.43458203922872],[26.085668052308197,44.434581719429865]]}},{"type":"Feature","properties":{"building_uid":"rtk3qx","street_name":"","highway":"footway","lungime":26.7},"geometry":{"type":"LineString","coordinates":[[26.08356437178477,44.434389238384185],[26.08389961943115,44.434395024090485]]}},{"type":"Feature","properties":{"building_uid":"rj97py","street_name":"Calea Moșilor","highway":"residential","lungime":10.2},"geometry":{"type":"LineString","coordinates":[[26.104925693197735,44.43106336645758],[26.105024279908857,44.43112239776583]]}},{"type":"Feature","properties":{"building_uid":"vfx0nb","street_name":"Calea Moșilor","highway":"tertiary","lungime":0.8},"geometry":{"type":"LineString","coordinates":[[26.1075197,44.4339526],[26.10751561794948,44.43394601671852]]}},{"type":"Feature","properties":{"building_uid":"vfx0nb","street_name":"Calea Moșilor","highway":"tertiary","lungime":15.1},"geometry":{"type":"LineString","coordinates":[[26.10759324243369,44.434077976191084],[26.1075801,44.4340528],[26.1075394,44.4339844],[26.1075197,44.4339526]]}},{"type":"Feature","properties":{"building_uid":"cb366m","street_name":"","highway":"footway","lungime":28.7},"geometry":{"type":"LineString","coordinates":[[26.11008665497298,44.43589670620491],[26.110193730780168,44.4356497207981]]}},{"type":"Feature","properties":{"building_uid":"4rn48n","street_name":"Strada Corbeni","highway":"residential","lungime":13.1},"geometry":{"type":"LineString","coordinates":[[26.11492512291728,44.439380161054274],[26.114791066735524,44.43944851452303]]}},{"type":"Feature","properties":{"building_uid":"xylakb","street_name":"Strada Sfânta Vineri","highway":"living_street","lungime":35},"geometry":{"type":"LineString","coordinates":[[26.105182214484078,44.431288920856666],[26.1051412,44.4312954],[26.1050361,44.4313158],[26.1049035,44.4313429],[26.104758347787737,44.43137217165091]]}},{"type":"Feature","properties":{"building_uid":"xylakb","street_name":"Calea Moșilor","highway":"residential","lungime":19.1},"geometry":{"type":"LineString","coordinates":[[26.105010639415983,44.43111423017275],[26.105195094939933,44.43122467762322]]}},{"type":"Feature","properties":{"building_uid":"scz6zx","street_name":"","highway":"service","lungime":18.8},"geometry":{"type":"LineString","coordinates":[[26.100164480158355,44.43840680670486],[26.1000843,44.4385601],[26.100079109500165,44.438563861536316]]}},{"type":"Feature","properties":{"building_uid":"scz6zx","street_name":"","highway":"service","lungime":19.9},"geometry":{"type":"LineString","coordinates":[[26.100073001014824,44.438568288333386],[26.1000596,44.438578],[26.1000351,44.4385859],[26.100004,44.4385885],[26.099835982224732,44.43856098722891]]}},{"type":"Feature","properties":{"building_uid":"scz6zx","street_name":"","highway":"service","lungime":45.7},"geometry":{"type":"LineString","coordinates":[[26.100380765255025,44.43888678327645],[26.1005177,44.4386284],[26.10058473337323,44.438501965611486]]}},{"type":"Feature","properties":{"building_uid":"scz6zx","street_name":"","highway":"footway","lungime":53.8},"geometry":{"type":"LineString","coordinates":[[26.100546190107945,44.43845114633201],[26.100315921595197,44.438906317329206]]}},{"type":"Feature","properties":{"building_uid":"tqqbx7","street_name":"Strada C. A. Rosetti","highway":"tertiary","lungime":39.2},"geometry":{"type":"LineString","coordinates":[[26.099074190839552,44.44058112039968],[26.099529,44.4406542],[26.099555046944857,44.44065836363802]]}},{"type":"Feature","properties":{"building_uid":"tqqbx7","street_name":"","highway":"service","lungime":67.7},"geometry":{"type":"LineString","coordinates":[[26.09981210496666,44.44007953971302],[26.0995923,44.4405248],[26.099529,44.4406542]]}},{"type":"Feature","properties":{"building_uid":"tqqbx7","street_name":"","highway":"footway","lungime":3},"geometry":{"type":"LineString","coordinates":[[26.099627994537705,44.44053361487942],[26.0995923,44.4405248]]}},{"type":"Feature","properties":{"building_uid":"tqqbx7","street_name":"","highway":"footway","lungime":2.8},"geometry":{"type":"LineString","coordinates":[[26.099529,44.4406542],[26.09951779797369,44.44067818382556]]}},{"type":"Feature","properties":{"building_uid":"cim769","street_name":"Strada Traian Vuia","highway":"residential","lungime":10.4},"geometry":{"type":"LineString","coordinates":[[26.101052178175614,44.43841087213397],[26.1010865,44.4384638],[26.101107015150912,44.43849550118984]]}},{"type":"Feature","properties":{"building_uid":"cim769","street_name":"Bulevardul Nicolae Bălcescu","highway":"primary","lungime":64.2},"geometry":{"type":"LineString","coordinates":[[26.10134101101348,44.43784917158739],[26.101312,44.4379064],[26.1013035,44.4379233],[26.101056659323103,44.438389780479206]]}},{"type":"Feature","properties":{"building_uid":"cim769","street_name":"","highway":"footway","lungime":0.6},"geometry":{"type":"LineString","coordinates":[[26.101312,44.4379064],[26.10130466299535,44.43790464977599]]}},{"type":"Feature","properties":{"building_uid":"cim769","street_name":"","highway":"footway","lungime":77},"geometry":{"type":"LineString","coordinates":[[26.101415381323342,44.43781151053474],[26.1013614,44.4379186],[26.1011,44.438437],[26.1010865,44.4384638]]}},{"type":"Feature","properties":{"building_uid":"cim769","street_name":"","highway":"footway","lungime":1.6},"geometry":{"type":"LineString","coordinates":[[26.1010865,44.4384638],[26.10108009005999,44.43847698762531]]}},{"type":"Feature","properties":{"building_uid":"cim769","street_name":"","highway":"footway","lungime":4.2},"geometry":{"type":"LineString","coordinates":[[26.101312,44.4379064],[26.1013614,44.4379186]]}},{"type":"Feature","properties":{"building_uid":"c86zq8","street_name":"Strada Henri Coandă","highway":"residential","lungime":24},"geometry":{"type":"LineString","coordinates":[[26.092392316417435,44.448082975833316],[26.092440761631508,44.447869649357514]]}},{"type":"Feature","properties":{"building_uid":"c86zq8","street_name":"Strada Nicolae Iorga","highway":"residential","lungime":21.4},"geometry":{"type":"LineString","coordinates":[[26.09240810720674,44.44783505885288],[26.0923292,44.4478178],[26.0922179,44.4477936],[26.092150811097056,44.44777894092693]]}},{"type":"Feature","properties":{"building_uid":"8w5gi1","street_name":"","highway":"footway","lungime":2.3},"geometry":{"type":"LineString","coordinates":[[26.1581239,44.4304757],[26.15813384932388,44.43045595014572]]}},{"type":"Feature","properties":{"building_uid":"8w5gi1","street_name":"","highway":"service","lungime":18.5},"geometry":{"type":"LineString","coordinates":[[26.158087818331648,44.43044642658644],[26.1581239,44.4304757],[26.158229254360887,44.43057816001031]]}},{"type":"Feature","properties":{"building_uid":"8w5gi1","street_name":"","highway":"service","lungime":17.4},"geometry":{"type":"LineString","coordinates":[[26.157735089144435,44.43087423825756],[26.1577655,44.4307766],[26.157734462865545,44.43072442954033]]}},{"type":"Feature","properties":{"building_uid":"2qbdu5","street_name":"Strada Sânzieni","highway":"residential","lungime":1.7},"geometry":{"type":"LineString","coordinates":[[26.1272033,44.4575325],[26.127184612832306,44.457540007442034]]}},{"type":"Feature","properties":{"building_uid":"2qbdu5","street_name":"","highway":"service","lungime":74.2},"geometry":{"type":"LineString","coordinates":[[26.1270691,44.4573551],[26.1272033,44.4575325],[26.127518,44.4579409]]}},{"type":"Feature","properties":{"building_uid":"2qbdu5","street_name":"","highway":"service","lungime":23.1},"geometry":{"type":"LineString","coordinates":[[26.127503371025735,44.45795576778681],[26.127518,44.4579409],[26.1276313,44.4580866],[26.127619852948385,44.45810769663231]]}},{"type":"Feature","properties":{"building_uid":"2qbdu5","street_name":"","highway":"footway","lungime":28.5},"geometry":{"type":"LineString","coordinates":[[26.127942919556954,44.45821382319102],[26.1276313,44.4580866]]}},{"type":"Feature","properties":{"building_uid":"2qbdu5","street_name":"","highway":"footway","lungime":43.6},"geometry":{"type":"LineString","coordinates":[[26.127393732766578,44.45713053176209],[26.1270133,44.4572877],[26.1270691,44.4573551]]}},{"type":"Feature","properties":{"building_uid":"gu2uwp","street_name":"Strada Vornicul Mogoș","highway":"residential","lungime":23.3},"geometry":{"type":"LineString","coordinates":[[26.120974291974875,44.43865462801453],[26.1208848,44.4388392],[26.120878414886665,44.43885318819626]]}},{"type":"Feature","properties":{"building_uid":"vsn8pb","street_name":"Strada Doctor Paleologu","highway":"tertiary","lungime":26.4},"geometry":{"type":"LineString","coordinates":[[26.111890313126167,44.43421830485909],[26.1117766,44.4344011],[26.111755601513735,44.43443541940099]]}},{"type":"Feature","properties":{"building_uid":"odiq03","street_name":"Aleea Ilia","highway":"service","lungime":97.4},"geometry":{"type":"LineString","coordinates":[[26.152693544006468,44.44389269434638],[26.1526037,44.4439683],[26.1524729,44.4440543],[26.1519547,44.4440948],[26.1518277,44.4440803],[26.1517644,44.4440487],[26.1516573,44.443996],[26.151606573705205,44.44399651732991]]}},{"type":"Feature","properties":{"building_uid":"odiq03","street_name":"","highway":"footway","lungime":18.1},"geometry":{"type":"LineString","coordinates":[[26.1523932,44.4437791],[26.1523459,44.4437633],[26.152326667798302,44.443638474102336]]}},{"type":"Feature","properties":{"building_uid":"odiq03","street_name":"","highway":"service","lungime":18.8},"geometry":{"type":"LineString","coordinates":[[26.152668527655333,44.443769590952485],[26.1524335,44.4437851]]}},{"type":"Feature","properties":{"building_uid":"odiq03","street_name":"","highway":"service","lungime":16.5},"geometry":{"type":"LineString","coordinates":[[26.1518001,44.4438193],[26.151593521225085,44.44383471769622]]}},{"type":"Feature","properties":{"building_uid":"odiq03","street_name":"","highway":"service","lungime":61},"geometry":{"type":"LineString","coordinates":[[26.15229224066839,44.443636401576406],[26.1523133,44.4437702],[26.1519207,44.4438054],[26.151902220947736,44.44367524782784]]}},{"type":"Feature","properties":{"building_uid":"odiq03","street_name":"","highway":"footway","lungime":3.1},"geometry":{"type":"LineString","coordinates":[[26.1524355,44.4437981],[26.1523965,44.4438008]]}},{"type":"Feature","properties":{"building_uid":"odiq03","street_name":"","highway":"service","lungime":6.8},"geometry":{"type":"LineString","coordinates":[[26.1523947,44.4437891],[26.1523133,44.4437702]]}},{"type":"Feature","properties":{"building_uid":"odiq03","street_name":"","highway":"service","lungime":3.1},"geometry":{"type":"LineString","coordinates":[[26.1523947,44.4437891],[26.1524335,44.4437851]]}},{"type":"Feature","properties":{"building_uid":"odiq03","street_name":"","highway":"footway","lungime":16.1},"geometry":{"type":"LineString","coordinates":[[26.1518791,44.4438293],[26.1518764,44.4438111],[26.1518741,44.4437964],[26.15185950212135,44.44368497268603]]}},{"type":"Feature","properties":{"building_uid":"odiq03","street_name":"","highway":"footway","lungime":115.3},"geometry":{"type":"LineString","coordinates":[[26.1524355,44.4437981],[26.1525296,44.4437915],[26.1525443,44.4439583],[26.1524728,44.4440302],[26.1519538,44.4440771],[26.1518099,44.4440516],[26.1517721,44.4438417],[26.1518032,44.4438395]]}},{"type":"Feature","properties":{"building_uid":"odiq03","street_name":"","highway":"footway","lungime":16.3},"geometry":{"type":"LineString","coordinates":[[26.1515950457122,44.44382159081974],[26.1517981,44.4438061]]}},{"type":"Feature","properties":{"building_uid":"odiq03","street_name":"","highway":"footway","lungime":47},"geometry":{"type":"LineString","coordinates":[[26.151844,44.4438352],[26.1518791,44.4438293],[26.1523281,44.4437869],[26.1523965,44.4438008],[26.1523947,44.4437891],[26.1523932,44.4437791]]}},{"type":"Feature","properties":{"building_uid":"odiq03","street_name":"","highway":"footway","lungime":3.3},"geometry":{"type":"LineString","coordinates":[[26.1518032,44.4438395],[26.151844,44.4438352]]}},{"type":"Feature","properties":{"building_uid":"odiq03","street_name":"","highway":"footway","lungime":2.9},"geometry":{"type":"LineString","coordinates":[[26.151839,44.4438022],[26.1518741,44.4437964]]}},{"type":"Feature","properties":{"building_uid":"odiq03","street_name":"","highway":"footway","lungime":3.3},"geometry":{"type":"LineString","coordinates":[[26.1517981,44.4438061],[26.151839,44.4438022]]}},{"type":"Feature","properties":{"building_uid":"odiq03","street_name":"","highway":"footway","lungime":18.5},"geometry":{"type":"LineString","coordinates":[[26.1526626117589,44.44375632789755],[26.152432,44.4437754]]}},{"type":"Feature","properties":{"building_uid":"odiq03","street_name":"","highway":"footway","lungime":3.1},"geometry":{"type":"LineString","coordinates":[[26.152432,44.4437754],[26.1523932,44.4437791]]}},{"type":"Feature","properties":{"building_uid":"odiq03","street_name":"","highway":"service","lungime":6.4},"geometry":{"type":"LineString","coordinates":[[26.1519207,44.4438054],[26.1518764,44.4438111],[26.151841,44.4438154]]}},{"type":"Feature","properties":{"building_uid":"odiq03","street_name":"","highway":"service","lungime":3.3},"geometry":{"type":"LineString","coordinates":[[26.151841,44.4438154],[26.1518001,44.4438193]]}},{"type":"Feature","properties":{"building_uid":"kltdwo","street_name":"Strada Parfumului","highway":"residential","lungime":40.8},"geometry":{"type":"LineString","coordinates":[[26.115337247163605,44.42755557439516],[26.1156616,44.427726],[26.115750598259034,44.42777269842751]]}},{"type":"Feature","properties":{"building_uid":"kltdwo","street_name":"Strada Romulus","highway":"tertiary","lungime":13.1},"geometry":{"type":"LineString","coordinates":[[26.115645159921833,44.4279039295706],[26.1156575,44.4278808],[26.1156822,44.4278508],[26.1157326,44.427815],[26.11574130997733,44.427810627729635]]}},{"type":"Feature","properties":{"building_uid":"ig1kct","street_name":"","highway":"footway","lungime":43.4},"geometry":{"type":"LineString","coordinates":[[26.165251559506146,44.411461117356346],[26.1652328,44.4114278],[26.16504769160628,44.41109876077491]]}},{"type":"Feature","properties":{"building_uid":"wqm537","street_name":"Strada Piața Amzei","highway":"residential","lungime":48.6},"geometry":{"type":"LineString","coordinates":[[26.094025993036002,44.443464348805186],[26.0944885,44.4435493],[26.0946114,44.4435732],[26.094617175069608,44.44357426916292]]}},{"type":"Feature","properties":{"building_uid":"wqm537","street_name":"Strada General Christian Tell","highway":"residential","lungime":35.4},"geometry":{"type":"LineString","coordinates":[[26.09448992332339,44.44387952286093],[26.0945858,44.4436364],[26.0946114,44.4435732]]}},{"type":"Feature","properties":{"building_uid":"mlwo4a","street_name":"","highway":"service","lungime":18.2},"geometry":{"type":"LineString","coordinates":[[26.091763198809225,44.41593374124956],[26.0916963,44.4158354],[26.09164995571984,44.415792284249235]]}},{"type":"Feature","properties":{"building_uid":"cv722f","street_name":"","highway":"footway","lungime":159.7},"geometry":{"type":"LineString","coordinates":[[26.03053885695642,44.42499722829295],[26.0305382,44.424983],[26.0306176,44.4244774],[26.0306865,44.4240664],[26.0306931,44.4240271],[26.0307574,44.4235942],[26.03076905565629,44.42356989702245]]}},{"type":"Feature","properties":{"building_uid":"cv722f","street_name":"Strada Crinul de Pădure","highway":"residential","lungime":0.5},"geometry":{"type":"LineString","coordinates":[[26.0306176,44.4244774],[26.030623981384547,44.42447781092754]]}},{"type":"Feature","properties":{"building_uid":"cv722f","street_name":"Strada Crinul de Pădure","highway":"residential","lungime":0.4},"geometry":{"type":"LineString","coordinates":[[26.0306931,44.4240271],[26.030697790467883,44.42402743821489]]}},{"type":"Feature","properties":{"building_uid":"cv722f","street_name":"Strada Crinul de Pădure","highway":"residential","lungime":0.9},"geometry":{"type":"LineString","coordinates":[[26.0307574,44.4235942],[26.030768674863495,44.423594911538075]]}},{"type":"Feature","properties":{"building_uid":"cv722f","street_name":"","highway":"service","lungime":22.3},"geometry":{"type":"LineString","coordinates":[[26.030206809466858,44.42507477071709],[26.030486617419324,44.42506686481971]]}},{"type":"Feature","properties":{"building_uid":"cv722f","street_name":"","highway":"footway","lungime":11.9},"geometry":{"type":"LineString","coordinates":[[26.03024742762601,44.42398901387278],[26.03038959773651,44.4240228994605]]}},{"type":"Feature","properties":{"building_uid":"cv722f","street_name":"","highway":"footway","lungime":11.9},"geometry":{"type":"LineString","coordinates":[[26.030389597633302,44.424022900120114],[26.030240944978843,44.42403044452175]]}},{"type":"Feature","properties":{"building_uid":"cv722f","street_name":"","highway":"footway","lungime":12.8},"geometry":{"type":"LineString","coordinates":[[26.0303896,44.4240229],[26.0305489,44.4240357]]}},{"type":"Feature","properties":{"building_uid":"cv722f","street_name":"","highway":"footway","lungime":23},"geometry":{"type":"LineString","coordinates":[[26.0306931,44.4240271],[26.0305489,44.4240357],[26.0306865,44.4240664]]}},{"type":"Feature","properties":{"building_uid":"qbbe6i","street_name":"Intrarea Bogdănița","highway":"service","lungime":9.4},"geometry":{"type":"LineString","coordinates":[[26.10215881161591,44.44986282204521],[26.10226712020482,44.44989611583145]]}},{"type":"Feature","properties":{"building_uid":"37r2x1","street_name":"Strada Pompiliu Eliade","highway":"residential","lungime":29.5},"geometry":{"type":"LineString","coordinates":[[26.08825754908438,44.4352473753663],[26.088111385388743,44.4350035741269]]}},{"type":"Feature","properties":{"building_uid":"lk2010","street_name":"Strada Popa Tatu","highway":"tertiary","lungime":21.4},"geometry":{"type":"LineString","coordinates":[[26.082906189078102,44.44422330619379],[26.082735208108875,44.44437203826152]]}},{"type":"Feature","properties":{"building_uid":"gz4r4i","street_name":"Strada Iulia Hașdeu","highway":"residential","lungime":26.3},"geometry":{"type":"LineString","coordinates":[[26.082769608596273,44.444709881666185],[26.0825303,44.4445461]]}},{"type":"Feature","properties":{"building_uid":"gz4r4i","street_name":"Strada Popa Tatu","highway":"tertiary","lungime":29.4},"geometry":{"type":"LineString","coordinates":[[26.082744100008558,44.444364303420436],[26.0825727,44.4445134],[26.0825303,44.4445461],[26.082502905730117,44.44456456322265]]}},{"type":"Feature","properties":{"building_uid":"z9bxsg","street_name":"","highway":"footway","lungime":2.1},"geometry":{"type":"LineString","coordinates":[[26.166433309982263,44.419287310991415],[26.1664469,44.4192831],[26.166453265466448,44.41929008983038]]}},{"type":"Feature","properties":{"building_uid":"z9bxsg","street_name":"","highway":"footway","lungime":0.7},"geometry":{"type":"LineString","coordinates":[[26.166664514274164,44.41931555137298],[26.1666623,44.4193141],[26.166657376665484,44.41931558352133]]}},{"type":"Feature","properties":{"building_uid":"z9bxsg","street_name":"","highway":"footway","lungime":2.2},"geometry":{"type":"LineString","coordinates":[[26.1668976,44.4191092],[26.166923810050285,44.41910277555339]]}},{"type":"Feature","properties":{"building_uid":"z9bxsg","street_name":"","highway":"footway","lungime":67.7},"geometry":{"type":"LineString","coordinates":[[26.166896780333158,44.419112398070816],[26.1668976,44.4191092],[26.1670356,44.4185705],[26.16711733366156,44.41856966443283]]}},{"type":"Feature","properties":{"building_uid":"z9bxsg","street_name":"","highway":"service","lungime":86.2},"geometry":{"type":"LineString","coordinates":[[26.166630316036134,44.41839179603074],[26.1666338,44.4183943],[26.1666633,44.4184441],[26.1666548,44.4185267],[26.1665533,44.4188982],[26.1665073,44.4189558],[26.16630946331199,44.419082548140494]]}},{"type":"Feature","properties":{"building_uid":"z9bxsg","street_name":"","highway":"service","lungime":18.7},"geometry":{"type":"LineString","coordinates":[[26.166746449576596,44.418349885737435],[26.1667614,44.4183691],[26.1668211,44.418389],[26.1669566,44.418409]]}},{"type":"Feature","properties":{"building_uid":"z9bxsg","street_name":"","highway":"footway","lungime":19},"geometry":{"type":"LineString","coordinates":[[26.1670356,44.4185705],[26.1669566,44.418409]]}},{"type":"Feature","properties":{"building_uid":"nbjc2f","street_name":"Strada Leon Vodă","highway":"residential","lungime":16.9},"geometry":{"type":"LineString","coordinates":[[26.105535683478767,44.419429917789465],[26.105450496896566,44.419569177768665]]}},{"type":"Feature","properties":{"building_uid":"shu5si","street_name":"Strada Vasile Alecsandri","highway":"residential","lungime":21},"geometry":{"type":"LineString","coordinates":[[26.09429675568004,44.44990675898591],[26.094293034977273,44.449717969561185]]}},{"type":"Feature","properties":{"building_uid":"xnf4lq","street_name":"","highway":"service","lungime":19.1},"geometry":{"type":"LineString","coordinates":[[26.094030411172213,44.450174640988706],[26.0940419,44.450123],[26.0940706,44.4500131],[26.094076567899137,44.45000609274764]]}},{"type":"Feature","properties":{"building_uid":"yg0w43","street_name":"Aleea Pravăț","highway":"residential","lungime":45.4},"geometry":{"type":"LineString","coordinates":[[26.040683117625107,44.425248369775886],[26.041208,44.4253133],[26.04120116894312,44.4253401760908]]}},{"type":"Feature","properties":{"building_uid":"yg0w43","street_name":"","highway":"footway","lungime":8.7},"geometry":{"type":"LineString","coordinates":[[26.041208,44.4253133],[26.0412632,44.4252871],[26.041306128008596,44.42528549376682]]}},{"type":"Feature","properties":{"building_uid":"1wmxaw","street_name":"","highway":"footway","lungime":46.8},"geometry":{"type":"LineString","coordinates":[[26.16991456685704,44.418642016656214],[26.1694206,44.4185759],[26.169348468373496,44.418608616593055]]}},{"type":"Feature","properties":{"building_uid":"1wmxaw","street_name":"","highway":"service","lungime":73.5},"geometry":{"type":"LineString","coordinates":[[26.169740568312818,44.41934135897246],[26.1696189,44.4193244],[26.1697393,44.4188466],[26.1698586298195,44.41886216762709]]}},{"type":"Feature","properties":{"building_uid":"1wmxaw","street_name":"","highway":"footway","lungime":5.9},"geometry":{"type":"LineString","coordinates":[[26.1692970363379,44.418772810222315],[26.1693696,44.4187812]]}},{"type":"Feature","properties":{"building_uid":"1wmxaw","street_name":"","highway":"footway","lungime":85.8},"geometry":{"type":"LineString","coordinates":[[26.169140582576293,44.419276555322085],[26.1692518,44.4192556],[26.1693696,44.4187812],[26.1694206,44.4185759]]}},{"type":"Feature","properties":{"building_uid":"1wmxaw","street_name":"","highway":"footway","lungime":4.6},"geometry":{"type":"LineString","coordinates":[[26.16937505690062,44.418550759024434],[26.1694206,44.4185759]]}},{"type":"Feature","properties":{"building_uid":"1wmxaw","street_name":"","highway":"service","lungime":16.5},"geometry":{"type":"LineString","coordinates":[[26.1696189,44.4193244],[26.1694148,44.4192979]]}},{"type":"Feature","properties":{"building_uid":"dg6tdm","street_name":"Pasajul Galeriei Blanduziei","highway":"service","lungime":8.6},"geometry":{"type":"LineString","coordinates":[[26.100564496786166,44.43416375735884],[26.1005968,44.4341268],[26.10055748038781,44.434107983032234]]}},{"type":"Feature","properties":{"building_uid":"dg6tdm","street_name":"Strada Toma Caragiu","highway":"service","lungime":13.4},"geometry":{"type":"LineString","coordinates":[[26.10136516994025,44.434125019840515],[26.10132021033842,44.43424148085176]]}},{"type":"Feature","properties":{"building_uid":"dg6tdm","street_name":"","highway":"footway","lungime":65.8},"geometry":{"type":"LineString","coordinates":[[26.101153257840668,44.43463417133781],[26.1011015,44.434638],[26.1009848,44.4346565],[26.1008843,44.4346801],[26.1007984,44.4347107],[26.1007408,44.4347561],[26.1006871,44.4347963],[26.1006537,44.4348142],[26.1006201,44.4348193],[26.10040817670874,44.43479849050494]]}},{"type":"Feature","properties":{"building_uid":"dg6tdm","street_name":"Strada Toma Caragiu","highway":"footway","lungime":29.1},"geometry":{"type":"LineString","coordinates":[[26.10127450612691,44.434362206110244],[26.1012314,44.4344802],[26.101180970632473,44.43461526916715]]}},{"type":"Feature","properties":{"building_uid":"dg6tdm","street_name":"","highway":"footway","lungime":0.5},"geometry":{"type":"LineString","coordinates":[[26.1012314,44.4344802],[26.101237832219734,44.434481436322756]]}},{"type":"Feature","properties":{"building_uid":"5km7wh","street_name":"","highway":"footway","lungime":26.8},"geometry":{"type":"LineString","coordinates":[[26.096228814854886,44.43477300669925],[26.095892014025722,44.43476591428546]]}},{"type":"Feature","properties":{"building_uid":"fvv8se","street_name":"Strada Academiei","highway":"tertiary","lungime":44.1},"geometry":{"type":"LineString","coordinates":[[26.099544041152065,44.43505536692864],[26.0995382,44.4350946],[26.09948657453883,44.43545009888549]]}},{"type":"Feature","properties":{"building_uid":"fvv8se","street_name":"","highway":"footway","lungime":56.7},"geometry":{"type":"LineString","coordinates":[[26.09957095905479,44.43509933227107],[26.0995382,44.4350946],[26.0994507,44.4350774],[26.098883395627002,44.434965815952665]]}},{"type":"Feature","properties":{"building_uid":"9jagdr","street_name":"Intrarea Rigas","highway":"residential","lungime":41},"geometry":{"type":"LineString","coordinates":[[26.093612532931452,44.43618596312199],[26.094094600436954,44.43631515962343]]}},{"type":"Feature","properties":{"building_uid":"csixqd","street_name":"Strada Pompiliu Eliade","highway":"footway","lungime":19.2},"geometry":{"type":"LineString","coordinates":[[26.088706761899623,44.435991919039395],[26.088764,44.4360835],[26.088805163940687,44.43614933787546]]}},{"type":"Feature","properties":{"building_uid":"csixqd","street_name":"","highway":"footway","lungime":4.3},"geometry":{"type":"LineString","coordinates":[[26.088764,44.4360835],[26.08878258956529,44.436047534473914]]}},{"type":"Feature","properties":{"building_uid":"p7pplx","street_name":"Strada Ionel Perlea","highway":"residential","lungime":31.2},"geometry":{"type":"LineString","coordinates":[[26.0880216117617,44.43653322873271],[26.088172224968773,44.43679291854113]]}},{"type":"Feature","properties":{"building_uid":"p7pplx","street_name":"Bulevardul Schitu Măgureanu","highway":"secondary","lungime":32.9},"geometry":{"type":"LineString","coordinates":[[26.08862089752703,44.43656145482089],[26.088465037682862,44.436835524155505]]}},{"type":"Feature","properties":{"building_uid":"sfi21v","street_name":"Bulevardul Schitu Măgureanu","highway":"secondary","lungime":7.7},"geometry":{"type":"LineString","coordinates":[[26.087449928933832,44.43858435079006],[26.087413471529704,44.438649012995974]]}},{"type":"Feature","properties":{"building_uid":"dp7l64","street_name":"","highway":"pedestrian","lungime":20.7},"geometry":{"type":"LineString","coordinates":[[26.100679217512074,44.43049872404824],[26.1006725,44.4304695],[26.1006064600412,44.430320291277496]]}},{"type":"Feature","properties":{"building_uid":"dp7l64","street_name":"","highway":"pedestrian","lungime":3.4},"geometry":{"type":"LineString","coordinates":[[26.10060540642479,44.43031781812258],[26.100593456111213,44.43028800490572]]}},{"type":"Feature","properties":{"building_uid":"fy5aj3","street_name":"","highway":"service","lungime":21.6},"geometry":{"type":"LineString","coordinates":[[26.102966327555947,44.42340316612521],[26.103237622596204,44.42340432175241]]}},{"type":"Feature","properties":{"building_uid":"fy5aj3","street_name":"Calea Șerban Vodă","highway":"tertiary","lungime":7.8},"geometry":{"type":"LineString","coordinates":[[26.10285107400371,44.423318366315996],[26.1028508,44.4233144],[26.10284517520332,44.42324851983969]]}},{"type":"Feature","properties":{"building_uid":"0lsegt","street_name":"Calea Șerban Vodă","highway":"tertiary","lungime":11.1},"geometry":{"type":"LineString","coordinates":[[26.100947638169554,44.418207831012054],[26.1009638,44.4182426],[26.100991954185034,44.41830281011708]]}},{"type":"Feature","properties":{"building_uid":"hrx49e","street_name":"Strada Sfântul Constantin","highway":"tertiary","lungime":37.6},"geometry":{"type":"LineString","coordinates":[[26.084994613894175,44.436409711922096],[26.085458625312647,44.43634394850214]]}},{"type":"Feature","properties":{"building_uid":"hrx49e","street_name":"Strada Ostașilor","highway":"residential","lungime":41.1},"geometry":{"type":"LineString","coordinates":[[26.085286061032384,44.43676868962975],[26.0855395,44.4364937],[26.085565625379722,44.43645740690493]]}},{"type":"Feature","properties":{"building_uid":"bwrpvo","street_name":"Strada Sfinții Apostoli","highway":"residential","lungime":20.9},"geometry":{"type":"LineString","coordinates":[[26.09397471919855,44.42937739215595],[26.094134487260167,44.429228345732554]]}},{"type":"Feature","properties":{"building_uid":"bwrpvo","street_name":"Strada Vânători","highway":"residential","lungime":31.1},"geometry":{"type":"LineString","coordinates":[[26.093768828836787,44.42904390414066],[26.094119529882942,44.429166427855876]]}},{"type":"Feature","properties":{"building_uid":"fsyzq9","street_name":"Strada Silfidelor","highway":"residential","lungime":29.8},"geometry":{"type":"LineString","coordinates":[[26.0906709,44.4340855],[26.09060096556618,44.434349427475496]]}},{"type":"Feature","properties":{"building_uid":"fsyzq9","street_name":"Piața Ioan Cantacuzino","highway":"residential","lungime":25.1},"geometry":{"type":"LineString","coordinates":[[26.090376012417018,44.43400458378169],[26.0906709,44.4340855]]}},{"type":"Feature","properties":{"building_uid":"fsyzq9","street_name":"Strada Silfidelor","highway":"pedestrian","lungime":3.4},"geometry":{"type":"LineString","coordinates":[[26.09067860800371,44.43405541118111],[26.0906709,44.4340855]]}},{"type":"Feature","properties":{"building_uid":"hhu3od","street_name":"","highway":"pedestrian","lungime":10.8},"geometry":{"type":"LineString","coordinates":[[26.09985155983052,44.43165762870671],[26.0998501,44.4316208],[26.0998477,44.4315761],[26.099847032921442,44.43156075719312]]}},{"type":"Feature","properties":{"building_uid":"ao12zu","street_name":"Strada Smârdan","highway":"pedestrian","lungime":34.4},"geometry":{"type":"LineString","coordinates":[[26.099791261969692,44.431381273115996],[26.09978589422345,44.431071385915004]]}},{"type":"Feature","properties":{"building_uid":"ao12zu","street_name":"Strada Sfântul Dumitru","highway":"pedestrian","lungime":47.4},"geometry":{"type":"LineString","coordinates":[[26.099767557614896,44.43105857823655],[26.0997191,44.4310698],[26.0996647,44.4310718],[26.099180458679722,44.43101547047676]]}},{"type":"Feature","properties":{"building_uid":"ao12zu","street_name":"","highway":"pedestrian","lungime":19.3},"geometry":{"type":"LineString","coordinates":[[26.09983798384062,44.43131503527444],[26.0998373,44.4312971],[26.0998309,44.4311689],[26.09983058194924,44.43114157943997]]}},{"type":"Feature","properties":{"building_uid":"ao12zu","street_name":"","highway":"pedestrian","lungime":9.3},"geometry":{"type":"LineString","coordinates":[[26.099774027060878,44.43106311727882],[26.0996932,44.431124]]}},{"type":"Feature","properties":{"building_uid":"ao12zu","street_name":"","highway":"pedestrian","lungime":9.3},"geometry":{"type":"LineString","coordinates":[[26.0997208,44.431316],[26.099725620272434,44.431399908446046]]}},{"type":"Feature","properties":{"building_uid":"ao12zu","street_name":"","highway":"pedestrian","lungime":9.2},"geometry":{"type":"LineString","coordinates":[[26.09915283368366,44.431055119367954],[26.099266,44.4310703]]}},{"type":"Feature","properties":{"building_uid":"ao12zu","street_name":"","highway":"pedestrian","lungime":9.3},"geometry":{"type":"LineString","coordinates":[[26.0996932,44.431124],[26.099774027060878,44.43106311727882]]}},{"type":"Feature","properties":{"building_uid":"ao12zu","street_name":"","highway":"pedestrian","lungime":36.1},"geometry":{"type":"LineString","coordinates":[[26.099698499063614,44.43103254593692],[26.0996883,44.4310378],[26.099661,44.4310339],[26.0996596,44.4310377],[26.0995868,44.4310267],[26.099588,44.431023],[26.0995491,44.4310183],[26.099451,44.4310038],[26.0993655,44.4309927],[26.0993627,44.4309983],[26.099271302819957,44.430987901518435]]}},{"type":"Feature","properties":{"building_uid":"dcydin","street_name":"","highway":"pedestrian","lungime":28.1},"geometry":{"type":"LineString","coordinates":[[26.101384575540145,44.43055821407634],[26.1013724,44.4305248],[26.1013833,44.4305229],[26.1013144,44.430335],[26.101292339581036,44.43033872327746]]}},{"type":"Feature","properties":{"building_uid":"f3j59n","street_name":"Strada Spătarului","highway":"residential","lungime":30.2},"geometry":{"type":"LineString","coordinates":[[26.112023912475994,44.437655840578465],[26.111839658442136,44.4374185538638]]}},{"type":"Feature","properties":{"building_uid":"87maon","street_name":"Intrarea Spătarului","highway":"residential","lungime":22.4},"geometry":{"type":"LineString","coordinates":[[26.113145428097063,44.438194597161875],[26.112865525031847,44.438214858241665]]}},{"type":"Feature","properties":{"building_uid":"ghkggr","street_name":"Strada Speranței","highway":"residential","lungime":29.6},"geometry":{"type":"LineString","coordinates":[[26.108610459019744,44.43842526278483],[26.10844095933556,44.43818840859933]]}},{"type":"Feature","properties":{"building_uid":"ghkggr","street_name":"Strada Italiană","highway":"residential","lungime":18.9},"geometry":{"type":"LineString","coordinates":[[26.10854698758829,44.438520561138624],[26.1085389,44.438521],[26.1085108,44.4385218],[26.108487,44.4385215],[26.1084641,44.4385201],[26.10831025390907,44.43851103310413]]}},{"type":"Feature","properties":{"building_uid":"lwo11w","street_name":"Strada Speranței","highway":"residential","lungime":17},"geometry":{"type":"LineString","coordinates":[[26.108484179521675,44.43824880329581],[26.10838644113535,44.43811222636945]]}},{"type":"Feature","properties":{"building_uid":"gouxjx","street_name":"","highway":"service","lungime":4.3},"geometry":{"type":"LineString","coordinates":[[26.1285768,44.4316448],[26.128629133542262,44.43163580836548]]}},{"type":"Feature","properties":{"building_uid":"alfugs","street_name":"","highway":"service","lungime":1.6},"geometry":{"type":"LineString","coordinates":[[26.117041,44.452922],[26.117042733360577,44.45293595623309]]}},{"type":"Feature","properties":{"building_uid":"alfugs","street_name":"","highway":"service","lungime":27.4},"geometry":{"type":"LineString","coordinates":[[26.117041,44.452922],[26.1169948,44.452688],[26.116992956750043,44.45267759105907]]}},{"type":"Feature","properties":{"building_uid":"alfugs","street_name":"","highway":"service","lungime":0},"geometry":{"type":"LineString","coordinates":[[26.11761966292919,44.45267735941043],[26.117619717375415,44.45267755982653]]}},{"type":"Feature","properties":{"building_uid":"alfugs","street_name":"","highway":"footway","lungime":47.4},"geometry":{"type":"LineString","coordinates":[[26.116974572355414,44.452689445751446],[26.1169948,44.452688],[26.11756254697714,44.45262329045785]]}},{"type":"Feature","properties":{"building_uid":"alfugs","street_name":"","highway":"service","lungime":48.5},"geometry":{"type":"LineString","coordinates":[[26.117640519728468,44.452844366427975],[26.117041,44.452922]]}},{"type":"Feature","properties":{"building_uid":"he02ct","street_name":"Strada Știrbei Vodă","highway":"secondary","lungime":32.7},"geometry":{"type":"LineString","coordinates":[[26.091597098775882,44.44001752234778],[26.0917591,44.4400308],[26.092005980451155,44.44004793890292]]}},{"type":"Feature","properties":{"building_uid":"fcs7wj","street_name":"Strada Străduinței","highway":"residential","lungime":21},"geometry":{"type":"LineString","coordinates":[[26.120556243744677,44.3836054112224],[26.12072066017613,44.38345748656105]]}},{"type":"Feature","properties":{"building_uid":"fcs7wj","street_name":"Strada Străduinței","highway":"residential","lungime":25.3},"geometry":{"type":"LineString","coordinates":[[26.11991085711823,44.383357023206656],[26.1199339,44.3833763],[26.1200864,44.383485],[26.12013446184752,44.3835192923994]]}},{"type":"Feature","properties":{"building_uid":"fcs7wj","street_name":"","highway":"footway","lungime":1.7},"geometry":{"type":"LineString","coordinates":[[26.120604971150843,44.383327924890736],[26.1205922,44.3833399]]}},{"type":"Feature","properties":{"building_uid":"fcs7wj","street_name":"Strada Străduinței","highway":"residential","lungime":47.7},"geometry":{"type":"LineString","coordinates":[[26.120710018258162,44.38340677984195],[26.1205922,44.3833399],[26.1205457,44.3833137],[26.1203126,44.383182],[26.1202498,44.3831415],[26.12024721262637,44.383135939077576]]}},{"type":"Feature","properties":{"building_uid":"fcs7wj","street_name":"","highway":"footway","lungime":9.9},"geometry":{"type":"LineString","coordinates":[[26.1204678,44.383383],[26.1205457,44.3833137]]}},{"type":"Feature","properties":{"building_uid":"fcs7wj","street_name":"","highway":"footway","lungime":11.1},"geometry":{"type":"LineString","coordinates":[[26.1201754,44.3834081],[26.1200864,44.383485]]}},{"type":"Feature","properties":{"building_uid":"l3xmmf","street_name":"","highway":"residential","lungime":6.8},"geometry":{"type":"LineString","coordinates":[[26.048831636260395,44.42550419607436],[26.0488392,44.4255014],[26.0488655,44.4254937],[26.0489137,44.4254997]]}},{"type":"Feature","properties":{"building_uid":"l3xmmf","street_name":"","highway":"footway","lungime":1.6},"geometry":{"type":"LineString","coordinates":[[26.050011205735814,44.42564970062279],[26.0500145,44.4256357]]}},{"type":"Feature","properties":{"building_uid":"l3xmmf","street_name":"","highway":"footway","lungime":1.7},"geometry":{"type":"LineString","coordinates":[[26.049093845999405,44.425536540680135],[26.0490975,44.4255216]]}},{"type":"Feature","properties":{"building_uid":"l3xmmf","street_name":"","highway":"footway","lungime":44.7},"geometry":{"type":"LineString","coordinates":[[26.048396791313124,44.42518909545132],[26.0483776,44.4252778],[26.0483772,44.4253392],[26.0484001,44.4253791],[26.0484468,44.4254146],[26.0486059,44.4254368],[26.048621527198375,44.42547827829264]]}},{"type":"Feature","properties":{"building_uid":"l3xmmf","street_name":"","highway":"footway","lungime":173.4},"geometry":{"type":"LineString","coordinates":[[26.0505599916037,44.425442728461476],[26.0503465,44.425415],[26.050293,44.4254083],[26.0499612,44.4253665],[26.0497333,44.4253383],[26.0496697,44.4253306],[26.049243,44.4252792],[26.0491636,44.4252689],[26.0491257,44.425264],[26.0489997,44.4252487],[26.0486435,44.4252042],[26.0485096,44.4251878],[26.048414248269037,44.42517630554476]]}},{"type":"Feature","properties":{"building_uid":"l3xmmf","street_name":"Aleea Poiana Sibiului","highway":"residential","lungime":19.6},"geometry":{"type":"LineString","coordinates":[[26.05058041974728,44.425482912512074],[26.05053561605265,44.42565635503546]]}},{"type":"Feature","properties":{"building_uid":"l3xmmf","street_name":"","highway":"service","lungime":1.6},"geometry":{"type":"LineString","coordinates":[[26.048910060357485,44.42551386999613],[26.0489137,44.4254997]]}},{"type":"Feature","properties":{"building_uid":"l3xmmf","street_name":"","highway":"footway","lungime":3.1},"geometry":{"type":"LineString","coordinates":[[26.0499612,44.4253665],[26.04996779864438,44.42533870789299]]}},{"type":"Feature","properties":{"building_uid":"l3xmmf","street_name":"","highway":"footway","lungime":3.1},"geometry":{"type":"LineString","coordinates":[[26.050293,44.4254083],[26.050299160829162,44.42538076042399]]}},{"type":"Feature","properties":{"building_uid":"l3xmmf","street_name":"","highway":"footway","lungime":3.3},"geometry":{"type":"LineString","coordinates":[[26.0496697,44.4253306],[26.04967526978224,44.425301583623515]]}},{"type":"Feature","properties":{"building_uid":"l3xmmf","street_name":"","highway":"footway","lungime":3.5},"geometry":{"type":"LineString","coordinates":[[26.0491257,44.425264],[26.04913233277296,44.425232680542656]]}},{"type":"Feature","properties":{"building_uid":"l3xmmf","street_name":"","highway":"footway","lungime":10.5},"geometry":{"type":"LineString","coordinates":[[26.04862862317603,44.425264749621114],[26.0486435,44.4252042],[26.048651814926185,44.42517169895642]]}},{"type":"Feature","properties":{"building_uid":"l3xmmf","street_name":"","highway":"footway","lungime":6.9},"geometry":{"type":"LineString","coordinates":[[26.048984702696867,44.42530993898779],[26.0489997,44.4252487]]}},{"type":"Feature","properties":{"building_uid":"l3xmmf","street_name":"","highway":"footway","lungime":6.9},"geometry":{"type":"LineString","coordinates":[[26.0492284322283,44.42534087023353],[26.049243,44.4252792]]}},{"type":"Feature","properties":{"building_uid":"l3xmmf","street_name":"","highway":"footway","lungime":7.3},"geometry":{"type":"LineString","coordinates":[[26.049717728610993,44.42540296589575],[26.0497333,44.4253383]]}},{"type":"Feature","properties":{"building_uid":"l3xmmf","street_name":"","highway":"footway","lungime":7.4},"geometry":{"type":"LineString","coordinates":[[26.04994560356195,44.4254318850672],[26.0499612,44.4253665]]}},{"type":"Feature","properties":{"building_uid":"l3xmmf","street_name":"","highway":"footway","lungime":7.3},"geometry":{"type":"LineString","coordinates":[[26.0503305,44.4254797],[26.0503465,44.425415]]}},{"type":"Feature","properties":{"building_uid":"l3xmmf","street_name":"","highway":"footway","lungime":12.4},"geometry":{"type":"LineString","coordinates":[[26.0491183,44.4254422],[26.0491469,44.4253326]]}},{"type":"Feature","properties":{"building_uid":"l3xmmf","street_name":"","highway":"footway","lungime":7},"geometry":{"type":"LineString","coordinates":[[26.0491474269519,44.42533059000981],[26.0491636,44.4252689]]}},{"type":"Feature","properties":{"building_uid":"l3xmmf","street_name":"","highway":"footway","lungime":8.8},"geometry":{"type":"LineString","coordinates":[[26.0490975,44.4255216],[26.0491179335857,44.42544359871613]]}},{"type":"Feature","properties":{"building_uid":"l3xmmf","street_name":"","highway":"residential","lungime":125.7},"geometry":{"type":"LineString","coordinates":[[26.0489137,44.4254997],[26.0490975,44.4255216],[26.0500145,44.4256357],[26.05046981881648,44.42569220202134]]}},{"type":"Feature","properties":{"building_uid":"jkqwqp","street_name":"","highway":"service","lungime":1.8},"geometry":{"type":"LineString","coordinates":[[26.1181925,44.3940756],[26.11820373380984,44.39409011270064]]}},{"type":"Feature","properties":{"building_uid":"jkqwqp","street_name":"","highway":"service","lungime":2},"geometry":{"type":"LineString","coordinates":[[26.118725300008954,44.39389043318351],[26.1187134,44.3938748]]}},{"type":"Feature","properties":{"building_uid":"jkqwqp","street_name":"","highway":"service","lungime":6.6},"geometry":{"type":"LineString","coordinates":[[26.119109223787497,44.393743449512314],[26.1190706,44.3936913]]}},{"type":"Feature","properties":{"building_uid":"jkqwqp","street_name":"","highway":"residential","lungime":154.7},"geometry":{"type":"LineString","coordinates":[[26.1187134,44.3938748],[26.1181925,44.3940756],[26.1178986,44.3941888],[26.1175906,44.3943075],[26.1171611,44.3944731],[26.117002602685606,44.39453419673013]]}},{"type":"Feature","properties":{"building_uid":"jkqwqp","street_name":"","highway":"residential","lungime":66.2},"geometry":{"type":"LineString","coordinates":[[26.1187134,44.3938748],[26.1187434,44.3938106],[26.1190706,44.3936913],[26.1191293,44.3936699],[26.1193992,44.393569]]}},{"type":"Feature","properties":{"building_uid":"jkqwqp","street_name":"","highway":"footway","lungime":5.5},"geometry":{"type":"LineString","coordinates":[[26.1193992,44.393569],[26.119430246848538,44.393613053946396]]}},{"type":"Feature","properties":{"building_uid":"jkqwqp","street_name":"","highway":"residential","lungime":28.5},"geometry":{"type":"LineString","coordinates":[[26.1193992,44.393569],[26.1193629,44.3935173],[26.1192644,44.3933819],[26.119234671695743,44.39334102358165]]}},{"type":"Feature","properties":{"building_uid":"1msafw","street_name":"Strada Tache Ionescu","highway":"residential","lungime":57.4},"geometry":{"type":"LineString","coordinates":[[26.097210136912345,44.44420718206807],[26.0976938,44.4444082],[26.0977569,44.4444344],[26.09783443933344,44.44446544284503]]}},{"type":"Feature","properties":{"building_uid":"1msafw","street_name":"Bulevardul General Gheorghe Magheru","highway":"primary","lungime":37.9},"geometry":{"type":"LineString","coordinates":[[26.09788462025385,44.44445068337779],[26.09803117829908,44.44412592241586]]}},{"type":"Feature","properties":{"building_uid":"9tqk85","street_name":"Strada Târgu Neamț","highway":"tertiary","lungime":46.4},"geometry":{"type":"LineString","coordinates":[[26.028740112981687,44.42182902614951],[26.028783238616068,44.42141230281312]]}},{"type":"Feature","properties":{"building_uid":"rtinod","street_name":"Strada Teleajen","highway":"residential","lungime":13.6},"geometry":{"type":"LineString","coordinates":[[26.12902118322941,44.43594211480396],[26.12907733116231,44.43582669880231]]}},{"type":"Feature","properties":{"building_uid":"xmk8c4","street_name":"Strada Toamnei","highway":"residential","lungime":26},"geometry":{"type":"LineString","coordinates":[[26.112264877718832,44.441584018841716],[26.112107044825,44.44137882753899]]}},{"type":"Feature","properties":{"building_uid":"0oj6kt","street_name":"Strada Tudor Arghezi","highway":"tertiary","lungime":20.5},"geometry":{"type":"LineString","coordinates":[[26.102450078939654,44.44070979523082],[26.10251584311653,44.44053171470692]]}},{"type":"Feature","properties":{"building_uid":"m4zf71","street_name":"Strada Tudor Arghezi","highway":"tertiary","lungime":30.3},"geometry":{"type":"LineString","coordinates":[[26.10341727294138,44.439325766974335],[26.1034898,44.4392302],[26.1035828,44.4390987],[26.103591909196794,44.439083131857636]]}},{"type":"Feature","properties":{"building_uid":"y00v8v","street_name":"Strada Vasile Conta","highway":"residential","lungime":20.4},"geometry":{"type":"LineString","coordinates":[[26.10153262026962,44.43929698165882],[26.1015072,44.4393501],[26.1014823,44.439415],[26.101463007268425,44.43947339656319]]}},{"type":"Feature","properties":{"building_uid":"y00v8v","street_name":"Strada Vasile Conta","highway":"residential","lungime":20.8},"geometry":{"type":"LineString","coordinates":[[26.101429560959506,44.43957463414503],[26.101369353517843,44.43975687415899]]}},{"type":"Feature","properties":{"building_uid":"lc3wwx","street_name":"Strada Vasile Conta","highway":"residential","lungime":31.6},"geometry":{"type":"LineString","coordinates":[[26.101326847390272,44.43988553462133],[26.1012776,44.4400346],[26.101261,44.4401036],[26.101259907386716,44.44016520657978]]}},{"type":"Feature","properties":{"building_uid":"qlegrg","street_name":"Strada Speranței","highway":"residential","lungime":10.1},"geometry":{"type":"LineString","coordinates":[[26.107609073657336,44.43697445533959],[26.1075542761126,44.43689255341953]]}},{"type":"Feature","properties":{"building_uid":"qlegrg","street_name":"Strada Vasile Lascăr","highway":"residential","lungime":32.9},"geometry":{"type":"LineString","coordinates":[[26.107067015524734,44.43688428503173],[26.10727030702737,44.43714266987248]]}},{"type":"Feature","properties":{"building_uid":"cw7e7d","street_name":"Strada Vasile Lascăr","highway":"residential","lungime":18.1},"geometry":{"type":"LineString","coordinates":[[26.107219190804187,44.43707770081565],[26.1072793,44.4371541],[26.1073109,44.4371994],[26.1073253005895,44.43722202949778]]}},{"type":"Feature","properties":{"building_uid":"a5bffr","street_name":"Strada Vasile Lascăr","highway":"residential","lungime":37.5},"geometry":{"type":"LineString","coordinates":[[26.10792794239148,44.43871129675057],[26.10804761611522,44.439037761845796]]}},{"type":"Feature","properties":{"building_uid":"6l27w7","street_name":"Strada Vasile Lascăr","highway":"tertiary","lungime":8.5},"geometry":{"type":"LineString","coordinates":[[26.108682676697224,44.44057935826563],[26.108641729397945,44.440508681162505]]}},{"type":"Feature","properties":{"building_uid":"0y2wxq","street_name":"Strada Logofăt Luca Stroici","highway":"residential","lungime":0.8},"geometry":{"type":"LineString","coordinates":[[26.111097402919953,44.44378750939533],[26.111095,44.4437943]]}},{"type":"Feature","properties":{"building_uid":"0y2wxq","street_name":"Strada Viitorului","highway":"residential","lungime":27.8},"geometry":{"type":"LineString","coordinates":[[26.111085746425278,44.44379495398447],[26.111095,44.4437943],[26.1111867,44.4437857],[26.111433855588903,44.44377174495654]]}},{"type":"Feature","properties":{"building_uid":"0y2wxq","street_name":"Strada Logofăt Luca Stroici","highway":"residential","lungime":30.5},"geometry":{"type":"LineString","coordinates":[[26.111095,44.4437943],[26.11100118730044,44.444060588221724]]}},{"type":"Feature","properties":{"building_uid":"evh3um","street_name":"Bulevardul Dacia","highway":"secondary","lungime":16.8},"geometry":{"type":"LineString","coordinates":[[26.11070131770877,44.44563157157634],[26.110905200187027,44.44559202158334]]}},{"type":"Feature","properties":{"building_uid":"87esdd","street_name":"Strada Ion C. Filitti","highway":"pedestrian","lungime":32.4},"geometry":{"type":"LineString","coordinates":[[26.09725099393887,44.43049572164771],[26.0968885,44.4305698],[26.09685874715693,44.43057489684678]]}},{"type":"Feature","properties":{"building_uid":"87esdd","street_name":"Strada Nicolae Tonitza","highway":"pedestrian","lungime":23.1},"geometry":{"type":"LineString","coordinates":[[26.09746397749089,44.430018036740144],[26.0972809,44.4299578],[26.097223,44.429939],[26.097199538117195,44.42993140132677]]}},{"type":"Feature","properties":{"building_uid":"87esdd","street_name":"","highway":"pedestrian","lungime":13.5},"geometry":{"type":"LineString","coordinates":[[26.09727341095084,44.43045040817455],[26.0972011,44.430463],[26.0971976,44.4304529],[26.0971229,44.4304673],[26.097122383422807,44.43046536283553]]}},{"type":"Feature","properties":{"building_uid":"87esdd","street_name":"","highway":"pedestrian","lungime":4.1},"geometry":{"type":"LineString","coordinates":[[26.097113044369497,44.43046431274489],[26.097063521538644,44.43047296785198]]}},{"type":"Feature","properties":{"building_uid":"87esdd","street_name":"","highway":"pedestrian","lungime":33.6},"geometry":{"type":"LineString","coordinates":[[26.09692052959077,44.43047130305462],[26.096918,44.4304697],[26.0969056,44.4304584],[26.0969001,44.4304451],[26.0968932,44.4304456],[26.0968876,44.4304293],[26.0968952,44.4304279],[26.0968918,44.4304096],[26.096889,44.4303968],[26.0968725,44.4303978],[26.0968137,44.430403],[26.096839036762702,44.43056061089397]]}},{"type":"Feature","properties":{"building_uid":"87esdd","street_name":"","highway":"pedestrian","lungime":16.9},"geometry":{"type":"LineString","coordinates":[[26.09699590644865,44.43060972736741],[26.0970065,44.4305938],[26.0970613,44.4305787],[26.0970685,44.4305897],[26.097146,44.4305678],[26.0971729234881,44.43056084202748]]}},{"type":"Feature","properties":{"building_uid":"87esdd","street_name":"","highway":"footway","lungime":49.3},"geometry":{"type":"LineString","coordinates":[[26.0967709,44.4302185],[26.096798,44.4302034],[26.0968017,44.4301845],[26.0968396,44.4301181],[26.0969711,44.4300679],[26.0971159,44.429997],[26.097223,44.429939]]}},{"type":"Feature","properties":{"building_uid":"87esdd","street_name":"","highway":"footway","lungime":1.2},"geometry":{"type":"LineString","coordinates":[[26.097223,44.429939],[26.097227834675227,44.42992888568828]]}},{"type":"Feature","properties":{"building_uid":"87esdd","street_name":"Calea Victoriei","highway":"cycleway","lungime":42.1},"geometry":{"type":"LineString","coordinates":[[26.0968076680683,44.43052297807829],[26.0968012,44.430482],[26.0967709,44.4302185],[26.096761709771275,44.43014510670486]]}},{"type":"Feature","properties":{"building_uid":"87esdd","street_name":"","highway":"footway","lungime":2.3},"geometry":{"type":"LineString","coordinates":[[26.096742662107747,44.43022048428432],[26.0967709,44.4302185]]}},{"type":"Feature","properties":{"building_uid":"87esdd","street_name":"","highway":"footway","lungime":4},"geometry":{"type":"LineString","coordinates":[[26.0968292765715,44.430082532347676],[26.0968396,44.4301181]]}},{"type":"Feature","properties":{"building_uid":"87esdd","street_name":"","highway":"pedestrian","lungime":2.3},"geometry":{"type":"LineString","coordinates":[[26.097403917217637,44.42996453890857],[26.0973794,44.4299566],[26.09737927346363,44.429954849580184]]}},{"type":"Feature","properties":{"building_uid":"87esdd","street_name":"","highway":"pedestrian","lungime":26.9},"geometry":{"type":"LineString","coordinates":[[26.09729308820404,44.42993441854735],[26.0972809,44.4299578],[26.0972611,44.4299957],[26.0972717,44.4299982],[26.0972874,44.4300052],[26.0972822,44.430011],[26.0972941,44.4300158],[26.0973,44.4300105],[26.0973276,44.4300206],[26.097466351285593,44.430067097426814]]}},{"type":"Feature","properties":{"building_uid":"jazich","street_name":"Pasajul Macca","highway":"pedestrian","lungime":48.7},"geometry":{"type":"LineString","coordinates":[[26.097916993247207,44.433447537870705],[26.0979318,44.4334437],[26.0984885,44.4332903]]}},{"type":"Feature","properties":{"building_uid":"jazich","street_name":"Pasajul Macca","highway":"pedestrian","lungime":5.9},"geometry":{"type":"LineString","coordinates":[[26.0984885,44.4332903],[26.098549563526543,44.433259435162945]]}},{"type":"Feature","properties":{"building_uid":"jazich","street_name":"Calea Victoriei","highway":"cycleway","lungime":33.6},"geometry":{"type":"LineString","coordinates":[[26.09807064992635,44.43370192849248],[26.0979318,44.4334437],[26.0979176050179,44.43342031723497]]}},{"type":"Feature","properties":{"building_uid":"j1d2i7","street_name":"Calea Victoriei","highway":"secondary","lungime":29.5},"geometry":{"type":"LineString","coordinates":[[26.098303899784398,44.43441570505072],[26.0982918,44.4343484],[26.0982763,44.434269],[26.0982631,44.4342185],[26.09823989804537,44.43415473696411]]}},{"type":"Feature","properties":{"building_uid":"u7uq5f","street_name":"Strada Banului","highway":"residential","lungime":4.2},"geometry":{"type":"LineString","coordinates":[[26.091913060547473,44.44352370158997],[26.09188494545157,44.4434920410063]]}},{"type":"Feature","properties":{"building_uid":"z16zsq","street_name":"Strada Banului","highway":"residential","lungime":24.3},"geometry":{"type":"LineString","coordinates":[[26.0924687421933,44.4438345059927],[26.092322,44.4437557],[26.092224896187343,44.443702201295665]]}},{"type":"Feature","properties":{"building_uid":"z16zsq","street_name":"","highway":"service","lungime":2.4},"geometry":{"type":"LineString","coordinates":[[26.0923042234163,44.44377264403921],[26.092322,44.4437557]]}},{"type":"Feature","properties":{"building_uid":"z16zsq","street_name":"Calea Victoriei","highway":"secondary","lungime":55.6},"geometry":{"type":"LineString","coordinates":[[26.092491486494378,44.44383531591458],[26.092901842872124,44.443430572867996]]}},{"type":"Feature","properties":{"building_uid":"z16zsq","street_name":"Calea Victoriei","highway":"cycleway","lungime":12.5},"geometry":{"type":"LineString","coordinates":[[26.09259287380528,44.44380008248522],[26.09268953439671,44.443711760658445]]}},{"type":"Feature","properties":{"building_uid":"bgxuad","street_name":"Calea Victoriei","highway":"cycleway","lungime":19.5},"geometry":{"type":"LineString","coordinates":[[26.092557670171665,44.44383224915402],[26.092709177169603,44.44369381243819]]}},{"type":"Feature","properties":{"building_uid":"ghx978","street_name":"Calea Victoriei","highway":"cycleway","lungime":28.2},"geometry":{"type":"LineString","coordinates":[[26.092203292317947,44.44417024070176],[26.092414523252245,44.443966485212364]]}},{"type":"Feature","properties":{"building_uid":"0o1jnq","street_name":"Calea Victoriei","highway":"cycleway","lungime":41.8},"geometry":{"type":"LineString","coordinates":[[26.087938095010966,44.45004942390368],[26.0879797,44.4499976],[26.08818985799869,44.44971964909851]]}},{"type":"Feature","properties":{"building_uid":"idj7iv","street_name":"Strada Hepiteș Ștefan","highway":"residential","lungime":4.7},"geometry":{"type":"LineString","coordinates":[[26.09196192248823,44.40831289415683],[26.09200899500797,44.408338414040344]]}},{"type":"Feature","properties":{"building_uid":"k43n6x","street_name":"Strada Visarion","highway":"residential","lungime":25},"geometry":{"type":"LineString","coordinates":[[26.09458001503044,44.44694269648404],[26.09470510027548,44.44714939941252]]}},{"type":"Feature","properties":{"building_uid":"phw6de","street_name":"Strada Vulturilor","highway":"residential","lungime":2.4},"geometry":{"type":"LineString","coordinates":[[26.120556973929805,44.42874525266529],[26.1205834,44.4287433],[26.120586406061765,44.42874334309766]]}},{"type":"Feature","properties":{"building_uid":"99mzg3","street_name":"","highway":"residential","lungime":25.2},"geometry":{"type":"LineString","coordinates":[[26.089583470398,44.45530408985422],[26.089818,44.4551871],[26.089832450150165,44.45520681062523]]}},{"type":"Feature","properties":{"building_uid":"99mzg3","street_name":"","highway":"service","lungime":16.5},"geometry":{"type":"LineString","coordinates":[[26.089818,44.4551871],[26.089841234017353,44.45503916965099]]}},{"type":"Feature","properties":{"building_uid":"f1cinf","street_name":"","highway":"service","lungime":14.1},"geometry":{"type":"LineString","coordinates":[[26.089830867893287,44.45510517047761],[26.0898507,44.4549789]]}},{"type":"Feature","properties":{"building_uid":"n7cfty","street_name":"Strada Silfidelor","highway":"residential","lungime":27.7},"geometry":{"type":"LineString","coordinates":[[26.090620728114494,44.43427484505306],[26.090555923493575,44.434519412987115]]}},{"type":"Feature","properties":{"building_uid":"n7cfty","street_name":"","highway":"footway","lungime":15.6},"geometry":{"type":"LineString","coordinates":[[26.090274717094854,44.434536319212526],[26.09047119912146,44.43454102134649]]}},{"type":"Feature","properties":{"building_uid":"i10au0","street_name":"","highway":"footway","lungime":21.3},"geometry":{"type":"LineString","coordinates":[[26.0891386939666,44.434519031083894],[26.089406524548917,44.43452270413152]]}},{"type":"Feature","properties":{"building_uid":"gvrc1y","street_name":"Strada Căpitan Gheorghe Preoțescu","highway":"residential","lungime":26.1},"geometry":{"type":"LineString","coordinates":[[26.096051495215924,44.42186844154258],[26.096267139103823,44.42169164836294]]}},{"type":"Feature","properties":{"building_uid":"7t7sbx","street_name":"Strada Cornelia","highway":"residential","lungime":26.3},"geometry":{"type":"LineString","coordinates":[[26.095440820517993,44.41954311864631],[26.0954051,44.4195461],[26.0952254,44.419571],[26.095118013102596,44.41959287642834]]}},{"type":"Feature","properties":{"building_uid":"7t7sbx","street_name":"Strada 11 Iunie","highway":"tertiary","lungime":6.7},"geometry":{"type":"LineString","coordinates":[[26.09508182283473,44.41966042791238],[26.09510357966355,44.419719146424214]]}},{"type":"Feature","properties":{"building_uid":"yleusb","street_name":"Strada Cornelia","highway":"residential","lungime":18.4},"geometry":{"type":"LineString","coordinates":[[26.09539247134001,44.4195478498811],[26.0952254,44.419571],[26.09516655729807,44.4195829871994]]}},{"type":"Feature","properties":{"building_uid":"1fir40","street_name":"Pasajul Galeriei Blanduziei","highway":"service","lungime":3.5},"geometry":{"type":"LineString","coordinates":[[26.1001143,44.4341079],[26.100154206747955,44.434120843006475]]}},{"type":"Feature","properties":{"building_uid":"1fir40","street_name":"Strada Academiei","highway":"residential","lungime":11.2},"geometry":{"type":"LineString","coordinates":[[26.099644961033526,44.43409623115563],[26.099634991183617,44.43419637423059]]}},{"type":"Feature","properties":{"building_uid":"6i9ut1","street_name":"Strada Alecu Russo","highway":"tertiary","lungime":39.9},"geometry":{"type":"LineString","coordinates":[[26.10813378890012,44.447136435790306],[26.1081657,44.4470606],[26.1082504,44.4468586],[26.1082713,44.4468102],[26.108281704039506,44.44679346773028]]}},{"type":"Feature","properties":{"building_uid":"t0mofn","street_name":"Șoseaua Alexandria","highway":"primary","lungime":48.8},"geometry":{"type":"LineString","coordinates":[[26.058382087827002,44.403720218543945],[26.0578454,44.403508]]}},{"type":"Feature","properties":{"building_uid":"t0mofn","street_name":"Strada Mărgeanului","highway":"tertiary","lungime":2.5},"geometry":{"type":"LineString","coordinates":[[26.0578454,44.403508],[26.057860967948482,44.40348805232177]]}},{"type":"Feature","properties":{"building_uid":"t0mofn","street_name":"Șoseaua Alexandria","highway":"primary","lungime":1.6},"geometry":{"type":"LineString","coordinates":[[26.0578454,44.403508],[26.057827581690084,44.40350085361902]]}},{"type":"Feature","properties":{"building_uid":"t0mofn","street_name":"Strada Mărgeanului","highway":"tertiary","lungime":33.2},"geometry":{"type":"LineString","coordinates":[[26.0578454,44.403508],[26.0578216,44.403539],[26.05764137778063,44.40376843158174]]}},{"type":"Feature","properties":{"building_uid":"t0mofn","street_name":"","highway":"footway","lungime":52.6},"geometry":{"type":"LineString","coordinates":[[26.058369569096303,44.40375622974807],[26.0578216,44.403539],[26.057792114326272,44.40352716853364]]}},{"type":"Feature","properties":{"building_uid":"wdrine","street_name":"Strada Alexandru Donici","highway":"residential","lungime":22.3},"geometry":{"type":"LineString","coordinates":[[26.110489526616746,44.441639291539644],[26.110625700889496,44.4414642872783]]}},{"type":"Feature","properties":{"building_uid":"752lov","street_name":"Strada Alexandru Donici","highway":"residential","lungime":17.8},"geometry":{"type":"LineString","coordinates":[[26.11020333169121,44.44201189901036],[26.1102164,44.4419903],[26.11030926516972,44.44187095439893]]}},{"type":"Feature","properties":{"building_uid":"zowoor","street_name":"Bulevardul Alexandru Ioan Cuza","highway":"tertiary","lungime":10.6},"geometry":{"type":"LineString","coordinates":[[26.07435809891094,44.45134034406758],[26.074236521088597,44.45137919852224]]}},{"type":"Feature","properties":{"building_uid":"obk5dc","street_name":"Strada Alexandru Ipsilanti","highway":"residential","lungime":69.3},"geometry":{"type":"LineString","coordinates":[[26.176100036100166,44.438855662157195],[26.17587153871171,44.43945806925192]]}},{"type":"Feature","properties":{"building_uid":"obk5dc","street_name":"","highway":"footway","lungime":14},"geometry":{"type":"LineString","coordinates":[[26.175710209250873,44.43945214331273],[26.1757061,44.4394344],[26.1755585,44.4394114]]}},{"type":"Feature","properties":{"building_uid":"8rbygj","street_name":"Residential private parking access","highway":"residential","lungime":4.4},"geometry":{"type":"LineString","coordinates":[[26.1012212,44.4458885],[26.1012309,44.4458631],[26.10124830799827,44.44586672556364]]}},{"type":"Feature","properties":{"building_uid":"8rbygj","street_name":"Residential private parking access","highway":"residential","lungime":28.9},"geometry":{"type":"LineString","coordinates":[[26.101487185028223,44.44591647648049],[26.1015598,44.4459316],[26.1015413,44.446137]]}},{"type":"Feature","properties":{"building_uid":"8rbygj","street_name":"Residential private parking access","highway":"residential","lungime":4.2},"geometry":{"type":"LineString","coordinates":[[26.100968992560528,44.44583559947303],[26.1010192,44.4458463]]}},{"type":"Feature","properties":{"building_uid":"8rbygj","street_name":"Residential private parking access","highway":"residential","lungime":1.7},"geometry":{"type":"LineString","coordinates":[[26.1010192,44.4458463],[26.101039266638722,44.44585058555481]]}},{"type":"Feature","properties":{"building_uid":"8rbygj","street_name":"Residential private parking access","highway":"residential","lungime":0.3},"geometry":{"type":"LineString","coordinates":[[26.101165082657953,44.44587745559787],[26.1011681,44.4458781]]}},{"type":"Feature","properties":{"building_uid":"8rbygj","street_name":"Residential private parking access","highway":"residential","lungime":4.4},"geometry":{"type":"LineString","coordinates":[[26.1011681,44.4458781],[26.1012212,44.4458885]]}},{"type":"Feature","properties":{"building_uid":"8rbygj","street_name":"Residential private parking access","highway":"residential","lungime":50.2},"geometry":{"type":"LineString","coordinates":[[26.1015413,44.446137],[26.1011691,44.4460589],[26.1012212,44.4458885]]}},{"type":"Feature","properties":{"building_uid":"0k2quj","street_name":"","highway":"footway","lungime":53.9},"geometry":{"type":"LineString","coordinates":[[26.117574973404597,44.38880763826264],[26.1175621,44.388815],[26.1175225,44.3888315],[26.117481,44.3888438],[26.117444,44.388852],[26.1174071,44.3888574],[26.117362,44.3888567],[26.1173203,44.388851],[26.1172864,44.3888436],[26.117206,44.3888137],[26.1171278,44.3887818],[26.1169884,44.3887228],[26.116965087060535,44.38871280602595]]}},{"type":"Feature","properties":{"building_uid":"0k2quj","street_name":"","highway":"residential","lungime":38.6},"geometry":{"type":"LineString","coordinates":[[26.116978622344377,44.38873550001137],[26.1169793,44.3887346],[26.1169884,44.3887228],[26.1170223,44.3886789],[26.1171241,44.3885496],[26.117139,44.3885278],[26.1171465,44.3885164],[26.1171532,44.3885048],[26.1171602,44.3884884],[26.1171641,44.3884702],[26.1171639,44.3884508],[26.1171608,44.3884342],[26.117155562817672,44.38842190716925]]}},{"type":"Feature","properties":{"building_uid":"4h3szq","street_name":"","highway":"footway","lungime":13.7},"geometry":{"type":"LineString","coordinates":[[26.1177373,44.3871011],[26.117846185502632,44.3870061267514]]}},{"type":"Feature","properties":{"building_uid":"4h3szq","street_name":"","highway":"footway","lungime":31.8},"geometry":{"type":"LineString","coordinates":[[26.117723302751596,44.38705090722378],[26.1177373,44.3871011],[26.117659692958764,44.38732996021071]]}},{"type":"Feature","properties":{"building_uid":"4h3szq","street_name":"","highway":"service","lungime":16},"geometry":{"type":"LineString","coordinates":[[26.1183115,44.3873326],[26.1184337,44.3874027],[26.11847250906247,44.387418639436376]]}},{"type":"Feature","properties":{"building_uid":"4h3szq","street_name":"","highway":"footway","lungime":16.5},"geometry":{"type":"LineString","coordinates":[[26.117829005670014,44.3874219818581],[26.1180349,44.3874021]]}},{"type":"Feature","properties":{"building_uid":"4h3szq","street_name":"","highway":"footway","lungime":39.7},"geometry":{"type":"LineString","coordinates":[[26.118693411782438,44.38754705970582],[26.1186347,44.3876022],[26.1186135,44.3876249],[26.1186029,44.3876514],[26.1185976,44.3876769],[26.1185897,44.3876977],[26.1185725,44.3877204],[26.1184917,44.3877924],[26.1184801,44.3878086],[26.1184744,44.38783],[26.1184771,44.3878484],[26.118478600216584,44.387857117474745]]}},{"type":"Feature","properties":{"building_uid":"igxdgf","street_name":"Strada Alexandru Philippide","highway":"residential","lungime":25.7},"geometry":{"type":"LineString","coordinates":[[26.10332535787945,44.44707061617553],[26.10364471411104,44.44710731469052]]}},{"type":"Feature","properties":{"building_uid":"uhvihy","street_name":"Strada Alexandru Sihleanu","highway":"residential","lungime":18.1},"geometry":{"type":"LineString","coordinates":[[26.113877434984914,44.43251015864239],[26.113859264973915,44.43267235063983]]}},{"type":"Feature","properties":{"building_uid":"xwiw18","street_name":"Strada Arcului","highway":"residential","lungime":24.7},"geometry":{"type":"LineString","coordinates":[[26.109848214638948,44.43780017490269],[26.1098797,44.4378319],[26.1098951,44.4378612],[26.1099087,44.437887],[26.1099422,44.4379866],[26.109952723562913,44.43800703111239]]}},{"type":"Feature","properties":{"building_uid":"xwiw18","street_name":"Strada Săgeții","highway":"residential","lungime":1},"geometry":{"type":"LineString","coordinates":[[26.1094995,44.4380089],[26.109490985401518,44.43800218776178]]}},{"type":"Feature","properties":{"building_uid":"xwiw18","street_name":"Strada Armand Călinescu","highway":"tertiary","lungime":29.6},"geometry":{"type":"LineString","coordinates":[[26.109495912193672,44.43801486252795],[26.1094995,44.4380089],[26.1095324,44.4379509],[26.109577,44.4378727],[26.109646870020313,44.4377718749074]]}},{"type":"Feature","properties":{"building_uid":"xwiw18","street_name":"","highway":"footway","lungime":2.5},"geometry":{"type":"LineString","coordinates":[[26.1098951,44.4378612],[26.10992514854765,44.437855645571496]]}},{"type":"Feature","properties":{"building_uid":"q881qw","street_name":"Strada Arcului","highway":"residential","lungime":2.6},"geometry":{"type":"LineString","coordinates":[[26.110347745098913,44.438331063457454],[26.11037008330549,44.438348546196025]]}},{"type":"Feature","properties":{"building_uid":"lz3e6j","street_name":"Strada Precupeții Vechi","highway":"residential","lungime":12.4},"geometry":{"type":"LineString","coordinates":[[26.11830343402482,44.44783509598472],[26.118199459043062,44.447751722357346]]}},{"type":"Feature","properties":{"building_uid":"1lkyge","street_name":"Aleea Arinii Dornei","highway":"residential","lungime":2.9},"geometry":{"type":"LineString","coordinates":[[26.0413041,44.4354349],[26.04127998682453,44.435454873842886]]}},{"type":"Feature","properties":{"building_uid":"1lkyge","street_name":"Aleea Arinii Dornei","highway":"residential","lungime":14.1},"geometry":{"type":"LineString","coordinates":[[26.0413041,44.4354349],[26.04141593617184,44.435336884691765]]}},{"type":"Feature","properties":{"building_uid":"1lkyge","street_name":"Aleea Arinii Dornei","highway":"residential","lungime":19.9},"geometry":{"type":"LineString","coordinates":[[26.041297970498693,44.435614234348826],[26.0413041,44.4354349]]}},{"type":"Feature","properties":{"building_uid":"1lkyge","street_name":"","highway":"footway","lungime":46.9},"geometry":{"type":"LineString","coordinates":[[26.041882148297052,44.43558377764512],[26.041771,44.4356303],[26.0417258,44.43563],[26.041310686825447,44.43562806157752]]}},{"type":"Feature","properties":{"building_uid":"1lkyge","street_name":"","highway":"footway","lungime":4.7},"geometry":{"type":"LineString","coordinates":[[26.0417258,44.43563],[26.04172492176825,44.43567225532495]]}},{"type":"Feature","properties":{"building_uid":"4yw40r","street_name":"","highway":"footway","lungime":25.1},"geometry":{"type":"LineString","coordinates":[[26.110259505284358,44.436794385247],[26.11036571738786,44.43658171679402]]}},{"type":"Feature","properties":{"building_uid":"4yw40r","street_name":"","highway":"footway","lungime":9.7},"geometry":{"type":"LineString","coordinates":[[26.11037772565337,44.436557672648725],[26.11041886725185,44.4364752948423]]}},{"type":"Feature","properties":{"building_uid":"fdcme7","street_name":"Strada Pictor Rafael Sanzio","highway":"residential","lungime":29.3},"geometry":{"type":"LineString","coordinates":[[26.111791692562097,44.437977450160226],[26.1114944,44.4379753],[26.1114237,44.4379748]]}},{"type":"Feature","properties":{"building_uid":"fdcme7","street_name":"Strada Armenească","highway":"residential","lungime":25.8},"geometry":{"type":"LineString","coordinates":[[26.111305977154895,44.437764291782706],[26.1114237,44.4379748],[26.11142662427531,44.437980173531905]]}},{"type":"Feature","properties":{"building_uid":"ubpxzn","street_name":"Strada Austrului","highway":"residential","lungime":23.1},"geometry":{"type":"LineString","coordinates":[[26.122660560403162,44.437729089023485],[26.122610910102882,44.43793424744862]]}},{"type":"Feature","properties":{"building_uid":"1axo55","street_name":"","highway":"service","lungime":27.5},"geometry":{"type":"LineString","coordinates":[[26.1286892,44.4451892],[26.1285444,44.4453581],[26.128509180612763,44.44540023102044]]}},{"type":"Feature","properties":{"building_uid":"1axo55","street_name":"Strada Oscar Obedeanu","highway":"service","lungime":9.7},"geometry":{"type":"LineString","coordinates":[[26.1293401,44.4454834],[26.12937061003114,44.44539871091011]]}},{"type":"Feature","properties":{"building_uid":"1axo55","street_name":"","highway":"footway","lungime":87.2},"geometry":{"type":"LineString","coordinates":[[26.1285444,44.4453581],[26.1292193,44.4456551],[26.129478292331495,44.445769126003796]]}},{"type":"Feature","properties":{"building_uid":"1axo55","street_name":"","highway":"service","lungime":6.1},"geometry":{"type":"LineString","coordinates":[[26.1292193,44.4456551],[26.129180761537874,44.4457026379985]]}},{"type":"Feature","properties":{"building_uid":"1axo55","street_name":"Aleea Avrig","highway":"residential","lungime":96.5},"geometry":{"type":"LineString","coordinates":[[26.12963340364587,44.44561518983811],[26.1293401,44.4454834],[26.1286892,44.4451892],[26.12860717040934,44.445152758665344]]}},{"type":"Feature","properties":{"building_uid":"72934p","street_name":"","highway":"service","lungime":8.8},"geometry":{"type":"LineString","coordinates":[[26.1291622,44.4446831],[26.12927239507813,44.44468412666222]]}},{"type":"Feature","properties":{"building_uid":"72934p","street_name":"Aleea Avrig","highway":"residential","lungime":96.3},"geometry":{"type":"LineString","coordinates":[[26.128919661096372,44.44483461141106],[26.1289371,44.4448359],[26.1290024,44.4448542],[26.1294846,44.4450823],[26.1298481,44.4452466],[26.129943610327018,44.44529284858095]]}},{"type":"Feature","properties":{"building_uid":"72934p","street_name":"Strada Oscar Obedeanu","highway":"service","lungime":8.3},"geometry":{"type":"LineString","coordinates":[[26.12945851232065,44.445154713620674],[26.1294846,44.4450823]]}},{"type":"Feature","properties":{"building_uid":"72934p","street_name":"","highway":"footway","lungime":30.2},"geometry":{"type":"LineString","coordinates":[[26.1298481,44.4452466],[26.1300041,44.4450521],[26.130008299801478,44.4450050482822]]}},{"type":"Feature","properties":{"building_uid":"72934p","street_name":"","highway":"footway","lungime":78.5},"geometry":{"type":"LineString","coordinates":[[26.1300041,44.4450521],[26.1291622,44.4446831]]}},{"type":"Feature","properties":{"building_uid":"72934p","street_name":"","highway":"service","lungime":22.9},"geometry":{"type":"LineString","coordinates":[[26.1290024,44.4448542],[26.1291622,44.4446831]]}},{"type":"Feature","properties":{"building_uid":"pf5mlw","street_name":"Strada Avrig","highway":"residential","lungime":28.7},"geometry":{"type":"LineString","coordinates":[[26.13058063970784,44.44562012845116],[26.1305873,44.4456143],[26.130808704357722,44.445420525341255]]}},{"type":"Feature","properties":{"building_uid":"pf5mlw","street_name":"Strada Popa Lazăr","highway":"residential","lungime":4.5},"geometry":{"type":"LineString","coordinates":[[26.130792232894496,44.445862739145866],[26.1308016,44.4458523],[26.1308107,44.4458249]]}},{"type":"Feature","properties":{"building_uid":"pf5mlw","street_name":"Aleea Avrig","highway":"residential","lungime":0.2},"geometry":{"type":"LineString","coordinates":[[26.130585405711496,44.44561334579337],[26.1305873,44.4456143]]}},{"type":"Feature","properties":{"building_uid":"pf5mlw","street_name":"Strada Popa Lazăr","highway":"residential","lungime":29.7},"geometry":{"type":"LineString","coordinates":[[26.1308107,44.4458249],[26.130805,44.4458017],[26.1306665,44.4456825],[26.1305873,44.4456143]]}},{"type":"Feature","properties":{"building_uid":"4nofo3","street_name":"Aleea Avrig","highway":"residential","lungime":20.5},"geometry":{"type":"LineString","coordinates":[[26.127627368606717,44.446265925191724],[26.12775831754814,44.446106742452706]]}},{"type":"Feature","properties":{"building_uid":"4nofo3","street_name":"Aleea Avrig","highway":"residential","lungime":92},"geometry":{"type":"LineString","coordinates":[[26.12783676244754,44.446078378839644],[26.1279527,44.4461266],[26.1280266,44.4461591],[26.1285796,44.44642],[26.12880771793674,44.44652841152897]]}},{"type":"Feature","properties":{"building_uid":"4nofo3","street_name":"","highway":"footway","lungime":3},"geometry":{"type":"LineString","coordinates":[[26.1279527,44.4461266],[26.127970221082357,44.44610233922594]]}},{"type":"Feature","properties":{"building_uid":"4nofo3","street_name":"","highway":"footway","lungime":6.4},"geometry":{"type":"LineString","coordinates":[[26.1278611,44.4463814],[26.1279014,44.4463319]]}},{"type":"Feature","properties":{"building_uid":"4nofo3","street_name":"","highway":"service","lungime":23.2},"geometry":{"type":"LineString","coordinates":[[26.128808191421584,44.44654114442937],[26.1286537,44.4467184]]}},{"type":"Feature","properties":{"building_uid":"4nofo3","street_name":"","highway":"footway","lungime":94.9},"geometry":{"type":"LineString","coordinates":[[26.12762796433031,44.446282209628826],[26.1278611,44.4463814],[26.1286537,44.4467184]]}},{"type":"Feature","properties":{"building_uid":"4nofo3","street_name":"","highway":"service","lungime":4.1},"geometry":{"type":"LineString","coordinates":[[26.1285796,44.44642],[26.12860696306538,44.44638877566081]]}},{"type":"Feature","properties":{"building_uid":"4nofo3","street_name":"","highway":"service","lungime":3},"geometry":{"type":"LineString","coordinates":[[26.128047058781377,44.44613690442999],[26.1280266,44.4461591]]}},{"type":"Feature","properties":{"building_uid":"891uo9","street_name":"","highway":"pedestrian","lungime":2.3},"geometry":{"type":"LineString","coordinates":[[26.10276144080852,44.43235329413348],[26.1027541,44.4323332]]}},{"type":"Feature","properties":{"building_uid":"891uo9","street_name":"","highway":"pedestrian","lungime":2.3},"geometry":{"type":"LineString","coordinates":[[26.1026718,44.4321115],[26.10266723768242,44.43209074881359]]}},{"type":"Feature","properties":{"building_uid":"3v5fus","street_name":"Strada Baia de Fier","highway":"living_street","lungime":16},"geometry":{"type":"LineString","coordinates":[[26.105872156519514,44.43057691864968],[26.105752626152515,44.43046086936994]]}},{"type":"Feature","properties":{"building_uid":"p471fb","street_name":"Aleea Băiculești","highway":"residential","lungime":109.9},"geometry":{"type":"LineString","coordinates":[[26.055608,44.4814298],[26.0553533,44.4815607],[26.0549372,44.4817804],[26.0545361,44.4819921],[26.054491446981974,44.482012350571075]]}},{"type":"Feature","properties":{"building_uid":"p471fb","street_name":"","highway":"service","lungime":1.2},"geometry":{"type":"LineString","coordinates":[[26.054928115881353,44.4817715000844],[26.0549372,44.4817804]]}},{"type":"Feature","properties":{"building_uid":"p471fb","street_name":"","highway":"service","lungime":1.2},"geometry":{"type":"LineString","coordinates":[[26.0553533,44.4815607],[26.055344068334495,44.48155186188906]]}},{"type":"Feature","properties":{"building_uid":"p471fb","street_name":"","highway":"service","lungime":1.2},"geometry":{"type":"LineString","coordinates":[[26.0545361,44.4819921],[26.054527707780743,44.48198365361798]]}},{"type":"Feature","properties":{"building_uid":"ft3z69","street_name":"Strada Baldovin Pârcălabul","highway":"tertiary","lungime":21.7},"geometry":{"type":"LineString","coordinates":[[26.079325173047746,44.44305817405984],[26.0793416,44.4431016],[26.079396416532116,44.44324649435699]]}},{"type":"Feature","properties":{"building_uid":"ft3z69","street_name":"Intrarea Baldovin Pârcălabul","highway":"residential","lungime":3.7},"geometry":{"type":"LineString","coordinates":[[26.079387875274264,44.443098630436445],[26.0793416,44.4431016]]}},{"type":"Feature","properties":{"building_uid":"k7hme7","street_name":"","highway":"service","lungime":20.6},"geometry":{"type":"LineString","coordinates":[[26.079022635552658,44.45532973990205],[26.07877474364495,44.45527545700254]]}},{"type":"Feature","properties":{"building_uid":"k7hme7","street_name":"","highway":"service","lungime":27.1},"geometry":{"type":"LineString","coordinates":[[26.079010151855176,44.455436529159414],[26.0789824,44.4554572],[26.07890736705461,44.45566557679646]]}},{"type":"Feature","properties":{"building_uid":"uz52an","street_name":"","highway":"footway","lungime":233.5},"geometry":{"type":"LineString","coordinates":[[26.167841353961936,44.42614470033975],[26.1687609,44.4262582],[26.1697263,44.4263856],[26.17072798551397,44.42651963163451]]}},{"type":"Feature","properties":{"building_uid":"uz52an","street_name":"","highway":"residential","lungime":1.1},"geometry":{"type":"LineString","coordinates":[[26.168763057588585,44.42624857793215],[26.1687609,44.4262582]]}},{"type":"Feature","properties":{"building_uid":"9r63cq","street_name":"Strada Fruntaș Constantin Tudor","highway":"residential","lungime":42},"geometry":{"type":"LineString","coordinates":[[26.143995187371388,44.43175582734818],[26.143987,44.4317552],[26.1436084,44.431728],[26.14346966211786,44.43171805564223]]}},{"type":"Feature","properties":{"building_uid":"9r63cq","street_name":"","highway":"service","lungime":51.9},"geometry":{"type":"LineString","coordinates":[[26.143987,44.4317552],[26.1439206,44.4321212],[26.1439206,44.4321595],[26.1439355,44.4321824],[26.1439677,44.4322005],[26.143975492888014,44.43220115872349]]}},{"type":"Feature","properties":{"building_uid":"9r63cq","street_name":"","highway":"footway","lungime":44.8},"geometry":{"type":"LineString","coordinates":[[26.1436084,44.431728],[26.1435855,44.4318521],[26.1435347,44.4321282]]}},{"type":"Feature","properties":{"building_uid":"9r63cq","street_name":"","highway":"footway","lungime":14.1},"geometry":{"type":"LineString","coordinates":[[26.143423209204663,44.431903071083056],[26.1435352,44.4318691],[26.1435855,44.4318521]]}},{"type":"Feature","properties":{"building_uid":"q6d862","street_name":"Strada Fruntaș Constantin Tudor","highway":"residential","lungime":32.2},"geometry":{"type":"LineString","coordinates":[[26.144854514274407,44.43177812557483],[26.1445716,44.4317535],[26.1445274,44.4317657],[26.1445012,44.4317946],[26.14447713726201,44.431792756219615]]}},{"type":"Feature","properties":{"building_uid":"q6d862","street_name":"","highway":"service","lungime":54.2},"geometry":{"type":"LineString","coordinates":[[26.144413577969967,44.43227854359383],[26.1444208,44.4322388],[26.1445012,44.4317946]]}},{"type":"Feature","properties":{"building_uid":"q6d862","street_name":"","highway":"service","lungime":2.2},"geometry":{"type":"LineString","coordinates":[[26.144393638808374,44.43223650409702],[26.1444208,44.4322388]]}},{"type":"Feature","properties":{"building_uid":"q6d862","street_name":"Intrarea Patinoarului","highway":"footway","lungime":58.6},"geometry":{"type":"LineString","coordinates":[[26.1449718,44.4318659],[26.144874067834852,44.43238876378846]]}},{"type":"Feature","properties":{"building_uid":"q6d862","street_name":"Strada Fruntaș Constantin Tudor","highway":"residential","lungime":10.6},"geometry":{"type":"LineString","coordinates":[[26.14488776267503,44.431791315790015],[26.1449718,44.4318659]]}},{"type":"Feature","properties":{"building_uid":"q6d862","street_name":"Strada Fruntaș Constantin Tudor","highway":"residential","lungime":3.9},"geometry":{"type":"LineString","coordinates":[[26.1450203084399,44.43187130992431],[26.1449718,44.4318659]]}},{"type":"Feature","properties":{"building_uid":"qo6nvs","street_name":"Intrarea Gheorghe Tudorache","highway":"residential","lungime":4.9},"geometry":{"type":"LineString","coordinates":[[26.145722759690255,44.43183765170732],[26.1457135,44.4318815]]}},{"type":"Feature","properties":{"building_uid":"qo6nvs","street_name":"Intrarea Gheorghe Tudorache","highway":"residential","lungime":51},"geometry":{"type":"LineString","coordinates":[[26.1455618,44.4319317],[26.145471704330078,44.43238665716895]]}},{"type":"Feature","properties":{"building_uid":"qo6nvs","street_name":"Strada Fruntaș Constantin Tudor","highway":"residential","lungime":41},"geometry":{"type":"LineString","coordinates":[[26.145996710135385,44.431906075350255],[26.1457135,44.4318815],[26.1455618,44.4319317],[26.145499399869816,44.43192474079904]]}},{"type":"Feature","properties":{"building_uid":"mia55p","street_name":"Strada Fruntaș Constantin Tudor","highway":"residential","lungime":40.1},"geometry":{"type":"LineString","coordinates":[[26.1470353711753,44.431998843026236],[26.1469422,44.4319906],[26.146801,44.431978],[26.1465637,44.4319564],[26.14653575903332,44.43195386514941]]}},{"type":"Feature","properties":{"building_uid":"mia55p","street_name":"","highway":"footway","lungime":61.9},"geometry":{"type":"LineString","coordinates":[[26.1469422,44.4319906],[26.1468888,44.4323266],[26.14687,44.4324453],[26.1467311,44.4324368]]}},{"type":"Feature","properties":{"building_uid":"mia55p","street_name":"","highway":"service","lungime":7.1},"geometry":{"type":"LineString","coordinates":[[26.146801,44.431978],[26.146811827653455,44.431914459943094]]}},{"type":"Feature","properties":{"building_uid":"mia55p","street_name":"","highway":"footway","lungime":30.4},"geometry":{"type":"LineString","coordinates":[[26.1466654,44.432145],[26.146538,44.432138],[26.1465637,44.4319564]]}},{"type":"Feature","properties":{"building_uid":"mia55p","street_name":"","highway":"footway","lungime":3},"geometry":{"type":"LineString","coordinates":[[26.14685120397691,44.43232350032789],[26.1468888,44.4323266]]}},{"type":"Feature","properties":{"building_uid":"g3vdre","street_name":"","highway":"service","lungime":9},"geometry":{"type":"LineString","coordinates":[[26.147655487602808,44.43196870769164],[26.1476409,44.4320492]]}},{"type":"Feature","properties":{"building_uid":"g3vdre","street_name":"Strada Fruntaș Constantin Tudor","highway":"footway","lungime":5.1},"geometry":{"type":"LineString","coordinates":[[26.148013082408102,44.4320772892843],[26.1479498,44.4320728]]}},{"type":"Feature","properties":{"building_uid":"g3vdre","street_name":"Strada Fruntaș Constantin Tudor","highway":"residential","lungime":37.4},"geometry":{"type":"LineString","coordinates":[[26.1479498,44.4320728],[26.1476409,44.4320492],[26.1475017,44.4320401],[26.14748278972606,44.43203842697309]]}},{"type":"Feature","properties":{"building_uid":"g3vdre","street_name":"","highway":"service","lungime":61},"geometry":{"type":"LineString","coordinates":[[26.1479498,44.4320728],[26.1478951,44.4324307],[26.147865518090256,44.43261857745683]]}},{"type":"Feature","properties":{"building_uid":"g3vdre","street_name":"","highway":"service","lungime":47},"geometry":{"type":"LineString","coordinates":[[26.1475017,44.4320401],[26.147479,44.4321469],[26.147413605547076,44.432458923701205]]}},{"type":"Feature","properties":{"building_uid":"g3vdre","street_name":"","highway":"footway","lungime":13},"geometry":{"type":"LineString","coordinates":[[26.147479,44.4321469],[26.1476411,44.4321643]]}},{"type":"Feature","properties":{"building_uid":"g3vdre","street_name":"","highway":"footway","lungime":6.6},"geometry":{"type":"LineString","coordinates":[[26.1478131,44.4324249],[26.1478951,44.4324307]]}},{"type":"Feature","properties":{"building_uid":"b0bjkh","street_name":"","highway":"service","lungime":2.4},"geometry":{"type":"LineString","coordinates":[[26.1023923,44.4377621],[26.102403707304912,44.43774172981266]]}},{"type":"Feature","properties":{"building_uid":"b0bjkh","street_name":"","highway":"service","lungime":2.1},"geometry":{"type":"LineString","coordinates":[[26.1025187,44.4378183],[26.10253030542133,44.437800946610565]]}},{"type":"Feature","properties":{"building_uid":"b0bjkh","street_name":"","highway":"footway","lungime":35.3},"geometry":{"type":"LineString","coordinates":[[26.102240902583116,44.437751738739614],[26.1022818,44.4377654],[26.1023703,44.4377955],[26.102619802260918,44.437915600458595]]}},{"type":"Feature","properties":{"building_uid":"b0bjkh","street_name":"Strada Batiștei","highway":"tertiary","lungime":27.6},"geometry":{"type":"LineString","coordinates":[[26.102605251972133,44.437859144750895],[26.1025187,44.4378183],[26.1023923,44.4377621],[26.10230894002003,44.437730076562154]]}},{"type":"Feature","properties":{"building_uid":"dghtut","street_name":"","highway":"service","lungime":1.8},"geometry":{"type":"LineString","coordinates":[[26.102644582081837,44.43785853687007],[26.1026344,44.4378729]]}},{"type":"Feature","properties":{"building_uid":"dghtut","street_name":"","highway":"service","lungime":1.7},"geometry":{"type":"LineString","coordinates":[[26.1025187,44.4378183],[26.102527808784465,44.437804679789274]]}},{"type":"Feature","properties":{"building_uid":"dghtut","street_name":"","highway":"footway","lungime":46.1},"geometry":{"type":"LineString","coordinates":[[26.102391469531206,44.43780569016981],[26.1027673,44.4379866],[26.102871674569933,44.43803785919372]]}},{"type":"Feature","properties":{"building_uid":"dghtut","street_name":"Strada Batiștei","highway":"tertiary","lungime":37},"geometry":{"type":"LineString","coordinates":[[26.102852478089993,44.43797769589664],[26.1026344,44.4378729],[26.1025187,44.4378183],[26.10246494817619,44.43779440085049]]}},{"type":"Feature","properties":{"building_uid":"nhx8dn","street_name":"","highway":"footway","lungime":27.6},"geometry":{"type":"LineString","coordinates":[[26.104196744312983,44.43859992040643],[26.1042019,44.4386025],[26.104476471796033,44.43874689994124]]}},{"type":"Feature","properties":{"building_uid":"nhx8dn","street_name":"Strada Batiștei","highway":"tertiary","lungime":10.4},"geometry":{"type":"LineString","coordinates":[[26.104428285952803,44.43875853509619],[26.104323100186697,44.43870372622088]]}},{"type":"Feature","properties":{"building_uid":"nhx8dn","street_name":"Strada Batiștei","highway":"tertiary","lungime":9.6},"geometry":{"type":"LineString","coordinates":[[26.10430372339961,44.4386936296085],[26.10420644884509,44.438642943007764]]}},{"type":"Feature","properties":{"building_uid":"cm1oxk","street_name":"Strada Oțetari","highway":"residential","lungime":17.6},"geometry":{"type":"LineString","coordinates":[[26.106845895287787,44.43943345721491],[26.10686141850856,44.43927540715074]]}},{"type":"Feature","properties":{"building_uid":"cm1oxk","street_name":"","highway":"footway","lungime":3.8},"geometry":{"type":"LineString","coordinates":[[26.1067859,44.4394377],[26.106834109051047,44.43943834818892]]}},{"type":"Feature","properties":{"building_uid":"cm1oxk","street_name":"","highway":"footway","lungime":12.1},"geometry":{"type":"LineString","coordinates":[[26.106634076000798,44.439440930297856],[26.1067859,44.4394377]]}},{"type":"Feature","properties":{"building_uid":"sos9ux","street_name":"Strada Benjamin Franklin","highway":"living_street","lungime":5.7},"geometry":{"type":"LineString","coordinates":[[26.098051156220464,44.44135285321948],[26.098109649741534,44.44138253904731]]}},{"type":"Feature","properties":{"building_uid":"sos9ux","street_name":"Strada Nicolae Golescu","highway":"living_street","lungime":15.8},"geometry":{"type":"LineString","coordinates":[[26.097739344985968,44.44146748455157],[26.09781536493915,44.44133596855069]]}},{"type":"Feature","properties":{"building_uid":"e2ojk6","street_name":"","highway":"service","lungime":11.8},"geometry":{"type":"LineString","coordinates":[[26.08344308529295,44.43710518058407],[26.0833742,44.437037],[26.083358195522493,44.437017952623656]]}},{"type":"Feature","properties":{"building_uid":"11ysr7","street_name":"Strada Bibescu Vodă","highway":"tertiary","lungime":39.2},"geometry":{"type":"LineString","coordinates":[[26.101999571018233,44.42540325815586],[26.102395853771,44.425193493006354]]}},{"type":"Feature","properties":{"building_uid":"11ysr7","street_name":"","highway":"footway","lungime":46.5},"geometry":{"type":"LineString","coordinates":[[26.102475178711305,44.425211926732814],[26.102003123202515,44.42545853977849]]}},{"type":"Feature","properties":{"building_uid":"k2n7sv","street_name":"","highway":"service","lungime":9.1},"geometry":{"type":"LineString","coordinates":[[26.171515661029503,44.44258815868565],[26.1716302,44.442581]]}},{"type":"Feature","properties":{"building_uid":"nrffnk","street_name":"","highway":"service","lungime":7.2},"geometry":{"type":"LineString","coordinates":[[26.1713268,44.4429762],[26.171236890611024,44.44298275081644]]}},{"type":"Feature","properties":{"building_uid":"nrffnk","street_name":"Strada Biserica Mărcuța","highway":"residential","lungime":0.7},"geometry":{"type":"LineString","coordinates":[[26.171725250845846,44.44315504708309],[26.17173024657332,44.44314990146676]]}},{"type":"Feature","properties":{"building_uid":"nrffnk","street_name":"","highway":"service","lungime":4.8},"geometry":{"type":"LineString","coordinates":[[26.171214354407862,44.442607017434305],[26.171275,44.4426032]]}},{"type":"Feature","properties":{"building_uid":"nrffnk","street_name":"","highway":"service","lungime":41.6},"geometry":{"type":"LineString","coordinates":[[26.171275,44.4426032],[26.1713268,44.4429762]]}},{"type":"Feature","properties":{"building_uid":"nrffnk","street_name":"","highway":"footway","lungime":23.6},"geometry":{"type":"LineString","coordinates":[[26.1713268,44.4429762],[26.1713563,44.443188]]}},{"type":"Feature","properties":{"building_uid":"nrffnk","street_name":"","highway":"service","lungime":1.2},"geometry":{"type":"LineString","coordinates":[[26.1713563,44.443188],[26.171357750514613,44.44319844947841]]}},{"type":"Feature","properties":{"building_uid":"nrffnk","street_name":"","highway":"service","lungime":28.4},"geometry":{"type":"LineString","coordinates":[[26.171275,44.4426032],[26.1716302,44.442581]]}},{"type":"Feature","properties":{"building_uid":"8p924l","street_name":"","highway":"service","lungime":91.7},"geometry":{"type":"LineString","coordinates":[[26.1713268,44.4429762],[26.1705335,44.443034],[26.170568943284223,44.44328710418917]]}},{"type":"Feature","properties":{"building_uid":"8p924l","street_name":"","highway":"service","lungime":6.1},"geometry":{"type":"LineString","coordinates":[[26.171319217931853,44.442921603254455],[26.1713268,44.4429762]]}},{"type":"Feature","properties":{"building_uid":"8p924l","street_name":"","highway":"footway","lungime":23.6},"geometry":{"type":"LineString","coordinates":[[26.1713268,44.4429762],[26.1713563,44.443188]]}},{"type":"Feature","properties":{"building_uid":"8p924l","street_name":"","highway":"service","lungime":8},"geometry":{"type":"LineString","coordinates":[[26.1713563,44.443188],[26.171366214635725,44.443259424838466]]}},{"type":"Feature","properties":{"building_uid":"vh4m8k","street_name":"Strada Blănari","highway":"living_street","lungime":34.3},"geometry":{"type":"LineString","coordinates":[[26.10271714415336,44.432559220179996],[26.1024834,44.4325325],[26.10229146046575,44.43251209028254]]}},{"type":"Feature","properties":{"building_uid":"hmuyby","street_name":"","highway":"footway","lungime":0.6},"geometry":{"type":"LineString","coordinates":[[26.0984047,44.4401056],[26.098397795826386,44.44010454229807]]}},{"type":"Feature","properties":{"building_uid":"ok38rz","street_name":"Strada Vasile Conta","highway":"residential","lungime":33.8},"geometry":{"type":"LineString","coordinates":[[26.101305122686384,44.44076912531103],[26.1013227,44.4409983],[26.1013262,44.4410434],[26.1013285331539,44.441072625822535]]}},{"type":"Feature","properties":{"building_uid":"n6ijhy","street_name":"Strada C. A. Rosetti","highway":"tertiary","lungime":21.3},"geometry":{"type":"LineString","coordinates":[[26.10474897271807,44.44149025386438],[26.104989648531422,44.44157456489072]]}},{"type":"Feature","properties":{"building_uid":"j3f0uj","street_name":"Strada Căderea Bastiliei","highway":"tertiary","lungime":25},"geometry":{"type":"LineString","coordinates":[[26.095551432742962,44.45133918541079],[26.0955471,44.451349],[26.095456398185004,44.45155326251927]]}},{"type":"Feature","properties":{"building_uid":"j3f0uj","street_name":"Intrarea Căderea Bastiliei","highway":"residential","lungime":24.9},"geometry":{"type":"LineString","coordinates":[[26.09523503618686,44.45132994175291],[26.0955471,44.451349]]}},{"type":"Feature","properties":{"building_uid":"5z21fm","street_name":"Strada Grigore Alexandrescu","highway":"residential","lungime":17.3},"geometry":{"type":"LineString","coordinates":[[26.095106310535048,44.45172677961581],[26.0952723,44.4517487],[26.09532018359346,44.45175505669032]]}},{"type":"Feature","properties":{"building_uid":"5z21fm","street_name":"Strada Căderea Bastiliei","highway":"tertiary","lungime":17.8},"geometry":{"type":"LineString","coordinates":[[26.0953461081749,44.45180070201521],[26.095276733765246,44.45195332571645]]}},{"type":"Feature","properties":{"building_uid":"tp8b5k","street_name":"Strada Caimatei","highway":"residential","lungime":12.1},"geometry":{"type":"LineString","coordinates":[[26.107578429788724,44.43598044282309],[26.107471979159435,44.435902956258495]]}},{"type":"Feature","properties":{"building_uid":"cklpii","street_name":"Piața Corneliu Coposu","highway":"residential","lungime":43.1},"geometry":{"type":"LineString","coordinates":[[26.111765707808633,44.43284401547107],[26.11132253131503,44.4326212185611]]}},{"type":"Feature","properties":{"building_uid":"cko1ok","street_name":"Piața Corneliu Coposu","highway":"residential","lungime":33.5},"geometry":{"type":"LineString","coordinates":[[26.11195669471166,44.43294002979595],[26.111612416312745,44.43276695165541]]}},{"type":"Feature","properties":{"building_uid":"w1pyt7","street_name":"Calea Călărașilor","highway":"secondary","lungime":21.2},"geometry":{"type":"LineString","coordinates":[[26.1146216133737,44.433115745579535],[26.114358771125797,44.43308382627806]]}},{"type":"Feature","properties":{"building_uid":"1mpb6k","street_name":"Calea Călărașilor","highway":"secondary","lungime":5.8},"geometry":{"type":"LineString","coordinates":[[26.118509613872064,44.43322003724136],[26.118582751155817,44.43321775912402]]}},{"type":"Feature","properties":{"building_uid":"z0kzim","street_name":"Intrarea Călțuna","highway":"residential","lungime":3.3},"geometry":{"type":"LineString","coordinates":[[26.0935992,44.4193596],[26.093614268989153,44.41933149098488]]}},{"type":"Feature","properties":{"building_uid":"13h1qg","street_name":"Intrarea Părului","highway":"residential","lungime":5.9},"geometry":{"type":"LineString","coordinates":[[26.143774676132097,44.419350749657134],[26.1438095,44.4193035]]}},{"type":"Feature","properties":{"building_uid":"13h1qg","street_name":"Intrarea Părului","highway":"residential","lungime":72.6},"geometry":{"type":"LineString","coordinates":[[26.1438095,44.4193035],[26.1429882,44.4191676],[26.1429211,44.4191565]]}},{"type":"Feature","properties":{"building_uid":"13h1qg","street_name":"","highway":"footway","lungime":23.9},"geometry":{"type":"LineString","coordinates":[[26.1430468,44.4189566],[26.1429882,44.4191676]]}},{"type":"Feature","properties":{"building_uid":"13h1qg","street_name":"","highway":"footway","lungime":2.6},"geometry":{"type":"LineString","coordinates":[[26.1429211,44.4191565],[26.14291175756789,44.41917905275012]]}},{"type":"Feature","properties":{"building_uid":"13h1qg","street_name":"Drumul Murgului","highway":"residential","lungime":21.1},"geometry":{"type":"LineString","coordinates":[[26.144586212462738,44.419268626371164],[26.144509,44.4191801],[26.14444582606075,44.419107713194606]]}},{"type":"Feature","properties":{"building_uid":"13h1qg","street_name":"","highway":"service","lungime":1.7},"geometry":{"type":"LineString","coordinates":[[26.1432988,44.4192798],[26.14331995018433,44.41928357957011]]}},{"type":"Feature","properties":{"building_uid":"13h1qg","street_name":"Intrarea Părului","highway":"residential","lungime":66.7},"geometry":{"type":"LineString","coordinates":[[26.1438095,44.4193035],[26.1442838,44.4193824],[26.1443392,44.4193817],[26.1443973,44.4193711],[26.1444659,44.4193383],[26.144585862564874,44.41926983501261]]}},{"type":"Feature","properties":{"building_uid":"13h1qg","street_name":"","highway":"footway","lungime":4.6},"geometry":{"type":"LineString","coordinates":[[26.143027161394297,44.41891773335178],[26.1430468,44.4189566]]}},{"type":"Feature","properties":{"building_uid":"13h1qg","street_name":"","highway":"footway","lungime":119},"geometry":{"type":"LineString","coordinates":[[26.1430468,44.4189566],[26.144509,44.4191801]]}},{"type":"Feature","properties":{"building_uid":"yg7waa","street_name":"","highway":"residential","lungime":120.1},"geometry":{"type":"LineString","coordinates":[[26.145751540244536,44.41906121341484],[26.1457002,44.4190441],[26.1456435,44.4190333],[26.1455825,44.4190246],[26.1452739,44.4189785],[26.1442898,44.4188317],[26.14427943385012,44.41883014932594]]}},{"type":"Feature","properties":{"building_uid":"yg7waa","street_name":"","highway":"service","lungime":2},"geometry":{"type":"LineString","coordinates":[[26.1455825,44.4190246],[26.145576639754104,44.41904240577848]]}},{"type":"Feature","properties":{"building_uid":"yg7waa","street_name":"","highway":"service","lungime":23.9},"geometry":{"type":"LineString","coordinates":[[26.145752503765397,44.41906122487648],[26.145831,44.4188531]]}},{"type":"Feature","properties":{"building_uid":"yg7waa","street_name":"","highway":"service","lungime":2.1},"geometry":{"type":"LineString","coordinates":[[26.1452739,44.4189785],[26.145281379407162,44.4189966888846]]}},{"type":"Feature","properties":{"building_uid":"yg7waa","street_name":"","highway":"footway","lungime":33.2},"geometry":{"type":"LineString","coordinates":[[26.1442898,44.4188317],[26.144351237396297,44.41853616169916]]}},{"type":"Feature","properties":{"building_uid":"yvj967","street_name":"","highway":"footway","lungime":3},"geometry":{"type":"LineString","coordinates":[[26.137693559450238,44.44653353236453],[26.1376754,44.4465567]]}},{"type":"Feature","properties":{"building_uid":"yvj967","street_name":"","highway":"footway","lungime":5.8},"geometry":{"type":"LineString","coordinates":[[26.13737758776273,44.446364862381785],[26.1373392,44.4464096]]}},{"type":"Feature","properties":{"building_uid":"dztvbj","street_name":"Intrarea Stoenescu Doctor","highway":"residential","lungime":16},"geometry":{"type":"LineString","coordinates":[[26.067990573388997,44.436896654566155],[26.068165681923226,44.4369681782574]]}},{"type":"Feature","properties":{"building_uid":"pbb2o2","street_name":"Strada Speranței","highway":"residential","lungime":14.6},"geometry":{"type":"LineString","coordinates":[[26.10742783202041,44.43670356659575],[26.10734872615587,44.43658533279122]]}},{"type":"Feature","properties":{"building_uid":"pbb2o2","street_name":"","highway":"footway","lungime":31.1},"geometry":{"type":"LineString","coordinates":[[26.107410439905575,44.43653987302703],[26.1074637,44.4365473],[26.107788873847213,44.436608094813685]]}},{"type":"Feature","properties":{"building_uid":"tnz5og","street_name":"","highway":"footway","lungime":43.3},"geometry":{"type":"LineString","coordinates":[[26.108981155701855,44.4368312757149],[26.109507276918084,44.43692996420086]]}},{"type":"Feature","properties":{"building_uid":"t9k0tf","street_name":"","highway":"footway","lungime":23},"geometry":{"type":"LineString","coordinates":[[26.109335911834524,44.436897819972266],[26.10961522331609,44.43695021251295]]}},{"type":"Feature","properties":{"building_uid":"2kqppj","street_name":"Bulevardul Carol I","highway":"primary","lungime":40.3},"geometry":{"type":"LineString","coordinates":[[26.112509304329976,44.43741744606085],[26.11201842025463,44.43732798183187]]}},{"type":"Feature","properties":{"building_uid":"gdajo5","street_name":"Strada Biserica Răsvan","highway":"living_street","lungime":2.5},"geometry":{"type":"LineString","coordinates":[[26.1057423738914,44.43313094552911],[26.105774348088783,44.433131821191786]]}},{"type":"Feature","properties":{"building_uid":"dklqr8","street_name":"Strada Ciprian Porumbescu","highway":"residential","lungime":16.7},"geometry":{"type":"LineString","coordinates":[[26.09440502589249,44.45209144820579],[26.094432115660542,44.451942022708316]]}},{"type":"Feature","properties":{"building_uid":"dklqr8","street_name":"Strada Macarie Cântarețul","highway":"residential","lungime":17.5},"geometry":{"type":"LineString","coordinates":[[26.09474518541757,44.45198661098673],[26.0947159,44.4521078],[26.0946977,44.4521249],[26.094681215808578,44.45212980750737]]}},{"type":"Feature","properties":{"building_uid":"n1ccez","street_name":"Strada Vladislav Voievod","highway":"residential","lungime":6.4},"geometry":{"type":"LineString","coordinates":[[26.129571,44.4549315],[26.129639907574337,44.45490234571416]]}},{"type":"Feature","properties":{"building_uid":"n1ccez","street_name":"Strada Vladislav Voievod","highway":"residential","lungime":20.8},"geometry":{"type":"LineString","coordinates":[[26.129571,44.4549315],[26.129340550038382,44.45502056210452]]}},{"type":"Feature","properties":{"building_uid":"n1ccez","street_name":"Strada Tugomir Voievod","highway":"residential","lungime":3.4},"geometry":{"type":"LineString","coordinates":[[26.130246573242765,44.4556364301682],[26.1302109,44.4556536]]}},{"type":"Feature","properties":{"building_uid":"n1ccez","street_name":"Strada Elena","highway":"residential","lungime":24.8},"geometry":{"type":"LineString","coordinates":[[26.130272177742945,44.45574221299564],[26.1302109,44.4556536],[26.13013332164666,44.45554198953]]}},{"type":"Feature","properties":{"building_uid":"n1ccez","street_name":"Strada Elena","highway":"residential","lungime":7.8},"geometry":{"type":"LineString","coordinates":[[26.12985194449471,44.45513510815232],[26.1298402,44.4551125],[26.1298243,44.455068]]}},{"type":"Feature","properties":{"building_uid":"n1ccez","street_name":"","highway":"footway","lungime":22.4},"geometry":{"type":"LineString","coordinates":[[26.1300079,44.4558704],[26.129730218474265,44.45590095016786]]}},{"type":"Feature","properties":{"building_uid":"n1ccez","street_name":"Strada Callimachi","highway":"residential","lungime":26.3},"geometry":{"type":"LineString","coordinates":[[26.129834578961116,44.455066781150855],[26.1298243,44.455068],[26.1297897,44.455062],[26.1297703,44.4550533],[26.129571,44.4549315]]}},{"type":"Feature","properties":{"building_uid":"n1ccez","street_name":"","highway":"footway","lungime":2.1},"geometry":{"type":"LineString","coordinates":[[26.1300079,44.4558704],[26.13001272641286,44.45588863423306]]}},{"type":"Feature","properties":{"building_uid":"bpne8h","street_name":"","highway":"footway","lungime":42.1},"geometry":{"type":"LineString","coordinates":[[26.130807675966818,44.45871014021723],[26.1305833,44.458367]]}},{"type":"Feature","properties":{"building_uid":"bpne8h","street_name":"","highway":"service","lungime":4.7},"geometry":{"type":"LineString","coordinates":[[26.1303052,44.4584559],[26.130252123888656,44.45847410993847]]}},{"type":"Feature","properties":{"building_uid":"bpne8h","street_name":"","highway":"footway","lungime":70.9},"geometry":{"type":"LineString","coordinates":[[26.130624338856776,44.45835315036669],[26.1305833,44.458367],[26.1303052,44.4584559],[26.130536677174966,44.458806173008156]]}},{"type":"Feature","properties":{"building_uid":"2jyvjr","street_name":"","highway":"service","lungime":37.9},"geometry":{"type":"LineString","coordinates":[[26.131386256583006,44.46098823150571],[26.1318258,44.4608555]]}},{"type":"Feature","properties":{"building_uid":"2jyvjr","street_name":"","highway":"footway","lungime":68.3},"geometry":{"type":"LineString","coordinates":[[26.132039944062107,44.46051107046155],[26.1320282,44.4605147],[26.1317398,44.4606037],[26.131251906347856,44.46075434245992]]}},{"type":"Feature","properties":{"building_uid":"2jyvjr","street_name":"","highway":"footway","lungime":4.3},"geometry":{"type":"LineString","coordinates":[[26.1320282,44.4605147],[26.13200621033871,44.46047982056565]]}},{"type":"Feature","properties":{"building_uid":"2jyvjr","street_name":"","highway":"service","lungime":2.9},"geometry":{"type":"LineString","coordinates":[[26.1318258,44.4608555],[26.13183922262751,44.46087954547098]]}},{"type":"Feature","properties":{"building_uid":"2jyvjr","street_name":"","highway":"footway","lungime":11.2},"geometry":{"type":"LineString","coordinates":[[26.13168107425616,44.460512182950986],[26.1317398,44.4606037]]}},{"type":"Feature","properties":{"building_uid":"eodgc9","street_name":"Strada Colței","highway":"residential","lungime":20.1},"geometry":{"type":"LineString","coordinates":[[26.104911254349755,44.43383065111208],[26.1048676,44.4338311],[26.1047706,44.433827],[26.104660110213896,44.43381845456639]]}},{"type":"Feature","properties":{"building_uid":"k9w3mv","street_name":"Strada Colței","highway":"residential","lungime":1.8},"geometry":{"type":"LineString","coordinates":[[26.105215924404593,44.43402666134703],[26.10520088760217,44.43401511762998]]}},{"type":"Feature","properties":{"building_uid":"c3axxz","street_name":"Strada Colței","highway":"residential","lungime":18.7},"geometry":{"type":"LineString","coordinates":[[26.1053548594472,44.43413332144503],[26.10519427134116,44.434010038342315]]}},{"type":"Feature","properties":{"building_uid":"3lmux4","street_name":"Strada Colței","highway":"residential","lungime":25.5},"geometry":{"type":"LineString","coordinates":[[26.105491492566035,44.43423980335085],[26.1054494,44.4342059],[26.105273779807177,44.43407107680042]]}},{"type":"Feature","properties":{"building_uid":"3lmux4","street_name":"","highway":"service","lungime":3.3},"geometry":{"type":"LineString","coordinates":[[26.10547999788617,44.4341852152045],[26.1054494,44.4342059]]}},{"type":"Feature","properties":{"building_uid":"p5rmoy","street_name":"Strada Dimitrie Bolintineanu","highway":"residential","lungime":28.5},"geometry":{"type":"LineString","coordinates":[[26.10607582995608,44.434802466791126],[26.1060614,44.4347924],[26.105807003022612,44.43495120702088]]}},{"type":"Feature","properties":{"building_uid":"p5rmoy","street_name":"Strada Colței","highway":"residential","lungime":42.3},"geometry":{"type":"LineString","coordinates":[[26.106237301252953,44.43465919330688],[26.10579941027612,44.434444081147454]]}},{"type":"Feature","properties":{"building_uid":"p5rmoy","street_name":"Strada Ivo Andric","highway":"residential","lungime":18.2},"geometry":{"type":"LineString","coordinates":[[26.106230633864815,44.43468216025039],[26.1060614,44.4347924]]}},{"type":"Feature","properties":{"building_uid":"3kxaxl","street_name":"Strada Dimitrie Bolintineanu","highway":"residential","lungime":15.8},"geometry":{"type":"LineString","coordinates":[[26.10636149456891,44.435001755408145],[26.106219070347436,44.43490239579253]]}},{"type":"Feature","properties":{"building_uid":"3kxaxl","street_name":"Strada Colței","highway":"residential","lungime":24.4},"geometry":{"type":"LineString","coordinates":[[26.10659059477434,44.43480222262258],[26.1064626,44.4347543],[26.1063225546236,44.43469593659194]]}},{"type":"Feature","properties":{"building_uid":"mij0i0","street_name":"","highway":"residential","lungime":39.9},"geometry":{"type":"LineString","coordinates":[[26.046505312652187,44.41990352478056],[26.046010987273764,44.41984440945565]]}},{"type":"Feature","properties":{"building_uid":"zv4nzf","street_name":"","highway":"service","lungime":87.6},"geometry":{"type":"LineString","coordinates":[[26.0404634,44.4185602],[26.03938104790355,44.41841922902634]]}},{"type":"Feature","properties":{"building_uid":"zv4nzf","street_name":"","highway":"footway","lungime":3.5},"geometry":{"type":"LineString","coordinates":[[26.0400428,44.4187859],[26.040037929217746,44.418817320331115]]}},{"type":"Feature","properties":{"building_uid":"zv4nzf","street_name":"Aleea Compozitorilor","highway":"residential","lungime":91.5},"geometry":{"type":"LineString","coordinates":[[26.040478159068133,44.41883980220258],[26.0403781,44.4188271],[26.0403304,44.4188211],[26.0400428,44.4187859],[26.039338369049702,44.418734951867236]]}},{"type":"Feature","properties":{"building_uid":"zv4nzf","street_name":"","highway":"service","lungime":3.4},"geometry":{"type":"LineString","coordinates":[[26.0403304,44.4188211],[26.040322142220464,44.41885069404153]]}},{"type":"Feature","properties":{"building_uid":"zv4nzf","street_name":"","highway":"footway","lungime":2.6},"geometry":{"type":"LineString","coordinates":[[26.0404265,44.4186784],[26.0404193,44.4187013]]}},{"type":"Feature","properties":{"building_uid":"zv4nzf","street_name":"","highway":"footway","lungime":18.2},"geometry":{"type":"LineString","coordinates":[[26.040476216611513,44.41851891515462],[26.0404634,44.4185602],[26.04042650009495,44.41867839969585]]}},{"type":"Feature","properties":{"building_uid":"zv4nzf","street_name":"","highway":"footway","lungime":14.4},"geometry":{"type":"LineString","coordinates":[[26.0404193,44.4187013],[26.0403781,44.4188271]]}},{"type":"Feature","properties":{"building_uid":"c2y0a2","street_name":"","highway":"footway","lungime":8.9},"geometry":{"type":"LineString","coordinates":[[26.090520625647176,44.421101413992346],[26.090413422130958,44.421079274135735]]}},{"type":"Feature","properties":{"building_uid":"3tqjdb","street_name":"","highway":"service","lungime":48.1},"geometry":{"type":"LineString","coordinates":[[26.156716623844307,44.42907208821517],[26.1567387,44.4290873],[26.1567671,44.429151],[26.15679096214961,44.42949475799726]]}},{"type":"Feature","properties":{"building_uid":"dyrjxk","street_name":"","highway":"footway","lungime":10.3},"geometry":{"type":"LineString","coordinates":[[26.157564070020133,44.42956141899074],[26.157692328207744,44.42957115967538]]}},{"type":"Feature","properties":{"building_uid":"dyrjxk","street_name":"Strada Trilului","highway":"residential","lungime":29.8},"geometry":{"type":"LineString","coordinates":[[26.157454454112845,44.429283864905315],[26.15741726458608,44.42901695796372]]}},{"type":"Feature","properties":{"building_uid":"skg4zu","street_name":"","highway":"residential","lungime":35.3},"geometry":{"type":"LineString","coordinates":[[26.158212831172953,44.429543803364986],[26.15816312270715,44.42922838950993]]}},{"type":"Feature","properties":{"building_uid":"skg4zu","street_name":"","highway":"footway","lungime":60.6},"geometry":{"type":"LineString","coordinates":[[26.158511634048345,44.42897893557731],[26.15859135430997,44.42952178938253]]}},{"type":"Feature","properties":{"building_uid":"a4rlc1","street_name":"Strada General Constantin Coandă","highway":"residential","lungime":1.9},"geometry":{"type":"LineString","coordinates":[[26.093715249265937,44.451037590213616],[26.093691689577113,44.45103380151809]]}},{"type":"Feature","properties":{"building_uid":"6q2to5","street_name":"Strada General Constantin Cristescu","highway":"residential","lungime":16},"geometry":{"type":"LineString","coordinates":[[26.084664643017387,44.43901817956384],[26.08461249420995,44.4388795372498]]}},{"type":"Feature","properties":{"building_uid":"sfeybc","street_name":"Strada General Constantin Cristescu","highway":"residential","lungime":16.4},"geometry":{"type":"LineString","coordinates":[[26.08455768459781,44.43874139075151],[26.0845037,44.4386123],[26.084497760258486,44.43860029044965]]}},{"type":"Feature","properties":{"building_uid":"zl2lnh","street_name":"Strada Constantin F. Robescu","highway":"residential","lungime":27.1},"geometry":{"type":"LineString","coordinates":[[26.107822475311988,44.43270486333407],[26.1080916,44.4327248],[26.108161378495527,44.43272984652527]]}},{"type":"Feature","properties":{"building_uid":"zl2lnh","street_name":"","highway":"living_street","lungime":4},"geometry":{"type":"LineString","coordinates":[[26.108085687575425,44.432760723891725],[26.1080916,44.4327248]]}},{"type":"Feature","properties":{"building_uid":"t32p1y","street_name":"Strada Pictor Constantin Stahi","highway":"residential","lungime":18.6},"geometry":{"type":"LineString","coordinates":[[26.086416056033958,44.439293184613405],[26.0864344,44.4392898],[26.086642316114318,44.43925201224796]]}},{"type":"Feature","properties":{"building_uid":"g0if1g","street_name":"Strada Cercului","highway":"residential","lungime":34.1},"geometry":{"type":"LineString","coordinates":[[26.114446507514305,44.43968991295606],[26.114675617237904,44.439949405179426]]}},{"type":"Feature","properties":{"building_uid":"g0if1g","street_name":"Strada Corbeni","highway":"residential","lungime":25.1},"geometry":{"type":"LineString","coordinates":[[26.11471345118347,44.43948808966341],[26.114456430196846,44.43961914125498]]}},{"type":"Feature","properties":{"building_uid":"3zs4i4","street_name":"Strada Doctor Severin Emanoil","highway":"residential","lungime":27.1},"geometry":{"type":"LineString","coordinates":[[26.067914,44.4376665],[26.0679545,44.4376423],[26.0680877,44.4374742],[26.068095828559887,44.43746266383422]]}},{"type":"Feature","properties":{"building_uid":"3zs4i4","street_name":"Strada Doctor Severin Emanoil","highway":"residential","lungime":19.1},"geometry":{"type":"LineString","coordinates":[[26.067694270403152,44.437612080791524],[26.0678642,44.4376729],[26.067914,44.4376665]]}},{"type":"Feature","properties":{"building_uid":"3zs4i4","street_name":"","highway":"footway","lungime":10.8},"geometry":{"type":"LineString","coordinates":[[26.067811165015513,44.43737350701787],[26.0679334,44.4374149]]}},{"type":"Feature","properties":{"building_uid":"3zs4i4","street_name":"","highway":"footway","lungime":4.3},"geometry":{"type":"LineString","coordinates":[[26.067961763031267,44.43738144875175],[26.0679334,44.4374149]]}},{"type":"Feature","properties":{"building_uid":"3zs4i4","street_name":"","highway":"footway","lungime":14.8},"geometry":{"type":"LineString","coordinates":[[26.0679334,44.4374149],[26.0680347,44.4374533],[26.0680877,44.4374742],[26.068096901228152,44.43747770880167]]}},{"type":"Feature","properties":{"building_uid":"nz7uc9","street_name":"","highway":"pedestrian","lungime":3.6},"geometry":{"type":"LineString","coordinates":[[26.10116510308092,44.431034593304226],[26.101201833076868,44.43101627509606]]}},{"type":"Feature","properties":{"building_uid":"nz7uc9","street_name":"","highway":"pedestrian","lungime":3.4},"geometry":{"type":"LineString","coordinates":[[26.1015184,44.4308653],[26.101554459912972,44.43084851483015]]}},{"type":"Feature","properties":{"building_uid":"se9oer","street_name":"","highway":"pedestrian","lungime":21.8},"geometry":{"type":"LineString","coordinates":[[26.101496205321077,44.43087594331771],[26.1015184,44.4308653],[26.1017038,44.430779],[26.10172588035134,44.43076871568698]]}},{"type":"Feature","properties":{"building_uid":"3lwwrs","street_name":"","highway":"path","lungime":15.8},"geometry":{"type":"LineString","coordinates":[[26.101822328421438,44.43015584220315],[26.1018269,44.4302195],[26.1018609,44.4302937]]}},{"type":"Feature","properties":{"building_uid":"2lk449","street_name":"","highway":"pedestrian","lungime":2.9},"geometry":{"type":"LineString","coordinates":[[26.10214425464918,44.430587299867625],[26.1021786,44.4305774]]}},{"type":"Feature","properties":{"building_uid":"2lk449","street_name":"","highway":"pedestrian","lungime":2.3},"geometry":{"type":"LineString","coordinates":[[26.1022434,44.4305616],[26.10226733749801,44.430549408858695]]}},{"type":"Feature","properties":{"building_uid":"zpuyw1","street_name":"Strada Șepcari","highway":"pedestrian","lungime":22.5},"geometry":{"type":"LineString","coordinates":[[26.102909755131403,44.43046780720879],[26.102722375357068,44.43031668782537]]}},{"type":"Feature","properties":{"building_uid":"zpuyw1","street_name":"","highway":"pedestrian","lungime":0.3},"geometry":{"type":"LineString","coordinates":[[26.1026996,44.4303537],[26.102702145553398,44.43035578144698]]}},{"type":"Feature","properties":{"building_uid":"zpuyw1","street_name":"","highway":"pedestrian","lungime":16.9},"geometry":{"type":"LineString","coordinates":[[26.10275577994768,44.43039963719479],[26.1028444,44.4304721],[26.10289774709388,44.430513263500075]]}},{"type":"Feature","properties":{"building_uid":"zpuyw1","street_name":"","highway":"pedestrian","lungime":7.6},"geometry":{"type":"LineString","coordinates":[[26.102678222752786,44.430314214618654],[26.1026636,44.4303558],[26.1026996,44.4303537]]}},{"type":"Feature","properties":{"building_uid":"zpuyw1","street_name":"","highway":"pedestrian","lungime":33.1},"geometry":{"type":"LineString","coordinates":[[26.102397472490626,44.43047492381774],[26.1024346,44.4304573],[26.1025664,44.4304001],[26.1025534,44.4303886],[26.1026268,44.4303546],[26.1026408,44.4303665],[26.1026636,44.4303558],[26.102678222752786,44.430314214618654]]}},{"type":"Feature","properties":{"building_uid":"5leuoj","street_name":"","highway":"footway","lungime":42.8},"geometry":{"type":"LineString","coordinates":[[26.112648276669017,44.38205034498726],[26.1130693,44.3820549],[26.113155992204636,44.382110804630614]]}},{"type":"Feature","properties":{"building_uid":"mob010","street_name":"","highway":"footway","lungime":28.8},"geometry":{"type":"LineString","coordinates":[[26.113642236847596,44.37924229051888],[26.113286500438456,44.37928817418352]]}},{"type":"Feature","properties":{"building_uid":"mob010","street_name":"Strada Covasna","highway":"residential","lungime":27.2},"geometry":{"type":"LineString","coordinates":[[26.113796550292342,44.37932345283917],[26.1137916,44.37933],[26.1137817,44.3793668],[26.11377774466876,44.37956702931536]]}},{"type":"Feature","properties":{"building_uid":"mob010","street_name":"","highway":"service","lungime":34.3},"geometry":{"type":"LineString","coordinates":[[26.113483799081042,44.379697116075675],[26.1134269,44.3796878],[26.1132788,44.3796756],[26.113056150205537,44.3796722993889]]}},{"type":"Feature","properties":{"building_uid":"l4zqv4","street_name":"","highway":"service","lungime":34.7},"geometry":{"type":"LineString","coordinates":[[26.03912160858652,44.48443073558954],[26.039327693795453,44.484155826108996]]}},{"type":"Feature","properties":{"building_uid":"7di5gl","street_name":"Strada Crișana","highway":"residential","lungime":18.5},"geometry":{"type":"LineString","coordinates":[[26.081644935146787,44.44238475148392],[26.0816392,44.4423835],[26.0815441,44.4423715],[26.08141371257387,44.44236808924756]]}},{"type":"Feature","properties":{"building_uid":"tpqbod","street_name":"","highway":"service","lungime":49.7},"geometry":{"type":"LineString","coordinates":[[26.05565412690459,44.40594833184107],[26.0556516,44.4059196],[26.05546620576484,44.405522350716126]]}},{"type":"Feature","properties":{"building_uid":"20m4j4","street_name":"","highway":"service","lungime":22.6},"geometry":{"type":"LineString","coordinates":[[26.05538894424796,44.40602352858348],[26.0556248,44.4059704],[26.055651458262883,44.40595223623444]]}},{"type":"Feature","properties":{"building_uid":"rw8d50","street_name":"","highway":"service","lungime":22.1},"geometry":{"type":"LineString","coordinates":[[26.05510189849318,44.40608814823501],[26.055366771541884,44.40602852083526]]}},{"type":"Feature","properties":{"building_uid":"t2swet","street_name":"","highway":"service","lungime":56.5},"geometry":{"type":"LineString","coordinates":[[26.054862643307622,44.4056275982048],[26.0550508,44.4060307],[26.0550839,44.4060922],[26.055091553178404,44.40610849033689]]}},{"type":"Feature","properties":{"building_uid":"t2swet","street_name":"","highway":"service","lungime":34.1},"geometry":{"type":"LineString","coordinates":[[26.05477516059076,44.40602571898602],[26.0548094,44.4061007],[26.0548416,44.4061304],[26.0548885,44.4061361],[26.0550839,44.4060922],[26.055096934723615,44.406089265663425]]}},{"type":"Feature","properties":{"building_uid":"2oii96","street_name":"","highway":"service","lungime":21.6},"geometry":{"type":"LineString","coordinates":[[26.053740027287542,44.40641650786983],[26.0539579,44.4063658],[26.053986,44.4063507],[26.05398675107648,44.406346094342325]]}},{"type":"Feature","properties":{"building_uid":"rrnit6","street_name":"","highway":"service","lungime":15.2},"geometry":{"type":"LineString","coordinates":[[26.053300720216523,44.40616298248014],[26.05324184538576,44.40603242628491]]}},{"type":"Feature","properties":{"building_uid":"rrnit6","street_name":"","highway":"service","lungime":73.9},"geometry":{"type":"LineString","coordinates":[[26.052971079329826,44.406063178332154],[26.053184,44.4065213],[26.0532089,44.4065328],[26.0532409,44.4065309],[26.053424657999813,44.40648946701029]]}},{"type":"Feature","properties":{"building_uid":"p3t8e7","street_name":"Strada Hațegana","highway":"residential","lungime":23},"geometry":{"type":"LineString","coordinates":[[26.095318927294645,44.40960920062553],[26.095163907476014,44.40943500497121]]}},{"type":"Feature","properties":{"building_uid":"y0f011","street_name":"","highway":"secondary_link","lungime":2.9},"geometry":{"type":"LineString","coordinates":[[26.100030911217107,44.44679679456004],[26.1000669,44.4468005]]}},{"type":"Feature","properties":{"building_uid":"y0f011","street_name":"Bulevardul Dacia","highway":"secondary","lungime":31.4},"geometry":{"type":"LineString","coordinates":[[26.100019795167924,44.446804166062684],[26.1000669,44.4468005],[26.100412356303657,44.446773592296296]]}},{"type":"Feature","properties":{"building_uid":"y0f011","street_name":"Strada Mihai Eminescu","highway":"secondary","lungime":22},"geometry":{"type":"LineString","coordinates":[[26.100224164894325,44.44707243227601],[26.099958322987902,44.447018955792025]]}},{"type":"Feature","properties":{"building_uid":"5lkv0b","street_name":"Bulevardul Dacia","highway":"secondary","lungime":18.3},"geometry":{"type":"LineString","coordinates":[[26.10840142554898,44.446058682712945],[26.108447,44.4460514],[26.108624115156193,44.4460190890697]]}},{"type":"Feature","properties":{"building_uid":"zofvnw","street_name":"Strada Armoniei","highway":"residential","lungime":16.3},"geometry":{"type":"LineString","coordinates":[[26.114341088974065,44.444679484015104],[26.114192482186667,44.444780565273994]]}},{"type":"Feature","properties":{"building_uid":"k6pa1r","street_name":"","highway":"pedestrian","lungime":11.6},"geometry":{"type":"LineString","coordinates":[[26.098512052495927,44.42481374084748],[26.098425219931826,44.424898057335994]]}},{"type":"Feature","properties":{"building_uid":"yi59fz","street_name":"Aleea Dealul Mitropoliei","highway":"residential","lungime":15.7},"geometry":{"type":"LineString","coordinates":[[26.098532239746934,44.4247434447948],[26.0985325,44.4247435],[26.0985675,44.4247599],[26.0986544,44.4248022],[26.098695128851695,44.424822455525174]]}},{"type":"Feature","properties":{"building_uid":"yi59fz","street_name":"","highway":"pedestrian","lungime":24.2},"geometry":{"type":"LineString","coordinates":[[26.098660780637594,44.424778236292745],[26.0986484,44.4247913],[26.0985675,44.4247599],[26.098454665070243,44.42486946540507]]}},{"type":"Feature","properties":{"building_uid":"yi59fz","street_name":"Strada Patriarhiei","highway":"service","lungime":0},"geometry":{"type":"LineString","coordinates":[[26.0985325,44.4247435],[26.09853239910904,44.42474338975173]]}},{"type":"Feature","properties":{"building_uid":"c135b7","street_name":"Strada Dianei","highway":"residential","lungime":20.8},"geometry":{"type":"LineString","coordinates":[[26.10607478168762,44.43834288597578],[26.1061035,44.4383066],[26.106173509121856,44.4381703463679]]}},{"type":"Feature","properties":{"building_uid":"ledu40","street_name":"Strada Dimitrie Bolintineanu","highway":"residential","lungime":10.3},"geometry":{"type":"LineString","coordinates":[[26.106498567261006,44.43509738162858],[26.106406044598447,44.435032834909684]]}},{"type":"Feature","properties":{"building_uid":"ledu40","street_name":"Strada Colței","highway":"residential","lungime":7.8},"geometry":{"type":"LineString","coordinates":[[26.106704257625324,44.434844779218636],[26.106617666614945,44.43481235861139]]}},{"type":"Feature","properties":{"building_uid":"4rteys","street_name":"Strada Dimitrie Bolintineanu","highway":"residential","lungime":51.4},"geometry":{"type":"LineString","coordinates":[[26.10596745080726,44.434851047675636],[26.1057785,44.434969],[26.1057473,44.4349841],[26.1057106,44.4349913],[26.1056731,44.4349895],[26.1056222,44.4349734],[26.105514,44.4349143],[26.10544462739438,44.43487234385745]]}},{"type":"Feature","properties":{"building_uid":"4rteys","street_name":"","highway":"pedestrian","lungime":30.4},"geometry":{"type":"LineString","coordinates":[[26.10559751012259,44.43502027039937],[26.1057486,44.4350236],[26.1057734,44.4350113],[26.1057928,44.4350247],[26.1057624,44.4350386],[26.105755,44.4350383],[26.1057284,44.4350376],[26.1057198,44.4350373],[26.1056817,44.4350363],[26.105624456217935,44.43503474478753]]}},{"type":"Feature","properties":{"building_uid":"9m2uej","street_name":"Strada Oițelor","highway":"residential","lungime":26.8},"geometry":{"type":"LineString","coordinates":[[26.105421868764804,44.4240616128407],[26.1054281,44.4241943],[26.1054303,44.424234],[26.105434097860048,44.42430269441017]]}},{"type":"Feature","properties":{"building_uid":"9m2uej","street_name":"Strada Crișului","highway":"residential","lungime":11.4},"geometry":{"type":"LineString","coordinates":[[26.10459548069536,44.424342984641946],[26.1045929,44.4242625],[26.1045922,44.4242403]]}},{"type":"Feature","properties":{"building_uid":"9m2uej","street_name":"","highway":"footway","lungime":66.7},"geometry":{"type":"LineString","coordinates":[[26.1045922,44.4242403],[26.1054303,44.424234]]}},{"type":"Feature","properties":{"building_uid":"9m2uej","street_name":"","highway":"footway","lungime":25.6},"geometry":{"type":"LineString","coordinates":[[26.1049147,44.4242632],[26.1046846,44.4242627],[26.1045929,44.4242625]]}},{"type":"Feature","properties":{"building_uid":"7topm0","street_name":"","highway":"service","lungime":29.6},"geometry":{"type":"LineString","coordinates":[[26.103827184707857,44.423149562045445],[26.1038278,44.4231881],[26.10351,44.4231909]]}},{"type":"Feature","properties":{"building_uid":"7topm0","street_name":"","highway":"service","lungime":29.5},"geometry":{"type":"LineString","coordinates":[[26.103432238957197,44.42340515075378],[26.1034438,44.4234052],[26.1035033,44.4234055],[26.10351,44.4231909]]}},{"type":"Feature","properties":{"building_uid":"7topm0","street_name":"","highway":"service","lungime":7.6},"geometry":{"type":"LineString","coordinates":[[26.10351,44.4231909],[26.103507888099788,44.42312249099708]]}},{"type":"Feature","properties":{"building_uid":"w4t7cs","street_name":"Strada Oițelor","highway":"residential","lungime":32.1},"geometry":{"type":"LineString","coordinates":[[26.10539413500437,44.423471053542016],[26.10540767828713,44.42375944254673]]}},{"type":"Feature","properties":{"building_uid":"wk9sqp","street_name":"","highway":"footway","lungime":37.2},"geometry":{"type":"LineString","coordinates":[[26.10535514411821,44.42266174310594],[26.1053271,44.4226072],[26.105275529340304,44.4223327141796]]}},{"type":"Feature","properties":{"building_uid":"wk9sqp","street_name":"","highway":"footway","lungime":12.7},"geometry":{"type":"LineString","coordinates":[[26.105412735869844,44.42240309476648],[26.10528519049922,44.42233398427931]]}},{"type":"Feature","properties":{"building_uid":"wk9sqp","street_name":"Strada Cuza Vodă","highway":"residential","lungime":8.9},"geometry":{"type":"LineString","coordinates":[[26.105453407569247,44.422578874968806],[26.10539239452733,44.42264593285211]]}},{"type":"Feature","properties":{"building_uid":"36dcty","street_name":"Strada Maior Giurescu Dimitrie","highway":"residential","lungime":25.9},"geometry":{"type":"LineString","coordinates":[[26.098776277935542,44.448171389680674],[26.098451786633618,44.44819237206748]]}},{"type":"Feature","properties":{"building_uid":"i7572h","street_name":"Strada Dimitrie Orbescu","highway":"residential","lungime":18.5},"geometry":{"type":"LineString","coordinates":[[26.108401046117002,44.44509657180214],[26.10825135220125,44.445224054081486]]}},{"type":"Feature","properties":{"building_uid":"7p8ztp","street_name":"Piața Spania","highway":"residential","lungime":20},"geometry":{"type":"LineString","coordinates":[[26.107877113405628,44.44584970530193],[26.1078276693201,44.44567359243133]]}},{"type":"Feature","properties":{"building_uid":"q3rk0u","street_name":"Strada Dimitrie Racoviță","highway":"residential","lungime":9.6},"geometry":{"type":"LineString","coordinates":[[26.11789204890012,44.43775353833869],[26.117777109993117,44.43772869214263]]}},{"type":"Feature","properties":{"building_uid":"w4l18o","street_name":"Strada Dimitrie Racoviță","highway":"residential","lungime":21.9},"geometry":{"type":"LineString","coordinates":[[26.117917006060125,44.43775893329595],[26.117652987778694,44.437701860802775]]}},{"type":"Feature","properties":{"building_uid":"bv66mc","street_name":"Strada General Dimitrie Salmen","highway":"residential","lungime":18.6},"geometry":{"type":"LineString","coordinates":[[26.123205151916753,44.442070112033484],[26.123346237638437,44.44193678640596]]}},{"type":"Feature","properties":{"building_uid":"mntyu9","street_name":"Strada Maramureș","highway":"residential","lungime":17.5},"geometry":{"type":"LineString","coordinates":[[26.079403470239797,44.441962673410664],[26.079203639068133,44.441895953733166]]}},{"type":"Feature","properties":{"building_uid":"uwaz8u","street_name":"Strada Dionisie Lupu","highway":"tertiary","lungime":26.2},"geometry":{"type":"LineString","coordinates":[[26.100976077923516,44.44430983317286],[26.1010148,44.4442065],[26.1010325,44.4441272],[26.101042432173745,44.44407923984595]]}},{"type":"Feature","properties":{"building_uid":"uwaz8u","street_name":"Strada Jules Michelet","highway":"residential","lungime":3.1},"geometry":{"type":"LineString","coordinates":[[26.100979182945224,44.44419504969491],[26.1010148,44.4442065]]}},{"type":"Feature","properties":{"building_uid":"uwaz8u","street_name":"","highway":"service","lungime":19.9},"geometry":{"type":"LineString","coordinates":[[26.1011004,44.4441338],[26.1013489,44.444155]]}},{"type":"Feature","properties":{"building_uid":"uwaz8u","street_name":"","highway":"service","lungime":5.5},"geometry":{"type":"LineString","coordinates":[[26.1010325,44.4441272],[26.1010839,44.4441321],[26.1011004,44.4441338]]}},{"type":"Feature","properties":{"building_uid":"uwaz8u","street_name":"","highway":"service","lungime":7.1},"geometry":{"type":"LineString","coordinates":[[26.1013489,44.444155],[26.1014378,44.4441632]]}},{"type":"Feature","properties":{"building_uid":"fafq65","street_name":"","highway":"service","lungime":49},"geometry":{"type":"LineString","coordinates":[[26.098853438213784,44.43440530291423],[26.0989943,44.4343631],[26.0990021,44.4343592],[26.0990039,44.4343535],[26.098938112373222,44.43403757025075]]}},{"type":"Feature","properties":{"building_uid":"hub5dh","street_name":"Strada Doamnei","highway":"residential","lungime":4.9},"geometry":{"type":"LineString","coordinates":[[26.102132583593452,44.43335845136763],[26.102082393361663,44.433333578215134]]}},{"type":"Feature","properties":{"building_uid":"19vzga","street_name":"Strada Doamnei","highway":"residential","lungime":47.7},"geometry":{"type":"LineString","coordinates":[[26.1028827761556,44.43371695467532],[26.1028485,44.4337088],[26.1028018,44.4336901],[26.10238211643263,44.43348211424265]]}},{"type":"Feature","properties":{"building_uid":"odue8a","street_name":"","highway":"footway","lungime":40.6},"geometry":{"type":"LineString","coordinates":[[26.10294878117471,44.43378447296402],[26.10283100669214,44.43414049787874]]}},{"type":"Feature","properties":{"building_uid":"grfb6v","street_name":"Strada Dobrogei","highway":"residential","lungime":10},"geometry":{"type":"LineString","coordinates":[[26.079617309348507,44.44114214926849],[26.07967752039455,44.441062826197516]]}},{"type":"Feature","properties":{"building_uid":"8a52tn","street_name":"Strada Domnița Anastasia","highway":"residential","lungime":18.6},"geometry":{"type":"LineString","coordinates":[[26.09436687363347,44.4339326494791],[26.094135877279683,44.433957289090166]]}},{"type":"Feature","properties":{"building_uid":"idxr7j","street_name":"Strada Anghel Saligny","highway":"residential","lungime":17.6},"geometry":{"type":"LineString","coordinates":[[26.0938507341663,44.43389527460186],[26.093853862369674,44.43373730033144]]}},{"type":"Feature","properties":{"building_uid":"idxr7j","street_name":"Strada Domnița Anastasia","highway":"residential","lungime":13.9},"geometry":{"type":"LineString","coordinates":[[26.094326834190564,44.433936920353005],[26.09415350965686,44.43395540830327]]}},{"type":"Feature","properties":{"building_uid":"i13is6","street_name":"Strada Nicolae Beldiceanu","highway":"residential","lungime":26.3},"geometry":{"type":"LineString","coordinates":[[26.098847186292517,44.449542444056],[26.099175917590436,44.4495662477352]]}},{"type":"Feature","properties":{"building_uid":"i13is6","street_name":"","highway":"service","lungime":14.2},"geometry":{"type":"LineString","coordinates":[[26.0989918,44.4497187],[26.098814751686035,44.44970611976453]]}},{"type":"Feature","properties":{"building_uid":"i13is6","street_name":"","highway":"service","lungime":8.2},"geometry":{"type":"LineString","coordinates":[[26.09916200002119,44.449730656967304],[26.0990593,44.4497232]]}},{"type":"Feature","properties":{"building_uid":"i13is6","street_name":"","highway":"service","lungime":5.4},"geometry":{"type":"LineString","coordinates":[[26.0990593,44.4497232],[26.0989918,44.4497187]]}},{"type":"Feature","properties":{"building_uid":"0i571q","street_name":"Strada Ion Slătineanu","highway":"residential","lungime":22.8},"geometry":{"type":"LineString","coordinates":[[26.0989827724056,44.450912427819],[26.098706979449066,44.45085832115702]]}},{"type":"Feature","properties":{"building_uid":"0i571q","street_name":"Calea Dorobanților","highway":"secondary","lungime":7.3},"geometry":{"type":"LineString","coordinates":[[26.098987344390217,44.450999968709766],[26.098998788219145,44.45093455793544]]}},{"type":"Feature","properties":{"building_uid":"zt6sbw","street_name":"Strada Fotino Dionisie","highway":"residential","lungime":25.5},"geometry":{"type":"LineString","coordinates":[[26.09716647307114,44.45677452664995],[26.0971676,44.4567711],[26.097314629229803,44.456571029850096]]}},{"type":"Feature","properties":{"building_uid":"zt6sbw","street_name":"","highway":"service","lungime":13.8},"geometry":{"type":"LineString","coordinates":[[26.0970673,44.4569758],[26.0971092,44.4569139],[26.0971341,44.4568797],[26.0971510424366,44.45686740842835]]}},{"type":"Feature","properties":{"building_uid":"mktr55","street_name":"Strada Dragoș Vodă","highway":"residential","lungime":18.4},"geometry":{"type":"LineString","coordinates":[[26.116351871311423,44.44594698507967],[26.1164858,44.445992],[26.116561330880995,44.446016386746024]]}},{"type":"Feature","properties":{"building_uid":"gkr368","street_name":"Intrarea Drăgușa","highway":"residential","lungime":14.5},"geometry":{"type":"LineString","coordinates":[[26.098094608064777,44.42067423450826],[26.09793865643589,44.420606415952925]]}},{"type":"Feature","properties":{"building_uid":"h6gedk","street_name":"Intrarea Drăgușa","highway":"residential","lungime":3.1},"geometry":{"type":"LineString","coordinates":[[26.0983392,44.4207806],[26.098306206109413,44.4207662519742]]}},{"type":"Feature","properties":{"building_uid":"covjl8","street_name":"Strada Dristorului","highway":"tertiary","lungime":8.7},"geometry":{"type":"LineString","coordinates":[[26.138225590554654,44.423077888776945],[26.1382758008678,44.42300829198351]]}},{"type":"Feature","properties":{"building_uid":"covjl8","street_name":"","highway":"footway","lungime":7.2},"geometry":{"type":"LineString","coordinates":[[26.138407930459984,44.423043455936366],[26.138364256571705,44.423100194091376]]}},{"type":"Feature","properties":{"building_uid":"covjl8","street_name":"","highway":"footway","lungime":3.5},"geometry":{"type":"LineString","coordinates":[[26.138271337869575,44.42322090777025],[26.138250064131206,44.423248545169]]}},{"type":"Feature","properties":{"building_uid":"l5i870","street_name":"","highway":"residential","lungime":36.8},"geometry":{"type":"LineString","coordinates":[[26.138364774750915,44.421355185706105],[26.1382897,44.4213483],[26.13790376769583,44.421327906677206]]}},{"type":"Feature","properties":{"building_uid":"l5i870","street_name":"","highway":"service","lungime":4.2},"geometry":{"type":"LineString","coordinates":[[26.1380003,44.4210433],[26.137966,44.4210256],[26.137958650498796,44.421019893080725]]}},{"type":"Feature","properties":{"building_uid":"l5i870","street_name":"","highway":"footway","lungime":39.7},"geometry":{"type":"LineString","coordinates":[[26.138042325431375,44.420782797125774],[26.138535125598914,44.42083503851852]]}},{"type":"Feature","properties":{"building_uid":"6nbyzc","street_name":"Intrarea Vlad Județul","highway":"residential","lungime":26.4},"geometry":{"type":"LineString","coordinates":[[26.13024413924339,44.42273687857504],[26.1300614,44.4225426],[26.13005902575532,44.42253982105452]]}},{"type":"Feature","properties":{"building_uid":"b9cl0n","street_name":"Strada General Gheorghe Manu","highway":"tertiary","lungime":12.3},"geometry":{"type":"LineString","coordinates":[[26.087123583548387,44.44742731502755],[26.087247375001148,44.447493040935015]]}},{"type":"Feature","properties":{"building_uid":"nxbayk","street_name":"Strada General Gheorghe Manu","highway":"tertiary","lungime":17.1},"geometry":{"type":"LineString","coordinates":[[26.087318667458494,44.44753047982274],[26.08749244555799,44.44762082933428]]}},{"type":"Feature","properties":{"building_uid":"u0puac","street_name":"Strada General Gheorghe Manu","highway":"tertiary","lungime":12.3},"geometry":{"type":"LineString","coordinates":[[26.08712356363862,44.44742730445664],[26.087247438857055,44.447493074838704]]}},{"type":"Feature","properties":{"building_uid":"qwkowt","street_name":"Strada Duzilor","highway":"residential","lungime":9.2},"geometry":{"type":"LineString","coordinates":[[26.130221766297765,44.43672365735817],[26.130113023429224,44.43669689940425]]}},{"type":"Feature","properties":{"building_uid":"o3kthj","street_name":"Strada Eforiei","highway":"residential","lungime":52.2},"geometry":{"type":"LineString","coordinates":[[26.097099324200055,44.43393001593915],[26.096448028642218,44.433872347012866]]}},{"type":"Feature","properties":{"building_uid":"akhpyg","street_name":"Strada David Emmanuel","highway":"residential","lungime":22.7},"geometry":{"type":"LineString","coordinates":[[26.099419129385428,44.45169567897637],[26.099697187927507,44.451741407209305]]}},{"type":"Feature","properties":{"building_uid":"lrylc4","street_name":"Strada David Emmanuel","highway":"residential","lungime":12.9},"geometry":{"type":"LineString","coordinates":[[26.099820003994093,44.451761604976504],[26.099978036338747,44.45178759425133]]}},{"type":"Feature","properties":{"building_uid":"ph7yox","street_name":"Pasajul Macca - Vilacrosse","highway":"pedestrian","lungime":12.3},"geometry":{"type":"LineString","coordinates":[[26.098659186277423,44.43307586344579],[26.0988048,44.4330378]]}},{"type":"Feature","properties":{"building_uid":"ph7yox","street_name":"Pasajul Macca - Vilacrosse","highway":"pedestrian","lungime":11.8},"geometry":{"type":"LineString","coordinates":[[26.0988048,44.4330378],[26.098943512508765,44.433001390078395]]}},{"type":"Feature","properties":{"building_uid":"ph7yox","street_name":"","highway":"pedestrian","lungime":10.8},"geometry":{"type":"LineString","coordinates":[[26.098882249071337,44.433064747145075],[26.0988797,44.4330614],[26.098826,44.4330778],[26.0988048,44.4330378],[26.098800540137795,44.433029770940344]]}},{"type":"Feature","properties":{"building_uid":"ph7yox","street_name":"","highway":"pedestrian","lungime":7},"geometry":{"type":"LineString","coordinates":[[26.098751888049154,44.4328156242494],[26.098722457158484,44.43275607664184]]}},{"type":"Feature","properties":{"building_uid":"jmw4cg","street_name":"","highway":"pedestrian","lungime":37.4},"geometry":{"type":"LineString","coordinates":[[26.09912488335216,44.4333374014553],[26.0990991,44.4333473],[26.0989011,44.4330895],[26.098887003712036,44.43307099038823]]}},{"type":"Feature","properties":{"building_uid":"9t7mo6","street_name":"Strada Rovine","highway":"residential","lungime":3.3},"geometry":{"type":"LineString","coordinates":[[26.122219298265183,44.44820555662745],[26.12219850081384,44.44818016039974]]}},{"type":"Feature","properties":{"building_uid":"5utgc4","street_name":"Strada Făinari","highway":"residential","lungime":11.6},"geometry":{"type":"LineString","coordinates":[[26.11984890378161,44.45046061546595],[26.119751220649455,44.45053853173261]]}},{"type":"Feature","properties":{"building_uid":"v0r42i","street_name":"Strada Felicia Racovița","highway":"residential","lungime":26.1},"geometry":{"type":"LineString","coordinates":[[26.064366586188655,44.43220856923466],[26.064446428741388,44.43198041682818]]}},{"type":"Feature","properties":{"building_uid":"boal2p","street_name":"Strada Iancu Căpitanu","highway":"residential","lungime":21.8},"geometry":{"type":"LineString","coordinates":[[26.122077849349928,44.44071543993625],[26.121986953367674,44.440900624926634]]}},{"type":"Feature","properties":{"building_uid":"boal2p","street_name":"Bulevardul Ferdinand I","highway":"primary","lungime":29.9},"geometry":{"type":"LineString","coordinates":[[26.122450249534538,44.44083197929707],[26.122129073964352,44.44069189185673]]}},{"type":"Feature","properties":{"building_uid":"ckdoeq","street_name":"Bulevardul Ferdinand I","highway":"primary","lungime":13.2},"geometry":{"type":"LineString","coordinates":[[26.12247210005277,44.44084150985747],[26.122330523510254,44.44077975828825]]}},{"type":"Feature","properties":{"building_uid":"urol9n","street_name":"Intrarea Ferentari A","highway":"residential","lungime":4.7},"geometry":{"type":"LineString","coordinates":[[26.078994702060605,44.40644538800797],[26.079046681574724,44.40646479444276]]}},{"type":"Feature","properties":{"building_uid":"urol9n","street_name":"","highway":"footway","lungime":11.1},"geometry":{"type":"LineString","coordinates":[[26.078335333103105,44.406974164376734],[26.07838233187346,44.40706788457563]]}},{"type":"Feature","properties":{"building_uid":"urol9n","street_name":"Intrarea Ferentari A","highway":"service","lungime":4.6},"geometry":{"type":"LineString","coordinates":[[26.0791745,44.4065125],[26.079225529816522,44.406531521041714]]}},{"type":"Feature","properties":{"building_uid":"urol9n","street_name":"Intrarea Ferentari A","highway":"service","lungime":0.3},"geometry":{"type":"LineString","coordinates":[[26.079171706769937,44.40651145748736],[26.0791745,44.4065125]]}},{"type":"Feature","properties":{"building_uid":"6p8q7q","street_name":"","highway":"residential","lungime":12.9},"geometry":{"type":"LineString","coordinates":[[26.0787410678783,44.40541596994254],[26.078814617478606,44.40531267748021]]}},{"type":"Feature","properties":{"building_uid":"mx42b9","street_name":"","highway":"footway","lungime":8},"geometry":{"type":"LineString","coordinates":[[26.055744006646673,44.46454459971103],[26.0557438,44.4645263],[26.05568032328151,44.46449779500799]]}},{"type":"Feature","properties":{"building_uid":"mx42b9","street_name":"","highway":"footway","lungime":16.6},"geometry":{"type":"LineString","coordinates":[[26.0554768985022,44.4643977352189],[26.055577938043815,44.46426705636903]]}},{"type":"Feature","properties":{"building_uid":"e1x5ie","street_name":"Strada Feroviarilor","highway":"residential","lungime":41.7},"geometry":{"type":"LineString","coordinates":[[26.058604072965924,44.46728562568343],[26.058895348807482,44.46759764008905]]}},{"type":"Feature","properties":{"building_uid":"1h4z01","street_name":"Strada Feroviarilor","highway":"residential","lungime":28.8},"geometry":{"type":"LineString","coordinates":[[26.058933358904973,44.467638356469486],[26.059134353771825,44.4678536619805]]}},{"type":"Feature","properties":{"building_uid":"qvb114","street_name":"Strada Azotului","highway":"residential","lungime":27.2},"geometry":{"type":"LineString","coordinates":[[26.17849475164674,44.442654955173744],[26.178829955482996,44.44260575292943]]}},{"type":"Feature","properties":{"building_uid":"qvb114","street_name":"Strada Soldat Răduță Gheorghe","highway":"service","lungime":58.2},"geometry":{"type":"LineString","coordinates":[[26.179023684624838,44.44319571660956],[26.1790323,44.443176],[26.1790456,44.4431347],[26.1790433,44.4430804],[26.17892285659265,44.44268324011899]]}},{"type":"Feature","properties":{"building_uid":"slvo4d","street_name":"Bulevardul Ferdinand I","highway":"primary","lungime":7.4},"geometry":{"type":"LineString","coordinates":[[26.120929808020495,44.44015888940333],[26.120850253532677,44.44012388219477]]}},{"type":"Feature","properties":{"building_uid":"arwgi3","street_name":"","highway":"pedestrian","lungime":2.4},"geometry":{"type":"LineString","coordinates":[[26.099042833776554,44.43044748561536],[26.0990698,44.4304377]]}},{"type":"Feature","properties":{"building_uid":"arwgi3","street_name":"","highway":"pedestrian","lungime":2.3},"geometry":{"type":"LineString","coordinates":[[26.0991363,44.4304133],[26.09916198889505,44.43040373356252]]}},{"type":"Feature","properties":{"building_uid":"vaeoqs","street_name":"","highway":"pedestrian","lungime":3.5},"geometry":{"type":"LineString","coordinates":[[26.097683563853128,44.430738204712085],[26.097641934630314,44.43074849566282]]}},{"type":"Feature","properties":{"building_uid":"vaeoqs","street_name":"","highway":"pedestrian","lungime":3.5},"geometry":{"type":"LineString","coordinates":[[26.097553164989783,44.43078015228719],[26.097536,44.4307868],[26.09751445237413,44.43079563656582]]}},{"type":"Feature","properties":{"building_uid":"1rhwya","street_name":"","highway":"pedestrian","lungime":30.1},"geometry":{"type":"LineString","coordinates":[[26.099749532583363,44.43018758366647],[26.0997869,44.4301741],[26.1000884,44.4300669]]}},{"type":"Feature","properties":{"building_uid":"1rhwya","street_name":"","highway":"pedestrian","lungime":5.4},"geometry":{"type":"LineString","coordinates":[[26.1000884,44.4300669],[26.1001476,44.4300459],[26.10014927144429,44.430045271321276]]}},{"type":"Feature","properties":{"building_uid":"gfmojl","street_name":"","highway":"pedestrian","lungime":4.7},"geometry":{"type":"LineString","coordinates":[[26.100359047600517,44.43013092529688],[26.1003709,44.4301143],[26.1003758,44.4300912]]}},{"type":"Feature","properties":{"building_uid":"gfmojl","street_name":"","highway":"pedestrian","lungime":4.6},"geometry":{"type":"LineString","coordinates":[[26.1003758,44.4300912],[26.100427514376015,44.43011045535277]]}},{"type":"Feature","properties":{"building_uid":"gfmojl","street_name":"","highway":"pedestrian","lungime":4.7},"geometry":{"type":"LineString","coordinates":[[26.100338195181646,44.42994992537738],[26.1003192,44.42999]]}},{"type":"Feature","properties":{"building_uid":"gfmojl","street_name":"","highway":"pedestrian","lungime":4.6},"geometry":{"type":"LineString","coordinates":[[26.1003758,44.4300912],[26.100427514376015,44.43011045535277]]}},{"type":"Feature","properties":{"building_uid":"gfmojl","street_name":"","highway":"pedestrian","lungime":17.9},"geometry":{"type":"LineString","coordinates":[[26.100103039567607,44.43006170691014],[26.1001476,44.4300459],[26.1003026,44.4299876]]}},{"type":"Feature","properties":{"building_uid":"gfmojl","street_name":"","highway":"pedestrian","lungime":4.7},"geometry":{"type":"LineString","coordinates":[[26.1003192,44.42999],[26.100338195181646,44.42994992537738]]}},{"type":"Feature","properties":{"building_uid":"sr1an3","street_name":"","highway":"pedestrian","lungime":23.4},"geometry":{"type":"LineString","coordinates":[[26.100538634448245,44.430153834134494],[26.1005286,44.4301297],[26.1004743,44.429993],[26.1004935,44.4299573],[26.100486783365668,44.429954702434266]]}},{"type":"Feature","properties":{"building_uid":"sr1an3","street_name":"","highway":"pedestrian","lungime":20.7},"geometry":{"type":"LineString","coordinates":[[26.100486783365668,44.429954702434266],[26.1004935,44.4299573],[26.1006566,44.429948],[26.1007242,44.4299437],[26.10072480958337,44.429929069999126]]}},{"type":"Feature","properties":{"building_uid":"cf3udi","street_name":"Strada Franceză","highway":"pedestrian","lungime":14.6},"geometry":{"type":"LineString","coordinates":[[26.099886255686084,44.430076517464194],[26.100049731353007,44.43001738232451]]}},{"type":"Feature","properties":{"building_uid":"cf3udi","street_name":"","highway":"pedestrian","lungime":4.7},"geometry":{"type":"LineString","coordinates":[[26.100048662722063,44.42996543718767],[26.0999964020173,44.42998455183451]]}},{"type":"Feature","properties":{"building_uid":"cf3udi","street_name":"","highway":"pedestrian","lungime":4.7},"geometry":{"type":"LineString","coordinates":[[26.099882234205467,44.43002530459754],[26.0998651,44.4300314],[26.09983023505032,44.43004492760048]]}},{"type":"Feature","properties":{"building_uid":"0gwvb5","street_name":"","highway":"pedestrian","lungime":2.3},"geometry":{"type":"LineString","coordinates":[[26.101218783567056,44.42980553390535],[26.1011902,44.4298072]]}},{"type":"Feature","properties":{"building_uid":"0gwvb5","street_name":"","highway":"pedestrian","lungime":2.3},"geometry":{"type":"LineString","coordinates":[[26.10100471231867,44.42981807521584],[26.100977,44.4298197],[26.100975337469208,44.42981977976563]]}},{"type":"Feature","properties":{"building_uid":"21hhyj","street_name":"Strada Franceză","highway":"pedestrian","lungime":27.7},"geometry":{"type":"LineString","coordinates":[[26.101162043816398,44.429841165415965],[26.10150895891466,44.42982163109344]]}},{"type":"Feature","properties":{"building_uid":"21hhyj","street_name":"","highway":"pedestrian","lungime":4.7},"geometry":{"type":"LineString","coordinates":[[26.101506580186136,44.42978892963087],[26.10144713756197,44.429792258001775]]}},{"type":"Feature","properties":{"building_uid":"21hhyj","street_name":"","highway":"pedestrian","lungime":4.7},"geometry":{"type":"LineString","coordinates":[[26.10120914123247,44.42980609594304],[26.1011902,44.4298072],[26.10114997301455,44.429809558524006]]}},{"type":"Feature","properties":{"building_uid":"21hhyj","street_name":"","highway":"pedestrian","lungime":23},"geometry":{"type":"LineString","coordinates":[[26.101192822647278,44.42986435631177],[26.10148020858237,44.429846957716435]]}},{"type":"Feature","properties":{"building_uid":"7ern7r","street_name":"Strada Franceză","highway":"pedestrian","lungime":7.9},"geometry":{"type":"LineString","coordinates":[[26.1026964753314,44.42972097793066],[26.1027545,44.4297046],[26.10278905390331,44.42969470997029]]}},{"type":"Feature","properties":{"building_uid":"7ern7r","street_name":"","highway":"pedestrian","lungime":14.3},"geometry":{"type":"LineString","coordinates":[[26.102804324945403,44.42965348491713],[26.1027622,44.4296647],[26.10268,44.4296883],[26.102636525353876,44.42969850400838]]}},{"type":"Feature","properties":{"building_uid":"u73a7z","street_name":"Strada Franceză","highway":"pedestrian","lungime":20.2},"geometry":{"type":"LineString","coordinates":[[26.102730658314844,44.42971132950791],[26.1027545,44.4297046],[26.102966253037184,44.42964399197519]]}},{"type":"Feature","properties":{"building_uid":"u73a7z","street_name":"","highway":"pedestrian","lungime":23.1},"geometry":{"type":"LineString","coordinates":[[26.102962369543967,44.42960116540113],[26.1029503,44.4296074],[26.10287,44.429636],[26.1027622,44.4296647],[26.102696916130977,44.4296834433006]]}},{"type":"Feature","properties":{"building_uid":"5psfyf","street_name":"Strada Frumoasă","highway":"residential","lungime":9.8},"geometry":{"type":"LineString","coordinates":[[26.085204986194178,44.44811557148486],[26.08511258481271,44.44817417231335]]}},{"type":"Feature","properties":{"building_uid":"drp4c8","street_name":"","highway":"footway","lungime":17.7},"geometry":{"type":"LineString","coordinates":[[26.166421199827884,44.443104460068845],[26.1665624,44.4431004],[26.166636008408346,44.44312424190632]]}},{"type":"Feature","properties":{"building_uid":"drp4c8","street_name":"","highway":"service","lungime":32.3},"geometry":{"type":"LineString","coordinates":[[26.16657792284797,44.44321539818751],[26.1665624,44.4431004],[26.1665543,44.4430403],[26.1665495,44.4429983],[26.1665547,44.4429784],[26.1665863,44.4429663],[26.166623058249446,44.44296353911838]]}},{"type":"Feature","properties":{"building_uid":"drp4c8","street_name":"","highway":"service","lungime":58.5},"geometry":{"type":"LineString","coordinates":[[26.16608406102825,44.44275645155949],[26.1660294,44.4427837],[26.1659919,44.4428186],[26.1659729,44.4428511],[26.1659658,44.4428928],[26.1659715,44.4429528],[26.1659909,44.4430781],[26.166019452955123,44.44324868217451]]}},{"type":"Feature","properties":{"building_uid":"drp4c8","street_name":"","highway":"footway","lungime":13.2},"geometry":{"type":"LineString","coordinates":[[26.166148866469925,44.443113369536704],[26.1659909,44.4430781]]}},{"type":"Feature","properties":{"building_uid":"drp4c8","street_name":"","highway":"footway","lungime":19.6},"geometry":{"type":"LineString","coordinates":[[26.1664059,44.4431049],[26.1662907,44.4431107],[26.1661602,44.4431159]]}},{"type":"Feature","properties":{"building_uid":"drp4c8","street_name":"","highway":"footway","lungime":1.7},"geometry":{"type":"LineString","coordinates":[[26.166015902039035,44.4427719651154],[26.1660294,44.4427837]]}},{"type":"Feature","properties":{"building_uid":"drp4c8","street_name":"","highway":"service","lungime":6.3},"geometry":{"type":"LineString","coordinates":[[26.166632767613525,44.44303552596495],[26.1665543,44.4430403]]}},{"type":"Feature","properties":{"building_uid":"are40v","street_name":"Strada Gabroveni","highway":"pedestrian","lungime":9.6},"geometry":{"type":"LineString","coordinates":[[26.102792343995763,44.431047088938705],[26.102691469505064,44.43109399803125]]}},{"type":"Feature","properties":{"building_uid":"are40v","street_name":"","highway":"pedestrian","lungime":3.5},"geometry":{"type":"LineString","coordinates":[[26.102785880732338,44.43100764457635],[26.102747312226125,44.43102337329529]]}},{"type":"Feature","properties":{"building_uid":"are40v","street_name":"","highway":"pedestrian","lungime":5.3},"geometry":{"type":"LineString","coordinates":[[26.10266299171017,44.431052111092164],[26.1026445,44.4310487],[26.1026351,44.43104],[26.1026081841973,44.43105306496992]]}},{"type":"Feature","properties":{"building_uid":"are40v","street_name":"Pasajul Francez","highway":"footway","lungime":24.4},"geometry":{"type":"LineString","coordinates":[[26.10238205078629,44.430842902321096],[26.10256869586586,44.43101693213877]]}},{"type":"Feature","properties":{"building_uid":"woub2e","street_name":"Bulevardul Gheorghe Duca","highway":"tertiary","lungime":21.5},"geometry":{"type":"LineString","coordinates":[[26.076290097111777,44.44775817078511],[26.0763072,44.4477789],[26.07645101951052,44.44791352082103]]}},{"type":"Feature","properties":{"building_uid":"woub2e","street_name":"","highway":"footway","lungime":4.7},"geometry":{"type":"LineString","coordinates":[[26.07630415523764,44.44778056006424],[26.0763072,44.4477789],[26.0763522,44.4477557]]}},{"type":"Feature","properties":{"building_uid":"woub2e","street_name":"","highway":"footway","lungime":6.8},"geometry":{"type":"LineString","coordinates":[[26.0763522,44.4477557],[26.0763227,44.447717],[26.076313496306533,44.44770093167328]]}},{"type":"Feature","properties":{"building_uid":"7iwuja","street_name":"Bulevardul Gheorghe Duca","highway":"tertiary","lungime":35.4},"geometry":{"type":"LineString","coordinates":[[26.07626282086903,44.447725111158555],[26.0763072,44.4477789],[26.076524264438866,44.44798208100701]]}},{"type":"Feature","properties":{"building_uid":"7iwuja","street_name":"","highway":"footway","lungime":7},"geometry":{"type":"LineString","coordinates":[[26.076280865057075,44.447793258328055],[26.0763072,44.4477789],[26.0763522,44.4477557]]}},{"type":"Feature","properties":{"building_uid":"7iwuja","street_name":"","highway":"footway","lungime":9.6},"geometry":{"type":"LineString","coordinates":[[26.0763522,44.4477557],[26.0763227,44.447717],[26.0763046,44.4476854],[26.076305010910524,44.447676935243194]]}},{"type":"Feature","properties":{"building_uid":"0ayxsk","street_name":"Strada George Enescu","highway":"tertiary","lungime":20.4},"geometry":{"type":"LineString","coordinates":[[26.097574032074913,44.44351012059601],[26.0974681,44.4434113],[26.09742026882851,44.44336312911849]]}},{"type":"Feature","properties":{"building_uid":"0ayxsk","street_name":"","highway":"footway","lungime":50.9},"geometry":{"type":"LineString","coordinates":[[26.0974681,44.4434113],[26.097687,44.4429812]]}},{"type":"Feature","properties":{"building_uid":"0ayxsk","street_name":"","highway":"footway","lungime":81.8},"geometry":{"type":"LineString","coordinates":[[26.097687,44.4429812],[26.0975305,44.4429368],[26.0976285,44.4427606],[26.0976357,44.4427477],[26.0976564,44.4427511],[26.0980843,44.4428631],[26.09817768713222,44.44288715345324]]}},{"type":"Feature","properties":{"building_uid":"0ayxsk","street_name":"","highway":"pedestrian","lungime":43.9},"geometry":{"type":"LineString","coordinates":[[26.098092551236775,44.44284638270135],[26.0980843,44.4428631],[26.0976564,44.4427511],[26.097587418323215,44.44273904005909]]}},{"type":"Feature","properties":{"building_uid":"f4ia5j","street_name":"Strada General Gheorghe Manu","highway":"tertiary","lungime":24.2},"geometry":{"type":"LineString","coordinates":[[26.090448341383034,44.44890812703097],[26.090720282720692,44.44900503599002]]}},{"type":"Feature","properties":{"building_uid":"r7me0w","street_name":"Strada General Gheorghe Manu","highway":"tertiary","lungime":29.8},"geometry":{"type":"LineString","coordinates":[[26.08969050134894,44.44863012187972],[26.09002388572371,44.44875251900667]]}},{"type":"Feature","properties":{"building_uid":"5zy3zg","street_name":"Strada Gheorghe Pop de Băsești","highway":"residential","lungime":11},"geometry":{"type":"LineString","coordinates":[[26.122220971925135,44.441832772320204],[26.12231480926532,44.44190602066603]]}},{"type":"Feature","properties":{"building_uid":"5h2kpf","street_name":"Strada General Dimitrie Salmen","highway":"residential","lungime":8.5},"geometry":{"type":"LineString","coordinates":[[26.123026513112038,44.442238925223464],[26.123090763779867,44.44217820851518]]}},{"type":"Feature","properties":{"building_uid":"9d56sm","street_name":"Strada Gina Patrichi","highway":"residential","lungime":27.8},"geometry":{"type":"LineString","coordinates":[[26.088605291529536,44.44922617640655],[26.08891998505174,44.44933589040155]]}},{"type":"Feature","properties":{"building_uid":"9d56sm","street_name":"Calea Victoriei","highway":"cycleway","lungime":15.4},"geometry":{"type":"LineString","coordinates":[[26.08846108793085,44.449360925639844],[26.08855300470868,44.44923935828852]]}},{"type":"Feature","properties":{"building_uid":"qg4r1a","street_name":"Strada Frédéric Chopin","highway":"residential","lungime":17.4},"geometry":{"type":"LineString","coordinates":[[26.105430490835083,44.46077355064571],[26.105382641172984,44.46062031412709]]}},{"type":"Feature","properties":{"building_uid":"simzd7","street_name":"Strada Grigore Alexandrescu","highway":"residential","lungime":8},"geometry":{"type":"LineString","coordinates":[[26.095889848364518,44.45182880849795],[26.09598826831413,44.45184152963263]]}},{"type":"Feature","properties":{"building_uid":"rd7nq0","street_name":"","highway":"service","lungime":5.7},"geometry":{"type":"LineString","coordinates":[[26.11982752556082,44.46267425398521],[26.1197981,44.4627211]]}},{"type":"Feature","properties":{"building_uid":"agkkmc","street_name":"","highway":"footway","lungime":18.8},"geometry":{"type":"LineString","coordinates":[[26.074865804899815,44.45443743069594],[26.074693608102148,44.45455390391061]]}},{"type":"Feature","properties":{"building_uid":"jeygp2","street_name":"Calea Griviței","highway":"tertiary","lungime":9},"geometry":{"type":"LineString","coordinates":[[26.088014193012473,44.44443882284391],[26.08812403976406,44.44442011662342]]}},{"type":"Feature","properties":{"building_uid":"jeygp2","street_name":"Calea Griviței","highway":"tertiary","lungime":12.3},"geometry":{"type":"LineString","coordinates":[[26.08816295034107,44.444413490393494],[26.0881764,44.4444112],[26.088312657365822,44.44438520135986]]}},{"type":"Feature","properties":{"building_uid":"jeygp2","street_name":"Strada Mircea Vulcănescu","highway":"secondary","lungime":8.9},"geometry":{"type":"LineString","coordinates":[[26.087984969977164,44.444439090944925],[26.08788977451088,44.444396558098774]]}},{"type":"Feature","properties":{"building_uid":"uhomnp","street_name":"","highway":"service","lungime":2.8},"geometry":{"type":"LineString","coordinates":[[26.0863184,44.4457206],[26.08635325400028,44.44572159914801]]}},{"type":"Feature","properties":{"building_uid":"v5qeed","street_name":"Strada Costache Marinescu","highway":"residential","lungime":26.7},"geometry":{"type":"LineString","coordinates":[[26.066947012474383,44.45211023255127],[26.0669542,44.4521174],[26.067142367392634,44.45230520371387]]}},{"type":"Feature","properties":{"building_uid":"v5qeed","street_name":"","highway":"footway","lungime":0.8},"geometry":{"type":"LineString","coordinates":[[26.06696163968158,44.45211272367664],[26.0669542,44.4521174]]}},{"type":"Feature","properties":{"building_uid":"d4uyyb","street_name":"Strada Johann Gutenberg","highway":"residential","lungime":4},"geometry":{"type":"LineString","coordinates":[[26.091276996826608,44.43366501462113],[26.09132256113949,44.43367972693426]]}},{"type":"Feature","properties":{"building_uid":"s5p4sc","street_name":"Strada Johann Gutenberg","highway":"residential","lungime":14.7},"geometry":{"type":"LineString","coordinates":[[26.091004758915492,44.43372225446238],[26.0910797,44.4336996],[26.09117533820426,44.43367072005911]]}},{"type":"Feature","properties":{"building_uid":"tas8rf","street_name":"Strada Johann Gutenberg","highway":"residential","lungime":17.3},"geometry":{"type":"LineString","coordinates":[[26.09073616415278,44.433802704220646],[26.0907438,44.4338011],[26.0908359,44.4337733],[26.09093641359322,44.433742915045855]]}},{"type":"Feature","properties":{"building_uid":"tas8rf","street_name":"Strada Silfidelor","highway":"pedestrian","lungime":11.9},"geometry":{"type":"LineString","coordinates":[[26.0907438,44.4338011],[26.09071685001895,44.433906175472565]]}},{"type":"Feature","properties":{"building_uid":"157465","street_name":"Strada Johann Gutenberg","highway":"residential","lungime":26.4},"geometry":{"type":"LineString","coordinates":[[26.08989401235199,44.43396616914872],[26.0901155,44.4339331],[26.090216534862478,44.43391187351289]]}},{"type":"Feature","properties":{"building_uid":"157465","street_name":"Piața Ioan Cantacuzino","highway":"residential","lungime":17.6},"geometry":{"type":"LineString","coordinates":[[26.0901155,44.4339331],[26.090322076325517,44.4339897838891]]}},{"type":"Feature","properties":{"building_uid":"44ej5u","street_name":"Strada Doctor Haralambie Botescu","highway":"residential","lungime":12.9},"geometry":{"type":"LineString","coordinates":[[26.0601536789894,44.40537834027102],[26.060000110871194,44.40541461971673]]}},{"type":"Feature","properties":{"building_uid":"k32u1e","street_name":"","highway":"service","lungime":4.1},"geometry":{"type":"LineString","coordinates":[[26.155821,44.4398903],[26.155871935852005,44.43989621506219]]}},{"type":"Feature","properties":{"building_uid":"k32u1e","street_name":"","highway":"service","lungime":49.5},"geometry":{"type":"LineString","coordinates":[[26.155930002699954,44.43969870262138],[26.1559024,44.4396954],[26.1558765,44.4396996],[26.1558638,44.4397143],[26.155821,44.4398903],[26.1557822,44.4400671],[26.1557965,44.440097]]}},{"type":"Feature","properties":{"building_uid":"k32u1e","street_name":"","highway":"service","lungime":2.7},"geometry":{"type":"LineString","coordinates":[[26.1557965,44.440097],[26.15582583362401,44.44010997448754]]}},{"type":"Feature","properties":{"building_uid":"ixa7c8","street_name":"Strada Horațiu","highway":"residential","lungime":14.1},"geometry":{"type":"LineString","coordinates":[[26.082072570479866,44.442750438939896],[26.082116719815993,44.44262709601538]]}},{"type":"Feature","properties":{"building_uid":"cy7sh2","street_name":"Strada Horei","highway":"residential","lungime":18.7},"geometry":{"type":"LineString","coordinates":[[26.124210648110704,44.440312876710955],[26.12418791742909,44.440480710564614]]}},{"type":"Feature","properties":{"building_uid":"e8ly10","street_name":"","highway":"service","lungime":2.7},"geometry":{"type":"LineString","coordinates":[[26.047972128633123,44.480310989536484],[26.04800229713495,44.4803228543245]]}},{"type":"Feature","properties":{"building_uid":"zfnqoe","street_name":"Strada Negustori","highway":"residential","lungime":5.4},"geometry":{"type":"LineString","coordinates":[[26.108053,44.4339012],[26.108112418936987,44.433925157447334]]}},{"type":"Feature","properties":{"building_uid":"zfnqoe","street_name":"Bulevardul Hristo Botev","highway":"tertiary","lungime":28.7},"geometry":{"type":"LineString","coordinates":[[26.10796083124631,44.43396713221409],[26.1080019,44.4339387],[26.108053,44.4339012],[26.1081166,44.4338489],[26.10820014490556,44.43377457317345]]}},{"type":"Feature","properties":{"building_uid":"j2yf62","street_name":"Bulevardul Hristo Botev","highway":"tertiary","lungime":22},"geometry":{"type":"LineString","coordinates":[[26.10807652624674,44.433881853731066],[26.1081166,44.4338489],[26.1082027,44.4337723],[26.108249771754284,44.43372755086517]]}},{"type":"Feature","properties":{"building_uid":"8e8xae","street_name":"Bulevardul Hristo Botev","highway":"tertiary","lungime":25},"geometry":{"type":"LineString","coordinates":[[26.1082635,44.4337145],[26.1083352,44.4336353],[26.1083978,44.4335554],[26.10842218451732,44.433520534788926]]}},{"type":"Feature","properties":{"building_uid":"8e8xae","street_name":"Bulevardul Hristo Botev","highway":"tertiary","lungime":14.6},"geometry":{"type":"LineString","coordinates":[[26.108150905106857,44.43381838000946],[26.1082027,44.4337723],[26.1082635,44.4337145]]}},{"type":"Feature","properties":{"building_uid":"x7tlsq","street_name":"Bulevardul Hristo Botev","highway":"tertiary","lungime":23.3},"geometry":{"type":"LineString","coordinates":[[26.109042174205157,44.43211209762392],[26.109088933168344,44.43190478304786]]}},{"type":"Feature","properties":{"building_uid":"x7tlsq","street_name":"Intrarea Locotenent Colonel Ion Buzoianu","highway":"residential","lungime":27.5},"geometry":{"type":"LineString","coordinates":[[26.10909073245146,44.43190396284982],[26.1092518,44.4319421],[26.1093419,44.4319689],[26.1094133,44.4319924]]}},{"type":"Feature","properties":{"building_uid":"7tykej","street_name":"Strada Constantin F. Robescu","highway":"residential","lungime":17.5},"geometry":{"type":"LineString","coordinates":[[26.108529763923272,44.43275648892213],[26.108748124295662,44.432772281196364]]}},{"type":"Feature","properties":{"building_uid":"34osku","street_name":"Strada Ion Nistor","highway":"service","lungime":34.3},"geometry":{"type":"LineString","coordinates":[[26.102044598471657,44.434630923922214],[26.101957438690228,44.43493365314325]]}},{"type":"Feature","properties":{"building_uid":"34osku","street_name":"","highway":"footway","lungime":3.5},"geometry":{"type":"LineString","coordinates":[[26.1024053,44.4347882],[26.10244789646023,44.43479680281452]]}},{"type":"Feature","properties":{"building_uid":"ibj071","street_name":"","highway":"footway","lungime":38.9},"geometry":{"type":"LineString","coordinates":[[26.10288399407493,44.4339803203256],[26.102771321306403,44.43432092307699]]}},{"type":"Feature","properties":{"building_uid":"4xka46","street_name":"Strada Lipscani","highway":"pedestrian","lungime":34.1},"geometry":{"type":"LineString","coordinates":[[26.103386479880868,44.43194136273581],[26.103378,44.4319371],[26.10335,44.4319225],[26.103181,44.4318375],[26.1030504,44.4317733],[26.103034054359927,44.431766608503594]]}},{"type":"Feature","properties":{"building_uid":"4xka46","street_name":"Piața Roma","highway":"pedestrian","lungime":18.4},"geometry":{"type":"LineString","coordinates":[[26.1032552,44.432005],[26.1033399,44.432009],[26.1033676,44.4320117],[26.103378,44.4319371],[26.103379491423453,44.43192704592861]]}},{"type":"Feature","properties":{"building_uid":"4xka46","street_name":"Piața Roma","highway":"pedestrian","lungime":9.2},"geometry":{"type":"LineString","coordinates":[[26.102960848348648,44.43180744944955],[26.1029907,44.4318174],[26.1030627,44.4318474]]}},{"type":"Feature","properties":{"building_uid":"4xka46","street_name":"","highway":"footway","lungime":4.4},"geometry":{"type":"LineString","coordinates":[[26.103181,44.4318375],[26.103213241480404,44.431805810836174]]}},{"type":"Feature","properties":{"building_uid":"4xka46","street_name":"","highway":"footway","lungime":25.9},"geometry":{"type":"LineString","coordinates":[[26.10335456982156,44.431886738846046],[26.10335,44.4319225],[26.1033399,44.432009],[26.10331690345857,44.4321184987782]]}},{"type":"Feature","properties":{"building_uid":"7uawsa","street_name":"Strada Patriei","highway":"living_street","lungime":4.4},"geometry":{"type":"LineString","coordinates":[[26.1041771,44.4299357],[26.104230099143773,44.42994682420191]]}},{"type":"Feature","properties":{"building_uid":"7uawsa","street_name":"Strada Patriei","highway":"living_street","lungime":36.4},"geometry":{"type":"LineString","coordinates":[[26.1044287376545,44.42966174237246],[26.1041771,44.4299357]]}},{"type":"Feature","properties":{"building_uid":"7uawsa","street_name":"Strada Patriei","highway":"living_street","lungime":8.5},"geometry":{"type":"LineString","coordinates":[[26.1041771,44.4299357],[26.1040746,44.4299142]]}},{"type":"Feature","properties":{"building_uid":"mwp0sk","street_name":"Strada Patriei","highway":"living_street","lungime":28.6},"geometry":{"type":"LineString","coordinates":[[26.104822707097235,44.42923498134784],[26.1047735,44.4292864],[26.104623740860486,44.42944944260444]]}},{"type":"Feature","properties":{"building_uid":"mwp0sk","street_name":"Bulevardul Corneliu Coposu","highway":"secondary","lungime":32.7},"geometry":{"type":"LineString","coordinates":[[26.10480172389313,44.42920653853821],[26.1046719,44.4291503],[26.1045147,44.4290831],[26.10444662241403,44.42905827102463]]}},{"type":"Feature","properties":{"building_uid":"xjuc9z","street_name":"","highway":"footway","lungime":21.4},"geometry":{"type":"LineString","coordinates":[[26.10345256104248,44.430026946693594],[26.103460592260017,44.42983461616179]]}},{"type":"Feature","properties":{"building_uid":"h8hh3r","street_name":"Strada Iancu Cavaler de Flondor","highway":"residential","lungime":0.3},"geometry":{"type":"LineString","coordinates":[[26.1210148,44.4398574],[26.12101411776239,44.43986042790851]]}},{"type":"Feature","properties":{"building_uid":"h8hh3r","street_name":"Strada Iancu Cavaler de Flondor","highway":"residential","lungime":28.8},"geometry":{"type":"LineString","coordinates":[[26.1210148,44.4398574],[26.12113253985447,44.43961241376358]]}},{"type":"Feature","properties":{"building_uid":"h8hh3r","street_name":"Strada Iancu Cavaler de Flondor","highway":"residential","lungime":5.5},"geometry":{"type":"LineString","coordinates":[[26.12096122473173,44.43988917260033],[26.1210148,44.4398574]]}},{"type":"Feature","properties":{"building_uid":"1ld994","street_name":"Strada Brazilia","highway":"residential","lungime":23.7},"geometry":{"type":"LineString","coordinates":[[26.096582148708038,44.453240680804555],[26.096624784244547,44.45302951392377]]}},{"type":"Feature","properties":{"building_uid":"1ld994","street_name":"Bulevardul Iancu de Hunedoara","highway":"primary","lungime":33.2},"geometry":{"type":"LineString","coordinates":[[26.09808029222119,44.45308393933728],[26.0977581,44.4530683],[26.097664169551965,44.4530632110498]]}},{"type":"Feature","properties":{"building_uid":"1ld994","street_name":"Bulevardul Iancu de Hunedoara","highway":"primary","lungime":17.2},"geometry":{"type":"LineString","coordinates":[[26.096927929075775,44.45302113022473],[26.09671257241045,44.45300706629369]]}},{"type":"Feature","properties":{"building_uid":"hqn9f4","street_name":"","highway":"residential","lungime":7.9},"geometry":{"type":"LineString","coordinates":[[26.14578498457676,44.44334946177716],[26.1457999,44.4432794]]}},{"type":"Feature","properties":{"building_uid":"hqn9f4","street_name":"","highway":"service","lungime":49.7},"geometry":{"type":"LineString","coordinates":[[26.1463934,44.4430837],[26.1458372,44.4430319],[26.14584050909558,44.44298673955346]]}},{"type":"Feature","properties":{"building_uid":"hqn9f4","street_name":"Șoseaua Iancului","highway":"residential","lungime":78.4},"geometry":{"type":"LineString","coordinates":[[26.145400359929898,44.44326048803854],[26.1457999,44.4432794],[26.146384393277376,44.44327063825358]]}},{"type":"Feature","properties":{"building_uid":"hqn9f4","street_name":"","highway":"service","lungime":13},"geometry":{"type":"LineString","coordinates":[[26.146394145399867,44.44306933411167],[26.1463934,44.4430837],[26.146408097290074,44.44318554293197]]}},{"type":"Feature","properties":{"building_uid":"hqn9f4","street_name":"","highway":"service","lungime":24.3},"geometry":{"type":"LineString","coordinates":[[26.1458372,44.4430319],[26.1455349,44.443001]]}},{"type":"Feature","properties":{"building_uid":"hqn9f4","street_name":"","highway":"footway","lungime":0.5},"geometry":{"type":"LineString","coordinates":[[26.145535166885722,44.44299639518421],[26.1455349,44.443001]]}},{"type":"Feature","properties":{"building_uid":"vim5hi","street_name":"","highway":"service","lungime":25.5},"geometry":{"type":"LineString","coordinates":[[26.14769393096676,44.44345167500816],[26.147687,44.4434147],[26.1476486,44.4432443],[26.1476633,44.4432278]]}},{"type":"Feature","properties":{"building_uid":"vim5hi","street_name":"","highway":"service","lungime":1.6},"geometry":{"type":"LineString","coordinates":[[26.1476633,44.4432278],[26.147682475846516,44.443222263311924]]}},{"type":"Feature","properties":{"building_uid":"vim5hi","street_name":"","highway":"service","lungime":3.7},"geometry":{"type":"LineString","coordinates":[[26.147732477231425,44.44340990285877],[26.147687,44.4434147]]}},{"type":"Feature","properties":{"building_uid":"vim5hi","street_name":"","highway":"service","lungime":11.4},"geometry":{"type":"LineString","coordinates":[[26.14725817322175,44.44337821725213],[26.1472731,44.4433476],[26.1472722,44.4433265],[26.147237705298586,44.4432842753935]]}},{"type":"Feature","properties":{"building_uid":"vim5hi","street_name":"","highway":"service","lungime":4},"geometry":{"type":"LineString","coordinates":[[26.14723619177202,44.44327650160454],[26.147234429458994,44.44324049012913]]}},{"type":"Feature","properties":{"building_uid":"vim5hi","street_name":"","highway":"service","lungime":13.3},"geometry":{"type":"LineString","coordinates":[[26.147262458365503,44.443117376947946],[26.1474162,44.443071],[26.147416296327957,44.443070723299556]]}},{"type":"Feature","properties":{"building_uid":"vuv753","street_name":"","highway":"service","lungime":11.3},"geometry":{"type":"LineString","coordinates":[[26.146745863600273,44.44345158514584],[26.1467514,44.4434514],[26.14680565419321,44.44354106467242]]}},{"type":"Feature","properties":{"building_uid":"vuv753","street_name":"","highway":"service","lungime":28.2},"geometry":{"type":"LineString","coordinates":[[26.146849530162914,44.44356241273482],[26.1471994,44.443524]]}},{"type":"Feature","properties":{"building_uid":"vuv753","street_name":"","highway":"service","lungime":6.6},"geometry":{"type":"LineString","coordinates":[[26.1463934,44.4430837],[26.14631078750629,44.44307600613597]]}},{"type":"Feature","properties":{"building_uid":"vuv753","street_name":"","highway":"service","lungime":39.9},"geometry":{"type":"LineString","coordinates":[[26.1464061,44.4427541],[26.1464066,44.4428293],[26.1463934,44.4430837],[26.146397589495862,44.44311273055868]]}},{"type":"Feature","properties":{"building_uid":"vuv753","street_name":"","highway":"service","lungime":43.3},"geometry":{"type":"LineString","coordinates":[[26.1471283,44.4434319],[26.1472087,44.4434108],[26.1472516,44.4433917],[26.1472731,44.4433476],[26.1472722,44.4433265],[26.1472365,44.4432828],[26.1472289,44.4431275],[26.147253171108964,44.44312017849623]]}},{"type":"Feature","properties":{"building_uid":"vuv753","street_name":"Șoseaua Iancului","highway":"primary","lungime":66.8},"geometry":{"type":"LineString","coordinates":[[26.147231605804315,44.442853124785444],[26.1464061,44.4427541],[26.146403594753057,44.44275385264767]]}},{"type":"Feature","properties":{"building_uid":"wiotdd","street_name":"Șoseaua Iancului","highway":"residential","lungime":76.7},"geometry":{"type":"LineString","coordinates":[[26.14388366012362,44.4428931579949],[26.144838951590927,44.442982714366316]]}},{"type":"Feature","properties":{"building_uid":"85u88e","street_name":"Șoseaua Iancului","highway":"primary","lungime":73.9},"geometry":{"type":"LineString","coordinates":[[26.148045132869523,44.442820891349335],[26.1485777,44.4428784],[26.148731,44.442895],[26.1488117,44.4429037],[26.148963734585376,44.44292092431082]]}},{"type":"Feature","properties":{"building_uid":"85u88e","street_name":"","highway":"service","lungime":8.8},"geometry":{"type":"LineString","coordinates":[[26.148936785094467,44.442579512327406],[26.1489186,44.442658]]}},{"type":"Feature","properties":{"building_uid":"85u88e","street_name":"Aleea Actorilor","highway":"service","lungime":83.9},"geometry":{"type":"LineString","coordinates":[[26.148121983446135,44.44249758919679],[26.1481335,44.4425406],[26.1481677,44.4425715],[26.1482265,44.4425855],[26.1486228,44.4426272],[26.1489186,44.442658],[26.1489966,44.4426671],[26.1490458,44.4426555],[26.1490645,44.4426313],[26.149065853089088,44.44262588764366]]}},{"type":"Feature","properties":{"building_uid":"85u88e","street_name":"","highway":"footway","lungime":3.9},"geometry":{"type":"LineString","coordinates":[[26.1486228,44.4426272],[26.1486168,44.442662]]}},{"type":"Feature","properties":{"building_uid":"85u88e","street_name":"","highway":"footway","lungime":11.9},"geometry":{"type":"LineString","coordinates":[[26.1486168,44.442662],[26.1485977,44.442768]]}},{"type":"Feature","properties":{"building_uid":"85u88e","street_name":"","highway":"footway","lungime":12.4},"geometry":{"type":"LineString","coordinates":[[26.1485977,44.442768],[26.1485777,44.4428784]]}},{"type":"Feature","properties":{"building_uid":"1j5wfv","street_name":"","highway":"footway","lungime":14},"geometry":{"type":"LineString","coordinates":[[26.10133080196285,44.42518664407328],[26.101470968006428,44.4252634331912]]}},{"type":"Feature","properties":{"building_uid":"1j5wfv","street_name":"","highway":"footway","lungime":8.3},"geometry":{"type":"LineString","coordinates":[[26.101530250585572,44.42529591079308],[26.1015525,44.4253081],[26.10150420978701,44.425350004007285]]}},{"type":"Feature","properties":{"building_uid":"t2k00f","street_name":"Strada Ienăchiță Văcărescu","highway":"residential","lungime":4.2},"geometry":{"type":"LineString","coordinates":[[26.10102997751801,44.422528679722305],[26.101054309757572,44.42249526681274]]}},{"type":"Feature","properties":{"building_uid":"k2yzx7","street_name":"Strada Ilfov","highway":"residential","lungime":23.3},"geometry":{"type":"LineString","coordinates":[[26.09601234217869,44.432256176273],[26.09615905951995,44.432437898526864]]}},{"type":"Feature","properties":{"building_uid":"ggcsvp","street_name":"","highway":"footway","lungime":24},"geometry":{"type":"LineString","coordinates":[[26.088436600261822,44.433654044966744],[26.08813545555282,44.433670897748776]]}},{"type":"Feature","properties":{"building_uid":"10u58m","street_name":"Strada Ion C. Filitti","highway":"pedestrian","lungime":42.4},"geometry":{"type":"LineString","coordinates":[[26.098100708377096,44.43029668407048],[26.0981003,44.430297],[26.098061,44.4303252],[26.098013,44.43034],[26.09760464787154,44.430423449816914]]}},{"type":"Feature","properties":{"building_uid":"10u58m","street_name":"Strada Nicolae Tonitza","highway":"pedestrian","lungime":27.2},"geometry":{"type":"LineString","coordinates":[[26.0980908213765,44.43023137346346],[26.0979924,44.4301919],[26.097784159144062,44.43012338392919]]}},{"type":"Feature","properties":{"building_uid":"10u58m","street_name":"","highway":"pedestrian","lungime":7.1},"geometry":{"type":"LineString","coordinates":[[26.098102253403756,44.43026181959245],[26.09801417673836,44.43026924774496]]}},{"type":"Feature","properties":{"building_uid":"10u58m","street_name":"","highway":"pedestrian","lungime":6.4},"geometry":{"type":"LineString","coordinates":[[26.09796433647714,44.43031795866831],[26.0979641,44.4303197],[26.097893,44.4303348],[26.09789048868613,44.430333029201755]]}},{"type":"Feature","properties":{"building_uid":"10u58m","street_name":"","highway":"pedestrian","lungime":5.9},"geometry":{"type":"LineString","coordinates":[[26.09778176461806,44.43035521713292],[26.0977815,44.4303562],[26.097715,44.4303705],[26.097712869514645,44.430369276943594]]}},{"type":"Feature","properties":{"building_uid":"10u58m","street_name":"","highway":"pedestrian","lungime":7.4},"geometry":{"type":"LineString","coordinates":[[26.097670085291817,44.430371467422404],[26.0976428,44.4303772],[26.09758037388604,44.43039000765322]]}},{"type":"Feature","properties":{"building_uid":"10u58m","street_name":"","highway":"pedestrian","lungime":30.3},"geometry":{"type":"LineString","coordinates":[[26.097709327257952,44.43015643589327],[26.0977131,44.4301575],[26.0977537,44.4301693],[26.0977594,44.4301602],[26.0977913,44.4301698],[26.0977955,44.4301639],[26.0979791,44.4302221],[26.097975,44.430228],[26.0980064,44.4302387],[26.0980121,44.4302464],[26.098010925818265,44.43025937191247]]}},{"type":"Feature","properties":{"building_uid":"10u58m","street_name":"","highway":"pedestrian","lungime":7.1},"geometry":{"type":"LineString","coordinates":[[26.09801417673836,44.43026924774496],[26.098102253403756,44.43026181959245]]}},{"type":"Feature","properties":{"building_uid":"o4z15k","street_name":"Strada Ioan Vodă Caragea","highway":"residential","lungime":14.3},"geometry":{"type":"LineString","coordinates":[[26.101081402737577,44.4485833566955],[26.101099389619957,44.4484549764491]]}},{"type":"Feature","properties":{"building_uid":"o4z15k","street_name":"Strada General Ernest Broșteanu","highway":"residential","lungime":17.9},"geometry":{"type":"LineString","coordinates":[[26.101191238997966,44.44838985451443],[26.10140619706527,44.44843688257548]]}},{"type":"Feature","properties":{"building_uid":"gatzdh","street_name":"Strada Ioan Vodă Caragea","highway":"residential","lungime":20.2},"geometry":{"type":"LineString","coordinates":[[26.100830263908954,44.450548286836025],[26.10085169877697,44.450367217260954]]}},{"type":"Feature","properties":{"building_uid":"swh365","street_name":"Strada Pictor Ion Andreescu","highway":"residential","lungime":33.3},"geometry":{"type":"LineString","coordinates":[[26.125487232952043,44.44206729363428],[26.12566915716231,44.44179755105169]]}},{"type":"Feature","properties":{"building_uid":"wqswmc","street_name":"Strada Domnița Anastasia","highway":"residential","lungime":25.7},"geometry":{"type":"LineString","coordinates":[[26.094602104904638,44.4339075581435],[26.09428294419294,44.43394160195275]]}},{"type":"Feature","properties":{"building_uid":"wqswmc","street_name":"Strada Ion Brezoianu","highway":"residential","lungime":27},"geometry":{"type":"LineString","coordinates":[[26.094710915073325,44.433988727506154],[26.094706809019986,44.434231798465476]]}},{"type":"Feature","properties":{"building_uid":"7k7ppn","street_name":"Strada Domnița Anastasia","highway":"residential","lungime":3.3},"geometry":{"type":"LineString","coordinates":[[26.0947134,44.4338977],[26.094671839334453,44.4339010464432]]}},{"type":"Feature","properties":{"building_uid":"7k7ppn","street_name":"Strada Ion Brezoianu","highway":"residential","lungime":49.2},"geometry":{"type":"LineString","coordinates":[[26.0947134,44.4338977],[26.094711,44.4339837],[26.094704964482062,44.43434099178712]]}},{"type":"Feature","properties":{"building_uid":"7k7ppn","street_name":"Strada Domnița Anastasia","highway":"residential","lungime":3.1},"geometry":{"type":"LineString","coordinates":[[26.09522006553138,44.4337836105033],[26.0951945,44.4338052]]}},{"type":"Feature","properties":{"building_uid":"7k7ppn","street_name":"","highway":"footway","lungime":18.5},"geometry":{"type":"LineString","coordinates":[[26.0950559,44.4343219],[26.0950637,44.4341688],[26.095081792159988,44.43416521247876]]}},{"type":"Feature","properties":{"building_uid":"7k7ppn","street_name":"","highway":"footway","lungime":0.8},"geometry":{"type":"LineString","coordinates":[[26.09506616447589,44.434322965444245],[26.0950559,44.4343219]]}},{"type":"Feature","properties":{"building_uid":"7k7ppn","street_name":"Strada Domnița Anastasia","highway":"residential","lungime":39.7},"geometry":{"type":"LineString","coordinates":[[26.0951945,44.4338052],[26.094908,44.4338712],[26.0948288,44.4338856],[26.0947134,44.4338977]]}},{"type":"Feature","properties":{"building_uid":"7k7ppn","street_name":"Strada Eforiei","highway":"residential","lungime":23.6},"geometry":{"type":"LineString","coordinates":[[26.095491160910015,44.43381501280781],[26.0954462,44.4338147],[26.0951945,44.4338052]]}},{"type":"Feature","properties":{"building_uid":"7k7ppn","street_name":"Strada Ion Brezoianu","highway":"residential","lungime":1.4},"geometry":{"type":"LineString","coordinates":[[26.09471322230147,44.4338848834933],[26.0947134,44.4338977]]}},{"type":"Feature","properties":{"building_uid":"v18lj9","street_name":"Intrarea Erou Ion Călin","highway":"residential","lungime":8.7},"geometry":{"type":"LineString","coordinates":[[26.1064446,44.4488338],[26.106430165100345,44.448911145208584]]}},{"type":"Feature","properties":{"building_uid":"lx3cuw","street_name":"Strada Erou Călin Ion","highway":"residential","lungime":14.6},"geometry":{"type":"LineString","coordinates":[[26.104974810586235,44.44817672244405],[26.1049058,44.4480882],[26.10488893868576,44.44806063491631]]}},{"type":"Feature","properties":{"building_uid":"1mmadb","street_name":"Strada Erou Călin Ion","highway":"residential","lungime":13.3},"geometry":{"type":"LineString","coordinates":[[26.106289327781916,44.449908877984974],[26.106211846326065,44.44980273483531]]}},{"type":"Feature","properties":{"building_uid":"cdgucm","street_name":"Strada Ion Câmpineanu","highway":"tertiary","lungime":43.6},"geometry":{"type":"LineString","coordinates":[[26.100373171260998,44.43764691781937],[26.1009032,44.4377447]]}},{"type":"Feature","properties":{"building_uid":"cdgucm","street_name":"","highway":"footway","lungime":32.3},"geometry":{"type":"LineString","coordinates":[[26.1009032,44.4377447],[26.10076516594289,44.438018103649846]]}},{"type":"Feature","properties":{"building_uid":"cdgucm","street_name":"Strada Ion Câmpineanu","highway":"tertiary","lungime":1.4},"geometry":{"type":"LineString","coordinates":[[26.1009032,44.4377447],[26.100920585246325,44.437747897286684]]}},{"type":"Feature","properties":{"building_uid":"36t968","street_name":"Strada Sarmizegetusa","highway":"living_street","lungime":11.8},"geometry":{"type":"LineString","coordinates":[[26.10508299645797,44.4335775322762],[26.1050717,44.4336221],[26.105053054711192,44.433681715857645]]}},{"type":"Feature","properties":{"building_uid":"36t968","street_name":"Strada General Florescu Ion Emanoil","highway":"residential","lungime":22},"geometry":{"type":"LineString","coordinates":[[26.1052090475632,44.43378030080211],[26.105223,44.4337795],[26.10548521716116,44.43377979512342]]}},{"type":"Feature","properties":{"building_uid":"36t968","street_name":"Strada Nicolae Mavrogheni","highway":"service","lungime":0.3},"geometry":{"type":"LineString","coordinates":[[26.1050717,44.4336221],[26.105068139530157,44.433621674864035]]}},{"type":"Feature","properties":{"building_uid":"ft3a4x","street_name":"Strada General Florescu Ion Emanoil","highway":"residential","lungime":8.3},"geometry":{"type":"LineString","coordinates":[[26.10618623361893,44.4336994757719],[26.1062079,44.4336923],[26.106280667771568,44.43366839747371]]}},{"type":"Feature","properties":{"building_uid":"4gr7wn","street_name":"Strada General Florescu Ion Emanoil","highway":"residential","lungime":11.9},"geometry":{"type":"LineString","coordinates":[[26.10632102792872,44.433655140097585],[26.106457416879554,44.43361033948857]]}},{"type":"Feature","properties":{"building_uid":"7u9tb4","street_name":"Strada Ion Ghica","highway":"residential","lungime":32.6},"geometry":{"type":"LineString","coordinates":[[26.102708127896758,44.434535807690715],[26.102701,44.4345335],[26.102334978907443,44.434415058936644]]}},{"type":"Feature","properties":{"building_uid":"7u9tb4","street_name":"","highway":"footway","lungime":45.3},"geometry":{"type":"LineString","coordinates":[[26.10283084729298,44.43414097973244],[26.102701,44.4345335],[26.10269980177495,44.43453736646447]]}},{"type":"Feature","properties":{"building_uid":"z5hr1l","street_name":"Strada Ion Luca Caragiale","highway":"residential","lungime":36.7},"geometry":{"type":"LineString","coordinates":[[26.107482296065193,44.43948375361604],[26.10782969926254,44.43926604552304]]}},{"type":"Feature","properties":{"building_uid":"nay750","street_name":"","highway":"footway","lungime":3.2},"geometry":{"type":"LineString","coordinates":[[26.1073056,44.4395589],[26.107341,44.4395723]]}},{"type":"Feature","properties":{"building_uid":"nay750","street_name":"","highway":"footway","lungime":4.1},"geometry":{"type":"LineString","coordinates":[[26.107166527318572,44.43957314012957],[26.1071984,44.4395439]]}},{"type":"Feature","properties":{"building_uid":"nay750","street_name":"","highway":"footway","lungime":21.9},"geometry":{"type":"LineString","coordinates":[[26.10706164498994,44.439486161215626],[26.1071984,44.4395439],[26.1072486,44.4395651],[26.1073056,44.4395589]]}},{"type":"Feature","properties":{"building_uid":"nay750","street_name":"Strada Ion Luca Caragiale","highway":"residential","lungime":30.8},"geometry":{"type":"LineString","coordinates":[[26.107300760527846,44.43960280312208],[26.107341,44.4395723],[26.10758852818683,44.439417180847585]]}},{"type":"Feature","properties":{"building_uid":"iiaueg","street_name":"","highway":"service","lungime":73.9},"geometry":{"type":"LineString","coordinates":[[26.075983959261166,44.45972201012137],[26.0754166,44.4601803],[26.0753961,44.4601969],[26.075353390790585,44.46020120647903]]}},{"type":"Feature","properties":{"building_uid":"iiaueg","street_name":"","highway":"footway","lungime":50.8},"geometry":{"type":"LineString","coordinates":[[26.07591452150916,44.460220556786915],[26.0759013,44.4602167],[26.0757945,44.4602226],[26.0756543,44.4603179],[26.0756092,44.4603513],[26.0755612,44.4603614],[26.0755132,44.460362],[26.0754602,44.4603579],[26.0754105,44.4603489],[26.075364830754403,44.46032467865922]]}},{"type":"Feature","properties":{"building_uid":"72rrwf","street_name":"","highway":"footway","lungime":23.7},"geometry":{"type":"LineString","coordinates":[[26.074622948217762,44.46074352017645],[26.07482624160099,44.4605870095252]]}},{"type":"Feature","properties":{"building_uid":"jiws59","street_name":"","highway":"footway","lungime":18.4},"geometry":{"type":"LineString","coordinates":[[26.06116943276124,44.46774192330046],[26.060967940182493,44.467822443615496]]}},{"type":"Feature","properties":{"building_uid":"twr0v4","street_name":"Strada Ion Nistor","highway":"service","lungime":27.1},"geometry":{"type":"LineString","coordinates":[[26.102060893144227,44.43457432816837],[26.101992228403986,44.43481281916714]]}},{"type":"Feature","properties":{"building_uid":"qv9onj","street_name":"Strada Ion Ghica","highway":"residential","lungime":60.7},"geometry":{"type":"LineString","coordinates":[[26.10222759167188,44.434380309413655],[26.1021262,44.4343475],[26.1019353,44.4342791],[26.1018634,44.434248],[26.1017807,44.4342059],[26.101711,44.4341629],[26.1016267,44.4341076],[26.10159484495238,44.43408370871428]]}},{"type":"Feature","properties":{"building_uid":"qv9onj","street_name":"Strada Ion Nistor","highway":"service","lungime":21.8},"geometry":{"type":"LineString","coordinates":[[26.1021262,44.4343475],[26.10207088620431,44.43453961959929]]}},{"type":"Feature","properties":{"building_uid":"qv9onj","street_name":"Strada Toma Caragiu","highway":"service","lungime":16.2},"geometry":{"type":"LineString","coordinates":[[26.1014286,44.4341495],[26.1014028,44.4342219],[26.1013795,44.4342913]]}},{"type":"Feature","properties":{"building_uid":"qv9onj","street_name":"Strada Toma Caragiu","highway":"service","lungime":0.5},"geometry":{"type":"LineString","coordinates":[[26.10143015654186,44.43414496445855],[26.1014286,44.4341495]]}},{"type":"Feature","properties":{"building_uid":"qv9onj","street_name":"","highway":"service","lungime":22.3},"geometry":{"type":"LineString","coordinates":[[26.1013795,44.4342913],[26.101308795058596,44.43448588467345]]}},{"type":"Feature","properties":{"building_uid":"9k0sj3","street_name":"Strada Ion Oteteleșanu","highway":"residential","lungime":29.6},"geometry":{"type":"LineString","coordinates":[[26.096189856805953,44.436140449144084],[26.096133056062037,44.43587704349649]]}},{"type":"Feature","properties":{"building_uid":"becdu0","street_name":"Strada Ion G. Racoțeanu","highway":"residential","lungime":11.2},"geometry":{"type":"LineString","coordinates":[[26.121910669146025,44.42692287231574],[26.1218978634836,44.427023634486076]]}},{"type":"Feature","properties":{"building_uid":"g5feij","street_name":"Strada Doctor Ion Radovici","highway":"residential","lungime":10.2},"geometry":{"type":"LineString","coordinates":[[26.06714368299117,44.43492309276415],[26.067270790102054,44.4349323777057]]}},{"type":"Feature","properties":{"building_uid":"cksddh","street_name":"Strada Irimicului","highway":"residential","lungime":17},"geometry":{"type":"LineString","coordinates":[[26.123974544043413,44.45249436409653],[26.1241232,44.4524633],[26.12417937020382,44.452451569818635]]}},{"type":"Feature","properties":{"building_uid":"cksddh","street_name":"","highway":"service","lungime":43.4},"geometry":{"type":"LineString","coordinates":[[26.1239725,44.4529518],[26.12375109670116,44.45259462386478]]}},{"type":"Feature","properties":{"building_uid":"cksddh","street_name":"","highway":"service","lungime":48.4},"geometry":{"type":"LineString","coordinates":[[26.12454584478945,44.45286312732461],[26.1244435,44.4529004],[26.124003180757466,44.45306075611831]]}},{"type":"Feature","properties":{"building_uid":"cksddh","street_name":"","highway":"footway","lungime":54.8},"geometry":{"type":"LineString","coordinates":[[26.1244435,44.4529004],[26.1241232,44.4524633]]}},{"type":"Feature","properties":{"building_uid":"p5laj8","street_name":"","highway":"footway","lungime":20.6},"geometry":{"type":"LineString","coordinates":[[26.10952558446884,44.436933398284886],[26.109775995485045,44.43698036974943]]}},{"type":"Feature","properties":{"building_uid":"uym9aw","street_name":"Strada Italiană","highway":"residential","lungime":0.9},"geometry":{"type":"LineString","coordinates":[[26.106049881563557,44.438375211203144],[26.1060391,44.4383764]]}},{"type":"Feature","properties":{"building_uid":"uym9aw","street_name":"Strada Dianei","highway":"residential","lungime":10.6},"geometry":{"type":"LineString","coordinates":[[26.1060391,44.4383764],[26.1060739,44.438344],[26.1061035,44.4383066],[26.106109111907475,44.43829567795503]]}},{"type":"Feature","properties":{"building_uid":"uym9aw","street_name":"Strada Italiană","highway":"residential","lungime":10.4},"geometry":{"type":"LineString","coordinates":[[26.1060391,44.4383764],[26.10591719463357,44.438410010552474]]}},{"type":"Feature","properties":{"building_uid":"scitho","street_name":"","highway":"service","lungime":23.3},"geometry":{"type":"LineString","coordinates":[[26.02689302214365,44.43354979069608],[26.0268923,44.4335664],[26.0268838,44.4337597]]}},{"type":"Feature","properties":{"building_uid":"scitho","street_name":"","highway":"service","lungime":23.4},"geometry":{"type":"LineString","coordinates":[[26.027287998601405,44.43356277062908],[26.0272878,44.4335728],[26.0272838,44.4337738]]}},{"type":"Feature","properties":{"building_uid":"scitho","street_name":"","highway":"service","lungime":22.1},"geometry":{"type":"LineString","coordinates":[[26.026523089903428,44.433558703026854],[26.0265174,44.4337579]]}},{"type":"Feature","properties":{"building_uid":"scitho","street_name":"","highway":"service","lungime":72.1},"geometry":{"type":"LineString","coordinates":[[26.026160003616884,44.43351234305089],[26.0261607,44.4336017],[26.0261591,44.4337411],[26.0257721,44.4337428],[26.025775394341576,44.433599546055774]]}},{"type":"Feature","properties":{"building_uid":"scitho","street_name":"","highway":"service","lungime":20},"geometry":{"type":"LineString","coordinates":[[26.025403084393236,44.43349494606346],[26.0254002,44.4336748]]}},{"type":"Feature","properties":{"building_uid":"scitho","street_name":"","highway":"service","lungime":242.8},"geometry":{"type":"LineString","coordinates":[[26.024761639113358,44.43395808196571],[26.0247699,44.4339582],[26.0249605,44.4339609],[26.0265125,44.4339831],[26.0277288,44.4340005],[26.027811766373468,44.43400168578035]]}},{"type":"Feature","properties":{"building_uid":"scitho","street_name":"","highway":"footway","lungime":33.1},"geometry":{"type":"LineString","coordinates":[[26.0268838,44.4337597],[26.0265174,44.4337579],[26.0265143,44.4337931]]}},{"type":"Feature","properties":{"building_uid":"scitho","street_name":"","highway":"footway","lungime":13.3},"geometry":{"type":"LineString","coordinates":[[26.0265143,44.4337931],[26.0265131,44.4339129]]}},{"type":"Feature","properties":{"building_uid":"scitho","street_name":"","highway":"footway","lungime":7.8},"geometry":{"type":"LineString","coordinates":[[26.026513099987092,44.43391290151001],[26.0265125,44.4339831]]}},{"type":"Feature","properties":{"building_uid":"scitho","street_name":"","highway":"footway","lungime":36},"geometry":{"type":"LineString","coordinates":[[26.0272838,44.4337738],[26.0277366,44.4337771]]}},{"type":"Feature","properties":{"building_uid":"scitho","street_name":"","highway":"service","lungime":5.2},"geometry":{"type":"LineString","coordinates":[[26.027083434112154,44.433522540566955],[26.0270819,44.4335695]]}},{"type":"Feature","properties":{"building_uid":"9x7kz4","street_name":"","highway":"service","lungime":2.7},"geometry":{"type":"LineString","coordinates":[[26.032585371352653,44.43492021567568],[26.0325859,44.4348958]]}},{"type":"Feature","properties":{"building_uid":"9x7kz4","street_name":"Strada Valea Ursului","highway":"service","lungime":107.5},"geometry":{"type":"LineString","coordinates":[[26.0338929,44.434907],[26.0332774,44.4349017],[26.0325859,44.4348958],[26.032541773725338,44.43489543043321]]}},{"type":"Feature","properties":{"building_uid":"9x7kz4","street_name":"","highway":"service","lungime":27.6},"geometry":{"type":"LineString","coordinates":[[26.0341248,44.434909],[26.0341536,44.4348965],[26.0341799,44.4348772],[26.0341896,44.4348439],[26.034192472154285,44.434680997300525]]}},{"type":"Feature","properties":{"building_uid":"9x7kz4","street_name":"","highway":"service","lungime":5},"geometry":{"type":"LineString","coordinates":[[26.033891725569248,44.43495164490988],[26.0338929,44.434907]]}},{"type":"Feature","properties":{"building_uid":"9x7kz4","street_name":"","highway":"service","lungime":4.7},"geometry":{"type":"LineString","coordinates":[[26.0332774,44.4349017],[26.033276463158064,44.43494398511253]]}},{"type":"Feature","properties":{"building_uid":"9x7kz4","street_name":"","highway":"service","lungime":18.5},"geometry":{"type":"LineString","coordinates":[[26.0338929,44.434907],[26.0341248,44.434909]]}},{"type":"Feature","properties":{"building_uid":"d0ldzy","street_name":"","highway":"service","lungime":42},"geometry":{"type":"LineString","coordinates":[[26.021167227178257,44.434760997239266],[26.0210999,44.434774],[26.0209448,44.4348046],[26.0208596,44.4348033],[26.02064810042203,44.434800859922994]]}},{"type":"Feature","properties":{"building_uid":"d0ldzy","street_name":"","highway":"footway","lungime":20.2},"geometry":{"type":"LineString","coordinates":[[26.021100903187843,44.43429628403826],[26.0208466,44.4342923]]}},{"type":"Feature","properties":{"building_uid":"d0ldzy","street_name":"","highway":"service","lungime":4.2},"geometry":{"type":"LineString","coordinates":[[26.02112728968096,44.43480657057899],[26.0210999,44.434774]]}},{"type":"Feature","properties":{"building_uid":"d0ldzy","street_name":"","highway":"service","lungime":7.7},"geometry":{"type":"LineString","coordinates":[[26.020995139887926,44.434863693450446],[26.0209448,44.4348046]]}},{"type":"Feature","properties":{"building_uid":"d0ldzy","street_name":"","highway":"footway","lungime":26.2},"geometry":{"type":"LineString","coordinates":[[26.021183088628003,44.434460331353215],[26.0211584,44.4344599],[26.0211365,44.4344764],[26.0211337,44.4346355],[26.02117829467952,44.434653535521356]]}},{"type":"Feature","properties":{"building_uid":"d0ldzy","street_name":"","highway":"footway","lungime":7.1},"geometry":{"type":"LineString","coordinates":[[26.02084431951717,44.434865896363874],[26.0208596,44.4348033]]}},{"type":"Feature","properties":{"building_uid":"d0ldzy","street_name":"","highway":"pedestrian","lungime":37.6},"geometry":{"type":"LineString","coordinates":[[26.020704019271005,44.43434688068347],[26.0208776,44.4343502],[26.0210783,44.4343541],[26.021175624348288,44.43435604002023]]}},{"type":"Feature","properties":{"building_uid":"qo1lpo","street_name":"Strada Doctor Emanoil Bacaloglu","highway":"residential","lungime":21.5},"geometry":{"type":"LineString","coordinates":[[26.105572245006258,44.43871597819889],[26.1055822,44.438548],[26.10558372087853,44.43852279687006]]}},{"type":"Feature","properties":{"building_uid":"qo1lpo","street_name":"Strada Jean Louis Calderon","highway":"tertiary","lungime":19.7},"geometry":{"type":"LineString","coordinates":[[26.10529440034696,44.438496863483174],[26.105228494963583,44.43866765885903]]}},{"type":"Feature","properties":{"building_uid":"725kl3","street_name":"","highway":"path","lungime":20.7},"geometry":{"type":"LineString","coordinates":[[26.09477311229055,44.447765980680785],[26.094985121804697,44.447657759460604]]}},{"type":"Feature","properties":{"building_uid":"cazjkh","street_name":"Strada Viișoarei","highway":"residential","lungime":36.5},"geometry":{"type":"LineString","coordinates":[[26.09296927088598,44.44925242313377],[26.0926341,44.4491958],[26.092522824267345,44.4491769315062]]}},{"type":"Feature","properties":{"building_uid":"xfxo84","street_name":"Strada Puțul de Piatră","highway":"residential","lungime":11.8},"geometry":{"type":"LineString","coordinates":[[26.08894347559329,44.4506782408877],[26.0889359,44.4506582],[26.0889317,44.4506218],[26.0889371,44.4505847],[26.08894098782262,44.45057295006578]]}},{"type":"Feature","properties":{"building_uid":"fua0a5","street_name":"Strada Latină","highway":"residential","lungime":8.5},"geometry":{"type":"LineString","coordinates":[[26.113794085417563,44.438331026355584],[26.1137729,44.4383663],[26.11374588032857,44.43839957351121]]}},{"type":"Feature","properties":{"building_uid":"ya6147","street_name":"Strada Lipscani","highway":"residential","lungime":25},"geometry":{"type":"LineString","coordinates":[[26.09422974863242,44.433208752554926],[26.094542509970317,44.43318407890665]]}},{"type":"Feature","properties":{"building_uid":"ya6147","street_name":"Strada Ion Brezoianu","highway":"residential","lungime":17.6},"geometry":{"type":"LineString","coordinates":[[26.094712120188245,44.43319772398594],[26.094712238452598,44.433356032646486]]}},{"type":"Feature","properties":{"building_uid":"udyvr1","street_name":"Strada Lipscani","highway":"pedestrian","lungime":6.7},"geometry":{"type":"LineString","coordinates":[[26.09803974626678,44.43254521077426],[26.098017,44.4325532],[26.097964351912992,44.43257232038539]]}},{"type":"Feature","properties":{"building_uid":"udyvr1","street_name":"","highway":"pedestrian","lungime":6.1},"geometry":{"type":"LineString","coordinates":[[26.097828670852458,44.432681955128125],[26.0978878,44.4326573],[26.097890592138924,44.432662884277846]]}},{"type":"Feature","properties":{"building_uid":"udyvr1","street_name":"","highway":"pedestrian","lungime":1.1},"geometry":{"type":"LineString","coordinates":[[26.098006545402956,44.43261403980326],[26.0979988,44.4326055],[26.097998808947782,44.43260549624513]]}},{"type":"Feature","properties":{"building_uid":"udyvr1","street_name":"","highway":"pedestrian","lungime":4.7},"geometry":{"type":"LineString","coordinates":[[26.09804356104379,44.4325867163477],[26.0980436,44.4325867],[26.098096807980625,44.432569017238635]]}},{"type":"Feature","properties":{"building_uid":"hjwr2r","street_name":"","highway":"pedestrian","lungime":12.8},"geometry":{"type":"LineString","coordinates":[[26.100367664339824,44.43190092813712],[26.1003277,44.4319071],[26.1002469,44.4319151],[26.1002183,44.4319183],[26.10020956260463,44.431919273583645]]}},{"type":"Feature","properties":{"building_uid":"y4va5y","street_name":"","highway":"pedestrian","lungime":12.4},"geometry":{"type":"LineString","coordinates":[[26.100579839990317,44.43196594464175],[26.1006017,44.4319634],[26.1006762,44.431953],[26.100732439097,44.431945340979006]]}},{"type":"Feature","properties":{"building_uid":"9sa0sa","street_name":"","highway":"pedestrian","lungime":1.2},"geometry":{"type":"LineString","coordinates":[[26.10129891598272,44.431537413291636],[26.1013133,44.4315353]]}},{"type":"Feature","properties":{"building_uid":"9sa0sa","street_name":"","highway":"pedestrian","lungime":1.2},"geometry":{"type":"LineString","coordinates":[[26.1013564,44.4315311],[26.101370955107193,44.431529834338505]]}},{"type":"Feature","properties":{"building_uid":"9sa0sa","street_name":"","highway":"pedestrian","lungime":1.2},"geometry":{"type":"LineString","coordinates":[[26.101418682735186,44.43176318022041],[26.1014042,44.4317648]]}},{"type":"Feature","properties":{"building_uid":"9sa0sa","street_name":"","highway":"pedestrian","lungime":1.2},"geometry":{"type":"LineString","coordinates":[[26.1013603,44.4317697],[26.101345862425788,44.431771335985744]]}},{"type":"Feature","properties":{"building_uid":"qs700e","street_name":"Strada Lipscani","highway":"pedestrian","lungime":5.1},"geometry":{"type":"LineString","coordinates":[[26.101477505407836,44.431802580161744],[26.1014442,44.4318055],[26.101413508947243,44.43180897583947]]}},{"type":"Feature","properties":{"building_uid":"qs700e","street_name":"","highway":"pedestrian","lungime":12.2},"geometry":{"type":"LineString","coordinates":[[26.101329679625454,44.4315337038416],[26.1013564,44.4315311],[26.1013863,44.4315285],[26.1014519,44.431522],[26.1014507,44.4315155],[26.10147157390142,44.43151332330975]]}},{"type":"Feature","properties":{"building_uid":"qs700e","street_name":"","highway":"pedestrian","lungime":5.2},"geometry":{"type":"LineString","coordinates":[[26.10151862571522,44.431758517733996],[26.1014939,44.4317598],[26.1014932,44.4317548],[26.10145970898876,44.43175857202515]]}},{"type":"Feature","properties":{"building_uid":"qs700e","street_name":"","highway":"pedestrian","lungime":4.7},"geometry":{"type":"LineString","coordinates":[[26.101425626288147,44.43176240363883],[26.1014042,44.4317648],[26.101367654112636,44.431768879153715]]}},{"type":"Feature","properties":{"building_uid":"ntclpx","street_name":"","highway":"pedestrian","lungime":15.3},"geometry":{"type":"LineString","coordinates":[[26.101359507974347,44.43153082974136],[26.1013863,44.4315285],[26.1014519,44.431522],[26.1014507,44.4315155],[26.101539206728745,44.431506270688715]]}},{"type":"Feature","properties":{"building_uid":"ntclpx","street_name":"","highway":"pedestrian","lungime":7.6},"geometry":{"type":"LineString","coordinates":[[26.101582427210452,44.43175520901318],[26.1014939,44.4317598],[26.10149320179277,44.431754812805515]]}},{"type":"Feature","properties":{"building_uid":"ntclpx","street_name":"","highway":"pedestrian","lungime":4.6},"geometry":{"type":"LineString","coordinates":[[26.101458872495737,44.431758666237684],[26.1014346,44.4317614],[26.1014042,44.4317648],[26.101401212668012,44.43176513343797]]}},{"type":"Feature","properties":{"building_uid":"6rttr8","street_name":"Strada Lipscani","highway":"pedestrian","lungime":10.4},"geometry":{"type":"LineString","coordinates":[[26.10179060796624,44.431784414799466],[26.101659933145047,44.43178953987]]}},{"type":"Feature","properties":{"building_uid":"6rttr8","street_name":"Strada Gabroveni","highway":"pedestrian","lungime":5.8},"geometry":{"type":"LineString","coordinates":[[26.101722446747893,44.431441987726316],[26.101650952379522,44.4314496463706]]}},{"type":"Feature","properties":{"building_uid":"6rttr8","street_name":"","highway":"pedestrian","lungime":6.5},"geometry":{"type":"LineString","coordinates":[[26.101602516295323,44.43149966888899],[26.1016751,44.4314921],[26.1016754,44.4314982]]}},{"type":"Feature","properties":{"building_uid":"6rttr8","street_name":"","highway":"pedestrian","lungime":5.8},"geometry":{"type":"LineString","coordinates":[[26.1017222,44.4314935],[26.1017697,44.4314889],[26.101793662950325,44.431485677660895]]}},{"type":"Feature","properties":{"building_uid":"6rttr8","street_name":"","highway":"pedestrian","lungime":5.8},"geometry":{"type":"LineString","coordinates":[[26.101819092035015,44.43174187263643],[26.1017959,44.4317427],[26.1017463,44.4317439]]}},{"type":"Feature","properties":{"building_uid":"6rttr8","street_name":"","highway":"pedestrian","lungime":5.9},"geometry":{"type":"LineString","coordinates":[[26.1016951,44.4317445],[26.1016848,44.4317499],[26.101623989541206,44.43175305360682]]}},{"type":"Feature","properties":{"building_uid":"a6w5i3","street_name":"","highway":"pedestrian","lungime":8.5},"geometry":{"type":"LineString","coordinates":[[26.101765587741674,44.431489298239754],[26.1017697,44.4314889],[26.1018634,44.4314763],[26.101870525476723,44.4314754444203]]}},{"type":"Feature","properties":{"building_uid":"a6w5i3","street_name":"","highway":"pedestrian","lungime":2.3},"geometry":{"type":"LineString","coordinates":[[26.1018895204719,44.431473163628034],[26.101918339601422,44.431469703219264]]}},{"type":"Feature","properties":{"building_uid":"a6w5i3","street_name":"","highway":"pedestrian","lungime":2.3},"geometry":{"type":"LineString","coordinates":[[26.1019409049391,44.43173758616449],[26.101911620084703,44.43173859957116]]}},{"type":"Feature","properties":{"building_uid":"a6w5i3","street_name":"","highway":"pedestrian","lungime":2.3},"geometry":{"type":"LineString","coordinates":[[26.101818547370787,44.43174189206704],[26.1017959,44.4317427],[26.101789263317386,44.4317428605649]]}},{"type":"Feature","properties":{"building_uid":"0dugce","street_name":"","highway":"pedestrian","lungime":4.1},"geometry":{"type":"LineString","coordinates":[[26.102066082184347,44.431441396651124],[26.1021066,44.431418]]}},{"type":"Feature","properties":{"building_uid":"0dugce","street_name":"","highway":"pedestrian","lungime":3.5},"geometry":{"type":"LineString","coordinates":[[26.1021731,44.4313863],[26.10220926179461,44.431368851301904]]}},{"type":"Feature","properties":{"building_uid":"0dugce","street_name":"","highway":"pedestrian","lungime":3.5},"geometry":{"type":"LineString","coordinates":[[26.102268872705064,44.431726466182084],[26.1022251,44.4317281]]}},{"type":"Feature","properties":{"building_uid":"0dugce","street_name":"","highway":"pedestrian","lungime":3.5},"geometry":{"type":"LineString","coordinates":[[26.1021415,44.4317305],[26.10209757238345,44.43173192100588]]}},{"type":"Feature","properties":{"building_uid":"seoab6","street_name":"","highway":"footway","lungime":13.5},"geometry":{"type":"LineString","coordinates":[[26.09050703979796,44.42109860821914],[26.090343686489412,44.42106487220977]]}},{"type":"Feature","properties":{"building_uid":"mqjwot","street_name":"Strada Lizeanu","highway":"tertiary","lungime":14.5},"geometry":{"type":"LineString","coordinates":[[26.120230132131603,44.45275801655733],[26.120169450722074,44.452635111598426]]}},{"type":"Feature","properties":{"building_uid":"jqqshn","street_name":"Strada Armașul Marcu","highway":"residential","lungime":30.1},"geometry":{"type":"LineString","coordinates":[[26.177690250911862,44.44018851542955],[26.17805863307505,44.44012899552637]]}},{"type":"Feature","properties":{"building_uid":"jqqshn","street_name":"Strada Logofătul Dan","highway":"residential","lungime":50.7},"geometry":{"type":"LineString","coordinates":[[26.17813568859625,44.440171069014006],[26.17827806651287,44.4406162544921]]}},{"type":"Feature","properties":{"building_uid":"xl747r","street_name":"Strada Logofătul Luca Stroici","highway":"residential","lungime":19.1},"geometry":{"type":"LineString","coordinates":[[26.109060866495184,44.44018175734011],[26.10926911488865,44.44026664203901]]}},{"type":"Feature","properties":{"building_uid":"say7iz","street_name":"Strada Logofătul Luca Stroici","highway":"residential","lungime":26.7},"geometry":{"type":"LineString","coordinates":[[26.109953978633584,44.440545801228716],[26.1100499,44.4405849],[26.110245276098123,44.440664555034346]]}},{"type":"Feature","properties":{"building_uid":"lcrayb","street_name":"Strada Logofăt Luca Stroici","highway":"residential","lungime":17.9},"geometry":{"type":"LineString","coordinates":[[26.110422299323353,44.44082970451242],[26.110532822870642,44.4409703576768]]}},{"type":"Feature","properties":{"building_uid":"fkratv","street_name":"","highway":"footway","lungime":3.5},"geometry":{"type":"LineString","coordinates":[[26.056475199982888,44.46891583880999],[26.05651372278816,44.46890029582485]]}},{"type":"Feature","properties":{"building_uid":"fkratv","street_name":"","highway":"footway","lungime":1.2},"geometry":{"type":"LineString","coordinates":[[26.05652344666423,44.46889637248489],[26.05653623419395,44.46889121303757]]}},{"type":"Feature","properties":{"building_uid":"fkratv","street_name":"","highway":"footway","lungime":3.5},"geometry":{"type":"LineString","coordinates":[[26.05668054822941,44.46883298594605],[26.056718963965764,44.46881748616053]]}},{"type":"Feature","properties":{"building_uid":"okevms","street_name":"","highway":"living_street","lungime":20.8},"geometry":{"type":"LineString","coordinates":[[26.073851514010045,44.43221049499162],[26.0739067,44.43207],[26.073922189115088,44.43203003609729]]}},{"type":"Feature","properties":{"building_uid":"5cpjdq","street_name":"Strada Luceafărului","highway":"residential","lungime":8.5},"geometry":{"type":"LineString","coordinates":[[26.078071278552663,44.42330160176114],[26.078030925269033,44.42323114100005]]}},{"type":"Feature","properties":{"building_uid":"169yhh","street_name":"Strada Serghei Vasilievici Rahmaninov","highway":"residential","lungime":16.9},"geometry":{"type":"LineString","coordinates":[[26.102998890150182,44.46251136132189],[26.10302950238558,44.46266197231007]]}},{"type":"Feature","properties":{"building_uid":"qpz6qg","street_name":"Strada General Nicolae Dona","highway":"residential","lungime":6.2},"geometry":{"type":"LineString","coordinates":[[26.087678987671563,44.44142124003714],[26.0876508,44.4413695]]}},{"type":"Feature","properties":{"building_uid":"qpz6qg","street_name":"Strada Luigi Cazzavillan","highway":"residential","lungime":25.2},"geometry":{"type":"LineString","coordinates":[[26.087580967491196,44.44149626992619],[26.0876508,44.4413695],[26.0876950330787,44.441284837670004]]}},{"type":"Feature","properties":{"building_uid":"n93v9l","street_name":"Strada Lunei","highway":"residential","lungime":13.4},"geometry":{"type":"LineString","coordinates":[[26.115482363487555,44.43729912542311],[26.11549343558009,44.43741962202506]]}},{"type":"Feature","properties":{"building_uid":"altqxi","street_name":"Strada Ilarie Chendi","highway":"residential","lungime":7},"geometry":{"type":"LineString","coordinates":[[26.132625863670043,44.439952511482254],[26.1327102,44.4399717]]}},{"type":"Feature","properties":{"building_uid":"altqxi","street_name":"Aleea Lungulețu","highway":"residential","lungime":162.4},"geometry":{"type":"LineString","coordinates":[[26.133891641902782,44.4387959031307],[26.1337585,44.4389892],[26.1334084,44.4394974],[26.1333159,44.4396332],[26.1329883,44.4401072]]}},{"type":"Feature","properties":{"building_uid":"altqxi","street_name":"","highway":"footway","lungime":5.9},"geometry":{"type":"LineString","coordinates":[[26.1326833,44.4400093],[26.1327508,44.4400316]]}},{"type":"Feature","properties":{"building_uid":"altqxi","street_name":"Aleea Lungulețu","highway":"residential","lungime":3.4},"geometry":{"type":"LineString","coordinates":[[26.1329883,44.4401072],[26.13302647183105,44.44012126962989]]}},{"type":"Feature","properties":{"building_uid":"altqxi","street_name":"","highway":"service","lungime":3},"geometry":{"type":"LineString","coordinates":[[26.13264121943556,44.440668729498036],[26.1326247,44.4406711],[26.1326056,44.440666]]}},{"type":"Feature","properties":{"building_uid":"altqxi","street_name":"","highway":"footway","lungime":6},"geometry":{"type":"LineString","coordinates":[[26.1331174,44.4393905],[26.1331858,44.4394134]]}},{"type":"Feature","properties":{"building_uid":"altqxi","street_name":"Strada Ilarie Chendi","highway":"residential","lungime":159.9},"geometry":{"type":"LineString","coordinates":[[26.1327102,44.4399717],[26.1331174,44.4393905],[26.13360672534476,44.43868356811517]]}},{"type":"Feature","properties":{"building_uid":"altqxi","street_name":"","highway":"footway","lungime":11.3},"geometry":{"type":"LineString","coordinates":[[26.1331858,44.4394134],[26.1333078,44.4394652]]}},{"type":"Feature","properties":{"building_uid":"altqxi","street_name":"","highway":"footway","lungime":9.4},"geometry":{"type":"LineString","coordinates":[[26.1328821,44.4400698],[26.1329883,44.4401072]]}},{"type":"Feature","properties":{"building_uid":"altqxi","street_name":"","highway":"footway","lungime":11.3},"geometry":{"type":"LineString","coordinates":[[26.1327508,44.4400316],[26.1328821,44.4400698]]}},{"type":"Feature","properties":{"building_uid":"altqxi","street_name":"","highway":"footway","lungime":8.8},"geometry":{"type":"LineString","coordinates":[[26.1333078,44.4394652],[26.1334084,44.4394974]]}},{"type":"Feature","properties":{"building_uid":"altqxi","street_name":"Aleea Lungulețu","highway":"residential","lungime":3.8},"geometry":{"type":"LineString","coordinates":[[26.1333159,44.4396332],[26.133359349254356,44.439648425807086]]}},{"type":"Feature","properties":{"building_uid":"altqxi","street_name":"Strada Ilarie Chendi","highway":"residential","lungime":72.7},"geometry":{"type":"LineString","coordinates":[[26.1323112,44.4405609],[26.1326833,44.4400093],[26.1327102,44.4399717]]}},{"type":"Feature","properties":{"building_uid":"altqxi","street_name":"Aleea Lungulețu","highway":"residential","lungime":69.7},"geometry":{"type":"LineString","coordinates":[[26.1329883,44.4401072],[26.1326079,44.4406332],[26.1325984,44.4406525],[26.1326056,44.440666]]}},{"type":"Feature","properties":{"building_uid":"utrs8b","street_name":"Strada Luntrei","highway":"residential","lungime":72.7},"geometry":{"type":"LineString","coordinates":[[26.1300471,44.4626722],[26.12945653845552,44.4621730121198]]}},{"type":"Feature","properties":{"building_uid":"utrs8b","street_name":"","highway":"service","lungime":33.9},"geometry":{"type":"LineString","coordinates":[[26.13009960782211,44.46319296592388],[26.130410802142105,44.46298426919499]]}},{"type":"Feature","properties":{"building_uid":"utrs8b","street_name":"","highway":"service","lungime":94.9},"geometry":{"type":"LineString","coordinates":[[26.1298663,44.4630561],[26.129120134506252,44.46238938942267]]}},{"type":"Feature","properties":{"building_uid":"utrs8b","street_name":"","highway":"footway","lungime":18.5},"geometry":{"type":"LineString","coordinates":[[26.130016000742224,44.463183936964384],[26.1298663,44.4630561]]}},{"type":"Feature","properties":{"building_uid":"utrs8b","street_name":"Strada Luntrei","highway":"residential","lungime":45},"geometry":{"type":"LineString","coordinates":[[26.130410550437407,44.462982533057875],[26.1300471,44.4626722]]}},{"type":"Feature","properties":{"building_uid":"utrs8b","street_name":"Strada Luntrei","highway":"residential","lungime":3.4},"geometry":{"type":"LineString","coordinates":[[26.130074427144315,44.46264816758119],[26.1300471,44.4626722]]}},{"type":"Feature","properties":{"building_uid":"kmghsv","street_name":"Strada Luntrei","highway":"residential","lungime":32.8},"geometry":{"type":"LineString","coordinates":[[26.12996245426577,44.462600650937866],[26.12969576700925,44.46237522642877]]}},{"type":"Feature","properties":{"building_uid":"kmghsv","street_name":"Strada Luntrei","highway":"residential","lungime":0.1},"geometry":{"type":"LineString","coordinates":[[26.130577789789186,44.46220542899708],[26.1305771,44.4622061]]}},{"type":"Feature","properties":{"building_uid":"kmghsv","street_name":"","highway":"service","lungime":30},"geometry":{"type":"LineString","coordinates":[[26.1305771,44.4622061],[26.13031917215265,44.46200920960338]]}},{"type":"Feature","properties":{"building_uid":"kmghsv","street_name":"Strada Luntrei","highway":"residential","lungime":27.8},"geometry":{"type":"LineString","coordinates":[[26.1305771,44.4622061],[26.13035645877843,44.462400139383725]]}},{"type":"Feature","properties":{"building_uid":"lwqo9v","street_name":"Strada Sfânta Treime","highway":"residential","lungime":8.3},"geometry":{"type":"LineString","coordinates":[[26.120040104000118,44.45978803978785],[26.11994580673322,44.45975559920151]]}},{"type":"Feature","properties":{"building_uid":"e0xjly","street_name":"Strada Maior Câmpeanu Alexandru","highway":"residential","lungime":0.5},"geometry":{"type":"LineString","coordinates":[[26.0756830004292,44.45614488140128],[26.075679499651287,44.45614139949912]]}},{"type":"Feature","properties":{"building_uid":"0nrvn2","street_name":"Strada Frosa Sarandy","highway":"residential","lungime":19.1},"geometry":{"type":"LineString","coordinates":[[26.07537172411517,44.456104193660195],[26.0754716,44.4560364],[26.0755311,44.4559938],[26.07554347385756,44.455984559421985]]}},{"type":"Feature","properties":{"building_uid":"0nrvn2","street_name":"Strada Maior Câmpeanu Alexandru","highway":"residential","lungime":12.8},"geometry":{"type":"LineString","coordinates":[[26.07554134574627,44.4560039905025],[26.0755311,44.4559938],[26.07549,44.4559519],[26.07544766655723,44.45591055420709]]}},{"type":"Feature","properties":{"building_uid":"d7ifbu","street_name":"Strada Maltopol","highway":"tertiary","lungime":17.1},"geometry":{"type":"LineString","coordinates":[[26.078140190996827,44.451418601327084],[26.078184755011744,44.45126791706835]]}},{"type":"Feature","properties":{"building_uid":"jj2gr8","street_name":"Strada Mântuleasa","highway":"tertiary","lungime":21.7},"geometry":{"type":"LineString","coordinates":[[26.114130527113407,44.43697461078261],[26.114124,44.4368741],[26.11411837653725,44.436779059186755]]}},{"type":"Feature","properties":{"building_uid":"c62czo","street_name":"Strada Armașul Marcu","highway":"residential","lungime":27.7},"geometry":{"type":"LineString","coordinates":[[26.174004609931174,44.44078444803744],[26.17434444991207,44.440729519385556]]}},{"type":"Feature","properties":{"building_uid":"qxnht2","street_name":"Strada Armașul Marcu","highway":"residential","lungime":27.4},"geometry":{"type":"LineString","coordinates":[[26.17451550263656,44.4407018740612],[26.1748508189681,44.440647684301304]]}},{"type":"Feature","properties":{"building_uid":"qxnht2","street_name":"","highway":"service","lungime":57.4},"geometry":{"type":"LineString","coordinates":[[26.17509407967823,44.44118799044205],[26.174928136527548,44.44068481052332]]}},{"type":"Feature","properties":{"building_uid":"uevwt5","street_name":"Strada Armașul Marcu","highway":"residential","lungime":30.9},"geometry":{"type":"LineString","coordinates":[[26.175023282119117,44.440619554560556],[26.175402016868233,44.4405574640575]]}},{"type":"Feature","properties":{"building_uid":"0o6ced","street_name":"Strada Armașul Marcu","highway":"residential","lungime":30.2},"geometry":{"type":"LineString","coordinates":[[26.17555162616991,44.440532936820894],[26.1757873,44.4404943],[26.175922513085528,44.44047390049355]]}},{"type":"Feature","properties":{"building_uid":"0o6ced","street_name":"Strada Alexandru Ipsilanti","highway":"residential","lungime":2.7},"geometry":{"type":"LineString","coordinates":[[26.1757873,44.4404943],[26.175779930217345,44.4404707642425]]}},{"type":"Feature","properties":{"building_uid":"0o6ced","street_name":"Strada Armașul Marcu","highway":"service","lungime":5.7},"geometry":{"type":"LineString","coordinates":[[26.175908140904006,44.44115434060165],[26.175838523193683,44.441165237567915]]}},{"type":"Feature","properties":{"building_uid":"0o6ced","street_name":"","highway":"service","lungime":61.8},"geometry":{"type":"LineString","coordinates":[[26.175976613678074,44.440502563235036],[26.176146752576514,44.44104576361138]]}},{"type":"Feature","properties":{"building_uid":"0o6ced","street_name":"","highway":"service","lungime":40.2},"geometry":{"type":"LineString","coordinates":[[26.175686291837785,44.441128077951795],[26.1755752,44.4407754]]}},{"type":"Feature","properties":{"building_uid":"yk4l06","street_name":"Strada Armașul Marcu","highway":"residential","lungime":29.8},"geometry":{"type":"LineString","coordinates":[[26.17610184460143,44.440445372429714],[26.17646725609848,44.4403862939242]]}},{"type":"Feature","properties":{"building_uid":"05xpl6","street_name":"Strada Armașul Marcu","highway":"residential","lungime":30.8},"geometry":{"type":"LineString","coordinates":[[26.176635945683422,44.4403590155318],[26.177013977272534,44.44029787363892]]}},{"type":"Feature","properties":{"building_uid":"ms6qw1","street_name":"Strada Maria Rosetti","highway":"tertiary","lungime":3.1},"geometry":{"type":"LineString","coordinates":[[26.10709849857462,44.44221087401986],[26.1071264,44.4422186],[26.10713580336244,44.4422200389487]]}},{"type":"Feature","properties":{"building_uid":"ms6qw1","street_name":"Strada Schitul Dârvari","highway":"residential","lungime":17.4},"geometry":{"type":"LineString","coordinates":[[26.10721961494929,44.442262567247525],[26.1072239,44.4422775],[26.107261138067845,44.442416258249324]]}},{"type":"Feature","properties":{"building_uid":"ms6qw1","street_name":"Strada Sfântul Spiridon","highway":"residential","lungime":0.1},"geometry":{"type":"LineString","coordinates":[[26.107126341476274,44.44221771438077],[26.1071264,44.4422186]]}},{"type":"Feature","properties":{"building_uid":"pvqogy","street_name":"","highway":"service","lungime":16.8},"geometry":{"type":"LineString","coordinates":[[26.108274003119696,44.442160409375866],[26.1082756,44.4420096]]}},{"type":"Feature","properties":{"building_uid":"c329f0","street_name":"Strada Logofăt Luca Stroici","highway":"residential","lungime":27.1},"geometry":{"type":"LineString","coordinates":[[26.11110780242031,44.441664706299214],[26.11128681196652,44.441872555762046]]}},{"type":"Feature","properties":{"building_uid":"c329f0","street_name":"Strada Armenească","highway":"residential","lungime":29.7},"geometry":{"type":"LineString","coordinates":[[26.1115800700658,44.441567431498044],[26.111569245778863,44.4418350724005]]}},{"type":"Feature","properties":{"building_uid":"dwp3s2","street_name":"Strada Marin Serghiescu","highway":"residential","lungime":31.2},"geometry":{"type":"LineString","coordinates":[[26.1093456912492,44.43992519757423],[26.108989443684663,44.440043244104494]]}},{"type":"Feature","properties":{"building_uid":"kdx7fi","street_name":"","highway":"footway","lungime":11.1},"geometry":{"type":"LineString","coordinates":[[26.108886749502314,44.4397076819306],[26.108935779526675,44.439614151575114]]}},{"type":"Feature","properties":{"building_uid":"q3caab","street_name":"","highway":"service","lungime":53.1},"geometry":{"type":"LineString","coordinates":[[26.12802888394284,44.457088428254586],[26.1283849,44.4569531],[26.128291,44.4568313],[26.128320439089517,44.456785560951445]]}},{"type":"Feature","properties":{"building_uid":"q3caab","street_name":"","highway":"service","lungime":2.5},"geometry":{"type":"LineString","coordinates":[[26.1283849,44.4569531],[26.128412351940877,44.45696453242782]]}},{"type":"Feature","properties":{"building_uid":"q3caab","street_name":"","highway":"footway","lungime":2.3},"geometry":{"type":"LineString","coordinates":[[26.128413431371442,44.45695427031085],[26.1283849,44.4569531]]}},{"type":"Feature","properties":{"building_uid":"q3caab","street_name":"","highway":"service","lungime":25.7},"geometry":{"type":"LineString","coordinates":[[26.126983774554777,44.45562341944192],[26.12727045382662,44.45551636175006]]}},{"type":"Feature","properties":{"building_uid":"10qm75","street_name":"","highway":"service","lungime":22.2},"geometry":{"type":"LineString","coordinates":[[26.12816871308728,44.45703527662371],[26.1283849,44.4569531],[26.128368057989167,44.45693125381342]]}},{"type":"Feature","properties":{"building_uid":"10qm75","street_name":"","highway":"service","lungime":19},"geometry":{"type":"LineString","coordinates":[[26.1283849,44.4569531],[26.1285016,44.4570017],[26.128602979376343,44.457016946898314]]}},{"type":"Feature","properties":{"building_uid":"10qm75","street_name":"","highway":"footway","lungime":12.7},"geometry":{"type":"LineString","coordinates":[[26.128542337718745,44.456952241237325],[26.1285263,44.4569589],[26.1283849,44.4569531]]}},{"type":"Feature","properties":{"building_uid":"10qm75","street_name":"","highway":"service","lungime":0.3},"geometry":{"type":"LineString","coordinates":[[26.128524654227757,44.45747859924195],[26.1285218,44.4574773]]}},{"type":"Feature","properties":{"building_uid":"xabm5i","street_name":"","highway":"footway","lungime":17.3},"geometry":{"type":"LineString","coordinates":[[26.124658280449903,44.45200213014518],[26.12444703447022,44.45203820261644]]}},{"type":"Feature","properties":{"building_uid":"l09xwg","street_name":"Strada Baniței","highway":"residential","lungime":101.5},"geometry":{"type":"LineString","coordinates":[[26.12392578209324,44.45355926903813],[26.1248888,44.4532185],[26.12507050128239,44.45315693623217]]}},{"type":"Feature","properties":{"building_uid":"l09xwg","street_name":"","highway":"footway","lungime":5.1},"geometry":{"type":"LineString","coordinates":[[26.12486051319856,44.453177302922235],[26.1248888,44.4532185]]}},{"type":"Feature","properties":{"building_uid":"l09xwg","street_name":"Strada Mașina de Pâine","highway":"residential","lungime":20.7},"geometry":{"type":"LineString","coordinates":[[26.125210647271718,44.45340322022138],[26.1251524916819,44.45322157139549]]}},{"type":"Feature","properties":{"building_uid":"j6dzqi","street_name":"Strada Mătăsari","highway":"residential","lungime":13},"geometry":{"type":"LineString","coordinates":[[26.128766680696085,44.4399847465718],[26.12880045391941,44.439870414189556]]}},{"type":"Feature","properties":{"building_uid":"5z47v8","street_name":"Intrarea Tancu Ion","highway":"residential","lungime":49},"geometry":{"type":"LineString","coordinates":[[26.1328766,44.4379026],[26.13312988595262,44.43750006598068]]}},{"type":"Feature","properties":{"building_uid":"5z47v8","street_name":"","highway":"footway","lungime":39.2},"geometry":{"type":"LineString","coordinates":[[26.1328766,44.4379026],[26.132683449459893,44.438227468162644]]}},{"type":"Feature","properties":{"building_uid":"r6bb3i","street_name":"","highway":"service","lungime":77.6},"geometry":{"type":"LineString","coordinates":[[26.13368554769604,44.43742970066274],[26.1332457,44.4380531]]}},{"type":"Feature","properties":{"building_uid":"fnwz4g","street_name":"","highway":"service","lungime":40.6},"geometry":{"type":"LineString","coordinates":[[26.120787124617465,44.37617457859003],[26.1208087,44.3761792],[26.1211584,44.3763493],[26.12118763500915,44.37639031727954]]}},{"type":"Feature","properties":{"building_uid":"lgb2sf","street_name":"Șoseaua Mihai Bravu","highway":"primary","lungime":25.3},"geometry":{"type":"LineString","coordinates":[[26.127136091202505,44.44569793679826],[26.1269833,44.4458926],[26.126980527686133,44.44589618081991]]}},{"type":"Feature","properties":{"building_uid":"i5ovps","street_name":"","highway":"footway","lungime":35.3},"geometry":{"type":"LineString","coordinates":[[26.128029959410227,44.446019621843206],[26.1281183,44.4458973],[26.12823249804011,44.44573727979776]]}},{"type":"Feature","properties":{"building_uid":"i5ovps","street_name":"","highway":"footway","lungime":7.6},"geometry":{"type":"LineString","coordinates":[[26.1281183,44.4458973],[26.12817231618776,44.44595325236946]]}},{"type":"Feature","properties":{"building_uid":"i5ovps","street_name":"","highway":"service","lungime":34.1},"geometry":{"type":"LineString","coordinates":[[26.127650062008648,44.44588035842102],[26.12764,44.4458559],[26.1276505,44.4458165],[26.12776020445481,44.445588283226186]]}},{"type":"Feature","properties":{"building_uid":"mkwihq","street_name":"","highway":"service","lungime":32.2},"geometry":{"type":"LineString","coordinates":[[26.127311269016413,44.44521083290789],[26.126966239934436,44.445058574913]]}},{"type":"Feature","properties":{"building_uid":"mkwihq","street_name":"Strada Mihai Bravu","highway":"residential","lungime":26.5},"geometry":{"type":"LineString","coordinates":[[26.126271820984634,44.44594789494826],[26.1265219,44.4460502],[26.12656151618015,44.44606639602659]]}},{"type":"Feature","properties":{"building_uid":"mkwihq","street_name":"Șoseaua Mihai Bravu","highway":"primary","lungime":95.1},"geometry":{"type":"LineString","coordinates":[[26.126721847473917,44.445962230901],[26.1267295,44.4459521],[26.12716,44.4454033],[26.12731175439275,44.44521729107873]]}},{"type":"Feature","properties":{"building_uid":"mkwihq","street_name":"","highway":"service","lungime":32},"geometry":{"type":"LineString","coordinates":[[26.126544939402976,44.44551851704792],[26.1265462,44.4455212],[26.1265534,44.4455469],[26.1265523,44.4455762],[26.126544,44.4456025],[26.1264067,44.4457793]]}},{"type":"Feature","properties":{"building_uid":"feexds","street_name":"","highway":"service","lungime":5.8},"geometry":{"type":"LineString","coordinates":[[26.13071869145589,44.44357979966614],[26.1306948,44.4435693],[26.13065076067656,44.4435747603051]]}},{"type":"Feature","properties":{"building_uid":"feexds","street_name":"","highway":"service","lungime":9.1},"geometry":{"type":"LineString","coordinates":[[26.13058004293295,44.44358352838838],[26.1305714,44.4435846],[26.130519022395134,44.44365057740402]]}},{"type":"Feature","properties":{"building_uid":"feexds","street_name":"","highway":"footway","lungime":16.8},"geometry":{"type":"LineString","coordinates":[[26.1305714,44.4435846],[26.130581,44.4434742],[26.130606,44.4434375]]}},{"type":"Feature","properties":{"building_uid":"feexds","street_name":"","highway":"footway","lungime":14.8},"geometry":{"type":"LineString","coordinates":[[26.13068,44.4433504],[26.1307268,44.4432657],[26.13069637320099,44.4432295771403]]}},{"type":"Feature","properties":{"building_uid":"feexds","street_name":"","highway":"footway","lungime":11.3},"geometry":{"type":"LineString","coordinates":[[26.130606,44.4434375],[26.1306603,44.4433756],[26.13068,44.4433504]]}},{"type":"Feature","properties":{"building_uid":"5yedb2","street_name":"Șoseaua Mihai Bravu","highway":"primary","lungime":76.2},"geometry":{"type":"LineString","coordinates":[[26.127458459264336,44.44504095629035],[26.1274953,44.4449978],[26.1275958,44.4448833],[26.1278284,44.4446407],[26.128003407774575,44.44447775578448]]}},{"type":"Feature","properties":{"building_uid":"0vgtee","street_name":"","highway":"service","lungime":87.5},"geometry":{"type":"LineString","coordinates":[[26.13157979679386,44.44307487104668],[26.1315041,44.4430468],[26.1313818,44.443072],[26.1312486,44.4430997],[26.1310353,44.4433516],[26.130860453913677,44.44355832751398]]}},{"type":"Feature","properties":{"building_uid":"0vgtee","street_name":"","highway":"service","lungime":6.2},"geometry":{"type":"LineString","coordinates":[[26.131101182718176,44.44338186971601],[26.1310353,44.4433516]]}},{"type":"Feature","properties":{"building_uid":"0vgtee","street_name":"","highway":"footway","lungime":8.4},"geometry":{"type":"LineString","coordinates":[[26.1313818,44.443072],[26.1313664,44.4429971]]}},{"type":"Feature","properties":{"building_uid":"0vgtee","street_name":"","highway":"footway","lungime":11.7},"geometry":{"type":"LineString","coordinates":[[26.1314256,44.4429079],[26.13149876397522,44.442816690218564]]}},{"type":"Feature","properties":{"building_uid":"0vgtee","street_name":"","highway":"footway","lungime":11},"geometry":{"type":"LineString","coordinates":[[26.1313664,44.4429971],[26.1314045,44.4429434],[26.1314256,44.4429079]]}},{"type":"Feature","properties":{"building_uid":"0vgtee","street_name":"","highway":"footway","lungime":14.6},"geometry":{"type":"LineString","coordinates":[[26.13068,44.4433504],[26.1307268,44.4432657],[26.130697855566993,44.4432313370132]]}},{"type":"Feature","properties":{"building_uid":"0vgtee","street_name":"","highway":"footway","lungime":10.4},"geometry":{"type":"LineString","coordinates":[[26.13061200713814,44.443430652083784],[26.1306603,44.4433756],[26.13068,44.4433504]]}},{"type":"Feature","properties":{"building_uid":"65bby7","street_name":"","highway":"footway","lungime":69.4},"geometry":{"type":"LineString","coordinates":[[26.13338306404453,44.442195150142474],[26.1326947,44.4418892],[26.1326532,44.4418635],[26.13264890490889,44.44185994922866]]}},{"type":"Feature","properties":{"building_uid":"65bby7","street_name":"","highway":"service","lungime":67.3},"geometry":{"type":"LineString","coordinates":[[26.132294168134326,44.44266847127521],[26.1328245,44.4421962]]}},{"type":"Feature","properties":{"building_uid":"65bby7","street_name":"","highway":"footway","lungime":37.9},"geometry":{"type":"LineString","coordinates":[[26.133230685856642,44.44237487908605],[26.1328245,44.4421962]]}},{"type":"Feature","properties":{"building_uid":"65bby7","street_name":"","highway":"footway","lungime":14.6},"geometry":{"type":"LineString","coordinates":[[26.1321544,44.4424687],[26.1322062,44.4423921],[26.132181767677736,44.442348848808045]]}},{"type":"Feature","properties":{"building_uid":"65bby7","street_name":"","highway":"footway","lungime":10.7},"geometry":{"type":"LineString","coordinates":[[26.132092950109666,44.44255411830663],[26.1321544,44.4424687]]}},{"type":"Feature","properties":{"building_uid":"65bby7","street_name":"","highway":"footway","lungime":8},"geometry":{"type":"LineString","coordinates":[[26.1326947,44.4418892],[26.132768036381194,44.44184047925039]]}},{"type":"Feature","properties":{"building_uid":"2au6am","street_name":"Strada Fluierului","highway":"residential","lungime":31.2},"geometry":{"type":"LineString","coordinates":[[26.1306137,44.4418906],[26.1308668,44.4420085],[26.1309023,44.4420254],[26.13093716935006,44.44204905477878]]}},{"type":"Feature","properties":{"building_uid":"2au6am","street_name":"Strada Fluierului","highway":"residential","lungime":19.4},"geometry":{"type":"LineString","coordinates":[[26.130504324272326,44.44190159792273],[26.1305523,44.4419],[26.1306137,44.4418906],[26.1306557,44.4418692],[26.13070760389189,44.441824787391475]]}},{"type":"Feature","properties":{"building_uid":"2au6am","street_name":"","highway":"service","lungime":56.7},"geometry":{"type":"LineString","coordinates":[[26.1308668,44.4420085],[26.1305823,44.4422984],[26.130397,44.4422161]]}},{"type":"Feature","properties":{"building_uid":"2au6am","street_name":"","highway":"footway","lungime":10},"geometry":{"type":"LineString","coordinates":[[26.1303238719203,44.44228929510819],[26.130397,44.4422161]]}},{"type":"Feature","properties":{"building_uid":"55s4hv","street_name":"","highway":"service","lungime":90.3},"geometry":{"type":"LineString","coordinates":[[26.13699323541849,44.43763619962057],[26.1370372,44.4375586],[26.1371224,44.4373982],[26.1373868,44.4368974],[26.137407099936436,44.43688100091177]]}},{"type":"Feature","properties":{"building_uid":"55s4hv","street_name":"","highway":"residential","lungime":3.2},"geometry":{"type":"LineString","coordinates":[[26.1371224,44.4373982],[26.137159887789537,44.437407931672766]]}},{"type":"Feature","properties":{"building_uid":"55s4hv","street_name":"Strada Vatra Luminoasă","highway":"tertiary","lungime":22.4},"geometry":{"type":"LineString","coordinates":[[26.136694623321734,44.43757544411211],[26.1367133,44.4375805],[26.136959319691226,44.4376428177632]]}},{"type":"Feature","properties":{"building_uid":"55s4hv","street_name":"","highway":"footway","lungime":0.7},"geometry":{"type":"LineString","coordinates":[[26.13671024391936,44.43758658777766],[26.1367133,44.4375805]]}},{"type":"Feature","properties":{"building_uid":"d8lmtd","street_name":"Intrarea Mihai Eminescu","highway":"service","lungime":35.4},"geometry":{"type":"LineString","coordinates":[[26.10388437373553,44.44804422193689],[26.103892488148826,44.44836286354671]]}},{"type":"Feature","properties":{"building_uid":"pp6q8r","street_name":"Strada Mihai Eminescu","highway":"secondary","lungime":29.2},"geometry":{"type":"LineString","coordinates":[[26.10066866057961,44.447161846570076],[26.100315371377224,44.447090779278135]]}},{"type":"Feature","properties":{"building_uid":"5rgrs2","street_name":"Strada Mihai Eminescu","highway":"secondary","lungime":20.1},"geometry":{"type":"LineString","coordinates":[[26.100990614334794,44.44722661045574],[26.100747689848912,44.447177744016464]]}},{"type":"Feature","properties":{"building_uid":"ti8kom","street_name":"","highway":"service","lungime":3},"geometry":{"type":"LineString","coordinates":[[26.1063935,44.4484259],[26.106396274475983,44.44839892016578]]}},{"type":"Feature","properties":{"building_uid":"2hjo29","street_name":"Strada Mihai Eminescu","highway":"secondary","lungime":20.3},"geometry":{"type":"LineString","coordinates":[[26.112654254753686,44.44681594892151],[26.1126303,44.4468177],[26.112493,44.4468257],[26.112399736146497,44.44682892471629]]}},{"type":"Feature","properties":{"building_uid":"1sbi4s","street_name":"Strada Icoanei","highway":"residential","lungime":7.2},"geometry":{"type":"LineString","coordinates":[[26.11019526204535,44.44685154687097],[26.110189,44.4468375],[26.110159448071958,44.446792606312556]]}},{"type":"Feature","properties":{"building_uid":"qnaaho","street_name":"","highway":"footway","lungime":20.3},"geometry":{"type":"LineString","coordinates":[[26.086794202439364,44.434464604415375],[26.087048512404145,44.4344714197736]]}},{"type":"Feature","properties":{"building_uid":"pq9y6l","street_name":"","highway":"footway","lungime":27.2},"geometry":{"type":"LineString","coordinates":[[26.086539539052502,44.43445777958564],[26.08688088086443,44.434466927346435]]}},{"type":"Feature","properties":{"building_uid":"cs7qtz","street_name":"","highway":"footway","lungime":15},"geometry":{"type":"LineString","coordinates":[[26.08670552203945,44.43459163770691],[26.086517000724122,44.43458983543107]]}},{"type":"Feature","properties":{"building_uid":"rm98k3","street_name":"","highway":"footway","lungime":38},"geometry":{"type":"LineString","coordinates":[[26.08624304701915,44.43444983377266],[26.086720081954635,44.43446261802976]]}},{"type":"Feature","properties":{"building_uid":"reumdy","street_name":"","highway":"footway","lungime":16},"geometry":{"type":"LineString","coordinates":[[26.08597530670224,44.43444265848886],[26.086176021185018,44.43444803751954]]}},{"type":"Feature","properties":{"building_uid":"ettdbj","street_name":"","highway":"footway","lungime":29.4},"geometry":{"type":"LineString","coordinates":[[26.085405317836273,44.43442738312083],[26.08577441105423,44.43443727460306]]}},{"type":"Feature","properties":{"building_uid":"ir05ea","street_name":"","highway":"footway","lungime":4.8},"geometry":{"type":"LineString","coordinates":[[26.084122025534956,44.43444205339596],[26.08413,44.434399]]}},{"type":"Feature","properties":{"building_uid":"ir05ea","street_name":"","highway":"footway","lungime":31.2},"geometry":{"type":"LineString","coordinates":[[26.08373813638461,44.4343922372149],[26.08413,44.434399]]}},{"type":"Feature","properties":{"building_uid":"ir05ea","street_name":"","highway":"footway","lungime":7.3},"geometry":{"type":"LineString","coordinates":[[26.08413,44.434399],[26.084221262278405,44.43439979439771]]}},{"type":"Feature","properties":{"building_uid":"9zv995","street_name":"","highway":"footway","lungime":46.2},"geometry":{"type":"LineString","coordinates":[[26.083159360738197,44.43438224870062],[26.08373976994717,44.434392265406935]]}},{"type":"Feature","properties":{"building_uid":"6t0vkj","street_name":"","highway":"footway","lungime":25.4},"geometry":{"type":"LineString","coordinates":[[26.08304662614243,44.434380303126154],[26.08336590803779,44.43438581329541]]}},{"type":"Feature","properties":{"building_uid":"rp6i2n","street_name":"","highway":"footway","lungime":26.9},"geometry":{"type":"LineString","coordinates":[[26.08264767971768,44.434373418105885],[26.082986134891872,44.43437925916772]]}},{"type":"Feature","properties":{"building_uid":"5ezrlb","street_name":"Splaiul Independenței","highway":"primary","lungime":44.1},"geometry":{"type":"LineString","coordinates":[[26.08146348815731,44.43406354748286],[26.080912793648,44.43410637326739]]}},{"type":"Feature","properties":{"building_uid":"5ezrlb","street_name":"","highway":"footway","lungime":46},"geometry":{"type":"LineString","coordinates":[[26.080918903907815,44.434343582880494],[26.08149638295944,44.434353549018134]]}},{"type":"Feature","properties":{"building_uid":"5ezrlb","street_name":"","highway":"unclassified","lungime":14},"geometry":{"type":"LineString","coordinates":[[26.0814746,44.4340856],[26.081483752899626,44.43421127424458]]}},{"type":"Feature","properties":{"building_uid":"5ezrlb","street_name":"","highway":"unclassified","lungime":11},"geometry":{"type":"LineString","coordinates":[[26.081484103465687,44.43421608770551],[26.0814913,44.4343149]]}},{"type":"Feature","properties":{"building_uid":"5ezrlb","street_name":"","highway":"unclassified","lungime":4.9},"geometry":{"type":"LineString","coordinates":[[26.0814913,44.4343149],[26.081494921654265,44.434359168570104]]}},{"type":"Feature","properties":{"building_uid":"5ezrlb","street_name":"","highway":"unclassified","lungime":0.9},"geometry":{"type":"LineString","coordinates":[[26.081474052050517,44.43407727116784],[26.0814746,44.4340856]]}},{"type":"Feature","properties":{"building_uid":"lkn0k8","street_name":"Piața Mihail Kogălniceanu","highway":"tertiary","lungime":10.6},"geometry":{"type":"LineString","coordinates":[[26.088365104686694,44.4345961210679],[26.088285,44.4346489],[26.08826631213324,44.43466011272005]]}},{"type":"Feature","properties":{"building_uid":"lkn0k8","street_name":"","highway":"footway","lungime":31.7},"geometry":{"type":"LineString","coordinates":[[26.088571364330246,44.434632531645924],[26.0884255,44.4346307],[26.0883665,44.4346326],[26.088343,44.4346422],[26.0883001,44.4346819],[26.0882606,44.4347107],[26.088229789051184,44.43472946468029]]}},{"type":"Feature","properties":{"building_uid":"d2vlvz","street_name":"Strada Mircea Vulcănescu","highway":"secondary","lungime":32.1},"geometry":{"type":"LineString","coordinates":[[26.0874216,44.4441973],[26.08707668518065,44.444046656851135]]}},{"type":"Feature","properties":{"building_uid":"d2vlvz","street_name":"Piața General Gheorghe Angelescu","highway":"residential","lungime":28.1},"geometry":{"type":"LineString","coordinates":[[26.087282580723766,44.44442941219891],[26.0873868,44.4442554],[26.0874216,44.4441973]]}},{"type":"Feature","properties":{"building_uid":"d2vlvz","street_name":"Strada Mircea Vulcănescu","highway":"secondary","lungime":5.3},"geometry":{"type":"LineString","coordinates":[[26.087478717926558,44.44422098067883],[26.0874216,44.4441973]]}},{"type":"Feature","properties":{"building_uid":"201rkx","street_name":"Strada Mircea Vulcănescu","highway":"secondary","lungime":19},"geometry":{"type":"LineString","coordinates":[[26.084712280996573,44.443461686014096],[26.084479162177598,44.443424823887526]]}},{"type":"Feature","properties":{"building_uid":"2jy7g0","street_name":"Strada Mircea Vulcănescu","highway":"secondary","lungime":23.4},"geometry":{"type":"LineString","coordinates":[[26.08388315850345,44.443331321151724],[26.0837227,44.4433052],[26.08359630020871,44.44328574706104]]}},{"type":"Feature","properties":{"building_uid":"gb8gkw","street_name":"Strada Paul Orleanu","highway":"residential","lungime":52.6},"geometry":{"type":"LineString","coordinates":[[26.09391171739373,44.42798569940967],[26.094084,44.4277525],[26.0941676,44.4277389],[26.094236,44.4277468],[26.094360296593976,44.42778973121736]]}},{"type":"Feature","properties":{"building_uid":"245tw9","street_name":"Aleea Moldovița","highway":"residential","lungime":35.4},"geometry":{"type":"LineString","coordinates":[[26.1297369,44.3809172],[26.1296572,44.3808799],[26.12936437256715,44.38074317785989]]}},{"type":"Feature","properties":{"building_uid":"245tw9","street_name":"Strada Moldovița","highway":"residential","lungime":32.9},"geometry":{"type":"LineString","coordinates":[[26.12996518754831,44.38067035488324],[26.1297369,44.3809172]]}},{"type":"Feature","properties":{"building_uid":"245tw9","street_name":"Strada Moldovița","highway":"residential","lungime":6.4},"geometry":{"type":"LineString","coordinates":[[26.1297369,44.3809172],[26.12969178543744,44.380964744431274]]}},{"type":"Feature","properties":{"building_uid":"pdm4a0","street_name":"","highway":"footway","lungime":22.5},"geometry":{"type":"LineString","coordinates":[[26.104911153310333,44.430784979546274],[26.1049007,44.4308053],[26.1049047,44.4308618],[26.10480429516667,44.43096331664153]]}},{"type":"Feature","properties":{"building_uid":"ta0lzx","street_name":"","highway":"footway","lungime":17.4},"geometry":{"type":"LineString","coordinates":[[26.10490278582168,44.43083476223119],[26.1049047,44.4308618],[26.10480050446022,44.43096714932344]]}},{"type":"Feature","properties":{"building_uid":"mpsf9z","street_name":"Strada Radu Calomfirescu","highway":"residential","lungime":32.8},"geometry":{"type":"LineString","coordinates":[[26.107083438254413,44.433153998493744],[26.1071151,44.4331306],[26.1071526,44.4330979],[26.1071795,44.4330674],[26.1072161,44.4330022],[26.107243,44.4329354],[26.10726167765431,44.43289254852378]]}},{"type":"Feature","properties":{"building_uid":"5enxp3","street_name":"Calea Moșilor","highway":"tertiary","lungime":27.1},"geometry":{"type":"LineString","coordinates":[[26.112842068547515,44.43708187750235],[26.1128179,44.4370683],[26.112564866583426,44.4369400100117]]}},{"type":"Feature","properties":{"building_uid":"3awzte","street_name":"Strada Latină","highway":"residential","lungime":23.5},"geometry":{"type":"LineString","coordinates":[[26.11402006481767,44.43793649361994],[26.1139126,44.4381337]]}},{"type":"Feature","properties":{"building_uid":"3awzte","street_name":"Strada Latină","highway":"residential","lungime":4.8},"geometry":{"type":"LineString","coordinates":[[26.1139126,44.4381337],[26.11388865667536,44.43817356554983]]}},{"type":"Feature","properties":{"building_uid":"hv7u8v","street_name":"Intrarea Pictor Nicolae Vermont","highway":"residential","lungime":27.9},"geometry":{"type":"LineString","coordinates":[[26.10979235074894,44.43556966301004],[26.109711521758342,44.43581429479963]]}},{"type":"Feature","properties":{"building_uid":"jyruy9","street_name":"Strada Popa Petre","highway":"tertiary","lungime":2.8},"geometry":{"type":"LineString","coordinates":[[26.116461417160767,44.440798010056234],[26.11649146844707,44.44078497851788]]}},{"type":"Feature","properties":{"building_uid":"o7mbis","street_name":"Strada Marcel Iancu","highway":"residential","lungime":31.3},"geometry":{"type":"LineString","coordinates":[[26.11937288305534,44.44435764896106],[26.1193991,44.4443392],[26.1196418,44.4442392],[26.1196982,44.4442173],[26.119708864011404,44.44421316969842]]}},{"type":"Feature","properties":{"building_uid":"o7mbis","street_name":"","highway":"service","lungime":3.3},"geometry":{"type":"LineString","coordinates":[[26.119420931903544,44.444364144331566],[26.1193991,44.4443392]]}},{"type":"Feature","properties":{"building_uid":"o7mbis","street_name":"Calea Moșilor","highway":"primary","lungime":38},"geometry":{"type":"LineString","coordinates":[[26.119709383095227,44.44414059267088],[26.1196442,44.444069],[26.11945558745809,44.44385059757106]]}},{"type":"Feature","properties":{"building_uid":"o7mbis","street_name":"","highway":"service","lungime":25.7},"geometry":{"type":"LineString","coordinates":[[26.119215403425294,44.44415028161071],[26.1192296,44.4441576],[26.1193491,44.444282],[26.1193991,44.4443392]]}},{"type":"Feature","properties":{"building_uid":"23337v","street_name":"","highway":"footway","lungime":18.8},"geometry":{"type":"LineString","coordinates":[[26.122730227135943,44.447780773678126],[26.1226835,44.4477174],[26.1225762,44.4476574]]}},{"type":"Feature","properties":{"building_uid":"23337v","street_name":"","highway":"footway","lungime":10.1},"geometry":{"type":"LineString","coordinates":[[26.1225112,44.4476222],[26.1224082391051,44.44756959509833]]}},{"type":"Feature","properties":{"building_uid":"23337v","street_name":"","highway":"footway","lungime":6.5},"geometry":{"type":"LineString","coordinates":[[26.1225762,44.4476574],[26.1225112,44.4476222]]}},{"type":"Feature","properties":{"building_uid":"23337v","street_name":"Strada Făinari","highway":"residential","lungime":3.3},"geometry":{"type":"LineString","coordinates":[[26.122441181689197,44.447533398602275],[26.122416776589475,44.44755760981839]]}},{"type":"Feature","properties":{"building_uid":"fvl9d2","street_name":"Calea Moșilor","highway":"tertiary","lungime":50},"geometry":{"type":"LineString","coordinates":[[26.11275375492784,44.43703577792972],[26.1124469,44.4368802],[26.1123379,44.4368371],[26.112224990310796,44.43679349896656]]}},{"type":"Feature","properties":{"building_uid":"e6lrj2","street_name":"","highway":"residential","lungime":6.9},"geometry":{"type":"LineString","coordinates":[[26.14592704960465,44.419189887203494],[26.145867547326585,44.419145260494936]]}},{"type":"Feature","properties":{"building_uid":"e6lrj2","street_name":"","highway":"pedestrian","lungime":104.2},"geometry":{"type":"LineString","coordinates":[[26.14580990344086,44.420131249716704],[26.1458632,44.4200672],[26.1459811,44.4197164],[26.1459783,44.4196712],[26.1459157,44.4195894],[26.1458945,44.4195269],[26.14596627691708,44.41923158097508]]}},{"type":"Feature","properties":{"building_uid":"e6lrj2","street_name":"","highway":"service","lungime":5.8},"geometry":{"type":"LineString","coordinates":[[26.1455029,44.4195938],[26.145487388388492,44.41964488384933]]}},{"type":"Feature","properties":{"building_uid":"i0q0ad","street_name":"","highway":"footway","lungime":10.5},"geometry":{"type":"LineString","coordinates":[[26.096497006265885,44.42914115714238],[26.096482,44.4290472]]}},{"type":"Feature","properties":{"building_uid":"i0q0ad","street_name":"","highway":"footway","lungime":10.5},"geometry":{"type":"LineString","coordinates":[[26.096604818714276,44.429132560489954],[26.0965879,44.429039]]}},{"type":"Feature","properties":{"building_uid":"i0q0ad","street_name":"","highway":"footway","lungime":48.3},"geometry":{"type":"LineString","coordinates":[[26.0962411,44.429066],[26.0962705,44.4290636],[26.096482,44.4290472],[26.0965879,44.429039],[26.0968119,44.4290216],[26.0968447,44.4290191]]}},{"type":"Feature","properties":{"building_uid":"i0q0ad","street_name":"","highway":"footway","lungime":37.4},"geometry":{"type":"LineString","coordinates":[[26.0961979,44.4289775],[26.096142168232145,44.42864301603984]]}},{"type":"Feature","properties":{"building_uid":"i0q0ad","street_name":"","highway":"footway","lungime":36.6},"geometry":{"type":"LineString","coordinates":[[26.0968507,44.4289258],[26.09679804020154,44.428598199664854]]}},{"type":"Feature","properties":{"building_uid":"i0q0ad","street_name":"","highway":"footway","lungime":40.1},"geometry":{"type":"LineString","coordinates":[[26.0962551,44.428973],[26.0961956,44.4286145]]}},{"type":"Feature","properties":{"building_uid":"i0q0ad","street_name":"","highway":"footway","lungime":40.3},"geometry":{"type":"LineString","coordinates":[[26.0967977,44.42893],[26.096743,44.4285697]]}},{"type":"Feature","properties":{"building_uid":"i0q0ad","street_name":"","highway":"footway","lungime":46},"geometry":{"type":"LineString","coordinates":[[26.09616963583626,44.42861662598553],[26.0961956,44.4286145],[26.096743,44.4285697],[26.09674378437003,44.42856963542335]]}},{"type":"Feature","properties":{"building_uid":"i0q0ad","street_name":"","highway":"footway","lungime":16.6},"geometry":{"type":"LineString","coordinates":[[26.09687483316667,44.42907420407057],[26.0968658,44.4290174],[26.0968507,44.4289258]]}},{"type":"Feature","properties":{"building_uid":"i0q0ad","street_name":"","highway":"footway","lungime":1.7},"geometry":{"type":"LineString","coordinates":[[26.0968447,44.4290191],[26.0968658,44.4290174]]}},{"type":"Feature","properties":{"building_uid":"i0q0ad","street_name":"","highway":"footway","lungime":4},"geometry":{"type":"LineString","coordinates":[[26.0968119,44.4290216],[26.0968063,44.4289857]]}},{"type":"Feature","properties":{"building_uid":"i0q0ad","street_name":"","highway":"footway","lungime":6.2},"geometry":{"type":"LineString","coordinates":[[26.0968063,44.4289857],[26.0967977,44.42893]]}},{"type":"Feature","properties":{"building_uid":"i0q0ad","street_name":"","highway":"footway","lungime":6.6},"geometry":{"type":"LineString","coordinates":[[26.0962646,44.4290317],[26.0962551,44.428973]]}},{"type":"Feature","properties":{"building_uid":"i0q0ad","street_name":"","highway":"footway","lungime":3.6},"geometry":{"type":"LineString","coordinates":[[26.0962705,44.4290636],[26.0962646,44.4290317]]}},{"type":"Feature","properties":{"building_uid":"i0q0ad","street_name":"","highway":"footway","lungime":2.3},"geometry":{"type":"LineString","coordinates":[[26.0962124,44.4290681],[26.0962411,44.429066]]}},{"type":"Feature","properties":{"building_uid":"i0q0ad","street_name":"","highway":"footway","lungime":17.8},"geometry":{"type":"LineString","coordinates":[[26.096223476012284,44.42913703641622],[26.0962124,44.4290681],[26.0961979,44.4289775]]}},{"type":"Feature","properties":{"building_uid":"c9ka1n","street_name":"Strada Negoiu","highway":"residential","lungime":12.1},"geometry":{"type":"LineString","coordinates":[[26.13292695353457,44.42598735311735],[26.1329101,44.425976],[26.1328183399027,44.42591139889254]]}},{"type":"Feature","properties":{"building_uid":"c9ka1n","street_name":"Strada Ion Păunescu - Paltin","highway":"residential","lungime":0.6},"geometry":{"type":"LineString","coordinates":[[26.132904185467265,44.425979959352965],[26.1329101,44.425976]]}},{"type":"Feature","properties":{"building_uid":"39n6hw","street_name":"Strada Negustori","highway":"residential","lungime":32.1},"geometry":{"type":"LineString","coordinates":[[26.109622148405798,44.43453778739347],[26.1099701,44.4346832]]}},{"type":"Feature","properties":{"building_uid":"39n6hw","street_name":"Strada Culmea Veche","highway":"residential","lungime":33.1},"geometry":{"type":"LineString","coordinates":[[26.11016635831458,44.43442074252021],[26.1099987,44.434645],[26.1099701,44.4346832]]}},{"type":"Feature","properties":{"building_uid":"39n6hw","street_name":"Strada Negustori","highway":"residential","lungime":0.7},"geometry":{"type":"LineString","coordinates":[[26.1099701,44.4346832],[26.109977667225937,44.43468638550854]]}},{"type":"Feature","properties":{"building_uid":"rqncmr","street_name":"Strada Negustori","highway":"residential","lungime":20.8},"geometry":{"type":"LineString","coordinates":[[26.111464424289903,44.43509995019002],[26.111717739655575,44.43514606459609]]}},{"type":"Feature","properties":{"building_uid":"n3xalk","street_name":"Bulevardul Nicolae Bălcescu","highway":"primary","lungime":46.9},"geometry":{"type":"LineString","coordinates":[[26.101504037418902,44.43752065764678],[26.1013542,44.4378226],[26.1013449,44.4378415],[26.101312,44.4379064],[26.101305855371752,44.437918616966755]]}},{"type":"Feature","properties":{"building_uid":"n3xalk","street_name":"","highway":"tertiary","lungime":1.8},"geometry":{"type":"LineString","coordinates":[[26.101324015775898,44.437836384301605],[26.1013449,44.4378415]]}},{"type":"Feature","properties":{"building_uid":"n3xalk","street_name":"","highway":"footway","lungime":0.8},"geometry":{"type":"LineString","coordinates":[[26.101312,44.4379064],[26.101302876473923,44.43790422360579]]}},{"type":"Feature","properties":{"building_uid":"n3xalk","street_name":"","highway":"steps","lungime":8.8},"geometry":{"type":"LineString","coordinates":[[26.1017536,44.4376032],[26.10165,44.4375763]]}},{"type":"Feature","properties":{"building_uid":"n3xalk","street_name":"","highway":"footway","lungime":5.8},"geometry":{"type":"LineString","coordinates":[[26.101656511598357,44.43751119500922],[26.1016496,44.4375251],[26.1016315,44.4375601]]}},{"type":"Feature","properties":{"building_uid":"n3xalk","street_name":"","highway":"footway","lungime":10.9},"geometry":{"type":"LineString","coordinates":[[26.1016315,44.4375601],[26.1017609,44.4375914]]}},{"type":"Feature","properties":{"building_uid":"n3xalk","street_name":"","highway":"footway","lungime":1.4},"geometry":{"type":"LineString","coordinates":[[26.1017609,44.4375914],[26.1017536,44.4376032]]}},{"type":"Feature","properties":{"building_uid":"n3xalk","street_name":"","highway":"footway","lungime":54.1},"geometry":{"type":"LineString","coordinates":[[26.1016315,44.4375601],[26.1015345,44.4375752],[26.1013614,44.4379186],[26.101337151450164,44.4379666889374]]}},{"type":"Feature","properties":{"building_uid":"n3xalk","street_name":"Strada Batiștei","highway":"tertiary","lungime":7.1},"geometry":{"type":"LineString","coordinates":[[26.1016496,44.4375251],[26.1016026,44.4375117],[26.10156684864928,44.43750224651784]]}},{"type":"Feature","properties":{"building_uid":"n3xalk","street_name":"","highway":"footway","lungime":12.2},"geometry":{"type":"LineString","coordinates":[[26.1017609,44.4375914],[26.10190013005556,44.43763790802394]]}},{"type":"Feature","properties":{"building_uid":"n3xalk","street_name":"","highway":"footway","lungime":4.2},"geometry":{"type":"LineString","coordinates":[[26.101312,44.4379064],[26.1013614,44.4379186]]}},{"type":"Feature","properties":{"building_uid":"n3xalk","street_name":"Strada Batiștei","highway":"tertiary","lungime":18.7},"geometry":{"type":"LineString","coordinates":[[26.10186954111022,44.43758362737233],[26.1017776,44.437557],[26.1016582,44.4375274],[26.1016496,44.4375251]]}},{"type":"Feature","properties":{"building_uid":"d45ty5","street_name":"Strada Blanduziei","highway":"residential","lungime":9.2},"geometry":{"type":"LineString","coordinates":[[26.102801059172968,44.439284929360355],[26.102690801612965,44.43926068270474]]}},{"type":"Feature","properties":{"building_uid":"aj5id8","street_name":"Strada Nicolae Filipescu","highway":"residential","lungime":16.9},"geometry":{"type":"LineString","coordinates":[[26.10190531457671,44.44082001687253],[26.101943191528235,44.440670056233905]]}},{"type":"Feature","properties":{"building_uid":"5t8ze0","street_name":"Strada Nicolae Golescu","highway":"living_street","lungime":7},"geometry":{"type":"LineString","coordinates":[[26.098011607729013,44.441025660660685],[26.0980387,44.4409835],[26.098049401641514,44.440969255746126]]}},{"type":"Feature","properties":{"building_uid":"0jdbe5","street_name":"","highway":"service","lungime":25.4},"geometry":{"type":"LineString","coordinates":[[26.0756288,44.4528415],[26.075722613268038,44.4526231197866]]}},{"type":"Feature","properties":{"building_uid":"3g908i","street_name":"","highway":"pedestrian","lungime":16.9},"geometry":{"type":"LineString","coordinates":[[26.09733881939558,44.43002435977075],[26.0974774,44.4300708],[26.0974699,44.4300835],[26.097506686094217,44.43009457460149]]}},{"type":"Feature","properties":{"building_uid":"ayycge","street_name":"Intrarea Pictor Nicolae Vermont","highway":"residential","lungime":14.2},"geometry":{"type":"LineString","coordinates":[[26.10980373252767,44.43549306578591],[26.1098053,44.4354939],[26.109808,44.4355223],[26.109776410827934,44.43561790574291]]}},{"type":"Feature","properties":{"building_uid":"96pvtk","street_name":"Intrarea Pictor Nicolae Vermont","highway":"residential","lungime":10.8},"geometry":{"type":"LineString","coordinates":[[26.109769245877622,44.435477466625414],[26.1097758,44.4354782],[26.1098053,44.4354939],[26.109808,44.4355223],[26.109795925914568,44.43555884264522]]}},{"type":"Feature","properties":{"building_uid":"f1tj5b","street_name":"Intrarea Pictor Nicolae Vermont","highway":"residential","lungime":4.7},"geometry":{"type":"LineString","coordinates":[[26.1096766,44.4354671],[26.10973526511572,44.43547366434258]]}},{"type":"Feature","properties":{"building_uid":"z6xlne","street_name":"Strada Occidentului","highway":"tertiary","lungime":13},"geometry":{"type":"LineString","coordinates":[[26.08562690321716,44.44721747499631],[26.08546383204801,44.44721907480265]]}},{"type":"Feature","properties":{"building_uid":"o5srgg","street_name":"","highway":"service","lungime":18},"geometry":{"type":"LineString","coordinates":[[26.1542523,44.4170439],[26.154454134573236,44.41697042105398]]}},{"type":"Feature","properties":{"building_uid":"pu98c0","street_name":"","highway":"living_street","lungime":0.1},"geometry":{"type":"LineString","coordinates":[[26.0981781,44.4224232],[26.098177846706704,44.422423786503835]]}},{"type":"Feature","properties":{"building_uid":"hwxbuo","street_name":"Strada Olimpului","highway":"residential","lungime":4.3},"geometry":{"type":"LineString","coordinates":[[26.098708982186277,44.42206080836905],[26.098709821043016,44.422099830741715]]}},{"type":"Feature","properties":{"building_uid":"bvg2p4","street_name":"Strada Olimpului","highway":"residential","lungime":3.2},"geometry":{"type":"LineString","coordinates":[[26.099019621996394,44.42099272260975],[26.099004304398743,44.42101900824751]]}},{"type":"Feature","properties":{"building_uid":"zz4ndb","street_name":"Aleea Mărțișor","highway":"residential","lungime":38.9},"geometry":{"type":"LineString","coordinates":[[26.11619604192266,44.39712142383266],[26.1158068,44.3972719],[26.115766103861993,44.39728762461202]]}},{"type":"Feature","properties":{"building_uid":"zz4ndb","street_name":"","highway":"footway","lungime":33.8},"geometry":{"type":"LineString","coordinates":[[26.1158068,44.3972719],[26.115611778033564,44.39700122087578]]}},{"type":"Feature","properties":{"building_uid":"y8qiri","street_name":"","highway":"service","lungime":106.6},"geometry":{"type":"LineString","coordinates":[[26.115637616310565,44.39618760301402],[26.1156762,44.3961723],[26.116299750500193,44.39698573038343]]}},{"type":"Feature","properties":{"building_uid":"y8qiri","street_name":"","highway":"footway","lungime":51.4},"geometry":{"type":"LineString","coordinates":[[26.11602566346159,44.396026626689526],[26.1162843,44.3963914],[26.11634860194902,44.39641804862652]]}},{"type":"Feature","properties":{"building_uid":"yx4uaa","street_name":"Aleea Mărțișor","highway":"residential","lungime":37.1},"geometry":{"type":"LineString","coordinates":[[26.11701159398737,44.39680612574163],[26.1167049,44.3969245],[26.11660099826997,44.396964737330904]]}},{"type":"Feature","properties":{"building_uid":"yx4uaa","street_name":"Strada Inului","highway":"residential","lungime":5},"geometry":{"type":"LineString","coordinates":[[26.116749734826833,44.39695544953506],[26.1167417,44.3969499],[26.1167049,44.3969245]]}},{"type":"Feature","properties":{"building_uid":"0eh1aa","street_name":"Aleea Mărțișor","highway":"residential","lungime":38.9},"geometry":{"type":"LineString","coordinates":[[26.117854793840234,44.3964802947126],[26.117424928336856,44.39664645168767]]}},{"type":"Feature","properties":{"building_uid":"08bxc4","street_name":"","highway":"service","lungime":102.7},"geometry":{"type":"LineString","coordinates":[[26.117953171349317,44.396342174256105],[26.11734333481432,44.395527790744204]]}},{"type":"Feature","properties":{"building_uid":"08bxc4","street_name":"","highway":"footway","lungime":109.9},"geometry":{"type":"LineString","coordinates":[[26.117660288640266,44.39536782247991],[26.118278330685087,44.39625191883132]]}},{"type":"Feature","properties":{"building_uid":"zf1o68","street_name":"","highway":"service","lungime":0.8},"geometry":{"type":"LineString","coordinates":[[26.119465585651596,44.39480972996159],[26.1194571,44.3948129]]}},{"type":"Feature","properties":{"building_uid":"zf1o68","street_name":"","highway":"residential","lungime":3.6},"geometry":{"type":"LineString","coordinates":[[26.119444644735896,44.394782111160616],[26.1194497,44.394791],[26.1194571,44.3948129]]}},{"type":"Feature","properties":{"building_uid":"zf1o68","street_name":"","highway":"service","lungime":96.8},"geometry":{"type":"LineString","coordinates":[[26.119616374317314,44.3956832230238],[26.11904050663505,44.39491588567088]]}},{"type":"Feature","properties":{"building_uid":"zf1o68","street_name":"","highway":"service","lungime":2.4},"geometry":{"type":"LineString","coordinates":[[26.119781374546932,44.39524256694485],[26.1197523,44.3952488]]}},{"type":"Feature","properties":{"building_uid":"zf1o68","street_name":"","highway":"residential","lungime":92.9},"geometry":{"type":"LineString","coordinates":[[26.1194571,44.3948129],[26.1194576,44.394832],[26.1194618,44.3948488],[26.11947,44.3948674],[26.1197523,44.3952488],[26.11998005203356,44.39555727225797]]}},{"type":"Feature","properties":{"building_uid":"b6a869","street_name":"Strada Ioan Slavici","highway":"residential","lungime":1.9},"geometry":{"type":"LineString","coordinates":[[26.085302248614642,44.43711579559714],[26.08528059438836,44.437122351973116]]}},{"type":"Feature","properties":{"building_uid":"e80dyx","street_name":"Strada Oțetari","highway":"residential","lungime":10.3},"geometry":{"type":"LineString","coordinates":[[26.10686657193506,44.43922293740877],[26.106875664904194,44.439130357113996]]}},{"type":"Feature","properties":{"building_uid":"slpj9j","street_name":"Strada Doctor Paleologu","highway":"tertiary","lungime":26.7},"geometry":{"type":"LineString","coordinates":[[26.1113683777276,44.435068288276454],[26.1113606,44.435081],[26.111233549588057,44.43528884966446]]}},{"type":"Feature","properties":{"building_uid":"slpj9j","street_name":"Strada Negustori","highway":"residential","lungime":18.4},"geometry":{"type":"LineString","coordinates":[[26.1113393,44.4350763],[26.1113606,44.435081],[26.1113823,44.435085],[26.111562706390924,44.435117841803915]]}},{"type":"Feature","properties":{"building_uid":"slpj9j","street_name":"Strada Negustori","highway":"residential","lungime":0.7},"geometry":{"type":"LineString","coordinates":[[26.111330403598274,44.43507463192468],[26.1113393,44.4350763]]}},{"type":"Feature","properties":{"building_uid":"85lse5","street_name":"","highway":"footway","lungime":21.9},"geometry":{"type":"LineString","coordinates":[[26.073204289392592,44.42429598292679],[26.07302352738465,44.4241468251927]]}},{"type":"Feature","properties":{"building_uid":"2483um","street_name":"","highway":"service","lungime":67.5},"geometry":{"type":"LineString","coordinates":[[26.146460001719493,44.44346114481263],[26.1467514,44.4434514],[26.1468205,44.4435656],[26.1471994,44.443524]]}},{"type":"Feature","properties":{"building_uid":"2483um","street_name":"","highway":"service","lungime":33.8},"geometry":{"type":"LineString","coordinates":[[26.147737017456254,44.443678417095484],[26.1477339,44.4436649],[26.147687,44.4434147],[26.147678557834293,44.44337723788968]]}},{"type":"Feature","properties":{"building_uid":"2483um","street_name":"","highway":"service","lungime":45.1},"geometry":{"type":"LineString","coordinates":[[26.146446084162314,44.443472050129884],[26.1465434,44.4438473],[26.14654794487522,44.44387122743131]]}},{"type":"Feature","properties":{"building_uid":"2483um","street_name":"","highway":"service","lungime":0.8},"geometry":{"type":"LineString","coordinates":[[26.14769671373658,44.443413675351735],[26.147687,44.4434147]]}},{"type":"Feature","properties":{"building_uid":"2483um","street_name":"Șoseaua Pantelimon","highway":"primary","lungime":96},"geometry":{"type":"LineString","coordinates":[[26.14651017733738,44.44385061819209],[26.1465434,44.4438473],[26.14770368312639,44.443724936558844]]}},{"type":"Feature","properties":{"building_uid":"2483um","street_name":"","highway":"service","lungime":12.2},"geometry":{"type":"LineString","coordinates":[[26.147180940714623,44.44341808508609],[26.1472087,44.4434108],[26.1472516,44.4433917],[26.1472731,44.4433476],[26.147272864980604,44.443342090100835]]}},{"type":"Feature","properties":{"building_uid":"2483um","street_name":"","highway":"footway","lungime":0.4},"geometry":{"type":"LineString","coordinates":[[26.1477339,44.4436649],[26.147739235042675,44.443664333615544]]}},{"type":"Feature","properties":{"building_uid":"9mz9pf","street_name":"Aleea Ilia","highway":"service","lungime":98},"geometry":{"type":"LineString","coordinates":[[26.15393277046209,44.44372726866532],[26.1539103,44.4437219],[26.152793,44.443809],[26.152738923204677,44.44385450678022]]}},{"type":"Feature","properties":{"building_uid":"9mz9pf","street_name":"","highway":"footway","lungime":29},"geometry":{"type":"LineString","coordinates":[[26.1523932,44.4437791],[26.1523459,44.4437633],[26.152311674566803,44.4435411610848]]}},{"type":"Feature","properties":{"building_uid":"9mz9pf","street_name":"","highway":"service","lungime":30.9},"geometry":{"type":"LineString","coordinates":[[26.152793,44.443809],[26.1527381,44.443765],[26.1524335,44.4437851]]}},{"type":"Feature","properties":{"building_uid":"9mz9pf","street_name":"","highway":"service","lungime":32.9},"geometry":{"type":"LineString","coordinates":[[26.152278427560695,44.44354864133458],[26.1523133,44.4437702],[26.152212319069413,44.44377925381752]]}},{"type":"Feature","properties":{"building_uid":"9mz9pf","street_name":"","highway":"footway","lungime":3.1},"geometry":{"type":"LineString","coordinates":[[26.1524355,44.4437981],[26.1523965,44.4438008]]}},{"type":"Feature","properties":{"building_uid":"9mz9pf","street_name":"","highway":"service","lungime":6.8},"geometry":{"type":"LineString","coordinates":[[26.1523947,44.4437891],[26.1523133,44.4437702]]}},{"type":"Feature","properties":{"building_uid":"9mz9pf","street_name":"","highway":"service","lungime":3.1},"geometry":{"type":"LineString","coordinates":[[26.1523947,44.4437891],[26.1524335,44.4437851]]}},{"type":"Feature","properties":{"building_uid":"9mz9pf","street_name":"","highway":"footway","lungime":19},"geometry":{"type":"LineString","coordinates":[[26.1524355,44.4437981],[26.1525296,44.4437915],[26.152538712649477,44.443894900675716]]}},{"type":"Feature","properties":{"building_uid":"9mz9pf","street_name":"","highway":"footway","lungime":14.4},"geometry":{"type":"LineString","coordinates":[[26.152218963127968,44.443797206020875],[26.1523281,44.4437869],[26.1523965,44.4438008]]}},{"type":"Feature","properties":{"building_uid":"9mz9pf","street_name":"","highway":"footway","lungime":121.1},"geometry":{"type":"LineString","coordinates":[[26.15393729317148,44.4436948621093],[26.1538034,44.443712],[26.152918,44.4437821],[26.1527621,44.4437481],[26.152432,44.4437754]]}},{"type":"Feature","properties":{"building_uid":"9mz9pf","street_name":"","highway":"footway","lungime":3.1},"geometry":{"type":"LineString","coordinates":[[26.152432,44.4437754],[26.1523932,44.4437791]]}},{"type":"Feature","properties":{"building_uid":"b09bow","street_name":"Strada Herța","highway":"service","lungime":1.5},"geometry":{"type":"LineString","coordinates":[[26.154978672249676,44.44261670131959],[26.1549756,44.4426301]]}},{"type":"Feature","properties":{"building_uid":"b09bow","street_name":"","highway":"service","lungime":26.7},"geometry":{"type":"LineString","coordinates":[[26.1549756,44.4426301],[26.1553084539045,44.4426035384005]]}},{"type":"Feature","properties":{"building_uid":"b09bow","street_name":"","highway":"service","lungime":19.6},"geometry":{"type":"LineString","coordinates":[[26.15543734809866,44.44259325269882],[26.155681944801316,44.44257373398635]]}},{"type":"Feature","properties":{"building_uid":"b09bow","street_name":"","highway":"service","lungime":23},"geometry":{"type":"LineString","coordinates":[[26.155778025741206,44.44256606676836],[26.1560533,44.4425441],[26.156064900984177,44.44254178852571]]}},{"type":"Feature","properties":{"building_uid":"b09bow","street_name":"Strada Herța","highway":"service","lungime":23.8},"geometry":{"type":"LineString","coordinates":[[26.1549756,44.4426301],[26.154677895485325,44.44265196467469]]}},{"type":"Feature","properties":{"building_uid":"b09bow","street_name":"","highway":"footway","lungime":134.5},"geometry":{"type":"LineString","coordinates":[[26.15465549503316,44.442993841219476],[26.1550246,44.442967],[26.1558689,44.4429058],[26.1561126,44.4428864],[26.1562348,44.4428743],[26.15633499966618,44.44285929271968]]}},{"type":"Feature","properties":{"building_uid":"b09bow","street_name":"","highway":"footway","lungime":4.1},"geometry":{"type":"LineString","coordinates":[[26.1561126,44.4428864],[26.1561081,44.44285]]}},{"type":"Feature","properties":{"building_uid":"b09bow","street_name":"","highway":"footway","lungime":13.7},"geometry":{"type":"LineString","coordinates":[[26.1549935,44.4427529],[26.1549756,44.4426301]]}},{"type":"Feature","properties":{"building_uid":"b09bow","street_name":"","highway":"footway","lungime":14.7},"geometry":{"type":"LineString","coordinates":[[26.1550126,44.4428843],[26.1549935,44.4427529]]}},{"type":"Feature","properties":{"building_uid":"b09bow","street_name":"Șoseaua Pantelimon","highway":"primary","lungime":73.9},"geometry":{"type":"LineString","coordinates":[[26.155011192530786,44.443042641101236],[26.1559336,44.442968]]}},{"type":"Feature","properties":{"building_uid":"b09bow","street_name":"","highway":"footway","lungime":20.1},"geometry":{"type":"LineString","coordinates":[[26.1560857,44.4427237],[26.1560533,44.4425441]]}},{"type":"Feature","properties":{"building_uid":"b09bow","street_name":"Șoseaua Pantelimon","highway":"primary","lungime":28.7},"geometry":{"type":"LineString","coordinates":[[26.1559336,44.442968],[26.1561936,44.4429457],[26.15629158169306,44.44293506443257]]}},{"type":"Feature","properties":{"building_uid":"b09bow","street_name":"","highway":"footway","lungime":9.2},"geometry":{"type":"LineString","coordinates":[[26.1550246,44.442967],[26.1550126,44.4428843]]}},{"type":"Feature","properties":{"building_uid":"gz2j0q","street_name":"","highway":"service","lungime":58.2},"geometry":{"type":"LineString","coordinates":[[26.166554048013094,44.44303809511455],[26.1665495,44.4429983],[26.1665547,44.4429784],[26.1665863,44.4429663],[26.1670443,44.4429319],[26.16719468098475,44.44292508130471]]}},{"type":"Feature","properties":{"building_uid":"gz2j0q","street_name":"","highway":"service","lungime":34.3},"geometry":{"type":"LineString","coordinates":[[26.16667115271949,44.44264551369064],[26.166545,44.4426585],[26.1663695,44.4426833],[26.166249479466543,44.44270818079989]]}},{"type":"Feature","properties":{"building_uid":"gz2j0q","street_name":"","highway":"footway","lungime":5.6},"geometry":{"type":"LineString","coordinates":[[26.16700117238296,44.442622516152426],[26.1670073,44.4426725]]}},{"type":"Feature","properties":{"building_uid":"gz2j0q","street_name":"","highway":"footway","lungime":8.4},"geometry":{"type":"LineString","coordinates":[[26.1670073,44.4426725],[26.167014261634062,44.44274795085297]]}},{"type":"Feature","properties":{"building_uid":"gz2j0q","street_name":"","highway":"footway","lungime":6.2},"geometry":{"type":"LineString","coordinates":[[26.167034286554653,44.442876882730474],[26.1670443,44.4429319]]}},{"type":"Feature","properties":{"building_uid":"1dbrtc","street_name":"Strada Ion Polizu","highway":"residential","lungime":1.6},"geometry":{"type":"LineString","coordinates":[[26.16265725423442,44.4420529630144],[26.1626526,44.4420667]]}},{"type":"Feature","properties":{"building_uid":"1dbrtc","street_name":"","highway":"residential","lungime":90.2},"geometry":{"type":"LineString","coordinates":[[26.164027222254525,44.44243649619979],[26.1640262,44.4424249],[26.1640228,44.4423717],[26.1640082,44.4421592],[26.163996,44.4421325],[26.1639657,44.4421147],[26.1639123,44.4421003],[26.1634671,44.4421105],[26.16330185343338,44.442114246143824]]}},{"type":"Feature","properties":{"building_uid":"1dbrtc","street_name":"","highway":"residential","lungime":148.5},"geometry":{"type":"LineString","coordinates":[[26.16310124614527,44.44210513227578],[26.1630873,44.4421015],[26.1629855,44.4420658],[26.1629128,44.4420595],[26.1626526,44.4420667],[26.162337,44.4420788],[26.1622736,44.4420978],[26.1622191,44.4421573],[26.162143,44.4421729],[26.16130242658673,44.442202253077454]]}},{"type":"Feature","properties":{"building_uid":"1dbrtc","street_name":"","highway":"service","lungime":95},"geometry":{"type":"LineString","coordinates":[[26.16127224138093,44.44250590101085],[26.1615216,44.4424954],[26.162464356199717,44.44246289594858]]}},{"type":"Feature","properties":{"building_uid":"1dbrtc","street_name":"","highway":"service","lungime":74.4},"geometry":{"type":"LineString","coordinates":[[26.162843773173435,44.442449814529624],[26.1635606,44.4424251],[26.163636,44.4424278],[26.163729,44.4424511],[26.16376011966018,44.44247285279729]]}},{"type":"Feature","properties":{"building_uid":"1dbrtc","street_name":"","highway":"service","lungime":9.7},"geometry":{"type":"LineString","coordinates":[[26.1615216,44.4424954],[26.161625030776037,44.442540778507656]]}},{"type":"Feature","properties":{"building_uid":"1dbrtc","street_name":"Strada Elena Polizu","highway":"residential","lungime":0.2},"geometry":{"type":"LineString","coordinates":[[26.163467571035724,44.442108497180556],[26.1634671,44.4421105]]}},{"type":"Feature","properties":{"building_uid":"1dbrtc","street_name":"","highway":"footway","lungime":221.9},"geometry":{"type":"LineString","coordinates":[[26.16123621817211,44.44244872935013],[26.1613483,44.4424462],[26.1617606,44.4424387],[26.1640228,44.4423717]]}},{"type":"Feature","properties":{"building_uid":"0mrifz","street_name":"","highway":"service","lungime":64},"geometry":{"type":"LineString","coordinates":[[26.171012055324354,44.44104269475408],[26.171081193946428,44.4416166725663]]}},{"type":"Feature","properties":{"building_uid":"0mrifz","street_name":"","highway":"service","lungime":30.6},"geometry":{"type":"LineString","coordinates":[[26.170660422264817,44.441677027502685],[26.171043136454298,44.441651859591424]]}},{"type":"Feature","properties":{"building_uid":"bwhm8l","street_name":"","highway":"service","lungime":8.7},"geometry":{"type":"LineString","coordinates":[[26.171075701488714,44.44157107505845],[26.1710851,44.4416491]]}},{"type":"Feature","properties":{"building_uid":"bwhm8l","street_name":"","highway":"service","lungime":1.2},"geometry":{"type":"LineString","coordinates":[[26.17067082972078,44.44201495151492],[26.1706854,44.4420136]]}},{"type":"Feature","properties":{"building_uid":"bwhm8l","street_name":"","highway":"footway","lungime":21.2},"geometry":{"type":"LineString","coordinates":[[26.1716504,44.4416125],[26.1719152,44.4415954]]}},{"type":"Feature","properties":{"building_uid":"bwhm8l","street_name":"","highway":"footway","lungime":29.5},"geometry":{"type":"LineString","coordinates":[[26.1719675,44.4416627],[26.1720019,44.4419268]]}},{"type":"Feature","properties":{"building_uid":"bwhm8l","street_name":"","highway":"footway","lungime":11.6},"geometry":{"type":"LineString","coordinates":[[26.1719152,44.4415954],[26.1719628,44.4415923],[26.1719675,44.4416627]]}},{"type":"Feature","properties":{"building_uid":"bwhm8l","street_name":"","highway":"service","lungime":8.7},"geometry":{"type":"LineString","coordinates":[[26.1716504,44.4416125],[26.171641721170598,44.44153428283531]]}},{"type":"Feature","properties":{"building_uid":"bwhm8l","street_name":"","highway":"service","lungime":2.8},"geometry":{"type":"LineString","coordinates":[[26.1717182,44.441946],[26.171746721830534,44.44196056566907]]}},{"type":"Feature","properties":{"building_uid":"bwhm8l","street_name":"","highway":"service","lungime":82.5},"geometry":{"type":"LineString","coordinates":[[26.1706854,44.4420136],[26.1717182,44.441946]]}},{"type":"Feature","properties":{"building_uid":"bwhm8l","street_name":"","highway":"service","lungime":87.7},"geometry":{"type":"LineString","coordinates":[[26.170553230765925,44.44168407659103],[26.1710851,44.4416491],[26.1716504,44.4416125]]}},{"type":"Feature","properties":{"building_uid":"bwhm8l","street_name":"","highway":"footway","lungime":2.8},"geometry":{"type":"LineString","coordinates":[[26.172036573846466,44.4419247309158],[26.1720019,44.4419268]]}},{"type":"Feature","properties":{"building_uid":"bwhm8l","street_name":"","highway":"footway","lungime":22.7},"geometry":{"type":"LineString","coordinates":[[26.1720019,44.4419268],[26.1717182,44.441946]]}},{"type":"Feature","properties":{"building_uid":"o5vjs0","street_name":"","highway":"service","lungime":2.4},"geometry":{"type":"LineString","coordinates":[[26.1715537,44.440741],[26.171523023587174,44.44074280638111]]}},{"type":"Feature","properties":{"building_uid":"o5vjs0","street_name":"","highway":"footway","lungime":3.2},"geometry":{"type":"LineString","coordinates":[[26.171548229568838,44.440712548737196],[26.1715486,44.4407182],[26.1715537,44.440741]]}},{"type":"Feature","properties":{"building_uid":"o5vjs0","street_name":"","highway":"footway","lungime":0.5},"geometry":{"type":"LineString","coordinates":[[26.1715486,44.4407182],[26.171545093575556,44.44071433914693]]}},{"type":"Feature","properties":{"building_uid":"o5vjs0","street_name":"","highway":"service","lungime":92.1},"geometry":{"type":"LineString","coordinates":[[26.171645405166192,44.44156748451228],[26.1715537,44.440741]]}},{"type":"Feature","properties":{"building_uid":"ppkqg2","street_name":"","highway":"service","lungime":102.3},"geometry":{"type":"LineString","coordinates":[[26.178517138024862,44.441154144103486],[26.1789117,44.4410916],[26.179772017988277,44.440955721854046]]}},{"type":"Feature","properties":{"building_uid":"ppkqg2","street_name":"","highway":"service","lungime":0.4},"geometry":{"type":"LineString","coordinates":[[26.1789117,44.4410916],[26.178912875753145,44.44109552289201]]}},{"type":"Feature","properties":{"building_uid":"ppkqg2","street_name":"","highway":"footway","lungime":174.8},"geometry":{"type":"LineString","coordinates":[[26.17839702483571,44.4411155029125],[26.1784349,44.4411093],[26.1805411,44.4407728]]}},{"type":"Feature","properties":{"building_uid":"ppkqg2","street_name":"","highway":"footway","lungime":1.4},"geometry":{"type":"LineString","coordinates":[[26.179385798763576,44.440596701414535],[26.1793897,44.440609]]}},{"type":"Feature","properties":{"building_uid":"ppkqg2","street_name":"Aleea Vergului","highway":"service","lungime":176.1},"geometry":{"type":"LineString","coordinates":[[26.178374975307687,44.44076798118765],[26.1793897,44.440609],[26.1799488,44.4405215],[26.1804364,44.4404455],[26.180537292297853,44.44042960139774]]}},{"type":"Feature","properties":{"building_uid":"ppkqg2","street_name":"Strada Logofătul Dan","highway":"residential","lungime":39.4},"geometry":{"type":"LineString","coordinates":[[26.17844635891201,44.44114276246114],[26.1784349,44.4411093],[26.178335930282064,44.440797358653185]]}},{"type":"Feature","properties":{"building_uid":"2hkj4s","street_name":"Strada Părintele Stăniloae","highway":"residential","lungime":11.1},"geometry":{"type":"LineString","coordinates":[[26.109825577327598,44.43509468991665],[26.109693715471526,44.43512725150213]]}},{"type":"Feature","properties":{"building_uid":"m815r3","street_name":"Strada Pătrașcu Vodă","highway":"living_street","lungime":26.8},"geometry":{"type":"LineString","coordinates":[[26.103529505703232,44.43321624038362],[26.10386217847564,44.433254736196666]]}},{"type":"Feature","properties":{"building_uid":"m815r3","street_name":"","highway":"footway","lungime":23.9},"geometry":{"type":"LineString","coordinates":[[26.10346906655615,44.43343405065266],[26.103523871669662,44.433222845912496]]}},{"type":"Feature","properties":{"building_uid":"m815r3","street_name":"Strada Nicolae Mavrogheni","highway":"service","lungime":24.3},"geometry":{"type":"LineString","coordinates":[[26.103785323201773,44.43347399431023],[26.10348249601488,44.433443947454236]]}},{"type":"Feature","properties":{"building_uid":"l2flla","street_name":"Strada Patriei","highway":"living_street","lungime":59.7},"geometry":{"type":"LineString","coordinates":[[26.104238558443978,44.429948599758205],[26.1048846,44.4300842],[26.1049233,44.4300952],[26.104952598813302,44.43010984940665]]}},{"type":"Feature","properties":{"building_uid":"l2flla","street_name":"Strada Patriei","highway":"living_street","lungime":52.8},"geometry":{"type":"LineString","coordinates":[[26.10457645398021,44.42950092377708],[26.104211536277226,44.42989820926425]]}},{"type":"Feature","properties":{"building_uid":"erhs8f","street_name":"Strada Locotenent Colonel Paul Ionescu","highway":"residential","lungime":2.1},"geometry":{"type":"LineString","coordinates":[[26.076388752501586,44.45012721235739],[26.076412242609813,44.45011939009821]]}},{"type":"Feature","properties":{"building_uid":"iae4ca","street_name":"Strada Poni Petru","highway":"residential","lungime":61.8},"geometry":{"type":"LineString","coordinates":[[26.076309181503884,44.449224545016854],[26.076920394695463,44.44888128541694]]}},{"type":"Feature","properties":{"building_uid":"6iela3","street_name":"Strada Petru Rareș","highway":"residential","lungime":15.8},"geometry":{"type":"LineString","coordinates":[[26.0726962769626,44.45137838357782],[26.072812944367577,44.45149380712582]]}},{"type":"Feature","properties":{"building_uid":"137nem","street_name":"","highway":"service","lungime":25.4},"geometry":{"type":"LineString","coordinates":[[26.0864639,44.4352443],[26.0864261,44.4351976],[26.086206382506663,44.43512168322751]]}},{"type":"Feature","properties":{"building_uid":"137nem","street_name":"","highway":"service","lungime":19.4},"geometry":{"type":"LineString","coordinates":[[26.086503465525777,44.43522733644473],[26.0864639,44.4352443],[26.086558102534728,44.43536897212195]]}},{"type":"Feature","properties":{"building_uid":"137nem","street_name":"","highway":"service","lungime":14.4},"geometry":{"type":"LineString","coordinates":[[26.085799017101127,44.43548262910216],[26.0858193,44.4355018],[26.0858722,44.4355632],[26.085894487059534,44.43559244625994]]}},{"type":"Feature","properties":{"building_uid":"hw8ytd","street_name":"Strada Poiana Narciselor","highway":"residential","lungime":9.8},"geometry":{"type":"LineString","coordinates":[[26.09191089116653,44.439395030545235],[26.09201706847024,44.43935108827242]]}},{"type":"Feature","properties":{"building_uid":"9wcqc8","street_name":"Strada Popa Nan","highway":"tertiary","lungime":5.8},"geometry":{"type":"LineString","coordinates":[[26.122883181560322,44.43881571111367],[26.1228554,44.43886],[26.122853390183987,44.438862907729636]]}},{"type":"Feature","properties":{"building_uid":"wq3tx9","street_name":"Strada Popa Petre","highway":"tertiary","lungime":9.6},"geometry":{"type":"LineString","coordinates":[[26.115315609674344,44.441132156140476],[26.115430098585307,44.441105915595905]]}},{"type":"Feature","properties":{"building_uid":"zd0vbv","street_name":"Strada Popa Petre","highway":"tertiary","lungime":11.7},"geometry":{"type":"LineString","coordinates":[[26.116428363167085,44.44081234369847],[26.116553808251496,44.44075794528063]]}},{"type":"Feature","properties":{"building_uid":"8hom22","street_name":"Strada Popa Rusu","highway":"residential","lungime":2},"geometry":{"type":"LineString","coordinates":[[26.110045428957935,44.43893234917785],[26.110067375000696,44.438940579601265]]}},{"type":"Feature","properties":{"building_uid":"hye1wx","street_name":"Strada Popa Tatu","highway":"tertiary","lungime":14.4},"geometry":{"type":"LineString","coordinates":[[26.084822336096344,44.442518305940446],[26.0847763,44.4425686],[26.08472179138654,44.44262560473751]]}},{"type":"Feature","properties":{"building_uid":"xfiof3","street_name":"Strada Poterași","highway":"residential","lungime":28.6},"geometry":{"type":"LineString","coordinates":[[26.10477657211467,44.41927517429617],[26.1047112,44.4192662],[26.10442294576457,44.419230221506254]]}},{"type":"Feature","properties":{"building_uid":"xfiof3","street_name":"","highway":"service","lungime":3.6},"geometry":{"type":"LineString","coordinates":[[26.1047112,44.41929849256141],[26.1047112,44.4192662]]}},{"type":"Feature","properties":{"building_uid":"gvezn1","street_name":"Strada Povernei","highway":"residential","lungime":2.3},"geometry":{"type":"LineString","coordinates":[[26.093982015462554,44.449556667972374],[26.093952911532842,44.449556456981675]]}},{"type":"Feature","properties":{"building_uid":"eiv93q","street_name":"Strada Precupeții Vechi","highway":"residential","lungime":12.6},"geometry":{"type":"LineString","coordinates":[[26.1188345121913,44.448259689665136],[26.1187605,44.4482016],[26.118728301133537,44.44817578093998]]}},{"type":"Feature","properties":{"building_uid":"eiv93q","street_name":"Intrarea Cobiliței","highway":"residential","lungime":1.2},"geometry":{"type":"LineString","coordinates":[[26.11875062328199,44.44821021661273],[26.1187605,44.4482016]]}},{"type":"Feature","properties":{"building_uid":"t1lb47","street_name":"Strada Vicina","highway":"residential","lungime":6.4},"geometry":{"type":"LineString","coordinates":[[26.0712594,44.4061151],[26.07121702686047,44.4061643587747]]}},{"type":"Feature","properties":{"building_uid":"t1lb47","street_name":"","highway":"footway","lungime":28},"geometry":{"type":"LineString","coordinates":[[26.071430254309323,44.405895511364236],[26.0714216,44.4058995],[26.0712594,44.4061151]]}},{"type":"Feature","properties":{"building_uid":"utb63p","street_name":"","highway":"service","lungime":0.2},"geometry":{"type":"LineString","coordinates":[[26.0717426,44.4055771],[26.071741336422424,44.40557852388784]]}},{"type":"Feature","properties":{"building_uid":"utb63p","street_name":"","highway":"footway","lungime":34.6},"geometry":{"type":"LineString","coordinates":[[26.07195504063613,44.4053050284274],[26.0717426,44.4055771]]}},{"type":"Feature","properties":{"building_uid":"9jk71v","street_name":"","highway":"residential","lungime":2.5},"geometry":{"type":"LineString","coordinates":[[26.0724825,44.4060135],[26.07249924102653,44.405994480998075]]}},{"type":"Feature","properties":{"building_uid":"i6eysr","street_name":"Strada Principatele Unite","highway":"residential","lungime":4.8},"geometry":{"type":"LineString","coordinates":[[26.101928349861907,44.42332918395562],[26.101868583838552,44.423324111404206]]}},{"type":"Feature","properties":{"building_uid":"eu0rp5","street_name":"Strada Profesorilor","highway":"residential","lungime":4.1},"geometry":{"type":"LineString","coordinates":[[26.100633862376906,44.42430541504494],[26.100625339419036,44.424341680681856]]}},{"type":"Feature","properties":{"building_uid":"mz535f","street_name":"","highway":"service","lungime":9.7},"geometry":{"type":"LineString","coordinates":[[26.086936949605708,44.434880888182974],[26.087000284437757,44.4349551913788]]}},{"type":"Feature","properties":{"building_uid":"40x5ml","street_name":"Strada Constantin F. Robescu","highway":"residential","lungime":32.4},"geometry":{"type":"LineString","coordinates":[[26.107441267700423,44.43267662360303],[26.10784560283756,44.43270657661334]]}},{"type":"Feature","properties":{"building_uid":"40x5ml","street_name":"Strada Radu Calomfirescu","highway":"residential","lungime":14.4},"geometry":{"type":"LineString","coordinates":[[26.107308479531063,44.43280262527116],[26.1073225,44.4327801],[26.1073606,44.4327389],[26.107407655597946,44.432695294225944]]}},{"type":"Feature","properties":{"building_uid":"swp86m","street_name":"Strada George Georgescu","highway":"residential","lungime":3.5},"geometry":{"type":"LineString","coordinates":[[26.093821607963186,44.42437672114558],[26.093852402525958,44.42439899945849]]}},{"type":"Feature","properties":{"building_uid":"l7xfaw","street_name":"Strada George Georgescu","highway":"residential","lungime":18.9},"geometry":{"type":"LineString","coordinates":[[26.092643556275302,44.42372235355971],[26.092840729840972,44.42381749212413]]}},{"type":"Feature","properties":{"building_uid":"dtivba","street_name":"Strada Răspântiilor","highway":"residential","lungime":11.4},"geometry":{"type":"LineString","coordinates":[[26.108195084603974,44.449938820774925],[26.108072188720595,44.449992093750765]]}},{"type":"Feature","properties":{"building_uid":"9dqw0d","street_name":"Strada Doctor Dumitru Râureanu","highway":"residential","lungime":34.5},"geometry":{"type":"LineString","coordinates":[[26.096458135558155,44.430910495405726],[26.096030911989097,44.43096432460114]]}},{"type":"Feature","properties":{"building_uid":"01cg98","street_name":"","highway":"service","lungime":33.8},"geometry":{"type":"LineString","coordinates":[[26.0990187,44.4346372],[26.0987229,44.4345769],[26.0987151,44.4345678],[26.0987145,44.4345579],[26.0987302,44.4345171],[26.098737914701573,44.43449700333967]]}},{"type":"Feature","properties":{"building_uid":"01cg98","street_name":"","highway":"service","lungime":1.2},"geometry":{"type":"LineString","coordinates":[[26.09844575379752,44.43448822866538],[26.0984309,44.4344869]]}},{"type":"Feature","properties":{"building_uid":"01cg98","street_name":"Calea Victoriei","highway":"cycleway","lungime":22.3},"geometry":{"type":"LineString","coordinates":[[26.098321024949627,44.43462801943481],[26.0983358,44.4345607],[26.0983445,44.4344783],[26.0983414671779,44.4344280495883]]}},{"type":"Feature","properties":{"building_uid":"01cg98","street_name":"","highway":"service","lungime":8.9},"geometry":{"type":"LineString","coordinates":[[26.0987302,44.4345171],[26.098620157834723,44.43450423678453]]}},{"type":"Feature","properties":{"building_uid":"01cg98","street_name":"","highway":"service","lungime":8.2},"geometry":{"type":"LineString","coordinates":[[26.0984309,44.4344869],[26.0983445,44.4344783],[26.09832900864104,44.43447731118985]]}},{"type":"Feature","properties":{"building_uid":"0tv4wd","street_name":"","highway":"footway","lungime":11.9},"geometry":{"type":"LineString","coordinates":[[26.0954907,44.4343466],[26.09535069598745,44.43430922508183]]}},{"type":"Feature","properties":{"building_uid":"0tv4wd","street_name":"","highway":"footway","lungime":5.9},"geometry":{"type":"LineString","coordinates":[[26.0954907,44.4343466],[26.09554279276525,44.434309402836696]]}},{"type":"Feature","properties":{"building_uid":"0tv4wd","street_name":"","highway":"footway","lungime":28.7},"geometry":{"type":"LineString","coordinates":[[26.09522858622423,44.43464904471028],[26.095588525735867,44.434654657863895]]}},{"type":"Feature","properties":{"building_uid":"bkso9i","street_name":"Strada Ion Brezoianu","highway":"residential","lungime":22.6},"geometry":{"type":"LineString","coordinates":[[26.094704213350195,44.43438545744013],[26.094700770990002,44.43458923896123]]}},{"type":"Feature","properties":{"building_uid":"cfyve9","street_name":"","highway":"footway","lungime":26.1},"geometry":{"type":"LineString","coordinates":[[26.08868970164357,44.434512873571286],[26.089016960489083,44.43451736162233]]}},{"type":"Feature","properties":{"building_uid":"256hqr","street_name":"Strada Ripiceni","highway":"residential","lungime":32},"geometry":{"type":"LineString","coordinates":[[26.129688332933682,44.46176231906376],[26.1299046,44.461564],[26.129937071301534,44.461535882879026]]}},{"type":"Feature","properties":{"building_uid":"256hqr","street_name":"","highway":"service","lungime":66.5},"geometry":{"type":"LineString","coordinates":[[26.130445882375177,44.46170464110229],[26.1305375,44.4616415],[26.1306465,44.4615479],[26.1307209,44.4614815],[26.1307412,44.4614481],[26.1307464,44.4614305],[26.1307338,44.4613803],[26.130597304115934,44.461211066080075]]}},{"type":"Feature","properties":{"building_uid":"256hqr","street_name":"","highway":"service","lungime":5.4},"geometry":{"type":"LineString","coordinates":[[26.130763217223496,44.46151976889842],[26.1307209,44.4614815]]}},{"type":"Feature","properties":{"building_uid":"256hqr","street_name":"","highway":"service","lungime":0.8},"geometry":{"type":"LineString","coordinates":[[26.12989645985223,44.461559630229466],[26.1299046,44.461564]]}},{"type":"Feature","properties":{"building_uid":"8492p7","street_name":"Strada Ritoride","highway":"residential","lungime":8.7},"geometry":{"type":"LineString","coordinates":[[26.0894518594975,44.40863042642299],[26.08937840705069,44.40857185887054]]}},{"type":"Feature","properties":{"building_uid":"4g9wld","street_name":"Strada Mântuleasa","highway":"tertiary","lungime":16.3},"geometry":{"type":"LineString","coordinates":[[26.112701236351224,44.43482461805547],[26.11262081710165,44.434689907892235]]}},{"type":"Feature","properties":{"building_uid":"4g9wld","street_name":"Strada Romulus","highway":"tertiary","lungime":14.4},"geometry":{"type":"LineString","coordinates":[[26.11281115010798,44.43484658820168],[26.112975652523374,44.43479345215267]]}},{"type":"Feature","properties":{"building_uid":"c17ico","street_name":"Strada Romulus","highway":"tertiary","lungime":6.6},"geometry":{"type":"LineString","coordinates":[[26.113209382070075,44.43469907144162],[26.1132279,44.43469],[26.11327521807448,44.434662500400336]]}},{"type":"Feature","properties":{"building_uid":"qjmdq0","street_name":"Strada Romulus","highway":"tertiary","lungime":18.9},"geometry":{"type":"LineString","coordinates":[[26.11414278476761,44.434018367500244],[26.1141661,44.4339968],[26.114285990679594,44.43388316754356]]}},{"type":"Feature","properties":{"building_uid":"qa85el","street_name":"Strada Rondă","highway":"residential","lungime":5.9},"geometry":{"type":"LineString","coordinates":[[26.125794222462233,44.436752813827674],[26.12572208692561,44.43676517339747]]}},{"type":"Feature","properties":{"building_uid":"6vu03b","street_name":"Strada Rumeoara","highway":"residential","lungime":8.6},"geometry":{"type":"LineString","coordinates":[[26.119109711688285,44.44158974036522],[26.119144665382496,44.44166319835464]]}},{"type":"Feature","properties":{"building_uid":"1xuday","street_name":"Strada Rumeoara","highway":"residential","lungime":7.3},"geometry":{"type":"LineString","coordinates":[[26.119376705916114,44.44142541836135],[26.11946765257867,44.441421038242225]]}},{"type":"Feature","properties":{"building_uid":"0geijx","street_name":"Strada Rumeoara","highway":"residential","lungime":7.8},"geometry":{"type":"LineString","coordinates":[[26.11965336804324,44.44141209392438],[26.119751389948412,44.441407373051625]]}},{"type":"Feature","properties":{"building_uid":"7srus8","street_name":"Strada Elev Ștefan Ștefănescu","highway":"residential","lungime":3.1},"geometry":{"type":"LineString","coordinates":[[26.135432061923282,44.44272680208296],[26.1354488,44.4427019]]}},{"type":"Feature","properties":{"building_uid":"7srus8","street_name":"","highway":"footway","lungime":35.5},"geometry":{"type":"LineString","coordinates":[[26.1348967,44.4425642],[26.135025520095432,44.44225828437138]]}},{"type":"Feature","properties":{"building_uid":"7srus8","street_name":"Strada Locotenent Sachelarie Visarion","highway":"residential","lungime":67},"geometry":{"type":"LineString","coordinates":[[26.134855590588472,44.44255422776766],[26.1348967,44.4425642],[26.1350565,44.4426071],[26.1354488,44.4427019],[26.1356296,44.4427443],[26.135651984133467,44.44274919816628]]}},{"type":"Feature","properties":{"building_uid":"7srus8","street_name":"Aleea Zarandului","highway":"residential","lungime":3.2},"geometry":{"type":"LineString","coordinates":[[26.135047227223325,44.44263551657368],[26.1350565,44.4426071]]}},{"type":"Feature","properties":{"building_uid":"7srus8","street_name":"","highway":"service","lungime":37.5},"geometry":{"type":"LineString","coordinates":[[26.1356296,44.4427443],[26.135752205131258,44.44241842162639]]}},{"type":"Feature","properties":{"building_uid":"ulxjso","street_name":"Strada Constantin Nacu","highway":"residential","lungime":2.9},"geometry":{"type":"LineString","coordinates":[[26.108311017800332,44.43734568803112],[26.108321311390927,44.43732060077237]]}},{"type":"Feature","properties":{"building_uid":"fr3l9f","street_name":"Strada Sapienței","highway":"residential","lungime":16.5},"geometry":{"type":"LineString","coordinates":[[26.093448102916845,44.431269645867445],[26.09365298677901,44.43124853214393]]}},{"type":"Feature","properties":{"building_uid":"ui1u9m","street_name":"Strada Sapienței","highway":"residential","lungime":20.7},"geometry":{"type":"LineString","coordinates":[[26.09280195181497,44.43133623313092],[26.09305922296568,44.431309720784434]]}},{"type":"Feature","properties":{"building_uid":"jgejhq","street_name":"Strada Pătrașcu Vodă","highway":"living_street","lungime":13.4},"geometry":{"type":"LineString","coordinates":[[26.104914727904386,44.43338619767956],[26.105080239810974,44.43340732478764]]}},{"type":"Feature","properties":{"building_uid":"z88i7s","street_name":"","highway":"footway","lungime":3.8},"geometry":{"type":"LineString","coordinates":[[26.089522142716845,44.43464330897563],[26.0895252,44.4346771]]}},{"type":"Feature","properties":{"building_uid":"z88i7s","street_name":"","highway":"footway","lungime":3},"geometry":{"type":"LineString","coordinates":[[26.0895252,44.4346771],[26.08956335928181,44.434678331694236]]}},{"type":"Feature","properties":{"building_uid":"z88i7s","street_name":"","highway":"footway","lungime":24.4},"geometry":{"type":"LineString","coordinates":[[26.0895252,44.4346771],[26.089495,44.4346522],[26.0894528,44.4346436],[26.089236307482974,44.4346408814626]]}},{"type":"Feature","properties":{"building_uid":"78hhg4","street_name":"","highway":"pedestrian","lungime":18.3},"geometry":{"type":"LineString","coordinates":[[26.10061960683696,44.43034999475757],[26.1006058,44.4303188],[26.1005676,44.4302235],[26.100554652167418,44.43019235880265]]}},{"type":"Feature","properties":{"building_uid":"ii0b5h","street_name":"","highway":"pedestrian","lungime":16.6},"geometry":{"type":"LineString","coordinates":[[26.100579599411308,44.430253435704124],[26.1005676,44.4302235],[26.1005286,44.4301297],[26.100520857489556,44.43011020826561]]}},{"type":"Feature","properties":{"building_uid":"9inq1h","street_name":"Strada Ecaterina Teodoroiu","highway":"residential","lungime":1.7},"geometry":{"type":"LineString","coordinates":[[26.0852663,44.445369],[26.085265887080748,44.445384017221265]]}},{"type":"Feature","properties":{"building_uid":"9inq1h","street_name":"Strada Semicercului","highway":"residential","lungime":38.8},"geometry":{"type":"LineString","coordinates":[[26.08563108223648,44.445137675723934],[26.0852663,44.445369]]}},{"type":"Feature","properties":{"building_uid":"9inq1h","street_name":"Strada Semicercului","highway":"residential","lungime":6.9},"geometry":{"type":"LineString","coordinates":[[26.08517979778391,44.44537684861048],[26.0852663,44.445369]]}},{"type":"Feature","properties":{"building_uid":"t1067l","street_name":"Strada Șepcari","highway":"pedestrian","lungime":33.3},"geometry":{"type":"LineString","coordinates":[[26.10320438890332,44.430705425564916],[26.102926633313928,44.430481419246405]]}},{"type":"Feature","properties":{"building_uid":"t1067l","street_name":"","highway":"pedestrian","lungime":25},"geometry":{"type":"LineString","coordinates":[[26.10291154620928,44.430523911125775],[26.1029508,44.4305542],[26.1030414,44.4306277],[26.1031119,44.4306857],[26.10312013459923,44.43069236311083]]}},{"type":"Feature","properties":{"building_uid":"t1067l","street_name":"","highway":"pedestrian","lungime":9.3},"geometry":{"type":"LineString","coordinates":[[26.10332579605423,44.430705616608265],[26.1033288,44.4306216]]}},{"type":"Feature","properties":{"building_uid":"t1067l","street_name":"","highway":"pedestrian","lungime":9.4},"geometry":{"type":"LineString","coordinates":[[26.1030286,44.4305199],[26.10294684417642,44.43045920810605]]}},{"type":"Feature","properties":{"building_uid":"t1067l","street_name":"","highway":"footway","lungime":32.6},"geometry":{"type":"LineString","coordinates":[[26.10342591487865,44.43066584104192],[26.10343816392087,44.43037208198312]]}},{"type":"Feature","properties":{"building_uid":"4wtnen","street_name":"","highway":"pedestrian","lungime":3.5},"geometry":{"type":"LineString","coordinates":[[26.102370721692758,44.43007189129694],[26.1023971,44.4300971]]}},{"type":"Feature","properties":{"building_uid":"4wtnen","street_name":"","highway":"pedestrian","lungime":3.5},"geometry":{"type":"LineString","coordinates":[[26.1025097,44.4302059],[26.102534727733172,44.43023134660737]]}},{"type":"Feature","properties":{"building_uid":"pdqp8u","street_name":"","highway":"service","lungime":130.6},"geometry":{"type":"LineString","coordinates":[[26.1029347,44.4211012],[26.1030432,44.4220421],[26.1030206,44.4220651],[26.1029882,44.4220775],[26.102742975858824,44.422097860854166]]}},{"type":"Feature","properties":{"building_uid":"pdqp8u","street_name":"Piața Concordiei","highway":"residential","lungime":2.1},"geometry":{"type":"LineString","coordinates":[[26.102685,44.4216986],[26.102659128034134,44.421701911736015]]}},{"type":"Feature","properties":{"building_uid":"pdqp8u","street_name":"","highway":"footway","lungime":21.6},"geometry":{"type":"LineString","coordinates":[[26.10272495253841,44.42096333015883],[26.1029344,44.4210241],[26.1029770810916,44.42103577315206]]}},{"type":"Feature","properties":{"building_uid":"pdqp8u","street_name":"","highway":"footway","lungime":8.6},"geometry":{"type":"LineString","coordinates":[[26.1029344,44.4210241],[26.1029347,44.4211012]]}},{"type":"Feature","properties":{"building_uid":"pdqp8u","street_name":"Calea Șerban Vodă","highway":"tertiary","lungime":62.4},"geometry":{"type":"LineString","coordinates":[[26.1027177,44.4219029],[26.1027102,44.4218419],[26.102685,44.4216986],[26.102610421690635,44.42134674336093]]}},{"type":"Feature","properties":{"building_uid":"pdqp8u","street_name":"Calea Șerban Vodă","highway":"tertiary","lungime":21.6},"geometry":{"type":"LineString","coordinates":[[26.102741083061204,44.422096206578],[26.1027177,44.4219029]]}},{"type":"Feature","properties":{"building_uid":"4dxdn1","street_name":"Strada Poterași","highway":"residential","lungime":33.7},"geometry":{"type":"LineString","coordinates":[[26.101973190473082,44.41968989748277],[26.1020748,44.4196839],[26.1022683,44.4196733],[26.1023407,44.419669],[26.1023783,44.4196536],[26.10238500860544,44.41964709030199]]}},{"type":"Feature","properties":{"building_uid":"4dxdn1","street_name":"","highway":"service","lungime":0.9},"geometry":{"type":"LineString","coordinates":[[26.1020748,44.4196839],[26.10207433689197,44.41967556405544]]}},{"type":"Feature","properties":{"building_uid":"zxi06p","street_name":"Strada Mitropolitul Iosif","highway":"residential","lungime":16.2},"geometry":{"type":"LineString","coordinates":[[26.095526088953598,44.40745138827346],[26.0953771340232,44.40755079810898]]}},{"type":"Feature","properties":{"building_uid":"2m93xf","street_name":"Strada Baia de Fier","highway":"living_street","lungime":19.5},"geometry":{"type":"LineString","coordinates":[[26.106081009029978,44.430786695889154],[26.105967,44.430669],[26.10594060781487,44.43064337643545]]}},{"type":"Feature","properties":{"building_uid":"2m93xf","street_name":"","highway":"service","lungime":1},"geometry":{"type":"LineString","coordinates":[[26.105976498389722,44.430662698183745],[26.105967,44.430669]]}},{"type":"Feature","properties":{"building_uid":"loevln","street_name":"Strada Sfântul Spiridon","highway":"residential","lungime":23.3},"geometry":{"type":"LineString","coordinates":[[26.107117081622,44.44100409300129],[26.10711754838465,44.44121352737309]]}},{"type":"Feature","properties":{"building_uid":"loevln","street_name":"Strada Thomas Masaryk","highway":"residential","lungime":1.1},"geometry":{"type":"LineString","coordinates":[[26.107316832459187,44.440913932784525],[26.107302754660953,44.44091454306717]]}},{"type":"Feature","properties":{"building_uid":"iw759v","street_name":"Strada Sfântul Spiridon","highway":"residential","lungime":53.7},"geometry":{"type":"LineString","coordinates":[[26.107118602874625,44.44168667243957],[26.1071192,44.4419546],[26.1071166,44.4420703],[26.107123184802113,44.44216994552587]]}},{"type":"Feature","properties":{"building_uid":"iw759v","street_name":"","highway":"service","lungime":8.1},"geometry":{"type":"LineString","coordinates":[[26.107021954812083,44.44204439425602],[26.1071166,44.4420703]]}},{"type":"Feature","properties":{"building_uid":"l31wm3","street_name":"Intrarea Argeaua","highway":"residential","lungime":8.7},"geometry":{"type":"LineString","coordinates":[[26.116832303083676,44.435839772532816],[26.116939862560535,44.43582368187831]]}},{"type":"Feature","properties":{"building_uid":"wegyrr","street_name":"Strada Sfinții Voievozi","highway":"residential","lungime":14.5},"geometry":{"type":"LineString","coordinates":[[26.084716973593014,44.44628469313882],[26.0845607,44.4462465],[26.08454507500567,44.4462414736464]]}},{"type":"Feature","properties":{"building_uid":"5apw45","street_name":"Strada Sfinților","highway":"residential","lungime":22.6},"geometry":{"type":"LineString","coordinates":[[26.107779264931033,44.43532296838303],[26.107540764040234,44.43521302381045]]}},{"type":"Feature","properties":{"building_uid":"l575g2","street_name":"Strada Sfinților","highway":"residential","lungime":26.1},"geometry":{"type":"LineString","coordinates":[[26.10841724685817,44.435535916818644],[26.108377,44.4355304],[26.1082637,44.4355073],[26.1081336,44.4354735],[26.108105191571255,44.43546392848198]]}},{"type":"Feature","properties":{"building_uid":"l575g2","street_name":"","highway":"pedestrian","lungime":2.2},"geometry":{"type":"LineString","coordinates":[[26.10827770343768,44.435489971396585],[26.1082637,44.4355073]]}},{"type":"Feature","properties":{"building_uid":"az1pyj","street_name":"","highway":"footway","lungime":26.6},"geometry":{"type":"LineString","coordinates":[[26.04889518791479,44.41998322340884],[26.0488962,44.420014],[26.0489144,44.4200549],[26.0490463,44.4200744],[26.0491403,44.4200882],[26.0491404645783,44.420088223139544]]}},{"type":"Feature","properties":{"building_uid":"az1pyj","street_name":"","highway":"footway","lungime":21.3},"geometry":{"type":"LineString","coordinates":[[26.048685588978223,44.42001713172136],[26.0486766,44.4200478],[26.0486414,44.4201217],[26.0486161,44.4201632],[26.048569780650446,44.420179123469715]]}},{"type":"Feature","properties":{"building_uid":"az1pyj","street_name":"","highway":"footway","lungime":27.7},"geometry":{"type":"LineString","coordinates":[[26.0489144,44.4200549],[26.0488116,44.4200603],[26.0487405,44.420086],[26.0486833,44.4201176],[26.0486161,44.4201632]]}},{"type":"Feature","properties":{"building_uid":"az1pyj","street_name":"","highway":"footway","lungime":34.3},"geometry":{"type":"LineString","coordinates":[[26.0486161,44.4201632],[26.0485758,44.4203537],[26.048601,44.4204192],[26.04862818894701,44.42046312060671]]}},{"type":"Feature","properties":{"building_uid":"az1pyj","street_name":"","highway":"footway","lungime":11.4},"geometry":{"type":"LineString","coordinates":[[26.048757948523257,44.42048372574446],[26.048900740640907,44.420485572857736]]}},{"type":"Feature","properties":{"building_uid":"ivzbon","street_name":"","highway":"service","lungime":10.4},"geometry":{"type":"LineString","coordinates":[[26.147278558166335,44.451958923962664],[26.1471953,44.451887]]}},{"type":"Feature","properties":{"building_uid":"1xg6ly","street_name":"Strada Silvestru","highway":"residential","lungime":28.1},"geometry":{"type":"LineString","coordinates":[[26.11274919267078,44.44066044410749],[26.11299738898335,44.440840984853025]]}},{"type":"Feature","properties":{"building_uid":"1xg6ly","street_name":"Strada Corbeni","highway":"residential","lungime":9},"geometry":{"type":"LineString","coordinates":[[26.112680603115848,44.44066893161412],[26.112601842022354,44.44072717904129]]}},{"type":"Feature","properties":{"building_uid":"foi8x4","street_name":"Strada Popa Petre","highway":"tertiary","lungime":16.5},"geometry":{"type":"LineString","coordinates":[[26.114183989209423,44.4414310476616],[26.1143777057836,44.441377332886034]]}},{"type":"Feature","properties":{"building_uid":"jez8s9","street_name":"Strada Silvestru","highway":"residential","lungime":6.4},"geometry":{"type":"LineString","coordinates":[[26.11432655468983,44.441929496029275],[26.11436202240532,44.44198107186563]]}},{"type":"Feature","properties":{"building_uid":"r7a73j","street_name":"","highway":"residential","lungime":65.6},"geometry":{"type":"LineString","coordinates":[[26.135633998725435,44.46174470548343],[26.1351083,44.4621994]]}},{"type":"Feature","properties":{"building_uid":"r7a73j","street_name":"","highway":"residential","lungime":27.6},"geometry":{"type":"LineString","coordinates":[[26.135106205370494,44.462198172039585],[26.1351083,44.4621994],[26.13537448182257,44.4623553702713]]}},{"type":"Feature","properties":{"building_uid":"r7a73j","street_name":"Strada Magnoliei","highway":"residential","lungime":60.6},"geometry":{"type":"LineString","coordinates":[[26.135892884249248,44.46191892679941],[26.135418009485555,44.462345959040185]]}},{"type":"Feature","properties":{"building_uid":"r7a73j","street_name":"Strada Sinaia","highway":"residential","lungime":4.7},"geometry":{"type":"LineString","coordinates":[[26.13580393739035,44.46181078285575],[26.13584972990302,44.46183821444578]]}},{"type":"Feature","properties":{"building_uid":"0tnhro","street_name":"","highway":"footway","lungime":41},"geometry":{"type":"LineString","coordinates":[[26.134957008837198,44.46283463944108],[26.1351141,44.4630239],[26.135220562022234,44.4631521719504]]}},{"type":"Feature","properties":{"building_uid":"6wspkq","street_name":"Aleea Sinaia","highway":"residential","lungime":44.3},"geometry":{"type":"LineString","coordinates":[[26.134938856108658,44.46356320308429],[26.134663202497187,44.46321704598304]]}},{"type":"Feature","properties":{"building_uid":"0rx4ux","street_name":"Strada Slănic","highway":"residential","lungime":8.7},"geometry":{"type":"LineString","coordinates":[[26.104669580347327,44.43407444059088],[26.104615589825762,44.434006828080875]]}},{"type":"Feature","properties":{"building_uid":"03v06k","street_name":"Strada Slănic","highway":"residential","lungime":6.3},"geometry":{"type":"LineString","coordinates":[[26.104958512456136,44.43443384234479],[26.104918735797387,44.434384655584346]]}},{"type":"Feature","properties":{"building_uid":"hy29d0","street_name":"Strada Dimitrie Bolintineanu","highway":"residential","lungime":10.3},"geometry":{"type":"LineString","coordinates":[[26.105287959161696,44.43477759183473],[26.1051886,44.4347175]]}},{"type":"Feature","properties":{"building_uid":"hy29d0","street_name":"","highway":"service","lungime":5.4},"geometry":{"type":"LineString","coordinates":[[26.104970096064523,44.43454601997614],[26.1049765,44.4345434],[26.1050294,44.4345215]]}},{"type":"Feature","properties":{"building_uid":"hy29d0","street_name":"Strada Slănic","highway":"residential","lungime":38.5},"geometry":{"type":"LineString","coordinates":[[26.105161474160713,44.43476468550098],[26.1051886,44.4347175],[26.1050294,44.4345215],[26.104981020667875,44.434461675402]]}},{"type":"Feature","properties":{"building_uid":"9q5y2h","street_name":"Strada Dimitrie Bolintineanu","highway":"residential","lungime":44.9},"geometry":{"type":"LineString","coordinates":[[26.10562457362827,44.434974150794005],[26.1056222,44.4349734],[26.105514,44.4349143],[26.1051886,44.4347175]]}},{"type":"Feature","properties":{"building_uid":"9q5y2h","street_name":"Strada Slănic","highway":"residential","lungime":14.7},"geometry":{"type":"LineString","coordinates":[[26.10516514552057,44.43475829915649],[26.1051886,44.4347175],[26.10512694311699,44.43464159077217]]}},{"type":"Feature","properties":{"building_uid":"96lduo","street_name":"Strada Slănic","highway":"residential","lungime":17.8},"geometry":{"type":"LineString","coordinates":[[26.10467267079464,44.43560208345454],[26.10475966492663,44.435454413860896]]}},{"type":"Feature","properties":{"building_uid":"9x1ovd","street_name":"Strada Smârdan","highway":"pedestrian","lungime":1.9},"geometry":{"type":"LineString","coordinates":[[26.10019720102347,44.432778042745646],[26.10018522738048,44.43276353275033]]}},{"type":"Feature","properties":{"building_uid":"9x1ovd","street_name":"Strada Smârdan","highway":"pedestrian","lungime":8.8},"geometry":{"type":"LineString","coordinates":[[26.100154776702606,44.43272316539038],[26.100104188622677,44.432652445319455]]}},{"type":"Feature","properties":{"building_uid":"9x1ovd","street_name":"Strada Smârdan","highway":"pedestrian","lungime":6.4},"geometry":{"type":"LineString","coordinates":[[26.100089550833296,44.43263198228736],[26.1000754,44.4326122],[26.10005995207773,44.43257876708793]]}},{"type":"Feature","properties":{"building_uid":"9x1ovd","street_name":"","highway":"footway","lungime":22.1},"geometry":{"type":"LineString","coordinates":[[26.100069495697223,44.43254827877519],[26.1001401,44.4325331],[26.1003218,44.4324674]]}},{"type":"Feature","properties":{"building_uid":"9x1ovd","street_name":"","highway":"pedestrian","lungime":4.6},"geometry":{"type":"LineString","coordinates":[[26.1001211,44.4325626],[26.10006432340883,44.43255506603373]]}},{"type":"Feature","properties":{"building_uid":"9x1ovd","street_name":"","highway":"pedestrian","lungime":30.6},"geometry":{"type":"LineString","coordinates":[[26.100321738407995,44.43279506901562],[26.1002473,44.4327351],[26.1001211,44.4325626]]}},{"type":"Feature","properties":{"building_uid":"9x1ovd","street_name":"","highway":"pedestrian","lungime":46.1},"geometry":{"type":"LineString","coordinates":[[26.1001211,44.4325626],[26.1003248,44.4324864],[26.10037,44.4324405],[26.1002498,44.4324815],[26.1002443,44.4324731],[26.1002018,44.4324885],[26.1001369,44.432512],[26.10013255573079,44.432510537986325]]}},{"type":"Feature","properties":{"building_uid":"9x1ovd","street_name":"","highway":"pedestrian","lungime":4.6},"geometry":{"type":"LineString","coordinates":[[26.10006432340883,44.43255506603373],[26.1001211,44.4325626]]}},{"type":"Feature","properties":{"building_uid":"jjm3o5","street_name":"","highway":"pedestrian","lungime":4.6},"geometry":{"type":"LineString","coordinates":[[26.100039098169738,44.43234014500643],[26.1000203,44.4323008],[26.100020291324466,44.432300780570415]]}},{"type":"Feature","properties":{"building_uid":"jjm3o5","street_name":"","highway":"pedestrian","lungime":4.7},"geometry":{"type":"LineString","coordinates":[[26.099943496054692,44.43212878994453],[26.099927609119476,44.43208829862759]]}},{"type":"Feature","properties":{"building_uid":"us5vkp","street_name":"Strada Smârdan","highway":"pedestrian","lungime":23.9},"geometry":{"type":"LineString","coordinates":[[26.09979360157423,44.431516341628736],[26.099789881272102,44.43130156358932]]}},{"type":"Feature","properties":{"building_uid":"us5vkp","street_name":"","highway":"pedestrian","lungime":31.1},"geometry":{"type":"LineString","coordinates":[[26.099719744826942,44.43126363703695],[26.0997208,44.431316],[26.099733882577222,44.43154373375163]]}},{"type":"Feature","properties":{"building_uid":"l0zln9","street_name":"","highway":"pedestrian","lungime":20.4},"geometry":{"type":"LineString","coordinates":[[26.099838888264948,44.43133875585794],[26.0998373,44.4312971],[26.0998309,44.4311689],[26.09983073712134,44.43115490872299]]}},{"type":"Feature","properties":{"building_uid":"ae18lv","street_name":"","highway":"pedestrian","lungime":3.5},"geometry":{"type":"LineString","coordinates":[[26.10021724282798,44.43046080178354],[26.100191,44.4304861]]}},{"type":"Feature","properties":{"building_uid":"ae18lv","street_name":"","highway":"pedestrian","lungime":4.2},"geometry":{"type":"LineString","coordinates":[[26.1000053,44.4306786],[26.0999938,44.4306753],[26.09997321928481,44.4306997040101]]}},{"type":"Feature","properties":{"building_uid":"vwi65j","street_name":"Strada Spătarului","highway":"residential","lungime":31.5},"geometry":{"type":"LineString","coordinates":[[26.113100689943373,44.43898722300776],[26.112897542254814,44.43874401633077]]}},{"type":"Feature","properties":{"building_uid":"vwi65j","street_name":"Strada Semilunei","highway":"residential","lungime":26},"geometry":{"type":"LineString","coordinates":[[26.11275550385997,44.439001680942496],[26.113082189814055,44.43900975778071]]}},{"type":"Feature","properties":{"building_uid":"d68u6n","street_name":"Strada Spătarului","highway":"residential","lungime":10.8},"geometry":{"type":"LineString","coordinates":[[26.11363446380058,44.43969081126052],[26.113569750323286,44.43960521137082]]}},{"type":"Feature","properties":{"building_uid":"2yffam","street_name":"Strada Spătarului","highway":"residential","lungime":18.1},"geometry":{"type":"LineString","coordinates":[[26.11375471440536,44.43984987300369],[26.113646659084026,44.439706942597624]]}},{"type":"Feature","properties":{"building_uid":"1n6020","street_name":"Strada Speranței","highway":"residential","lungime":22.2},"geometry":{"type":"LineString","coordinates":[[26.108008798776154,44.437571895514765],[26.107888439499696,44.437392003224225]]}},{"type":"Feature","properties":{"building_uid":"y30dg3","street_name":"","highway":"service","lungime":2.5},"geometry":{"type":"LineString","coordinates":[[26.115518335840154,44.45306780560889],[26.1154871,44.4530706]]}},{"type":"Feature","properties":{"building_uid":"y30dg3","street_name":"","highway":"service","lungime":31.9},"geometry":{"type":"LineString","coordinates":[[26.115944237198548,44.45302352014349],[26.1158951,44.4527666],[26.11588959557176,44.45273877446511]]}},{"type":"Feature","properties":{"building_uid":"y30dg3","street_name":"","highway":"service","lungime":19.4},"geometry":{"type":"LineString","coordinates":[[26.11535681712765,44.45279082472893],[26.1153612,44.4528134],[26.1153904,44.4529636]]}},{"type":"Feature","properties":{"building_uid":"y30dg3","street_name":"","highway":"footway","lungime":14.2},"geometry":{"type":"LineString","coordinates":[[26.1154871,44.4530706],[26.1153904,44.4529636]]}},{"type":"Feature","properties":{"building_uid":"y30dg3","street_name":"","highway":"footway","lungime":51.6},"geometry":{"type":"LineString","coordinates":[[26.115313014287793,44.45281805324116],[26.1153612,44.4528134],[26.1156617,44.4527865],[26.1158951,44.4527666],[26.115956892285052,44.452762183455846]]}},{"type":"Feature","properties":{"building_uid":"y30dg3","street_name":"","highway":"footway","lungime":3.2},"geometry":{"type":"LineString","coordinates":[[26.1156617,44.4527865],[26.115659537522998,44.4527577699484]]}},{"type":"Feature","properties":{"building_uid":"rkprnd","street_name":"","highway":"service","lungime":108},"geometry":{"type":"LineString","coordinates":[[26.117041,44.452922],[26.1170507,44.4530001],[26.1159593,44.4530885],[26.1159454,44.4530296],[26.11587999999043,44.45303545075364]]}},{"type":"Feature","properties":{"building_uid":"rkprnd","street_name":"","highway":"service","lungime":22.1},"geometry":{"type":"LineString","coordinates":[[26.1159454,44.4530296],[26.115907656732368,44.452832254485344]]}},{"type":"Feature","properties":{"building_uid":"rkprnd","street_name":"","highway":"service","lungime":22.3},"geometry":{"type":"LineString","coordinates":[[26.117041,44.452922],[26.117001748229942,44.45272319233348]]}},{"type":"Feature","properties":{"building_uid":"rkprnd","street_name":"","highway":"service","lungime":8.3},"geometry":{"type":"LineString","coordinates":[[26.1171433573964,44.45290874543984],[26.117041,44.452922]]}},{"type":"Feature","properties":{"building_uid":"kljqal","street_name":"Șoseaua Ștefan cel Mare","highway":"residential","lungime":100.3},"geometry":{"type":"LineString","coordinates":[[26.12179901935187,44.45184284990214],[26.1218299,44.4518323],[26.1219749,44.451775],[26.1227299,44.4514433],[26.1228765,44.451374]]}},{"type":"Feature","properties":{"building_uid":"kljqal","street_name":"Șoseaua Ștefan cel Mare","highway":"primary","lungime":95.9},"geometry":{"type":"LineString","coordinates":[[26.12304074457435,44.45096601237753],[26.123005,44.4509885],[26.1227202,44.4511454],[26.122369,44.4513272],[26.1220286,44.4514211]]}},{"type":"Feature","properties":{"building_uid":"kljqal","street_name":"","highway":"residential","lungime":42.1},"geometry":{"type":"LineString","coordinates":[[26.1228765,44.451374],[26.1232251,44.4511788],[26.123292175510336,44.451139604947954]]}},{"type":"Feature","properties":{"building_uid":"kljqal","street_name":"Strada Irimicului","highway":"residential","lungime":6.7},"geometry":{"type":"LineString","coordinates":[[26.122900119189545,44.45143201413728],[26.1228765,44.451374]]}},{"type":"Feature","properties":{"building_uid":"kljqal","street_name":"","highway":"footway","lungime":29.3},"geometry":{"type":"LineString","coordinates":[[26.1218299,44.4518323],[26.1216804,44.4516348],[26.1216714,44.4516229],[26.121655457625753,44.45159976973447]]}},{"type":"Feature","properties":{"building_uid":"kljqal","street_name":"","highway":"footway","lungime":25},"geometry":{"type":"LineString","coordinates":[[26.1232251,44.4511788],[26.1230371,44.4510162],[26.123025,44.4510058]]}},{"type":"Feature","properties":{"building_uid":"kljqal","street_name":"Șoseaua Ștefan cel Mare","highway":"primary","lungime":21},"geometry":{"type":"LineString","coordinates":[[26.1220286,44.4514211],[26.1218272,44.4515008],[26.121797751341056,44.451511920580764]]}},{"type":"Feature","properties":{"building_uid":"kljqal","street_name":"Pasajul Obor","highway":"primary","lungime":8.4},"geometry":{"type":"LineString","coordinates":[[26.122117170244206,44.451379139556224],[26.1220286,44.4514211]]}},{"type":"Feature","properties":{"building_uid":"kljqal","street_name":"","highway":"footway","lungime":138.4},"geometry":{"type":"LineString","coordinates":[[26.12310467178226,44.45097505722236],[26.1230371,44.4510162],[26.1223886,44.451356],[26.1216804,44.4516348],[26.121645496805524,44.45164642464758]]}},{"type":"Feature","properties":{"building_uid":"kljqal","street_name":"","highway":"cycleway","lungime":136.3},"geometry":{"type":"LineString","coordinates":[[26.12308388047774,44.45096980821258],[26.123025,44.4510058],[26.1223832,44.4513462],[26.1216714,44.4516229],[26.121647146379274,44.45163103651326]]}},{"type":"Feature","properties":{"building_uid":"kljqal","street_name":"","highway":"footway","lungime":7.5},"geometry":{"type":"LineString","coordinates":[[26.1232251,44.4511788],[26.123257704891078,44.45124214900841]]}},{"type":"Feature","properties":{"building_uid":"5pjegl","street_name":"","highway":"residential","lungime":35.8},"geometry":{"type":"LineString","coordinates":[[26.12323468422223,44.45117319953439],[26.123349,44.4511064],[26.1235277,44.4509907],[26.12357131279073,44.45095967646845]]}},{"type":"Feature","properties":{"building_uid":"5pjegl","street_name":"","highway":"footway","lungime":19},"geometry":{"type":"LineString","coordinates":[[26.123213061036445,44.45116838757727],[26.123061087816573,44.45103694690944]]}},{"type":"Feature","properties":{"building_uid":"5pjegl","street_name":"","highway":"footway","lungime":23.2},"geometry":{"type":"LineString","coordinates":[[26.1233278,44.4508392],[26.1235277,44.4509907]]}},{"type":"Feature","properties":{"building_uid":"5pjegl","street_name":"","highway":"service","lungime":2.9},"geometry":{"type":"LineString","coordinates":[[26.12337647291493,44.45112295219789],[26.123349,44.4511064]]}},{"type":"Feature","properties":{"building_uid":"5pjegl","street_name":"","highway":"footway","lungime":31.3},"geometry":{"type":"LineString","coordinates":[[26.123358229438892,44.450817631335724],[26.1233278,44.4508392],[26.123060856769143,44.451001735094124]]}},{"type":"Feature","properties":{"building_uid":"5pjegl","street_name":"","highway":"cycleway","lungime":24.3},"geometry":{"type":"LineString","coordinates":[[26.12331371580298,44.450828683587844],[26.1233072,44.4508333],[26.12308189936567,44.45097101920419]]}},{"type":"Feature","properties":{"building_uid":"655rfx","street_name":"Strada Mihăileanu Ștefan","highway":"residential","lungime":36.1},"geometry":{"type":"LineString","coordinates":[[26.11927602384067,44.436317145327465],[26.119094280358922,44.43601914178625]]}},{"type":"Feature","properties":{"building_uid":"hi64ec","street_name":"Strada Mihăileanu Ștefan","highway":"residential","lungime":11.9},"geometry":{"type":"LineString","coordinates":[[26.119389487749526,44.43650319132105],[26.119329444567853,44.43640473892764]]}},{"type":"Feature","properties":{"building_uid":"wtmi7b","street_name":"Strada Mihăileanu Ștefan","highway":"residential","lungime":8},"geometry":{"type":"LineString","coordinates":[[26.118995168039284,44.43585662799513],[26.1189574,44.4357947],[26.118955100249913,44.43579039563442]]}},{"type":"Feature","properties":{"building_uid":"vjwpkg","street_name":"Strada Aviator Ștefan Protopopescu","highway":"residential","lungime":41.1},"geometry":{"type":"LineString","coordinates":[[26.098593365586574,44.46343300350901],[26.098184,44.4633775],[26.0980852383771,44.46336602994727]]}},{"type":"Feature","properties":{"building_uid":"vjwpkg","street_name":"","highway":"residential","lungime":4.9},"geometry":{"type":"LineString","coordinates":[[26.098194711520822,44.46333421355419],[26.098184,44.4633775]]}},{"type":"Feature","properties":{"building_uid":"vjwpkg","street_name":"","highway":"footway","lungime":31.5},"geometry":{"type":"LineString","coordinates":[[26.09804302398601,44.46374929872246],[26.0984245,44.4638043],[26.098430882144243,44.463805209475325]]}},{"type":"Feature","properties":{"building_uid":"vjwpkg","street_name":"","highway":"footway","lungime":0.3},"geometry":{"type":"LineString","coordinates":[[26.0984245,44.4638043],[26.09842496808833,44.46380703772045]]}},{"type":"Feature","properties":{"building_uid":"vjwpkg","street_name":"","highway":"path","lungime":26.2},"geometry":{"type":"LineString","coordinates":[[26.097974951848773,44.46364218504033],[26.09803807195329,44.46341093030446]]}},{"type":"Feature","properties":{"building_uid":"wlavu2","street_name":"Strada Stelea Spătarul","highway":"residential","lungime":8.7},"geometry":{"type":"LineString","coordinates":[[26.106332498655952,44.4313746255466],[26.106417339873232,44.43142428990109]]}},{"type":"Feature","properties":{"building_uid":"d6ykqd","street_name":"Strada Poiana Narciselor","highway":"residential","lungime":31.6},"geometry":{"type":"LineString","coordinates":[[26.090989008472384,44.439782331911296],[26.091311,44.4396433],[26.091329443308915,44.43963566709839]]}},{"type":"Feature","properties":{"building_uid":"d6ykqd","street_name":"Strada Știrbei Vodă","highway":"secondary","lungime":27.8},"geometry":{"type":"LineString","coordinates":[[26.091038313201263,44.43996976139362],[26.0912918,44.4399925],[26.09138565915041,44.44000019271445]]}},{"type":"Feature","properties":{"building_uid":"upaz3i","street_name":"Strada Astronomului","highway":"residential","lungime":4.3},"geometry":{"type":"LineString","coordinates":[[26.088311917431863,44.44028979321138],[26.0882607,44.4402779]]}},{"type":"Feature","properties":{"building_uid":"upaz3i","street_name":"Strada Luigi Cazzavillan","highway":"residential","lungime":40.2},"geometry":{"type":"LineString","coordinates":[[26.08817625226751,44.440428272909514],[26.0882607,44.4402779],[26.088360372086672,44.44009097719698]]}},{"type":"Feature","properties":{"building_uid":"6etak5","street_name":"Aleea Someșul Mare","highway":"residential","lungime":1.3},"geometry":{"type":"LineString","coordinates":[[26.1150778,44.3776901],[26.115094016206392,44.377690343659886]]}},{"type":"Feature","properties":{"building_uid":"6etak5","street_name":"Strada Stupilor","highway":"residential","lungime":12.9},"geometry":{"type":"LineString","coordinates":[[26.115068918492472,44.37767691964249],[26.1150778,44.3776901],[26.1151376332749,44.377782082497234]]}},{"type":"Feature","properties":{"building_uid":"pchcwn","street_name":"Strada Suvenir","highway":"residential","lungime":8},"geometry":{"type":"LineString","coordinates":[[26.117239943028473,44.44480482866008],[26.117158593101255,44.44476273310196]]}},{"type":"Feature","properties":{"building_uid":"eyeisp","street_name":"","highway":"footway","lungime":38.8},"geometry":{"type":"LineString","coordinates":[[26.026617874460904,44.42274174668208],[26.02709352051696,44.42266516205234]]}},{"type":"Feature","properties":{"building_uid":"ez5ta1","street_name":"","highway":"service","lungime":6.9},"geometry":{"type":"LineString","coordinates":[[26.118300660965904,44.39421533066499],[26.11834290740569,44.394269907869216]]}},{"type":"Feature","properties":{"building_uid":"ez5ta1","street_name":"","highway":"footway","lungime":6.8},"geometry":{"type":"LineString","coordinates":[[26.1181926,44.3945001],[26.11823277921861,44.39455397569443]]}},{"type":"Feature","properties":{"building_uid":"ez5ta1","street_name":"","highway":"service","lungime":9.6},"geometry":{"type":"LineString","coordinates":[[26.1180119,44.3943387],[26.117954212550853,44.394262377417235]]}},{"type":"Feature","properties":{"building_uid":"felf18","street_name":"Strada Tache Ionescu","highway":"residential","lungime":28.1},"geometry":{"type":"LineString","coordinates":[[26.0966847728895,44.44398886148586],[26.0966948,44.443993],[26.09699040036127,44.444115856126125]]}},{"type":"Feature","properties":{"building_uid":"felf18","street_name":"Strada Dimitri Ivanovici Mendeleev","highway":"residential","lungime":32.1},"geometry":{"type":"LineString","coordinates":[[26.096544510023598,44.444332337919356],[26.096550686652577,44.4440430909037]]}},{"type":"Feature","properties":{"building_uid":"zxm8c4","street_name":"Strada Tache Ionescu","highway":"residential","lungime":26.5},"geometry":{"type":"LineString","coordinates":[[26.097152650609857,44.444183289863076],[26.097440908362852,44.44430309428654]]}},{"type":"Feature","properties":{"building_uid":"drc7ps","street_name":"","highway":"footway","lungime":15.4},"geometry":{"type":"LineString","coordinates":[[26.129083178860814,44.45742766772251],[26.1290087,44.4575003],[26.12897024098754,44.45754012190105]]}},{"type":"Feature","properties":{"building_uid":"ffyfo6","street_name":"","highway":"service","lungime":11.5},"geometry":{"type":"LineString","coordinates":[[26.12704034801442,44.461171934478024],[26.12689755158552,44.46115519800702]]}},{"type":"Feature","properties":{"building_uid":"ffyfo6","street_name":"","highway":"service","lungime":4.7},"geometry":{"type":"LineString","coordinates":[[26.126732137313017,44.461135810609186],[26.12667423895159,44.46112902462543]]}},{"type":"Feature","properties":{"building_uid":"o0noru","street_name":"","highway":"service","lungime":21.9},"geometry":{"type":"LineString","coordinates":[[26.128534938137822,44.42983116099261],[26.12826040012058,44.42981292174177]]}},{"type":"Feature","properties":{"building_uid":"g767ct","street_name":"Strada Andrei Bârseanu","highway":"residential","lungime":17.4},"geometry":{"type":"LineString","coordinates":[[26.124849723104663,44.424875536801565],[26.1250621043237,44.42491442076875]]}},{"type":"Feature","properties":{"building_uid":"g767ct","street_name":"Strada Andrei Bârseanu","highway":"residential","lungime":32.2},"geometry":{"type":"LineString","coordinates":[[26.125086876332887,44.424908334413004],[26.1251275,44.4248235],[26.125168,44.42473],[26.1251698,44.4246629],[26.125166580094287,44.424627904708984]]}},{"type":"Feature","properties":{"building_uid":"l6tz6f","street_name":"Strada Doctor Thoma Ionescu","highway":"residential","lungime":16.8},"geometry":{"type":"LineString","coordinates":[[26.07108213839426,44.43089663481592],[26.07087260512915,44.43087701815927]]}},{"type":"Feature","properties":{"building_uid":"98bjqy","street_name":"Strada Toamnei","highway":"residential","lungime":6.4},"geometry":{"type":"LineString","coordinates":[[26.11363705209894,44.4437635456879],[26.113670694087926,44.443815573415044]]}},{"type":"Feature","properties":{"building_uid":"2ku5q9","street_name":"Strada Constantin Kirițescu","highway":"residential","lungime":4.8},"geometry":{"type":"LineString","coordinates":[[26.120783491436097,44.43721675475492],[26.120841412341452,44.437230097137856]]}},{"type":"Feature","properties":{"building_uid":"8k4vik","street_name":"Strada Transilvaniei","highway":"residential","lungime":27},"geometry":{"type":"LineString","coordinates":[[26.08459096682585,44.442284701599064],[26.084897336275695,44.44238846614136]]}},{"type":"Feature","properties":{"building_uid":"8k4vik","street_name":"Strada Popa Tatu","highway":"tertiary","lungime":17},"geometry":{"type":"LineString","coordinates":[[26.08490639315952,44.44242646817713],[26.0848682,44.4424682],[26.08478910473687,44.44255461092947]]}},{"type":"Feature","properties":{"building_uid":"ppb3cl","street_name":"","highway":"footway","lungime":21.2},"geometry":{"type":"LineString","coordinates":[[26.133299667135997,44.46038621074991],[26.133542586229794,44.46030675123325]]}},{"type":"Feature","properties":{"building_uid":"4lr168","street_name":"Strada Tudor Arghezi","highway":"tertiary","lungime":11.3},"geometry":{"type":"LineString","coordinates":[[26.104609493213104,44.43734906906003],[26.104734989559113,44.43730233371317]]}},{"type":"Feature","properties":{"building_uid":"y0ct9j","street_name":"Strada Tudor Arghezi","highway":"tertiary","lungime":36.5},"geometry":{"type":"LineString","coordinates":[[26.10314083426849,44.43967825059326],[26.1032462,44.4395529],[26.1033557,44.4394069],[26.103367006314464,44.439392001970425]]}},{"type":"Feature","properties":{"building_uid":"y0ct9j","street_name":"Strada Blanduziei","highway":"residential","lungime":34.6},"geometry":{"type":"LineString","coordinates":[[26.1033557,44.4394069],[26.102940134811316,44.43931551337751]]}},{"type":"Feature","properties":{"building_uid":"ea0t3n","street_name":"Strada Tudor Arghezi","highway":"tertiary","lungime":37.3},"geometry":{"type":"LineString","coordinates":[[26.10418073549548,44.437898289752525],[26.1041959,44.4378603],[26.104232,44.4377629],[26.104294466389856,44.4375725140495]]}},{"type":"Feature","properties":{"building_uid":"ymssln","street_name":"Strada Tudor Arghezi","highway":"tertiary","lungime":17.5},"geometry":{"type":"LineString","coordinates":[[26.102821624395713,44.439998871377234],[26.102949291512946,44.439870724308435]]}},{"type":"Feature","properties":{"building_uid":"02db40","street_name":"Strada Tudor Arghezi","highway":"tertiary","lungime":13.1},"geometry":{"type":"LineString","coordinates":[[26.10242182795653,44.440786295084],[26.10246386937069,44.44067245260296]]}},{"type":"Feature","properties":{"building_uid":"p2hwmv","street_name":"Strada Tunari","highway":"tertiary","lungime":28.2},"geometry":{"type":"LineString","coordinates":[[26.107548554363916,44.4482179454249],[26.1075587,44.448202],[26.107695482681372,44.44798666605388]]}},{"type":"Feature","properties":{"building_uid":"p2hwmv","street_name":"","highway":"service","lungime":2.3},"geometry":{"type":"LineString","coordinates":[[26.1075587,44.448202],[26.1075488,44.4481846],[26.107547823287867,44.44818289001158]]}},{"type":"Feature","properties":{"building_uid":"ornt4r","street_name":"","highway":"footway","lungime":15},"geometry":{"type":"LineString","coordinates":[[26.099038338368274,44.429701338919514],[26.09922585859302,44.42969030831806]]}},{"type":"Feature","properties":{"building_uid":"tans90","street_name":"Splaiul Independenței","highway":"primary","lungime":1},"geometry":{"type":"LineString","coordinates":[[26.09838438935978,44.42968810715112],[26.098372,44.4296888]]}},{"type":"Feature","properties":{"building_uid":"tans90","street_name":"","highway":"service","lungime":27.8},"geometry":{"type":"LineString","coordinates":[[26.098372,44.4296888],[26.0983777,44.4297371],[26.0984011,44.4299352],[26.0983998049114,44.429938196991785]]}},{"type":"Feature","properties":{"building_uid":"tans90","street_name":"Splaiul Independenței","highway":"primary","lungime":40.1},"geometry":{"type":"LineString","coordinates":[[26.098372,44.4296888],[26.09786981845771,44.42971677572554]]}},{"type":"Feature","properties":{"building_uid":"tans90","street_name":"","highway":"footway","lungime":49.5},"geometry":{"type":"LineString","coordinates":[[26.097805876678677,44.42976104660955],[26.0983777,44.4297371],[26.098426927974668,44.429734567672654]]}},{"type":"Feature","properties":{"building_uid":"6eh7xn","street_name":"","highway":"footway","lungime":30.8},"geometry":{"type":"LineString","coordinates":[[26.098685655244264,44.429721258529945],[26.0987976,44.4297155],[26.099071882193915,44.4296993657533]]}},{"type":"Feature","properties":{"building_uid":"vyxug6","street_name":"Strada Operetei","highway":"residential","lungime":25.5},"geometry":{"type":"LineString","coordinates":[[26.09534362913188,44.42901720739178],[26.0953467,44.4292063],[26.095347383076053,44.429246677384505]]}},{"type":"Feature","properties":{"building_uid":"vyxug6","street_name":"Strada Vânători","highway":"residential","lungime":35.6},"geometry":{"type":"LineString","coordinates":[[26.095324319610256,44.429258865409935],[26.094877218750558,44.429246678081206]]}},{"type":"Feature","properties":{"building_uid":"jdoso8","street_name":"Strada Vasile Conta","highway":"residential","lungime":3.4},"geometry":{"type":"LineString","coordinates":[[26.1012945059364,44.44063070311366],[26.1012968796548,44.4406616518802]]}},{"type":"Feature","properties":{"building_uid":"3cubba","street_name":"Strada Vasile Lascăr","highway":"residential","lungime":27.5},"geometry":{"type":"LineString","coordinates":[[26.106987244972434,44.43678289613359],[26.10715701842497,44.43699867931158]]}},{"type":"Feature","properties":{"building_uid":"10bq80","street_name":"Strada Vasile Lascăr","highway":"residential","lungime":34.3},"geometry":{"type":"LineString","coordinates":[[26.107877138228492,44.43857274697549],[26.1079157,44.4386779],[26.10798665758029,44.43887146941928]]}},{"type":"Feature","properties":{"building_uid":"xnoo70","street_name":"Strada Constantin Nacu","highway":"residential","lungime":36.1},"geometry":{"type":"LineString","coordinates":[[26.107927348039816,44.438304997612136],[26.108049899226543,44.43799225707202]]}},{"type":"Feature","properties":{"building_uid":"xnoo70","street_name":"Strada Vasile Lascăr","highway":"residential","lungime":28.3},"geometry":{"type":"LineString","coordinates":[[26.107690670737536,44.438061531613926],[26.1077776,44.4382652],[26.107793397474296,44.43830570398933]]}},{"type":"Feature","properties":{"building_uid":"bn8iob","street_name":"Strada Thomas Masaryk","highway":"residential","lungime":31},"geometry":{"type":"LineString","coordinates":[[26.1087492,44.4406823],[26.1087294,44.4406882],[26.1086934,44.4406973],[26.1084672,44.4407472],[26.108377199432155,44.44076517412688]]}},{"type":"Feature","properties":{"building_uid":"bn8iob","street_name":"Strada Vasile Lascăr","highway":"residential","lungime":7.7},"geometry":{"type":"LineString","coordinates":[[26.108458618431907,44.44067832939186],[26.1084634,44.4407167],[26.1084672,44.4407472]]}},{"type":"Feature","properties":{"building_uid":"bn8iob","street_name":"Strada Vasile Lascăr","highway":"tertiary","lungime":20.6},"geometry":{"type":"LineString","coordinates":[[26.108841638072402,44.44082588190222],[26.1087814,44.44073],[26.1087492,44.4406823],[26.108733248362597,44.440657909602514]]}},{"type":"Feature","properties":{"building_uid":"cowzb0","street_name":"Strada Vasile Lascăr","highway":"tertiary","lungime":16.2},"geometry":{"type":"LineString","coordinates":[[26.110408636383095,44.44347547143319],[26.110329254046853,44.443340796611054]]}},{"type":"Feature","properties":{"building_uid":"w5ivcp","street_name":"Strada Preot Vasile Lucaciu","highway":"residential","lungime":26.5},"geometry":{"type":"LineString","coordinates":[[26.116766916090693,44.431474516107784],[26.1164343144116,44.43147891501903]]}},{"type":"Feature","properties":{"building_uid":"c9iwqg","street_name":"Intrarea Vasile Păun","highway":"residential","lungime":28.3},"geometry":{"type":"LineString","coordinates":[[26.088042666308993,44.43406781185277],[26.0880383,44.4340858],[26.0879448,44.4342928],[26.08793682204392,44.43431041940087]]}},{"type":"Feature","properties":{"building_uid":"c9iwqg","street_name":"","highway":"footway","lungime":7.4},"geometry":{"type":"LineString","coordinates":[[26.0878857,44.4342907],[26.0879448,44.4342928],[26.087978169522742,44.43429732979947]]}},{"type":"Feature","properties":{"building_uid":"c9iwqg","street_name":"","highway":"footway","lungime":10.1},"geometry":{"type":"LineString","coordinates":[[26.08776095474849,44.43430860393962],[26.0878026,44.4343022],[26.0878857,44.4342907]]}},{"type":"Feature","properties":{"building_uid":"c9iwqg","street_name":"Intrarea Vasile Păun","highway":"residential","lungime":0.9},"geometry":{"type":"LineString","coordinates":[[26.0880383,44.4340858],[26.08804909049616,44.4340858]]}},{"type":"Feature","properties":{"building_uid":"yvf3bj","street_name":"Strada Vasile Vasilievici Stroescu","highway":"residential","lungime":5.6},"geometry":{"type":"LineString","coordinates":[[26.122356404760488,44.43993582855505],[26.1223669,44.4399366],[26.122425344385956,44.439947440256574]]}},{"type":"Feature","properties":{"building_uid":"a9f887","street_name":"Strada Vasile Toneanu","highway":"residential","lungime":12.3},"geometry":{"type":"LineString","coordinates":[[26.128417898984534,44.42145617920174],[26.128353947761415,44.42135557315768]]}},{"type":"Feature","properties":{"building_uid":"e8ylxw","street_name":"","highway":"service","lungime":57.4},"geometry":{"type":"LineString","coordinates":[[26.179041506848556,44.43951452143895],[26.1791864,44.4399681],[26.179116776929757,44.43997894562202]]}},{"type":"Feature","properties":{"building_uid":"e8ylxw","street_name":"","highway":"footway","lungime":20.6},"geometry":{"type":"LineString","coordinates":[[26.1791864,44.4399681],[26.179243646263043,44.440148567929086]]}},{"type":"Feature","properties":{"building_uid":"khjen7","street_name":"","highway":"service","lungime":35.2},"geometry":{"type":"LineString","coordinates":[[26.17991722573824,44.440410931156656],[26.179828489410326,44.440100188399924]]}},{"type":"Feature","properties":{"building_uid":"zdcbp1","street_name":"","highway":"service","lungime":68},"geometry":{"type":"LineString","coordinates":[[26.18146337444546,44.43975154846175],[26.1814055,44.4398241],[26.1815396,44.4402842],[26.181619865492227,44.44027182261101]]}},{"type":"Feature","properties":{"building_uid":"zdcbp1","street_name":"Aleea Vergului","highway":"service","lungime":7.8},"geometry":{"type":"LineString","coordinates":[[26.181081250639398,44.44034408897001],[26.1811776,44.440329]]}},{"type":"Feature","properties":{"building_uid":"zdcbp1","street_name":"Aleea Vergului","highway":"service","lungime":71.1},"geometry":{"type":"LineString","coordinates":[[26.1811776,44.440329],[26.1810021,44.4397681],[26.180912593315263,44.439781777811795]]}},{"type":"Feature","properties":{"building_uid":"u1bmny","street_name":"","highway":"service","lungime":82.1},"geometry":{"type":"LineString","coordinates":[[26.179923345588097,44.44043236205266],[26.179716627020472,44.43970846126613]]}},{"type":"Feature","properties":{"building_uid":"s5qtvu","street_name":"Aleea Vergului","highway":"service","lungime":70.2},"geometry":{"type":"LineString","coordinates":[[26.180656866389636,44.43968767068902],[26.18084850667097,44.44030430251846]]}},{"type":"Feature","properties":{"building_uid":"u51g4s","street_name":"Aleea Amintirilor","highway":"footway","lungime":2.1},"geometry":{"type":"LineString","coordinates":[[26.17050811967035,44.43795380566542],[26.1705136,44.4379355]]}},{"type":"Feature","properties":{"building_uid":"u51g4s","street_name":"","highway":"service","lungime":77.1},"geometry":{"type":"LineString","coordinates":[[26.170890901321723,44.438022939378904],[26.1705802,44.4379633],[26.170545,44.4379531],[26.1705136,44.4379355],[26.1704922,44.4379059],[26.1704905,44.4378664],[26.170539077699097,44.43753289541197]]}},{"type":"Feature","properties":{"building_uid":"u51g4s","street_name":"","highway":"service","lungime":1.9},"geometry":{"type":"LineString","coordinates":[[26.17111060794717,44.43774006117013],[26.171105,44.4377564]]}},{"type":"Feature","properties":{"building_uid":"6bq95e","street_name":"Șoseaua Vergului","highway":"primary","lungime":8.4},"geometry":{"type":"LineString","coordinates":[[26.171087110124773,44.43736092451215],[26.170984802765243,44.43734079026353]]}},{"type":"Feature","properties":{"building_uid":"6bq95e","street_name":"","highway":"service","lungime":33},"geometry":{"type":"LineString","coordinates":[[26.17051514357248,44.437697212396614],[26.170558196788235,44.437401635511556]]}},{"type":"Feature","properties":{"building_uid":"1m19va","street_name":"Strada Vespasian","highway":"residential","lungime":22.8},"geometry":{"type":"LineString","coordinates":[[26.07157015094283,44.44634551028743],[26.07157776898446,44.446550704157005]]}},{"type":"Feature","properties":{"building_uid":"npqsa7","street_name":"Pasajul Englez","highway":"footway","lungime":18.6},"geometry":{"type":"LineString","coordinates":[[26.0980098,44.4366315],[26.098232897684348,44.4366820745621]]}},{"type":"Feature","properties":{"building_uid":"npqsa7","street_name":"Pasajul Englez","highway":"footway","lungime":2.5},"geometry":{"type":"LineString","coordinates":[[26.097978323859046,44.43662733447156],[26.0980098,44.4366315]]}},{"type":"Feature","properties":{"building_uid":"zva06g","street_name":"Calea Victoriei","highway":"secondary","lungime":28.1},"geometry":{"type":"LineString","coordinates":[[26.093147134475664,44.44318037484812],[26.093188,44.4431367],[26.0932927,44.4430227],[26.093339780282342,44.44296885204932]]}},{"type":"Feature","properties":{"building_uid":"zva06g","street_name":"","highway":"footway","lungime":8.1},"geometry":{"type":"LineString","coordinates":[[26.0932927,44.4430227],[26.0932001,44.4429934]]}},{"type":"Feature","properties":{"building_uid":"zva06g","street_name":"","highway":"footway","lungime":11.2},"geometry":{"type":"LineString","coordinates":[[26.0932001,44.4429934],[26.0930691,44.4429564]]}},{"type":"Feature","properties":{"building_uid":"zva06g","street_name":"","highway":"footway","lungime":5.7},"geometry":{"type":"LineString","coordinates":[[26.0930691,44.4429564],[26.0930041,44.4429358]]}},{"type":"Feature","properties":{"building_uid":"zva06g","street_name":"","highway":"footway","lungime":57},"geometry":{"type":"LineString","coordinates":[[26.0930041,44.4429358],[26.0929816,44.4429771],[26.0927674,44.4429174],[26.092814,44.4428319],[26.0930283,44.4428915],[26.0930041,44.4429358]]}},{"type":"Feature","properties":{"building_uid":"c4qf17","street_name":"Calea Victoriei","highway":"cycleway","lungime":32.8},"geometry":{"type":"LineString","coordinates":[[26.093205529824846,44.443215110503296],[26.0932439,44.4431729],[26.093430162590167,44.44296793768762]]}},{"type":"Feature","properties":{"building_uid":"zhggpw","street_name":"Calea Victoriei","highway":"cycleway","lungime":11.9},"geometry":{"type":"LineString","coordinates":[[26.089691674671577,44.44763449637552],[26.089757812364198,44.44753882428137]]}},{"type":"Feature","properties":{"building_uid":"yo16o1","street_name":"Strada Dumitru Botez","highway":"residential","lungime":59.6},"geometry":{"type":"LineString","coordinates":[[26.094520785630486,44.40533443188185],[26.095147974501145,44.405627561850956]]}},{"type":"Feature","properties":{"building_uid":"yo16o1","street_name":"","highway":"footway","lungime":40.8},"geometry":{"type":"LineString","coordinates":[[26.094771192873452,44.40591211440497],[26.09515903426164,44.405671524546776]]}},{"type":"Feature","properties":{"building_uid":"kuu6ny","street_name":"","highway":"service","lungime":15.9},"geometry":{"type":"LineString","coordinates":[[26.094962518587597,44.405148641616904],[26.0947823464718,44.405087200231]]}},{"type":"Feature","properties":{"building_uid":"h3cg4t","street_name":"Strada Viitorului","highway":"residential","lungime":14.6},"geometry":{"type":"LineString","coordinates":[[26.109246058554277,44.44382474208667],[26.109426347406572,44.44384722695815]]}},{"type":"Feature","properties":{"building_uid":"xf96bm","street_name":"Strada Viitorului","highway":"tertiary","lungime":12.9},"geometry":{"type":"LineString","coordinates":[[26.115289186106292,44.448311015095236],[26.1153744,44.4483773],[26.115398893317252,44.44839661050859]]}},{"type":"Feature","properties":{"building_uid":"xf96bm","street_name":"Strada Coloniei","highway":"residential","lungime":0.2},"geometry":{"type":"LineString","coordinates":[[26.11537637271348,44.44837672846619],[26.1153744,44.4483773]]}},{"type":"Feature","properties":{"building_uid":"y60l97","street_name":"Strada Viitorului","highway":"tertiary","lungime":15.7},"geometry":{"type":"LineString","coordinates":[[26.11706888605009,44.449694591818286],[26.1172059,44.4497956],[26.117206268264763,44.44979586988671]]}},{"type":"Feature","properties":{"building_uid":"2kleua","street_name":"Strada Vulturilor","highway":"residential","lungime":2.4},"geometry":{"type":"LineString","coordinates":[[26.12055290613805,44.42874555324103],[26.120582792764587,44.42874334486961]]}},{"type":"Feature","properties":{"building_uid":"2kleua","street_name":"Strada Vulturilor","highway":"residential","lungime":11.3},"geometry":{"type":"LineString","coordinates":[[26.120617237024703,44.428743785118634],[26.120695,44.4287449],[26.120759086159993,44.42874941937082]]}},{"type":"Feature","properties":{"building_uid":"13k2u6","street_name":"Strada Witting","highway":"tertiary","lungime":22.9},"geometry":{"type":"LineString","coordinates":[[26.071758216307867,44.44279097650007],[26.0717399,44.442775],[26.071574754332907,44.442632399278395]]}},{"type":"Feature","properties":{"building_uid":"13k2u6","street_name":"","highway":"footway","lungime":21},"geometry":{"type":"LineString","coordinates":[[26.071277632947684,44.44280607679518],[26.07142471371899,44.44264948171612]]}},{"type":"Feature","properties":{"building_uid":"in7syk","street_name":"Strada Soldat Zambilă Ioniță","highway":"service","lungime":47.8},"geometry":{"type":"LineString","coordinates":[[26.179481988774274,44.442118935710425],[26.1793758,44.4417873],[26.179499017236832,44.44176779841261]]}},{"type":"Feature","properties":{"building_uid":"in7syk","street_name":"","highway":"footway","lungime":22.9},"geometry":{"type":"LineString","coordinates":[[26.1793758,44.4417873],[26.1793116,44.4415866]]}},{"type":"Feature","properties":{"building_uid":"in7syk","street_name":"","highway":"footway","lungime":0.6},"geometry":{"type":"LineString","coordinates":[[26.1792793,44.4414858],[26.17927757906955,44.44148041768221]]}},{"type":"Feature","properties":{"building_uid":"in7syk","street_name":"","highway":"footway","lungime":11.5},"geometry":{"type":"LineString","coordinates":[[26.1793116,44.4415866],[26.1792793,44.4414858]]}},{"type":"Feature","properties":{"building_uid":"in7syk","street_name":"","highway":"footway","lungime":6.8},"geometry":{"type":"LineString","coordinates":[[26.1791247,44.4415615],[26.1791104,44.4415155],[26.179106218090073,44.44150211021501]]}},{"type":"Feature","properties":{"building_uid":"64c9cz","street_name":"Strada Azotului","highway":"residential","lungime":28.2},"geometry":{"type":"LineString","coordinates":[[26.178992526507336,44.44258189044399],[26.1791294,44.4425618],[26.179339699468276,44.442530900892514]]}},{"type":"Feature","properties":{"building_uid":"64c9cz","street_name":"Strada Soldat Florea Lazăr","highway":"service","lungime":2.7},"geometry":{"type":"LineString","coordinates":[[26.1791294,44.4425618],[26.179121992472034,44.44253770477827]]}},{"type":"Feature","properties":{"building_uid":"ldfex6","street_name":"Strada Zefirului","highway":"residential","lungime":8.8},"geometry":{"type":"LineString","coordinates":[[26.120751826383987,44.434603646827014],[26.12064260269263,44.43461473865463]]}},{"type":"Feature","properties":{"building_uid":"bgslkz","street_name":"","highway":"footway","lungime":3.4},"geometry":{"type":"LineString","coordinates":[[26.09346299159252,44.43521543335098],[26.0935044,44.4352077]]}},{"type":"Feature","properties":{"building_uid":"bgslkz","street_name":"","highway":"footway","lungime":6.3},"geometry":{"type":"LineString","coordinates":[[26.09345101602111,44.43478701965584],[26.0935089,44.4347481]]}},{"type":"Feature","properties":{"building_uid":"bgslkz","street_name":"Strada Ioan Zalomit","highway":"residential","lungime":96.3},"geometry":{"type":"LineString","coordinates":[[26.09392439710519,44.4351719686772],[26.0937033,44.4352635],[26.0936571,44.4352765],[26.0936085,44.4352775],[26.0935679,44.4352684],[26.0935358,44.4352527],[26.0935141,44.4352346],[26.0935044,44.4352077],[26.0935089,44.4347481],[26.0935108,44.4347223],[26.093511845722198,44.434703771109824]]}},{"type":"Feature","properties":{"building_uid":"bgslkz","street_name":"","highway":"footway","lungime":36.6},"geometry":{"type":"LineString","coordinates":[[26.09394663166693,44.43472870594829],[26.093828,44.4347268],[26.0935108,44.4347223],[26.09348720156137,44.43472190923638]]}},{"type":"Feature","properties":{"building_uid":"r63g5f","street_name":"Strada Colței","highway":"residential","lungime":16.3},"geometry":{"type":"LineString","coordinates":[[26.10666440248566,44.43482985702493],[26.106482763813425,44.434761849549]]}},{"type":"Feature","properties":{"building_uid":"ro9w6h","street_name":"Strada Pictor Arthur Verona","highway":"residential","lungime":34.3},"geometry":{"type":"LineString","coordinates":[[26.09954932594976,44.44270670427459],[26.09912179441994,44.44274253415408]]}},{"type":"Feature","properties":{"building_uid":"rhm7ih","street_name":"Bulevardul General Gheorghe Magheru","highway":"primary","lungime":27.1},"geometry":{"type":"LineString","coordinates":[[26.099079079226918,44.4423192988503],[26.0989765,44.4425364],[26.09897001978791,44.44255010814096]]}},{"type":"Feature","properties":{"building_uid":"3fbtv1","street_name":"","highway":"residential","lungime":16.5},"geometry":{"type":"LineString","coordinates":[[26.111244894266783,44.4426164006478],[26.1112339,44.4426097],[26.1112181,44.4425985],[26.1112036,44.4425866],[26.1111903,44.4425738],[26.1111784,44.4425604],[26.111168,44.4425464],[26.1111591,44.4425319],[26.1111518,44.442517],[26.111146,44.4425016],[26.111143046556478,44.44249043454278]]}},{"type":"Feature","properties":{"building_uid":"b7g8m8","street_name":"","highway":"residential","lungime":39.8},"geometry":{"type":"LineString","coordinates":[[26.1767675,44.4278191],[26.176276302603682,44.42775272634524]]}},{"type":"Feature","properties":{"building_uid":"b7g8m8","street_name":"","highway":"footway","lungime":6.7},"geometry":{"type":"LineString","coordinates":[[26.176811070429682,44.42787024877436],[26.1767675,44.4278191]]}},{"type":"Feature","properties":{"building_uid":"b7g8m8","street_name":"Strada Pleșești","highway":"residential","lungime":30.4},"geometry":{"type":"LineString","coordinates":[[26.177004057613185,44.42771695472222],[26.1767675,44.4278191],[26.176677515005593,44.427858279117764]]}},{"type":"Feature","properties":{"building_uid":"yhchsl","street_name":"Aleea Barajul Cucuteni","highway":"residential","lungime":25},"geometry":{"type":"LineString","coordinates":[[26.16376251367927,44.42858123395375],[26.1638547,44.4285915],[26.1640137,44.4285895],[26.16407323254893,44.42857736400967]]}},{"type":"Feature","properties":{"building_uid":"yhchsl","street_name":"","highway":"service","lungime":24.1},"geometry":{"type":"LineString","coordinates":[[26.16394425041549,44.42900088642956],[26.163668953265926,44.428911068977385]]}},{"type":"Feature","properties":{"building_uid":"yhchsl","street_name":"","highway":"service","lungime":23.9},"geometry":{"type":"LineString","coordinates":[[26.163652191488705,44.42885532984972],[26.163705010246996,44.42864390624058]]}},{"type":"Feature","properties":{"building_uid":"07hxi4","street_name":"Strada Spiești","highway":"residential","lungime":27.9},"geometry":{"type":"LineString","coordinates":[[26.171244847769398,44.42690924843893],[26.1712776,44.4269065],[26.171589495000827,44.426946889280686]]}},{"type":"Feature","properties":{"building_uid":"07hxi4","street_name":"","highway":"residential","lungime":30.7},"geometry":{"type":"LineString","coordinates":[[26.171723416337286,44.42666143345294],[26.1717173,44.4266879],[26.1716762,44.426866],[26.17165847132483,44.42693379506257]]}},{"type":"Feature","properties":{"building_uid":"07hxi4","street_name":"","highway":"service","lungime":4.5},"geometry":{"type":"LineString","coordinates":[[26.1716762,44.426866],[26.171732596534316,44.42687189581649]]}},{"type":"Feature","properties":{"building_uid":"07hxi4","street_name":"","highway":"service","lungime":2.8},"geometry":{"type":"LineString","coordinates":[[26.171751206949004,44.42669417646729],[26.1717173,44.4266879]]}},{"type":"Feature","properties":{"building_uid":"07hxi4","street_name":"","highway":"service","lungime":37.5},"geometry":{"type":"LineString","coordinates":[[26.171292662084646,44.426579189886894],[26.1713115,44.4266094],[26.1713441,44.4266288],[26.1717173,44.4266879]]}},{"type":"Feature","properties":{"building_uid":"lrm45t","street_name":"Strada Spiești","highway":"residential","lungime":53.9},"geometry":{"type":"LineString","coordinates":[[26.1710604,44.4273246],[26.1711556,44.4269917],[26.1711878,44.426942],[26.1712204,44.4269113],[26.1712776,44.4269065],[26.17129198678254,44.42690836303659]]}},{"type":"Feature","properties":{"building_uid":"lrm45t","street_name":"Aleea Vasile Goldiș","highway":"residential","lungime":0.5},"geometry":{"type":"LineString","coordinates":[[26.17105931773543,44.427328729074596],[26.1710604,44.4273246]]}},{"type":"Feature","properties":{"building_uid":"lrm45t","street_name":"Aleea Barajul Sadului","highway":"residential","lungime":2.2},"geometry":{"type":"LineString","coordinates":[[26.1707033,44.4268878],[26.17067593061208,44.4268840544171]]}},{"type":"Feature","properties":{"building_uid":"lrm45t","street_name":"","highway":"footway","lungime":8.6},"geometry":{"type":"LineString","coordinates":[[26.1711556,44.4269917],[26.171261256278864,44.427005746299116]]}},{"type":"Feature","properties":{"building_uid":"lrm45t","street_name":"Aleea Barajul Rovinari","highway":"residential","lungime":34.1},"geometry":{"type":"LineString","coordinates":[[26.17066597813574,44.427270937161325],[26.1710604,44.4273246],[26.171086285127323,44.427328080003726]]}},{"type":"Feature","properties":{"building_uid":"lrm45t","street_name":"Aleea Barajul Dunării","highway":"residential","lungime":24.9},"geometry":{"type":"LineString","coordinates":[[26.170738767446295,44.42675342069979],[26.1707033,44.4268878],[26.170681252375164,44.426973365782096]]}},{"type":"Feature","properties":{"building_uid":"lrm45t","street_name":"Aleea Barajul Dunării","highway":"residential","lungime":23.9},"geometry":{"type":"LineString","coordinates":[[26.170670612479224,44.42701465871158],[26.170615991067972,44.427226641807636]]}},{"type":"Feature","properties":{"building_uid":"skpmel","street_name":"Aleea Foișorului","highway":"residential","lungime":6.5},"geometry":{"type":"LineString","coordinates":[[26.12419914664434,44.41793115167116],[26.124273515081725,44.41790784174428]]}},{"type":"Feature","properties":{"building_uid":"hme3y8","street_name":"Aleea Foișorului","highway":"residential","lungime":11.8},"geometry":{"type":"LineString","coordinates":[[26.12399779662808,44.417207349115394],[26.123943309545794,44.41710884358656]]}},{"type":"Feature","properties":{"building_uid":"hme3y8","street_name":"Aleea Foișorului","highway":"residential","lungime":9.8},"geometry":{"type":"LineString","coordinates":[[26.12391735377477,44.41743963546525],[26.123794414328724,44.417446074975295]]}},{"type":"Feature","properties":{"building_uid":"l1s7om","street_name":"Aleea Gruiul Argeșului","highway":"service","lungime":3.9},"geometry":{"type":"LineString","coordinates":[[26.1501891,44.4272299],[26.15016488329382,44.42719902950235]]}},{"type":"Feature","properties":{"building_uid":"l1s7om","street_name":"Aleea Gruiul Argeșului","highway":"residential","lungime":16.7},"geometry":{"type":"LineString","coordinates":[[26.150395948904887,44.427254773035976],[26.1501891,44.4272299]]}},{"type":"Feature","properties":{"building_uid":"l1s7om","street_name":"Intrarea Budeasa","highway":"residential","lungime":28.6},"geometry":{"type":"LineString","coordinates":[[26.14986652382606,44.427526432124566],[26.1501456,44.4275653],[26.1501881,44.4275819],[26.150194286914523,44.42759997230295]]}},{"type":"Feature","properties":{"building_uid":"8a94l5","street_name":"","highway":"service","lungime":34.4},"geometry":{"type":"LineString","coordinates":[[26.162320513235247,44.412190567929315],[26.1621917,44.4119513],[26.162165409585334,44.41190106404514]]}},{"type":"Feature","properties":{"building_uid":"8a94l5","street_name":"","highway":"service","lungime":4.3},"geometry":{"type":"LineString","coordinates":[[26.1621917,44.4119513],[26.162140891488647,44.41196478575983]]}},{"type":"Feature","properties":{"building_uid":"8a94l5","street_name":"","highway":"service","lungime":11.7},"geometry":{"type":"LineString","coordinates":[[26.16259093974786,44.411680613438655],[26.1626414,44.4117798]]}},{"type":"Feature","properties":{"building_uid":"prllms","street_name":"Aleea Ilioara","highway":"residential","lungime":104.8},"geometry":{"type":"LineString","coordinates":[[26.16110515745057,44.41254110548195],[26.1608864,44.4124795],[26.1606379,44.4124898],[26.159808898839966,44.41254115925843]]}},{"type":"Feature","properties":{"building_uid":"prllms","street_name":"Strada Caporal Ilie Caragea","highway":"residential","lungime":3.4},"geometry":{"type":"LineString","coordinates":[[26.1608864,44.4124795],[26.160847841793167,44.41246719943859]]}},{"type":"Feature","properties":{"building_uid":"prllms","street_name":"Strada Ticuș","highway":"residential","lungime":1.6},"geometry":{"type":"LineString","coordinates":[[26.1608855669314,44.41246492129952],[26.1608864,44.4124795]]}},{"type":"Feature","properties":{"building_uid":"prllms","street_name":"","highway":"service","lungime":32.4},"geometry":{"type":"LineString","coordinates":[[26.15979316920911,44.412550153270836],[26.1598311,44.4128323],[26.15983216750148,44.41284049122422]]}},{"type":"Feature","properties":{"building_uid":"prllms","street_name":"","highway":"service","lungime":8.3},"geometry":{"type":"LineString","coordinates":[[26.161053405611348,44.41277229332416],[26.1611003,44.412719],[26.161116238864913,44.412718244488055]]}},{"type":"Feature","properties":{"building_uid":"prllms","street_name":"","highway":"footway","lungime":1.2},"geometry":{"type":"LineString","coordinates":[[26.1598311,44.4128323],[26.159816395726853,44.4128342443667]]}},{"type":"Feature","properties":{"building_uid":"prllms","street_name":"","highway":"footway","lungime":1.9},"geometry":{"type":"LineString","coordinates":[[26.1611003,44.412719],[26.161102400466508,44.41273620171519]]}},{"type":"Feature","properties":{"building_uid":"m4i321","street_name":"Aleea Rotundă","highway":"residential","lungime":8},"geometry":{"type":"LineString","coordinates":[[26.16132701208791,44.420628180827634],[26.1612669,44.4206081],[26.1612423,44.4205914]]}},{"type":"Feature","properties":{"building_uid":"m4i321","street_name":"","highway":"residential","lungime":43.6},"geometry":{"type":"LineString","coordinates":[[26.16170602415019,44.420266391857155],[26.1617017,44.4203066],[26.1616278,44.4206273],[26.161621404171587,44.42065371936966]]}},{"type":"Feature","properties":{"building_uid":"m4i321","street_name":"Aleea Rotundă","highway":"residential","lungime":40.8},"geometry":{"type":"LineString","coordinates":[[26.1612423,44.4205914],[26.1612368,44.4205683],[26.1612596,44.4204864],[26.16132905575659,44.420230865348266]]}},{"type":"Feature","properties":{"building_uid":"m4i321","street_name":"","highway":"service","lungime":6.3},"geometry":{"type":"LineString","coordinates":[[26.161182377693716,44.4204733960841],[26.1612596,44.4204864]]}},{"type":"Feature","properties":{"building_uid":"m4i321","street_name":"","highway":"footway","lungime":4.3},"geometry":{"type":"LineString","coordinates":[[26.16168077623038,44.42063435203067],[26.1616278,44.4206273]]}},{"type":"Feature","properties":{"building_uid":"cb3e3q","street_name":"Aleea Școlarilor","highway":"residential","lungime":48.1},"geometry":{"type":"LineString","coordinates":[[26.139222691941086,44.418943372913965],[26.1392,44.418949],[26.13865039477569,44.419082206499844]]}},{"type":"Feature","properties":{"building_uid":"cb3e3q","street_name":"","highway":"residential","lungime":34.8},"geometry":{"type":"LineString","coordinates":[[26.139058658443666,44.418652118610446],[26.1392,44.418949]]}},{"type":"Feature","properties":{"building_uid":"f5n7b4","street_name":"Aleea Școlarilor","highway":"service","lungime":5.9},"geometry":{"type":"LineString","coordinates":[[26.136880331778634,44.41891610020001],[26.13688,44.4188633]]}},{"type":"Feature","properties":{"building_uid":"f5n7b4","street_name":"Aleea Școlarilor","highway":"residential","lungime":46.7},"geometry":{"type":"LineString","coordinates":[[26.13698972696086,44.418880704966206],[26.13688,44.4188633],[26.1367295,44.4188444],[26.1366797,44.4188437],[26.1366336,44.4188507],[26.13642284936787,44.418905374448]]}},{"type":"Feature","properties":{"building_uid":"nuummg","street_name":"","highway":"residential","lungime":21.7},"geometry":{"type":"LineString","coordinates":[[26.174089621205283,44.42654859311613],[26.17435845144568,44.426582202976114]]}},{"type":"Feature","properties":{"building_uid":"94gukl","street_name":"","highway":"residential","lungime":14.4},"geometry":{"type":"LineString","coordinates":[[26.174634568092053,44.4266163169452],[26.1748127,44.426638]]}},{"type":"Feature","properties":{"building_uid":"94gukl","street_name":"","highway":"footway","lungime":14.1},"geometry":{"type":"LineString","coordinates":[[26.17498973261217,44.42607235695067],[26.1749857,44.4260876],[26.175032139910417,44.42619420773044]]}},{"type":"Feature","properties":{"building_uid":"94gukl","street_name":"Strada Băbeni","highway":"footway","lungime":7.6},"geometry":{"type":"LineString","coordinates":[[26.1748127,44.426638],[26.1748665,44.4266402],[26.174905443874415,44.426629524595825]]}},{"type":"Feature","properties":{"building_uid":"1joqt8","street_name":"Strada Vasile Goldiș","highway":"residential","lungime":18.9},"geometry":{"type":"LineString","coordinates":[[26.17201527867605,44.428653188856714],[26.17178307924549,44.428618431217]]}},{"type":"Feature","properties":{"building_uid":"1joqt8","street_name":"","highway":"footway","lungime":29.4},"geometry":{"type":"LineString","coordinates":[[26.17158048718137,44.42907880251263],[26.1716416,44.4290874],[26.1716988,44.429095],[26.171943029044826,44.42912801867533]]}},{"type":"Feature","properties":{"building_uid":"1joqt8","street_name":"","highway":"service","lungime":29},"geometry":{"type":"LineString","coordinates":[[26.1720133,44.4289791],[26.172086044088907,44.42872306371858]]}},{"type":"Feature","properties":{"building_uid":"it45ms","street_name":"Bulevardul General Gheorghe Magheru","highway":"primary","lungime":38},"geometry":{"type":"LineString","coordinates":[[26.0987535434234,44.44301777494133],[26.098605282891366,44.44334256182632]]}},{"type":"Feature","properties":{"building_uid":"ts5zgs","street_name":"","highway":"footway","lungime":17},"geometry":{"type":"LineString","coordinates":[[26.141739717152646,44.41927838587803],[26.1418109,44.4194228]]}},{"type":"Feature","properties":{"building_uid":"ts5zgs","street_name":"","highway":"footway","lungime":3.2},"geometry":{"type":"LineString","coordinates":[[26.1418109,44.4194228],[26.141846621722472,44.419435167869096]]}},{"type":"Feature","properties":{"building_uid":"ts5zgs","street_name":"","highway":"service","lungime":18},"geometry":{"type":"LineString","coordinates":[[26.14152805555294,44.419243877868034],[26.1413168407054,44.41930131671298]]}},{"type":"Feature","properties":{"building_uid":"7qdt0i","street_name":"","highway":"footway","lungime":2.8},"geometry":{"type":"LineString","coordinates":[[26.143758351718155,44.418658588357715],[26.143725388393776,44.41866649369252]]}},{"type":"Feature","properties":{"building_uid":"7qdt0i","street_name":"Drumul Murgului","highway":"residential","lungime":11.5},"geometry":{"type":"LineString","coordinates":[[26.144178961707592,44.41880154362661],[26.144103715699526,44.41871312172434]]}},{"type":"Feature","properties":{"building_uid":"2bpnao","street_name":"","highway":"service","lungime":4.5},"geometry":{"type":"LineString","coordinates":[[26.1496609,44.4156875],[26.1496081112904,44.41567354353294]]}},{"type":"Feature","properties":{"building_uid":"2bpnao","street_name":"","highway":"footway","lungime":39.4},"geometry":{"type":"LineString","coordinates":[[26.149958142339187,44.41591043397283],[26.1498736,44.4158474],[26.1496603,44.4157918],[26.1496609,44.4156875]]}},{"type":"Feature","properties":{"building_uid":"l5g32f","street_name":"","highway":"footway","lungime":29.5},"geometry":{"type":"LineString","coordinates":[[26.103433858582203,44.430475333503644],[26.103444930909195,44.430209794672386]]}},{"type":"Feature","properties":{"building_uid":"zctwmj","street_name":"","highway":"footway","lungime":31.8},"geometry":{"type":"LineString","coordinates":[[26.086083952262758,44.43458569546005],[26.08568460840879,44.434581877707245]]}},{"type":"Feature","properties":{"building_uid":"28o6g0","street_name":"","highway":"service","lungime":34},"geometry":{"type":"LineString","coordinates":[[26.16283393322689,44.43374020885547],[26.1629762,44.4337673],[26.1632464,44.4338187]]}},{"type":"Feature","properties":{"building_uid":"28o6g0","street_name":"","highway":"service","lungime":4.9},"geometry":{"type":"LineString","coordinates":[[26.1629762,44.4337673],[26.16299209950218,44.433724303291775]]}},{"type":"Feature","properties":{"building_uid":"kessun","street_name":"","highway":"tertiary","lungime":0.5},"geometry":{"type":"LineString","coordinates":[[26.14009857277233,44.411495131213705],[26.1401038,44.4114968]]}},{"type":"Feature","properties":{"building_uid":"kessun","street_name":"Bulevardul Râmnicu Sărat","highway":"tertiary","lungime":1.7},"geometry":{"type":"LineString","coordinates":[[26.140086359523885,44.411487502463956],[26.1401038,44.4114968]]}},{"type":"Feature","properties":{"building_uid":"kessun","street_name":"","highway":"service","lungime":86.4},"geometry":{"type":"LineString","coordinates":[[26.141181865400775,44.41165290355425],[26.1411135,44.411641],[26.14098,44.4115584],[26.140401,44.4111986],[26.1403646,44.4111711],[26.140356597877222,44.41115866813068]]}},{"type":"Feature","properties":{"building_uid":"kessun","street_name":"","highway":"service","lungime":5.6},"geometry":{"type":"LineString","coordinates":[[26.14098,44.4115584],[26.140982493955658,44.41150809508954]]}},{"type":"Feature","properties":{"building_uid":"kessun","street_name":"","highway":"tertiary","lungime":5.6},"geometry":{"type":"LineString","coordinates":[[26.1401038,44.4114968],[26.140156281455987,44.411529798373664]]}},{"type":"Feature","properties":{"building_uid":"q7l5cs","street_name":"Strada Vlăhița","highway":"residential","lungime":30.4},"geometry":{"type":"LineString","coordinates":[[26.168719200397835,44.41157243410223],[26.168709,44.4115538],[26.168577780322927,44.41131818814005]]}},{"type":"Feature","properties":{"building_uid":"q7l5cs","street_name":"","highway":"footway","lungime":43.6},"geometry":{"type":"LineString","coordinates":[[26.169212227801165,44.411416482147956],[26.168709,44.4115538],[26.16870037552129,44.411556170346685]]}},{"type":"Feature","properties":{"building_uid":"jvkydb","street_name":"Calea Călărașilor","highway":"secondary","lungime":34},"geometry":{"type":"LineString","coordinates":[[26.136807167604925,44.431845324513695],[26.136385682501956,44.43179528835967]]}},{"type":"Feature","properties":{"building_uid":"mh0vpd","street_name":"Intrarea Bădeni","highway":"residential","lungime":22.4},"geometry":{"type":"LineString","coordinates":[[26.166108600496333,44.43113293010758],[26.16637838750235,44.431188770656085]]}},{"type":"Feature","properties":{"building_uid":"tzxrfl","street_name":"Intrarea Bârsei","highway":"residential","lungime":33},"geometry":{"type":"LineString","coordinates":[[26.16678808717585,44.43261590536331],[26.1667838,44.4326217],[26.16667405026959,44.43290152258508]]}},{"type":"Feature","properties":{"building_uid":"unl7pt","street_name":"","highway":"service","lungime":34.6},"geometry":{"type":"LineString","coordinates":[[26.15212884720689,44.41828341388016],[26.152329922444867,44.41855966911386]]}},{"type":"Feature","properties":{"building_uid":"zxai8p","street_name":"Intrarea Vasile Păun","highway":"residential","lungime":21.4},"geometry":{"type":"LineString","coordinates":[[26.08805320968443,44.43402437567134],[26.0880383,44.4340858],[26.087982158279022,44.43421009236623]]}},{"type":"Feature","properties":{"building_uid":"zxai8p","street_name":"Intrarea Vasile Păun","highway":"residential","lungime":2.8},"geometry":{"type":"LineString","coordinates":[[26.0880383,44.4340858],[26.088073092401316,44.4340858]]}},{"type":"Feature","properties":{"building_uid":"zxai8p","street_name":"Intrarea Vasile Păun","highway":"residential","lungime":2},"geometry":{"type":"LineString","coordinates":[[26.088088668116715,44.4340858],[26.08811420898441,44.4340858]]}},{"type":"Feature","properties":{"building_uid":"zxai8p","street_name":"Intrarea Vasile Păun","highway":"residential","lungime":10.6},"geometry":{"type":"LineString","coordinates":[[26.088171951059856,44.4340858],[26.0882143,44.4340858],[26.0882314,44.4340808],[26.0882389,44.4340709],[26.08824211751196,44.43403082735102]]}},{"type":"Feature","properties":{"building_uid":"dpxnkl","street_name":"","highway":"residential","lungime":5.5},"geometry":{"type":"LineString","coordinates":[[26.1376181,44.4225273],[26.137686595545542,44.422533901284666]]}},{"type":"Feature","properties":{"building_uid":"dpxnkl","street_name":"","highway":"residential","lungime":65.1},"geometry":{"type":"LineString","coordinates":[[26.137711722595792,44.42299428838322],[26.1376181,44.4225273],[26.137598359870065,44.4224141073516]]}},{"type":"Feature","properties":{"building_uid":"dpxnkl","street_name":"Șoseaua Mihai Bravu","highway":"primary","lungime":57.4},"geometry":{"type":"LineString","coordinates":[[26.13721584912303,44.42248814571029],[26.137302441693638,44.423000759845706]]}},{"type":"Feature","properties":{"building_uid":"ogmvul","street_name":"Intrarea Amazoanei","highway":"residential","lungime":7.2},"geometry":{"type":"LineString","coordinates":[[26.136814,44.4262169],[26.13672686026729,44.42620083950163]]}},{"type":"Feature","properties":{"building_uid":"ogmvul","street_name":"Strada Amazoanei","highway":"residential","lungime":74.3},"geometry":{"type":"LineString","coordinates":[[26.13697639975528,44.42659381764974],[26.136814,44.4262169],[26.1367009,44.4259544]]}},{"type":"Feature","properties":{"building_uid":"3zgl7e","street_name":"","highway":"residential","lungime":29.3},"geometry":{"type":"LineString","coordinates":[[26.137693664835062,44.42131856000418],[26.1376852,44.4213182],[26.1376155,44.4213104],[26.1375648,44.4212885],[26.1375322,44.4212378],[26.1375125,44.4211893],[26.137496421673923,44.42113190237322]]}},{"type":"Feature","properties":{"building_uid":"3zgl7e","street_name":"","highway":"footway","lungime":64.1},"geometry":{"type":"LineString","coordinates":[[26.1370617,44.421561],[26.1375424,44.4215173],[26.1375458,44.421361],[26.1375648,44.4212885]]}},{"type":"Feature","properties":{"building_uid":"3zgl7e","street_name":"Șoseaua Mihai Bravu","highway":"primary","lungime":48.6},"geometry":{"type":"LineString","coordinates":[[26.13700731476803,44.42121736030271],[26.1370617,44.421561],[26.137076142109485,44.421651950903794]]}},{"type":"Feature","properties":{"building_uid":"o3uxpp","street_name":"Strada Calotești","highway":"residential","lungime":29.3},"geometry":{"type":"LineString","coordinates":[[26.11081241952001,44.43367807403121],[26.1106979,44.4338236],[26.110623745063297,44.43390474524658]]}},{"type":"Feature","properties":{"building_uid":"h179kq","street_name":"Strada Cezar Bolliac","highway":"residential","lungime":23.7},"geometry":{"type":"LineString","coordinates":[[26.127952639215362,44.42666415471393],[26.12790362028885,44.42687435906639]]}},{"type":"Feature","properties":{"building_uid":"h179kq","street_name":"Strada Theodor D. Speranția","highway":"residential","lungime":4.2},"geometry":{"type":"LineString","coordinates":[[26.12787478804939,44.42657220860103],[26.127914740306604,44.42659661400457]]}},{"type":"Feature","properties":{"building_uid":"rs14zh","street_name":"","highway":"residential","lungime":55.3},"geometry":{"type":"LineString","coordinates":[[26.173290771579335,44.420270012766714],[26.172816849045777,44.41990616332305]]}},{"type":"Feature","properties":{"building_uid":"rs14zh","street_name":"","highway":"service","lungime":29.7},"geometry":{"type":"LineString","coordinates":[[26.1728423528608,44.420419745420084],[26.1728408,44.4204157],[26.17258269551454,44.42022833893205]]}},{"type":"Feature","properties":{"building_uid":"b7y46k","street_name":"","highway":"footway","lungime":9.8},"geometry":{"type":"LineString","coordinates":[[26.164082198532085,44.42913846292446],[26.1641002,44.4290721],[26.164072633011664,44.42906789359306]]}},{"type":"Feature","properties":{"building_uid":"1o2esq","street_name":"","highway":"footway","lungime":35.3},"geometry":{"type":"LineString","coordinates":[[26.17047715153023,44.42335275512012],[26.1701571,44.4233092],[26.170177232141008,44.42322589458894]]}},{"type":"Feature","properties":{"building_uid":"1o2esq","street_name":"","highway":"footway","lungime":35.1},"geometry":{"type":"LineString","coordinates":[[26.169243755311147,44.42311442030117],[26.169163274453144,44.42342543246496]]}},{"type":"Feature","properties":{"building_uid":"1o2esq","street_name":"","highway":"footway","lungime":12.8},"geometry":{"type":"LineString","coordinates":[[26.16948485079951,44.423134531945514],[26.1694583,44.4232485]]}},{"type":"Feature","properties":{"building_uid":"1o2esq","street_name":"","highway":"footway","lungime":3.4},"geometry":{"type":"LineString","coordinates":[[26.1701571,44.4233092],[26.1701502,44.4233398]]}},{"type":"Feature","properties":{"building_uid":"1o2esq","street_name":"","highway":"footway","lungime":12.8},"geometry":{"type":"LineString","coordinates":[[26.1698032,44.423294],[26.169833274381123,44.42318049613736]]}},{"type":"Feature","properties":{"building_uid":"tirgqr","street_name":"Strada Rodul Pământului","highway":"residential","lungime":12.7},"geometry":{"type":"LineString","coordinates":[[26.141786866801688,44.42822554776646],[26.141943029771152,44.428249025849794]]}},{"type":"Feature","properties":{"building_uid":"93c1rq","street_name":"Strada Ion Țuculescu","highway":"residential","lungime":37},"geometry":{"type":"LineString","coordinates":[[26.14438980077109,44.42340513493833],[26.144485030104995,44.42307922853231]]}},{"type":"Feature","properties":{"building_uid":"93c1rq","street_name":"Strada Alexandru Papiu Ilarian","highway":"residential","lungime":33.8},"geometry":{"type":"LineString","coordinates":[[26.144462911059083,44.423062559609434],[26.144043351455018,44.423018657216296]]}},{"type":"Feature","properties":{"building_uid":"w8kgga","street_name":"Strada Dealul Poeni","highway":"residential","lungime":23.2},"geometry":{"type":"LineString","coordinates":[[26.1455003036655,44.41545477771252],[26.145596342366563,44.415651927753]]}},{"type":"Feature","properties":{"building_uid":"a5a7sz","street_name":"Strada Odobești","highway":"residential","lungime":17.4},"geometry":{"type":"LineString","coordinates":[[26.14809842473376,44.419335216655824],[26.1481077,44.4193274],[26.1481329,44.4192943],[26.148205256091092,44.41919913389454]]}},{"type":"Feature","properties":{"building_uid":"a5a7sz","street_name":"Strada Odobești","highway":"residential","lungime":9.5},"geometry":{"type":"LineString","coordinates":[[26.14833521036465,44.419028211973306],[26.1483559,44.419001],[26.1483773,44.4189729],[26.148392246277076,44.41895336142752]]}},{"type":"Feature","properties":{"building_uid":"a5a7sz","street_name":"Strada Odobești","highway":"residential","lungime":33},"geometry":{"type":"LineString","coordinates":[[26.148435305605883,44.418540911299715],[26.148031969827134,44.418470689234994]]}},{"type":"Feature","properties":{"building_uid":"a5a7sz","street_name":"","highway":"service","lungime":2.7},"geometry":{"type":"LineString","coordinates":[[26.1481329,44.4192943],[26.148166025092824,44.41928906719548]]}},{"type":"Feature","properties":{"building_uid":"a5a7sz","street_name":"","highway":"service","lungime":1},"geometry":{"type":"LineString","coordinates":[[26.148361604877817,44.4190091430226],[26.1483559,44.419001]]}},{"type":"Feature","properties":{"building_uid":"a5a7sz","street_name":"","highway":"service","lungime":6},"geometry":{"type":"LineString","coordinates":[[26.147749524834044,44.41879470937636],[26.1477305,44.4188466]]}},{"type":"Feature","properties":{"building_uid":"onky9d","street_name":"Aleea Barajul Bicaz","highway":"residential","lungime":3.9},"geometry":{"type":"LineString","coordinates":[[26.1683158,44.4308403],[26.1683358,44.4308513],[26.1683591213541,44.43085565443595]]}},{"type":"Feature","properties":{"building_uid":"onky9d","street_name":"Strada Barajul Uzului","highway":"residential","lungime":80.4},"geometry":{"type":"LineString","coordinates":[[26.1683158,44.4308403],[26.1683137,44.4308242],[26.1684703,44.4303941],[26.1685338,44.4302016],[26.168502631349373,44.43014067945559]]}},{"type":"Feature","properties":{"building_uid":"onky9d","street_name":"","highway":"footway","lungime":6.3},"geometry":{"type":"LineString","coordinates":[[26.167958568010658,44.43048870625327],[26.1680348,44.4305043]]}},{"type":"Feature","properties":{"building_uid":"onky9d","street_name":"","highway":"footway","lungime":6.6},"geometry":{"type":"LineString","coordinates":[[26.1681256,44.4302641],[26.16804501821184,44.430249012492965]]}},{"type":"Feature","properties":{"building_uid":"onky9d","street_name":"","highway":"footway","lungime":99.1},"geometry":{"type":"LineString","coordinates":[[26.16827308784085,44.43009068962781],[26.1681744,44.4301352],[26.1681256,44.4302641],[26.1680348,44.4305043],[26.167894,44.4308763],[26.1678392,44.4308662]]}},{"type":"Feature","properties":{"building_uid":"onky9d","street_name":"","highway":"footway","lungime":2.4},"geometry":{"type":"LineString","coordinates":[[26.1678392,44.4308662],[26.167829954474183,44.43084530301954]]}},{"type":"Feature","properties":{"building_uid":"onky9d","street_name":"","highway":"footway","lungime":4},"geometry":{"type":"LineString","coordinates":[[26.168131132317143,44.43011685966876],[26.1681744,44.4301352]]}},{"type":"Feature","properties":{"building_uid":"onky9d","street_name":"","highway":"service","lungime":3.9},"geometry":{"type":"LineString","coordinates":[[26.168184999511002,44.43112109638429],[26.168137050724116,44.43113019404113]]}},{"type":"Feature","properties":{"building_uid":"onky9d","street_name":"","highway":"footway","lungime":4.3},"geometry":{"type":"LineString","coordinates":[[26.1684703,44.4303941],[26.168522908899906,44.43040454057551]]}},{"type":"Feature","properties":{"building_uid":"vjl00i","street_name":"","highway":"footway","lungime":79.7},"geometry":{"type":"LineString","coordinates":[[26.144894703888667,44.42835821656292],[26.144812,44.428624],[26.1448018,44.428663],[26.1448108,44.4286813],[26.1448403,44.4286947],[26.1453016,44.4287636],[26.145323166528616,44.42878127793458]]}},{"type":"Feature","properties":{"building_uid":"vjl00i","street_name":"","highway":"residential","lungime":8.3},"geometry":{"type":"LineString","coordinates":[[26.144710112392346,44.42860731011056],[26.144812,44.428624]]}},{"type":"Feature","properties":{"building_uid":"v5b7es","street_name":"Intrarea Odobești","highway":"residential","lungime":6.3},"geometry":{"type":"LineString","coordinates":[[26.1537334,44.4165749],[26.15370654676485,44.4166283386076]]}},{"type":"Feature","properties":{"building_uid":"v5b7es","street_name":"Strada Odobești","highway":"residential","lungime":2.5},"geometry":{"type":"LineString","coordinates":[[26.153111261669377,44.41681228883342],[26.15313894035158,44.4168014931962]]}},{"type":"Feature","properties":{"building_uid":"v5b7es","street_name":"Strada Odobești","highway":"residential","lungime":65.4},"geometry":{"type":"LineString","coordinates":[[26.153517788329932,44.4166567655192],[26.1537334,44.4165749],[26.1541561,44.4164052],[26.154237021974467,44.41637302569354]]}},{"type":"Feature","properties":{"building_uid":"v5b7es","street_name":"","highway":"residential","lungime":3.2},"geometry":{"type":"LineString","coordinates":[[26.1541561,44.4164052],[26.15417614221121,44.4164299236383]]}},{"type":"Feature","properties":{"building_uid":"v5b7es","street_name":"Strada Odobești","highway":"residential","lungime":64.1},"geometry":{"type":"LineString","coordinates":[[26.154302685903474,44.41627488349085],[26.1539438,44.4158407],[26.1539492,44.4158182],[26.15399175407471,44.41577897046237]]}},{"type":"Feature","properties":{"building_uid":"ioias8","street_name":"Strada Plutonier Petre Ionescu","highway":"residential","lungime":27.9},"geometry":{"type":"LineString","coordinates":[[26.17013196826175,44.41419784598034],[26.169786463542394,44.41424194512501]]}},{"type":"Feature","properties":{"building_uid":"ioias8","street_name":"","highway":"steps","lungime":5.5},"geometry":{"type":"LineString","coordinates":[[26.1701457466505,44.414584869968785],[26.1701759,44.4145401]]}},{"type":"Feature","properties":{"building_uid":"ioias8","street_name":"","highway":"footway","lungime":7.9},"geometry":{"type":"LineString","coordinates":[[26.1701759,44.4145401],[26.170274143967273,44.41452862752724]]}},{"type":"Feature","properties":{"building_uid":"wjjek9","street_name":"Strada Soldat Stelian N. Mihale","highway":"residential","lungime":12.4},"geometry":{"type":"LineString","coordinates":[[26.16868227071137,44.41306194908734],[26.168652447781938,44.41317194240121]]}},{"type":"Feature","properties":{"building_uid":"wjjek9","street_name":"","highway":"service","lungime":33.5},"geometry":{"type":"LineString","coordinates":[[26.167941063630444,44.41279400483145],[26.1680814,44.4130755],[26.168081697600183,44.41307799443062]]}},{"type":"Feature","properties":{"building_uid":"jn1oc4","street_name":"Aleea Soldat Tudor Ion","highway":"service","lungime":44.7},"geometry":{"type":"LineString","coordinates":[[26.172900363796384,44.41811524832383],[26.1723457918349,44.41805133025171]]}},{"type":"Feature","properties":{"building_uid":"jn1oc4","street_name":"","highway":"footway","lungime":32.4},"geometry":{"type":"LineString","coordinates":[[26.1725281,44.4177806],[26.17292854767757,44.41783027600771]]}},{"type":"Feature","properties":{"building_uid":"jn1oc4","street_name":"","highway":"footway","lungime":31.8},"geometry":{"type":"LineString","coordinates":[[26.172358972858323,44.41793115757739],[26.1724831,44.417944],[26.1725281,44.4177806],[26.172535853763286,44.41775153375367]]}},{"type":"Feature","properties":{"building_uid":"d1pgae","street_name":"Strada Remus","highway":"residential","lungime":9.9},"geometry":{"type":"LineString","coordinates":[[26.116046059817023,44.43154933347461],[26.116028793552573,44.43163763297207]]}},{"type":"Feature","properties":{"building_uid":"zfqg1a","street_name":"Strada Culmea Veche","highway":"residential","lungime":10.2},"geometry":{"type":"LineString","coordinates":[[26.11002203171729,44.43354617736178],[26.1100571,44.4335896],[26.110082765941087,44.433627468112846]]}},{"type":"Feature","properties":{"building_uid":"zfqg1a","street_name":"Strada Zborului","highway":"residential","lungime":19.2},"geometry":{"type":"LineString","coordinates":[[26.110262136171368,44.433399024074895],[26.11004887128887,44.433479463372876]]}},{"type":"Feature","properties":{"building_uid":"bzzsi8","street_name":"Aleea Zemeș","highway":"residential","lungime":81.6},"geometry":{"type":"LineString","coordinates":[[26.17021435284617,44.40944928399601],[26.170243,44.4094738],[26.1702684,44.4095085],[26.1702892,44.4095546],[26.1703534,44.4097208],[26.1704143,44.4098943],[26.1704354,44.409957],[26.1704596,44.4099991],[26.1704886,44.410028],[26.17059543473977,44.410117304581235]]}},{"type":"Feature","properties":{"building_uid":"bzzsi8","street_name":"","highway":"footway","lungime":45.4},"geometry":{"type":"LineString","coordinates":[[26.170607743120396,44.41014724828694],[26.1705604,44.4102002],[26.1703516,44.4102519],[26.1703566,44.410333],[26.170216246345237,44.41036637656516]]}},{"type":"Feature","properties":{"building_uid":"bzzsi8","street_name":"Aleea Prevederii","highway":"residential","lungime":6},"geometry":{"type":"LineString","coordinates":[[26.17042727879889,44.409708216484354],[26.1703534,44.4097208]]}},{"type":"Feature","properties":{"building_uid":"bzzsi8","street_name":"","highway":"residential","lungime":6.8},"geometry":{"type":"LineString","coordinates":[[26.170497851807657,44.40987990579664],[26.1704143,44.4098943]]}},{"type":"Feature","properties":{"building_uid":"bzzsi8","street_name":"","highway":"service","lungime":4.7},"geometry":{"type":"LineString","coordinates":[[26.169978031494782,44.41001887926005],[26.1700348,44.4100062]]}},{"type":"Feature","properties":{"building_uid":"bzzsi8","street_name":"","highway":"service","lungime":5.3},"geometry":{"type":"LineString","coordinates":[[26.17003143985529,44.410148862460325],[26.1700945,44.410135]]}},{"type":"Feature","properties":{"building_uid":"bzzsi8","street_name":"","highway":"service","lungime":5.6},"geometry":{"type":"LineString","coordinates":[[26.17008131384395,44.410270243843236],[26.1701485,44.4102548]]}},{"type":"Feature","properties":{"building_uid":"72on6k","street_name":"Strada Fluierului","highway":"residential","lungime":66.9},"geometry":{"type":"LineString","coordinates":[[26.12976247262962,44.44244101886435],[26.1302543,44.4419526]]}},{"type":"Feature","properties":{"building_uid":"72on6k","street_name":"Strada Fluierului","highway":"residential","lungime":18},"geometry":{"type":"LineString","coordinates":[[26.1302543,44.4419526],[26.1302867,44.441935],[26.1303283,44.4419217],[26.1303757,44.4419108],[26.1304262,44.4419042],[26.130464455258576,44.441902925835954]]}},{"type":"Feature","properties":{"building_uid":"72on6k","street_name":"","highway":"service","lungime":21.4},"geometry":{"type":"LineString","coordinates":[[26.13005354047064,44.442628466483974],[26.1300578,44.4426189],[26.1302172,44.4425026],[26.1302358,44.4425022],[26.130243444210194,44.442505674641]]}},{"type":"Feature","properties":{"building_uid":"72on6k","street_name":"","highway":"footway","lungime":4.4},"geometry":{"type":"LineString","coordinates":[[26.13030960501228,44.44188477907443],[26.1303283,44.4419217]]}},{"type":"Feature","properties":{"building_uid":"72on6k","street_name":"","highway":"service","lungime":9.9},"geometry":{"type":"LineString","coordinates":[[26.13050259288975,44.442262998514984],[26.130397,44.4422161]]}},{"type":"Feature","properties":{"building_uid":"72on6k","street_name":"","highway":"footway","lungime":56},"geometry":{"type":"LineString","coordinates":[[26.129972959254488,44.442617930143165],[26.1300898,44.4425236],[26.1301788,44.4424345],[26.130397,44.4422161]]}},{"type":"Feature","properties":{"building_uid":"72on6k","street_name":"","highway":"footway","lungime":8.7},"geometry":{"type":"LineString","coordinates":[[26.1301788,44.4424345],[26.13026342888455,44.44248455527751]]}},{"type":"Feature","properties":{"building_uid":"vkxwfv","street_name":"Strada Johann Gutenberg","highway":"residential","lungime":13.3},"geometry":{"type":"LineString","coordinates":[[26.091859696660904,44.43383736751135],[26.092027307406866,44.43383987533834]]}},{"type":"Feature","properties":{"building_uid":"ofqd7p","street_name":"Strada General Henri Mathias Berthelot","highway":"residential","lungime":0.5},"geometry":{"type":"LineString","coordinates":[[26.09213127900865,44.44233942932341],[26.09212536043319,44.44234022960339]]}},{"type":"Feature","properties":{"building_uid":"ofqd7p","street_name":"","highway":"footway","lungime":7.2},"geometry":{"type":"LineString","coordinates":[[26.09231092909309,44.442529035397904],[26.09238782783262,44.442494335059656]]}},{"type":"Feature","properties":{"building_uid":"ofqd7p","street_name":"","highway":"footway","lungime":16.4},"geometry":{"type":"LineString","coordinates":[[26.092387298092923,44.442476441795776],[26.09236482299235,44.44232995795368]]}},{"type":"Feature","properties":{"building_uid":"iz3wwf","street_name":"Aleea Bran","highway":"residential","lungime":20},"geometry":{"type":"LineString","coordinates":[[26.116198971245584,44.41241358683608],[26.11644419753672,44.412453651155225]]}},{"type":"Feature","properties":{"building_uid":"4y4ms5","street_name":"Strada Vasile Conta","highway":"residential","lungime":27.3},"geometry":{"type":"LineString","coordinates":[[26.101400584545253,44.439662341943134],[26.10132143432249,44.43990191926617]]}},{"type":"Feature","properties":{"building_uid":"jcgope","street_name":"Strada Sfinților","highway":"residential","lungime":10},"geometry":{"type":"LineString","coordinates":[[26.10725249571339,44.43508001970017],[26.107146611197358,44.43503078228876]]}},{"type":"Feature","properties":{"building_uid":"ld4zji","street_name":"","highway":"footway","lungime":9.2},"geometry":{"type":"LineString","coordinates":[[26.1303191,44.4592558],[26.130268358890135,44.4591811705823]]}},{"type":"Feature","properties":{"building_uid":"ld4zji","street_name":"","highway":"service","lungime":37.8},"geometry":{"type":"LineString","coordinates":[[26.13058548008235,44.45916999173094],[26.130504,44.4591972],[26.1303191,44.4592558],[26.130152234159848,44.4593087417338]]}},{"type":"Feature","properties":{"building_uid":"ld4zji","street_name":"","highway":"footway","lungime":25.3},"geometry":{"type":"LineString","coordinates":[[26.13045623495898,44.45962900884161],[26.13074318644631,44.45953038515439]]}},{"type":"Feature","properties":{"building_uid":"eg2tnb","street_name":"Bulevardul Basarabia","highway":"residential","lungime":107.3},"geometry":{"type":"LineString","coordinates":[[26.1640282,44.4353467],[26.165333825100717,44.43558614590537]]}},{"type":"Feature","properties":{"building_uid":"eg2tnb","street_name":"Aleea Budacu","highway":"residential","lungime":31.2},"geometry":{"type":"LineString","coordinates":[[26.16417201892294,44.43509207010026],[26.1641219,44.4351516],[26.1641024,44.4351747],[26.1640282,44.4353467],[26.164023548557463,44.43534965518999]]}},{"type":"Feature","properties":{"building_uid":"eg2tnb","street_name":"","highway":"footway","lungime":4.3},"geometry":{"type":"LineString","coordinates":[[26.1641219,44.4351516],[26.164070255677547,44.43514065154445]]}},{"type":"Feature","properties":{"building_uid":"s4t27k","street_name":"","highway":"footway","lungime":4.2},"geometry":{"type":"LineString","coordinates":[[26.115930151786046,44.46083088136391],[26.115906756599472,44.46086503666437]]}},{"type":"Feature","properties":{"building_uid":"rugyr5","street_name":"","highway":"service","lungime":2.7},"geometry":{"type":"LineString","coordinates":[[26.096250936896208,44.43736650669622],[26.0962777,44.4373522]]}},{"type":"Feature","properties":{"building_uid":"rugyr5","street_name":"","highway":"service","lungime":20.9},"geometry":{"type":"LineString","coordinates":[[26.09674657500757,44.43747683968085],[26.0967249,44.4374736],[26.0966977,44.4374779],[26.0966827,44.43749],[26.096600604589597,44.43761325594602]]}},{"type":"Feature","properties":{"building_uid":"nbrcy6","street_name":"Strada Ion Câmpineanu","highway":"tertiary","lungime":40},"geometry":{"type":"LineString","coordinates":[[26.096426597102575,44.437086362748225],[26.0964628,44.4370797],[26.0965248,44.4370753],[26.0965974,44.4370769],[26.0966814,44.4370836],[26.09692184131333,44.43711873596682]]}},{"type":"Feature","properties":{"building_uid":"vufpcj","street_name":"Strada Vasile Lascăr","highway":"tertiary","lungime":46.8},"geometry":{"type":"LineString","coordinates":[[26.11179485105392,44.45002365428211],[26.111752345402646,44.450443560388635]]}},{"type":"Feature","properties":{"building_uid":"vufpcj","street_name":"Strada Icoanei","highway":"residential","lungime":44},"geometry":{"type":"LineString","coordinates":[[26.111699229890267,44.45047449262114],[26.1116744,44.4504689],[26.111171438257813,44.45035572158693]]}},{"type":"Feature","properties":{"building_uid":"bqwuvj","street_name":"","highway":"footway","lungime":29.7},"geometry":{"type":"LineString","coordinates":[[26.104465925973866,44.45282783087095],[26.104092823650117,44.45283521179377]]}},{"type":"Feature","properties":{"building_uid":"svo030","street_name":"","highway":"service","lungime":44.3},"geometry":{"type":"LineString","coordinates":[[26.110882508417824,44.45244130942775],[26.1108816,44.4524961],[26.111362268913204,44.452500925571805]]}},{"type":"Feature","properties":{"building_uid":"svo030","street_name":"","highway":"footway","lungime":16.4},"geometry":{"type":"LineString","coordinates":[[26.1107537,44.4525801],[26.110758243482106,44.452727592787895]]}},{"type":"Feature","properties":{"building_uid":"svo030","street_name":"","highway":"footway","lungime":7.2},"geometry":{"type":"LineString","coordinates":[[26.1107569,44.4525155],[26.1107537,44.4525801]]}},{"type":"Feature","properties":{"building_uid":"svo030","street_name":"","highway":"footway","lungime":12},"geometry":{"type":"LineString","coordinates":[[26.1108816,44.4524961],[26.110759,44.4524952],[26.1107569,44.4525155]]}},{"type":"Feature","properties":{"building_uid":"qwhuk9","street_name":"","highway":"service","lungime":130.9},"geometry":{"type":"LineString","coordinates":[[26.10994910629319,44.45323925775477],[26.1104117,44.4532082],[26.1113464,44.45319],[26.11134648643862,44.45301409740494]]}},{"type":"Feature","properties":{"building_uid":"qwhuk9","street_name":"","highway":"service","lungime":5.9},"geometry":{"type":"LineString","coordinates":[[26.1104117,44.4532082],[26.110412058539065,44.453261443051105]]}},{"type":"Feature","properties":{"building_uid":"sj57pg","street_name":"","highway":"footway","lungime":28.3},"geometry":{"type":"LineString","coordinates":[[26.112302862451987,44.452721275527125],[26.112263523372008,44.45246834803965]]}},{"type":"Feature","properties":{"building_uid":"sj57pg","street_name":"","highway":"footway","lungime":2.2},"geometry":{"type":"LineString","coordinates":[[26.1119491,44.4527149],[26.111949808686454,44.45273470491332]]}},{"type":"Feature","properties":{"building_uid":"s65ts2","street_name":"","highway":"service","lungime":47.5},"geometry":{"type":"LineString","coordinates":[[26.119537738244944,44.45255427979647],[26.1195236,44.4525259],[26.119524,44.4525049],[26.1195475,44.452489],[26.1197361,44.4524435],[26.120015844822653,44.452377324862695]]}},{"type":"Feature","properties":{"building_uid":"s65ts2","street_name":"","highway":"footway","lungime":8.6},"geometry":{"type":"LineString","coordinates":[[26.119433363813897,44.45224255870447],[26.1194693,44.4523153]]}},{"type":"Feature","properties":{"building_uid":"s65ts2","street_name":"","highway":"footway","lungime":10.6},"geometry":{"type":"LineString","coordinates":[[26.1194693,44.4523153],[26.119341581991748,44.45234282890477]]}},{"type":"Feature","properties":{"building_uid":"59v67k","street_name":"Strada Depoului","highway":"residential","lungime":0.8},"geometry":{"type":"LineString","coordinates":[[26.12036844557649,44.45305925360235],[26.1203776,44.4530567]]}},{"type":"Feature","properties":{"building_uid":"59v67k","street_name":"Strada Lizeanu","highway":"tertiary","lungime":19.9},"geometry":{"type":"LineString","coordinates":[[26.12043951673649,44.453186153139974],[26.120425,44.4531552],[26.1203776,44.4530567],[26.120358116792335,44.45301723844404]]}},{"type":"Feature","properties":{"building_uid":"alpygz","street_name":"","highway":"service","lungime":67.4},"geometry":{"type":"LineString","coordinates":[[26.118336685359143,44.45273769652899],[26.1184535,44.4527197],[26.1190794,44.452613],[26.119106,44.4526148],[26.1191201,44.4526268],[26.11913198270164,44.45265120771147]]}},{"type":"Feature","properties":{"building_uid":"alpygz","street_name":"","highway":"service","lungime":20.2},"geometry":{"type":"LineString","coordinates":[[26.119540410108918,44.45255964304744],[26.1195236,44.4525259],[26.119524,44.4525049],[26.1195475,44.452489],[26.119681790471024,44.45245660224585]]}},{"type":"Feature","properties":{"building_uid":"alpygz","street_name":"","highway":"footway","lungime":13.3},"geometry":{"type":"LineString","coordinates":[[26.1183909,44.4525415],[26.1184289,44.4526583]]}},{"type":"Feature","properties":{"building_uid":"alpygz","street_name":"","highway":"footway","lungime":7.1},"geometry":{"type":"LineString","coordinates":[[26.1184289,44.4526583],[26.1184535,44.4527197]]}},{"type":"Feature","properties":{"building_uid":"alpygz","street_name":"","highway":"footway","lungime":3.1},"geometry":{"type":"LineString","coordinates":[[26.1183858,44.4525138],[26.1183909,44.4525415]]}},{"type":"Feature","properties":{"building_uid":"alpygz","street_name":"","highway":"footway","lungime":100.3},"geometry":{"type":"LineString","coordinates":[[26.1194693,44.4523153],[26.1189302,44.4524315],[26.1183858,44.4525138],[26.118246754663918,44.452532431826135]]}},{"type":"Feature","properties":{"building_uid":"uzvko8","street_name":"","highway":"service","lungime":69.8},"geometry":{"type":"LineString","coordinates":[[26.117701936756855,44.45283548625411],[26.1184535,44.4527197],[26.118559662198813,44.45270160205047]]}},{"type":"Feature","properties":{"building_uid":"uzvko8","street_name":"","highway":"footway","lungime":13.3},"geometry":{"type":"LineString","coordinates":[[26.1183909,44.4525415],[26.1184289,44.4526583]]}},{"type":"Feature","properties":{"building_uid":"uzvko8","street_name":"","highway":"footway","lungime":7.1},"geometry":{"type":"LineString","coordinates":[[26.1184289,44.4526583],[26.1184535,44.4527197]]}},{"type":"Feature","properties":{"building_uid":"uzvko8","street_name":"","highway":"footway","lungime":3.1},"geometry":{"type":"LineString","coordinates":[[26.1183858,44.4525138],[26.1183909,44.4525415]]}},{"type":"Feature","properties":{"building_uid":"uzvko8","street_name":"","highway":"footway","lungime":73.2},"geometry":{"type":"LineString","coordinates":[[26.118518699393395,44.452493708853645],[26.1183858,44.4525138],[26.117615442847747,44.45261702647942]]}},{"type":"Feature","properties":{"building_uid":"xearbq","street_name":"Strada Bibescu Vodă","highway":"tertiary","lungime":36},"geometry":{"type":"LineString","coordinates":[[26.10181321382948,44.425501902982795],[26.10217660852618,44.42530954653439]]}},{"type":"Feature","properties":{"building_uid":"00fpl3","street_name":"Strada Radu Cristian","highway":"residential","lungime":15.7},"geometry":{"type":"MultiLineString","coordinates":[[[26.1072817,44.4350936],[26.107252,44.4351483],[26.107208594796994,44.43522479466681]],[[26.107208594796994,44.43522479466681],[26.107208594796987,44.435224794666816]]]}},{"type":"Feature","properties":{"building_uid":"00fpl3","street_name":"Strada Sfinților","highway":"residential","lungime":29.3},"geometry":{"type":"LineString","coordinates":[[26.107298490380465,44.435101340059994],[26.1072817,44.4350936],[26.1069959,44.4349607],[26.106989251752477,44.43495767650759]]}},{"type":"Feature","properties":{"building_uid":"00fpl3","street_name":"Strada Dimitrie Bolintineanu","highway":"residential","lungime":29.4},"geometry":{"type":"LineString","coordinates":[[26.106753459551783,44.43524374481146],[26.10708162410276,44.43536599247746]]}},{"type":"Feature","properties":{"building_uid":"7dpd6y","street_name":"Strada Radu Cristian","highway":"residential","lungime":27.9},"geometry":{"type":"LineString","coordinates":[[26.10727716741316,44.43510194789563],[26.107252,44.4351483],[26.1071459754011,44.435335151248324]]}},{"type":"Feature","properties":{"building_uid":"0go96r","street_name":"Strada Vânători","highway":"residential","lungime":23.6},"geometry":{"type":"LineString","coordinates":[[26.09334402869831,44.42889549257543],[26.09361074404447,44.42898867437649]]}},{"type":"Feature","properties":{"building_uid":"79994e","street_name":"Pasaj Victoriei","highway":"footway","lungime":33.5},"geometry":{"type":"LineString","coordinates":[[26.098655034978965,44.436460966026274],[26.0990651,44.4365305]]}},{"type":"Feature","properties":{"building_uid":"79994e","street_name":"Pasaj Victoriei","highway":"footway","lungime":0.1},"geometry":{"type":"LineString","coordinates":[[26.0990651,44.4365305],[26.099066744089207,44.43653077996177]]}},{"type":"Feature","properties":{"building_uid":"79994e","street_name":"Pasaj Victoriei","highway":"footway","lungime":5.9},"geometry":{"type":"LineString","coordinates":[[26.0992448,44.4365611],[26.099316915494867,44.43657466628121]]}},{"type":"Feature","properties":{"building_uid":"sdbp4w","street_name":"Strada Stelea Spătarul","highway":"residential","lungime":13.2},"geometry":{"type":"LineString","coordinates":[[26.107174798654658,44.43149777099475],[26.1072134,44.4315056],[26.10733265727949,44.43153369138179]]}},{"type":"Feature","properties":{"building_uid":"ilg4jv","street_name":"Strada Constantin Nacu","highway":"residential","lungime":18.4},"geometry":{"type":"LineString","coordinates":[[26.108277058788346,44.4374284520106],[26.10834236924759,44.43726927913742]]}},{"type":"Feature","properties":{"building_uid":"z57cen","street_name":"Strada Nicolae Mavrogheni","highway":"service","lungime":23.4},"geometry":{"type":"LineString","coordinates":[[26.10478770642543,44.43358818990152],[26.104498185412766,44.4335536198023]]}},{"type":"Feature","properties":{"building_uid":"p7vvbw","street_name":"Strada Biserica Răsvan","highway":"living_street","lungime":5.2},"geometry":{"type":"LineString","coordinates":[[26.106071369321427,44.43303175136032],[26.10610861932171,44.432993673582246]]}},{"type":"Feature","properties":{"building_uid":"6cxaey","street_name":"Strada Aviator Ștefan Protopopescu","highway":"residential","lungime":45.8},"geometry":{"type":"LineString","coordinates":[[26.09625811902509,44.46313550142422],[26.095690527960176,44.46306413361923]]}},{"type":"Feature","properties":{"building_uid":"cqrm5b","street_name":"Strada Aviator Ștefan Protopopescu","highway":"residential","lungime":44},"geometry":{"type":"LineString","coordinates":[[26.09702671122772,44.46323206067312],[26.0966856,44.463189],[26.096481794553323,44.463163550609856]]}},{"type":"Feature","properties":{"building_uid":"cqrm5b","street_name":"Strada Mihail Jora","highway":"residential","lungime":8.2},"geometry":{"type":"LineString","coordinates":[[26.0966856,44.463189],[26.096705460841847,44.463116766777105]]}},{"type":"Feature","properties":{"building_uid":"cqrm5b","street_name":"","highway":"footway","lungime":31.2},"geometry":{"type":"LineString","coordinates":[[26.096473971644382,44.46352987789689],[26.0965002,44.4635276],[26.0965361,44.463528],[26.09685795734157,44.46357859406239]]}},{"type":"Feature","properties":{"building_uid":"xaelli","street_name":"Strada Aviator Ștefan Protopopescu","highway":"residential","lungime":40.7},"geometry":{"type":"LineString","coordinates":[[26.099381149865653,44.46354224633319],[26.0989363,44.4634795],[26.098878962416723,44.46347172592916]]}},{"type":"Feature","properties":{"building_uid":"xaelli","street_name":"","highway":"footway","lungime":32.4},"geometry":{"type":"LineString","coordinates":[[26.098830105157713,44.46386207469436],[26.099230613920703,44.46391433562429]]}},{"type":"Feature","properties":{"building_uid":"xaelli","street_name":"","highway":"footway","lungime":43.2},"geometry":{"type":"LineString","coordinates":[[26.098828281364593,44.46386080678039],[26.0989363,44.4634795]]}},{"type":"Feature","properties":{"building_uid":"tuyq36","street_name":"Strada Aviator Ștefan Protopopescu","highway":"residential","lungime":38.1},"geometry":{"type":"LineString","coordinates":[[26.100142775636098,44.46363954525627],[26.1000928,44.4636343],[26.09967068596933,44.463581271778246]]}},{"type":"Feature","properties":{"building_uid":"tuyq36","street_name":"","highway":"footway","lungime":48.9},"geometry":{"type":"MultiLineString","coordinates":[[[26.099952335740067,44.464035706445856],[26.09995233574007,44.464035706445856]],[[26.09995233574007,44.464035706445856],[26.0999758,44.4640251],[26.1000079,44.4639975],[26.1000859,44.4638816],[26.1001196,44.4638316],[26.1001286,44.4637997],[26.100126,44.4637634],[26.1000928,44.4636343]]]}},{"type":"Feature","properties":{"building_uid":"tuyq36","street_name":"","highway":"footway","lungime":32},"geometry":{"type":"LineString","coordinates":[[26.09954187469827,44.46387566596538],[26.0996812,44.4638046],[26.099598194103095,44.46365031659599]]}},{"type":"Feature","properties":{"building_uid":"tuyq36","street_name":"","highway":"footway","lungime":3.4},"geometry":{"type":"LineString","coordinates":[[26.10008347283201,44.46360484543764],[26.1000928,44.4636343]]}},{"type":"Feature","properties":{"building_uid":"tuyq36","street_name":"","highway":"footway","lungime":5.1},"geometry":{"type":"LineString","coordinates":[[26.10014992333619,44.46387836720805],[26.1000859,44.4638816]]}},{"type":"Feature","properties":{"building_uid":"qx5uwb","street_name":"Strada Mihai Vodă","highway":"residential","lungime":13.6},"geometry":{"type":"LineString","coordinates":[[26.09501229066005,44.432629835917965],[26.094843167486136,44.43261570009845]]}},{"type":"Feature","properties":{"building_uid":"4m6i5b","street_name":"Strada Maxim Gorki","highway":"residential","lungime":38.6},"geometry":{"type":"LineString","coordinates":[[26.09262590006033,44.465475614624275],[26.09233847870233,44.46575510156591]]}},{"type":"Feature","properties":{"building_uid":"g36k28","street_name":"","highway":"service","lungime":3},"geometry":{"type":"LineString","coordinates":[[26.102207459007897,44.453439860621394],[26.1022081,44.453413]]}},{"type":"Feature","properties":{"building_uid":"g36k28","street_name":"","highway":"service","lungime":134.1},"geometry":{"type":"LineString","coordinates":[[26.1011178,44.4534118],[26.1022081,44.453413],[26.1023798,44.4534132],[26.1024062,44.4533895],[26.102412580131404,44.45311698972989]]}},{"type":"Feature","properties":{"building_uid":"vz40x6","street_name":"","highway":"primary_link","lungime":11.4},"geometry":{"type":"MultiLineString","coordinates":[[[26.08153901677659,44.445074324048015],[26.081539016776585,44.445074324048015]],[[26.081539016776585,44.445074324048015],[26.0815313,44.4450865],[26.081507,44.4451314],[26.08148794622481,44.445170488536824]]]}},{"type":"Feature","properties":{"building_uid":"5x7175","street_name":"Strada Măgura Odobești","highway":"residential","lungime":6.5},"geometry":{"type":"LineString","coordinates":[[26.0476268,44.4608559],[26.047674920908854,44.46090269181796]]}},{"type":"Feature","properties":{"building_uid":"5x7175","street_name":"Strada Vizantea","highway":"residential","lungime":1.9},"geometry":{"type":"LineString","coordinates":[[26.04786891332007,44.46054762303879],[26.0478467,44.4605532]]}},{"type":"Feature","properties":{"building_uid":"5x7175","street_name":"Strada Vizantea","highway":"residential","lungime":8.8},"geometry":{"type":"LineString","coordinates":[[26.0478467,44.4605532],[26.0478296,44.4605443],[26.047777537695513,44.46049256958441]]}},{"type":"Feature","properties":{"building_uid":"bzhzqm","street_name":"Strada Olimpului","highway":"residential","lungime":7},"geometry":{"type":"LineString","coordinates":[[26.098792952596348,44.42138169677382],[26.098758898168388,44.42144013559549]]}},{"type":"Feature","properties":{"building_uid":"cn640a","street_name":"Strada Olimpului","highway":"residential","lungime":7.5},"geometry":{"type":"LineString","coordinates":[[26.0987421877011,44.42146881145577],[26.0987123,44.4215201],[26.098710090029314,44.421531924992394]]}},{"type":"Feature","properties":{"building_uid":"cn640a","street_name":"","highway":"service","lungime":0.1},"geometry":{"type":"LineString","coordinates":[[26.098637752220437,44.42157934997489],[26.098638638527273,44.42157953043185]]}},{"type":"Feature","properties":{"building_uid":"dyldok","street_name":"Strada Amiral Constantin Bălescu","highway":"residential","lungime":16.9},"geometry":{"type":"LineString","coordinates":[[26.09156809306254,44.46681675800805],[26.091394942201806,44.46672907160415]]}},{"type":"Feature","properties":{"building_uid":"3gcsab","street_name":"Strada Constantin Mille","highway":"residential","lungime":26},"geometry":{"type":"LineString","coordinates":[[26.09575509301387,44.43552220187347],[26.095432474736118,44.43555848803014]]}},{"type":"Feature","properties":{"building_uid":"rt3q1k","street_name":"Strada Agricultori","highway":"tertiary","lungime":13.5},"geometry":{"type":"LineString","coordinates":[[26.132678332065034,44.435573271600596],[26.13265434757602,44.43569325749669]]}},{"type":"Feature","properties":{"building_uid":"4sz40x","street_name":"Strada Lipscani","highway":"pedestrian","lungime":24.8},"geometry":{"type":"LineString","coordinates":[[26.10028852533453,44.43195564187597],[26.099982385027385,44.4319984685284]]}},{"type":"Feature","properties":{"building_uid":"4sz40x","street_name":"","highway":"pedestrian","lungime":29.8},"geometry":{"type":"LineString","coordinates":[[26.09996396192247,44.432048592902525],[26.1000483,44.4320353],[26.1001924,44.4320148],[26.1002658,44.4320051],[26.100331245900776,44.43199639301612]]}},{"type":"Feature","properties":{"building_uid":"1hyrb2","street_name":"Strada Doctor Dumitru Râureanu","highway":"residential","lungime":25.4},"geometry":{"type":"LineString","coordinates":[[26.0967791,44.4308733],[26.0966835,44.4308821],[26.09646452325252,44.43090969057081]]}},{"type":"Feature","properties":{"building_uid":"1hyrb2","street_name":"Strada Ion C. Filitti","highway":"pedestrian","lungime":2.9},"geometry":{"type":"LineString","coordinates":[[26.096820802534985,44.4305814406895],[26.096817,44.4305821],[26.0967849,44.4305876]]}},{"type":"Feature","properties":{"building_uid":"1hyrb2","street_name":"Calea Victoriei","highway":"secondary","lungime":8},"geometry":{"type":"LineString","coordinates":[[26.09679105144121,44.43094441979888],[26.0967791,44.4308733]]}},{"type":"Feature","properties":{"building_uid":"1hyrb2","street_name":"Calea Victoriei","highway":"secondary","lungime":65.6},"geometry":{"type":"LineString","coordinates":[[26.0967791,44.4308733],[26.0967436,44.4305984],[26.0967023867895,44.43028536388691]]}},{"type":"Feature","properties":{"building_uid":"1hyrb2","street_name":"Calea Victoriei","highway":"secondary","lungime":67.5},"geometry":{"type":"LineString","coordinates":[[26.096746814141593,44.43031390456654],[26.0967849,44.4305876],[26.0968299,44.4308724],[26.09683940180435,44.43091820198764]]}},{"type":"Feature","properties":{"building_uid":"1hyrb2","street_name":"Calea Victoriei","highway":"cycleway","lungime":40.8},"geometry":{"type":"LineString","coordinates":[[26.096871509391462,44.43086773601078],[26.096817,44.4305821],[26.096804559735002,44.43050328540971]]}},{"type":"Feature","properties":{"building_uid":"f6d1m4","street_name":"Calea Victoriei","highway":"secondary","lungime":29.9},"geometry":{"type":"LineString","coordinates":[[26.09672426758305,44.430451560076946],[26.0966944,44.4302247],[26.0966876,44.4301837]]}},{"type":"Feature","properties":{"building_uid":"f6d1m4","street_name":"Calea Victoriei","highway":"secondary","lungime":1.2},"geometry":{"type":"LineString","coordinates":[[26.0966876,44.4301837],[26.096681102422988,44.4301739980573]]}},{"type":"Feature","properties":{"building_uid":"f6d1m4","street_name":"Calea Victoriei","highway":"secondary","lungime":22.9},"geometry":{"type":"LineString","coordinates":[[26.096732148651572,44.43021018124841],[26.0967339,44.4302211],[26.09676094659731,44.43041546427283]]}},{"type":"Feature","properties":{"building_uid":"f6d1m4","street_name":"Splaiul Independenței","highway":"primary","lungime":23.6},"geometry":{"type":"LineString","coordinates":[[26.09642774862027,44.4301341965471],[26.0963918,44.4301674],[26.0962470486242,44.43030229356268]]}},{"type":"Feature","properties":{"building_uid":"f6d1m4","street_name":"","highway":"footway","lungime":11.7},"geometry":{"type":"LineString","coordinates":[[26.0965915,44.4302316],[26.0966944,44.4302247],[26.0967339,44.4302211],[26.096737581252942,44.43022084131736]]}},{"type":"Feature","properties":{"building_uid":"f6d1m4","street_name":"","highway":"footway","lungime":37.8},"geometry":{"type":"LineString","coordinates":[[26.096261295808368,44.4303797692035],[26.0964614,44.4302039],[26.0965339,44.4301886],[26.0965915,44.4302316]]}},{"type":"Feature","properties":{"building_uid":"f6d1m4","street_name":"","highway":"footway","lungime":8.1},"geometry":{"type":"LineString","coordinates":[[26.0965339,44.4301886],[26.096493008122387,44.43012177334095]]}},{"type":"Feature","properties":{"building_uid":"yakwnv","street_name":"Splaiul Independenței","highway":"primary","lungime":54.9},"geometry":{"type":"LineString","coordinates":[[26.09633188637532,44.43022323340567],[26.095911143197,44.43061532326307]]}},{"type":"Feature","properties":{"building_uid":"yakwnv","street_name":"","highway":"footway","lungime":65.4},"geometry":{"type":"LineString","coordinates":[[26.09592320206543,44.430678356029865],[26.0960081,44.4306023],[26.096441516804443,44.43022137510503]]}},{"type":"Feature","properties":{"building_uid":"dv1qj1","street_name":"Intrarea Sergent Costea Gheorghe","highway":"residential","lungime":21.7},"geometry":{"type":"LineString","coordinates":[[26.127748492216146,44.440545485262035],[26.127728211981555,44.44074000699639]]}},{"type":"Feature","properties":{"building_uid":"jcjato","street_name":"Strada Anastase Simu","highway":"residential","lungime":40},"geometry":{"type":"LineString","coordinates":[[26.09854820657305,44.441962489548686],[26.098045336493715,44.441953071155766]]}},{"type":"Feature","properties":{"building_uid":"rfgc77","street_name":"Strada Smârdan","highway":"pedestrian","lungime":12.1},"geometry":{"type":"LineString","coordinates":[[26.099786450460968,44.431047560578605],[26.0997975,44.4309587],[26.099802706762954,44.430939682974135]]}},{"type":"Feature","properties":{"building_uid":"rfgc77","street_name":"Strada Sfântul Dumitru","highway":"pedestrian","lungime":22.7},"geometry":{"type":"LineString","coordinates":[[26.099774913813782,44.431056874695756],[26.0997191,44.4310698],[26.0996647,44.4310718],[26.09949471401656,44.43105202632724]]}},{"type":"Feature","properties":{"building_uid":"rfgc77","street_name":"","highway":"pedestrian","lungime":5.7},"geometry":{"type":"LineString","coordinates":[[26.0997813525827,44.43105167635286],[26.09972795013509,44.43101743214902]]}},{"type":"Feature","properties":{"building_uid":"rfgc77","street_name":"","highway":"pedestrian","lungime":9.1},"geometry":{"type":"LineString","coordinates":[[26.099732073731996,44.43098369315175],[26.0997358,44.4309536],[26.0997432,44.4309544],[26.09975592760712,44.430909106783595]]}},{"type":"Feature","properties":{"building_uid":"rfgc77","street_name":"","highway":"pedestrian","lungime":5.7},"geometry":{"type":"LineString","coordinates":[[26.0997813525827,44.43105167635286],[26.09972795013509,44.43101743214902]]}},{"type":"Feature","properties":{"building_uid":"rfgc77","street_name":"","highway":"pedestrian","lungime":2.8},"geometry":{"type":"LineString","coordinates":[[26.099689831517143,44.43103701103662],[26.0996883,44.4310378],[26.099661,44.4310339],[26.099659719571314,44.43103737544929]]}},{"type":"Feature","properties":{"building_uid":"rfgc77","street_name":"","highway":"pedestrian","lungime":1.6},"geometry":{"type":"LineString","coordinates":[[26.099659602184527,44.43103769407056],[26.0996596,44.4310377],[26.09963993899525,44.431034729243784]]}},{"type":"Feature","properties":{"building_uid":"rfgc77","street_name":"","highway":"pedestrian","lungime":8.9},"geometry":{"type":"LineString","coordinates":[[26.099587986763737,44.43102299840076],[26.0995491,44.4310183],[26.099477900098332,44.43100777605939]]}},{"type":"Feature","properties":{"building_uid":"g4vhhn","street_name":"Șoseaua Ștefan cel Mare","highway":"residential","lungime":77.7},"geometry":{"type":"LineString","coordinates":[[26.12020830960424,44.45232400888781],[26.1205345,44.4522324],[26.1209758,44.4521074],[26.12111505481306,44.45206390165722]]}},{"type":"Feature","properties":{"building_uid":"g4vhhn","street_name":"","highway":"footway","lungime":4.8},"geometry":{"type":"LineString","coordinates":[[26.120349,44.4520385],[26.1203435,44.4520269],[26.12032961252009,44.45199801192156]]}},{"type":"Feature","properties":{"building_uid":"g4vhhn","street_name":"","highway":"footway","lungime":13.4},"geometry":{"type":"LineString","coordinates":[[26.1205109,44.4521901],[26.1204481,44.4520779]]}},{"type":"Feature","properties":{"building_uid":"g4vhhn","street_name":"","highway":"footway","lungime":5.1},"geometry":{"type":"LineString","coordinates":[[26.1205345,44.4522324],[26.1205109,44.4521901]]}},{"type":"Feature","properties":{"building_uid":"g4vhhn","street_name":"","highway":"footway","lungime":53.3},"geometry":{"type":"LineString","coordinates":[[26.120973297160926,44.45186432142203],[26.1204173,44.4520194],[26.120349,44.4520385]]}},{"type":"Feature","properties":{"building_uid":"g4vhhn","street_name":"","highway":"cycleway","lungime":51.3},"geometry":{"type":"LineString","coordinates":[[26.120944354280613,44.45185915335841],[26.1203435,44.4520269]]}},{"type":"Feature","properties":{"building_uid":"g4vhhn","street_name":"","highway":"footway","lungime":6.9},"geometry":{"type":"LineString","coordinates":[[26.1204481,44.4520779],[26.1204173,44.4520194]]}},{"type":"Feature","properties":{"building_uid":"bk49oj","street_name":"Șoseaua Ștefan cel Mare","highway":"residential","lungime":46.8},"geometry":{"type":"LineString","coordinates":[[26.120861249916963,44.452139846771765],[26.1209758,44.4521074],[26.1213001,44.4520061],[26.121401450293956,44.451973430009744]]}},{"type":"Feature","properties":{"building_uid":"bk49oj","street_name":"","highway":"footway","lungime":40.4},"geometry":{"type":"LineString","coordinates":[[26.121250683499618,44.451777918787506],[26.1210838,44.4518335],[26.120781930348866,44.45191769740157]]}},{"type":"Feature","properties":{"building_uid":"bk49oj","street_name":"","highway":"cycleway","lungime":37.3},"geometry":{"type":"LineString","coordinates":[[26.121231794947956,44.451770377045875],[26.1210803,44.4518212],[26.120799019706148,44.45189972789963]]}},{"type":"Feature","properties":{"building_uid":"ramx8r","street_name":"Șoseaua Ștefan cel Mare","highway":"residential","lungime":59.1},"geometry":{"type":"LineString","coordinates":[[26.121157868039802,44.45205052829962],[26.1213001,44.4520061],[26.1216733,44.4518858],[26.1218299,44.4518323],[26.121834366013463,44.45183053515468]]}},{"type":"Feature","properties":{"building_uid":"ramx8r","street_name":"","highway":"footway","lungime":26},"geometry":{"type":"LineString","coordinates":[[26.1218299,44.4518323],[26.1216804,44.4516348],[26.121674308010544,44.451626745036165]]}},{"type":"Feature","properties":{"building_uid":"ramx8r","street_name":"","highway":"footway","lungime":56.7},"geometry":{"type":"LineString","coordinates":[[26.121687398377762,44.45163204491991],[26.1216804,44.4516348],[26.1210838,44.4518335],[26.121040409366053,44.4518456025039]]}},{"type":"Feature","properties":{"building_uid":"ramx8r","street_name":"","highway":"cycleway","lungime":54.6},"geometry":{"type":"LineString","coordinates":[[26.121667796717635,44.45162410881559],[26.1210803,44.4518212],[26.121045075855246,44.45183103388514]]}},{"type":"Feature","properties":{"building_uid":"hhk4mu","street_name":"Strada Căpitan Gheorghe Preoțescu","highway":"residential","lungime":15.8},"geometry":{"type":"LineString","coordinates":[[26.097867610885267,44.42026903896507],[26.0978815,44.4202567],[26.097990796182227,44.42015807003252]]}},{"type":"Feature","properties":{"building_uid":"hhk4mu","street_name":"Intrarea Căpitan Gheorghe Preoțescu","highway":"residential","lungime":22},"geometry":{"type":"LineString","coordinates":[[26.097619481880606,44.420193650662426],[26.0978815,44.4202567]]}},{"type":"Feature","properties":{"building_uid":"rcc7zf","street_name":"Strada Ioan Slavici","highway":"residential","lungime":24.2},"geometry":{"type":"LineString","coordinates":[[26.085620580026244,44.4370194125451],[26.08534105312294,44.437104046530585]]}},{"type":"Feature","properties":{"building_uid":"zsbc2d","street_name":"","highway":"pedestrian","lungime":22},"geometry":{"type":"LineString","coordinates":[[26.099843080276557,44.431469333683815],[26.0998426,44.4314582],[26.099835,44.4314534],[26.0998341,44.4314186],[26.0998417,44.4314125],[26.0998373,44.4312971],[26.09983625089061,44.43127608502756]]}},{"type":"Feature","properties":{"building_uid":"35yy2a","street_name":"","highway":"pedestrian","lungime":21.7},"geometry":{"type":"LineString","coordinates":[[26.099848083008023,44.431583233524385],[26.0998477,44.4315761],[26.0998459,44.4315347],[26.0998426,44.4314582],[26.099835,44.4314534],[26.0998341,44.4314186],[26.0998417,44.4314125],[26.09984094277247,44.43139263998703]]}},{"type":"Feature","properties":{"building_uid":"80ihh6","street_name":"","highway":"pedestrian","lungime":10.3},"geometry":{"type":"LineString","coordinates":[[26.099849543167092,44.43161042898707],[26.0998477,44.4315761],[26.0998459,44.4315347],[26.099845167312516,44.431517714971974]]}},{"type":"Feature","properties":{"building_uid":"c72xyc","street_name":"","highway":"pedestrian","lungime":19.9},"geometry":{"type":"LineString","coordinates":[[26.0998423,44.4317699],[26.0998558,44.4317646],[26.0998501,44.4316208],[26.099848783260093,44.43159627571923]]}},{"type":"Feature","properties":{"building_uid":"c72xyc","street_name":"","highway":"pedestrian","lungime":3},"geometry":{"type":"LineString","coordinates":[[26.09984199651725,44.43179727414428],[26.0998423,44.4317699]]}},{"type":"Feature","properties":{"building_uid":"on12xw","street_name":"","highway":"pedestrian","lungime":5.3},"geometry":{"type":"LineString","coordinates":[[26.0998423,44.4317699],[26.0998558,44.4317646],[26.09985435581599,44.431728166024364]]}},{"type":"Feature","properties":{"building_uid":"on12xw","street_name":"","highway":"pedestrian","lungime":3.6},"geometry":{"type":"LineString","coordinates":[[26.099841937258713,44.43180261926416],[26.0998423,44.4317699]]}},{"type":"Feature","properties":{"building_uid":"zy1px8","street_name":"","highway":"pedestrian","lungime":8.2},"geometry":{"type":"LineString","coordinates":[[26.099832111742263,44.43119317271218],[26.0998309,44.4311689],[26.09983032316208,44.43111934962268]]}},{"type":"Feature","properties":{"building_uid":"tqd5tz","street_name":"","highway":"pedestrian","lungime":7.1},"geometry":{"type":"LineString","coordinates":[[26.09983060291688,44.43114338056019],[26.0998299,44.431083],[26.09982577011681,44.43108033375487]]}},{"type":"Feature","properties":{"building_uid":"tqd5tz","street_name":"","highway":"pedestrian","lungime":32.2},"geometry":{"type":"LineString","coordinates":[[26.100203319007925,44.43105374632075],[26.1002032,44.4310677],[26.1001761,44.4310816],[26.1000235,44.431083],[26.0998299,44.431083],[26.09982577011681,44.43108033375487]]}},{"type":"Feature","properties":{"building_uid":"zw7nba","street_name":"Strada Smârdan","highway":"pedestrian","lungime":1},"geometry":{"type":"LineString","coordinates":[[26.09982956390735,44.43084159074021],[26.099832101348643,44.43083232306523]]}},{"type":"Feature","properties":{"building_uid":"zw7nba","street_name":"","highway":"pedestrian","lungime":5},"geometry":{"type":"LineString","coordinates":[[26.0998459,44.431014],[26.099800126255907,44.431044667649445]]}},{"type":"Feature","properties":{"building_uid":"zw7nba","street_name":"","highway":"pedestrian","lungime":26.2},"geometry":{"type":"LineString","coordinates":[[26.099915323336987,44.43079134401838],[26.0999086,44.4308008],[26.0998986,44.4308013],[26.0998766,44.4308284],[26.0998459,44.431014]]}},{"type":"Feature","properties":{"building_uid":"zw7nba","street_name":"","highway":"pedestrian","lungime":6.7},"geometry":{"type":"LineString","coordinates":[[26.099800126255907,44.431044667649445],[26.0998459,44.431014],[26.09986746684999,44.43101450233346]]}},{"type":"Feature","properties":{"building_uid":"zw7nba","street_name":"","highway":"pedestrian","lungime":6.5},"geometry":{"type":"MultiLineString","coordinates":[[[26.10020357450512,44.431023789274576],[26.1002032,44.4310677],[26.100186152734725,44.43107644380027]],[[26.100186152734725,44.43107644380027],[26.10018615273472,44.43107644380027]]]}},{"type":"Feature","properties":{"building_uid":"zw7nba","street_name":"","highway":"footway","lungime":29.4},"geometry":{"type":"LineString","coordinates":[[26.1001757,44.431051],[26.0998628,44.4310514],[26.099806640741683,44.4310535823546]]}},{"type":"Feature","properties":{"building_uid":"vp3vi0","street_name":"Strada Șelari","highway":"pedestrian","lungime":3.1},"geometry":{"type":"LineString","coordinates":[[26.10053172924526,44.43028189795927],[26.100519846039724,44.43025537612991]]}},{"type":"Feature","properties":{"building_uid":"vp3vi0","street_name":"","highway":"pedestrian","lungime":40.3},"geometry":{"type":"LineString","coordinates":[[26.100460907822573,44.43023425169182],[26.100461,44.4302545],[26.1004327,44.4302531],[26.100191,44.4304861],[26.100165675251453,44.43051235209529]]}},{"type":"Feature","properties":{"building_uid":"vp3vi0","street_name":"","highway":"pedestrian","lungime":3.6},"geometry":{"type":"LineString","coordinates":[[26.100460907822573,44.43023425169182],[26.100461,44.4302545],[26.10046619379017,44.43026570367997]]}},{"type":"Feature","properties":{"building_uid":"vp3vi0","street_name":"","highway":"pedestrian","lungime":3.7},"geometry":{"type":"LineString","coordinates":[[26.100572464324255,44.43049794948994],[26.10057995948093,44.43053063406556]]}},{"type":"Feature","properties":{"building_uid":"sjdg5s","street_name":"","highway":"pedestrian","lungime":3.5},"geometry":{"type":"LineString","coordinates":[[26.09981073907157,44.4307442205503],[26.0998259078829,44.43071488631205]]}},{"type":"Feature","properties":{"building_uid":"sjdg5s","street_name":"","highway":"pedestrian","lungime":3.5},"geometry":{"type":"LineString","coordinates":[[26.09986051867816,44.430672335774794],[26.099886451265558,44.43064688700432]]}},{"type":"Feature","properties":{"building_uid":"2osj8r","street_name":"","highway":"pedestrian","lungime":2.3},"geometry":{"type":"LineString","coordinates":[[26.099845735486777,44.43068921418112],[26.0998576,44.4306752],[26.09986142610359,44.430671445278946]]}},{"type":"Feature","properties":{"building_uid":"2osj8r","street_name":"","highway":"pedestrian","lungime":2.3},"geometry":{"type":"LineString","coordinates":[[26.099995835979474,44.43053922690821],[26.100012297178775,44.43052184428021]]}},{"type":"Feature","properties":{"building_uid":"wmc994","street_name":"Strada Șelari","highway":"pedestrian","lungime":22.9},"geometry":{"type":"LineString","coordinates":[[26.100685024662255,44.43075921135028],[26.100637888311347,44.43055541250639]]}},{"type":"Feature","properties":{"building_uid":"wmc994","street_name":"","highway":"pedestrian","lungime":5.8},"geometry":{"type":"LineString","coordinates":[[26.100584588106784,44.43055081838971],[26.1005869,44.4305609],[26.100596472814797,44.43060278106473]]}},{"type":"Feature","properties":{"building_uid":"wmc994","street_name":"","highway":"pedestrian","lungime":5.8},"geometry":{"type":"LineString","coordinates":[[26.100620086909586,44.43072538835621],[26.1006294,44.4307655],[26.10063242150193,44.4307772531304]]}},{"type":"Feature","properties":{"building_uid":"80zxyn","street_name":"Strada Șelari","highway":"pedestrian","lungime":7},"geometry":{"type":"LineString","coordinates":[[26.100649644008126,44.430606239466194],[26.100635323010618,44.43054432116578]]}},{"type":"Feature","properties":{"building_uid":"80zxyn","street_name":"","highway":"pedestrian","lungime":3.5},"geometry":{"type":"LineString","coordinates":[[26.10057975891328,44.4305297594383],[26.10058688875087,44.43056085094524]]}},{"type":"Feature","properties":{"building_uid":"80zxyn","street_name":"","highway":"pedestrian","lungime":3.5},"geometry":{"type":"LineString","coordinates":[[26.100596368561163,44.430602324955075],[26.1005965,44.4306029],[26.100602311627966,44.43063357998949]]}},{"type":"Feature","properties":{"building_uid":"p6zxf9","street_name":"Strada Șelari","highway":"pedestrian","lungime":12.4},"geometry":{"type":"LineString","coordinates":[[26.10069469157633,44.430801007244],[26.100669168725634,44.430690656583316]]}},{"type":"Feature","properties":{"building_uid":"p6zxf9","street_name":"","highway":"pedestrian","lungime":4.7},"geometry":{"type":"LineString","coordinates":[[26.100612094472385,44.430685224307695],[26.100618,44.4307164],[26.100620445588905,44.43072693319432]]}},{"type":"Feature","properties":{"building_uid":"p6zxf9","street_name":"","highway":"pedestrian","lungime":4.7},"geometry":{"type":"LineString","coordinates":[[26.100632500921698,44.43077756205983],[26.1006412,44.4308114],[26.100643018483453,44.43081889435605]]}},{"type":"Feature","properties":{"building_uid":"c8kfxn","street_name":"Strada Șelari","highway":"pedestrian","lungime":8.5},"geometry":{"type":"LineString","coordinates":[[26.100702250857577,44.43083369057117],[26.10068473098754,44.43075794161755]]}},{"type":"Feature","properties":{"building_uid":"c8kfxn","street_name":"","highway":"pedestrian","lungime":3.5},"geometry":{"type":"LineString","coordinates":[[26.100625122025885,44.43074707469043],[26.1006294,44.4307655],[26.10063264501616,44.430778122562856]]}},{"type":"Feature","properties":{"building_uid":"c8kfxn","street_name":"","highway":"pedestrian","lungime":3.5},"geometry":{"type":"LineString","coordinates":[[26.100644974293903,44.4308269546658],[26.10065250666091,44.430857997147996]]}},{"type":"Feature","properties":{"building_uid":"k7tvfu","street_name":"Strada Lipscani","highway":"pedestrian","lungime":18.2},"geometry":{"type":"LineString","coordinates":[[26.09821546229872,44.43248552923253],[26.0981306,44.4325133],[26.098017,44.4325532],[26.09800935015674,44.43255597821968]]}},{"type":"Feature","properties":{"building_uid":"k7tvfu","street_name":"","highway":"pedestrian","lungime":5.9},"geometry":{"type":"LineString","coordinates":[[26.0982331206744,44.4324097049674],[26.098164255404228,44.432428598666746]]}},{"type":"Feature","properties":{"building_uid":"k7tvfu","street_name":"","highway":"pedestrian","lungime":5.9},"geometry":{"type":"LineString","coordinates":[[26.097941622558896,44.43250130591778],[26.0979274,44.432506],[26.097872576742603,44.432520423024876]]}},{"type":"Feature","properties":{"building_uid":"vlkiod","street_name":"","highway":"pedestrian","lungime":25.4},"geometry":{"type":"LineString","coordinates":[[26.098021247875938,44.43195484636159],[26.0979988,44.4319557],[26.0979982,44.4319494],[26.0979519,44.4319507],[26.0979525,44.4319647],[26.097772,44.4319706],[26.097730339581638,44.431971779513546]]}},{"type":"Feature","properties":{"building_uid":"9f0807","street_name":"Strada Doamna Ghica","highway":"footway","lungime":7.3},"geometry":{"type":"LineString","coordinates":[[26.135133635741997,44.46067908707355],[26.135074814933464,44.460729025317534]]}},{"type":"Feature","properties":{"building_uid":"hbf9xd","street_name":"Strada Ion C. Filitti","highway":"pedestrian","lungime":10.7},"geometry":{"type":"LineString","coordinates":[[26.097906754077613,44.43036171215026],[26.09777750245707,44.4303881256873]]}},{"type":"Feature","properties":{"building_uid":"hbf9xd","street_name":"","highway":"pedestrian","lungime":6.6},"geometry":{"type":"LineString","coordinates":[[26.09776727834301,44.430441955553334],[26.097771,44.4304411],[26.0977656,44.4304306],[26.0978145,44.4304175],[26.097818,44.4304236],[26.09782004652579,44.43042301443337]]}},{"type":"Feature","properties":{"building_uid":"hbf9xd","street_name":"","highway":"pedestrian","lungime":4.7},"geometry":{"type":"LineString","coordinates":[[26.097885329705942,44.430404335141944],[26.0978872,44.4304038],[26.09794233878056,44.43039226196211]]}},{"type":"Feature","properties":{"building_uid":"bobb1d","street_name":"","highway":"pedestrian","lungime":2.3},"geometry":{"type":"LineString","coordinates":[[26.09807767239216,44.43063231577378],[26.098050979944937,44.43064101959877]]}},{"type":"Feature","properties":{"building_uid":"bobb1d","street_name":"","highway":"pedestrian","lungime":2.3},"geometry":{"type":"LineString","coordinates":[[26.09795847091887,44.43066919182642],[26.097931902888718,44.43067807986544]]}},{"type":"Feature","properties":{"building_uid":"uev5cd","street_name":"","highway":"pedestrian","lungime":3.5},"geometry":{"type":"LineString","coordinates":[[26.09799838891476,44.43065679766734],[26.0979713,44.4306649],[26.09795804694932,44.43066933366072]]}},{"type":"Feature","properties":{"building_uid":"uev5cd","street_name":"","highway":"pedestrian","lungime":4.3},"geometry":{"type":"LineString","coordinates":[[26.097916153142712,44.43068334876781],[26.097916,44.4306834],[26.0979203,44.4306901],[26.097879510576657,44.43070176307877]]}},{"type":"Feature","properties":{"building_uid":"j1z7mn","street_name":"Strada Ion C. Filitti","highway":"pedestrian","lungime":8.4},"geometry":{"type":"LineString","coordinates":[[26.097830011616086,44.430377395047245],[26.09772793297618,44.430398255582105]]}},{"type":"Feature","properties":{"building_uid":"j1z7mn","street_name":"","highway":"pedestrian","lungime":4.7},"geometry":{"type":"LineString","coordinates":[[26.097714828689853,44.43045400477861],[26.0977188,44.4304531],[26.097770827588096,44.43044113963492]]}},{"type":"Feature","properties":{"building_uid":"j1z7mn","street_name":"","highway":"pedestrian","lungime":2.5},"geometry":{"type":"LineString","coordinates":[[26.097785508291977,44.43042526669478],[26.0978145,44.4304175],[26.097814773749082,44.43041797710554]]}},{"type":"Feature","properties":{"building_uid":"j1z7mn","street_name":"","highway":"pedestrian","lungime":4.7},"geometry":{"type":"LineString","coordinates":[[26.097819585297778,44.430423146403236],[26.097874054316623,44.43040756133715]]}},{"type":"Feature","properties":{"building_uid":"3rsi0m","street_name":"","highway":"pedestrian","lungime":2.3},"geometry":{"type":"LineString","coordinates":[[26.097943323410977,44.430674259256726],[26.097916759008303,44.43068314608222]]}},{"type":"Feature","properties":{"building_uid":"3rsi0m","street_name":"","highway":"pedestrian","lungime":4},"geometry":{"type":"LineString","coordinates":[[26.09779021563267,44.43072729553009],[26.0977902,44.4307273],[26.0977835,44.4307135],[26.097755765298093,44.43072035615613]]}},{"type":"Feature","properties":{"building_uid":"2y0x6h","street_name":"","highway":"pedestrian","lungime":13.7},"geometry":{"type":"LineString","coordinates":[[26.097447856257748,44.43049907789978],[26.0974826,44.4304901],[26.097481,44.4304838],[26.0975937,44.4304631],[26.097597114110748,44.430469968865665]]}},{"type":"Feature","properties":{"building_uid":"2y0x6h","street_name":"","highway":"pedestrian","lungime":4.7},"geometry":{"type":"LineString","coordinates":[[26.097604201710993,44.430479508371704],[26.0976534,44.430468],[26.0976599593036,44.430466505602084]]}},{"type":"Feature","properties":{"building_uid":"2y0x6h","street_name":"","highway":"pedestrian","lungime":6.2},"geometry":{"type":"LineString","coordinates":[[26.097842951102738,44.43071221667162],[26.0977902,44.4307273],[26.0977835,44.4307135],[26.0977827757036,44.430713679049674]]}},{"type":"Feature","properties":{"building_uid":"2y0x6h","street_name":"","highway":"pedestrian","lungime":4.7},"geometry":{"type":"LineString","coordinates":[[26.097642299377185,44.43074840549558],[26.0976225,44.4307533],[26.097589132515555,44.43076622266739]]}},{"type":"Feature","properties":{"building_uid":"y91m4l","street_name":"","highway":"pedestrian","lungime":14.9},"geometry":{"type":"LineString","coordinates":[[26.09701941033788,44.430590242589375],[26.0970613,44.4305787],[26.0970685,44.4305897],[26.097146,44.4305678],[26.097186057952225,44.43055744762182]]}},{"type":"Feature","properties":{"building_uid":"jv1mlt","street_name":"","highway":"pedestrian","lungime":4.7},"geometry":{"type":"LineString","coordinates":[[26.09738740288649,44.43084790079812],[26.09733635441245,44.43086898051625]]}},{"type":"Feature","properties":{"building_uid":"jv1mlt","street_name":"","highway":"pedestrian","lungime":4.7},"geometry":{"type":"LineString","coordinates":[[26.097272518343605,44.43090157855957],[26.0972568,44.4309081],[26.097220157436546,44.430920660280506]]}},{"type":"Feature","properties":{"building_uid":"6766f3","street_name":"","highway":"pedestrian","lungime":22},"geometry":{"type":"LineString","coordinates":[[26.097080993087033,44.4305861696954],[26.097146,44.4305678],[26.0972853,44.4305318],[26.097340401487003,44.43051903807522]]}},{"type":"Feature","properties":{"building_uid":"sdtfu0","street_name":"","highway":"pedestrian","lungime":3.5},"geometry":{"type":"LineString","coordinates":[[26.09748800095019,44.43080644553533],[26.097481,44.4308093],[26.09744963114722,44.43082220490779]]}},{"type":"Feature","properties":{"building_uid":"sdtfu0","street_name":"","highway":"pedestrian","lungime":4.1},"geometry":{"type":"LineString","coordinates":[[26.0973370630937,44.43086868787673],[26.0973288,44.4308721],[26.097332,44.4308769],[26.097301941889008,44.43088937091839]]}},{"type":"Feature","properties":{"building_uid":"1z7m05","street_name":"Strada Ion C. Filitti","highway":"pedestrian","lungime":17.7},"geometry":{"type":"LineString","coordinates":[[26.097712036493327,44.430401504147476],[26.097497914385716,44.43044526160441]]}},{"type":"Feature","properties":{"building_uid":"1z7m05","street_name":"","highway":"pedestrian","lungime":5.9},"geometry":{"type":"LineString","coordinates":[[26.0977366546954,44.4303658434264],[26.097715,44.4303705],[26.0977042,44.4303643],[26.097668368041433,44.43037182821279]]}},{"type":"Feature","properties":{"building_uid":"1z7m05","street_name":"","highway":"pedestrian","lungime":4.7},"geometry":{"type":"LineString","coordinates":[[26.097521901615288,44.43040200411623],[26.0975034,44.4304058],[26.09746540379111,44.43041326520322]]}},{"type":"Feature","properties":{"building_uid":"a058yr","street_name":"Strada Ion C. Filitti","highway":"pedestrian","lungime":31.9},"geometry":{"type":"LineString","coordinates":[[26.097624638543156,44.430419364573396],[26.097238879015087,44.43049819742315]]}},{"type":"Feature","properties":{"building_uid":"a058yr","street_name":"","highway":"pedestrian","lungime":8.2},"geometry":{"type":"LineString","coordinates":[[26.097619620991363,44.43038195552114],[26.09752094101945,44.43040220119687]]}},{"type":"Feature","properties":{"building_uid":"a058yr","street_name":"","highway":"pedestrian","lungime":8.2},"geometry":{"type":"LineString","coordinates":[[26.097312621502887,44.43044328269346],[26.0972993,44.4304459],[26.09721301502983,44.4304609251832]]}},{"type":"Feature","properties":{"building_uid":"a058yr","street_name":"","highway":"pedestrian","lungime":23},"geometry":{"type":"LineString","coordinates":[[26.09732792995704,44.4305219265767],[26.0974321,44.4304978],[26.097435,44.4305024],[26.0974826,44.4304901],[26.097481,44.4304838],[26.097589805501357,44.430463815316074]]}},{"type":"Feature","properties":{"building_uid":"b51q7b","street_name":"","highway":"pedestrian","lungime":3.5},"geometry":{"type":"LineString","coordinates":[[26.102067768411278,44.43133166380452],[26.1020297,44.4313483]]}},{"type":"Feature","properties":{"building_uid":"b51q7b","street_name":"","highway":"pedestrian","lungime":4.8},"geometry":{"type":"LineString","coordinates":[[26.1020297,44.4313483],[26.1019973,44.4313589],[26.10197419090077,44.43136383340321]]}},{"type":"Feature","properties":{"building_uid":"b51q7b","street_name":"","highway":"pedestrian","lungime":3.5},"geometry":{"type":"LineString","coordinates":[[26.10179961707791,44.43138830727866],[26.101755765933603,44.43139352405272]]}},{"type":"Feature","properties":{"building_uid":"jt5ofe","street_name":"Strada Gabroveni","highway":"pedestrian","lungime":27.6},"geometry":{"type":"LineString","coordinates":[[26.102308000978283,44.43126675222208],[26.1022716,44.4312839],[26.1020519,44.4313833],[26.102012365419107,44.431395994096725]]}},{"type":"Feature","properties":{"building_uid":"jt5ofe","street_name":"Strada Zarafi","highway":"pedestrian","lungime":2.1},"geometry":{"type":"LineString","coordinates":[[26.1022716,44.4312839],[26.102275451891504,44.43130304334019]]}},{"type":"Feature","properties":{"building_uid":"jt5ofe","street_name":"","highway":"pedestrian","lungime":5.9},"geometry":{"type":"LineString","coordinates":[[26.102298305782025,44.43122897874355],[26.102236289328648,44.431257856148505]]}},{"type":"Feature","properties":{"building_uid":"jt5ofe","street_name":"","highway":"pedestrian","lungime":5.9},"geometry":{"type":"LineString","coordinates":[[26.102035215449224,44.43134588970526],[26.1020297,44.4313483],[26.1019973,44.4313589],[26.101967113411447,44.431365344327894]]}},{"type":"Feature","properties":{"building_uid":"jt5ofe","street_name":"","highway":"pedestrian","lungime":4.6},"geometry":{"type":"LineString","coordinates":[[26.102263065953675,44.43130856638828],[26.1022716,44.4312839],[26.10228426888244,44.43129739287479]]}},{"type":"Feature","properties":{"building_uid":"jt5ofe","street_name":"","highway":"pedestrian","lungime":4.6},"geometry":{"type":"LineString","coordinates":[[26.102263065953675,44.43130856638828],[26.1022716,44.4312839],[26.10228426888244,44.43129739287479]]}},{"type":"Feature","properties":{"building_uid":"scvd5d","street_name":"","highway":"residential","lungime":18.3},"geometry":{"type":"LineString","coordinates":[[26.102196025328077,44.452075359138064],[26.101966736280374,44.45206902872557]]}},{"type":"Feature","properties":{"building_uid":"9uih9u","street_name":"Pasajul Macca","highway":"pedestrian","lungime":35.4},"geometry":{"type":"LineString","coordinates":[[26.09797117146573,44.43343285109962],[26.09838590486926,44.43331857033062]]}},{"type":"Feature","properties":{"building_uid":"hiqh6p","street_name":"Pasajul Vilacrosse","highway":"pedestrian","lungime":14.5},"geometry":{"type":"LineString","coordinates":[[26.09819076334274,44.4330806798191],[26.09802168738844,44.433129945054056]]}},{"type":"Feature","properties":{"building_uid":"hiqh6p","street_name":"Pasajul Vilacrosse","highway":"pedestrian","lungime":0},"geometry":{"type":"LineString","coordinates":[[26.097877776401255,44.43317187773825],[26.0978777,44.4331719]]}},{"type":"Feature","properties":{"building_uid":"hiqh6p","street_name":"Pasajul Vilacrosse","highway":"pedestrian","lungime":3.5},"geometry":{"type":"LineString","coordinates":[[26.0978777,44.4331719],[26.097836597911996,44.43318298419372]]}},{"type":"Feature","properties":{"building_uid":"4g8bjf","street_name":"Strada Ion Brezoianu","highway":"residential","lungime":39.8},"geometry":{"type":"LineString","coordinates":[[26.093164340676896,44.43815849449125],[26.0930869,44.4382311],[26.0929987,44.4383331],[26.09290129823083,44.43846206802785]]}},{"type":"Feature","properties":{"building_uid":"4g8bjf","street_name":"","highway":"footway","lungime":34.4},"geometry":{"type":"LineString","coordinates":[[26.0929315048627,44.43803361319713],[26.092928,44.4380375],[26.0928489,44.4381261],[26.0926082,44.4380339],[26.092611116792206,44.438030086333185]]}},{"type":"Feature","properties":{"building_uid":"4g8bjf","street_name":"","highway":"footway","lungime":12.1},"geometry":{"type":"LineString","coordinates":[[26.092795919804853,44.437982834972296],[26.092928,44.4380375]]}},{"type":"Feature","properties":{"building_uid":"h7yp81","street_name":"","highway":"footway","lungime":12.9},"geometry":{"type":"LineString","coordinates":[[26.092777353131844,44.43809869401228],[26.092634605074682,44.43804401444905]]}},{"type":"Feature","properties":{"building_uid":"h7yp81","street_name":"","highway":"footway","lungime":10.6},"geometry":{"type":"LineString","coordinates":[[26.092610274493996,44.438031187626834],[26.09267423961263,44.43794755408937]]}},{"type":"Feature","properties":{"building_uid":"becwfc","street_name":"Strada Ion Brezoianu","highway":"residential","lungime":37.5},"geometry":{"type":"LineString","coordinates":[[26.093022877309604,44.43830513984604],[26.0929987,44.4383331],[26.092796344308407,44.438601035733534]]}},{"type":"Feature","properties":{"building_uid":"oq79hk","street_name":"Strada Sipotul Fantanilor","highway":"residential","lungime":5.6},"geometry":{"type":"LineString","coordinates":[[26.092027,44.4386535],[26.091981827702014,44.438614437070186]]}},{"type":"Feature","properties":{"building_uid":"oq79hk","street_name":"Strada Șipotul Fântânelor","highway":"residential","lungime":17.8},"geometry":{"type":"LineString","coordinates":[[26.09215837661701,44.43876431332043],[26.092027,44.4386535],[26.09200901833824,44.438660369731764]]}},{"type":"Feature","properties":{"building_uid":"315ot4","street_name":"Strada Occidentului","highway":"tertiary","lungime":18.1},"geometry":{"type":"LineString","coordinates":[[26.08380087976835,44.447562645712566],[26.0837535,44.4475749],[26.083587039013,44.447618580259]]}},{"type":"Feature","properties":{"building_uid":"sgao0d","street_name":"Strada Dimitrie Paciurea","highway":"residential","lungime":29.7},"geometry":{"type":"LineString","coordinates":[[26.11246528165902,44.44263180013309],[26.1127464,44.4425262],[26.112795701860747,44.44250840171819]]}},{"type":"Feature","properties":{"building_uid":"sgao0d","street_name":"Strada Toamnei","highway":"residential","lungime":17.9},"geometry":{"type":"LineString","coordinates":[[26.112923714742184,44.44266961232295],[26.112838891395832,44.44252035932841]]}},{"type":"Feature","properties":{"building_uid":"aj1922","street_name":"Strada Salcâmilor","highway":"residential","lungime":14.6},"geometry":{"type":"MultiLineString","coordinates":[[[26.11392373543821,44.44345155427618],[26.1137612,44.4434859],[26.113747253099564,44.44348881322744]],[[26.113747253099564,44.44348881322744],[26.113747253099554,44.44348881322744]]]}},{"type":"Feature","properties":{"building_uid":"odvi5l","street_name":"Strada Monumentului","highway":"residential","lungime":22.9},"geometry":{"type":"LineString","coordinates":[[26.11584290142842,44.44644213274979],[26.11597055249685,44.44625732294383]]}},{"type":"Feature","properties":{"building_uid":"0z799a","street_name":"Strada Monumentului","highway":"residential","lungime":20.9},"geometry":{"type":"LineString","coordinates":[[26.115763005032246,44.44655780461728],[26.11587947999695,44.44638917527567]]}},{"type":"Feature","properties":{"building_uid":"0z799a","street_name":"Strada Precupeții Vechi","highway":"residential","lungime":25.9},"geometry":{"type":"LineString","coordinates":[[26.116037449528694,44.44669449994373],[26.115765905803812,44.4465651606315]]}},{"type":"Feature","properties":{"building_uid":"atwhmk","street_name":"","highway":"footway","lungime":9.3},"geometry":{"type":"LineString","coordinates":[[26.112525111732133,44.41754372884627],[26.112454165387405,44.417610415695094]]}},{"type":"Feature","properties":{"building_uid":"a2houg","street_name":"Strada Ioan Cucuzel","highway":"residential","lungime":16},"geometry":{"type":"LineString","coordinates":[[26.101018330739944,44.42008361742852],[26.1009226,44.420136],[26.1008591013103,44.42017159382334]]}},{"type":"Feature","properties":{"building_uid":"a2houg","street_name":"Bulevardul Mărășești","highway":"secondary","lungime":10.7},"geometry":{"type":"LineString","coordinates":[[26.100799416167995,44.42017432322478],[26.100675871849784,44.4201353174331]]}},{"type":"Feature","properties":{"building_uid":"ypemco","street_name":"Strada Ioan Cucuzel","highway":"residential","lungime":2.3},"geometry":{"type":"MultiLineString","coordinates":[[[26.10100160122753,44.42009277159238],[26.101001601227498,44.4200927715924]],[[26.101001601227498,44.4200927715924],[26.10097913531628,44.42010506463642]]]}},{"type":"Feature","properties":{"building_uid":"xzbfb7","street_name":"Strada Mătăsari","highway":"residential","lungime":11.8},"geometry":{"type":"LineString","coordinates":[[26.129086624924287,44.438922235248505],[26.129118857598666,44.43881843120356]]}},{"type":"Feature","properties":{"building_uid":"u2v0wo","street_name":"","highway":"pedestrian","lungime":38.6},"geometry":{"type":"LineString","coordinates":[[26.102854988375505,44.43111163633572],[26.1028649,44.4311073],[26.1028388,44.4310787],[26.1028905,44.4310546],[26.1031215,44.4309451],[26.1031578,44.4309467],[26.103159822164432,44.43091038896045]]}},{"type":"Feature","properties":{"building_uid":"imc8zk","street_name":"","highway":"pedestrian","lungime":8.1},"geometry":{"type":"LineString","coordinates":[[26.10279293328611,44.43110356183751],[26.1028133,44.431094],[26.1028345,44.4311206],[26.102864306509122,44.43110755965226]]}},{"type":"Feature","properties":{"building_uid":"imc8zk","street_name":"","highway":"pedestrian","lungime":10.4},"geometry":{"type":"LineString","coordinates":[[26.102846304901504,44.431086923761804],[26.1028388,44.4310787],[26.1028905,44.4310546],[26.102936489802644,44.43103279963901]]}},{"type":"Feature","properties":{"building_uid":"x3n6t3","street_name":"Strada Gabroveni","highway":"pedestrian","lungime":20.9},"geometry":{"type":"LineString","coordinates":[[26.10324087115893,44.430838512894766],[26.10302081749698,44.430940843201675]]}},{"type":"Feature","properties":{"building_uid":"x3n6t3","street_name":"","highway":"pedestrian","lungime":38.2},"geometry":{"type":"LineString","coordinates":[[26.103012857462637,44.4309965993846],[26.1031215,44.4309451],[26.1031578,44.4309467],[26.1031601,44.4309054],[26.1031781,44.4309059],[26.1033203,44.4309098],[26.10332161927417,44.43084119774316]]}},{"type":"Feature","properties":{"building_uid":"x3n6t3","street_name":"","highway":"pedestrian","lungime":11.7},"geometry":{"type":"LineString","coordinates":[[26.103178837047516,44.430836450280864],[26.1031016,44.4308722],[26.103055253136432,44.43089292265756]]}},{"type":"Feature","properties":{"building_uid":"x3n6t3","street_name":"","highway":"footway","lungime":19.8},"geometry":{"type":"LineString","coordinates":[[26.103417689375636,44.430882560897516],[26.10341196153168,44.431061035955715]]}},{"type":"Feature","properties":{"building_uid":"4jb00z","street_name":"","highway":"pedestrian","lungime":12.4},"geometry":{"type":"LineString","coordinates":[[26.103047262441283,44.43098029053108],[26.1031215,44.4309451],[26.1031578,44.4309467],[26.103159000303947,44.43092514671611]]}},{"type":"Feature","properties":{"building_uid":"4jb00z","street_name":"","highway":"footway","lungime":15.2},"geometry":{"type":"LineString","coordinates":[[26.103289002359773,44.431535400549436],[26.1034003,44.4314244]]}},{"type":"Feature","properties":{"building_uid":"4jb00z","street_name":"","highway":"footway","lungime":59.1},"geometry":{"type":"LineString","coordinates":[[26.103414773209785,44.430973426304035],[26.1034003,44.4314244],[26.103392113866377,44.43150546387988]]}},{"type":"Feature","properties":{"building_uid":"3qs4z7","street_name":"","highway":"service","lungime":6.8},"geometry":{"type":"LineString","coordinates":[[26.076112105780343,44.458785216478134],[26.0761414,44.4587482],[26.076162976787714,44.45873753406686]]}},{"type":"Feature","properties":{"building_uid":"8bkktm","street_name":"Calea Plevnei","highway":"tertiary","lungime":16.9},"geometry":{"type":"LineString","coordinates":[[26.087629362238275,44.43484612243061],[26.08748292926975,44.4349567855137]]}},{"type":"Feature","properties":{"building_uid":"8bkktm","street_name":"Calea Plevnei","highway":"tertiary","lungime":51.4},"geometry":{"type":"LineString","coordinates":[[26.08714913043009,44.43516595582377],[26.0871379,44.435171],[26.0870361,44.4352129],[26.086580195746198,44.435383950012955]]}},{"type":"Feature","properties":{"building_uid":"8bkktm","street_name":"","highway":"footway","lungime":5.7},"geometry":{"type":"LineString","coordinates":[[26.0868405,44.4347866],[26.0868437,44.4347891],[26.0868888,44.4348244]]}},{"type":"Feature","properties":{"building_uid":"8bkktm","street_name":"","highway":"footway","lungime":15},"geometry":{"type":"LineString","coordinates":[[26.0868271,44.4345928],[26.0868364,44.4347277]]}},{"type":"Feature","properties":{"building_uid":"8bkktm","street_name":"","highway":"footway","lungime":6.6},"geometry":{"type":"LineString","coordinates":[[26.0868364,44.4347277],[26.0868405,44.4347866]]}},{"type":"Feature","properties":{"building_uid":"8bkktm","street_name":"","highway":"service","lungime":0.8},"geometry":{"type":"LineString","coordinates":[[26.0868888,44.4348244],[26.086893913903193,44.434830399531975]]}},{"type":"Feature","properties":{"building_uid":"8bkktm","street_name":"","highway":"service","lungime":24.9},"geometry":{"type":"LineString","coordinates":[[26.086987305726577,44.43493996500672],[26.0870372,44.4349985],[26.086850444772463,44.43507857053014]]}},{"type":"Feature","properties":{"building_uid":"8bkktm","street_name":"","highway":"service","lungime":33},"geometry":{"type":"LineString","coordinates":[[26.086636356332882,44.43517036006171],[26.0864639,44.4352443],[26.086565838282784,44.43537920997944]]}},{"type":"Feature","properties":{"building_uid":"8bkktm","street_name":"","highway":"footway","lungime":0.6},"geometry":{"type":"LineString","coordinates":[[26.0870372,44.4349985],[26.087041545539506,44.43500250174683]]}},{"type":"Feature","properties":{"building_uid":"8bkktm","street_name":"","highway":"footway","lungime":3.5},"geometry":{"type":"LineString","coordinates":[[26.087119256748828,44.43509014968863],[26.0871414,44.4351176]]}},{"type":"Feature","properties":{"building_uid":"8bkktm","street_name":"","highway":"footway","lungime":4.7},"geometry":{"type":"LineString","coordinates":[[26.0871414,44.4351176],[26.08717207144382,44.43515365577252]]}},{"type":"Feature","properties":{"building_uid":"8bkktm","street_name":"Piața Mihail Kogălniceanu","highway":"residential","lungime":4.9},"geometry":{"type":"LineString","coordinates":[[26.087449863847286,44.43462644527647],[26.087409,44.4345986],[26.087405423578424,44.43459558356092]]}},{"type":"Feature","properties":{"building_uid":"8bkktm","street_name":"","highway":"footway","lungime":2.2},"geometry":{"type":"LineString","coordinates":[[26.087322200194325,44.43458661053632],[26.0873218,44.4346061]]}},{"type":"Feature","properties":{"building_uid":"8bkktm","street_name":"","highway":"footway","lungime":78.9},"geometry":{"type":"LineString","coordinates":[[26.087630467311026,44.434842601266936],[26.0875748,44.4348177],[26.0874411,44.4347202],[26.0873218,44.4346061],[26.0868271,44.4345928],[26.086785615514348,44.43459240340566]]}},{"type":"Feature","properties":{"building_uid":"4zi0rp","street_name":"Strada Covaci","highway":"pedestrian","lungime":24.3},"geometry":{"type":"MultiLineString","coordinates":[[[26.101429021094088,44.43086176960413],[26.10142902109408,44.430861769604135]],[[26.10142902109408,44.430861769604135],[26.101176027342216,44.430984484920465]]]}},{"type":"Feature","properties":{"building_uid":"4zi0rp","street_name":"Strada Soarelui","highway":"pedestrian","lungime":11.5},"geometry":{"type":"LineString","coordinates":[[26.101419710788264,44.43072026580194],[26.101455363243236,44.43082105043743]]}},{"type":"Feature","properties":{"building_uid":"4zi0rp","street_name":"","highway":"pedestrian","lungime":4.7},"geometry":{"type":"LineString","coordinates":[[26.101390004488064,44.43082590412024],[26.10144546410883,44.43084018011427]]}},{"type":"Feature","properties":{"building_uid":"4zi0rp","street_name":"","highway":"pedestrian","lungime":10.2},"geometry":{"type":"LineString","coordinates":[[26.101376135295,44.430704688634485],[26.1013924,44.4307533],[26.1013779,44.4307561],[26.101388513409702,44.43078608288241]]}},{"type":"Feature","properties":{"building_uid":"4zi0rp","street_name":"","highway":"pedestrian","lungime":4.7},"geometry":{"type":"LineString","coordinates":[[26.10144546410883,44.43084018011427],[26.101390004488064,44.43082590412024]]}},{"type":"Feature","properties":{"building_uid":"4zi0rp","street_name":"","highway":"pedestrian","lungime":24.7},"geometry":{"type":"LineString","coordinates":[[26.1013808,44.4308397],[26.1011716,44.4309448],[26.10112630204714,44.43096617656202]]}},{"type":"Feature","properties":{"building_uid":"pdg8ct","street_name":"","highway":"pedestrian","lungime":10.7},"geometry":{"type":"LineString","coordinates":[[26.101205521669833,44.43092775809035],[26.1011716,44.4309448],[26.101093512636012,44.43098165021671]]}},{"type":"Feature","properties":{"building_uid":"off3qd","street_name":"","highway":"pedestrian","lungime":32.2},"geometry":{"type":"LineString","coordinates":[[26.101211304585373,44.430924852811074],[26.1011716,44.4309448],[26.1010648,44.4309952],[26.1010143,44.4310204],[26.100873611642037,44.43108395583843]]}},{"type":"Feature","properties":{"building_uid":"off3qd","street_name":"","highway":"pedestrian","lungime":4},"geometry":{"type":"LineString","coordinates":[[26.100837533181316,44.43109142935811],[26.1008315,44.4310893],[26.100814690569354,44.43111835582223]]}},{"type":"Feature","properties":{"building_uid":"off3qd","street_name":"","highway":"pedestrian","lungime":5.2},"geometry":{"type":"LineString","coordinates":[[26.100814690569354,44.43111835582223],[26.1008315,44.4310893],[26.1008141,44.4310831],[26.100813717706064,44.431081377492745]]}},{"type":"Feature","properties":{"building_uid":"off3qd","street_name":"","highway":"pedestrian","lungime":3.5},"geometry":{"type":"LineString","coordinates":[[26.1007507898922,44.43080640158077],[26.1007496,44.4308014],[26.100743444413244,44.43077533525475]]}}]}