{
  "type": "FeatureCollection",
  "features": [
    {
      "type": "Feature",
      "properties": {
        "utr": "Trup 20",
        "zf": "ZF05",
        "det": null,
        "obs": null
      },
      "geometry": {
        "type": "Polygon",
        "coordinates": [
          [
            [
              27.953108860657018,
              45.46526344209145
            ],
            [
              27.95503086338713,
              45.46420383588571
            ],
            [
              27.954121205999055,
              45.46339243651651
            ],
            [
              27.952846558232043,
              45.464086509966165
            ],
            [
              27.952640763500337,
              45.463916632018474
            ],
            [
              27.952028330000307,
              45.464250741821154
            ],
            [
              27.950277560706372,
              45.46270700348854
            ],
            [
              27.948170856614908,
              45.463879171539865
            ],
            [
              27.94895448151975,
              45.46458585133578
            ],
            [
              27.949543383386395,
              45.46511664405468
            ],
            [
              27.950376772031802,
              45.464660890078875
            ],
            [
              27.95040672558828,
              45.46466725846879
            ],
            [
              27.95042969663304,
              45.46468571817754
            ],
            [
              27.95046703159884,
              45.46471988352934
            ],
            [
              27.951723464174133,
              45.46584372285364
            ],
            [
              27.951850652450066,
              45.46596130634596
            ],
            [
              27.95220267076246,
              45.46576696116386
            ],
            [
              27.952332521248312,
              45.465693318633164
            ],
            [
              27.953108860657018,
              45.46526344209145
            ]
          ]
        ]
      }
    },
    {
      "type": "Feature",
      "properties": {
        "utr": "42",
        "zf": "ZF14.1",
        "det": null,
        "obs": null
      },
      "geometry": {
        "type": "Polygon",
        "coordinates": [
          [
            [
              27.979601270970043,
              45.394721997576625
            ],
            [
              27.979107161558712,
              45.395155904228986
            ],
            [
              27.97861022054509,
              45.395608021446954
            ],
            [
              27.977875672641435,
              45.39596126432021
            ],
            [
              27.977079331756833,
              45.396409268635395
            ],
            [
              27.976590053845225,
              45.3964954019629
            ],
            [
              27.975767081388348,
              45.396543894366815
            ],
            [
              27.974951296303033,
              45.39649137816618
            ],
            [
              27.972821031566838,
              45.39630406930786
            ],
            [
              27.972755125542147,
              45.39589780348866
            ],
            [
              27.971483850968855,
              45.39579320922727
            ],
            [
              27.971552252528305,
              45.396386323301684
            ],
            [
              27.971269498846635,
              45.396363398639934
            ],
            [
              27.9710663459011,
              45.396382067504746
            ],
            [
              27.970801857713155,
              45.396489051844526
            ],
            [
              27.97053828725753,
              45.39658314164665
            ],
            [
              27.966162153525566,
              45.39967282760555
            ],
            [
              27.964776339555975,
              45.40045105119717
            ],
            [
              27.963211139566617,
              45.401171198429054
            ],
            [
              27.959206111645763,
              45.402609565687285
            ],
            [
              27.959475990924773,
              45.40322543351115
            ],
            [
              27.960030303137053,
              45.40305884271319
            ],
            [
              27.962545702834017,
              45.40252429420235
            ],
            [
              27.967151669234145,
              45.401267110080255
            ],
            [
              27.97168000997219,
              45.39990520915632
            ],
            [
              27.97278273630302,
              45.399493382359694
            ],
            [
              27.973158181566387,
              45.39943878845989
            ],
            [
              27.97746941484953,
              45.397642427648165
            ],
            [
              27.977501667277362,
              45.39767265062561
            ],
            [
              27.9811999976801,
              45.39694517730305
            ],
            [
              27.9816272300035,
              45.396936009601106
            ],
            [
              27.982495756926355,
              45.39701026512401
            ],
            [
              27.98368890014794,
              45.39735771473379
            ],
            [
              27.980324216145846,
              45.395262944646745
            ],
            [
              27.98035899259321,
              45.395225392678505
            ],
            [
              27.980163412209176,
              45.39510538665732
            ],
            [
              27.979601270970043,
              45.394721997576625
            ]
          ]
        ]
      }
    },
    {
      "type": "Feature",
      "properties": {
        "utr": "?",
        "zf": null,
        "det": null,
        "obs": null
      },
      "geometry": {
        "type": "Polygon",
        "coordinates": [
          [
            [
              27.959206111645763,
              45.402609565687285
            ],
            [
              27.963211139566617,
              45.401171198429054
            ],
            [
              27.964776339555975,
              45.40045105119717
            ],
            [
              27.966162153525566,
              45.39967282760555
            ],
            [
              27.97053828725753,
              45.39658314164665
            ],
            [
              27.970801857713155,
              45.396489051844526
            ],
            [
              27.9710663459011,
              45.396382067504746
            ],
            [
              27.971269498846635,
              45.396363398639934
            ],
            [
              27.971552252528305,
              45.396386323301684
            ],
            [
              27.971483850968855,
              45.39579320922727
            ],
            [
              27.970255648249207,
              45.39608081049187
            ],
            [
              27.968880476855777,
              45.3968039835854
            ],
            [
              27.967157466647848,
              45.39803347644465
            ],
            [
              27.964769172559485,
              45.39939226599692
            ],
            [
              27.96226577699498,
              45.40038062290909
            ],
            [
              27.96157209075483,
              45.40067621951525
            ],
            [
              27.961038041449644,
              45.40088904314352
            ],
            [
              27.960411658092216,
              45.401162630594676
            ],
            [
              27.959822260125883,
              45.40136795843742
            ],
            [
              27.959252461166965,
              45.40157634554786
            ],
            [
              27.958666305046673,
              45.40179527944565
            ],
            [
              27.958150899575916,
              45.40200939003366
            ],
            [
              27.957685144317022,
              45.402187070434955
            ],
            [
              27.95726741120039,
              45.40236171201094
            ],
            [
              27.956875006743353,
              45.40248745662918
            ],
            [
              27.956598880658365,
              45.40260600450752
            ],
            [
              27.95622654444465,
              45.40274373005928
            ],
            [
              27.956015019641377,
              45.40280461747106
            ],
            [
              27.959206111645763,
              45.402609565687285
            ]
          ]
        ]
      }
    },
    {
      "type": "Feature",
      "properties": {
        "utr": "?",
        "zf": null,
        "det": null,
        "obs": null
      },
      "geometry": {
        "type": "Polygon",
        "coordinates": [
          [
            [
              27.972755125542147,
              45.39589780348866
            ],
            [
              27.972821031566838,
              45.39630406930786
            ],
            [
              27.974951296303033,
              45.39649137816618
            ],
            [
              27.975767081388348,
              45.396543894366815
            ],
            [
              27.976590053845225,
              45.3964954019629
            ],
            [
              27.977079331756833,
              45.396409268635395
            ],
            [
              27.977875672641435,
              45.39596126432021
            ],
            [
              27.97861022054509,
              45.395608021446954
            ],
            [
              27.979107161558712,
              45.395155904228986
            ],
            [
              27.979601270970043,
              45.394721997576625
            ],
            [
              27.978821847038404,
              45.394235943183425
            ],
            [
              27.977132120423605,
              45.39541541968065
            ],
            [
              27.9755497740756,
              45.39594282366703
            ],
            [
              27.974191090460423,
              45.39601593005224
            ],
            [
              27.972755125542147,
              45.39589780348866
            ]
          ]
        ]
      }
    },
    {
      "type": "Feature",
      "properties": {
        "utr": "?",
        "zf": null,
        "det": null,
        "obs": null
      },
      "geometry": {
        "type": "Polygon",
        "coordinates": [
          [
            [
              28.060869712757075,
              45.43062598394773
            ],
            [
              28.06296993640749,
              45.43184901142137
            ],
            [
              28.06478816746815,
              45.43306700033787
            ],
            [
              28.07294248503244,
              45.43704400453311
            ],
            [
              28.074321429448016,
              45.437641211942605
            ],
            [
              28.080682037338484,
              45.44018454489579
            ],
            [
              28.08261506857729,
              45.440837329267744
            ],
            [
              28.094077942001196,
              45.44322956376866
            ],
            [
              28.108597248814757,
              45.44361681701456
            ],
            [
              28.12562052636049,
              45.441336811200244
            ],
            [
              28.12956395367747,
              45.44042618846923
            ],
            [
              28.136193448148735,
              45.438822952402006
            ],
            [
              28.136406321928757,
              45.438614995803476
            ],
            [
              28.138218161495608,
              45.43804160579365
            ],
            [
              28.136388900756938,
              45.434956573704774
            ],
            [
              28.13586627947748,
              45.43517029568506
            ],
            [
              28.130784943389315,
              45.437281648684355
            ],
            [
              28.128257167995773,
              45.43774969021949
            ],
            [
              28.12509332163242,
              45.43835666136764
            ],
            [
              28.12401225617829,
              45.4385704121188
            ],
            [
              28.123898725768488,
              45.43858246684567
            ],
            [
              28.12368858351859,
              45.43863707830051
            ],
            [
              28.123497867424717,
              45.43869115527271
            ],
            [
              28.123009357709538,
              45.43875996917591
            ],
            [
              28.121946021377525,
              45.43894284069314
            ],
            [
              28.121815498047578,
              45.438953573689716
            ],
            [
              28.121772335095013,
              45.43896845689582
            ],
            [
              28.11482538332863,
              45.44006552595699
            ],
            [
              28.109638422371138,
              45.44088353887769
            ],
            [
              28.107316062613624,
              45.44126270857915
            ],
            [
              28.104023187551782,
              45.441209199218676
            ],
            [
              28.10106576094744,
              45.441163709144455
            ],
            [
              28.100341008278807,
              45.44115252160634
            ],
            [
              28.098262292805305,
              45.441102628751416
            ],
            [
              28.0965972776951,
              45.44085323708856
            ],
            [
              28.093245953661018,
              45.44038175949915
            ],
            [
              28.088201595815306,
              45.43962570062824
            ],
            [
              28.08458373202444,
              45.43834713386415
            ],
            [
              28.082492098881968,
              45.437703568279865
            ],
            [
              28.080937162752512,
              45.437221090827734
            ],
            [
              28.080791847647756,
              45.437162501582925
            ],
            [
              28.078219619872883,
              45.43588038843297
            ],
            [
              28.077977244020765,
              45.43579464936772
            ],
            [
              28.077933421848744,
              45.43581310677737
            ],
            [
              28.077879495450738,
              45.4357859826886
            ],
            [
              28.074935862251536,
              45.434794349353055
            ],
            [
              28.071755642103263,
              45.43312299745357
            ],
            [
              28.070772376032707,
              45.432603486252766
            ],
            [
              28.06526560630251,
              45.43012357309191
            ],
            [
              28.063937973133243,
              45.42935067093376
            ],
            [
              28.063733757926126,
              45.42921920886021
            ],
            [
              28.06344370030403,
              45.42906445394846
            ],
            [
              28.061616342975505,
              45.4279971160931
            ],
            [
              28.061364360761964,
              45.42785800443032
            ],
            [
              28.06099776589103,
              45.42767969861459
            ],
            [
              28.060975970310835,
              45.427683263501415
            ],
            [
              28.060872888821734,
              45.4276383993769
            ],
            [
              28.060671345336427,
              45.427524725586274
            ],
            [
              28.06057391301459,
              45.42749042835786
            ],
            [
              28.060470610434468,
              45.427425917668515
            ],
            [
              28.059169021057752,
              45.42677195930177
            ],
            [
              28.058347865937534,
              45.4263367102643
            ],
            [
              28.054190150382443,
              45.4242439566293
            ],
            [
              28.053601901358466,
              45.42390722343779
            ],
            [
              28.050950978327844,
              45.42244499079984
            ],
            [
              28.047444262244497,
              45.42047981723539
            ],
            [
              28.043720287746527,
              45.418370289697606
            ],
            [
              28.040557738749825,
              45.416677962593624
            ],
            [
              28.040520137908857,
              45.41667063183519
            ],
            [
              28.04030808284755,
              45.416564350520815
            ],
            [
              28.040111718285722,
              45.416451098187906
            ],
            [
              28.04007853013182,
              45.416400176401375
            ],
            [
              28.038979432233532,
              45.41586980064162
            ],
            [
              28.03864749364943,
              45.415468964925196
            ],
            [
              28.038095210244823,
              45.41480782572177
            ],
            [
              28.03804793853403,
              45.41474656074985
            ],
            [
              28.038053239604565,
              45.41473510413636
            ],
            [
              28.037967695495006,
              45.41465401966402
            ],
            [
              28.037702589851058,
              45.41431630522976
            ],
            [
              28.03753197461468,
              45.41413149341665
            ],
            [
              28.035752025987556,
              45.41199531742947
            ],
            [
              28.034929585386976,
              45.4110263552397
            ],
            [
              28.032917755704688,
              45.40853664061786
            ],
            [
              28.032774197111184,
              45.4083826619516
            ],
            [
              28.030866613543033,
              45.40487239157641
            ],
            [
              28.030724054704365,
              45.404626674241314
            ],
            [
              28.03068625205415,
              45.40459969368518
            ],
            [
              28.03067638404075,
              45.40455767531796
            ],
            [
              28.03054942488451,
              45.40433476667003
            ],
            [
              28.03049479016408,
              45.404324909644515
            ],
            [
              28.03009170381239,
              45.40424931427696
            ],
            [
              28.0294007571601,
              45.40410278767834
            ],
            [
              28.028156113895207,
              45.40384655787499
            ],
            [
              28.027825267382347,
              45.40377796122758
            ],
            [
              28.027458250232247,
              45.403712709849366
            ],
            [
              28.02410957457066,
              45.40306407748755
            ],
            [
              28.020217909318443,
              45.40221957107558
            ],
            [
              28.016679258356596,
              45.40165080844947
            ],
            [
              28.015506950185173,
              45.40148498758055
            ],
            [
              28.01539800009278,
              45.40209303573645
            ],
            [
              28.016994870006044,
              45.40226011039414
            ],
            [
              28.02139125943016,
              45.402953430357535
            ],
            [
              28.02346144354358,
              45.40354609974587
            ],
            [
              28.023968692774496,
              45.403783700718314
            ],
            [
              28.024305157241468,
              45.404137665902965
            ],
            [
              28.024391829918653,
              45.404675241511406
            ],
            [
              28.024313633998,
              45.40520211592361
            ],
            [
              28.024720672758015,
              45.406151544868486
            ],
            [
              28.027958694044248,
              45.410346299228415
            ],
            [
              28.03165851737209,
              45.41536587864233
            ],
            [
              28.04601780184027,
              45.424579769979815
            ],
            [
              28.05842985221401,
              45.42993565248687
            ],
            [
              28.060869712757075,
              45.43062598394773
            ]
          ]
        ]
      }
    },
    {
      "type": "Feature",
      "properties": {
        "utr": "Trup 18",
        "zf": "ZF08.4",
        "det": null,
        "obs": null
      },
      "geometry": {
        "type": "Polygon",
        "coordinates": [
          [
            [
              28.1518110016144,
              45.4334501131633
            ],
            [
              28.151143498956237,
              45.43378614212111
            ],
            [
              28.151381056252657,
              45.43474726682204
            ],
            [
              28.153452784154677,
              45.43452213847351
            ],
            [
              28.15372708948352,
              45.43560703772705
            ],
            [
              28.156538522303173,
              45.43531148112811
            ],
            [
              28.15601099281154,
              45.43301986810207
            ],
            [
              28.1518110016144,
              45.4334501131633
            ]
          ]
        ]
      }
    },
    {
      "type": "Feature",
      "properties": {
        "utr": "Trup 19",
        "zf": "ZF08.4",
        "det": null,
        "obs": null
      },
      "geometry": {
        "type": "Polygon",
        "coordinates": [
          [
            [
              28.17611532765167,
              45.42388785822068
            ],
            [
              28.174989897053013,
              45.42350216195049
            ],
            [
              28.17395429619025,
              45.42331311181281
            ],
            [
              28.17380690372104,
              45.42339591164244
            ],
            [
              28.172428563632774,
              45.42642981299412
            ],
            [
              28.172171074951223,
              45.42725021091939
            ],
            [
              28.170821606065658,
              45.42731686157266
            ],
            [
              28.170712176280965,
              45.42734647010674
            ],
            [
              28.169918134011873,
              45.42619122122805
            ],
            [
              28.16974197235721,
              45.42600073728648
            ],
            [
              28.169263214465207,
              45.4262176359629
            ],
            [
              28.168655805271488,
              45.42668436983927
            ],
            [
              28.167700833800158,
              45.427714306297666
            ],
            [
              28.16759664699157,
              45.42817373810708
            ],
            [
              28.169757879468925,
              45.42804966973577
            ],
            [
              28.16983400153256,
              45.428321513315474
            ],
            [
              28.170856229086333,
              45.428265066867304
            ],
            [
              28.170871914116,
              45.42866801100282
            ],
            [
              28.170872778719573,
              45.429289820472995
            ],
            [
              28.170820095070205,
              45.429401515317934
            ],
            [
              28.170229957875424,
              45.42945431783623
            ],
            [
              28.170217364855784,
              45.42983059426631
            ],
            [
              28.17182822592037,
              45.42974397747468
            ],
            [
              28.1715951086965,
              45.430616629713704
            ],
            [
              28.171289415131795,
              45.43132345811766
            ],
            [
              28.171133787918688,
              45.43194001417869
            ],
            [
              28.170871766175825,
              45.43638050138536
            ],
            [
              28.171677423502693,
              45.4388583514562
            ],
            [
              28.173107825618583,
              45.43877472578124
            ],
            [
              28.173579216779512,
              45.43866799732998
            ],
            [
              28.174192379596736,
              45.436005535782684
            ],
            [
              28.173763350849015,
              45.43091404358031
            ],
            [
              28.174619727441993,
              45.426259005803544
            ],
            [
              28.17611532765167,
              45.42388785822068
            ]
          ]
        ]
      }
    },
    {
      "type": "Feature",
      "properties": {
        "utr": "Trup 16",
        "zf": "ZF04",
        "det": null,
        "obs": null
      },
      "geometry": {
        "type": "Polygon",
        "coordinates": [
          [
            [
              28.179444473410076,
              45.46736578399358
            ],
            [
              28.179066357004825,
              45.4673397032281
            ],
            [
              28.178950790134166,
              45.4673795183258
            ],
            [
              28.179233944709566,
              45.467794622939614
            ],
            [
              28.178921596346942,
              45.46783522730024
            ],
            [
              28.179556564137343,
              45.468930776524225
            ],
            [
              28.178849209884245,
              45.46896761742601
            ],
            [
              28.17885223065593,
              45.46906605258291
            ],
            [
              28.178050073043888,
              45.46905281779048
            ],
            [
              28.178023600600664,
              45.4705227830157
            ],
            [
              28.179186273836965,
              45.47045598860534
            ],
            [
              28.179661060036977,
              45.47037429873583
            ],
            [
              28.181816107303714,
              45.470197905877654
            ],
            [
              28.182894506328097,
              45.46984592454448
            ],
            [
              28.183772447980463,
              45.469381713869076
            ],
            [
              28.184150982232335,
              45.46925650972038
            ],
            [
              28.184635440221296,
              45.46916264234334
            ],
            [
              28.184910410672995,
              45.469162186707656
            ],
            [
              28.1849114516045,
              45.46877645137198
            ],
            [
              28.18446595831733,
              45.468221485564804
            ],
            [
              28.18422163380229,
              45.468198002564115
            ],
            [
              28.184222235127073,
              45.46812937822795
            ],
            [
              28.181742008024095,
              45.46796476299853
            ],
            [
              28.181745306354987,
              45.46768916037798
            ],
            [
              28.18031217722604,
              45.4675998070383
            ],
            [
              28.180057632134897,
              45.467608309679854
            ],
            [
              28.180135865744237,
              45.46733351207535
            ],
            [
              28.17978825645622,
              45.46733719823649
            ],
            [
              28.179444473410076,
              45.46736578399358
            ]
          ]
        ]
      }
    },
    {
      "type": "Feature",
      "properties": {
        "utr": "Trup 17",
        "zf": "ZF12.1",
        "det": null,
        "obs": null
      },
      "geometry": {
        "type": "Polygon",
        "coordinates": [
          [
            [
              28.18507530215582,
              45.46664676450207
            ],
            [
              28.18556547350164,
              45.467240033118415
            ],
            [
              28.1861122673006,
              45.468355601632474
            ],
            [
              28.186411235228793,
              45.46878590087068
            ],
            [
              28.18764530555403,
              45.469312730707244
            ],
            [
              28.187604418064925,
              45.469396503592435
            ],
            [
              28.18734266446778,
              45.469537027913525
            ],
            [
              28.187410875731462,
              45.46961662767456
            ],
            [
              28.187521943716582,
              45.469684211173195
            ],
            [
              28.187576144586128,
              45.469645679158596
            ],
            [
              28.18765120360974,
              45.469639696872974
            ],
            [
              28.187806185287887,
              45.46970084610459
            ],
            [
              28.18785877622404,
              45.469622422610485
            ],
            [
              28.18778964460447,
              45.46959011007416
            ],
            [
              28.187763964599203,
              45.469567064589945
            ],
            [
              28.18776119992407,
              45.46953898510131
            ],
            [
              28.18787997296051,
              45.46940377142354
            ],
            [
              28.188851138214456,
              45.469780359944664
            ],
            [
              28.189368013788414,
              45.46968793288599
            ],
            [
              28.190198662145203,
              45.46962942279884
            ],
            [
              28.191985971188622,
              45.469716279193335
            ],
            [
              28.192841249900564,
              45.47008829459704
            ],
            [
              28.193499474494516,
              45.470318000724234
            ],
            [
              28.194045413511958,
              45.47038461037266
            ],
            [
              28.194507815971694,
              45.47032942525623
            ],
            [
              28.194804993454092,
              45.470258646500405
            ],
            [
              28.194965580578852,
              45.47025794708935
            ],
            [
              28.19487732295445,
              45.47020625964353
            ],
            [
              28.194331292379545,
              45.47007006154803
            ],
            [
              28.193354682492313,
              45.469757802891806
            ],
            [
              28.19167907172202,
              45.46911226280139
            ],
            [
              28.191546141567244,
              45.46912799959414
            ],
            [
              28.190854511207842,
              45.468855480091015
            ],
            [
              28.19069343056216,
              45.46886355304153
            ],
            [
              28.189855691937606,
              45.46853303539604
            ],
            [
              28.18951949154638,
              45.468332208504336
            ],
            [
              28.18762638496421,
              45.46758319703716
            ],
            [
              28.186879659302534,
              45.46738781464758
            ],
            [
              28.186913048299623,
              45.46732312207804
            ],
            [
              28.186677216763282,
              45.467233552807215
            ],
            [
              28.186601385979827,
              45.46730590461086
            ],
            [
              28.186545767955472,
              45.46731766223412
            ],
            [
              28.186288790737457,
              45.46701867232173
            ],
            [
              28.18602524539193,
              45.466940390444634
            ],
            [
              28.185296864904196,
              45.46666097577301
            ],
            [
              28.18507530215582,
              45.46664676450207
            ]
          ]
        ]
      }
    },
    {
      "type": "Feature",
      "properties": {
        "utr": "2 TDS",
        "zf": "ZF15",
        "det": null,
        "obs": null
      },
      "geometry": {
        "type": "Polygon",
        "coordinates": [
          [
            [
              28.021923548079762,
              45.48280895146886
            ],
            [
              28.022922857458276,
              45.48309916533217
            ],
            [
              28.02282905912124,
              45.482313158726946
            ],
            [
              28.023099328473382,
              45.470602995837794
            ],
            [
              28.025026957604638,
              45.470639057872916
            ],
            [
              28.025026918819837,
              45.47066376305804
            ],
            [
              28.026048453423318,
              45.47073081338469
            ],
            [
              28.026050007244702,
              45.47069261223313
            ],
            [
              28.028476542873182,
              45.47085038865115
            ],
            [
              28.02882947871822,
              45.46573169359271
            ],
            [
              28.020010164409573,
              45.46561257270501
            ],
            [
              28.019848196807455,
              45.46569299915153
            ],
            [
              28.018618667840776,
              45.46787212101943
            ],
            [
              28.01768524024561,
              45.46800214239219
            ],
            [
              28.01737335990361,
              45.46809008690993
            ],
            [
              28.017002598525576,
              45.468647794303486
            ],
            [
              28.016769902523524,
              45.469012273334926
            ],
            [
              28.01668306951793,
              45.46939749240605
            ],
            [
              28.017073404398356,
              45.46944787277301
            ],
            [
              28.016910392670564,
              45.47185330381452
            ],
            [
              28.017036671599776,
              45.472708679510355
            ],
            [
              28.01717359388142,
              45.47302066582458
            ],
            [
              28.017925354728806,
              45.47474317330527
            ],
            [
              28.018431660574645,
              45.4760076960949
            ],
            [
              28.019395266905384,
              45.47809557209078
            ],
            [
              28.01973529146557,
              45.47908402081513
            ],
            [
              28.019743011615212,
              45.47910168105452
            ],
            [
              28.02002069694837,
              45.479654084073125
            ],
            [
              28.02019870762277,
              45.479973907944654
            ],
            [
              28.020263198686354,
              45.48011869014416
            ],
            [
              28.0203620039678,
              45.48038225833164
            ],
            [
              28.02045425244506,
              45.480602528320716
            ],
            [
              28.020836234818187,
              45.48120515833822
            ],
            [
              28.02135196633625,
              45.481823288250865
            ],
            [
              28.021707092640206,
              45.48244568580446
            ],
            [
              28.021923548079762,
              45.48280895146886
            ]
          ]
        ]
      }
    },
    {
      "type": "Feature",
      "properties": {
        "utr": "1",
        "zf": "ZF08.5",
        "det": null,
        "obs": null
      },
      "geometry": {
        "type": "Polygon",
        "coordinates": [
          [
            [
              28.032897060173955,
              45.4658634191569
            ],
            [
              28.031757948518944,
              45.46947699536051
            ],
            [
              28.031632781411876,
              45.469475162611054
            ],
            [
              28.03158097545313,
              45.4705319325526
            ],
            [
              28.031267171707036,
              45.470526666370745
            ],
            [
              28.031222511732228,
              45.470933167766304
            ],
            [
              28.031554373655133,
              45.470948484155315
            ],
            [
              28.031480760708078,
              45.472608367358426
            ],
            [
              28.030172584582754,
              45.47257799341893
            ],
            [
              28.030141957300067,
              45.4730026147495
            ],
            [
              28.030218225270623,
              45.47300414760777
            ],
            [
              28.03020958909636,
              45.4732176700398
            ],
            [
              28.029971339063007,
              45.473211623323394
            ],
            [
              28.02997370432441,
              45.473438402536146
            ],
            [
              28.029934974790336,
              45.47368390338241
            ],
            [
              28.030073069950316,
              45.47368870601258
            ],
            [
              28.030120146023684,
              45.47434356611396
            ],
            [
              28.0302287295676,
              45.47436077606375
            ],
            [
              28.030190798077648,
              45.47500260442613
            ],
            [
              28.030090442714844,
              45.475004152240125
            ],
            [
              28.030096861602967,
              45.47528648714187
            ],
            [
              28.030563541416086,
              45.47530271520785
            ],
            [
              28.03054806274618,
              45.475591005497606
            ],
            [
              28.03064556739558,
              45.47559607505186
            ],
            [
              28.030605231637153,
              45.47620423498063
            ],
            [
              28.029810338630895,
              45.47620514057442
            ],
            [
              28.029803890223274,
              45.47677249820792
            ],
            [
              28.03022866435294,
              45.476773835824574
            ],
            [
              28.03024849250766,
              45.47700122212381
            ],
            [
              28.030572909427864,
              45.477004106341795
            ],
            [
              28.03054833386807,
              45.47752381475408
            ],
            [
              28.031438339036026,
              45.477577216158295
            ],
            [
              28.03133431971239,
              45.47859940223423
            ],
            [
              28.030948174666836,
              45.47859164589617
            ],
            [
              28.030916800405322,
              45.479038281024266
            ],
            [
              28.031105856212267,
              45.47904201970341
            ],
            [
              28.031098650295114,
              45.479316638824585
            ],
            [
              28.0316861104261,
              45.47932572450575
            ],
            [
              28.03172806102484,
              45.47983724967065
            ],
            [
              28.030191086562187,
              45.47981215527352
            ],
            [
              28.030170005059755,
              45.480570856362526
            ],
            [
              28.02823236874947,
              45.48051480223827
            ],
            [
              28.028186933790625,
              45.48305506278856
            ],
            [
              28.028700739753926,
              45.48307114154964
            ],
            [
              28.027872204643696,
              45.48332564816361
            ],
            [
              28.027863522393194,
              45.48345679494555
            ],
            [
              28.033484284680437,
              45.48357311714904
            ],
            [
              28.03348185860507,
              45.4837321840396
            ],
            [
              28.0346629560724,
              45.483797129152535
            ],
            [
              28.035653046651706,
              45.48385227571174
            ],
            [
              28.03576427866711,
              45.48287027989207
            ],
            [
              28.034841265562747,
              45.4828341865137
            ],
            [
              28.03484478754601,
              45.482773945571466
            ],
            [
              28.03488775975663,
              45.482832945066576
            ],
            [
              28.035539822718412,
              45.48285245411329
            ],
            [
              28.03616957523952,
              45.48288208362117
            ],
            [
              28.03687528130714,
              45.48290729822742
            ],
            [
              28.036876394047535,
              45.48289654924113
            ],
            [
              28.038005332494084,
              45.48295213377668
            ],
            [
              28.038331391996362,
              45.48297021628984
            ],
            [
              28.038369304201257,
              45.48296682077101
            ],
            [
              28.038417852560165,
              45.482956590251725
            ],
            [
              28.03846231274511,
              45.482933367682755
            ],
            [
              28.038479763963533,
              45.48289597926792
            ],
            [
              28.038477964927164,
              45.48286267855418
            ],
            [
              28.038371104321012,
              45.482749409893714
            ],
            [
              28.03841483741906,
              45.482744072209854
            ],
            [
              28.038423461595954,
              45.48273133586169
            ],
            [
              28.03824484761233,
              45.48264118470057
            ],
            [
              28.037554215670426,
              45.48211751572252
            ],
            [
              28.03747019722043,
              45.48200700819842
            ],
            [
              28.037484672912424,
              45.48189752792731
            ],
            [
              28.0376705933643,
              45.48166966927825
            ],
            [
              28.03828793165501,
              45.481251160972135
            ],
            [
              28.038252478229605,
              45.479454345404704
            ],
            [
              28.036387412229235,
              45.47939439396375
            ],
            [
              28.03642091503603,
              45.477124173393335
            ],
            [
              28.03669674325078,
              45.477164831401666
            ],
            [
              28.03679830725144,
              45.47445704256145
            ],
            [
              28.038432144844673,
              45.473062460041504
            ],
            [
              28.038022270440955,
              45.47284978801282
            ],
            [
              28.038178576770022,
              45.47270458447032
            ],
            [
              28.038021541877757,
              45.472617842675994
            ],
            [
              28.0382620048455,
              45.47238709558985
            ],
            [
              28.038001386063264,
              45.47227524033805
            ],
            [
              28.036087119458852,
              45.47190274372886
            ],
            [
              28.035808866314422,
              45.471775925173205
            ],
            [
              28.03614014176855,
              45.470759328280046
            ],
            [
              28.035884768460996,
              45.470718182286724
            ],
            [
              28.035942362244427,
              45.46975185447469
            ],
            [
              28.03628215646041,
              45.469630957798024
            ],
            [
              28.03635310357265,
              45.46941883527415
            ],
            [
              28.036569600383537,
              45.46916633911529
            ],
            [
              28.036732547534427,
              45.46887791249044
            ],
            [
              28.036093569805487,
              45.46875889103421
            ],
            [
              28.03621919046472,
              45.46823963920103
            ],
            [
              28.03674886671281,
              45.46755509824013
            ],
            [
              28.037127365918987,
              45.46724546463342
            ],
            [
              28.037474334720518,
              45.46720371502551
            ],
            [
              28.037238958084494,
              45.4669624273332
            ],
            [
              28.037516775388568,
              45.46655605072014
            ],
            [
              28.037464823592778,
              45.46641258440891
            ],
            [
              28.037333798528167,
              45.466391298878804
            ],
            [
              28.03735474950502,
              45.466322689270925
            ],
            [
              28.036766573401984,
              45.46554766190559
            ],
            [
              28.0351200514439,
              45.46610102659183
            ],
            [
              28.033726858496117,
              45.465980891723284
            ],
            [
              28.032897060173955,
              45.4658634191569
            ]
          ]
        ]
      }
    },
    {
      "type": "Feature",
      "properties": {
        "utr": "4",
        "zf": "ZF11.2",
        "det": null,
        "obs": null
      },
      "geometry": {
        "type": "Polygon",
        "coordinates": [
          [
            [
              28.027863522393194,
              45.48345679494555
            ],
            [
              28.027872204643696,
              45.48332564816361
            ],
            [
              28.028700739753926,
              45.48307114154964
            ],
            [
              28.028186933790625,
              45.48305506278856
            ],
            [
              28.02823236874947,
              45.48051480223827
            ],
            [
              28.030170005059755,
              45.480570856362526
            ],
            [
              28.030191086562187,
              45.47981215527352
            ],
            [
              28.03172806102484,
              45.47983724967065
            ],
            [
              28.0316861104261,
              45.47932572450575
            ],
            [
              28.031098650295114,
              45.479316638824585
            ],
            [
              28.031105856212267,
              45.47904201970341
            ],
            [
              28.030916800405322,
              45.479038281024266
            ],
            [
              28.030948174666836,
              45.47859164589617
            ],
            [
              28.03133431971239,
              45.47859940223423
            ],
            [
              28.031438339036026,
              45.477577216158295
            ],
            [
              28.03054833386807,
              45.47752381475408
            ],
            [
              28.030572909427864,
              45.477004106341795
            ],
            [
              28.03024849250766,
              45.47700122212381
            ],
            [
              28.03022866435294,
              45.476773835824574
            ],
            [
              28.029803890223274,
              45.47677249820792
            ],
            [
              28.029810338630895,
              45.47620514057442
            ],
            [
              28.030605231637153,
              45.47620423498063
            ],
            [
              28.03064556739558,
              45.47559607505186
            ],
            [
              28.03054806274618,
              45.475591005497606
            ],
            [
              28.030563541416086,
              45.47530271520785
            ],
            [
              28.030096861602967,
              45.47528648714187
            ],
            [
              28.030090442714844,
              45.475004152240125
            ],
            [
              28.030190798077648,
              45.47500260442613
            ],
            [
              28.0302287295676,
              45.47436077606375
            ],
            [
              28.030120146023684,
              45.47434356611396
            ],
            [
              28.030073069950316,
              45.47368870601258
            ],
            [
              28.029934974790336,
              45.47368390338241
            ],
            [
              28.02997370432441,
              45.473438402536146
            ],
            [
              28.029971339063007,
              45.473211623323394
            ],
            [
              28.03020958909636,
              45.4732176700398
            ],
            [
              28.030218225270623,
              45.47300414760777
            ],
            [
              28.030141957300067,
              45.4730026147495
            ],
            [
              28.030172584582754,
              45.47257799341893
            ],
            [
              28.031480760708078,
              45.472608367358426
            ],
            [
              28.031554373655133,
              45.470948484155315
            ],
            [
              28.031222511732228,
              45.470933167766304
            ],
            [
              28.031267171707036,
              45.470526666370745
            ],
            [
              28.03158097545313,
              45.4705319325526
            ],
            [
              28.031632781411876,
              45.469475162611054
            ],
            [
              28.031757948518944,
              45.46947699536051
            ],
            [
              28.032897060173955,
              45.4658634191569
            ],
            [
              28.032268518226466,
              45.46577240082437
            ],
            [
              28.02882947871822,
              45.46573169359271
            ],
            [
              28.028476542873182,
              45.47085038865115
            ],
            [
              28.026050007244702,
              45.47069261223313
            ],
            [
              28.026048453423318,
              45.47073081338469
            ],
            [
              28.025026918819837,
              45.47066376305804
            ],
            [
              28.025026957604638,
              45.470639057872916
            ],
            [
              28.023099328473382,
              45.470602995837794
            ],
            [
              28.02282905912124,
              45.482313158726946
            ],
            [
              28.022922857458276,
              45.48309916533217
            ],
            [
              28.021923548079762,
              45.48280895146886
            ],
            [
              28.022022518776627,
              45.48297504698764
            ],
            [
              28.022906333944302,
              45.484361121778875
            ],
            [
              28.024185980961928,
              45.484322317736066
            ],
            [
              28.024685329288854,
              45.48431974985534
            ],
            [
              28.02783904011375,
              45.48438585157448
            ],
            [
              28.027863522393194,
              45.48345679494555
            ]
          ]
        ]
      }
    },
    {
      "type": "Feature",
      "properties": {
        "utr": "5",
        "zf": "ZF11.2",
        "det": null,
        "obs": null
      },
      "geometry": {
        "type": "Polygon",
        "coordinates": [
          [
            [
              28.039629451980677,
              45.48148359565202
            ],
            [
              28.03971300376197,
              45.48111590068639
            ],
            [
              28.039501146046316,
              45.480986614951256
            ],
            [
              28.039627852014785,
              45.48080332256742
            ],
            [
              28.039843700158855,
              45.48068169961907
            ],
            [
              28.039868186666993,
              45.479726179836675
            ],
            [
              28.04021774438973,
              45.47871498917564
            ],
            [
              28.040587941502768,
              45.47818508901708
            ],
            [
              28.040852184033568,
              45.47756663593053
            ],
            [
              28.041145777932396,
              45.47675553567446
            ],
            [
              28.04114109550051,
              45.47636963803203
            ],
            [
              28.04105915464802,
              45.47601931595214
            ],
            [
              28.041242090082317,
              45.474992781738486
            ],
            [
              28.04114255859762,
              45.47389110019064
            ],
            [
              28.04114320885811,
              45.47352610867735
            ],
            [
              28.04104973413133,
              45.47327580502477
            ],
            [
              28.04090166927891,
              45.47289927999028
            ],
            [
              28.041261630304163,
              45.47251487065279
            ],
            [
              28.04161215923372,
              45.471747585910215
            ],
            [
              28.04177220923173,
              45.47062701196696
            ],
            [
              28.04208963590826,
              45.469798407083196
            ],
            [
              28.0423383620015,
              45.46988593161024
            ],
            [
              28.043762900044655,
              45.46835451932661
            ],
            [
              28.043825996623262,
              45.4679709715514
            ],
            [
              28.044162630466737,
              45.46769254103754
            ],
            [
              28.04516102410241,
              45.46670793571618
            ],
            [
              28.044178265808824,
              45.46559226343321
            ],
            [
              28.043151023224233,
              45.46512270305279
            ],
            [
              28.042218607240216,
              45.464941076219084
            ],
            [
              28.040326366470868,
              45.464572456295485
            ],
            [
              28.036766573401984,
              45.46554766190559
            ],
            [
              28.03735474950502,
              45.466322689270925
            ],
            [
              28.037333798528167,
              45.466391298878804
            ],
            [
              28.037464823592778,
              45.46641258440891
            ],
            [
              28.037516775388568,
              45.46655605072014
            ],
            [
              28.037238958084494,
              45.4669624273332
            ],
            [
              28.037474334720518,
              45.46720371502551
            ],
            [
              28.037127365918987,
              45.46724546463342
            ],
            [
              28.03674886671281,
              45.46755509824013
            ],
            [
              28.03621919046472,
              45.46823963920103
            ],
            [
              28.036093569805487,
              45.46875889103421
            ],
            [
              28.036732547534427,
              45.46887791249044
            ],
            [
              28.036569600383537,
              45.46916633911529
            ],
            [
              28.03635310357265,
              45.46941883527415
            ],
            [
              28.03628215646041,
              45.469630957798024
            ],
            [
              28.035942362244427,
              45.46975185447469
            ],
            [
              28.035884768460996,
              45.470718182286724
            ],
            [
              28.03614014176855,
              45.470759328280046
            ],
            [
              28.035808866314422,
              45.471775925173205
            ],
            [
              28.036087119458852,
              45.47190274372886
            ],
            [
              28.038001386063264,
              45.47227524033805
            ],
            [
              28.0382620048455,
              45.47238709558985
            ],
            [
              28.038021541877757,
              45.472617842675994
            ],
            [
              28.038178576770022,
              45.47270458447032
            ],
            [
              28.038022270440955,
              45.47284978801282
            ],
            [
              28.038432144844673,
              45.473062460041504
            ],
            [
              28.03679830725144,
              45.47445704256145
            ],
            [
              28.03669674325078,
              45.477164831401666
            ],
            [
              28.03642091503603,
              45.477124173393335
            ],
            [
              28.036387412229235,
              45.47939439396375
            ],
            [
              28.038252478229605,
              45.479454345404704
            ],
            [
              28.03828793165501,
              45.481251160972135
            ],
            [
              28.038268626680807,
              45.48140530355921
            ],
            [
              28.039629451980677,
              45.48148359565202
            ]
          ]
        ]
      }
    },
    {
      "type": "Feature",
      "properties": {
        "utr": "6",
        "zf": "ZF14.1",
        "det": null,
        "obs": null
      },
      "geometry": {
        "type": "Polygon",
        "coordinates": [
          [
            [
              28.04516102410241,
              45.46670793571618
            ],
            [
              28.044162630466737,
              45.46769254103754
            ],
            [
              28.043825996623262,
              45.4679709715514
            ],
            [
              28.043762900044655,
              45.46835451932661
            ],
            [
              28.0423383620015,
              45.46988593161024
            ],
            [
              28.04208963590826,
              45.469798407083196
            ],
            [
              28.04177220923173,
              45.47062701196696
            ],
            [
              28.04161215923372,
              45.471747585910215
            ],
            [
              28.041261630304163,
              45.47251487065279
            ],
            [
              28.04090166927891,
              45.47289927999028
            ],
            [
              28.04104973413133,
              45.47327580502477
            ],
            [
              28.04114320885811,
              45.47352610867735
            ],
            [
              28.04114255859762,
              45.47389110019064
            ],
            [
              28.041242090082317,
              45.474992781738486
            ],
            [
              28.04105915464802,
              45.47601931595214
            ],
            [
              28.04114109550051,
              45.47636963803203
            ],
            [
              28.041145777932396,
              45.47675553567446
            ],
            [
              28.040852184033568,
              45.47756663593053
            ],
            [
              28.040587941502768,
              45.47818508901708
            ],
            [
              28.04021774438973,
              45.47871498917564
            ],
            [
              28.039868186666993,
              45.479726179836675
            ],
            [
              28.039843700158855,
              45.48068169961907
            ],
            [
              28.039627852014785,
              45.48080332256742
            ],
            [
              28.039501146046316,
              45.480986614951256
            ],
            [
              28.03971300376197,
              45.48111590068639
            ],
            [
              28.039629451980677,
              45.48148359565202
            ],
            [
              28.040351794609112,
              45.48140942542987
            ],
            [
              28.040504966455003,
              45.48116369058691
            ],
            [
              28.040849812198683,
              45.47878074319914
            ],
            [
              28.04097531990581,
              45.47873568308753
            ],
            [
              28.041008074857725,
              45.47826819842418
            ],
            [
              28.04110592333537,
              45.47797113240738
            ],
            [
              28.042169106747888,
              45.47715443652481
            ],
            [
              28.043203932222628,
              45.476887855596715
            ],
            [
              28.043514668975032,
              45.47740071725826
            ],
            [
              28.04432241888817,
              45.47663970546184
            ],
            [
              28.045835395423012,
              45.47629044518428
            ],
            [
              28.044432837584885,
              45.476227512173864
            ],
            [
              28.04619319835268,
              45.47146841417961
            ],
            [
              28.04457573402796,
              45.47098201402072
            ],
            [
              28.046838633679485,
              45.467488382453205
            ],
            [
              28.046146610654397,
              45.46716897557313
            ],
            [
              28.045181859453223,
              45.46672367634773
            ],
            [
              28.04516102410241,
              45.46670793571618
            ]
          ]
        ]
      }
    },
    {
      "type": "Feature",
      "properties": {
        "utr": "46",
        "zf": "ZF12.1",
        "det": null,
        "obs": null
      },
      "geometry": {
        "type": "Polygon",
        "coordinates": [
          [
            [
              28.14424258739437,
              45.4527817830203
            ],
            [
              28.144311964602032,
              45.45217916105653
            ],
            [
              28.1442644634005,
              45.451839252675796
            ],
            [
              28.143559183981406,
              45.4502413132189
            ],
            [
              28.138682131134818,
              45.44131707844166
            ],
            [
              28.138208825336303,
              45.440079989631066
            ],
            [
              28.138823536094815,
              45.439917905794886
            ],
            [
              28.138505483509896,
              45.439428395722594
            ],
            [
              28.138993155792974,
              45.43922435697849
            ],
            [
              28.138218161495608,
              45.43804160579365
            ],
            [
              28.136406321928757,
              45.438614995803476
            ],
            [
              28.136193448148735,
              45.438822952402006
            ],
            [
              28.12956395367747,
              45.44042618846923
            ],
            [
              28.129984983943647,
              45.44148176383863
            ],
            [
              28.123464999042323,
              45.44308527978834
            ],
            [
              28.123618975549324,
              45.450487547732
            ],
            [
              28.130495079578086,
              45.45130491934678
            ],
            [
              28.13200819599213,
              45.45148472628375
            ],
            [
              28.143231677234123,
              45.45281777028214
            ],
            [
              28.14331759545653,
              45.452677392457225
            ],
            [
              28.14424258739437,
              45.4527817830203
            ]
          ]
        ]
      }
    },
    {
      "type": "Feature",
      "properties": {
        "utr": "Trup 5",
        "zf": "ZF04",
        "det": null,
        "obs": null
      },
      "geometry": {
        "type": "Polygon",
        "coordinates": [
          [
            [
              28.143559183981406,
              45.4502413132189
            ],
            [
              28.1442644634005,
              45.451839252675796
            ],
            [
              28.144311964602032,
              45.45217916105653
            ],
            [
              28.14424258739437,
              45.4527817830203
            ],
            [
              28.149720933033937,
              45.45342246423766
            ],
            [
              28.151367839592275,
              45.453340706664896
            ],
            [
              28.151257240803147,
              45.452805644513376
            ],
            [
              28.151349336018583,
              45.45278188536581
            ],
            [
              28.151286773099713,
              45.452537989396106
            ],
            [
              28.15275354978901,
              45.45236058761406
            ],
            [
              28.15247212280933,
              45.451198885711015
            ],
            [
              28.15089959239065,
              45.45137271544906
            ],
            [
              28.15033319621347,
              45.449538719894406
            ],
            [
              28.143559183981406,
              45.4502413132189
            ]
          ]
        ]
      }
    },
    {
      "type": "Feature",
      "properties": {
        "utr": "Trup 23",
        "zf": "ZF04",
        "det": null,
        "obs": null
      },
      "geometry": {
        "type": "Polygon",
        "coordinates": [
          [
            [
              28.131851737959504,
              45.45207919455647
            ],
            [
              28.13040615901642,
              45.451897513947756
            ],
            [
              28.13042540408003,
              45.45235985654235
            ],
            [
              28.1316911226426,
              45.45248436172264
            ],
            [
              28.131692047631233,
              45.452388207770014
            ],
            [
              28.13173785074607,
              45.452393740515916
            ],
            [
              28.131746843852707,
              45.45234495769518
            ],
            [
              28.13178695983624,
              45.452350960984774
            ],
            [
              28.13185028051256,
              45.452169360329265
            ],
            [
              28.131851737959504,
              45.45207919455647
            ]
          ]
        ]
      }
    },
    {
      "type": "Feature",
      "properties": {
        "utr": "6",
        "zf": "ZF14.1",
        "det": null,
        "obs": null
      },
      "geometry": {
        "type": "Polygon",
        "coordinates": [
          [
            [
              28.12701248757473,
              45.55080187386778
            ],
            [
              28.05900358924224,
              45.60085820733265
            ],
            [
              28.090730706316908,
              45.600000830146634
            ],
            [
              28.090745260244425,
              45.59997244555532
            ],
            [
              28.091186355002648,
              45.599371497537035
            ],
            [
              28.091519763590718,
              45.59904860211747
            ],
            [
              28.09209175439452,
              45.598560219428016
            ],
            [
              28.093102483483488,
              45.59799797390921
            ],
            [
              28.094154983940435,
              45.59750128104902
            ],
            [
              28.095141252087473,
              45.59704985261997
            ],
            [
              28.095820289771055,
              45.59682652100859
            ],
            [
              28.09628490096545,
              45.59677576544956
            ],
            [
              28.096787188112202,
              45.59676209565228
            ],
            [
              28.097145625621398,
              45.596785688348966
            ],
            [
              28.097509058866226,
              45.59676150252869
            ],
            [
              28.0978332560748,
              45.59664131447046
            ],
            [
              28.098632003299088,
              45.59628190607232
            ],
            [
              28.099457344065584,
              45.59589735124641
            ],
            [
              28.100108068421523,
              45.595469311193064
            ],
            [
              28.10084642865027,
              45.59493883188713
            ],
            [
              28.101259808767104,
              45.594575613905945
            ],
            [
              28.1016281950613,
              45.59415049597619
            ],
            [
              28.10207478546589,
              45.593590444008726
            ],
            [
              28.1027572644947,
              45.59275597422416
            ],
            [
              28.103329120572333,
              45.59202277796379
            ],
            [
              28.10397839589071,
              45.59106414693427
            ],
            [
              28.104498865511143,
              45.59024599589885
            ],
            [
              28.105022564453936,
              45.589517081905264
            ],
            [
              28.10548551818299,
              45.58876362052978
            ],
            [
              28.10577833769472,
              45.588460845421615
            ],
            [
              28.106135150605756,
              45.58819562665311
            ],
            [
              28.106613431981753,
              45.587887785677005
            ],
            [
              28.10712937162721,
              45.58764739886265
            ],
            [
              28.107574471369084,
              45.58747564280486
            ],
            [
              28.108113861561474,
              45.58739837872073
            ],
            [
              28.108869540800242,
              45.58738249564673
            ],
            [
              28.109770278624623,
              45.5873364397357
            ],
            [
              28.110535802332596,
              45.58723809473576
            ],
            [
              28.11133824577755,
              45.587071441110474
            ],
            [
              28.11191946473113,
              45.586876888481406
            ],
            [
              28.112603336072507,
              45.58648419374777
            ],
            [
              28.113224267202355,
              45.58613430801367
            ],
            [
              28.113815807349265,
              45.58551485690266
            ],
            [
              28.114384230644603,
              45.584968093315986
            ],
            [
              28.11492056245801,
              45.584423991934855
            ],
            [
              28.115252495742915,
              45.58395635208202
            ],
            [
              28.115656289165454,
              45.58342361794885
            ],
            [
              28.116081335435048,
              45.58309039516432
            ],
            [
              28.116593283001606,
              45.582230135984865
            ],
            [
              28.11689704128797,
              45.581545897483636
            ],
            [
              28.11722753305189,
              45.581068166891065
            ],
            [
              28.117682494507633,
              45.580587024162234
            ],
            [
              28.118236640702072,
              45.580212141256666
            ],
            [
              28.119022791222694,
              45.579830894814215
            ],
            [
              28.120027769790994,
              45.579465675633585
            ],
            [
              28.12073129403696,
              45.57926117105659
            ],
            [
              28.12100137242954,
              45.57910071265022
            ],
            [
              28.12108303514806,
              45.57889182608331
            ],
            [
              28.121105219969465,
              45.57863514297238
            ],
            [
              28.121006024989093,
              45.57852888392438
            ],
            [
              28.120732369527783,
              45.578350588537624
            ],
            [
              28.120127928605967,
              45.57809501495987
            ],
            [
              28.119682676703952,
              45.57791129959094
            ],
            [
              28.119043841900826,
              45.57760128006091
            ],
            [
              28.11841931698925,
              45.57725870659306
            ],
            [
              28.117952788755662,
              45.57696658740247
            ],
            [
              28.117659461277977,
              45.57672391217777
            ],
            [
              28.11737558274985,
              45.57636127746214
            ],
            [
              28.117280142046592,
              45.576047670924616
            ],
            [
              28.117320773236536,
              45.57566482817953
            ],
            [
              28.117575996614608,
              45.57522191205383
            ],
            [
              28.11839476148236,
              45.57429963673458
            ],
            [
              28.119213730426075,
              45.57365605374263
            ],
            [
              28.1199295129117,
              45.573124275245696
            ],
            [
              28.120435186849818,
              45.57271795581473
            ],
            [
              28.120896451159826,
              45.5723670449672
            ],
            [
              28.12112203464484,
              45.572230436283206
            ],
            [
              28.121413027360532,
              45.57215694423538
            ],
            [
              28.121802608370217,
              45.57217900703381
            ],
            [
              28.122118751751486,
              45.57226799609203
            ],
            [
              28.12249034351713,
              45.57253054587458
            ],
            [
              28.12297209709249,
              45.57282222837965
            ],
            [
              28.123496192148767,
              45.57318897318148
            ],
            [
              28.12387810288898,
              45.57346910092507
            ],
            [
              28.12424039272768,
              45.573655673728894
            ],
            [
              28.1246098458327,
              45.57380333966746
            ],
            [
              28.125073823389396,
              45.57386682104718
            ],
            [
              28.12529691630688,
              45.57382257850915
            ],
            [
              28.125519677622137,
              45.57377238940998
            ],
            [
              28.125713556546252,
              45.57369083525866
            ],
            [
              28.12587048382212,
              45.57358528421302
            ],
            [
              28.12599629043118,
              45.57342341794462
            ],
            [
              28.1260833563951,
              45.573205445959516
            ],
            [
              28.126079285318507,
              45.57296496652427
            ],
            [
              28.12608122922331,
              45.572680253076875
            ],
            [
              28.126093148781486,
              45.572407175937514
            ],
            [
              28.12613358521324,
              45.5721589225857
            ],
            [
              28.126210249749807,
              45.571723870347334
            ],
            [
              28.126251230071034,
              45.57150061394886
            ],
            [
              28.12631628756121,
              45.57135947351935
            ],
            [
              28.1264609273564,
              45.57121614574629
            ],
            [
              28.126704423579145,
              45.57120349773428
            ],
            [
              28.126988017649854,
              45.57127133361775
            ],
            [
              28.12723171226503,
              45.57142959421875
            ],
            [
              28.127422465352314,
              45.57162682784395
            ],
            [
              28.127691848571537,
              45.57191122770052
            ],
            [
              28.127878016833996,
              45.57217826289821
            ],
            [
              28.128098340391112,
              45.57257120505519
            ],
            [
              28.12826411689224,
              45.572959096143855
            ],
            [
              28.128406003404926,
              45.57338992618823
            ],
            [
              28.12861750427839,
              45.57377655929763
            ],
            [
              28.128776954799253,
              45.574050878712804
            ],
            [
              28.129060427822218,
              45.574435531456174
            ],
            [
              28.129320369467923,
              45.574732693398566
            ],
            [
              28.12966851343869,
              45.575106037261456
            ],
            [
              28.129954245856755,
              45.5753637792339
            ],
            [
              28.130350005312316,
              45.57551129858565
            ],
            [
              28.130731294220006,
              45.57555142506359
            ],
            [
              28.131007515044416,
              45.57548665242602
            ],
            [
              28.13123325254166,
              45.57532262521519
            ],
            [
              28.131401582015382,
              45.575102412047535
            ],
            [
              28.131659546635596,
              45.57464985880139
            ],
            [
              28.131811157489313,
              45.57429730340164
            ],
            [
              28.131932639178775,
              45.573724042402716
            ],
            [
              28.13198024198045,
              45.57328561719399
            ],
            [
              28.132047866807294,
              45.572719794046144
            ],
            [
              28.13216180399461,
              45.57231527366693
            ],
            [
              28.132293502075953,
              45.57192515216936
            ],
            [
              28.132497891806935,
              45.57154613023858
            ],
            [
              28.132717932450895,
              45.571280421976375
            ],
            [
              28.13308717491737,
              45.57110529216611
            ],
            [
              28.133584719139506,
              45.57096533583206
            ],
            [
              28.134001320819422,
              45.57098542136934
            ],
            [
              28.134338624313195,
              45.57105831001084
            ],
            [
              28.134589159770158,
              45.57117170230106
            ],
            [
              28.134814581505477,
              45.571336405736716
            ],
            [
              28.13508209051516,
              45.57160178347893
            ],
            [
              28.1353428635603,
              45.57189831356257
            ],
            [
              28.13555722340927,
              45.57218361644961
            ],
            [
              28.13569786011205,
              45.57243938843698
            ],
            [
              28.135802125826686,
              45.5726967584303
            ],
            [
              28.13581375704796,
              45.57290487139
            ],
            [
              28.135795877487325,
              45.573222183333286
            ],
            [
              28.13573381542975,
              45.573401360473625
            ],
            [
              28.13545241556608,
              45.5738587382071
            ],
            [
              28.135226968492688,
              45.57417938899415
            ],
            [
              28.13497279749639,
              45.574471650205744
            ],
            [
              28.134830370596692,
              45.57483646301755
            ],
            [
              28.13474297601428,
              45.5751997591016
            ],
            [
              28.134652164268225,
              45.57568404067258
            ],
            [
              28.1345579121506,
              45.576091594306085
            ],
            [
              28.134572485091628,
              45.57651937463294
            ],
            [
              28.134633273889172,
              45.57680295565228
            ],
            [
              28.13475826408517,
              45.57709727349352
            ],
            [
              28.13492600483089,
              45.57735229954917
            ],
            [
              28.135177484326416,
              45.57749722766946
            ],
            [
              28.135446562639903,
              45.57762320893246
            ],
            [
              28.13590123587434,
              45.57768630766675
            ],
            [
              28.13635524524158,
              45.577737512412966
            ],
            [
              28.136964754199486,
              45.57780943945932
            ],
            [
              28.137432256759542,
              45.57778344518071
            ],
            [
              28.13796010285486,
              45.57769920959692
            ],
            [
              28.13853897672487,
              45.577556988858426
            ],
            [
              28.139176578013,
              45.57734287260605
            ],
            [
              28.139583881837506,
              45.577089849039794
            ],
            [
              28.139965263214627,
              45.57681312295838
            ],
            [
              28.14040272065757,
              45.57640204539891
            ],
            [
              28.140659128409826,
              45.57598345873484
            ],
            [
              28.140949879779356,
              45.575208990119535
            ],
            [
              28.141270546368826,
              45.57448431414718
            ],
            [
              28.141664663912334,
              45.573754035385164
            ],
            [
              28.14199804193721,
              45.57310523320294
            ],
            [
              28.142212837311472,
              45.572580001778746
            ],
            [
              28.142554111309135,
              45.57187559570219
            ],
            [
              28.14294749394664,
              45.57084518712982
            ],
            [
              28.143273013088738,
              45.57005664913813
            ],
            [
              28.143390713891097,
              45.56955434590516
            ],
            [
              28.143504521064518,
              45.56901284538714
            ],
            [
              28.14362009166,
              45.568502858839196
            ],
            [
              28.143925712074648,
              45.567677350273144
            ],
            [
              28.14411694495657,
              45.56721648698851
            ],
            [
              28.14430275478419,
              45.566795077957835
            ],
            [
              28.144508111279464,
              45.56643506292639
            ],
            [
              28.144643640048773,
              45.56626635534585
            ],
            [
              28.144896942743536,
              45.566126549773045
            ],
            [
              28.14524185633878,
              45.566002671765276
            ],
            [
              28.145531957370256,
              45.56602025721936
            ],
            [
              28.145931301669567,
              45.56606578793225
            ],
            [
              28.146253459469385,
              45.5661712183813
            ],
            [
              28.146575472070907,
              45.5662891580088
            ],
            [
              28.146670899029505,
              45.566357981320294
            ],
            [
              28.12701248757473,
              45.55080187386778
            ]
          ]
        ]
      }
    },
    {
      "type": "Feature",
      "properties": {
        "utr": "Trup 24",
        "zf": "ZF04",
        "det": null,
        "obs": null
      },
      "geometry": {
        "type": "Polygon",
        "coordinates": [
          [
            [
              28.12132116099127,
              45.450706713432425
            ],
            [
              28.12110428308351,
              45.45152327462337
            ],
            [
              28.12324484858287,
              45.45177841567314
            ],
            [
              28.123491835644938,
              45.45189058417427
            ],
            [
              28.124849610984413,
              45.4518329242782
            ],
            [
              28.125399702602103,
              45.45149938932893
            ],
            [
              28.125547898107936,
              45.4512276812524
            ],
            [
              28.123598160816062,
              45.45099164501143
            ],
            [
              28.12358420306918,
              45.450934564847245
            ],
            [
              28.12132116099127,
              45.450706713432425
            ]
          ]
        ]
      }
    },
    {
      "type": "Feature",
      "properties": {
        "utr": "Trup 22",
        "zf": "ZF04",
        "det": null,
        "obs": null
      },
      "geometry": {
        "type": "Polygon",
        "coordinates": [
          [
            [
              28.121839457768864,
              45.457740337019736
            ],
            [
              28.1218670845167,
              45.45883565920159
            ],
            [
              28.122774349848175,
              45.45896397262496
            ],
            [
              28.122768539088568,
              45.45904868420784
            ],
            [
              28.12282729595015,
              45.459104141489554
            ],
            [
              28.122816811793676,
              45.45919183908605
            ],
            [
              28.123582496117095,
              45.459299612033654
            ],
            [
              28.12358464780374,
              45.45926823736447
            ],
            [
              28.123765930537253,
              45.459296407835154
            ],
            [
              28.12363758740357,
              45.45895241315454
            ],
            [
              28.123599270791523,
              45.45859889693025
            ],
            [
              28.123447691627945,
              45.45859374843854
            ],
            [
              28.1234739355537,
              45.4577549847399
            ],
            [
              28.121839457768864,
              45.457740337019736
            ]
          ]
        ]
      }
    },
    {
      "type": "Feature",
      "properties": {
        "utr": "Trup 15",
        "zf": "ZF04",
        "det": null,
        "obs": null
      },
      "geometry": {
        "type": "Polygon",
        "coordinates": [
          [
            [
              28.122104565637272,
              45.463906821548676
            ],
            [
              28.122077932198042,
              45.464685821491955
            ],
            [
              28.123628326857798,
              45.46469131133521
            ],
            [
              28.12375984062015,
              45.46459828946339
            ],
            [
              28.1237424500669,
              45.46387440111366
            ],
            [
              28.122104565637272,
              45.463906821548676
            ]
          ]
        ]
      }
    },
    {
      "type": "Feature",
      "properties": {
        "utr": "Trup 14",
        "zf": "ZF04",
        "det": null,
        "obs": null
      },
      "geometry": {
        "type": "Polygon",
        "coordinates": [
          [
            [
              28.126177288277187,
              45.48247028392598
            ],
            [
              28.126094324590376,
              45.48113723567579
            ],
            [
              28.125015591988586,
              45.48115724123874
            ],
            [
              28.125030097503018,
              45.482053991163625
            ],
            [
              28.124850833966264,
              45.48206048717809
            ],
            [
              28.124857899503105,
              45.48247898056649
            ],
            [
              28.126177288277187,
              45.48247028392598
            ]
          ]
        ]
      }
    },
    {
      "type": "Feature",
      "properties": {
        "utr": "51",
        "zf": "ZF12.1",
        "det": null,
        "obs": null
      },
      "geometry": {
        "type": "Polygon",
        "coordinates": [
          [
            [
              28.106714710555377,
              45.44963282363747
            ],
            [
              28.098945375559794,
              45.45061980178824
            ],
            [
              28.1000961525255,
              45.453917555699455
            ],
            [
              28.100311534534207,
              45.45409636834805
            ],
            [
              28.100747385023386,
              45.45403485445666
            ],
            [
              28.10093963322701,
              45.45458746023857
            ],
            [
              28.101437912643036,
              45.45450384975315
            ],
            [
              28.101543657483614,
              45.45458739033708
            ],
            [
              28.104255483269608,
              45.45453091354083
            ],
            [
              28.106891146551497,
              45.454477986022326
            ],
            [
              28.106714710555377,
              45.44963282363747
            ]
          ]
        ]
      }
    },
    {
      "type": "Feature",
      "properties": {
        "utr": "43",
        "zf": "ZF08.7",
        "det": null,
        "obs": null
      },
      "geometry": {
        "type": "Polygon",
        "coordinates": [
          [
            [
              28.098945375559794,
              45.45061980178824
            ],
            [
              28.09878606532209,
              45.45060068851409
            ],
            [
              28.0986113593494,
              45.45006296472892
            ],
            [
              28.080639712206054,
              45.45254286957028
            ],
            [
              28.06621917022144,
              45.454530552412685
            ],
            [
              28.0648708952945,
              45.45462570165415
            ],
            [
              28.061143173467293,
              45.45506364011471
            ],
            [
              28.060183404764185,
              45.455257873726495
            ],
            [
              28.058560365606898,
              45.45574850053593
            ],
            [
              28.05750063533676,
              45.45626188239188
            ],
            [
              28.057452505943477,
              45.45617573294528
            ],
            [
              28.056790863269676,
              45.45658358704463
            ],
            [
              28.05606125288941,
              45.457240063730865
            ],
            [
              28.047244161959995,
              45.467471041357506
            ],
            [
              28.04839916975292,
              45.46703890054761
            ],
            [
              28.048658891787248,
              45.46688513019645
            ],
            [
              28.06655412836075,
              45.46254684099211
            ],
            [
              28.090697048084763,
              45.46065918310755
            ],
            [
              28.097707566077013,
              45.45873387577445
            ],
            [
              28.098838823420994,
              45.458659337226074
            ],
            [
              28.098981778019713,
              45.45891895583516
            ],
            [
              28.100795140563005,
              45.45886771132298
            ],
            [
              28.100946088631172,
              45.459594608043645
            ],
            [
              28.10521580903203,
              45.45949981899584
            ],
            [
              28.106891770230845,
              45.45852392802881
            ],
            [
              28.1050314928964,
              45.458672729762675
            ],
            [
              28.10491186176843,
              45.45807427502245
            ],
            [
              28.104117781205268,
              45.45821699068655
            ],
            [
              28.10400639339304,
              45.45866604322959
            ],
            [
              28.10280365796342,
              45.458610826405334
            ],
            [
              28.102002910577088,
              45.45651732444758
            ],
            [
              28.102570461030613,
              45.45645179853278
            ],
            [
              28.102145851001744,
              45.45531930836532
            ],
            [
              28.10147800819536,
              45.455381405429335
            ],
            [
              28.101543657483614,
              45.45458739033708
            ],
            [
              28.101437912643036,
              45.45450384975315
            ],
            [
              28.10093963322701,
              45.45458746023857
            ],
            [
              28.100747385023386,
              45.45403485445666
            ],
            [
              28.100311534534207,
              45.45409636834805
            ],
            [
              28.1000961525255,
              45.453917555699455
            ],
            [
              28.098945375559794,
              45.45061980178824
            ]
          ]
        ]
      }
    },
    {
      "type": "Feature",
      "properties": {
        "utr": "?",
        "zf": null,
        "det": null,
        "obs": null
      },
      "geometry": {
        "type": "Polygon",
        "coordinates": [
          [
            [
              28.073416200935622,
              45.440395397892814
            ],
            [
              28.07929136285355,
              45.44286449332607
            ],
            [
              28.079242161254662,
              45.442501547041395
            ],
            [
              28.080495254032414,
              45.440947757177916
            ],
            [
              28.08261506857729,
              45.440837329267744
            ],
            [
              28.080682037338484,
              45.44018454489579
            ],
            [
              28.078987860107638,
              45.440377630025345
            ],
            [
              28.07895835621167,
              45.44048132757888
            ],
            [
              28.07741129477755,
              45.440590441690496
            ],
            [
              28.07627360408019,
              45.4403733032531
            ],
            [
              28.074194481835125,
              45.43946930543482
            ],
            [
              28.073416200935622,
              45.440395397892814
            ]
          ]
        ]
      }
    },
    {
      "type": "Feature",
      "properties": {
        "utr": "G",
        "zf": "ZF13",
        "det": null,
        "obs": null
      },
      "geometry": {
        "type": "Polygon",
        "coordinates": [
          [
            [
              28.016280947472584,
              45.45983411711918
            ],
            [
              28.01646877946405,
              45.46084291193735
            ],
            [
              28.01645715450147,
              45.46130171318288
            ],
            [
              28.01660837936881,
              45.46150743947609
            ],
            [
              28.016658412444936,
              45.46182625738763
            ],
            [
              28.016670652838407,
              45.46246082752678
            ],
            [
              28.01577296210026,
              45.46234110359658
            ],
            [
              28.015845700312408,
              45.46253392391748
            ],
            [
              28.01628306101419,
              45.4635295627581
            ],
            [
              28.01664673263312,
              45.4654055068354
            ],
            [
              28.016615796573614,
              45.465859685648994
            ],
            [
              28.01666223326238,
              45.466814342555715
            ],
            [
              28.016808297758974,
              45.46760786646284
            ],
            [
              28.01689017645363,
              45.468470065817755
            ],
            [
              28.017002598525576,
              45.468647794303486
            ],
            [
              28.01737335990361,
              45.46809008690993
            ],
            [
              28.01768524024561,
              45.46800214239219
            ],
            [
              28.018618667840776,
              45.46787212101943
            ],
            [
              28.019848196807455,
              45.46569299915153
            ],
            [
              28.019689785294762,
              45.4655924621804
            ],
            [
              28.019826743863934,
              45.463186067607865
            ],
            [
              28.020360096559138,
              45.463217275808965
            ],
            [
              28.02036022297765,
              45.46293220029663
            ],
            [
              28.02041066283498,
              45.462935039064554
            ],
            [
              28.02049489787301,
              45.46221825765633
            ],
            [
              28.020435626104867,
              45.462166517741366
            ],
            [
              28.02049954013733,
              45.46193441946918
            ],
            [
              28.020571085693902,
              45.461909918141906
            ],
            [
              28.02109043690504,
              45.4608049855499
            ],
            [
              28.021158960421484,
              45.46072530632666
            ],
            [
              28.017419216187115,
              45.45950324897651
            ],
            [
              28.016958820494853,
              45.45954799749381
            ],
            [
              28.016280947472584,
              45.45983411711918
            ]
          ]
        ]
      }
    },
    {
      "type": "Feature",
      "properties": {
        "utr": "V",
        "zf": "ZF14_V1",
        "det": null,
        "obs": null
      },
      "geometry": {
        "type": "Polygon",
        "coordinates": [
          [
            [
              28.01577296210026,
              45.46234110359658
            ],
            [
              28.016670652838407,
              45.46246082752678
            ],
            [
              28.016658412444936,
              45.46182625738763
            ],
            [
              28.01660837936881,
              45.46150743947609
            ],
            [
              28.01645715450147,
              45.46130171318288
            ],
            [
              28.01646877946405,
              45.46084291193735
            ],
            [
              28.016280947472584,
              45.45983411711918
            ],
            [
              28.015491897226077,
              45.459934125896794
            ],
            [
              28.014947387790777,
              45.46013120057253
            ],
            [
              28.01515382086372,
              45.46038623575234
            ],
            [
              28.015467602165074,
              45.461077499868686
            ],
            [
              28.015614435025903,
              45.461920862323225
            ],
            [
              28.01577296210026,
              45.46234110359658
            ]
          ]
        ]
      }
    },
    {
      "type": "Feature",
      "properties": {
        "utr": "7",
        "zf": "ZF08.1",
        "det": null,
        "obs": null
      },
      "geometry": {
        "type": "Polygon",
        "coordinates": [
          [
            [
              28.042218607240216,
              45.464941076219084
            ],
            [
              28.042321605848286,
              45.464590272214906
            ],
            [
              28.041718533943342,
              45.464438158853845
            ],
            [
              28.04196559217535,
              45.46390553062004
            ],
            [
              28.038953509221436,
              45.46302693979842
            ],
            [
              28.0361206308881,
              45.46220052238303
            ],
            [
              28.03528915296805,
              45.46195794252676
            ],
            [
              28.035563527129597,
              45.46136887472689
            ],
            [
              28.035259733068795,
              45.4613210543333
            ],
            [
              28.03389238568998,
              45.4611058083123
            ],
            [
              28.03396413789467,
              45.461411702138825
            ],
            [
              28.031942694853544,
              45.46132503249342
            ],
            [
              28.029955735664153,
              45.46074752433356
            ],
            [
              28.028297145328157,
              45.46163281638687
            ],
            [
              28.02436359617629,
              45.461561449378614
            ],
            [
              28.021279114548804,
              45.46050091804841
            ],
            [
              28.021158960421484,
              45.46072530632666
            ],
            [
              28.02109043690504,
              45.4608049855499
            ],
            [
              28.020571085693902,
              45.461909918141906
            ],
            [
              28.02049954013733,
              45.46193441946918
            ],
            [
              28.020435626104867,
              45.462166517741366
            ],
            [
              28.02049489787301,
              45.46221825765633
            ],
            [
              28.02041066283498,
              45.462935039064554
            ],
            [
              28.02036022297765,
              45.46293220029663
            ],
            [
              28.020360096559138,
              45.463217275808965
            ],
            [
              28.019826743863934,
              45.463186067607865
            ],
            [
              28.019689785294762,
              45.4655924621804
            ],
            [
              28.019848196807455,
              45.46569299915153
            ],
            [
              28.020010164409573,
              45.46561257270501
            ],
            [
              28.02882947871822,
              45.46573169359271
            ],
            [
              28.032268518226466,
              45.46577240082437
            ],
            [
              28.032897060173955,
              45.4658634191569
            ],
            [
              28.033726858496117,
              45.465980891723284
            ],
            [
              28.0351200514439,
              45.46610102659183
            ],
            [
              28.036766573401984,
              45.46554766190559
            ],
            [
              28.040326366470868,
              45.464572456295485
            ],
            [
              28.042218607240216,
              45.464941076219084
            ]
          ]
        ]
      }
    },
    {
      "type": "Feature",
      "properties": {
        "utr": "?",
        "zf": null,
        "det": null,
        "obs": null
      },
      "geometry": {
        "type": "Polygon",
        "coordinates": [
          [
            [
              28.010816727125132,
              45.47239840976728
            ],
            [
              28.01047632197025,
              45.47267157211521
            ],
            [
              28.009415856996675,
              45.47379594601489
            ],
            [
              28.008597378858926,
              45.47407034496062
            ],
            [
              28.00762600353997,
              45.47414445027804
            ],
            [
              28.00627742154677,
              45.474334101277414
            ],
            [
              27.99951729936456,
              45.474428545848475
            ],
            [
              27.99805492152691,
              45.473549387764216
            ],
            [
              27.99537958243003,
              45.47303801024997
            ],
            [
              27.98860525150318,
              45.472965320503015
            ],
            [
              27.98608846302148,
              45.472864045468256
            ],
            [
              27.98511943346551,
              45.47256519434895
            ],
            [
              27.983244102170804,
              45.47265279809911
            ],
            [
              27.98158058881278,
              45.47338540692142
            ],
            [
              27.97944432041315,
              45.47473061956358
            ],
            [
              27.97891187171346,
              45.475138058542996
            ],
            [
              27.978497640523507,
              45.47532216450465
            ],
            [
              27.978002572807117,
              45.47543430819012
            ],
            [
              27.976584361788017,
              45.47546208078489
            ],
            [
              27.97227756440026,
              45.475516095058964
            ],
            [
              27.97144444570545,
              45.47548957494002
            ],
            [
              27.970408397080426,
              45.4754962010711
            ],
            [
              27.970222676141773,
              45.47528806470053
            ],
            [
              27.970630216586024,
              45.47334386349006
            ],
            [
              27.970344634326317,
              45.473348563476335
            ],
            [
              27.970181630816214,
              45.47087653414481
            ],
            [
              27.969456279871512,
              45.470720818028525
            ],
            [
              27.968080132458162,
              45.46987380966854
            ],
            [
              27.966058101286656,
              45.46833585891399
            ],
            [
              27.962832648716162,
              45.46630822215401
            ],
            [
              27.960160213996236,
              45.46757839924186
            ],
            [
              27.957823124925532,
              45.46519119507336
            ],
            [
              27.958575973271778,
              45.46476753940479
            ],
            [
              27.96036480301172,
              45.463944006756876
            ],
            [
              27.960209775926934,
              45.46377380502556
            ],
            [
              27.960108671825495,
              45.46366280378571
            ],
            [
              27.959495643765806,
              45.46393024355213
            ],
            [
              27.956790081380465,
              45.46052297509612
            ],
            [
              27.956043493219152,
              45.459745650777165
            ],
            [
              27.955187179032826,
              45.45933625042442
            ],
            [
              27.95503941065217,
              45.45937474826762
            ],
            [
              27.955009056674257,
              45.45931753955898
            ],
            [
              27.954940248913644,
              45.4593329673365
            ],
            [
              27.954900213299997,
              45.45939682245823
            ],
            [
              27.954589646046436,
              45.45954323843522
            ],
            [
              27.954244997168157,
              45.459060658048045
            ],
            [
              27.954774452133357,
              45.45887537169165
            ],
            [
              27.950420732606734,
              45.451009188406616
            ],
            [
              27.94979718867209,
              45.44952187803311
            ],
            [
              27.949850018207382,
              45.449290492297564
            ],
            [
              27.94896303758761,
              45.44751481095335
            ],
            [
              27.949040069517153,
              45.44717756324039
            ],
            [
              27.949578488921063,
              45.446600773106766
            ],
            [
              27.949889946698622,
              45.44642140459477
            ],
            [
              27.948080683363028,
              45.44617712493105
            ],
            [
              27.947786272813946,
              45.446047797559025
            ],
            [
              27.947272181044053,
              45.44589141521548
            ],
            [
              27.94694601751646,
              45.445979672328434
            ],
            [
              27.946134617974987,
              45.445897096164494
            ],
            [
              27.945204200496207,
              45.44578722865951
            ],
            [
              27.94514122547271,
              45.44605505058567
            ],
            [
              27.945104980473243,
              45.446089933681876
            ],
            [
              27.945036788244845,
              45.446225689216504
            ],
            [
              27.94500144182385,
              45.44639096402113
            ],
            [
              27.94493828847011,
              45.44662306027743
            ],
            [
              27.94485086262091,
              45.44692486383809
            ],
            [
              27.944778995628,
              45.44720065748343
            ],
            [
              27.944750833524107,
              45.4475033070325
            ],
            [
              27.944787900824874,
              45.44764586245885
            ],
            [
              27.944494724613737,
              45.44766953867143
            ],
            [
              27.944415944956592,
              45.44782938822118
            ],
            [
              27.944331665259895,
              45.447964964633215
            ],
            [
              27.944228051351264,
              45.44808674989631
            ],
            [
              27.944099764392593,
              45.44825443250957
            ],
            [
              27.943962390210512,
              45.448458676038754
            ],
            [
              27.943904984469167,
              45.44850959001856
            ],
            [
              27.94389158544185,
              45.448528397730996
            ],
            [
              27.94377255392641,
              45.44871132320659
            ],
            [
              27.943690313205696,
              45.448918306527496
            ],
            [
              27.94367067292404,
              45.448979556549745
            ],
            [
              27.943657195637527,
              45.44904541092667
            ],
            [
              27.9436211078903,
              45.44916425522765
            ],
            [
              27.94360597180701,
              45.44923074807039
            ],
            [
              27.943586450404585,
              45.449310455559505
            ],
            [
              27.943562408634357,
              45.449433156295335
            ],
            [
              27.94354319806256,
              45.44951881074285
            ],
            [
              27.943522162591535,
              45.44963428756312
            ],
            [
              27.943501401565257,
              45.44977119534257
            ],
            [
              27.943487260242165,
              45.449856718459756
            ],
            [
              27.943478224764455,
              45.44992662625798
            ],
            [
              27.943462771082686,
              45.45010031766938
            ],
            [
              27.943447529640782,
              45.45029425064661
            ],
            [
              27.943431164329088,
              45.450385786380615
            ],
            [
              27.94343556380013,
              45.45051846937107
            ],
            [
              27.9433976038598,
              45.45108696608045
            ],
            [
              27.94339139140494,
              45.45132413679482
            ],
            [
              27.94337612806763,
              45.451582384517046
            ],
            [
              27.943366827392037,
              45.45169577080457
            ],
            [
              27.94336098795137,
              45.451940077865075
            ],
            [
              27.943362941619725,
              45.45199362243559
            ],
            [
              27.943348178830753,
              45.45243944028025
            ],
            [
              27.94335580805409,
              45.45255298353293
            ],
            [
              27.94337036309138,
              45.45263716779432
            ],
            [
              27.9434324948355,
              45.452692726591984
            ],
            [
              27.943462435927575,
              45.45271517559674
            ],
            [
              27.943574373635723,
              45.45272001750588
            ],
            [
              27.943696751250044,
              45.45276270098124
            ],
            [
              27.9436970723269,
              45.452833557397206
            ],
            [
              27.943673262500443,
              45.45300925177182
            ],
            [
              27.943640038880353,
              45.4531667294398
            ],
            [
              27.943657797328573,
              45.45340923419896
            ],
            [
              27.943647086985333,
              45.453528016531955
            ],
            [
              27.943623655230635,
              45.45369476855834
            ],
            [
              27.943624759016192,
              45.453764413688816
            ],
            [
              27.943994247543216,
              45.453791762786004
            ],
            [
              27.944122050025044,
              45.45380869870426
            ],
            [
              27.944127368664507,
              45.45381332491992
            ],
            [
              27.944097333704633,
              45.45388615882853
            ],
            [
              27.944095420901192,
              45.45389811842608
            ],
            [
              27.944833062574205,
              45.453927240408035
            ],
            [
              27.945325798269216,
              45.453932930597155
            ],
            [
              27.94594684913172,
              45.45391683159087
            ],
            [
              27.94607644235276,
              45.454242784562915
            ],
            [
              27.946138515584973,
              45.45441029787263
            ],
            [
              27.94616577654366,
              45.45451082646913
            ],
            [
              27.946168617575754,
              45.454645931818376
            ],
            [
              27.946144156633338,
              45.45482521667578
            ],
            [
              27.946100421126857,
              45.454991900189306
            ],
            [
              27.9460437121794,
              45.45521787474096
            ],
            [
              27.945998343793452,
              45.45540187009825
            ],
            [
              27.945910510065005,
              45.45579301006341
            ],
            [
              27.945880920263875,
              45.455955158229735
            ],
            [
              27.945837858693874,
              45.4561670822954
            ],
            [
              27.945805328879015,
              45.45632156511962
            ],
            [
              27.94575048965485,
              45.45656714256766
            ],
            [
              27.945692714989715,
              45.456788975988
            ],
            [
              27.94551390681048,
              45.45704253076493
            ],
            [
              27.945434081136042,
              45.45721491342427
            ],
            [
              27.945388838530423,
              45.457385208655076
            ],
            [
              27.94535916263165,
              45.457513415252315
            ],
            [
              27.945348668416063,
              45.457652439212474
            ],
            [
              27.94534539168104,
              45.45783236573812
            ],
            [
              27.945360308392043,
              45.458085067452124
            ],
            [
              27.945360315799316,
              45.45816605552679
            ],
            [
              27.945339580361207,
              45.45822257014503
            ],
            [
              27.945307138910795,
              45.458281770166344
            ],
            [
              27.945309205017722,
              45.458385929456675
            ],
            [
              27.945325876219496,
              45.45852663132729
            ],
            [
              27.945373172548262,
              45.45871894360522
            ],
            [
              27.945416013908673,
              45.458842293109235
            ],
            [
              27.945474319928383,
              45.4589539272257
            ],
            [
              27.945489885383157,
              45.459024984007854
            ],
            [
              27.945533531796745,
              45.459179874207344
            ],
            [
              27.945591867987606,
              45.459405248356674
            ],
            [
              27.945645090703707,
              45.459565249811675
            ],
            [
              27.94571752283102,
              45.45975274189972
            ],
            [
              27.945829031159413,
              45.46010477054161
            ],
            [
              27.945864269090556,
              45.460228316990005
            ],
            [
              27.945906222847444,
              45.46039932948908
            ],
            [
              27.945944476188377,
              45.46059663998597
            ],
            [
              27.94597731695943,
              45.46078754026251
            ],
            [
              27.946042630725557,
              45.46103298038163
            ],
            [
              27.94609185794115,
              45.461165096634396
            ],
            [
              27.9461339110535,
              45.461321814433994
            ],
            [
              27.946214130783837,
              45.46154483445679
            ],
            [
              27.94627624860801,
              45.46169686350661
            ],
            [
              27.946316372303116,
              45.46181671014696
            ],
            [
              27.9463400347655,
              45.46192924203183
            ],
            [
              27.946387538156436,
              45.462303176640916
            ],
            [
              27.946436888120108,
              45.46268004086119
            ],
            [
              27.946457886984476,
              45.462806338325386
            ],
            [
              27.94648307635575,
              45.46306115554691
            ],
            [
              27.94651417298312,
              45.463347976701804
            ],
            [
              27.946517162254267,
              45.46340506737813
            ],
            [
              27.9465212637674,
              45.46351572438585
            ],
            [
              27.9465387002649,
              45.46362246263548
            ],
            [
              27.946609801910224,
              45.46378438212295
            ],
            [
              27.946706475466875,
              45.46394980702659
            ],
            [
              27.94681016397901,
              45.46410373541947
            ],
            [
              27.94675170999867,
              45.46428032867372
            ],
            [
              27.946760616492803,
              45.46445041126906
            ],
            [
              27.94891334718296,
              45.464608356794955
            ],
            [
              27.94895448151975,
              45.46458585133578
            ],
            [
              27.948170856614908,
              45.463879171539865
            ],
            [
              27.950277560706372,
              45.46270700348854
            ],
            [
              27.952028330000307,
              45.464250741821154
            ],
            [
              27.952640763500337,
              45.463916632018474
            ],
            [
              27.952846558232043,
              45.464086509966165
            ],
            [
              27.954121205999055,
              45.46339243651651
            ],
            [
              27.95503086338713,
              45.46420383588571
            ],
            [
              27.953108860657018,
              45.46526344209145
            ],
            [
              27.95318725847574,
              45.46533822473155
            ],
            [
              27.953334830320067,
              45.465424906263756
            ],
            [
              27.953583048764674,
              45.465639387024694
            ],
            [
              27.953749738880674,
              45.465783930438356
            ],
            [
              27.953826198259495,
              45.46585399901489
            ],
            [
              27.95393724175554,
              45.46595413477048
            ],
            [
              27.954555811986285,
              45.46651688378985
            ],
            [
              27.954568612100573,
              45.46653501160538
            ],
            [
              27.954548859307366,
              45.466545648682505
            ],
            [
              27.95423481827584,
              45.466705665801435
            ],
            [
              27.95441954047243,
              45.46687117764736
            ],
            [
              27.95568766099027,
              45.46615277993046
            ],
            [
              27.95575500550596,
              45.466307050238164
            ],
            [
              27.9557586672385,
              45.466312314530306
            ],
            [
              27.95605811388787,
              45.46616458278345
            ],
            [
              27.956382944471475,
              45.46601678539415
            ],
            [
              27.95695234365703,
              45.465723871623865
            ],
            [
              27.95729704170433,
              45.46601860909103
            ],
            [
              27.95734589986903,
              45.46606259594681
            ],
            [
              27.95750831255511,
              45.466206054291334
            ],
            [
              27.9575687518255,
              45.466261054233826
            ],
            [
              27.957622023692306,
              45.46630849913228
            ],
            [
              27.9579146235872,
              45.46826842697363
            ],
            [
              27.957948884504397,
              45.46850156806201
            ],
            [
              27.95861486292571,
              45.47295824883115
            ],
            [
              27.958328512352896,
              45.47296927573689
            ],
            [
              27.958341081439396,
              45.47324049800273
            ],
            [
              27.95798203785703,
              45.47325341614749
            ],
            [
              27.957970190673414,
              45.472979793065
            ],
            [
              27.957905983243112,
              45.47298205962615
            ],
            [
              27.95765873591803,
              45.472947999920656
            ],
            [
              27.957619541982556,
              45.47294306484588
            ],
            [
              27.957536645382095,
              45.47294403103871
            ],
            [
              27.95591969050003,
              45.47297001798839
            ],
            [
              27.953854747396182,
              45.47303978311503
            ],
            [
              27.953649574893525,
              45.47301712673554
            ],
            [
              27.95261772231636,
              45.472789658483
            ],
            [
              27.95241302454307,
              45.47274376296623
            ],
            [
              27.952182017426015,
              45.472777156780474
            ],
            [
              27.95184553300818,
              45.47286509835115
            ],
            [
              27.951632700660745,
              45.47297067026104
            ],
            [
              27.951535876691754,
              45.47312563332899
            ],
            [
              27.95152732770032,
              45.47314014739341
            ],
            [
              27.951229425112388,
              45.473818418719944
            ],
            [
              27.950954810661806,
              45.47481170054058
            ],
            [
              27.95057841159601,
              45.47643051886898
            ],
            [
              27.950584515846373,
              45.4765953144165
            ],
            [
              27.95070419467484,
              45.47713411415312
            ],
            [
              27.950724729089217,
              45.47731580461887
            ],
            [
              27.950767837677983,
              45.47749214500445
            ],
            [
              27.950812848745024,
              45.47754338059573
            ],
            [
              27.950869472963177,
              45.47760622470085
            ],
            [
              27.95110211268975,
              45.4778294527691
            ],
            [
              27.95122412772879,
              45.4779608680673
            ],
            [
              27.951628284490685,
              45.478500616970436
            ],
            [
              27.951849777345586,
              45.47876939120244
            ],
            [
              27.95200030035277,
              45.47900844668387
            ],
            [
              27.95214788289011,
              45.47923983682732
            ],
            [
              27.952266610500622,
              45.479405280063844
            ],
            [
              27.952378794527032,
              45.479575061669486
            ],
            [
              27.952447244633994,
              45.47971799061509
            ],
            [
              27.952557950053396,
              45.47994021463835
            ],
            [
              27.952718517512324,
              45.480257614569844
            ],
            [
              27.952814484251387,
              45.48044091811315
            ],
            [
              27.952947640380845,
              45.48067149106568
            ],
            [
              27.95301940756276,
              45.480845299618494
            ],
            [
              27.953076835140884,
              45.481020076191875
            ],
            [
              27.953153915795195,
              45.481262824849466
            ],
            [
              27.95325500186625,
              45.48157581447763
            ],
            [
              27.953322260987065,
              45.48176045902221
            ],
            [
              27.953396941655917,
              45.481941337678876
            ],
            [
              27.953501708712537,
              45.48214704109781
            ],
            [
              27.9535820026073,
              45.48227358310094
            ],
            [
              27.953709942257735,
              45.48246915615988
            ],
            [
              27.953767228443223,
              45.48256056580326
            ],
            [
              27.953829587179396,
              45.48265184359749
            ],
            [
              27.95393634179125,
              45.4827663831792
            ],
            [
              27.954105751982045,
              45.48286500223021
            ],
            [
              27.954280083009547,
              45.482928358514
            ],
            [
              27.954448654797353,
              45.48297876318741
            ],
            [
              27.954567160915538,
              45.483026896008894
            ],
            [
              27.954676738917975,
              45.48311456393489
            ],
            [
              27.954769218032254,
              45.483231260358046
            ],
            [
              27.954829665930067,
              45.48335057590495
            ],
            [
              27.954827280352784,
              45.48340185110512
            ],
            [
              27.954777487731526,
              45.48346924623949
            ],
            [
              27.954670554814367,
              45.483512520110445
            ],
            [
              27.954495053972245,
              45.483523632567014
            ],
            [
              27.95435055195901,
              45.48352857952335
            ],
            [
              27.954274338411967,
              45.483544256968564
            ],
            [
              27.95423071883055,
              45.48356801975798
            ],
            [
              27.954210676913508,
              45.483589383231106
            ],
            [
              27.95420171899032,
              45.483612245129414
            ],
            [
              27.954203618278832,
              45.48369675705644
            ],
            [
              27.95423519254404,
              45.48384659844087
            ],
            [
              27.954254466683235,
              45.48395566986709
            ],
            [
              27.9543055514695,
              45.484331890411994
            ],
            [
              27.95431336690493,
              45.4844323271219
            ],
            [
              27.95431949552278,
              45.484500650564165
            ],
            [
              27.95435125405812,
              45.48468621724868
            ],
            [
              27.95438338966088,
              45.48486284159355
            ],
            [
              27.95445356781722,
              45.48531240804669
            ],
            [
              27.954480920471386,
              45.48543020198568
            ],
            [
              27.95452079086573,
              45.48560900725453
            ],
            [
              27.954548981570746,
              45.48579109361029
            ],
            [
              27.95457156678964,
              45.485979280682905
            ],
            [
              27.95458097634395,
              45.4861100465357
            ],
            [
              27.954577790329054,
              45.48630724050442
            ],
            [
              27.954578497442437,
              45.486417389988645
            ],
            [
              27.95459075970077,
              45.48652187960049
            ],
            [
              27.954629030340012,
              45.48673467002515
            ],
            [
              27.95463016931102,
              45.486901380966785
            ],
            [
              27.954632817427164,
              45.48701624400925
            ],
            [
              27.954644758085088,
              45.48719517971538
            ],
            [
              27.95464424311323,
              45.48731429348845
            ],
            [
              27.954634174310236,
              45.487461048684814
            ],
            [
              27.954637728560364,
              45.48759315772477
            ],
            [
              27.954657822923092,
              45.4876694551521
            ],
            [
              27.954686122083057,
              45.48774077528833
            ],
            [
              27.954762320852797,
              45.48790196210428
            ],
            [
              27.954791588888003,
              45.48799171759066
            ],
            [
              27.954808926637895,
              45.48807999668884
            ],
            [
              27.954831800524303,
              45.48822530005764
            ],
            [
              27.954850890050093,
              45.488330803168
            ],
            [
              27.954889694276655,
              45.488553703165906
            ],
            [
              27.954918360194526,
              45.488712552495684
            ],
            [
              27.95499487286055,
              45.489169695455196
            ],
            [
              27.955033492579208,
              45.48937294863863
            ],
            [
              27.955103882097838,
              45.48971353233517
            ],
            [
              27.95515008089833,
              45.48991599294632
            ],
            [
              27.95520191731696,
              45.490112947458414
            ],
            [
              27.95523810421366,
              45.490237657575626
            ],
            [
              27.955304285347758,
              45.490417565058465
            ],
            [
              27.955452871609026,
              45.49076385705885
            ],
            [
              27.95551739591826,
              45.49092832445554
            ],
            [
              27.955574876742645,
              45.49107153688623
            ],
            [
              27.95564213060405,
              45.49119127060578
            ],
            [
              27.95570935815243,
              45.49126217381704
            ],
            [
              27.95578090879318,
              45.491318672533886
            ],
            [
              27.955908856577334,
              45.4914010977834
            ],
            [
              27.956006900211374,
              45.49146226696523
            ],
            [
              27.956112460000043,
              45.4915214540995
            ],
            [
              27.95630278597438,
              45.491646919384024
            ],
            [
              27.95635282567926,
              45.49168075260867
            ],
            [
              27.956334659041413,
              45.49172171920774
            ],
            [
              27.956500352642383,
              45.49170073580095
            ],
            [
              27.95690301752409,
              45.491613442537705
            ],
            [
              27.95838109896251,
              45.49139990701347
            ],
            [
              27.959107699661537,
              45.493590903808645
            ],
            [
              27.95976812574891,
              45.49558531705595
            ],
            [
              27.96702912399451,
              45.4953477978714
            ],
            [
              27.973001753367733,
              45.495326335887064
            ],
            [
              27.977331985455514,
              45.49532615006175
            ],
            [
              27.977180818854986,
              45.49293498861855
            ],
            [
              27.976963758839613,
              45.490242440346385
            ],
            [
              27.976849186370508,
              45.489261666543435
            ],
            [
              27.981898164691174,
              45.489237115540924
            ],
            [
              27.985760186324434,
              45.48918159144805
            ],
            [
              27.992697572976052,
              45.48910039117153
            ],
            [
              27.992969098173738,
              45.49275442114743
            ],
            [
              27.996233801699823,
              45.492702955210426
            ],
            [
              27.999698186509633,
              45.49263302500706
            ],
            [
              28.001989736354787,
              45.49259218212053
            ],
            [
              28.002367058189613,
              45.49258638531817
            ],
            [
              28.002878775552308,
              45.49184694333332
            ],
            [
              28.003781394734723,
              45.48996153426996
            ],
            [
              28.004115788836984,
              45.48904156841384
            ],
            [
              28.00412792563556,
              45.488983483274815
            ],
            [
              28.004246823741905,
              45.488736777659426
            ],
            [
              28.004352262369846,
              45.48853925939488
            ],
            [
              28.004512453143647,
              45.488241439284025
            ],
            [
              28.00543789453706,
              45.48561281148224
            ],
            [
              28.005637227244012,
              45.48525559462375
            ],
            [
              28.005742368882,
              45.484735912076275
            ],
            [
              28.005951656229634,
              45.48410568795434
            ],
            [
              28.00610083608156,
              45.48372895362628
            ],
            [
              28.006182772715395,
              45.48348798722007
            ],
            [
              28.006326567622693,
              45.48331148619967
            ],
            [
              28.00639792778629,
              45.48323694654928
            ],
            [
              28.006465531732463,
              45.483203000864314
            ],
            [
              28.006547933071502,
              45.48319248411152
            ],
            [
              28.006845055670713,
              45.483366254821014
            ],
            [
              28.007266882372992,
              45.48352898381583
            ],
            [
              28.00762947676531,
              45.48366052559769
            ],
            [
              28.00790292341151,
              45.48370807650101
            ],
            [
              28.008319180797365,
              45.483719094015825
            ],
            [
              28.008554940962952,
              45.48374262938765
            ],
            [
              28.00869058793113,
              45.48371462293864
            ],
            [
              28.00881899454817,
              45.483677875338884
            ],
            [
              28.00890551855764,
              45.48361782041579
            ],
            [
              28.009003164081392,
              45.48352829101163
            ],
            [
              28.009151027111017,
              45.48339634185383
            ],
            [
              28.009312646366237,
              45.48309430790773
            ],
            [
              28.009364872014757,
              45.48294702519382
            ],
            [
              28.009425363733868,
              45.48265362360726
            ],
            [
              28.010182062257552,
              45.48080060524084
            ],
            [
              28.01047872992932,
              45.48009600068346
            ],
            [
              28.010548165274816,
              45.479764248750904
            ],
            [
              28.010671609393793,
              45.479113063542734
            ],
            [
              28.010735528770446,
              45.47874155834552
            ],
            [
              28.010740290155276,
              45.47853002598448
            ],
            [
              28.010732555732126,
              45.4783855218091
            ],
            [
              28.010782284102334,
              45.478112651703505
            ],
            [
              28.01078960668568,
              45.47768011706053
            ],
            [
              28.010793403071467,
              45.477260777044464
            ],
            [
              28.010808121729184,
              45.476586864641746
            ],
            [
              28.010838824666443,
              45.47629067801813
            ],
            [
              28.01081161864908,
              45.4758614400448
            ],
            [
              28.010832917554602,
              45.475516075136426
            ],
            [
              28.010805336918867,
              45.47515890385922
            ],
            [
              28.010825531611925,
              45.47498269322214
            ],
            [
              28.010916974313872,
              45.47473015624454
            ],
            [
              28.0109725137314,
              45.4740914883684
            ],
            [
              28.010932295838305,
              45.47296048784647
            ],
            [
              28.010947701874017,
              45.47253667150201
            ],
            [
              28.01092705633261,
              45.47248302697705
            ],
            [
              28.010816727125132,
              45.47239840976728
            ]
          ]
        ]
      }
    },
    {
      "type": "Feature",
      "properties": {
        "utr": "Trup 21",
        "zf": "ZF04",
        "det": null,
        "obs": null
      },
      "geometry": {
        "type": "Polygon",
        "coordinates": [
          [
            [
              27.954774452133357,
              45.45887537169165
            ],
            [
              27.954244997168157,
              45.459060658048045
            ],
            [
              27.954589646046436,
              45.45954323843522
            ],
            [
              27.954900213299997,
              45.45939682245823
            ],
            [
              27.954940248913644,
              45.4593329673365
            ],
            [
              27.955009056674257,
              45.45931753955898
            ],
            [
              27.954774452133357,
              45.45887537169165
            ]
          ]
        ]
      }
    },
    {
      "type": "Feature",
      "properties": {
        "utr": "49",
        "zf": "ZF12.2",
        "det": null,
        "obs": null
      },
      "geometry": {
        "type": "Polygon",
        "coordinates": [
          [
            [
              27.956790081380465,
              45.46052297509612
            ],
            [
              27.95692664901616,
              45.460419023649955
            ],
            [
              27.956959795974797,
              45.46015910076826
            ],
            [
              27.957339524785098,
              45.459319189338835
            ],
            [
              27.956755410453248,
              45.45825602215497
            ],
            [
              27.955789753327657,
              45.45863648279761
            ],
            [
              27.955459830403118,
              45.45886284792111
            ],
            [
              27.955152963221643,
              45.459224418126816
            ],
            [
              27.955187179032826,
              45.45933625042442
            ],
            [
              27.956043493219152,
              45.459745650777165
            ],
            [
              27.956790081380465,
              45.46052297509612
            ]
          ]
        ]
      }
    },
    {
      "type": "Feature",
      "properties": {
        "utr": "55",
        "zf": "ZF08.5",
        "det": null,
        "obs": null
      },
      "geometry": {
        "type": "Polygon",
        "coordinates": [
          [
            [
              28.005754844665464,
              45.45532708572992
            ],
            [
              28.00590596540602,
              45.456072726628335
            ],
            [
              28.00530623909751,
              45.45610248026425
            ],
            [
              28.005315490436274,
              45.45570055954831
            ],
            [
              28.004527148534937,
              45.4556108660502
            ],
            [
              28.004471170079203,
              45.459121853755086
            ],
            [
              28.002891718631012,
              45.45895609247309
            ],
            [
              28.002103342381247,
              45.45878911306772
            ],
            [
              28.00109185787981,
              45.45869109975369
            ],
            [
              28.00055549596966,
              45.45870358649808
            ],
            [
              27.99970562593415,
              45.458434891237026
            ],
            [
              27.999171792071436,
              45.45940592059046
            ],
            [
              27.998337848207846,
              45.45930699759416
            ],
            [
              27.998388054645122,
              45.4590926067898
            ],
            [
              27.998131011053854,
              45.459184083767965
            ],
            [
              27.99784116242289,
              45.45920615122269
            ],
            [
              27.99689997195356,
              45.45918072061752
            ],
            [
              27.996545643798314,
              45.46053606598051
            ],
            [
              27.99518612825344,
              45.46095390524232
            ],
            [
              27.99551697233914,
              45.462083782363656
            ],
            [
              27.99186399029389,
              45.46295981713193
            ],
            [
              27.98966881320362,
              45.46210518336442
            ],
            [
              27.986961897731202,
              45.46257515773089
            ],
            [
              27.98119606717397,
              45.464074862350394
            ],
            [
              27.979554133255856,
              45.465798838274154
            ],
            [
              27.97799329275862,
              45.46494472406711
            ],
            [
              27.97349937687409,
              45.470212710493165
            ],
            [
              27.972320400215825,
              45.47078201406884
            ],
            [
              27.970769388508216,
              45.470960122549755
            ],
            [
              27.970181630816214,
              45.47087653414481
            ],
            [
              27.970344634326317,
              45.473348563476335
            ],
            [
              27.970630216586024,
              45.47334386349006
            ],
            [
              27.970222676141773,
              45.47528806470053
            ],
            [
              27.970408397080426,
              45.4754962010711
            ],
            [
              27.97144444570545,
              45.47548957494002
            ],
            [
              27.97227756440026,
              45.475516095058964
            ],
            [
              27.976584361788017,
              45.47546208078489
            ],
            [
              27.978002572807117,
              45.47543430819012
            ],
            [
              27.978497640523507,
              45.47532216450465
            ],
            [
              27.97891187171346,
              45.475138058542996
            ],
            [
              27.97944432041315,
              45.47473061956358
            ],
            [
              27.98158058881278,
              45.47338540692142
            ],
            [
              27.983244102170804,
              45.47265279809911
            ],
            [
              27.98511943346551,
              45.47256519434895
            ],
            [
              27.98608846302148,
              45.472864045468256
            ],
            [
              27.98860525150318,
              45.472965320503015
            ],
            [
              27.99537958243003,
              45.47303801024997
            ],
            [
              27.99805492152691,
              45.473549387764216
            ],
            [
              27.99951729936456,
              45.474428545848475
            ],
            [
              28.00627742154677,
              45.474334101277414
            ],
            [
              28.00762600353997,
              45.47414445027804
            ],
            [
              28.008597378858926,
              45.47407034496062
            ],
            [
              28.009415856996675,
              45.47379594601489
            ],
            [
              28.01047632197025,
              45.47267157211521
            ],
            [
              28.010816727125132,
              45.47239840976728
            ],
            [
              28.010926604445874,
              45.472253171765665
            ],
            [
              28.011043897063185,
              45.472104164122705
            ],
            [
              28.0112196985814,
              45.47181485209751
            ],
            [
              28.011258198869328,
              45.471632796684915
            ],
            [
              28.011315505214558,
              45.47113986362676
            ],
            [
              28.008400133573407,
              45.47118655208254
            ],
            [
              28.008434460392575,
              45.47035728377683
            ],
            [
              28.00814723136068,
              45.470341550661125
            ],
            [
              28.00857495485176,
              45.4644706695942
            ],
            [
              28.008869446466242,
              45.46434782420691
            ],
            [
              28.010102749771082,
              45.46437002181743
            ],
            [
              28.009160354176,
              45.46104744103298
            ],
            [
              28.008699968387347,
              45.45835791018334
            ],
            [
              28.008605485353158,
              45.45811482193141
            ],
            [
              28.00873395424444,
              45.45804473009684
            ],
            [
              28.006339516275016,
              45.455679453127594
            ],
            [
              28.005754844665464,
              45.45532708572992
            ]
          ]
        ]
      }
    },
    {
      "type": "Feature",
      "properties": {
        "utr": "53",
        "zf": "ZF08.9",
        "det": null,
        "obs": null
      },
      "geometry": {
        "type": "Polygon",
        "coordinates": [
          [
            [
              28.00873395424444,
              45.45804473009684
            ],
            [
              28.008605485353158,
              45.45811482193141
            ],
            [
              28.008699968387347,
              45.45835791018334
            ],
            [
              28.009160354176,
              45.46104744103298
            ],
            [
              28.010102749771082,
              45.46437002181743
            ],
            [
              28.008869446466242,
              45.46434782420691
            ],
            [
              28.00857495485176,
              45.4644706695942
            ],
            [
              28.00814723136068,
              45.470341550661125
            ],
            [
              28.008434460392575,
              45.47035728377683
            ],
            [
              28.008400133573407,
              45.47118655208254
            ],
            [
              28.011315505214558,
              45.47113986362676
            ],
            [
              28.011480991014132,
              45.470466242472746
            ],
            [
              28.011484479850417,
              45.470199361090785
            ],
            [
              28.01161185180508,
              45.4699857704783
            ],
            [
              28.01168880580754,
              45.46971575123054
            ],
            [
              28.01171578669966,
              45.469255301668575
            ],
            [
              28.011491679222395,
              45.468784236057274
            ],
            [
              28.01465324228932,
              45.468713515827204
            ],
            [
              28.017002598525576,
              45.468647794303486
            ],
            [
              28.01689017645363,
              45.468470065817755
            ],
            [
              28.016808297758974,
              45.46760786646284
            ],
            [
              28.01666223326238,
              45.466814342555715
            ],
            [
              28.016615796573614,
              45.465859685648994
            ],
            [
              28.01664673263312,
              45.4654055068354
            ],
            [
              28.01628306101419,
              45.4635295627581
            ],
            [
              28.015845700312408,
              45.46253392391748
            ],
            [
              28.01577296210026,
              45.46234110359658
            ],
            [
              28.015614435025903,
              45.461920862323225
            ],
            [
              28.015467602165074,
              45.461077499868686
            ],
            [
              28.01515382086372,
              45.46038623575234
            ],
            [
              28.014947387790777,
              45.46013120057253
            ],
            [
              28.01473883022601,
              45.46006184901969
            ],
            [
              28.01325783565041,
              45.46032582299638
            ],
            [
              28.01221895065373,
              45.46026902261934
            ],
            [
              28.01071521867945,
              45.45978185450454
            ],
            [
              28.009916433730222,
              45.45921271510254
            ],
            [
              28.00873395424444,
              45.45804473009684
            ]
          ]
        ]
      }
    },
    {
      "type": "Feature",
      "properties": {
        "utr": "52",
        "zf": "ZF08.9",
        "det": null,
        "obs": null
      },
      "geometry": {
        "type": "Polygon",
        "coordinates": [
          [
            [
              27.98966881320362,
              45.46210518336442
            ],
            [
              27.991882929083374,
              45.461573144438496
            ],
            [
              27.991471009227443,
              45.460713973301175
            ],
            [
              27.99285545318787,
              45.45530782806559
            ],
            [
              27.994378780409047,
              45.45494923858306
            ],
            [
              27.993280634994207,
              45.452807160210796
            ],
            [
              27.993191934049296,
              45.45279730346124
            ],
            [
              27.993157785586998,
              45.452678500670324
            ],
            [
              27.993230551011496,
              45.45261289112721
            ],
            [
              27.99316953962835,
              45.45246767663546
            ],
            [
              27.993611813894688,
              45.45220399412924
            ],
            [
              27.993680682024998,
              45.45199817204732
            ],
            [
              27.993823439388027,
              45.45180093714594
            ],
            [
              27.994068271859923,
              45.45178518960417
            ],
            [
              27.994239587484067,
              45.451605436496536
            ],
            [
              27.99462288183288,
              45.45160316363381
            ],
            [
              27.99510182917512,
              45.44984578042968
            ],
            [
              27.994995774031416,
              45.44982557778678
            ],
            [
              27.995009331541766,
              45.4496492742009
            ],
            [
              27.99521915658112,
              45.44967686505004
            ],
            [
              27.99557329721572,
              45.448264667472955
            ],
            [
              27.995458879393084,
              45.44821233627763
            ],
            [
              27.996116243422232,
              45.447644501807986
            ],
            [
              27.995970997837897,
              45.44687149466559
            ],
            [
              27.997363063417385,
              45.44580976334356
            ],
            [
              27.997152334694242,
              45.445763634419144
            ],
            [
              27.993250202011605,
              45.44902040719414
            ],
            [
              27.988751723067807,
              45.44945389538469
            ],
            [
              27.984155754245712,
              45.45316425900634
            ],
            [
              27.979932291180937,
              45.46088165122055
            ],
            [
              27.97799329275862,
              45.46494472406711
            ],
            [
              27.979554133255856,
              45.465798838274154
            ],
            [
              27.98119606717397,
              45.464074862350394
            ],
            [
              27.986961897731202,
              45.46257515773089
            ],
            [
              27.98966881320362,
              45.46210518336442
            ]
          ]
        ]
      }
    },
    {
      "type": "Feature",
      "properties": {
        "utr": "20",
        "zf": "ZF08.4",
        "det": null,
        "obs": null
      },
      "geometry": {
        "type": "Polygon",
        "coordinates": [
          [
            [
              27.997363063417385,
              45.44580976334356
            ],
            [
              27.995970997837897,
              45.44687149466559
            ],
            [
              27.996116243422232,
              45.447644501807986
            ],
            [
              27.995458879393084,
              45.44821233627763
            ],
            [
              27.99557329721572,
              45.448264667472955
            ],
            [
              27.99521915658112,
              45.44967686505004
            ],
            [
              27.995009331541766,
              45.4496492742009
            ],
            [
              27.994995774031416,
              45.44982557778678
            ],
            [
              27.99510182917512,
              45.44984578042968
            ],
            [
              27.99462288183288,
              45.45160316363381
            ],
            [
              27.994239587484067,
              45.451605436496536
            ],
            [
              27.994068271859923,
              45.45178518960417
            ],
            [
              27.993823439388027,
              45.45180093714594
            ],
            [
              27.993680682024998,
              45.45199817204732
            ],
            [
              27.993611813894688,
              45.45220399412924
            ],
            [
              27.99316953962835,
              45.45246767663546
            ],
            [
              27.993230551011496,
              45.45261289112721
            ],
            [
              27.993157785586998,
              45.452678500670324
            ],
            [
              27.993191934049296,
              45.45279730346124
            ],
            [
              27.993280634994207,
              45.452807160210796
            ],
            [
              27.994378780409047,
              45.45494923858306
            ],
            [
              27.99285545318787,
              45.45530782806559
            ],
            [
              27.991471009227443,
              45.460713973301175
            ],
            [
              27.991882929083374,
              45.461573144438496
            ],
            [
              27.98966881320362,
              45.46210518336442
            ],
            [
              27.99186399029389,
              45.46295981713193
            ],
            [
              27.99551697233914,
              45.462083782363656
            ],
            [
              27.99518612825344,
              45.46095390524232
            ],
            [
              27.996545643798314,
              45.46053606598051
            ],
            [
              27.99689997195356,
              45.45918072061752
            ],
            [
              27.99784116242289,
              45.45920615122269
            ],
            [
              27.998131011053854,
              45.459184083767965
            ],
            [
              27.998388054645122,
              45.4590926067898
            ],
            [
              27.998337848207846,
              45.45930699759416
            ],
            [
              27.999171792071436,
              45.45940592059046
            ],
            [
              27.99970562593415,
              45.458434891237026
            ],
            [
              28.00055549596966,
              45.45870358649808
            ],
            [
              28.00109185787981,
              45.45869109975369
            ],
            [
              28.002103342381247,
              45.45878911306772
            ],
            [
              28.002891718631012,
              45.45895609247309
            ],
            [
              28.004471170079203,
              45.459121853755086
            ],
            [
              28.004527148534937,
              45.4556108660502
            ],
            [
              28.005315490436274,
              45.45570055954831
            ],
            [
              28.00530623909751,
              45.45610248026425
            ],
            [
              28.00590596540602,
              45.456072726628335
            ],
            [
              28.005754844665464,
              45.45532708572992
            ],
            [
              28.00258389996151,
              45.45339542940799
            ],
            [
              28.00175058604655,
              45.448291180270935
            ],
            [
              28.000201341736854,
              45.44643102226205
            ],
            [
              27.997363063417385,
              45.44580976334356
            ]
          ]
        ]
      }
    },
    {
      "type": "Feature",
      "properties": {
        "utr": "54",
        "zf": "ZF12.1",
        "det": null,
        "obs": null
      },
      "geometry": {
        "type": "Polygon",
        "coordinates": [
          [
            [
              27.960209775926934,
              45.46377380502556
            ],
            [
              27.962392941009078,
              45.462818339008656
            ],
            [
              27.960240365594544,
              45.46037131572286
            ],
            [
              27.959892532606585,
              45.45940016856197
            ],
            [
              27.95955939568908,
              45.45191927586666
            ],
            [
              27.95705785676026,
              45.44871194205068
            ],
            [
              27.956941431011423,
              45.44683299134991
            ],
            [
              27.956700021272606,
              45.44684344195676
            ],
            [
              27.954922632668044,
              45.44689325120376
            ],
            [
              27.95458500652966,
              45.446875828749796
            ],
            [
              27.954364407634603,
              45.44686369960325
            ],
            [
              27.952903733690842,
              45.4467742311606
            ],
            [
              27.952576717602025,
              45.44674938097833
            ],
            [
              27.95205391941384,
              45.446701627882234
            ],
            [
              27.95036326112653,
              45.446485304538484
            ],
            [
              27.949889946698622,
              45.44642140459477
            ],
            [
              27.949578488921063,
              45.446600773106766
            ],
            [
              27.949040069517153,
              45.44717756324039
            ],
            [
              27.94896303758761,
              45.44751481095335
            ],
            [
              27.949850018207382,
              45.449290492297564
            ],
            [
              27.94979718867209,
              45.44952187803311
            ],
            [
              27.950420732606734,
              45.451009188406616
            ],
            [
              27.954774452133357,
              45.45887537169165
            ],
            [
              27.955009056674257,
              45.45931753955898
            ],
            [
              27.95503941065217,
              45.45937474826762
            ],
            [
              27.955187179032826,
              45.45933625042442
            ],
            [
              27.955152963221643,
              45.459224418126816
            ],
            [
              27.955459830403118,
              45.45886284792111
            ],
            [
              27.955789753327657,
              45.45863648279761
            ],
            [
              27.956755410453248,
              45.45825602215497
            ],
            [
              27.957339524785098,
              45.459319189338835
            ],
            [
              27.956959795974797,
              45.46015910076826
            ],
            [
              27.95692664901616,
              45.460419023649955
            ],
            [
              27.956790081380465,
              45.46052297509612
            ],
            [
              27.959495643765806,
              45.46393024355213
            ],
            [
              27.960108671825495,
              45.46366280378571
            ],
            [
              27.960209775926934,
              45.46377380502556
            ]
          ]
        ]
      }
    },
    {
      "type": "Feature",
      "properties": {
        "utr": "24",
        "zf": "ZF12.1",
        "det": null,
        "obs": null
      },
      "geometry": {
        "type": "Polygon",
        "coordinates": [
          [
            [
              27.966058101286656,
              45.46833585891399
            ],
            [
              27.96715401876554,
              45.46789495164993
            ],
            [
              27.96809963313818,
              45.46920765053463
            ],
            [
              27.968509198884664,
              45.46972717818462
            ],
            [
              27.969190879052793,
              45.470177749778436
            ],
            [
              27.970408532618375,
              45.4704802910694
            ],
            [
              27.971810752493433,
              45.47044561276797
            ],
            [
              27.97266930577833,
              45.47013750353651
            ],
            [
              27.97332792308838,
              45.46971420568319
            ],
            [
              27.975069978700656,
              45.46721775159604
            ],
            [
              27.97527385352172,
              45.46631958063083
            ],
            [
              27.975186279740637,
              45.46595721839509
            ],
            [
              27.971851656690063,
              45.464709385282475
            ],
            [
              27.97071440709566,
              45.46411507498431
            ],
            [
              27.966198550208222,
              45.46358496841642
            ],
            [
              27.965278120904824,
              45.462420965034724
            ],
            [
              27.96461176344222,
              45.46270675212955
            ],
            [
              27.964244077305125,
              45.46222577755838
            ],
            [
              27.968500756361163,
              45.46036968395911
            ],
            [
              27.966939627425678,
              45.45863032301274
            ],
            [
              27.973227245308834,
              45.455866238326635
            ],
            [
              27.971988041234894,
              45.45416172034789
            ],
            [
              27.971763872011167,
              45.45334255472438
            ],
            [
              27.971120214580406,
              45.45249604699135
            ],
            [
              27.969631345200963,
              45.45255709621133
            ],
            [
              27.968947619173434,
              45.452270939423684
            ],
            [
              27.967978614718728,
              45.452274575650186
            ],
            [
              27.96768382262315,
              45.45219471059981
            ],
            [
              27.96596979760013,
              45.45247792446111
            ],
            [
              27.965793775622966,
              45.45264005395314
            ],
            [
              27.96369679851804,
              45.45289999208203
            ],
            [
              27.961904418924487,
              45.45277530455859
            ],
            [
              27.962297993907804,
              45.45805181513286
            ],
            [
              27.96168332788363,
              45.45870923323484
            ],
            [
              27.961741311798882,
              45.458851114883934
            ],
            [
              27.96125797793616,
              45.4595771014161
            ],
            [
              27.96173824263676,
              45.46080062798146
            ],
            [
              27.963066960343323,
              45.46246566849927
            ],
            [
              27.962392941009078,
              45.462818339008656
            ],
            [
              27.960209775926934,
              45.46377380502556
            ],
            [
              27.96036480301172,
              45.463944006756876
            ],
            [
              27.958575973271778,
              45.46476753940479
            ],
            [
              27.957823124925532,
              45.46519119507336
            ],
            [
              27.960160213996236,
              45.46757839924186
            ],
            [
              27.962832648716162,
              45.46630822215401
            ],
            [
              27.966058101286656,
              45.46833585891399
            ]
          ]
        ]
      }
    },
    {
      "type": "Feature",
      "properties": {
        "utr": "41",
        "zf": "ZF12.2",
        "det": null,
        "obs": null
      },
      "geometry": {
        "type": "Polygon",
        "coordinates": [
          [
            [
              27.99190536811489,
              45.40593500775825
            ],
            [
              27.99214529366286,
              45.40579360294886
            ],
            [
              27.994009518521896,
              45.406667233833545
            ],
            [
              27.995476138553315,
              45.407756316134865
            ],
            [
              27.99535395288408,
              45.40788171482596
            ],
            [
              27.995758126924514,
              45.40857430585468
            ],
            [
              27.99607958555884,
              45.40883500764506
            ],
            [
              27.99522588295125,
              45.41426455118812
            ],
            [
              27.99458370817849,
              45.4143317734974
            ],
            [
              27.99433109342764,
              45.41519831834167
            ],
            [
              27.99458391121941,
              45.41567858359451
            ],
            [
              27.996014724385887,
              45.416626719822794
            ],
            [
              27.99670315459563,
              45.417256959597374
            ],
            [
              27.996979869102596,
              45.41785029056852
            ],
            [
              27.995982947169782,
              45.42562672071753
            ],
            [
              27.9919653033872,
              45.425642682654505
            ],
            [
              27.991568747274545,
              45.42291829600439
            ],
            [
              27.988947152739293,
              45.42302811210697
            ],
            [
              27.988935959905703,
              45.421838037532964
            ],
            [
              27.987921675817056,
              45.42175745280954
            ],
            [
              27.987832691095537,
              45.423011343518716
            ],
            [
              27.986268312320274,
              45.4230460654311
            ],
            [
              27.9853765066889,
              45.41540517164164
            ],
            [
              27.98585656660201,
              45.415377184963525
            ],
            [
              27.985681722131208,
              45.41379974536691
            ],
            [
              27.988509613010365,
              45.411566309822696
            ],
            [
              27.9897226775224,
              45.41076896465138
            ],
            [
              27.990285380660993,
              45.41098816472578
            ],
            [
              27.99119647405063,
              45.41003169053228
            ],
            [
              27.992004516200222,
              45.40927523069905
            ],
            [
              27.99223497344086,
              45.40895559509265
            ],
            [
              27.992256127341694,
              45.40872087530173
            ],
            [
              27.99266414132434,
              45.40857294373157
            ],
            [
              27.992521948064415,
              45.40834838986355
            ],
            [
              27.992093634616953,
              45.40827287103263
            ],
            [
              27.99177148140893,
              45.40861155495256
            ],
            [
              27.991437795808945,
              45.408539361745646
            ],
            [
              27.990023177531594,
              45.40972737388223
            ],
            [
              27.990178351366552,
              45.40986435398674
            ],
            [
              27.98784778471916,
              45.41181029790779
            ],
            [
              27.98814074829542,
              45.40994205329374
            ],
            [
              27.98118465675163,
              45.4101484109188
            ],
            [
              27.9810843932247,
              45.411559035201485
            ],
            [
              27.977338718530046,
              45.4116880613332
            ],
            [
              27.97689922689035,
              45.41170319224308
            ],
            [
              27.976893150399302,
              45.40999700107801
            ],
            [
              27.97621451014815,
              45.40968123085248
            ],
            [
              27.976027127687416,
              45.40873183744748
            ],
            [
              27.9746936207193,
              45.408662297670794
            ],
            [
              27.974516679684783,
              45.41114767690158
            ],
            [
              27.969288852490788,
              45.411164932490074
            ],
            [
              27.96903093503232,
              45.412547537545926
            ],
            [
              27.967977213419683,
              45.412128662270185
            ],
            [
              27.96769778562105,
              45.4111310982325
            ],
            [
              27.967186264322468,
              45.41026000384386
            ],
            [
              27.96590209112654,
              45.40994518789131
            ],
            [
              27.964433218604672,
              45.41003596395717
            ],
            [
              27.964434074936563,
              45.41004153204982
            ],
            [
              27.964713906585274,
              45.412050018975016
            ],
            [
              27.96468283001041,
              45.41231106652851
            ],
            [
              27.96480820767319,
              45.41567419332827
            ],
            [
              27.96488846635461,
              45.41968998110954
            ],
            [
              27.96482078573046,
              45.41968936554101
            ],
            [
              27.96301421016924,
              45.42117762692643
            ],
            [
              27.96289495275645,
              45.42128971510837
            ],
            [
              27.96178048367471,
              45.422384733059175
            ],
            [
              27.96165645337959,
              45.423146045682465
            ],
            [
              27.961378250559324,
              45.42390244460625
            ],
            [
              27.96393426089707,
              45.42387806606806
            ],
            [
              27.964981524521612,
              45.42819019099572
            ],
            [
              27.96495621282527,
              45.42960517852371
            ],
            [
              27.96432490766171,
              45.43001587773483
            ],
            [
              27.963601274369548,
              45.430022251353336
            ],
            [
              27.963529795908606,
              45.42999791368522
            ],
            [
              27.958999944961807,
              45.4297729765722
            ],
            [
              27.95902299281804,
              45.430356566837474
            ],
            [
              27.959131140018222,
              45.4327691187528
            ],
            [
              27.960151654786124,
              45.43274610659583
            ],
            [
              27.960330277857548,
              45.43281350851812
            ],
            [
              27.96035655747064,
              45.43355482326196
            ],
            [
              27.960224729028347,
              45.43355706721154
            ],
            [
              27.960235259198004,
              45.433853949927204
            ],
            [
              27.960746277050987,
              45.43384063383359
            ],
            [
              27.960991691692872,
              45.43402003565358
            ],
            [
              27.96357156088698,
              45.43395812839537
            ],
            [
              27.964915347303197,
              45.4339218766151
            ],
            [
              27.96300994275853,
              45.4359998776946
            ],
            [
              27.963269138391297,
              45.436103286187226
            ],
            [
              27.959566315406608,
              45.44061547115785
            ],
            [
              27.959456604871725,
              45.44094228345681
            ],
            [
              27.959290999751158,
              45.44094600137028
            ],
            [
              27.957008553900085,
              45.44511500150008
            ],
            [
              27.956929341815076,
              45.44529809620944
            ],
            [
              27.95690508081834,
              45.44541604189677
            ],
            [
              27.956889013590942,
              45.44557724615255
            ],
            [
              27.956941431011423,
              45.44683299134991
            ],
            [
              27.95705785676026,
              45.44871194205068
            ],
            [
              27.95955939568908,
              45.45191927586666
            ],
            [
              27.959892532606585,
              45.45940016856197
            ],
            [
              27.960240365594544,
              45.46037131572286
            ],
            [
              27.962392941009078,
              45.462818339008656
            ],
            [
              27.963066960343323,
              45.46246566849927
            ],
            [
              27.96173824263676,
              45.46080062798146
            ],
            [
              27.96125797793616,
              45.4595771014161
            ],
            [
              27.961741311798882,
              45.458851114883934
            ],
            [
              27.96168332788363,
              45.45870923323484
            ],
            [
              27.962297993907804,
              45.45805181513286
            ],
            [
              27.961904418924487,
              45.45277530455859
            ],
            [
              27.96369679851804,
              45.45289999208203
            ],
            [
              27.965793775622966,
              45.45264005395314
            ],
            [
              27.96596979760013,
              45.45247792446111
            ],
            [
              27.96768382262315,
              45.45219471059981
            ],
            [
              27.967978614718728,
              45.452274575650186
            ],
            [
              27.968947619173434,
              45.452270939423684
            ],
            [
              27.969631345200963,
              45.45255709621133
            ],
            [
              27.971120214580406,
              45.45249604699135
            ],
            [
              27.971763872011167,
              45.45334255472438
            ],
            [
              27.971988041234894,
              45.45416172034789
            ],
            [
              27.973227245308834,
              45.455866238326635
            ],
            [
              27.966939627425678,
              45.45863032301274
            ],
            [
              27.968500756361163,
              45.46036968395911
            ],
            [
              27.964244077305125,
              45.46222577755838
            ],
            [
              27.96461176344222,
              45.46270675212955
            ],
            [
              27.965278120904824,
              45.462420965034724
            ],
            [
              27.966198550208222,
              45.46358496841642
            ],
            [
              27.97071440709566,
              45.46411507498431
            ],
            [
              27.971851656690063,
              45.464709385282475
            ],
            [
              27.975186279740637,
              45.46595721839509
            ],
            [
              27.97527385352172,
              45.46631958063083
            ],
            [
              27.975069978700656,
              45.46721775159604
            ],
            [
              27.97332792308838,
              45.46971420568319
            ],
            [
              27.97266930577833,
              45.47013750353651
            ],
            [
              27.971810752493433,
              45.47044561276797
            ],
            [
              27.970408532618375,
              45.4704802910694
            ],
            [
              27.969190879052793,
              45.470177749778436
            ],
            [
              27.968509198884664,
              45.46972717818462
            ],
            [
              27.96809963313818,
              45.46920765053463
            ],
            [
              27.96715401876554,
              45.46789495164993
            ],
            [
              27.966058101286656,
              45.46833585891399
            ],
            [
              27.968080132458162,
              45.46987380966854
            ],
            [
              27.969456279871512,
              45.470720818028525
            ],
            [
              27.970181630816214,
              45.47087653414481
            ],
            [
              27.970769388508216,
              45.470960122549755
            ],
            [
              27.972320400215825,
              45.47078201406884
            ],
            [
              27.97349937687409,
              45.470212710493165
            ],
            [
              27.97799329275862,
              45.46494472406711
            ],
            [
              27.979932291180937,
              45.46088165122055
            ],
            [
              27.984155754245712,
              45.45316425900634
            ],
            [
              27.988751723067807,
              45.44945389538469
            ],
            [
              27.993250202011605,
              45.44902040719414
            ],
            [
              27.997152334694242,
              45.445763634419144
            ],
            [
              27.99785271881409,
              45.44545762916913
            ],
            [
              27.99932813655934,
              45.44528211346211
            ],
            [
              28.00030748628916,
              45.44555793296403
            ],
            [
              28.002961495295242,
              45.44712111775561
            ],
            [
              28.002679764911417,
              45.447395334325094
            ],
            [
              28.00321803528515,
              45.448344583569266
            ],
            [
              28.003977884073056,
              45.44815813659771
            ],
            [
              28.003730216726893,
              45.447950599134124
            ],
            [
              28.003736134599244,
              45.44758149188159
            ],
            [
              28.005650544943894,
              45.447762175395994
            ],
            [
              28.006550985622308,
              45.44944140731378
            ],
            [
              28.008263426178054,
              45.4490539014603
            ],
            [
              28.008151016496193,
              45.451074088016874
            ],
            [
              28.011414387352712,
              45.455662581248944
            ],
            [
              28.012538481284654,
              45.455338329483844
            ],
            [
              28.01308221090033,
              45.45564141569993
            ],
            [
              28.01476259533014,
              45.458143252386236
            ],
            [
              28.016381854510325,
              45.45908045665578
            ],
            [
              28.01473883022601,
              45.46006184901969
            ],
            [
              28.014947387790777,
              45.46013120057253
            ],
            [
              28.015491897226077,
              45.459934125896794
            ],
            [
              28.016280947472584,
              45.45983411711918
            ],
            [
              28.016958820494853,
              45.45954799749381
            ],
            [
              28.017419216187115,
              45.45950324897651
            ],
            [
              28.021158960421484,
              45.46072530632666
            ],
            [
              28.021279114548804,
              45.46050091804841
            ],
            [
              28.02436359617629,
              45.461561449378614
            ],
            [
              28.028297145328157,
              45.46163281638687
            ],
            [
              28.028488949589853,
              45.46097392428028
            ],
            [
              28.018820510575992,
              45.4583031024895
            ],
            [
              28.015439243587064,
              45.45698659796825
            ],
            [
              28.01386046688158,
              45.455709000414984
            ],
            [
              28.00925996299773,
              45.447245642202205
            ],
            [
              28.00902564499999,
              45.44680937917938
            ],
            [
              28.007579020092958,
              45.44438875889319
            ],
            [
              28.00785366375044,
              45.44429767722657
            ],
            [
              28.00733327218128,
              45.44332719710817
            ],
            [
              28.007504977051404,
              45.44326948681514
            ],
            [
              28.00742866789793,
              45.44311577483065
            ],
            [
              28.007005827013863,
              45.443216614259704
            ],
            [
              28.006694183627236,
              45.44288238199871
            ],
            [
              28.002579209325145,
              45.43480421689882
            ],
            [
              28.000760056501516,
              45.43141539892753
            ],
            [
              28.00025354993811,
              45.429432089920965
            ],
            [
              28.001170518933677,
              45.42591368974391
            ],
            [
              28.001714428323506,
              45.41393620205345
            ],
            [
              28.001417187603604,
              45.41161577096231
            ],
            [
              28.000170914723753,
              45.40999001540174
            ],
            [
              27.997775153415486,
              45.40865058552212
            ],
            [
              27.99110873526097,
              45.40431647579523
            ],
            [
              27.985981492672842,
              45.39798358054057
            ],
            [
              27.98533139364829,
              45.39670355973071
            ],
            [
              27.984464104144728,
              45.39592724835536
            ],
            [
              27.98224381805211,
              45.395678514720096
            ],
            [
              27.980535699915027,
              45.39481924693514
            ],
            [
              27.98025589247367,
              45.3949265639751
            ],
            [
              27.979014660382543,
              45.39410134938406
            ],
            [
              27.978821847038404,
              45.394235943183425
            ],
            [
              27.979601270970043,
              45.394721997576625
            ],
            [
              27.980163412209176,
              45.39510538665732
            ],
            [
              27.98035899259321,
              45.395225392678505
            ],
            [
              27.980324216145846,
              45.395262944646745
            ],
            [
              27.98368890014794,
              45.39735771473379
            ],
            [
              27.982495756926355,
              45.39701026512401
            ],
            [
              27.9816272300035,
              45.396936009601106
            ],
            [
              27.9811999976801,
              45.39694517730305
            ],
            [
              27.977501667277362,
              45.39767265062561
            ],
            [
              27.97746941484953,
              45.397642427648165
            ],
            [
              27.973158181566387,
              45.39943878845989
            ],
            [
              27.97278273630302,
              45.399493382359694
            ],
            [
              27.97168000997219,
              45.39990520915632
            ],
            [
              27.967151669234145,
              45.401267110080255
            ],
            [
              27.962545702834017,
              45.40252429420235
            ],
            [
              27.960030303137053,
              45.40305884271319
            ],
            [
              27.959475990924773,
              45.40322543351115
            ],
            [
              27.955532926243745,
              45.40413799525857
            ],
            [
              27.953224083280038,
              45.40457083774835
            ],
            [
              27.953643494254933,
              45.40554072929182
            ],
            [
              27.95370890685449,
              45.40572423043519
            ],
            [
              27.954739781685856,
              45.405521148134305
            ],
            [
              27.95645555169964,
              45.40520792763955
            ],
            [
              27.956823078454185,
              45.40515548411945
            ],
            [
              27.95733563886522,
              45.40525707230495
            ],
            [
              27.957648313241126,
              45.405287043110185
            ],
            [
              27.957852180303007,
              45.40527339716598
            ],
            [
              27.958667282081397,
              45.40509912252367
            ],
            [
              27.959129519010336,
              45.40499894588699
            ],
            [
              27.959177356545002,
              45.40502449734521
            ],
            [
              27.959407083191817,
              45.404972062455414
            ],
            [
              27.960129114596757,
              45.40495741583146
            ],
            [
              27.96030239939126,
              45.40495706812316
            ],
            [
              27.960706004318286,
              45.40488342441653
            ],
            [
              27.96741231619942,
              45.40358111739158
            ],
            [
              27.967416762196034,
              45.403665563295604
            ],
            [
              27.967519758374063,
              45.403711108436944
            ],
            [
              27.970462120032547,
              45.40323184791845
            ],
            [
              27.97322613610995,
              45.40200517563509
            ],
            [
              27.973038725947287,
              45.401504715112075
            ],
            [
              27.981541204510442,
              45.39933571613681
            ],
            [
              27.984506527806733,
              45.40020345519408
            ],
            [
              27.98625912827451,
              45.40156288802503
            ],
            [
              27.99183681132624,
              45.405888682871215
            ],
            [
              27.99190536811489,
              45.40593500775825
            ]
          ]
        ]
      }
    },
    {
      "type": "Feature",
      "properties": {
        "utr": "19",
        "zf": "ZF11.2",
        "det": null,
        "obs": null
      },
      "geometry": {
        "type": "Polygon",
        "coordinates": [
          [
            [
              28.01473883022601,
              45.46006184901969
            ],
            [
              28.016381854510325,
              45.45908045665578
            ],
            [
              28.01476259533014,
              45.458143252386236
            ],
            [
              28.01308221090033,
              45.45564141569993
            ],
            [
              28.012538481284654,
              45.455338329483844
            ],
            [
              28.011414387352712,
              45.455662581248944
            ],
            [
              28.008151016496193,
              45.451074088016874
            ],
            [
              28.008263426178054,
              45.4490539014603
            ],
            [
              28.006550985622308,
              45.44944140731378
            ],
            [
              28.005650544943894,
              45.447762175395994
            ],
            [
              28.003736134599244,
              45.44758149188159
            ],
            [
              28.003730216726893,
              45.447950599134124
            ],
            [
              28.003977884073056,
              45.44815813659771
            ],
            [
              28.00321803528515,
              45.448344583569266
            ],
            [
              28.002679764911417,
              45.447395334325094
            ],
            [
              28.002961495295242,
              45.44712111775561
            ],
            [
              28.00030748628916,
              45.44555793296403
            ],
            [
              27.99932813655934,
              45.44528211346211
            ],
            [
              27.99785271881409,
              45.44545762916913
            ],
            [
              27.997152334694242,
              45.445763634419144
            ],
            [
              27.997363063417385,
              45.44580976334356
            ],
            [
              28.000201341736854,
              45.44643102226205
            ],
            [
              28.00175058604655,
              45.448291180270935
            ],
            [
              28.00258389996151,
              45.45339542940799
            ],
            [
              28.005754844665464,
              45.45532708572992
            ],
            [
              28.006339516275016,
              45.455679453127594
            ],
            [
              28.00873395424444,
              45.45804473009684
            ],
            [
              28.009916433730222,
              45.45921271510254
            ],
            [
              28.01071521867945,
              45.45978185450454
            ],
            [
              28.01221895065373,
              45.46026902261934
            ],
            [
              28.01325783565041,
              45.46032582299638
            ],
            [
              28.01473883022601,
              45.46006184901969
            ]
          ]
        ]
      }
    },
    {
      "type": "Feature",
      "properties": {
        "utr": "?",
        "zf": null,
        "det": null,
        "obs": null
      },
      "geometry": {
        "type": "Polygon",
        "coordinates": [
          [
            [
              28.029955735664153,
              45.46074752433356
            ],
            [
              28.02563328119131,
              45.45951310444854
            ],
            [
              28.017453873958125,
              45.457166545714095
            ],
            [
              28.01666879944015,
              45.45670768830592
            ],
            [
              28.014432187438306,
              45.4546161319889
            ],
            [
              28.014060249294,
              45.45291460611179
            ],
            [
              28.01665420379354,
              45.45154571235882
            ],
            [
              28.01657512036154,
              45.4505202453841
            ],
            [
              28.01124982479928,
              45.44683992171123
            ],
            [
              28.00902564499999,
              45.44680937917938
            ],
            [
              28.00925996299773,
              45.447245642202205
            ],
            [
              28.01386046688158,
              45.455709000414984
            ],
            [
              28.015439243587064,
              45.45698659796825
            ],
            [
              28.018820510575992,
              45.4583031024895
            ],
            [
              28.028488949589853,
              45.46097392428028
            ],
            [
              28.028297145328157,
              45.46163281638687
            ],
            [
              28.029955735664153,
              45.46074752433356
            ]
          ]
        ]
      }
    },
    {
      "type": "Feature",
      "properties": {
        "utr": "17",
        "zf": "ZF11.1",
        "det": null,
        "obs": null
      },
      "geometry": {
        "type": "Polygon",
        "coordinates": [
          [
            [
              28.02563328119131,
              45.45951310444854
            ],
            [
              28.028350636476016,
              45.45529321806286
            ],
            [
              28.02905886827341,
              45.45296886595612
            ],
            [
              28.030210593577618,
              45.45305688301445
            ],
            [
              28.030270813115223,
              45.44977517187959
            ],
            [
              28.0295741440751,
              45.44815288159834
            ],
            [
              28.025649494281815,
              45.44798891420979
            ],
            [
              28.024712008587365,
              45.447951686708876
            ],
            [
              28.025358121072955,
              45.44893297924589
            ],
            [
              28.02458924126912,
              45.44969718295484
            ],
            [
              28.017505313930222,
              45.450672568217115
            ],
            [
              28.01657512036154,
              45.4505202453841
            ],
            [
              28.01665420379354,
              45.45154571235882
            ],
            [
              28.014060249294,
              45.45291460611179
            ],
            [
              28.014432187438306,
              45.4546161319889
            ],
            [
              28.01666879944015,
              45.45670768830592
            ],
            [
              28.017453873958125,
              45.457166545714095
            ],
            [
              28.02563328119131,
              45.45951310444854
            ]
          ]
        ]
      }
    },
    {
      "type": "Feature",
      "properties": {
        "utr": "3",
        "zf": "ZF11.2",
        "det": null,
        "obs": null
      },
      "geometry": {
        "type": "Polygon",
        "coordinates": [
          [
            [
              28.01124982479928,
              45.44683992171123
            ],
            [
              28.014332285566145,
              45.44715229094349
            ],
            [
              28.021651457975643,
              45.445154063476735
            ],
            [
              28.021626319328174,
              45.445121797699805
            ],
            [
              28.020337505602622,
              45.44279173927366
            ],
            [
              28.018279475413955,
              45.44332714885589
            ],
            [
              28.01723053747133,
              45.44242762062513
            ],
            [
              28.02043851123831,
              45.441357086560295
            ],
            [
              28.019956984605766,
              45.44078099412445
            ],
            [
              28.01595259986277,
              45.44091285007423
            ],
            [
              28.015799539346958,
              45.44050800852032
            ],
            [
              28.01524822794825,
              45.44060060795917
            ],
            [
              28.01507528200244,
              45.44112189970628
            ],
            [
              28.010911659673866,
              45.442222788550815
            ],
            [
              28.01064189290543,
              45.44154219906374
            ],
            [
              28.006694183627236,
              45.44288238199871
            ],
            [
              28.007005827013863,
              45.443216614259704
            ],
            [
              28.00742866789793,
              45.44311577483065
            ],
            [
              28.007504977051404,
              45.44326948681514
            ],
            [
              28.00733327218128,
              45.44332719710817
            ],
            [
              28.00785366375044,
              45.44429767722657
            ],
            [
              28.007579020092958,
              45.44438875889319
            ],
            [
              28.00902564499999,
              45.44680937917938
            ],
            [
              28.01124982479928,
              45.44683992171123
            ]
          ]
        ]
      }
    },
    {
      "type": "Feature",
      "properties": {
        "utr": "18",
        "zf": "ZF11.1",
        "det": null,
        "obs": null
      },
      "geometry": {
        "type": "Polygon",
        "coordinates": [
          [
            [
              28.021651457975643,
              45.445154063476735
            ],
            [
              28.014332285566145,
              45.44715229094349
            ],
            [
              28.01124982479928,
              45.44683992171123
            ],
            [
              28.01657512036154,
              45.4505202453841
            ],
            [
              28.017505313930222,
              45.450672568217115
            ],
            [
              28.02458924126912,
              45.44969718295484
            ],
            [
              28.025358121072955,
              45.44893297924589
            ],
            [
              28.024712008587365,
              45.447951686708876
            ],
            [
              28.024262372836755,
              45.44701940550965
            ],
            [
              28.023434771528223,
              45.447166336426264
            ],
            [
              28.023021315776052,
              45.44691222792164
            ],
            [
              28.021651457975643,
              45.445154063476735
            ]
          ]
        ]
      }
    },
    {
      "type": "Feature",
      "properties": {
        "utr": "21",
        "zf": "ZF08.5",
        "det": null,
        "obs": null
      },
      "geometry": {
        "type": "Polygon",
        "coordinates": [
          [
            [
              28.01064189290543,
              45.44154219906374
            ],
            [
              28.00985745289103,
              45.43885658548548
            ],
            [
              28.00864021516466,
              45.43468870095061
            ],
            [
              28.007025274783654,
              45.4347195115203
            ],
            [
              28.002579209325145,
              45.43480421689882
            ],
            [
              28.006694183627236,
              45.44288238199871
            ],
            [
              28.01064189290543,
              45.44154219906374
            ]
          ]
        ]
      }
    },
    {
      "type": "Feature",
      "properties": {
        "utr": "16",
        "zf": "ZF11.1",
        "det": null,
        "obs": null
      },
      "geometry": {
        "type": "Polygon",
        "coordinates": [
          [
            [
              28.0295741440751,
              45.44815288159834
            ],
            [
              28.029675003750775,
              45.44697829697674
            ],
            [
              28.029862032455124,
              45.44666703047491
            ],
            [
              28.029887214283217,
              45.44633908135729
            ],
            [
              28.029495965227362,
              45.444468613407444
            ],
            [
              28.0295552893781,
              45.44184954507904
            ],
            [
              28.029208896883812,
              45.44185918887365
            ],
            [
              28.02918158410219,
              45.4416210687423
            ],
            [
              28.027232148060563,
              45.441552219127736
            ],
            [
              28.025437347825882,
              45.442040068917386
            ],
            [
              28.025104781484224,
              45.44138929309292
            ],
            [
              28.023900383456123,
              45.44173082817517
            ],
            [
              28.02404252053203,
              45.44207668288901
            ],
            [
              28.02327126371549,
              45.4422841654888
            ],
            [
              28.024333064151328,
              45.44418547550115
            ],
            [
              28.023973878574335,
              45.44434340636534
            ],
            [
              28.02568868069028,
              45.447290156634566
            ],
            [
              28.025649494281815,
              45.44798891420979
            ],
            [
              28.0295741440751,
              45.44815288159834
            ]
          ]
        ]
      }
    },
    {
      "type": "Feature",
      "properties": {
        "utr": "8",
        "zf": "ZF08.6",
        "det": null,
        "obs": null
      },
      "geometry": {
        "type": "Polygon",
        "coordinates": [
          [
            [
              28.035259733068795,
              45.4613210543333
            ],
            [
              28.035820489563275,
              45.45838756805311
            ],
            [
              28.037250014613058,
              45.45840126593024
            ],
            [
              28.03756770440016,
              45.457513451839766
            ],
            [
              28.03584248199333,
              45.457345669201494
            ],
            [
              28.036810951252313,
              45.447811830377205
            ],
            [
              28.037267944669924,
              45.445216506220355
            ],
            [
              28.037884541253693,
              45.444077599036305
            ],
            [
              28.03874459902889,
              45.442477672594016
            ],
            [
              28.03835149241797,
              45.44182484052189
            ],
            [
              28.035865118579284,
              45.44120758338676
            ],
            [
              28.034409906322757,
              45.440846286554574
            ],
            [
              28.030542331621074,
              45.440669344423526
            ],
            [
              28.029552767519192,
              45.440624050363716
            ],
            [
              28.0295552893781,
              45.44184954507904
            ],
            [
              28.029495965227362,
              45.444468613407444
            ],
            [
              28.029887214283217,
              45.44633908135729
            ],
            [
              28.029862032455124,
              45.44666703047491
            ],
            [
              28.029675003750775,
              45.44697829697674
            ],
            [
              28.0295741440751,
              45.44815288159834
            ],
            [
              28.030270813115223,
              45.44977517187959
            ],
            [
              28.030210593577618,
              45.45305688301445
            ],
            [
              28.02905886827341,
              45.45296886595612
            ],
            [
              28.028350636476016,
              45.45529321806286
            ],
            [
              28.02563328119131,
              45.45951310444854
            ],
            [
              28.029955735664153,
              45.46074752433356
            ],
            [
              28.031942694853544,
              45.46132503249342
            ],
            [
              28.03396413789467,
              45.461411702138825
            ],
            [
              28.03389238568998,
              45.4611058083123
            ],
            [
              28.035259733068795,
              45.4613210543333
            ]
          ]
        ]
      }
    },
    {
      "type": "Feature",
      "properties": {
        "utr": "13",
        "zf": "ZF11.2",
        "det": null,
        "obs": null
      },
      "geometry": {
        "type": "Polygon",
        "coordinates": [
          [
            [
              28.0361206308881,
              45.46220052238303
            ],
            [
              28.036972150987282,
              45.46059274196004
            ],
            [
              28.038335741591084,
              45.45801790619414
            ],
            [
              28.039516506361547,
              45.45578944899867
            ],
            [
              28.038608315720456,
              45.45554224696053
            ],
            [
              28.039141822052233,
              45.454517998802395
            ],
            [
              28.040015523471258,
              45.45474076604629
            ],
            [
              28.041047979639007,
              45.452857662185906
            ],
            [
              28.04012897456503,
              45.45263541510672
            ],
            [
              28.041253091681945,
              45.45057845286895
            ],
            [
              28.04203992069623,
              45.45079750478166
            ],
            [
              28.042142418922825,
              45.450630613194136
            ],
            [
              28.041712532864235,
              45.450285457794756
            ],
            [
              28.04173846948854,
              45.44905061417794
            ],
            [
              28.042901643255256,
              45.448217422536366
            ],
            [
              28.042450612800177,
              45.44785022986297
            ],
            [
              28.044712023232876,
              45.443758029707205
            ],
            [
              28.0416161845776,
              45.442990367601155
            ],
            [
              28.041637730203842,
              45.44291879002634
            ],
            [
              28.0406168165504,
              45.44265723809105
            ],
            [
              28.03993023922165,
              45.44404873663596
            ],
            [
              28.039496149684343,
              45.44463984141962
            ],
            [
              28.037884541253693,
              45.444077599036305
            ],
            [
              28.037267944669924,
              45.445216506220355
            ],
            [
              28.036810951252313,
              45.447811830377205
            ],
            [
              28.03584248199333,
              45.457345669201494
            ],
            [
              28.03756770440016,
              45.457513451839766
            ],
            [
              28.037250014613058,
              45.45840126593024
            ],
            [
              28.035820489563275,
              45.45838756805311
            ],
            [
              28.035259733068795,
              45.4613210543333
            ],
            [
              28.035563527129597,
              45.46136887472689
            ],
            [
              28.03528915296805,
              45.46195794252676
            ],
            [
              28.0361206308881,
              45.46220052238303
            ]
          ]
        ]
      }
    },
    {
      "type": "Feature",
      "properties": {
        "utr": "11",
        "zf": "ZF12.1",
        "det": null,
        "obs": null
      },
      "geometry": {
        "type": "Polygon",
        "coordinates": [
          [
            [
              28.056790863269676,
              45.45658358704463
            ],
            [
              28.056501757787245,
              45.45636579989406
            ],
            [
              28.056961633707477,
              45.4558490507846
            ],
            [
              28.05671886323611,
              45.45571282774294
            ],
            [
              28.054400765678803,
              45.45625056154242
            ],
            [
              28.052131927308814,
              45.45743780907656
            ],
            [
              28.051319462165697,
              45.45813435127363
            ],
            [
              28.050586836763596,
              45.45929406570322
            ],
            [
              28.049816913632142,
              45.46164655975711
            ],
            [
              28.04848185477582,
              45.4633119050254
            ],
            [
              28.048772007192785,
              45.463492396872894
            ],
            [
              28.048964847159017,
              45.46441522069553
            ],
            [
              28.046146610654397,
              45.46716897557313
            ],
            [
              28.046838633679485,
              45.467488382453205
            ],
            [
              28.047244161959995,
              45.467471041357506
            ],
            [
              28.05606125288941,
              45.457240063730865
            ],
            [
              28.056790863269676,
              45.45658358704463
            ]
          ]
        ]
      }
    },
    {
      "type": "Feature",
      "properties": {
        "utr": "10",
        "zf": "ZF11.2",
        "det": null,
        "obs": null
      },
      "geometry": {
        "type": "Polygon",
        "coordinates": [
          [
            [
              28.052131927308814,
              45.45743780907656
            ],
            [
              28.051628556875315,
              45.45713234637661
            ],
            [
              28.051298912435076,
              45.45689902709535
            ],
            [
              28.05117046298131,
              45.45691406825314
            ],
            [
              28.05067552634038,
              45.456871423801346
            ],
            [
              28.05041784014877,
              45.456927145586995
            ],
            [
              28.050152972971297,
              45.45687041088734
            ],
            [
              28.04996755090523,
              45.45756435931029
            ],
            [
              28.049593291152075,
              45.45752418651861
            ],
            [
              28.04954292867728,
              45.45769141567254
            ],
            [
              28.048503551256875,
              45.457691718239296
            ],
            [
              28.04850754975825,
              45.45785348537683
            ],
            [
              28.047958698715124,
              45.45784720931648
            ],
            [
              28.047925902778722,
              45.458787368678756
            ],
            [
              28.04690739044138,
              45.45855281040923
            ],
            [
              28.045726099107753,
              45.45828075099425
            ],
            [
              28.0428422263994,
              45.45762739157824
            ],
            [
              28.041065804120382,
              45.45720730715141
            ],
            [
              28.04028577415711,
              45.45861839230259
            ],
            [
              28.042121953411232,
              45.458985701382645
            ],
            [
              28.041620125442094,
              45.45999097855466
            ],
            [
              28.041018899771196,
              45.46014589611107
            ],
            [
              28.040013424242677,
              45.4615331803871
            ],
            [
              28.03885115047819,
              45.46126913140087
            ],
            [
              28.038790471318844,
              45.461402085828986
            ],
            [
              28.03834142224844,
              45.46238597965884
            ],
            [
              28.039186579362802,
              45.46263902741684
            ],
            [
              28.038953509221436,
              45.46302693979842
            ],
            [
              28.04196559217535,
              45.46390553062004
            ],
            [
              28.041718533943342,
              45.464438158853845
            ],
            [
              28.042321605848286,
              45.464590272214906
            ],
            [
              28.042218607240216,
              45.464941076219084
            ],
            [
              28.043151023224233,
              45.46512270305279
            ],
            [
              28.044178265808824,
              45.46559226343321
            ],
            [
              28.04516102410241,
              45.46670793571618
            ],
            [
              28.045181859453223,
              45.46672367634773
            ],
            [
              28.046146610654397,
              45.46716897557313
            ],
            [
              28.048964847159017,
              45.46441522069553
            ],
            [
              28.048772007192785,
              45.463492396872894
            ],
            [
              28.04848185477582,
              45.4633119050254
            ],
            [
              28.049816913632142,
              45.46164655975711
            ],
            [
              28.050586836763596,
              45.45929406570322
            ],
            [
              28.051319462165697,
              45.45813435127363
            ],
            [
              28.052131927308814,
              45.45743780907656
            ]
          ]
        ]
      }
    },
    {
      "type": "Feature",
      "properties": {
        "utr": "TDS",
        "zf": "ZF15",
        "det": null,
        "obs": null
      },
      "geometry": {
        "type": "Polygon",
        "coordinates": [
          [
            [
              28.024720672758015,
              45.406151544868486
            ],
            [
              28.024138120564487,
              45.40634164461748
            ],
            [
              28.024056547035347,
              45.406452769482165
            ],
            [
              28.02396200821715,
              45.40651986493377
            ],
            [
              28.02313000008926,
              45.4065511723398
            ],
            [
              28.022046194003686,
              45.40658499832512
            ],
            [
              28.021862467847892,
              45.40665149312756
            ],
            [
              28.02165598712213,
              45.406925860710196
            ],
            [
              28.021321026582296,
              45.4070873586177
            ],
            [
              28.02161142866482,
              45.40778467406734
            ],
            [
              28.022074714848284,
              45.40823860662478
            ],
            [
              28.022196074164,
              45.40844145336894
            ],
            [
              28.022205440367554,
              45.408612736560904
            ],
            [
              28.02145310012082,
              45.409865925531015
            ],
            [
              28.021223398940396,
              45.4097824851258
            ],
            [
              28.020044440555374,
              45.41169130739247
            ],
            [
              28.01996241547172,
              45.41195512054652
            ],
            [
              28.02004859754657,
              45.41211307088013
            ],
            [
              28.019865029727168,
              45.412467196829446
            ],
            [
              28.020720959501332,
              45.41278825815443
            ],
            [
              28.020786024724828,
              45.413065980130355
            ],
            [
              28.022582302128495,
              45.41363785988229
            ],
            [
              28.023403292425744,
              45.41317287985599
            ],
            [
              28.02375072409583,
              45.41344495873377
            ],
            [
              28.023980112027125,
              45.413311262742816
            ],
            [
              28.02407869113721,
              45.413406738618264
            ],
            [
              28.024771296724374,
              45.4130574524929
            ],
            [
              28.024431861306276,
              45.412679117165624
            ],
            [
              28.025316128085358,
              45.412192241038284
            ],
            [
              28.024049500900258,
              45.41106144288366
            ],
            [
              28.024708302058194,
              45.410296088628805
            ],
            [
              28.025989561239495,
              45.410788201289904
            ],
            [
              28.02703404469566,
              45.41034522278157
            ],
            [
              28.027206137361365,
              45.410479058972435
            ],
            [
              28.027958694044248,
              45.410346299228415
            ],
            [
              28.024720672758015,
              45.406151544868486
            ]
          ]
        ]
      }
    },
    {
      "type": "Feature",
      "properties": {
        "utr": "36",
        "zf": "ZF11.1",
        "det": null,
        "obs": null
      },
      "geometry": {
        "type": "Polygon",
        "coordinates": [
          [
            [
              28.021321026582296,
              45.4070873586177
            ],
            [
              28.021026092218055,
              45.40717594845889
            ],
            [
              28.02074195441722,
              45.40771409443164
            ],
            [
              28.020219877710087,
              45.40808303116219
            ],
            [
              28.02005642948223,
              45.408473673267885
            ],
            [
              28.019722717524377,
              45.40829609080171
            ],
            [
              28.019816479507202,
              45.40820634476011
            ],
            [
              28.018812995337093,
              45.40770713531608
            ],
            [
              28.01800928456118,
              45.40752632708264
            ],
            [
              28.016829793796624,
              45.40743608556957
            ],
            [
              28.016143480929703,
              45.4074413229521
            ],
            [
              28.015876360143324,
              45.407509292997844
            ],
            [
              28.0157605567104,
              45.407671173721845
            ],
            [
              28.015581912396424,
              45.40766115718678
            ],
            [
              28.015516734933396,
              45.40813026804008
            ],
            [
              28.015369602753694,
              45.408128895165675
            ],
            [
              28.015315979289348,
              45.4074463337427
            ],
            [
              28.01414115874918,
              45.407373747340806
            ],
            [
              28.013602395705636,
              45.40748830690952
            ],
            [
              28.01380497230483,
              45.40784233575584
            ],
            [
              28.013179725495345,
              45.407826121830276
            ],
            [
              28.01315015897266,
              45.40797970360826
            ],
            [
              28.012010984943913,
              45.40788705142704
            ],
            [
              28.011707074938695,
              45.40840060337749
            ],
            [
              28.01062773551937,
              45.40837036961035
            ],
            [
              28.009739323177246,
              45.40858392049283
            ],
            [
              28.008629219103344,
              45.4093526148508
            ],
            [
              28.006999790653555,
              45.409295539231934
            ],
            [
              28.006545381714638,
              45.409460914983576
            ],
            [
              28.00497568609693,
              45.41099049306511
            ],
            [
              28.006555343832677,
              45.41181327931551
            ],
            [
              28.0073273435771,
              45.41216876803069
            ],
            [
              28.011043441545397,
              45.41410173830596
            ],
            [
              28.010432553940255,
              45.41470561516621
            ],
            [
              28.01063961081425,
              45.414816407726036
            ],
            [
              28.01076703391645,
              45.414693426424066
            ],
            [
              28.013899295507688,
              45.41617669221902
            ],
            [
              28.01360407207749,
              45.416525074288856
            ],
            [
              28.01393173958597,
              45.416689859428175
            ],
            [
              28.01404563735025,
              45.41659826177713
            ],
            [
              28.01762158112721,
              45.41850466755763
            ],
            [
              28.01934564243649,
              45.41684780410716
            ],
            [
              28.0219916186662,
              45.41816861548874
            ],
            [
              28.02272712555319,
              45.417443828165815
            ],
            [
              28.0222040876129,
              45.41713794279602
            ],
            [
              28.022512181519257,
              45.4167791229984
            ],
            [
              28.019960341342756,
              45.415435569563165
            ],
            [
              28.019538268276754,
              45.41582853987856
            ],
            [
              28.018848809177683,
              45.4154867514314
            ],
            [
              28.020482595487508,
              45.4140337107532
            ],
            [
              28.021969948002017,
              45.414660899244026
            ],
            [
              28.023963748401084,
              45.41360744200674
            ],
            [
              28.02375072409583,
              45.41344495873377
            ],
            [
              28.023403292425744,
              45.41317287985599
            ],
            [
              28.022582302128495,
              45.41363785988229
            ],
            [
              28.020786024724828,
              45.413065980130355
            ],
            [
              28.020720959501332,
              45.41278825815443
            ],
            [
              28.019865029727168,
              45.412467196829446
            ],
            [
              28.02004859754657,
              45.41211307088013
            ],
            [
              28.01996241547172,
              45.41195512054652
            ],
            [
              28.020044440555374,
              45.41169130739247
            ],
            [
              28.021223398940396,
              45.4097824851258
            ],
            [
              28.02145310012082,
              45.409865925531015
            ],
            [
              28.022205440367554,
              45.408612736560904
            ],
            [
              28.022196074164,
              45.40844145336894
            ],
            [
              28.022074714848284,
              45.40823860662478
            ],
            [
              28.02161142866482,
              45.40778467406734
            ],
            [
              28.021321026582296,
              45.4070873586177
            ]
          ]
        ]
      }
    },
    {
      "type": "Feature",
      "properties": {
        "utr": "?",
        "zf": null,
        "det": null,
        "obs": null
      },
      "geometry": {
        "type": "Polygon",
        "coordinates": [
          [
            [
              28.00268813947704,
              45.41058231491826
            ],
            [
              28.003967644532008,
              45.412233459038426
            ],
            [
              28.005114603884323,
              45.412860169297126
            ],
            [
              28.005967676787073,
              45.413326280275385
            ],
            [
              28.0073273435771,
              45.41216876803069
            ],
            [
              28.006555343832677,
              45.41181327931551
            ],
            [
              28.006299168723828,
              45.4120574414715
            ],
            [
              28.0052278971841,
              45.411533068461665
            ],
            [
              28.00459317679805,
              45.41084049850262
            ],
            [
              28.003337586734126,
              45.4098991776399
            ],
            [
              28.00268813947704,
              45.41058231491826
            ]
          ]
        ]
      }
    },
    {
      "type": "Feature",
      "properties": {
        "utr": "?",
        "zf": null,
        "det": null,
        "obs": null
      },
      "geometry": {
        "type": "Polygon",
        "coordinates": [
          [
            [
              28.007025274783654,
              45.4347195115203
            ],
            [
              28.006948287687788,
              45.433235729179394
            ],
            [
              28.006934212185993,
              45.43296443964487
            ],
            [
              28.006116207540725,
              45.431050159549336
            ],
            [
              28.005302303773856,
              45.426107810258266
            ],
            [
              28.007319310519115,
              45.42614650004681
            ],
            [
              28.007634058355475,
              45.42418000383566
            ],
            [
              28.007541310305655,
              45.41668405315076
            ],
            [
              28.007535947611274,
              45.41625051324361
            ],
            [
              28.005146911387815,
              45.41602299309821
            ],
            [
              28.005091879415072,
              45.41391170565758
            ],
            [
              28.001714428323506,
              45.41393620205345
            ],
            [
              28.001170518933677,
              45.42591368974391
            ],
            [
              28.00025354993811,
              45.429432089920965
            ],
            [
              28.000760056501516,
              45.43141539892753
            ],
            [
              28.002579209325145,
              45.43480421689882
            ],
            [
              28.007025274783654,
              45.4347195115203
            ]
          ]
        ]
      }
    },
    {
      "type": "Feature",
      "properties": {
        "utr": "G",
        "zf": "ZF13",
        "det": null,
        "obs": null
      },
      "geometry": {
        "type": "Polygon",
        "coordinates": [
          [
            [
              28.006948287687788,
              45.433235729179394
            ],
            [
              28.008980543367773,
              45.43283233097574
            ],
            [
              28.008842318383632,
              45.4325398549047
            ],
            [
              28.012407791702074,
              45.431865594206286
            ],
            [
              28.011456136026652,
              45.42766156325641
            ],
            [
              28.01203333976727,
              45.427521953772796
            ],
            [
              28.011833302562263,
              45.42716842350094
            ],
            [
              28.011387639975922,
              45.42638077626944
            ],
            [
              28.007319310519115,
              45.42614650004681
            ],
            [
              28.005302303773856,
              45.426107810258266
            ],
            [
              28.006116207540725,
              45.431050159549336
            ],
            [
              28.006934212185993,
              45.43296443964487
            ],
            [
              28.006948287687788,
              45.433235729179394
            ]
          ]
        ]
      }
    },
    {
      "type": "Feature",
      "properties": {
        "utr": "22",
        "zf": "ZF11.1",
        "det": null,
        "obs": null
      },
      "geometry": {
        "type": "Polygon",
        "coordinates": [
          [
            [
              28.00985745289103,
              45.43885658548548
            ],
            [
              28.01034132416779,
              45.438876399647896
            ],
            [
              28.012782160975593,
              45.43999245549047
            ],
            [
              28.014109681090535,
              45.43903212602813
            ],
            [
              28.01405162549708,
              45.43840688366875
            ],
            [
              28.01632527217613,
              45.43803089649248
            ],
            [
              28.01656665356865,
              45.43847078191428
            ],
            [
              28.021409559696114,
              45.437426205435756
            ],
            [
              28.022163111920896,
              45.43607459110209
            ],
            [
              28.023747610024525,
              45.43570456834272
            ],
            [
              28.0235528920382,
              45.43512365537694
            ],
            [
              28.024028574192013,
              45.434629907891086
            ],
            [
              28.023893931681105,
              45.43371015951594
            ],
            [
              28.022803944406714,
              45.433825251202364
            ],
            [
              28.02270761807263,
              45.433133887485276
            ],
            [
              28.02290487736914,
              45.433077447939226
            ],
            [
              28.02240074688651,
              45.432010847779026
            ],
            [
              28.022248910721583,
              45.43203516326199
            ],
            [
              28.022181534883128,
              45.43192444603788
            ],
            [
              28.02144144488461,
              45.432097231266766
            ],
            [
              28.02092302470405,
              45.431240206278865
            ],
            [
              28.019397627606228,
              45.43018024345314
            ],
            [
              28.018620779275142,
              45.4286430327451
            ],
            [
              28.016610769857255,
              45.42914810612774
            ],
            [
              28.01604164281388,
              45.42852897975895
            ],
            [
              28.013926366123858,
              45.429078268203604
            ],
            [
              28.012674048564396,
              45.42704499004942
            ],
            [
              28.011833302562263,
              45.42716842350094
            ],
            [
              28.01203333976727,
              45.427521953772796
            ],
            [
              28.011456136026652,
              45.42766156325641
            ],
            [
              28.012407791702074,
              45.431865594206286
            ],
            [
              28.008842318383632,
              45.4325398549047
            ],
            [
              28.008980543367773,
              45.43283233097574
            ],
            [
              28.006948287687788,
              45.433235729179394
            ],
            [
              28.007025274783654,
              45.4347195115203
            ],
            [
              28.00864021516466,
              45.43468870095061
            ],
            [
              28.00985745289103,
              45.43885658548548
            ]
          ]
        ]
      }
    },
    {
      "type": "Feature",
      "properties": {
        "utr": "23",
        "zf": "ZF08.6",
        "det": null,
        "obs": null
      },
      "geometry": {
        "type": "Polygon",
        "coordinates": [
          [
            [
              28.030542331621074,
              45.440669344423526
            ],
            [
              28.03074696784326,
              45.4397885480173
            ],
            [
              28.029780962915417,
              45.44009238842777
            ],
            [
              28.029602114843875,
              45.439535093109605
            ],
            [
              28.02936809200774,
              45.439199094754464
            ],
            [
              28.02892902365501,
              45.43924310118947
            ],
            [
              28.028802595148033,
              45.43871553139936
            ],
            [
              28.028303873670023,
              45.43862143452814
            ],
            [
              28.02791459821639,
              45.43915546121788
            ],
            [
              28.025387701793015,
              45.43986303792036
            ],
            [
              28.025107851857094,
              45.43929446305088
            ],
            [
              28.02397383289024,
              45.439568838818936
            ],
            [
              28.022825769985307,
              45.43954973858817
            ],
            [
              28.023891895255844,
              45.43817553044902
            ],
            [
              28.024436095310087,
              45.43803675693598
            ],
            [
              28.024105332219293,
              45.437399965809234
            ],
            [
              28.024832465211833,
              45.43727502177522
            ],
            [
              28.02479576936245,
              45.436740109557284
            ],
            [
              28.025174050399347,
              45.43671492810655
            ],
            [
              28.025200373612908,
              45.43619965144218
            ],
            [
              28.026553566206058,
              45.43518421372389
            ],
            [
              28.02700563053425,
              45.4351418423567
            ],
            [
              28.029662684578433,
              45.43484225624585
            ],
            [
              28.029384668021365,
              45.433788421156144
            ],
            [
              28.02951164568051,
              45.433785151407065
            ],
            [
              28.029706577331517,
              45.43262542495892
            ],
            [
              28.026839312155282,
              45.432733300181305
            ],
            [
              28.026606269865827,
              45.432900903197016
            ],
            [
              28.025258377647763,
              45.43281077010495
            ],
            [
              28.024807059398395,
              45.43064903561065
            ],
            [
              28.02092302470405,
              45.431240206278865
            ],
            [
              28.02144144488461,
              45.432097231266766
            ],
            [
              28.022181534883128,
              45.43192444603788
            ],
            [
              28.022248910721583,
              45.43203516326199
            ],
            [
              28.02240074688651,
              45.432010847779026
            ],
            [
              28.02290487736914,
              45.433077447939226
            ],
            [
              28.02270761807263,
              45.433133887485276
            ],
            [
              28.022803944406714,
              45.433825251202364
            ],
            [
              28.023893931681105,
              45.43371015951594
            ],
            [
              28.024028574192013,
              45.434629907891086
            ],
            [
              28.0235528920382,
              45.43512365537694
            ],
            [
              28.023747610024525,
              45.43570456834272
            ],
            [
              28.022163111920896,
              45.43607459110209
            ],
            [
              28.021409559696114,
              45.437426205435756
            ],
            [
              28.01656665356865,
              45.43847078191428
            ],
            [
              28.01632527217613,
              45.43803089649248
            ],
            [
              28.01405162549708,
              45.43840688366875
            ],
            [
              28.014109681090535,
              45.43903212602813
            ],
            [
              28.012782160975593,
              45.43999245549047
            ],
            [
              28.01034132416779,
              45.438876399647896
            ],
            [
              28.00985745289103,
              45.43885658548548
            ],
            [
              28.01064189290543,
              45.44154219906374
            ],
            [
              28.010911659673866,
              45.442222788550815
            ],
            [
              28.01507528200244,
              45.44112189970628
            ],
            [
              28.01524822794825,
              45.44060060795917
            ],
            [
              28.015799539346958,
              45.44050800852032
            ],
            [
              28.01595259986277,
              45.44091285007423
            ],
            [
              28.019956984605766,
              45.44078099412445
            ],
            [
              28.02043851123831,
              45.441357086560295
            ],
            [
              28.01723053747133,
              45.44242762062513
            ],
            [
              28.018279475413955,
              45.44332714885589
            ],
            [
              28.020337505602622,
              45.44279173927366
            ],
            [
              28.021626319328174,
              45.445121797699805
            ],
            [
              28.021651457975643,
              45.445154063476735
            ],
            [
              28.023021315776052,
              45.44691222792164
            ],
            [
              28.023434771528223,
              45.447166336426264
            ],
            [
              28.024262372836755,
              45.44701940550965
            ],
            [
              28.024712008587365,
              45.447951686708876
            ],
            [
              28.025649494281815,
              45.44798891420979
            ],
            [
              28.02568868069028,
              45.447290156634566
            ],
            [
              28.023973878574335,
              45.44434340636534
            ],
            [
              28.024333064151328,
              45.44418547550115
            ],
            [
              28.02327126371549,
              45.4422841654888
            ],
            [
              28.02404252053203,
              45.44207668288901
            ],
            [
              28.023900383456123,
              45.44173082817517
            ],
            [
              28.025104781484224,
              45.44138929309292
            ],
            [
              28.025437347825882,
              45.442040068917386
            ],
            [
              28.027232148060563,
              45.441552219127736
            ],
            [
              28.02918158410219,
              45.4416210687423
            ],
            [
              28.029208896883812,
              45.44185918887365
            ],
            [
              28.0295552893781,
              45.44184954507904
            ],
            [
              28.029552767519192,
              45.440624050363716
            ],
            [
              28.030542331621074,
              45.440669344423526
            ]
          ]
        ]
      }
    },
    {
      "type": "Feature",
      "properties": {
        "utr": "?",
        "zf": null,
        "det": null,
        "obs": null
      },
      "geometry": {
        "type": "Polygon",
        "coordinates": [
          [
            [
              28.02791459821639,
              45.43915546121788
            ],
            [
              28.02700563053425,
              45.4351418423567
            ],
            [
              28.026553566206058,
              45.43518421372389
            ],
            [
              28.025200373612908,
              45.43619965144218
            ],
            [
              28.025174050399347,
              45.43671492810655
            ],
            [
              28.02479576936245,
              45.436740109557284
            ],
            [
              28.024832465211833,
              45.43727502177522
            ],
            [
              28.024105332219293,
              45.437399965809234
            ],
            [
              28.024436095310087,
              45.43803675693598
            ],
            [
              28.023891895255844,
              45.43817553044902
            ],
            [
              28.022825769985307,
              45.43954973858817
            ],
            [
              28.02397383289024,
              45.439568838818936
            ],
            [
              28.025107851857094,
              45.43929446305088
            ],
            [
              28.025387701793015,
              45.43986303792036
            ],
            [
              28.02791459821639,
              45.43915546121788
            ]
          ]
        ]
      }
    },
    {
      "type": "Feature",
      "properties": {
        "utr": "14",
        "zf": "ZF08.2",
        "det": null,
        "obs": null
      },
      "geometry": {
        "type": "Polygon",
        "coordinates": [
          [
            [
              28.035865118579284,
              45.44120758338676
            ],
            [
              28.035956058989434,
              45.44027775342476
            ],
            [
              28.037250100319138,
              45.440274779904556
            ],
            [
              28.036749122529024,
              45.43965015186664
            ],
            [
              28.038040616327585,
              45.439359450383236
            ],
            [
              28.037862227376124,
              45.43866613478264
            ],
            [
              28.03873159880229,
              45.438568495691655
            ],
            [
              28.038491334656584,
              45.43365262992441
            ],
            [
              28.038706943604677,
              45.43187225926327
            ],
            [
              28.037821841684185,
              45.431830473608215
            ],
            [
              28.036856170023206,
              45.43184929173276
            ],
            [
              28.036759537840933,
              45.43367416976931
            ],
            [
              28.034165047938696,
              45.43377573113921
            ],
            [
              28.03286060442014,
              45.43282338283038
            ],
            [
              28.031330695082044,
              45.4328739128485
            ],
            [
              28.030460921423888,
              45.433408661812926
            ],
            [
              28.029953409914302,
              45.433704895958066
            ],
            [
              28.02951164568051,
              45.433785151407065
            ],
            [
              28.029384668021365,
              45.433788421156144
            ],
            [
              28.029662684578433,
              45.43484225624585
            ],
            [
              28.02700563053425,
              45.4351418423567
            ],
            [
              28.02791459821639,
              45.43915546121788
            ],
            [
              28.028303873670023,
              45.43862143452814
            ],
            [
              28.028802595148033,
              45.43871553139936
            ],
            [
              28.02892902365501,
              45.43924310118947
            ],
            [
              28.02936809200774,
              45.439199094754464
            ],
            [
              28.029602114843875,
              45.439535093109605
            ],
            [
              28.029780962915417,
              45.44009238842777
            ],
            [
              28.03074696784326,
              45.4397885480173
            ],
            [
              28.030542331621074,
              45.440669344423526
            ],
            [
              28.034409906322757,
              45.440846286554574
            ],
            [
              28.035865118579284,
              45.44120758338676
            ]
          ]
        ]
      }
    },
    {
      "type": "Feature",
      "properties": {
        "utr": "14",
        "zf": "ZF08.2",
        "det": null,
        "obs": null
      },
      "geometry": {
        "type": "Polygon",
        "coordinates": [
          [
            [
              28.044712023232876,
              45.443758029707205
            ],
            [
              28.044754429831183,
              45.4434035513061
            ],
            [
              28.045780513677318,
              45.443679842189226
            ],
            [
              28.046888149907687,
              45.44146493657392
            ],
            [
              28.045982753334318,
              45.441240273208074
            ],
            [
              28.041913906823,
              45.44020501185203
            ],
            [
              28.041681250859558,
              45.4396376571938
            ],
            [
              28.040930668229148,
              45.439659545246705
            ],
            [
              28.04077042005211,
              45.439030783526306
            ],
            [
              28.038960386938808,
              45.439271549455924
            ],
            [
              28.03873159880229,
              45.438568495691655
            ],
            [
              28.037862227376124,
              45.43866613478264
            ],
            [
              28.038040616327585,
              45.439359450383236
            ],
            [
              28.036749122529024,
              45.43965015186664
            ],
            [
              28.037250100319138,
              45.440274779904556
            ],
            [
              28.035956058989434,
              45.44027775342476
            ],
            [
              28.035865118579284,
              45.44120758338676
            ],
            [
              28.03835149241797,
              45.44182484052189
            ],
            [
              28.03874459902889,
              45.442477672594016
            ],
            [
              28.037884541253693,
              45.444077599036305
            ],
            [
              28.039496149684343,
              45.44463984141962
            ],
            [
              28.03993023922165,
              45.44404873663596
            ],
            [
              28.0406168165504,
              45.44265723809105
            ],
            [
              28.041637730203842,
              45.44291879002634
            ],
            [
              28.0416161845776,
              45.442990367601155
            ],
            [
              28.044712023232876,
              45.443758029707205
            ]
          ]
        ]
      }
    },
    {
      "type": "Feature",
      "properties": {
        "utr": "25",
        "zf": "ZF11.2",
        "det": null,
        "obs": null
      },
      "geometry": {
        "type": "Polygon",
        "coordinates": [
          [
            [
              28.045982753334318,
              45.441240273208074
            ],
            [
              28.047001594358218,
              45.439095446637346
            ],
            [
              28.046671312929288,
              45.43767615682485
            ],
            [
              28.0468613406498,
              45.437592960545516
            ],
            [
              28.046585317296376,
              45.436374832479906
            ],
            [
              28.048182899862603,
              45.43624909862538
            ],
            [
              28.04759974268648,
              45.43568323583276
            ],
            [
              28.047471458103608,
              45.43422480949589
            ],
            [
              28.04757299987977,
              45.43414041638006
            ],
            [
              28.047377376653298,
              45.43327032455575
            ],
            [
              28.048055672964196,
              45.432803388974094
            ],
            [
              28.047097541533518,
              45.43294226627485
            ],
            [
              28.046807529852696,
              45.433010427210064
            ],
            [
              28.046475026658797,
              45.43311916543801
            ],
            [
              28.046536579333463,
              45.4332379614258
            ],
            [
              28.046102913870552,
              45.433337464827176
            ],
            [
              28.046073341823917,
              45.43322005445445
            ],
            [
              28.045901605276807,
              45.433231373213694
            ],
            [
              28.045888399950968,
              45.433141508596414
            ],
            [
              28.045652869917628,
              45.43314838670539
            ],
            [
              28.045656922663426,
              45.43298038137882
            ],
            [
              28.045309071756915,
              45.432980266641906
            ],
            [
              28.04527982063099,
              45.43273134770015
            ],
            [
              28.04483449816577,
              45.43264095438438
            ],
            [
              28.044814907026993,
              45.43234606863045
            ],
            [
              28.044627613215326,
              45.43214084719039
            ],
            [
              28.044358100476796,
              45.43216817519623
            ],
            [
              28.044341267301657,
              45.43205746056717
            ],
            [
              28.04415380155026,
              45.43205410448032
            ],
            [
              28.043867193097636,
              45.43177512840869
            ],
            [
              28.044091059446604,
              45.431684076596476
            ],
            [
              28.04401057739051,
              45.43150545974234
            ],
            [
              28.044236809988004,
              45.43144630698556
            ],
            [
              28.044113753526435,
              45.43120789183184
            ],
            [
              28.04286137969477,
              45.43137580534129
            ],
            [
              28.040524036578763,
              45.43153051747389
            ],
            [
              28.04060111346961,
              45.43086205517489
            ],
            [
              28.038829013038495,
              45.430735534579355
            ],
            [
              28.038706943604677,
              45.43187225926327
            ],
            [
              28.038491334656584,
              45.43365262992441
            ],
            [
              28.03873159880229,
              45.438568495691655
            ],
            [
              28.038960386938808,
              45.439271549455924
            ],
            [
              28.04077042005211,
              45.439030783526306
            ],
            [
              28.040930668229148,
              45.439659545246705
            ],
            [
              28.041681250859558,
              45.4396376571938
            ],
            [
              28.041913906823,
              45.44020501185203
            ],
            [
              28.045982753334318,
              45.441240273208074
            ]
          ]
        ]
      }
    },
    {
      "type": "Feature",
      "properties": {
        "utr": "15",
        "zf": "ZF07",
        "det": null,
        "obs": null
      },
      "geometry": {
        "type": "Polygon",
        "coordinates": [
          [
            [
              28.045783034611315,
              45.44895051278122
            ],
            [
              28.045896288589674,
              45.45021621767422
            ],
            [
              28.044722864942745,
              45.45110009138682
            ],
            [
              28.04500847991183,
              45.45134435689558
            ],
            [
              28.048550734937777,
              45.45220214097945
            ],
            [
              28.04912771215825,
              45.45239256782271
            ],
            [
              28.048992804826195,
              45.45259030126141
            ],
            [
              28.049347013542413,
              45.452719748054925
            ],
            [
              28.049714593205234,
              45.45265790464164
            ],
            [
              28.050440343363086,
              45.452885433688465
            ],
            [
              28.050509651396695,
              45.45275999822336
            ],
            [
              28.054421401384143,
              45.45374756144257
            ],
            [
              28.054710995549982,
              45.45350190684492
            ],
            [
              28.055232800250344,
              45.45361582353336
            ],
            [
              28.055641287021555,
              45.45291354209812
            ],
            [
              28.056090557630046,
              45.452982336255936
            ],
            [
              28.059369285336,
              45.44959084685211
            ],
            [
              28.059684870185606,
              45.44962305202394
            ],
            [
              28.060165619309117,
              45.44641718305845
            ],
            [
              28.059436952112378,
              45.44623222428729
            ],
            [
              28.059520284729707,
              45.444168458256605
            ],
            [
              28.060184031632655,
              45.443800780947875
            ],
            [
              28.059558705802225,
              45.443477602317024
            ],
            [
              28.05897652929185,
              45.44317671746251
            ],
            [
              28.060370107961678,
              45.43539504250888
            ],
            [
              28.059885573413045,
              45.433663201432154
            ],
            [
              28.059489641746424,
              45.433733427548326
            ],
            [
              28.058276979954794,
              45.433948506868575
            ],
            [
              28.05788409976271,
              45.43242222508649
            ],
            [
              28.056297296538126,
              45.432612378932276
            ],
            [
              28.05612877374197,
              45.432425452745626
            ],
            [
              28.05575757190814,
              45.43189062532721
            ],
            [
              28.05597306517027,
              45.43162110398622
            ],
            [
              28.05565001174616,
              45.429745681090075
            ],
            [
              28.054435892998356,
              45.42979955564331
            ],
            [
              28.05402581607608,
              45.430386581737665
            ],
            [
              28.053236502904838,
              45.43163113189936
            ],
            [
              28.05193667662047,
              45.43336516047827
            ],
            [
              28.049780805426714,
              45.43278839012588
            ],
            [
              28.048281157208937,
              45.43268318485285
            ],
            [
              28.048055672964196,
              45.432803388974094
            ],
            [
              28.047377376653298,
              45.43327032455575
            ],
            [
              28.04757299987977,
              45.43414041638006
            ],
            [
              28.047471458103608,
              45.43422480949589
            ],
            [
              28.04759974268648,
              45.43568323583276
            ],
            [
              28.048182899862603,
              45.43624909862538
            ],
            [
              28.046585317296376,
              45.436374832479906
            ],
            [
              28.0468613406498,
              45.437592960545516
            ],
            [
              28.046671312929288,
              45.43767615682485
            ],
            [
              28.047001594358218,
              45.439095446637346
            ],
            [
              28.045982753334318,
              45.441240273208074
            ],
            [
              28.046888149907687,
              45.44146493657392
            ],
            [
              28.045780513677318,
              45.443679842189226
            ],
            [
              28.04520832652681,
              45.44485880460797
            ],
            [
              28.04793929552236,
              45.44562576580299
            ],
            [
              28.04636937014079,
              45.4488382636605
            ],
            [
              28.045783034611315,
              45.44895051278122
            ]
          ]
        ]
      }
    },
    {
      "type": "Feature",
      "properties": {
        "utr": "47",
        "zf": "ZF12.2",
        "det": null,
        "obs": null
      },
      "geometry": {
        "type": "Polygon",
        "coordinates": [
          [
            [
              28.067163038559364,
              45.44101505681
            ],
            [
              28.06402281653264,
              45.43949020235204
            ],
            [
              28.05979301443898,
              45.44220977273911
            ],
            [
              28.06055017022006,
              45.442853785956736
            ],
            [
              28.059558705802225,
              45.443477602317024
            ],
            [
              28.060184031632655,
              45.443800780947875
            ],
            [
              28.059520284729707,
              45.444168458256605
            ],
            [
              28.059436952112378,
              45.44623222428729
            ],
            [
              28.060165619309117,
              45.44641718305845
            ],
            [
              28.059684870185606,
              45.44962305202394
            ],
            [
              28.059369285336,
              45.44959084685211
            ],
            [
              28.056090557630046,
              45.452982336255936
            ],
            [
              28.055641287021555,
              45.45291354209812
            ],
            [
              28.055232800250344,
              45.45361582353336
            ],
            [
              28.054659332125283,
              45.45445887610182
            ],
            [
              28.051628556875315,
              45.45713234637661
            ],
            [
              28.052131927308814,
              45.45743780907656
            ],
            [
              28.054400765678803,
              45.45625056154242
            ],
            [
              28.05671886323611,
              45.45571282774294
            ],
            [
              28.056961633707477,
              45.4558490507846
            ],
            [
              28.056501757787245,
              45.45636579989406
            ],
            [
              28.056790863269676,
              45.45658358704463
            ],
            [
              28.057452505943477,
              45.45617573294528
            ],
            [
              28.05750063533676,
              45.45626188239188
            ],
            [
              28.058560365606898,
              45.45574850053593
            ],
            [
              28.060183404764185,
              45.455257873726495
            ],
            [
              28.061143173467293,
              45.45506364011471
            ],
            [
              28.0648708952945,
              45.45462570165415
            ],
            [
              28.06621917022144,
              45.454530552412685
            ],
            [
              28.080639712206054,
              45.45254286957028
            ],
            [
              28.080444513684508,
              45.45219203132337
            ],
            [
              28.07794179142378,
              45.45256152839164
            ],
            [
              28.080539619973447,
              45.44985499698208
            ],
            [
              28.0826306282499,
              45.44898440654164
            ],
            [
              28.080294258056462,
              45.44824448190296
            ],
            [
              28.079564011887378,
              45.44751258824149
            ],
            [
              28.069412084660637,
              45.44172085138801
            ],
            [
              28.067163038559364,
              45.44101505681
            ]
          ]
        ]
      }
    },
    {
      "type": "Feature",
      "properties": {
        "utr": "45",
        "zf": "ZF08.5",
        "det": null,
        "obs": null
      },
      "geometry": {
        "type": "Polygon",
        "coordinates": [
          [
            [
              28.072155748700776,
              45.437770843412345
            ],
            [
              28.069425666372638,
              45.43604604951124
            ],
            [
              28.068782179629334,
              45.4364872658391
            ],
            [
              28.06793950824261,
              45.43620255247137
            ],
            [
              28.06713150283457,
              45.43639840146334
            ],
            [
              28.06692374725325,
              45.43677473646665
            ],
            [
              28.066370994924664,
              45.43656392483263
            ],
            [
              28.06590901346885,
              45.43570109659796
            ],
            [
              28.064770463639825,
              45.43510254830282
            ],
            [
              28.0651782228076,
              45.43446147160265
            ],
            [
              28.061008506314167,
              45.43241601105112
            ],
            [
              28.060517664322617,
              45.433597497898376
            ],
            [
              28.059885573413045,
              45.433663201432154
            ],
            [
              28.060370107961678,
              45.43539504250888
            ],
            [
              28.05897652929185,
              45.44317671746251
            ],
            [
              28.059558705802225,
              45.443477602317024
            ],
            [
              28.06055017022006,
              45.442853785956736
            ],
            [
              28.05979301443898,
              45.44220977273911
            ],
            [
              28.06402281653264,
              45.43949020235204
            ],
            [
              28.067163038559364,
              45.44101505681
            ],
            [
              28.067051290887754,
              45.44069706568006
            ],
            [
              28.070822829979285,
              45.440363688501336
            ],
            [
              28.072179496439492,
              45.43898108868074
            ],
            [
              28.072025789464302,
              45.438892025793685
            ],
            [
              28.07234550034392,
              45.43814387073561
            ],
            [
              28.072155748700776,
              45.437770843412345
            ]
          ]
        ]
      }
    },
    {
      "type": "Feature",
      "properties": {
        "utr": "27",
        "zf": "ZF11.1",
        "det": null,
        "obs": null
      },
      "geometry": {
        "type": "Polygon",
        "coordinates": [
          [
            [
              28.047383086569397,
              45.427888935188456
            ],
            [
              28.0458974798131,
              45.42976628176313
            ],
            [
              28.047481249128815,
              45.43035418496655
            ],
            [
              28.046997011269674,
              45.4309065310446
            ],
            [
              28.047477611471113,
              45.4311920013126
            ],
            [
              28.047580964733847,
              45.4309564184322
            ],
            [
              28.047772575087038,
              45.43073180799905
            ],
            [
              28.048019396304884,
              45.43082703005062
            ],
            [
              28.048299587994272,
              45.43050022748469
            ],
            [
              28.049419781582404,
              45.431021904638705
            ],
            [
              28.049893158180076,
              45.43110737216286
            ],
            [
              28.051217084847245,
              45.43160334526275
            ],
            [
              28.051780961045242,
              45.43085467746341
            ],
            [
              28.052210331020987,
              45.431041401060334
            ],
            [
              28.052095870826527,
              45.43119261802393
            ],
            [
              28.053236502904838,
              45.43163113189936
            ],
            [
              28.05402581607608,
              45.430386581737665
            ],
            [
              28.052587355532317,
              45.42985103916481
            ],
            [
              28.047383086569397,
              45.427888935188456
            ]
          ]
        ]
      }
    },
    {
      "type": "Feature",
      "properties": {
        "utr": "?",
        "zf": null,
        "det": null,
        "obs": null
      },
      "geometry": {
        "type": "Polygon",
        "coordinates": [
          [
            [
              28.011387639975922,
              45.42638077626944
            ],
            [
              28.011256388177298,
              45.42450514538485
            ],
            [
              28.010433579317063,
              45.424588215954365
            ],
            [
              28.010331642882875,
              45.42442484990382
            ],
            [
              28.009766842018855,
              45.42438910451699
            ],
            [
              28.009761081052208,
              45.4241492041964
            ],
            [
              28.007634058355475,
              45.42418000383566
            ],
            [
              28.007319310519115,
              45.42614650004681
            ],
            [
              28.011387639975922,
              45.42638077626944
            ]
          ]
        ]
      }
    },
    {
      "type": "Feature",
      "properties": {
        "utr": "31",
        "zf": "ZF08.2",
        "det": null,
        "obs": null
      },
      "geometry": {
        "type": "Polygon",
        "coordinates": [
          [
            [
              28.02925003377779,
              45.42249061425295
            ],
            [
              28.028819915457102,
              45.422479557166945
            ],
            [
              28.02939044610152,
              45.426701151405055
            ],
            [
              28.02922077630459,
              45.4278244711958
            ],
            [
              28.02717717530885,
              45.42762545010672
            ],
            [
              28.026577607407255,
              45.42496258431372
            ],
            [
              28.02480576632103,
              45.424772985523916
            ],
            [
              28.025014665093867,
              45.42352319825663
            ],
            [
              28.028353795680182,
              45.42044836656274
            ],
            [
              28.028994703633597,
              45.41913672351738
            ],
            [
              28.02872507847459,
              45.41683805180155
            ],
            [
              28.027770288549846,
              45.416201413773464
            ],
            [
              28.026526585831597,
              45.41583481096505
            ],
            [
              28.023963748401084,
              45.41360744200674
            ],
            [
              28.021969948002017,
              45.414660899244026
            ],
            [
              28.020482595487508,
              45.4140337107532
            ],
            [
              28.018848809177683,
              45.4154867514314
            ],
            [
              28.019538268276754,
              45.41582853987856
            ],
            [
              28.019960341342756,
              45.415435569563165
            ],
            [
              28.022512181519257,
              45.4167791229984
            ],
            [
              28.0222040876129,
              45.41713794279602
            ],
            [
              28.02272712555319,
              45.417443828165815
            ],
            [
              28.0219916186662,
              45.41816861548874
            ],
            [
              28.01934564243649,
              45.41684780410716
            ],
            [
              28.01762158112721,
              45.41850466755763
            ],
            [
              28.017044425079803,
              45.41911174819217
            ],
            [
              28.020629089863668,
              45.42091542870541
            ],
            [
              28.020269443416495,
              45.42128469603049
            ],
            [
              28.020157012135236,
              45.42123497256982
            ],
            [
              28.02005540085821,
              45.42135289139339
            ],
            [
              28.020297911344198,
              45.42148282311321
            ],
            [
              28.020555414168484,
              45.4216809799109
            ],
            [
              28.020329821782976,
              45.4218329028222
            ],
            [
              28.020220473929424,
              45.4240391194518
            ],
            [
              28.018636715696967,
              45.42399465300839
            ],
            [
              28.018633569717625,
              45.423677934707705
            ],
            [
              28.017518761097136,
              45.42363750624845
            ],
            [
              28.017463163070794,
              45.4248048012695
            ],
            [
              28.018245009307076,
              45.42483874573917
            ],
            [
              28.018230151171434,
              45.42503967482677
            ],
            [
              28.019003752153335,
              45.42507697657527
            ],
            [
              28.01892348093914,
              45.42636375528004
            ],
            [
              28.019235654281598,
              45.4263806282852
            ],
            [
              28.018970268557386,
              45.42695678922845
            ],
            [
              28.018747193772192,
              45.42709438768036
            ],
            [
              28.018620779275142,
              45.4286430327451
            ],
            [
              28.019397627606228,
              45.43018024345314
            ],
            [
              28.02092302470405,
              45.431240206278865
            ],
            [
              28.024807059398395,
              45.43064903561065
            ],
            [
              28.02459696243293,
              45.428475429943
            ],
            [
              28.026327044054252,
              45.42862326141172
            ],
            [
              28.026282313180683,
              45.429154130861825
            ],
            [
              28.026446444689533,
              45.429356038994804
            ],
            [
              28.027087712170466,
              45.429429392176516
            ],
            [
              28.02904714481055,
              45.42898363068935
            ],
            [
              28.029135691919606,
              45.428472265362494
            ],
            [
              28.02974726068721,
              45.42852756668531
            ],
            [
              28.029852958919797,
              45.4279217560945
            ],
            [
              28.03116269099832,
              45.42804536463279
            ],
            [
              28.031340796870538,
              45.427050840231445
            ],
            [
              28.032221194373133,
              45.426565015396605
            ],
            [
              28.03271764002619,
              45.42610113960955
            ],
            [
              28.03292323050255,
              45.425477181913166
            ],
            [
              28.031640953357833,
              45.42478219818043
            ],
            [
              28.030185153340472,
              45.42444606658106
            ],
            [
              28.030294293047596,
              45.42374726818275
            ],
            [
              28.029712923919092,
              45.42369465386999
            ],
            [
              28.029613756818843,
              45.422891733863075
            ],
            [
              28.029627215155077,
              45.42280587974915
            ],
            [
              28.029183829901477,
              45.422772127481515
            ],
            [
              28.02925003377779,
              45.42249061425295
            ]
          ]
        ]
      }
    },
    {
      "type": "Feature",
      "properties": {
        "utr": "33",
        "zf": "ZF08.6",
        "det": null,
        "obs": null
      },
      "geometry": {
        "type": "Polygon",
        "coordinates": [
          [
            [
              28.017463163070794,
              45.4248048012695
            ],
            [
              28.017393277426127,
              45.42542781848047
            ],
            [
              28.01593238172974,
              45.425334167333766
            ],
            [
              28.015840481643014,
              45.42562854415398
            ],
            [
              28.013597781334838,
              45.425401711117686
            ],
            [
              28.01335631723811,
              45.42659234852774
            ],
            [
              28.011387639975922,
              45.42638077626944
            ],
            [
              28.011833302562263,
              45.42716842350094
            ],
            [
              28.012674048564396,
              45.42704499004942
            ],
            [
              28.013926366123858,
              45.429078268203604
            ],
            [
              28.01604164281388,
              45.42852897975895
            ],
            [
              28.016610769857255,
              45.42914810612774
            ],
            [
              28.018620779275142,
              45.4286430327451
            ],
            [
              28.018747193772192,
              45.42709438768036
            ],
            [
              28.018970268557386,
              45.42695678922845
            ],
            [
              28.019235654281598,
              45.4263806282852
            ],
            [
              28.01892348093914,
              45.42636375528004
            ],
            [
              28.019003752153335,
              45.42507697657527
            ],
            [
              28.018230151171434,
              45.42503967482677
            ],
            [
              28.018245009307076,
              45.42483874573917
            ],
            [
              28.017463163070794,
              45.4248048012695
            ]
          ]
        ]
      }
    },
    {
      "type": "Feature",
      "properties": {
        "utr": "35",
        "zf": "ZF11.1",
        "det": null,
        "obs": null
      },
      "geometry": {
        "type": "Polygon",
        "coordinates": [
          [
            [
              28.017518761097136,
              45.42363750624845
            ],
            [
              28.01495033044969,
              45.4235447280422
            ],
            [
              28.014975677980228,
              45.42221928687799
            ],
            [
              28.01433736964106,
              45.42226089314503
            ],
            [
              28.0143421824863,
              45.420583176539274
            ],
            [
              28.0135555588108,
              45.42047577342948
            ],
            [
              28.0134006381129,
              45.420742013861336
            ],
            [
              28.010725002533757,
              45.42039273931783
            ],
            [
              28.01064360468404,
              45.41800888446565
            ],
            [
              28.007541310305655,
              45.41668405315076
            ],
            [
              28.007634058355475,
              45.42418000383566
            ],
            [
              28.009761081052208,
              45.4241492041964
            ],
            [
              28.009766842018855,
              45.42438910451699
            ],
            [
              28.010331642882875,
              45.42442484990382
            ],
            [
              28.010433579317063,
              45.424588215954365
            ],
            [
              28.011256388177298,
              45.42450514538485
            ],
            [
              28.011387639975922,
              45.42638077626944
            ],
            [
              28.01335631723811,
              45.42659234852774
            ],
            [
              28.013597781334838,
              45.425401711117686
            ],
            [
              28.015840481643014,
              45.42562854415398
            ],
            [
              28.01593238172974,
              45.425334167333766
            ],
            [
              28.017393277426127,
              45.42542781848047
            ],
            [
              28.017463163070794,
              45.4248048012695
            ],
            [
              28.017518761097136,
              45.42363750624845
            ]
          ]
        ]
      }
    },
    {
      "type": "Feature",
      "properties": {
        "utr": "?",
        "zf": null,
        "det": null,
        "obs": null
      },
      "geometry": {
        "type": "Polygon",
        "coordinates": [
          [
            [
              28.028353795680182,
              45.42044836656274
            ],
            [
              28.025014665093867,
              45.42352319825663
            ],
            [
              28.02480576632103,
              45.424772985523916
            ],
            [
              28.026577607407255,
              45.42496258431372
            ],
            [
              28.02717717530885,
              45.42762545010672
            ],
            [
              28.02922077630459,
              45.4278244711958
            ],
            [
              28.02939044610152,
              45.426701151405055
            ],
            [
              28.028819915457102,
              45.422479557166945
            ],
            [
              28.02925003377779,
              45.42249061425295
            ],
            [
              28.02947488103616,
              45.422515447918904
            ],
            [
              28.029499527525324,
              45.422402517100736
            ],
            [
              28.029868890748354,
              45.422432382754714
            ],
            [
              28.029858547877808,
              45.42247387605836
            ],
            [
              28.03044541819408,
              45.42254530129515
            ],
            [
              28.030675751518416,
              45.42185021669376
            ],
            [
              28.029498670325353,
              45.42180922969489
            ],
            [
              28.029422722994802,
              45.42116739863047
            ],
            [
              28.028353795680182,
              45.42044836656274
            ]
          ]
        ]
      }
    },
    {
      "type": "Feature",
      "properties": {
        "utr": "28",
        "zf": "ZF14.1",
        "det": null,
        "obs": null
      },
      "geometry": {
        "type": "Polygon",
        "coordinates": [
          [
            [
              28.031640953357833,
              45.42478219818043
            ],
            [
              28.031850750814833,
              45.424407424266214
            ],
            [
              28.032166797672303,
              45.42339312444973
            ],
            [
              28.03186069876594,
              45.423268900500254
            ],
            [
              28.032070731495303,
              45.42301528058522
            ],
            [
              28.03172001392382,
              45.42285200962551
            ],
            [
              28.03190640683266,
              45.42257794846339
            ],
            [
              28.0316430827064,
              45.4224000618402
            ],
            [
              28.032885605319244,
              45.42099223624318
            ],
            [
              28.033246888645046,
              45.421121993850655
            ],
            [
              28.03320128806181,
              45.420700803410845
            ],
            [
              28.03334072473214,
              45.420320073073796
            ],
            [
              28.033112522102883,
              45.420206286862715
            ],
            [
              28.03371827876578,
              45.41964320485478
            ],
            [
              28.034067523537924,
              45.419840007849665
            ],
            [
              28.03426700940718,
              45.41968318789299
            ],
            [
              28.033767919104747,
              45.41938154979009
            ],
            [
              28.034305289345685,
              45.41894751067914
            ],
            [
              28.033096772114384,
              45.41770906462794
            ],
            [
              28.03227853763369,
              45.41766851268304
            ],
            [
              28.03194514081506,
              45.41794295020465
            ],
            [
              28.031577002344036,
              45.41787594397297
            ],
            [
              28.028994703633597,
              45.41913672351738
            ],
            [
              28.028353795680182,
              45.42044836656274
            ],
            [
              28.029422722994802,
              45.42116739863047
            ],
            [
              28.029498670325353,
              45.42180922969489
            ],
            [
              28.030675751518416,
              45.42185021669376
            ],
            [
              28.03044541819408,
              45.42254530129515
            ],
            [
              28.029858547877808,
              45.42247387605836
            ],
            [
              28.029868890748354,
              45.422432382754714
            ],
            [
              28.029499527525324,
              45.422402517100736
            ],
            [
              28.02947488103616,
              45.422515447918904
            ],
            [
              28.02925003377779,
              45.42249061425295
            ],
            [
              28.029183829901477,
              45.422772127481515
            ],
            [
              28.029627215155077,
              45.42280587974915
            ],
            [
              28.029613756818843,
              45.422891733863075
            ],
            [
              28.029712923919092,
              45.42369465386999
            ],
            [
              28.030294293047596,
              45.42374726818275
            ],
            [
              28.030185153340472,
              45.42444606658106
            ],
            [
              28.031640953357833,
              45.42478219818043
            ]
          ]
        ]
      }
    },
    {
      "type": "Feature",
      "properties": {
        "utr": "30",
        "zf": "ZF11.1",
        "det": null,
        "obs": null
      },
      "geometry": {
        "type": "Polygon",
        "coordinates": [
          [
            [
              28.03116269099832,
              45.42804536463279
            ],
            [
              28.03399410485416,
              45.428293408617904
            ],
            [
              28.037498273206378,
              45.428600287834264
            ],
            [
              28.03751051451446,
              45.4285647904393
            ],
            [
              28.037995622849124,
              45.426781169234374
            ],
            [
              28.038768589033957,
              45.42546574517881
            ],
            [
              28.03901463244453,
              45.42477452305971
            ],
            [
              28.0380935774256,
              45.42399992243519
            ],
            [
              28.035518395486722,
              45.42220813725063
            ],
            [
              28.034516805237853,
              45.42225320278724
            ],
            [
              28.03413802064517,
              45.421990776040225
            ],
            [
              28.034865996227825,
              45.42125243721485
            ],
            [
              28.034260233792978,
              45.42092237246501
            ],
            [
              28.03434558964382,
              45.420807629073714
            ],
            [
              28.034253446422177,
              45.420760723160605
            ],
            [
              28.03464550909022,
              45.42039893133684
            ],
            [
              28.03518850330413,
              45.42066015672361
            ],
            [
              28.03545994852808,
              45.420409378566646
            ],
            [
              28.034978476577596,
              45.42019598124538
            ],
            [
              28.034730030549515,
              45.42003836046248
            ],
            [
              28.03460785926667,
              45.41980964820988
            ],
            [
              28.03426700940718,
              45.41968318789299
            ],
            [
              28.034067523537924,
              45.419840007849665
            ],
            [
              28.03371827876578,
              45.41964320485478
            ],
            [
              28.033112522102883,
              45.420206286862715
            ],
            [
              28.03334072473214,
              45.420320073073796
            ],
            [
              28.03320128806181,
              45.420700803410845
            ],
            [
              28.033246888645046,
              45.421121993850655
            ],
            [
              28.032885605319244,
              45.42099223624318
            ],
            [
              28.0316430827064,
              45.4224000618402
            ],
            [
              28.03190640683266,
              45.42257794846339
            ],
            [
              28.03172001392382,
              45.42285200962551
            ],
            [
              28.032070731495303,
              45.42301528058522
            ],
            [
              28.03186069876594,
              45.423268900500254
            ],
            [
              28.032166797672303,
              45.42339312444973
            ],
            [
              28.031850750814833,
              45.424407424266214
            ],
            [
              28.031640953357833,
              45.42478219818043
            ],
            [
              28.03292323050255,
              45.425477181913166
            ],
            [
              28.03271764002619,
              45.42610113960955
            ],
            [
              28.032221194373133,
              45.426565015396605
            ],
            [
              28.031340796870538,
              45.427050840231445
            ],
            [
              28.03116269099832,
              45.42804536463279
            ]
          ]
        ]
      }
    },
    {
      "type": "Feature",
      "properties": {
        "utr": "38",
        "zf": "ZF08.3",
        "det": null,
        "obs": null
      },
      "geometry": {
        "type": "Polygon",
        "coordinates": [
          [
            [
              28.01539800009278,
              45.40209303573645
            ],
            [
              28.015315979289348,
              45.4074463337427
            ],
            [
              28.015369602753694,
              45.408128895165675
            ],
            [
              28.015516734933396,
              45.40813026804008
            ],
            [
              28.015581912396424,
              45.40766115718678
            ],
            [
              28.0157605567104,
              45.407671173721845
            ],
            [
              28.015876360143324,
              45.407509292997844
            ],
            [
              28.016143480929703,
              45.4074413229521
            ],
            [
              28.016829793796624,
              45.40743608556957
            ],
            [
              28.01800928456118,
              45.40752632708264
            ],
            [
              28.018812995337093,
              45.40770713531608
            ],
            [
              28.019816479507202,
              45.40820634476011
            ],
            [
              28.019722717524377,
              45.40829609080171
            ],
            [
              28.02005642948223,
              45.408473673267885
            ],
            [
              28.020219877710087,
              45.40808303116219
            ],
            [
              28.02074195441722,
              45.40771409443164
            ],
            [
              28.021026092218055,
              45.40717594845889
            ],
            [
              28.021321026582296,
              45.4070873586177
            ],
            [
              28.02165598712213,
              45.406925860710196
            ],
            [
              28.021862467847892,
              45.40665149312756
            ],
            [
              28.022046194003686,
              45.40658499832512
            ],
            [
              28.02313000008926,
              45.4065511723398
            ],
            [
              28.02396200821715,
              45.40651986493377
            ],
            [
              28.024056547035347,
              45.406452769482165
            ],
            [
              28.024138120564487,
              45.40634164461748
            ],
            [
              28.024720672758015,
              45.406151544868486
            ],
            [
              28.024313633998,
              45.40520211592361
            ],
            [
              28.024391829918653,
              45.404675241511406
            ],
            [
              28.024305157241468,
              45.404137665902965
            ],
            [
              28.023968692774496,
              45.403783700718314
            ],
            [
              28.02346144354358,
              45.40354609974587
            ],
            [
              28.02139125943016,
              45.402953430357535
            ],
            [
              28.016994870006044,
              45.40226011039414
            ],
            [
              28.01539800009278,
              45.40209303573645
            ]
          ]
        ]
      }
    },
    {
      "type": "Feature",
      "properties": {
        "utr": "34",
        "zf": "ZF11.1",
        "det": null,
        "obs": null
      },
      "geometry": {
        "type": "Polygon",
        "coordinates": [
          [
            [
              28.005114603884323,
              45.412860169297126
            ],
            [
              28.005091879415072,
              45.41391170565758
            ],
            [
              28.005146911387815,
              45.41602299309821
            ],
            [
              28.007535947611274,
              45.41625051324361
            ],
            [
              28.007541310305655,
              45.41668405315076
            ],
            [
              28.01064360468404,
              45.41800888446565
            ],
            [
              28.010725002533757,
              45.42039273931783
            ],
            [
              28.0134006381129,
              45.420742013861336
            ],
            [
              28.0135555588108,
              45.42047577342948
            ],
            [
              28.0143421824863,
              45.420583176539274
            ],
            [
              28.01433736964106,
              45.42226089314503
            ],
            [
              28.014975677980228,
              45.42221928687799
            ],
            [
              28.01495033044969,
              45.4235447280422
            ],
            [
              28.017518761097136,
              45.42363750624845
            ],
            [
              28.018633569717625,
              45.423677934707705
            ],
            [
              28.018636715696967,
              45.42399465300839
            ],
            [
              28.020220473929424,
              45.4240391194518
            ],
            [
              28.020329821782976,
              45.4218329028222
            ],
            [
              28.020555414168484,
              45.4216809799109
            ],
            [
              28.020297911344198,
              45.42148282311321
            ],
            [
              28.02005540085821,
              45.42135289139339
            ],
            [
              28.020157012135236,
              45.42123497256982
            ],
            [
              28.020269443416495,
              45.42128469603049
            ],
            [
              28.020629089863668,
              45.42091542870541
            ],
            [
              28.017044425079803,
              45.41911174819217
            ],
            [
              28.01762158112721,
              45.41850466755763
            ],
            [
              28.01404563735025,
              45.41659826177713
            ],
            [
              28.01393173958597,
              45.416689859428175
            ],
            [
              28.01360407207749,
              45.416525074288856
            ],
            [
              28.013899295507688,
              45.41617669221902
            ],
            [
              28.01076703391645,
              45.414693426424066
            ],
            [
              28.01063961081425,
              45.414816407726036
            ],
            [
              28.010432553940255,
              45.41470561516621
            ],
            [
              28.011043441545397,
              45.41410173830596
            ],
            [
              28.0073273435771,
              45.41216876803069
            ],
            [
              28.005967676787073,
              45.413326280275385
            ],
            [
              28.005114603884323,
              45.412860169297126
            ]
          ]
        ]
      }
    },
    {
      "type": "Feature",
      "properties": {
        "utr": "12",
        "zf": "ZF08.10",
        "det": null,
        "obs": null
      },
      "geometry": {
        "type": "Polygon",
        "coordinates": [
          [
            [
              28.048503551256875,
              45.457691718239296
            ],
            [
              28.04954292867728,
              45.45769141567254
            ],
            [
              28.049593291152075,
              45.45752418651861
            ],
            [
              28.04996755090523,
              45.45756435931029
            ],
            [
              28.050152972971297,
              45.45687041088734
            ],
            [
              28.05041784014877,
              45.456927145586995
            ],
            [
              28.05067552634038,
              45.456871423801346
            ],
            [
              28.05117046298131,
              45.45691406825314
            ],
            [
              28.051298912435076,
              45.45689902709535
            ],
            [
              28.051628556875315,
              45.45713234637661
            ],
            [
              28.054659332125283,
              45.45445887610182
            ],
            [
              28.055232800250344,
              45.45361582353336
            ],
            [
              28.054710995549982,
              45.45350190684492
            ],
            [
              28.054421401384143,
              45.45374756144257
            ],
            [
              28.050509651396695,
              45.45275999822336
            ],
            [
              28.050440343363086,
              45.452885433688465
            ],
            [
              28.049714593205234,
              45.45265790464164
            ],
            [
              28.049347013542413,
              45.452719748054925
            ],
            [
              28.048992804826195,
              45.45259030126141
            ],
            [
              28.04912771215825,
              45.45239256782271
            ],
            [
              28.048550734937777,
              45.45220214097945
            ],
            [
              28.04500847991183,
              45.45134435689558
            ],
            [
              28.04383991295241,
              45.45355161347206
            ],
            [
              28.046248844692723,
              45.45416775777569
            ],
            [
              28.04584802442919,
              45.45492087841337
            ],
            [
              28.04461408236577,
              45.45460113467771
            ],
            [
              28.04371530801353,
              45.45641293316521
            ],
            [
              28.043979672078997,
              45.45652862805851
            ],
            [
              28.04380560984771,
              45.45685283434358
            ],
            [
              28.043377456864764,
              45.456763004628435
            ],
            [
              28.0428422263994,
              45.45762739157824
            ],
            [
              28.045726099107753,
              45.45828075099425
            ],
            [
              28.04690739044138,
              45.45855281040923
            ],
            [
              28.047925902778722,
              45.458787368678756
            ],
            [
              28.047958698715124,
              45.45784720931648
            ],
            [
              28.04850754975825,
              45.45785348537683
            ],
            [
              28.048503551256875,
              45.457691718239296
            ]
          ]
        ]
      }
    },
    {
      "type": "Feature",
      "properties": {
        "utr": "44",
        "zf": "ZF06.3",
        "det": null,
        "obs": null
      },
      "geometry": {
        "type": "Polygon",
        "coordinates": [
          [
            [
              28.080495254032414,
              45.440947757177916
            ],
            [
              28.079242161254662,
              45.442501547041395
            ],
            [
              28.07929136285355,
              45.44286449332607
            ],
            [
              28.073416200935622,
              45.440395397892814
            ],
            [
              28.074194481835125,
              45.43946930543482
            ],
            [
              28.07627360408019,
              45.4403733032531
            ],
            [
              28.07741129477755,
              45.440590441690496
            ],
            [
              28.07895835621167,
              45.44048132757888
            ],
            [
              28.078987860107638,
              45.440377630025345
            ],
            [
              28.080682037338484,
              45.44018454489579
            ],
            [
              28.074321429448016,
              45.437641211942605
            ],
            [
              28.072989182299903,
              45.43904823444865
            ],
            [
              28.072179496439492,
              45.43898108868074
            ],
            [
              28.070822829979285,
              45.440363688501336
            ],
            [
              28.067051290887754,
              45.44069706568006
            ],
            [
              28.067163038559364,
              45.44101505681
            ],
            [
              28.069412084660637,
              45.44172085138801
            ],
            [
              28.079564011887378,
              45.44751258824149
            ],
            [
              28.080294258056462,
              45.44824448190296
            ],
            [
              28.0826306282499,
              45.44898440654164
            ],
            [
              28.080539619973447,
              45.44985499698208
            ],
            [
              28.07794179142378,
              45.45256152839164
            ],
            [
              28.080444513684508,
              45.45219203132337
            ],
            [
              28.080639712206054,
              45.45254286957028
            ],
            [
              28.0986113593494,
              45.45006296472892
            ],
            [
              28.09878606532209,
              45.45060068851409
            ],
            [
              28.098945375559794,
              45.45061980178824
            ],
            [
              28.106714710555377,
              45.44963282363747
            ],
            [
              28.111585540292307,
              45.44914574283727
            ],
            [
              28.123618975549324,
              45.450487547732
            ],
            [
              28.123464999042323,
              45.44308527978834
            ],
            [
              28.129984983943647,
              45.44148176383863
            ],
            [
              28.12956395367747,
              45.44042618846923
            ],
            [
              28.12562052636049,
              45.441336811200244
            ],
            [
              28.108597248814757,
              45.44361681701456
            ],
            [
              28.094077942001196,
              45.44322956376866
            ],
            [
              28.08261506857729,
              45.440837329267744
            ],
            [
              28.080495254032414,
              45.440947757177916
            ]
          ]
        ]
      }
    },
    {
      "type": "Feature",
      "properties": {
        "utr": "32",
        "zf": "ZF08.8",
        "det": null,
        "obs": null
      },
      "geometry": {
        "type": "Polygon",
        "coordinates": [
          [
            [
              28.072989182299903,
              45.43904823444865
            ],
            [
              28.074321429448016,
              45.437641211942605
            ],
            [
              28.07294248503244,
              45.43704400453311
            ],
            [
              28.06478816746815,
              45.43306700033787
            ],
            [
              28.06296993640749,
              45.43184901142137
            ],
            [
              28.060869712757075,
              45.43062598394773
            ],
            [
              28.05842985221401,
              45.42993565248687
            ],
            [
              28.04601780184027,
              45.424579769979815
            ],
            [
              28.03165851737209,
              45.41536587864233
            ],
            [
              28.027958694044248,
              45.410346299228415
            ],
            [
              28.027206137361365,
              45.410479058972435
            ],
            [
              28.02703404469566,
              45.41034522278157
            ],
            [
              28.025989561239495,
              45.410788201289904
            ],
            [
              28.024708302058194,
              45.410296088628805
            ],
            [
              28.024049500900258,
              45.41106144288366
            ],
            [
              28.025316128085358,
              45.412192241038284
            ],
            [
              28.024431861306276,
              45.412679117165624
            ],
            [
              28.024771296724374,
              45.4130574524929
            ],
            [
              28.02407869113721,
              45.413406738618264
            ],
            [
              28.023980112027125,
              45.413311262742816
            ],
            [
              28.02375072409583,
              45.41344495873377
            ],
            [
              28.023963748401084,
              45.41360744200674
            ],
            [
              28.026526585831597,
              45.41583481096505
            ],
            [
              28.027770288549846,
              45.416201413773464
            ],
            [
              28.02872507847459,
              45.41683805180155
            ],
            [
              28.028994703633597,
              45.41913672351738
            ],
            [
              28.031577002344036,
              45.41787594397297
            ],
            [
              28.03194514081506,
              45.41794295020465
            ],
            [
              28.03227853763369,
              45.41766851268304
            ],
            [
              28.033096772114384,
              45.41770906462794
            ],
            [
              28.034305289345685,
              45.41894751067914
            ],
            [
              28.033767919104747,
              45.41938154979009
            ],
            [
              28.03426700940718,
              45.41968318789299
            ],
            [
              28.03460785926667,
              45.41980964820988
            ],
            [
              28.034730030549515,
              45.42003836046248
            ],
            [
              28.034978476577596,
              45.42019598124538
            ],
            [
              28.03545994852808,
              45.420409378566646
            ],
            [
              28.03518850330413,
              45.42066015672361
            ],
            [
              28.03464550909022,
              45.42039893133684
            ],
            [
              28.034253446422177,
              45.420760723160605
            ],
            [
              28.03434558964382,
              45.420807629073714
            ],
            [
              28.034260233792978,
              45.42092237246501
            ],
            [
              28.034865996227825,
              45.42125243721485
            ],
            [
              28.03413802064517,
              45.421990776040225
            ],
            [
              28.034516805237853,
              45.42225320278724
            ],
            [
              28.035518395486722,
              45.42220813725063
            ],
            [
              28.0380935774256,
              45.42399992243519
            ],
            [
              28.03901463244453,
              45.42477452305971
            ],
            [
              28.038768589033957,
              45.42546574517881
            ],
            [
              28.039843224268605,
              45.42599843885272
            ],
            [
              28.041773993708343,
              45.42467526569727
            ],
            [
              28.04656183115127,
              45.426950658458914
            ],
            [
              28.046452671765937,
              45.42753811203225
            ],
            [
              28.047383086569397,
              45.427888935188456
            ],
            [
              28.052587355532317,
              45.42985103916481
            ],
            [
              28.05402581607608,
              45.430386581737665
            ],
            [
              28.054435892998356,
              45.42979955564331
            ],
            [
              28.05565001174616,
              45.429745681090075
            ],
            [
              28.05597306517027,
              45.43162110398622
            ],
            [
              28.05575757190814,
              45.43189062532721
            ],
            [
              28.05612877374197,
              45.432425452745626
            ],
            [
              28.056297296538126,
              45.432612378932276
            ],
            [
              28.05788409976271,
              45.43242222508649
            ],
            [
              28.058276979954794,
              45.433948506868575
            ],
            [
              28.059489641746424,
              45.433733427548326
            ],
            [
              28.059885573413045,
              45.433663201432154
            ],
            [
              28.060517664322617,
              45.433597497898376
            ],
            [
              28.061008506314167,
              45.43241601105112
            ],
            [
              28.0651782228076,
              45.43446147160265
            ],
            [
              28.064770463639825,
              45.43510254830282
            ],
            [
              28.06590901346885,
              45.43570109659796
            ],
            [
              28.066370994924664,
              45.43656392483263
            ],
            [
              28.06692374725325,
              45.43677473646665
            ],
            [
              28.06713150283457,
              45.43639840146334
            ],
            [
              28.06793950824261,
              45.43620255247137
            ],
            [
              28.068782179629334,
              45.4364872658391
            ],
            [
              28.069425666372638,
              45.43604604951124
            ],
            [
              28.072155748700776,
              45.437770843412345
            ],
            [
              28.07234550034392,
              45.43814387073561
            ],
            [
              28.072025789464302,
              45.438892025793685
            ],
            [
              28.072179496439492,
              45.43898108868074
            ],
            [
              28.072989182299903,
              45.43904823444865
            ]
          ]
        ]
      }
    },
    {
      "type": "Feature",
      "properties": {
        "utr": "40",
        "zf": "ZF12.1",
        "det": null,
        "obs": null
      },
      "geometry": {
        "type": "Polygon",
        "coordinates": [
          [
            [
              27.98784778471916,
              45.41181029790779
            ],
            [
              27.990178351366552,
              45.40986435398674
            ],
            [
              27.990023177531594,
              45.40972737388223
            ],
            [
              27.991437795808945,
              45.408539361745646
            ],
            [
              27.99177148140893,
              45.40861155495256
            ],
            [
              27.992093634616953,
              45.40827287103263
            ],
            [
              27.992521948064415,
              45.40834838986355
            ],
            [
              27.99266414132434,
              45.40857294373157
            ],
            [
              27.992256127341694,
              45.40872087530173
            ],
            [
              27.99223497344086,
              45.40895559509265
            ],
            [
              27.992004516200222,
              45.40927523069905
            ],
            [
              27.99119647405063,
              45.41003169053228
            ],
            [
              27.990285380660993,
              45.41098816472578
            ],
            [
              27.9897226775224,
              45.41076896465138
            ],
            [
              27.988509613010365,
              45.411566309822696
            ],
            [
              27.985681722131208,
              45.41379974536691
            ],
            [
              27.98585656660201,
              45.415377184963525
            ],
            [
              27.9853765066889,
              45.41540517164164
            ],
            [
              27.986268312320274,
              45.4230460654311
            ],
            [
              27.987832691095537,
              45.423011343518716
            ],
            [
              27.987921675817056,
              45.42175745280954
            ],
            [
              27.988935959905703,
              45.421838037532964
            ],
            [
              27.988947152739293,
              45.42302811210697
            ],
            [
              27.991568747274545,
              45.42291829600439
            ],
            [
              27.9919653033872,
              45.425642682654505
            ],
            [
              27.995982947169782,
              45.42562672071753
            ],
            [
              27.996979869102596,
              45.41785029056852
            ],
            [
              27.99670315459563,
              45.417256959597374
            ],
            [
              27.996014724385887,
              45.416626719822794
            ],
            [
              27.99458391121941,
              45.41567858359451
            ],
            [
              27.99433109342764,
              45.41519831834167
            ],
            [
              27.99458370817849,
              45.4143317734974
            ],
            [
              27.99522588295125,
              45.41426455118812
            ],
            [
              27.99607958555884,
              45.40883500764506
            ],
            [
              27.995758126924514,
              45.40857430585468
            ],
            [
              27.99535395288408,
              45.40788171482596
            ],
            [
              27.995476138553315,
              45.407756316134865
            ],
            [
              27.994009518521896,
              45.406667233833545
            ],
            [
              27.99214529366286,
              45.40579360294886
            ],
            [
              27.99190536811489,
              45.40593500775825
            ],
            [
              27.99183681132624,
              45.405888682871215
            ],
            [
              27.98625912827451,
              45.40156288802503
            ],
            [
              27.984506527806733,
              45.40020345519408
            ],
            [
              27.981541204510442,
              45.39933571613681
            ],
            [
              27.973038725947287,
              45.401504715112075
            ],
            [
              27.97322613610995,
              45.40200517563509
            ],
            [
              27.970462120032547,
              45.40323184791845
            ],
            [
              27.967519758374063,
              45.403711108436944
            ],
            [
              27.96762160106704,
              45.40379896465799
            ],
            [
              27.96765307306924,
              45.40402741273566
            ],
            [
              27.967552588495597,
              45.404543365631014
            ],
            [
              27.96749955214612,
              45.40486870737004
            ],
            [
              27.967285709592474,
              45.405688352801235
            ],
            [
              27.967366237802967,
              45.40630259912668
            ],
            [
              27.967472721758412,
              45.40734552806907
            ],
            [
              27.967496129882,
              45.40759741161573
            ],
            [
              27.967503131217008,
              45.40797120729577
            ],
            [
              27.96692123228425,
              45.40780596986194
            ],
            [
              27.966641308394955,
              45.40775611272126
            ],
            [
              27.966341875700497,
              45.40775321394744
            ],
            [
              27.96602139902485,
              45.407752054923996
            ],
            [
              27.96566324828264,
              45.4078703845739
            ],
            [
              27.965231313751847,
              45.408353898558026
            ],
            [
              27.964197643643843,
              45.40850414873293
            ],
            [
              27.964433218604672,
              45.41003596395717
            ],
            [
              27.96590209112654,
              45.40994518789131
            ],
            [
              27.967186264322468,
              45.41026000384386
            ],
            [
              27.96769778562105,
              45.4111310982325
            ],
            [
              27.967977213419683,
              45.412128662270185
            ],
            [
              27.96903093503232,
              45.412547537545926
            ],
            [
              27.969288852490788,
              45.411164932490074
            ],
            [
              27.974516679684783,
              45.41114767690158
            ],
            [
              27.9746936207193,
              45.408662297670794
            ],
            [
              27.976027127687416,
              45.40873183744748
            ],
            [
              27.97621451014815,
              45.40968123085248
            ],
            [
              27.976893150399302,
              45.40999700107801
            ],
            [
              27.97689922689035,
              45.41170319224308
            ],
            [
              27.977338718530046,
              45.4116880613332
            ],
            [
              27.9810843932247,
              45.411559035201485
            ],
            [
              27.98118465675163,
              45.4101484109188
            ],
            [
              27.98814074829542,
              45.40994205329374
            ],
            [
              27.98784778471916,
              45.41181029790779
            ]
          ]
        ]
      }
    },
    {
      "type": "Feature",
      "properties": {
        "utr": "39",
        "zf": "ZF11.2",
        "det": null,
        "obs": null
      },
      "geometry": {
        "type": "Polygon",
        "coordinates": [
          [
            [
              28.005114603884323,
              45.412860169297126
            ],
            [
              28.003967644532008,
              45.412233459038426
            ],
            [
              28.00268813947704,
              45.41058231491826
            ],
            [
              28.003337586734126,
              45.4098991776399
            ],
            [
              28.00459317679805,
              45.41084049850262
            ],
            [
              28.0052278971841,
              45.411533068461665
            ],
            [
              28.006299168723828,
              45.4120574414715
            ],
            [
              28.006555343832677,
              45.41181327931551
            ],
            [
              28.00497568609693,
              45.41099049306511
            ],
            [
              28.006545381714638,
              45.409460914983576
            ],
            [
              28.006999790653555,
              45.409295539231934
            ],
            [
              28.008629219103344,
              45.4093526148508
            ],
            [
              28.009739323177246,
              45.40858392049283
            ],
            [
              28.01062773551937,
              45.40837036961035
            ],
            [
              28.011707074938695,
              45.40840060337749
            ],
            [
              28.012010984943913,
              45.40788705142704
            ],
            [
              28.01315015897266,
              45.40797970360826
            ],
            [
              28.013179725495345,
              45.407826121830276
            ],
            [
              28.01380497230483,
              45.40784233575584
            ],
            [
              28.013602395705636,
              45.40748830690952
            ],
            [
              28.01414115874918,
              45.407373747340806
            ],
            [
              28.015315979289348,
              45.4074463337427
            ],
            [
              28.01539800009278,
              45.40209303573645
            ],
            [
              28.015506950185173,
              45.40148498758055
            ],
            [
              28.01476869981879,
              45.40138055666942
            ],
            [
              28.01312451286505,
              45.40076376336097
            ],
            [
              28.01215910186842,
              45.400240903128896
            ],
            [
              28.00966303129231,
              45.39829662096784
            ],
            [
              28.006971285370874,
              45.39661056034029
            ],
            [
              28.005843228816126,
              45.39614197738901
            ],
            [
              28.004119642268584,
              45.39601309707214
            ],
            [
              28.00260893798402,
              45.39621502738244
            ],
            [
              28.001444090397392,
              45.39694375904405
            ],
            [
              27.998506199919657,
              45.39906218389587
            ],
            [
              27.99692739183391,
              45.40005191090577
            ],
            [
              27.996632676352984,
              45.40018474479274
            ],
            [
              27.995912024470762,
              45.40039908459953
            ],
            [
              27.995341871878058,
              45.40055049503618
            ],
            [
              27.99484663296,
              45.400600476764815
            ],
            [
              27.99444928688765,
              45.400599638943525
            ],
            [
              27.993890267772738,
              45.400594724470146
            ],
            [
              27.993335481340594,
              45.4004944138728
            ],
            [
              27.992714692483656,
              45.40026542281673
            ],
            [
              27.991931667741593,
              45.39940052786149
            ],
            [
              27.989917860590346,
              45.39557023365307
            ],
            [
              27.98933869371194,
              45.394467110087916
            ],
            [
              27.988720977983277,
              45.39316252455272
            ],
            [
              27.987301030906874,
              45.3920779417377
            ],
            [
              27.985646354938012,
              45.39101261437954
            ],
            [
              27.984133426473072,
              45.390516420093256
            ],
            [
              27.983007065795544,
              45.390632956345094
            ],
            [
              27.98151956232634,
              45.39194343273171
            ],
            [
              27.9797585822521,
              45.39358204401233
            ],
            [
              27.979014660382543,
              45.39410134938406
            ],
            [
              27.98025589247367,
              45.3949265639751
            ],
            [
              27.980535699915027,
              45.39481924693514
            ],
            [
              27.98224381805211,
              45.395678514720096
            ],
            [
              27.984464104144728,
              45.39592724835536
            ],
            [
              27.98533139364829,
              45.39670355973071
            ],
            [
              27.985981492672842,
              45.39798358054057
            ],
            [
              27.99110873526097,
              45.40431647579523
            ],
            [
              27.997775153415486,
              45.40865058552212
            ],
            [
              28.000170914723753,
              45.40999001540174
            ],
            [
              28.001417187603604,
              45.41161577096231
            ],
            [
              28.001714428323506,
              45.41393620205345
            ],
            [
              28.005091879415072,
              45.41391170565758
            ],
            [
              28.005114603884323,
              45.412860169297126
            ]
          ]
        ]
      }
    },
    {
      "type": "Feature",
      "properties": {
        "utr": "9",
        "zf": "ZF08.6",
        "det": null,
        "obs": null
      },
      "geometry": {
        "type": "Polygon",
        "coordinates": [
          [
            [
              28.040013424242677,
              45.4615331803871
            ],
            [
              28.041018899771196,
              45.46014589611107
            ],
            [
              28.041620125442094,
              45.45999097855466
            ],
            [
              28.042121953411232,
              45.458985701382645
            ],
            [
              28.04028577415711,
              45.45861839230259
            ],
            [
              28.041065804120382,
              45.45720730715141
            ],
            [
              28.0428422263994,
              45.45762739157824
            ],
            [
              28.043377456864764,
              45.456763004628435
            ],
            [
              28.04380560984771,
              45.45685283434358
            ],
            [
              28.043979672078997,
              45.45652862805851
            ],
            [
              28.04371530801353,
              45.45641293316521
            ],
            [
              28.04461408236577,
              45.45460113467771
            ],
            [
              28.04584802442919,
              45.45492087841337
            ],
            [
              28.046248844692723,
              45.45416775777569
            ],
            [
              28.04383991295241,
              45.45355161347206
            ],
            [
              28.04500847991183,
              45.45134435689558
            ],
            [
              28.044722864942745,
              45.45110009138682
            ],
            [
              28.045896288589674,
              45.45021621767422
            ],
            [
              28.045783034611315,
              45.44895051278122
            ],
            [
              28.04636937014079,
              45.4488382636605
            ],
            [
              28.04793929552236,
              45.44562576580299
            ],
            [
              28.04520832652681,
              45.44485880460797
            ],
            [
              28.045780513677318,
              45.443679842189226
            ],
            [
              28.044754429831183,
              45.4434035513061
            ],
            [
              28.044712023232876,
              45.443758029707205
            ],
            [
              28.042450612800177,
              45.44785022986297
            ],
            [
              28.042901643255256,
              45.448217422536366
            ],
            [
              28.04173846948854,
              45.44905061417794
            ],
            [
              28.041712532864235,
              45.450285457794756
            ],
            [
              28.042142418922825,
              45.450630613194136
            ],
            [
              28.04203992069623,
              45.45079750478166
            ],
            [
              28.041253091681945,
              45.45057845286895
            ],
            [
              28.04012897456503,
              45.45263541510672
            ],
            [
              28.041047979639007,
              45.452857662185906
            ],
            [
              28.040015523471258,
              45.45474076604629
            ],
            [
              28.039141822052233,
              45.454517998802395
            ],
            [
              28.038608315720456,
              45.45554224696053
            ],
            [
              28.039516506361547,
              45.45578944899867
            ],
            [
              28.038335741591084,
              45.45801790619414
            ],
            [
              28.036972150987282,
              45.46059274196004
            ],
            [
              28.0361206308881,
              45.46220052238303
            ],
            [
              28.038953509221436,
              45.46302693979842
            ],
            [
              28.039186579362802,
              45.46263902741684
            ],
            [
              28.03834142224844,
              45.46238597965884
            ],
            [
              28.038790471318844,
              45.461402085828986
            ],
            [
              28.03885115047819,
              45.46126913140087
            ],
            [
              28.040013424242677,
              45.4615331803871
            ]
          ]
        ]
      }
    },
    {
      "type": "Feature",
      "properties": {
        "utr": "26",
        "zf": "ZF08.2",
        "det": null,
        "obs": null
      },
      "geometry": {
        "type": "Polygon",
        "coordinates": [
          [
            [
              28.036856170023206,
              45.43184929173276
            ],
            [
              28.037821841684185,
              45.431830473608215
            ],
            [
              28.038706943604677,
              45.43187225926327
            ],
            [
              28.038829013038495,
              45.430735534579355
            ],
            [
              28.04060111346961,
              45.43086205517489
            ],
            [
              28.040524036578763,
              45.43153051747389
            ],
            [
              28.04286137969477,
              45.43137580534129
            ],
            [
              28.044113753526435,
              45.43120789183184
            ],
            [
              28.044236809988004,
              45.43144630698556
            ],
            [
              28.04401057739051,
              45.43150545974234
            ],
            [
              28.044091059446604,
              45.431684076596476
            ],
            [
              28.043867193097636,
              45.43177512840869
            ],
            [
              28.04415380155026,
              45.43205410448032
            ],
            [
              28.044341267301657,
              45.43205746056717
            ],
            [
              28.044358100476796,
              45.43216817519623
            ],
            [
              28.044627613215326,
              45.43214084719039
            ],
            [
              28.044814907026993,
              45.43234606863045
            ],
            [
              28.04483449816577,
              45.43264095438438
            ],
            [
              28.04527982063099,
              45.43273134770015
            ],
            [
              28.045309071756915,
              45.432980266641906
            ],
            [
              28.045656922663426,
              45.43298038137882
            ],
            [
              28.045652869917628,
              45.43314838670539
            ],
            [
              28.045888399950968,
              45.433141508596414
            ],
            [
              28.045901605276807,
              45.433231373213694
            ],
            [
              28.046073341823917,
              45.43322005445445
            ],
            [
              28.046102913870552,
              45.433337464827176
            ],
            [
              28.046536579333463,
              45.4332379614258
            ],
            [
              28.046475026658797,
              45.43311916543801
            ],
            [
              28.046807529852696,
              45.433010427210064
            ],
            [
              28.047097541533518,
              45.43294226627485
            ],
            [
              28.048055672964196,
              45.432803388974094
            ],
            [
              28.048281157208937,
              45.43268318485285
            ],
            [
              28.049780805426714,
              45.43278839012588
            ],
            [
              28.05193667662047,
              45.43336516047827
            ],
            [
              28.053236502904838,
              45.43163113189936
            ],
            [
              28.052095870826527,
              45.43119261802393
            ],
            [
              28.052210331020987,
              45.431041401060334
            ],
            [
              28.051780961045242,
              45.43085467746341
            ],
            [
              28.051217084847245,
              45.43160334526275
            ],
            [
              28.049893158180076,
              45.43110737216286
            ],
            [
              28.049419781582404,
              45.431021904638705
            ],
            [
              28.048299587994272,
              45.43050022748469
            ],
            [
              28.048019396304884,
              45.43082703005062
            ],
            [
              28.047772575087038,
              45.43073180799905
            ],
            [
              28.047580964733847,
              45.4309564184322
            ],
            [
              28.047477611471113,
              45.4311920013126
            ],
            [
              28.046997011269674,
              45.4309065310446
            ],
            [
              28.047481249128815,
              45.43035418496655
            ],
            [
              28.0458974798131,
              45.42976628176313
            ],
            [
              28.047383086569397,
              45.427888935188456
            ],
            [
              28.046452671765937,
              45.42753811203225
            ],
            [
              28.04656183115127,
              45.426950658458914
            ],
            [
              28.041773993708343,
              45.42467526569727
            ],
            [
              28.039843224268605,
              45.42599843885272
            ],
            [
              28.038768589033957,
              45.42546574517881
            ],
            [
              28.037995622849124,
              45.426781169234374
            ],
            [
              28.03751051451446,
              45.4285647904393
            ],
            [
              28.037498273206378,
              45.428600287834264
            ],
            [
              28.037428829373543,
              45.42875118688764
            ],
            [
              28.03707789727716,
              45.42951373756703
            ],
            [
              28.03704539857923,
              45.429870691855925
            ],
            [
              28.036856170023206,
              45.43184929173276
            ]
          ]
        ]
      }
    },
    {
      "type": "Feature",
      "properties": {
        "utr": "30",
        "zf": "ZF11.1",
        "det": null,
        "obs": null
      },
      "geometry": {
        "type": "Polygon",
        "coordinates": [
          [
            [
              28.029135691919606,
              45.428472265362494
            ],
            [
              28.02904714481055,
              45.42898363068935
            ],
            [
              28.027087712170466,
              45.429429392176516
            ],
            [
              28.026446444689533,
              45.429356038994804
            ],
            [
              28.026282313180683,
              45.429154130861825
            ],
            [
              28.026327044054252,
              45.42862326141172
            ],
            [
              28.02459696243293,
              45.428475429943
            ],
            [
              28.024807059398395,
              45.43064903561065
            ],
            [
              28.025258377647763,
              45.43281077010495
            ],
            [
              28.026606269865827,
              45.432900903197016
            ],
            [
              28.026839312155282,
              45.432733300181305
            ],
            [
              28.029706577331517,
              45.43262542495892
            ],
            [
              28.02951164568051,
              45.433785151407065
            ],
            [
              28.029953409914302,
              45.433704895958066
            ],
            [
              28.030460921423888,
              45.433408661812926
            ],
            [
              28.031330695082044,
              45.4328739128485
            ],
            [
              28.03286060442014,
              45.43282338283038
            ],
            [
              28.034165047938696,
              45.43377573113921
            ],
            [
              28.036759537840933,
              45.43367416976931
            ],
            [
              28.036856170023206,
              45.43184929173276
            ],
            [
              28.03704539857923,
              45.429870691855925
            ],
            [
              28.03707789727716,
              45.42951373756703
            ],
            [
              28.037428829373543,
              45.42875118688764
            ],
            [
              28.037498273206378,
              45.428600287834264
            ],
            [
              28.03399410485416,
              45.428293408617904
            ],
            [
              28.03116269099832,
              45.42804536463279
            ],
            [
              28.029852958919797,
              45.4279217560945
            ],
            [
              28.02974726068721,
              45.42852756668531
            ],
            [
              28.029135691919606,
              45.428472265362494
            ]
          ]
        ]
      }
    },
    {
      "type": "Feature",
      "properties": {
        "utr": "ZCP 12",
        "zf": "ZCP",
        "det": "Cavoul Dr. Aristide Serfioti",
        "obs": "Indicatori conform PUZ-CP in vigoare"
      },
      "geometry": {
        "type": "Polygon",
        "coordinates": [
          [
            [
              28.036972150987282,
              45.46059274196004
            ],
            [
              28.037903045963525,
              45.46078139536031
            ],
            [
              28.037745527482613,
              45.461084862921695
            ],
            [
              28.038790471318844,
              45.461402085828986
            ],
            [
              28.03885115047819,
              45.46126913140087
            ],
            [
              28.040013424242677,
              45.4615331803871
            ],
            [
              28.041018899771196,
              45.46014589611107
            ],
            [
              28.041620125442094,
              45.45999097855466
            ],
            [
              28.042121953411232,
              45.458985701382645
            ],
            [
              28.04028577415711,
              45.45861839230259
            ],
            [
              28.038335741591084,
              45.45801790619414
            ],
            [
              28.036972150987282,
              45.46059274196004
            ]
          ]
        ]
      }
    },
    {
      "type": "Feature",
      "properties": {
        "utr": "ZCP 19",
        "zf": "ZCP",
        "det": "Dornei",
        "obs": "Indicatori conform PUZ-CP in vigoare"
      },
      "geometry": {
        "type": "Polygon",
        "coordinates": [
          [
            [
              28.045726099107753,
              45.45828075099425
            ],
            [
              28.047150047003395,
              45.45534949562249
            ],
            [
              28.04584802442919,
              45.45492087841337
            ],
            [
              28.04461408236577,
              45.45460113467771
            ],
            [
              28.04371530801353,
              45.45641293316521
            ],
            [
              28.043979672078997,
              45.45652862805851
            ],
            [
              28.04380560984771,
              45.45685283434358
            ],
            [
              28.044060082792956,
              45.45689361548631
            ],
            [
              28.04355087502248,
              45.4577797428912
            ],
            [
              28.045726099107753,
              45.45828075099425
            ]
          ]
        ]
      }
    },
    {
      "type": "Feature",
      "properties": {
        "utr": "ZCP 16",
        "zf": "ZCP",
        "det": "Barbosi",
        "obs": "Indicatori conform PUZ-CP in vigoare"
      },
      "geometry": {
        "type": "Polygon",
        "coordinates": [
          [
            [
              28.044722864942745,
              45.45110009138682
            ],
            [
              28.045896288589674,
              45.45021621767422
            ],
            [
              28.045783034611315,
              45.44895051278122
            ],
            [
              28.04465953442151,
              45.44808774023633
            ],
            [
              28.042901643255256,
              45.448217422536366
            ],
            [
              28.04173846948854,
              45.44905061417794
            ],
            [
              28.041712532864235,
              45.450285457794756
            ],
            [
              28.042142418922825,
              45.450630613194136
            ],
            [
              28.04203992069623,
              45.45079750478166
            ],
            [
              28.04305307908109,
              45.451170027962746
            ],
            [
              28.044722864942745,
              45.45110009138682
            ]
          ]
        ]
      }
    },
    {
      "type": "Feature",
      "properties": {
        "utr": "ZCP 2",
        "zf": "ZCP",
        "det": "Sf. Spiridon",
        "obs": "Indicatori conform PUZ-CP in vigoare"
      },
      "geometry": {
        "type": "Polygon",
        "coordinates": [
          [
            [
              27.98625912827451,
              45.40156288802503
            ],
            [
              27.985968081358667,
              45.40202410200013
            ],
            [
              27.98514060522158,
              45.402907790999706
            ],
            [
              27.983892491025962,
              45.40343246456565
            ],
            [
              27.982487577775046,
              45.403472728805994
            ],
            [
              27.98141006218309,
              45.40338984029197
            ],
            [
              27.98001052116793,
              45.40275685285303
            ],
            [
              27.979517774515482,
              45.403412879048545
            ],
            [
              27.981168100341964,
              45.407691129375564
            ],
            [
              27.97708751395373,
              45.408310355919404
            ],
            [
              27.977338718530046,
              45.4116880613332
            ],
            [
              27.9810843932247,
              45.411559035201485
            ],
            [
              27.98118465675163,
              45.4101484109188
            ],
            [
              27.98814074829542,
              45.40994205329374
            ],
            [
              27.98825187378531,
              45.40944049521595
            ],
            [
              27.989909614281395,
              45.40976487272486
            ],
            [
              27.99262956804849,
              45.40775886078647
            ],
            [
              27.993025181583345,
              45.408038806865896
            ],
            [
              27.994017339795587,
              45.40736204151207
            ],
            [
              27.99190536811489,
              45.40593500775825
            ],
            [
              27.99183681132624,
              45.405888682871215
            ],
            [
              27.98625912827451,
              45.40156288802503
            ]
          ]
        ]
      }
    },
    {
      "type": "Feature",
      "properties": {
        "utr": "ZCP 11",
        "zf": "ZCP",
        "det": "Silozuri-Portul Docurilor",
        "obs": "Indicatori conform PUZ-CP in vigoare"
      },
      "geometry": {
        "type": "Polygon",
        "coordinates": [
          [
            [
              28.059489641746424,
              45.433733427548326
            ],
            [
              28.059421678648903,
              45.43340265340255
            ],
            [
              28.05928509134803,
              45.43340858673609
            ],
            [
              28.059008492408342,
              45.43195024483766
            ],
            [
              28.05812592438585,
              45.432239327323025
            ],
            [
              28.05788409976271,
              45.43242222508649
            ],
            [
              28.058276979954794,
              45.433948506868575
            ],
            [
              28.059489641746424,
              45.433733427548326
            ]
          ]
        ]
      }
    },
    {
      "type": "Feature",
      "properties": {
        "utr": "ZCP 15",
        "zf": "ZCP",
        "det": "Cartier Dunarea",
        "obs": "Indicatori conform PUZ-CP in vigoare"
      },
      "geometry": {
        "type": "Polygon",
        "coordinates": [
          [
            [
              28.06296993640749,
              45.43184901142137
            ],
            [
              28.060869712757075,
              45.43062598394773
            ],
            [
              28.060495672893214,
              45.43107231789258
            ],
            [
              28.062606760814965,
              45.43213948594987
            ],
            [
              28.06296993640749,
              45.43184901142137
            ]
          ]
        ]
      }
    },
    {
      "type": "Feature",
      "properties": {
        "utr": "ZCP 4",
        "zf": "ZCP",
        "det": "Biserica Precista",
        "obs": "Indicatori conform PUZ-CP in vigoare"
      },
      "geometry": {
        "type": "Polygon",
        "coordinates": [
          [
            [
              28.05565001174616,
              45.429745681090075
            ],
            [
              28.055627051784537,
              45.42950879912241
            ],
            [
              28.05328786318197,
              45.42877448797249
            ],
            [
              28.05296622288785,
              45.42904743230604
            ],
            [
              28.053071463162127,
              45.42912919605989
            ],
            [
              28.052587355532317,
              45.42985103916481
            ],
            [
              28.05402581607608,
              45.430386581737665
            ],
            [
              28.054435892998356,
              45.42979955564331
            ],
            [
              28.05565001174616,
              45.429745681090075
            ]
          ]
        ]
      }
    },
    {
      "type": "Feature",
      "properties": {
        "utr": "ZCP 18",
        "zf": "ZCP",
        "det": "Farmacie",
        "obs": "Indicatori conform PUZ-CP in vigoare"
      },
      "geometry": {
        "type": "Polygon",
        "coordinates": [
          [
            [
              28.07929136285355,
              45.44286449332607
            ],
            [
              28.073416200935622,
              45.440395397892814
            ],
            [
              28.07292292785742,
              45.44021611291418
            ],
            [
              28.07289587746252,
              45.4407125648299
            ],
            [
              28.074328662664314,
              45.44128544322623
            ],
            [
              28.074617600523016,
              45.44172994157684
            ],
            [
              28.078814467893263,
              45.44341354509317
            ],
            [
              28.07929136285355,
              45.44286449332607
            ]
          ]
        ]
      }
    },
    {
      "type": "Feature",
      "properties": {
        "utr": "ZCP 14",
        "zf": "ZCP",
        "det": "Cavoul Roman",
        "obs": "Indicatori conform PUZ-CP in vigoare"
      },
      "geometry": {
        "type": "Polygon",
        "coordinates": [
          [
            [
              28.07294248503244,
              45.43704400453311
            ],
            [
              28.072155748700776,
              45.437770843412345
            ],
            [
              28.07234550034392,
              45.43814387073561
            ],
            [
              28.072025789464302,
              45.438892025793685
            ],
            [
              28.072179496439492,
              45.43898108868074
            ],
            [
              28.072989182299903,
              45.43904823444865
            ],
            [
              28.074321429448016,
              45.437641211942605
            ],
            [
              28.07294248503244,
              45.43704400453311
            ]
          ]
        ]
      }
    },
    {
      "type": "Feature",
      "properties": {
        "utr": "ZCP 6",
        "zf": "ZCP",
        "det": "Elisabeta Doamna",
        "obs": "Indicatori conform PUZ-CP in vigoare"
      },
      "geometry": {
        "type": "Polygon",
        "coordinates": [
          [
            [
              28.010356083583705,
              45.40868497435
            ],
            [
              28.009924526917644,
              45.40819681167337
            ],
            [
              28.00766284609648,
              45.40874082549933
            ],
            [
              28.00667722683097,
              45.408562475308706
            ],
            [
              28.005898555129907,
              45.40802382930889
            ],
            [
              28.00279481324335,
              45.40796295299341
            ],
            [
              28.003118494325694,
              45.40819802553432
            ],
            [
              28.00306994849023,
              45.40856386365239
            ],
            [
              28.00294665432055,
              45.40870335986146
            ],
            [
              28.003022624039122,
              45.4092333651304
            ],
            [
              28.003022719261164,
              45.40955296901682
            ],
            [
              28.0020156850718,
              45.40967744815652
            ],
            [
              28.002675646212605,
              45.41061145867765
            ],
            [
              28.00329438810339,
              45.40988209660366
            ],
            [
              28.005111262173422,
              45.41097916823066
            ],
            [
              28.006999790653555,
              45.409295539231934
            ],
            [
              28.008629219103344,
              45.4093526148508
            ],
            [
              28.010356083583705,
              45.40868497435
            ]
          ]
        ]
      }
    },
    {
      "type": "Feature",
      "properties": {
        "utr": "ZCP 9",
        "zf": "ZCP",
        "det": "Colegiul National Costache Negri",
        "obs": "Indicatori conform PUZ-CP in vigoare"
      },
      "geometry": {
        "type": "Polygon",
        "coordinates": [
          [
            [
              28.030054751642812,
              45.42854004239983
            ],
            [
              28.03017491882048,
              45.42921675145081
            ],
            [
              28.03111633694283,
              45.429344215941654
            ],
            [
              28.03125688861004,
              45.42951324410873
            ],
            [
              28.03153547610494,
              45.42950400093987
            ],
            [
              28.031716255333887,
              45.42909995162327
            ],
            [
              28.032328077382665,
              45.42919699673202
            ],
            [
              28.032129856410812,
              45.429594126987645
            ],
            [
              28.03233234445335,
              45.43003045176628
            ],
            [
              28.03271262247468,
              45.430233070351406
            ],
            [
              28.032548177434823,
              45.43091545810665
            ],
            [
              28.03285857083795,
              45.43096413427242
            ],
            [
              28.032949674032746,
              45.43081579341061
            ],
            [
              28.03355787471255,
              45.430836949866645
            ],
            [
              28.03399410485416,
              45.428293408617904
            ],
            [
              28.03116269099832,
              45.42804536463279
            ],
            [
              28.029924827293847,
              45.4279265173053
            ],
            [
              28.030054751642812,
              45.42854004239983
            ]
          ]
        ]
      }
    },
    {
      "type": "Feature",
      "properties": {
        "utr": "ZCP 3",
        "zf": "ZCP",
        "det": "Egalitatii",
        "obs": "Indicatori conform PUZ-CP in vigoare"
      },
      "geometry": {
        "type": "Polygon",
        "coordinates": [
          [
            [
              28.03704539857923,
              45.429870691855925
            ],
            [
              28.03836410291765,
              45.42990242055962
            ],
            [
              28.038415072463653,
              45.42917505177413
            ],
            [
              28.038977875430014,
              45.429204072155024
            ],
            [
              28.039077563361698,
              45.4289329240477
            ],
            [
              28.037428829373543,
              45.42875118688764
            ],
            [
              28.03707789727716,
              45.42951373756703
            ],
            [
              28.03704539857923,
              45.429870691855925
            ]
          ]
        ]
      }
    },
    {
      "type": "Feature",
      "properties": {
        "utr": "ZCP 7",
        "zf": "ZCP",
        "det": "Spitalul TBC",
        "obs": "Indicatori conform PUZ-CP in vigoare"
      },
      "geometry": {
        "type": "Polygon",
        "coordinates": [
          [
            [
              28.008953017071867,
              45.448668603985794
            ],
            [
              28.008812306940893,
              45.448691651721916
            ],
            [
              28.008556188650306,
              45.44905469873335
            ],
            [
              28.00840810468484,
              45.44946348111685
            ],
            [
              28.008553406965536,
              45.449994410527665
            ],
            [
              28.008877665362608,
              45.450467268124534
            ],
            [
              28.009395341417694,
              45.45039587160322
            ],
            [
              28.00943237781765,
              45.449871321945324
            ],
            [
              28.008953017071867,
              45.448668603985794
            ]
          ]
        ]
      }
    },
    {
      "type": "Feature",
      "properties": {
        "utr": "ZCP 17",
        "zf": "ZCP",
        "det": "Caminul de Batrani Sf. Spiridon",
        "obs": "Indicatori conform PUZ-CP in vigoare"
      },
      "geometry": {
        "type": "Polygon",
        "coordinates": [
          [
            [
              28.048750992271987,
              45.43370661146123
            ],
            [
              28.0487980690654,
              45.43414456830273
            ],
            [
              28.048997160185774,
              45.43412536075734
            ],
            [
              28.048992232893298,
              45.434442178838765
            ],
            [
              28.049479235498993,
              45.43440870397019
            ],
            [
              28.05047558491977,
              45.43464739008525
            ],
            [
              28.05042971630866,
              45.43473530424114
            ],
            [
              28.050684197725353,
              45.4347888680629
            ],
            [
              28.05087559601267,
              45.43443748540058
            ],
            [
              28.05105432325094,
              45.434096851596074
            ],
            [
              28.051101879436708,
              45.433927883992546
            ],
            [
              28.0507224048157,
              45.4337301448647
            ],
            [
              28.050821675590406,
              45.43356017119151
            ],
            [
              28.05052549152502,
              45.43342125453657
            ],
            [
              28.050355472990063,
              45.433409772624024
            ],
            [
              28.05014094832536,
              45.43363728736112
            ],
            [
              28.049547409723047,
              45.4335468052368
            ],
            [
              28.04923673088238,
              45.43372903331916
            ],
            [
              28.048750992271987,
              45.43370661146123
            ]
          ]
        ]
      }
    },
    {
      "type": "Feature",
      "properties": {
        "utr": "ZCP 10",
        "zf": "ZCP",
        "det": "Pescariile Statului",
        "obs": "Indicatori conform PUZ-CP in vigoare"
      },
      "geometry": {
        "type": "Polygon",
        "coordinates": [
          [
            [
              28.05137668512983,
              45.43645605591612
            ],
            [
              28.052244883848285,
              45.43636863824865
            ],
            [
              28.052437579320983,
              45.43611239446185
            ],
            [
              28.052528665923916,
              45.436059608059715
            ],
            [
              28.052914361490092,
              45.4361938470538
            ],
            [
              28.05312447498123,
              45.43581451773583
            ],
            [
              28.052636830572084,
              45.435705341976316
            ],
            [
              28.05256764180721,
              45.43584279486779
            ],
            [
              28.051283824713625,
              45.4358959363864
            ],
            [
              28.05137668512983,
              45.43645605591612
            ]
          ]
        ]
      }
    },
    {
      "type": "Feature",
      "properties": {
        "utr": "ZCP 13",
        "zf": "ZCP",
        "det": "Basorelief Concertul",
        "obs": "Indicatori conform PUZ-CP in vigoare"
      },
      "geometry": {
        "type": "Polygon",
        "coordinates": [
          [
            [
              28.048668516170977,
              45.43791011011696
            ],
            [
              28.04986033547985,
              45.437825529383886
            ],
            [
              28.050438466322788,
              45.43680088734649
            ],
            [
              28.049496747487087,
              45.43671792770823
            ],
            [
              28.0492358395377,
              45.437296251610704
            ],
            [
              28.048589403849967,
              45.43733678956493
            ],
            [
              28.048668516170977,
              45.43791011011696
            ]
          ]
        ]
      }
    },
    {
      "type": "Feature",
      "properties": {
        "utr": "?",
        "zf": "ZCP",
        "det": "?",
        "obs": "Indicatori conform PUZ-CP in vigoare"
      },
      "geometry": {
        "type": "Polygon",
        "coordinates": [
          [
            [
              28.056340725253403,
              45.43385856057187
            ],
            [
              28.056053311978292,
              45.43242637593274
            ],
            [
              28.055638769240655,
              45.43247497036469
            ],
            [
              28.055486443859213,
              45.433547924125754
            ],
            [
              28.05597116068169,
              45.433518538363174
            ],
            [
              28.056047690986425,
              45.433873599823634
            ],
            [
              28.056340725253403,
              45.43385856057187
            ]
          ]
        ]
      }
    },
    {
      "type": "Feature",
      "properties": {
        "utr": "ZCP 1",
        "zf": "ZCP",
        "det": "Domneasca-Nicolae Balcescu-Mihai Bravu",
        "obs": "Indicatori conform PUZ-CP in vigoare"
      },
      "geometry": {
        "type": "Polygon",
        "coordinates": [
          [
            [
              28.051346938849793,
              45.4343738203947
            ],
            [
              28.052452346199743,
              45.434848804951386
            ],
            [
              28.052330680057768,
              45.4350124108174
            ],
            [
              28.05337893916092,
              45.43535192577438
            ],
            [
              28.05320723803202,
              45.43566794407798
            ],
            [
              28.053963234980813,
              45.435878701525525
            ],
            [
              28.05375109875095,
              45.43695580066826
            ],
            [
              28.053304045700894,
              45.437087016485656
            ],
            [
              28.052570478543526,
              45.43712378482832
            ],
            [
              28.05168184672182,
              45.43725711404225
            ],
            [
              28.05135058050517,
              45.437449512836594
            ],
            [
              28.051225044673988,
              45.43817237463998
            ],
            [
              28.050254905701347,
              45.43805673967249
            ],
            [
              28.0499911511272,
              45.438377853782406
            ],
            [
              28.0500874835045,
              45.43841433896446
            ],
            [
              28.05012351487079,
              45.43890950844079
            ],
            [
              28.04982219254183,
              45.438909018082036
            ],
            [
              28.049742604776664,
              45.439037200757156
            ],
            [
              28.049044703311143,
              45.43901800060827
            ],
            [
              28.048602449160967,
              45.43988009695482
            ],
            [
              28.049083777424666,
              45.4399663834074
            ],
            [
              28.049109586590365,
              45.440203464939515
            ],
            [
              28.049374623633096,
              45.44030214748565
            ],
            [
              28.04950069957347,
              45.44246825077974
            ],
            [
              28.04897863872716,
              45.44345707415878
            ],
            [
              28.050520645153778,
              45.44362235059328
            ],
            [
              28.050197764501032,
              45.444812463131186
            ],
            [
              28.052226198926906,
              45.44535256494082
            ],
            [
              28.051006407548197,
              45.44760244854546
            ],
            [
              28.0520426836562,
              45.44793665521399
            ],
            [
              28.05086166314447,
              45.450078644793315
            ],
            [
              28.049892014329483,
              45.449801431777445
            ],
            [
              28.048643919048978,
              45.452231654070495
            ],
            [
              28.050509651396695,
              45.45275999822336
            ],
            [
              28.05448438262579,
              45.45369052597447
            ],
            [
              28.0547782980864,
              45.4535030383297
            ],
            [
              28.055232800250344,
              45.45361582353336
            ],
            [
              28.056263313865305,
              45.45178702114416
            ],
            [
              28.05565206083534,
              45.45158688764704
            ],
            [
              28.05732816961476,
              45.44928234030265
            ],
            [
              28.057621968210707,
              45.44841239047852
            ],
            [
              28.057910221916124,
              45.44656249259453
            ],
            [
              28.058051006911267,
              45.443421063803314
            ],
            [
              28.05823478022609,
              45.44314709901468
            ],
            [
              28.0578743944239,
              45.44289597356337
            ],
            [
              28.058036514658575,
              45.442394398222696
            ],
            [
              28.0580858485487,
              45.44064237212221
            ],
            [
              28.05863115006597,
              45.43933650377174
            ],
            [
              28.058673024787296,
              45.438938506861795
            ],
            [
              28.058879652081075,
              45.43678610959088
            ],
            [
              28.058169311336318,
              45.4367506770151
            ],
            [
              28.058190353902255,
              45.43631383891353
            ],
            [
              28.057734210383842,
              45.43633050359874
            ],
            [
              28.057583837707053,
              45.43543902581404
            ],
            [
              28.0573319392244,
              45.43489260650519
            ],
            [
              28.057842109207343,
              45.43492562482418
            ],
            [
              28.057953482540217,
              45.43486665980367
            ],
            [
              28.057945405609765,
              45.43469763200232
            ],
            [
              28.05847344496885,
              45.43468325110369
            ],
            [
              28.058328012407756,
              45.43434282546485
            ],
            [
              28.057999308712937,
              45.43435663705647
            ],
            [
              28.057899603628837,
              45.43372842456818
            ],
            [
              28.05730588928453,
              45.43371152828789
            ],
            [
              28.05710447325731,
              45.434442127043084
            ],
            [
              28.05640650568881,
              45.43428234314601
            ],
            [
              28.055871820140233,
              45.434287627463725
            ],
            [
              28.05592959366551,
              45.434854607993685
            ],
            [
              28.056632618870424,
              45.434856542203036
            ],
            [
              28.056508383057047,
              45.435534132288964
            ],
            [
              28.05469765116572,
              45.43573582095959
            ],
            [
              28.054654028336593,
              45.43561968086197
            ],
            [
              28.0552171611543,
              45.435534274189536
            ],
            [
              28.054878451897974,
              45.4342978022023
            ],
            [
              28.053506282570595,
              45.434363604754815
            ],
            [
              28.053558789587235,
              45.43411531324584
            ],
            [
              28.052898250611413,
              45.434009944365755
            ],
            [
              28.052955153374512,
              45.43374969959793
            ],
            [
              28.05193667662047,
              45.43336516047827
            ],
            [
              28.051346938849793,
              45.4343738203947
            ]
          ]
        ]
      }
    },
    {
      "type": "Feature",
      "properties": {
        "utr": "ZCP 5",
        "zf": "ZCP",
        "det": "Portul Comercial (Palatul Navigatiei)",
        "obs": "Indicatori conform PUZ-CP in vigoare"
      },
      "geometry": {
        "type": "Polygon",
        "coordinates": [
          [
            [
              28.047925902778722,
              45.458787368678756
            ],
            [
              28.047958698715124,
              45.45784720931648
            ],
            [
              28.047798195828687,
              45.45727264328077
            ],
            [
              28.04690739044138,
              45.45855281040923
            ],
            [
              28.047925902778722,
              45.458787368678756
            ]
          ]
        ]
      }
    }
  ]
}