{"type": "FeatureCollection", "features": [{"type": "Feature", "properties": {"utr": "UTR6_L1", "tip_szf": "subzona de locuire individuală situată în ţesut tradiţional cu regim de construire continuu şi discontinuu. Subzonă dezvoltată în etape succesive, organic și planificat", "cod_zf": "ZF11", "tip_zf": "Zonă locuințe și funcțiuni complementare", "arie_mp": 26506.9}, "geometry": {"type": "Polygon", "coordinates": [[[27.689376681371858, 47.17242764414748], [27.68974716435851, 47.172667031229764], [27.692583678371037, 47.16869712457186], [27.69211901606615, 47.1684317721299], [27.6919097609696, 47.1686656864506], [27.6918523773243, 47.1688063019145], [27.691082324001215, 47.16980835841893], [27.689549040815816, 47.17174401151251], [27.689255216560824, 47.17166043162334], [27.68920467484333, 47.17173751851804], [27.68917289707083, 47.171882882061425], [27.689090359803117, 47.17209331978019], [27.688992968143292, 47.17223211020895], [27.689161901839192, 47.17233740282145], [27.689376681371858, 47.17242764414748]]]}}, {"type": "Feature", "properties": {"utr": "UTR22_G2", "tip_szf": "Subzona cimitirelor şi a amenajărilor aferente", "cod_zf": "ZF13", "tip_zf": "Zonă gospodării comunale", "arie_mp": 5312.0}, "geometry": {"type": "Polygon", "coordinates": [[[27.665013525481495, 47.19586213532613], [27.66532425111664, 47.19533820451119], [27.664278697250236, 47.19504576632493], [27.664011379110796, 47.195604704183765], [27.665013525481495, 47.19586213532613]]]}}, {"type": "Feature", "properties": {"utr": "UTR5_IS1", "tip_szf": "Subzonă instituțiilor publice și serviciilor de interes general", "cod_zf": "ZF09", "tip_zf": "Zonă instituții publice", "arie_mp": 3442.7}, "geometry": {"type": "Polygon", "coordinates": [[[27.665013525481495, 47.19586213532613], [27.665648764854826, 47.19604319690633], [27.66602151624521, 47.19553115764714], [27.66532425111664, 47.19533820451119], [27.665013525481495, 47.19586213532613]]]}}, {"type": "Feature", "properties": {"utr": "UTR20_L1", "tip_szf": "subzona de locuire individuală situată în ţesut tradiţional cu regim de construire continuu şi discontinuu. Subzonă dezvoltată în etape succesive, organic și planificat", "cod_zf": "ZF11", "tip_zf": "Zonă locuințe și funcțiuni complementare", "arie_mp": 29808.2}, "geometry": {"type": "Polygon", "coordinates": [[[27.669683764302395, 47.19952906066623], [27.670617521336364, 47.19819674760019], [27.670647622915588, 47.19793059184538], [27.670868347640443, 47.19772522219101], [27.670071478459054, 47.19748436402779], [27.66990507211332, 47.19770640201645], [27.66968036108441, 47.197663832579984], [27.66956615238346, 47.19785923269277], [27.669908735633673, 47.19790580401749], [27.6694785583932, 47.1986724203107], [27.669402152899035, 47.19885111840244], [27.668655680729458, 47.19877311837399], [27.66874107845657, 47.19895014430358], [27.66869032788562, 47.19908521595653], [27.668587990547973, 47.19921459882014], [27.668564503248216, 47.199208154362005], [27.66848711601749, 47.19923309440079], [27.668414545190828, 47.199281104576734], [27.668402222675912, 47.19929485135185], [27.668444639220656, 47.19931626204329], [27.668384993803432, 47.19937569059913], [27.66848781061492, 47.19940602940676], [27.668622598963978, 47.19947555874983], [27.66845131355659, 47.19961649334165], [27.668187430352447, 47.19953809971617], [27.668050851255334, 47.19966405958769], [27.66802362431448, 47.199653664006554], [27.667894933569087, 47.19975343469994], [27.667746812155087, 47.199895588614375], [27.667791857265858, 47.19990452034578], [27.667829624718912, 47.199957003922556], [27.667932753800812, 47.200010895295804], [27.66784376667746, 47.200170780878985], [27.66770889762136, 47.2001802690919], [27.667662897729123, 47.200279751697806], [27.669028989076537, 47.200680268788766], [27.669139873041537, 47.200534056425866], [27.669683764302395, 47.19952906066623]]]}}, {"type": "Feature", "properties": {"utr": "UTR20_L1", "tip_szf": "subzona de locuire individuală situată în ţesut tradiţional cu regim de construire continuu şi discontinuu. Subzonă dezvoltată în etape succesive, organic și planificat", "cod_zf": "ZF11", "tip_zf": "Zonă locuințe și funcțiuni complementare", "arie_mp": 9139.6}, "geometry": {"type": "Polygon", "coordinates": [[[27.667662897729123, 47.200279751697806], [27.66745861574165, 47.200721541711744], [27.66725357468125, 47.200910660138355], [27.668211187435215, 47.20118246693163], [27.668044641452486, 47.20145502094666], [27.66835401869695, 47.20157027009618], [27.669028989076537, 47.200680268788766], [27.667662897729123, 47.200279751697806]]]}}, {"type": "Feature", "properties": {"utr": "UTR20_L1", "tip_szf": "subzona de locuire individuală situată în ţesut tradiţional cu regim de construire continuu şi discontinuu. Subzonă dezvoltată în etape succesive, organic și planificat", "cod_zf": "ZF11", "tip_zf": "Zonă locuințe și funcțiuni complementare", "arie_mp": 6511.8}, "geometry": {"type": "Polygon", "coordinates": [[[27.66571488369683, 47.1985030567984], [27.66576275825655, 47.19838684084105], [27.665146780220713, 47.19822133695083], [27.664467798705275, 47.199348365227486], [27.66491120476952, 47.19949375207867], [27.664979710952014, 47.19939978610825], [27.66505092349656, 47.1994236223329], [27.66571488369683, 47.1985030567984]]]}}, {"type": "Feature", "properties": {"utr": "UTR20_L1", "tip_szf": "subzona de locuire individuală situată în ţesut tradiţional cu regim de construire continuu şi discontinuu. Subzonă dezvoltată în etape succesive, organic și planificat", "cod_zf": "ZF11", "tip_zf": "Zonă locuințe și funcțiuni complementare", "arie_mp": 334.4}, "geometry": {"type": "Polygon", "coordinates": [[[27.668536116686386, 47.1994880561508], [27.668449049805528, 47.199430573060475], [27.668354047756395, 47.19940445439657], [27.668305951739217, 47.19941995346654], [27.668187430352447, 47.19953809971617], [27.668402935191356, 47.19960212241655], [27.668536116686386, 47.1994880561508]]]}}, {"type": "Feature", "properties": {"utr": "UTR20_L1", "tip_szf": "subzona de locuire individuală situată în ţesut tradiţional cu regim de construire continuu şi discontinuu. Subzonă dezvoltată în etape succesive, organic și planificat", "cod_zf": "ZF11", "tip_zf": "Zonă locuințe și funcțiuni complementare", "arie_mp": 5558.8}, "geometry": {"type": "Polygon", "coordinates": [[[27.664517859013465, 47.20261293849917], [27.66461453643594, 47.202633844684094], [27.66448609701788, 47.20283077013907], [27.664787917456547, 47.202911105795735], [27.6646238394978, 47.203115149710214], [27.665255054162046, 47.20323409398769], [27.665609074177212, 47.20255314675518], [27.664756428070845, 47.20228602022998], [27.664639800267167, 47.202424472039795], [27.664517859013465, 47.20261293849917]]]}}, {"type": "Feature", "properties": {"utr": "UTR20_L1", "tip_szf": "subzona de locuire individuală situată în ţesut tradiţional cu regim de construire continuu şi discontinuu. Subzonă dezvoltată în etape succesive, organic și planificat", "cod_zf": "ZF11", "tip_zf": "Zonă locuințe și funcțiuni complementare", "arie_mp": 2530.2}, "geometry": {"type": "Polygon", "coordinates": [[[27.668446331683132, 47.19771958189273], [27.66853732944998, 47.19753156285776], [27.668149450605092, 47.19739744055764], [27.668009824858274, 47.19757623896662], [27.668129392470355, 47.19762172230558], [27.668040070811145, 47.19785772442196], [27.667987027346634, 47.19824413534547], [27.66829233580994, 47.19829052524404], [27.668446331683132, 47.19771958189273]]]}}, {"type": "Feature", "properties": {"utr": "UTR20_L1", "tip_szf": "subzona de locuire individuală situată în ţesut tradiţional cu regim de construire continuu şi discontinuu. Subzonă dezvoltată în etape succesive, organic și planificat", "cod_zf": "ZF11", "tip_zf": "Zonă locuințe și funcțiuni complementare", "arie_mp": 40892.3}, "geometry": {"type": "Polygon", "coordinates": [[[27.670411352676286, 47.19056665536839], [27.668045900818615, 47.19392394969636], [27.669175133281595, 47.194269751366214], [27.67017544421936, 47.193049118244474], [27.67039595474562, 47.192692638555926], [27.670498272667203, 47.192496864740995], [27.670762478852204, 47.19209619592019], [27.671228921156782, 47.191443535845956], [27.671466672501182, 47.19102280196167], [27.671580984083587, 47.19093771828898], [27.67167439670214, 47.190925236030225], [27.671401447060752, 47.190843505476025], [27.670851545349542, 47.190710112971814], [27.670411352676286, 47.19056665536839]]]}}, {"type": "Feature", "properties": {"utr": "UTR20_L1", "tip_szf": "subzona de locuire individuală situată în ţesut tradiţional cu regim de construire continuu şi discontinuu. Subzonă dezvoltată în etape succesive, organic și planificat", "cod_zf": "ZF11", "tip_zf": "Zonă locuințe și funcțiuni complementare", "arie_mp": 4315.2}, "geometry": {"type": "Polygon", "coordinates": [[[27.6719711422915, 47.1944771633691], [27.67206199438433, 47.19419328308937], [27.671454587626318, 47.1940058389266], [27.670792592498024, 47.19377606090233], [27.67053107082592, 47.194138543301264], [27.671239776556913, 47.194370967502664], [27.671287139855995, 47.19429046142731], [27.6719711422915, 47.1944771633691]]]}}, {"type": "Feature", "properties": {"utr": "UTR20_L1", "tip_szf": "subzona de locuire individuală situată în ţesut tradiţional cu regim de construire continuu şi discontinuu. Subzonă dezvoltată în etape succesive, organic și planificat", "cod_zf": "ZF11", "tip_zf": "Zonă locuințe și funcțiuni complementare", "arie_mp": 7284.7}, "geometry": {"type": "Polygon", "coordinates": [[[27.675035752588922, 47.19085885782074], [27.67539288619491, 47.19055578971939], [27.675630560001775, 47.19029032993912], [27.675059564218778, 47.19010883456342], [27.67450584156186, 47.190829714884714], [27.674336278811637, 47.19132354746042], [27.673798970682626, 47.192011101133886], [27.673861128084745, 47.1920264920161], [27.674054483506556, 47.19193485420102], [27.674261430160335, 47.19181902969083], [27.67441403478018, 47.191711989850596], [27.67467472588588, 47.191362227880695], [27.674915689220203, 47.19098210984714], [27.675035752588922, 47.19085885782074]]]}}, {"type": "Feature", "properties": {"utr": "UTR20_L1", "tip_szf": "subzona de locuire individuală situată în ţesut tradiţional cu regim de construire continuu şi discontinuu. Subzonă dezvoltată în etape succesive, organic și planificat", "cod_zf": "ZF11", "tip_zf": "Zonă locuințe și funcțiuni complementare", "arie_mp": 9023.8}, "geometry": {"type": "Polygon", "coordinates": [[[27.67667953453165, 47.18910317131514], [27.677043561727167, 47.188746077077006], [27.67713752724047, 47.1886272923301], [27.676591641443004, 47.188489879950914], [27.676284156988068, 47.188790117923546], [27.676008813239054, 47.18912258738001], [27.675882567458128, 47.18924352547564], [27.67567551082109, 47.18938224192092], [27.675476444651448, 47.18956559414461], [27.675330863118642, 47.189732299102545], [27.675237158921444, 47.18989696597588], [27.675819606422493, 47.190083096299624], [27.675630560001775, 47.19029032993912], [27.67615063629626, 47.189749011874845], [27.676504613553536, 47.18933541845813], [27.67667953453165, 47.18910317131514]]]}}, {"type": "Feature", "properties": {"utr": "UTR5_IS1", "tip_szf": "Subzonă instituțiilor publice și serviciilor de interes general", "cod_zf": "ZF09", "tip_zf": "Zonă instituții publice", "arie_mp": 1793.9}, "geometry": {"type": "Polygon", "coordinates": [[[27.667530405000825, 47.19619125291245], [27.66826219282266, 47.19649048617679], [27.668404673045387, 47.19634881058741], [27.668334298318506, 47.19627590927032], [27.668365550185733, 47.19621082820588], [27.667729385796893, 47.19599274468506], [27.667530405000825, 47.19619125291245]]]}}, {"type": "Feature", "properties": {"utr": "UTR20_L1", "tip_szf": "subzona de locuire individuală situată în ţesut tradiţional cu regim de construire continuu şi discontinuu. Subzonă dezvoltată în etape succesive, organic și planificat", "cod_zf": "ZF11", "tip_zf": "Zonă locuințe și funcțiuni complementare", "arie_mp": 17601.8}, "geometry": {"type": "Polygon", "coordinates": [[[27.662614057465532, 47.20160306824025], [27.661782631495036, 47.20298975768135], [27.66318283192153, 47.20336713474757], [27.663206380001377, 47.203241887292926], [27.66334848991799, 47.20304578078208], [27.663526240534527, 47.20265794230531], [27.663663100006325, 47.202451294707316], [27.663822450800733, 47.202086720940166], [27.66333612624681, 47.20183832223148], [27.662614057465532, 47.20160306824025]]]}}, {"type": "Feature", "properties": {"utr": "UTR20_L1", "tip_szf": "subzona de locuire individuală situată în ţesut tradiţional cu regim de construire continuu şi discontinuu. Subzonă dezvoltată în etape succesive, organic și planificat", "cod_zf": "ZF11", "tip_zf": "Zonă locuințe și funcțiuni complementare", "arie_mp": 3469.4}, "geometry": {"type": "Polygon", "coordinates": [[[27.66279239489633, 47.204695211387104], [27.662578567970453, 47.20524706508025], [27.663265185616364, 47.205396136417235], [27.663472804035575, 47.20484071001463], [27.66279239489633, 47.204695211387104]]]}}, {"type": "Feature", "properties": {"utr": "UTR20_L1", "tip_szf": "subzona de locuire individuală situată în ţesut tradiţional cu regim de construire continuu şi discontinuu. Subzonă dezvoltată în etape succesive, organic și planificat", "cod_zf": "ZF11", "tip_zf": "Zonă locuințe și funcțiuni complementare", "arie_mp": 5354.2}, "geometry": {"type": "Polygon", "coordinates": [[[27.669128048480243, 47.196273533441456], [27.668852411260637, 47.19613769153189], [27.668120042460167, 47.19686267869203], [27.668756215063684, 47.197124922282256], [27.669305098791117, 47.19659695629582], [27.669345909103722, 47.19653106961182], [27.669365418195408, 47.196484742528874], [27.669342964934323, 47.19641547918724], [27.669128048480243, 47.196273533441456]]]}}, {"type": "Feature", "properties": {"utr": "UTR20_L1", "tip_szf": "subzona de locuire individuală situată în ţesut tradiţional cu regim de construire continuu şi discontinuu. Subzonă dezvoltată în etape succesive, organic și planificat", "cod_zf": "ZF11", "tip_zf": "Zonă locuințe și funcțiuni complementare", "arie_mp": 2779.6}, "geometry": {"type": "Polygon", "coordinates": [[[27.66725357468125, 47.200910660138355], [27.66711581531098, 47.200941053258866], [27.66698173124327, 47.20114184304863], [27.668044641452486, 47.20145502094666], [27.668211187435215, 47.20118246693163], [27.66725357468125, 47.200910660138355]]]}}, {"type": "Feature", "properties": {"utr": "UTR20_L1", "tip_szf": "subzona de locuire individuală situată în ţesut tradiţional cu regim de construire continuu şi discontinuu. Subzonă dezvoltată în etape succesive, organic și planificat", "cod_zf": "ZF11", "tip_zf": "Zonă locuințe și funcțiuni complementare", "arie_mp": 8802.2}, "geometry": {"type": "Polygon", "coordinates": [[[27.671961510938058, 47.19344320677516], [27.67233682581307, 47.193012786143306], [27.67272479595095, 47.19251161480257], [27.672788534882848, 47.19234533809843], [27.67208515839099, 47.19205894755911], [27.671275755310912, 47.19316444993653], [27.671961510938058, 47.19344320677516]]]}}, {"type": "Feature", "properties": {"utr": "UTR20_L1", "tip_szf": "subzona de locuire individuală situată în ţesut tradiţional cu regim de construire continuu şi discontinuu. Subzonă dezvoltată în etape succesive, organic și planificat", "cod_zf": "ZF11", "tip_zf": "Zonă locuințe și funcțiuni complementare", "arie_mp": 4517.4}, "geometry": {"type": "Polygon", "coordinates": [[[27.66776807384404, 47.19431824009382], [27.66888708685792, 47.19467080896016], [27.669175133281595, 47.194269751366214], [27.668045900818615, 47.19392394969636], [27.66776807384404, 47.19431824009382]]]}}, {"type": "Feature", "properties": {"utr": "UTR20_L1", "tip_szf": "subzona de locuire individuală situată în ţesut tradiţional cu regim de construire continuu şi discontinuu. Subzonă dezvoltată în etape succesive, organic și planificat", "cod_zf": "ZF11", "tip_zf": "Zonă locuințe și funcțiuni complementare", "arie_mp": 6310.3}, "geometry": {"type": "Polygon", "coordinates": [[[27.67188252642142, 47.193448766026776], [27.671224261154485, 47.19317106840543], [27.670862281190676, 47.19365068743434], [27.670792592498024, 47.19377606090233], [27.671454587626318, 47.1940058389266], [27.672013925782895, 47.19417844940795], [27.6721397645569, 47.19390210326776], [27.672228345161386, 47.19376007330508], [27.671749279811994, 47.19359732102942], [27.67188252642142, 47.193448766026776]]]}}, {"type": "Feature", "properties": {"utr": "UTR20_L1", "tip_szf": "subzona de locuire individuală situată în ţesut tradiţional cu regim de construire continuu şi discontinuu. Subzonă dezvoltată în etape succesive, organic și planificat", "cod_zf": "ZF11", "tip_zf": "Zonă locuințe și funcțiuni complementare", "arie_mp": 2323.7}, "geometry": {"type": "Polygon", "coordinates": [[[27.675707798931956, 47.190260121735], [27.675349104678357, 47.190637563754144], [27.675960398338294, 47.19080786257335], [27.676261020305912, 47.1904134933341], [27.675707798931956, 47.190260121735]]]}}, {"type": "Feature", "properties": {"utr": "UTR20_L1", "tip_szf": "subzona de locuire individuală situată în ţesut tradiţional cu regim de construire continuu şi discontinuu. Subzonă dezvoltată în etape succesive, organic și planificat", "cod_zf": "ZF11", "tip_zf": "Zonă locuințe și funcțiuni complementare", "arie_mp": 1297.9}, "geometry": {"type": "Polygon", "coordinates": [[[27.67562656438159, 47.19028905991485], [27.675819606422493, 47.190083096299624], [27.675237158921444, 47.18989696597588], [27.675059564218778, 47.19010883456342], [27.67562656438159, 47.19028905991485]]]}}, {"type": "Feature", "properties": {"utr": "UTR20_L1", "tip_szf": "subzona de locuire individuală situată în ţesut tradiţional cu regim de construire continuu şi discontinuu. Subzonă dezvoltată în etape succesive, organic și planificat", "cod_zf": "ZF11", "tip_zf": "Zonă locuințe și funcțiuni complementare", "arie_mp": 36095.0}, "geometry": {"type": "Polygon", "coordinates": [[[27.662810210765368, 47.20437207501989], [27.663134236990523, 47.20358856315595], [27.66318283192153, 47.20336713474757], [27.661782631495036, 47.20298975768135], [27.661616270356213, 47.20326721302578], [27.66060677897234, 47.20544506376117], [27.66234635699178, 47.205884484214074], [27.662493025546347, 47.205234638499796], [27.662810210765368, 47.20437207501989]]]}}, {"type": "Feature", "properties": {"utr": "UTR20_L1", "tip_szf": "subzona de locuire individuală situată în ţesut tradiţional cu regim de construire continuu şi discontinuu. Subzonă dezvoltată în etape succesive, organic și planificat", "cod_zf": "ZF11", "tip_zf": "Zonă locuințe și funcțiuni complementare", "arie_mp": 27012.5}, "geometry": {"type": "Polygon", "coordinates": [[[27.662385549772978, 47.20589438399237], [27.663302722314196, 47.206099804052805], [27.664926348648258, 47.203716604453504], [27.66333720063586, 47.203299223778494], [27.663080041499242, 47.203873408377135], [27.662864008217774, 47.204434242086975], [27.66279239489633, 47.204695211387104], [27.663472804035575, 47.20484071001463], [27.663265185616364, 47.205396136417235], [27.662578567970453, 47.20524706508025], [27.66243132074597, 47.205662433060894], [27.662385549772978, 47.20589438399237]]]}}, {"type": "Feature", "properties": {"utr": "UTR20_L1", "tip_szf": "subzona de locuire individuală situată în ţesut tradiţional cu regim de construire continuu şi discontinuu. Subzonă dezvoltată în etape succesive, organic și planificat", "cod_zf": "ZF11", "tip_zf": "Zonă locuințe și funcțiuni complementare", "arie_mp": 14013.9}, "geometry": {"type": "Polygon", "coordinates": [[[27.6646238394978, 47.203115149710214], [27.664787917456547, 47.202911105795735], [27.66448609701788, 47.20283077013907], [27.66461453643594, 47.202633844684094], [27.664517859013465, 47.20261293849917], [27.664639800267167, 47.202424472039795], [27.664756428070845, 47.20228602022998], [27.664119315013053, 47.20199655167646], [27.66403569481183, 47.20199672930429], [27.663921292511375, 47.20220024130207], [27.663756401425687, 47.202440004077026], [27.66333720063586, 47.203299223778494], [27.664926348648258, 47.203716604453504], [27.665255054162046, 47.20323409398769], [27.6646238394978, 47.203115149710214]]]}}, {"type": "Feature", "properties": {"utr": "UTR20_L1", "tip_szf": "subzona de locuire individuală situată în ţesut tradiţional cu regim de construire continuu şi discontinuu. Subzonă dezvoltată în etape succesive, organic și planificat", "cod_zf": "ZF11", "tip_zf": "Zonă locuințe și funcțiuni complementare", "arie_mp": 34373.1}, "geometry": {"type": "Polygon", "coordinates": [[[27.665968290161118, 47.20082210628451], [27.66563663649601, 47.20125127417919], [27.66558590715448, 47.201343741878226], [27.66525506960507, 47.201713427499136], [27.664882427355057, 47.202250780133056], [27.66545882926016, 47.20244973587256], [27.665654063434463, 47.202498513097126], [27.666812218869026, 47.20109203854127], [27.666824162033357, 47.20109554757903], [27.666944514988543, 47.20091532089636], [27.66709998403036, 47.20081953316419], [27.667250339447815, 47.20077261827166], [27.667321039086936, 47.20072049900272], [27.667368236202268, 47.20066134017553], [27.667624182521134, 47.20010068694206], [27.667780510069587, 47.200028841737335], [27.667652019316577, 47.20004359437041], [27.66759236646746, 47.199780644007014], [27.667729421559528, 47.19977617765564], [27.667863282025433, 47.19969488873845], [27.66802768730607, 47.19956423176974], [27.66844459267902, 47.199180027842964], [27.668501741789022, 47.19906157866616], [27.668593510578933, 47.199095005500354], [27.668631795430784, 47.19892440280978], [27.66853799526483, 47.19845660440248], [27.66840127280428, 47.19841882444185], [27.667975674682022, 47.19835191977523], [27.66768953285065, 47.19880514718255], [27.667315525036674, 47.1992393631886], [27.667089902025467, 47.19943455160309], [27.666705963964123, 47.19988654114852], [27.666466849015485, 47.20023628385889], [27.665968290161118, 47.20082210628451]]]}}, {"type": "Feature", "properties": {"utr": "UTR20_L1", "tip_szf": "subzona de locuire individuală situată în ţesut tradiţional cu regim de construire continuu şi discontinuu. Subzonă dezvoltată în etape succesive, organic și planificat", "cod_zf": "ZF11", "tip_zf": "Zonă locuințe și funcțiuni complementare", "arie_mp": 21419.2}, "geometry": {"type": "Polygon", "coordinates": [[[27.664109577901105, 47.20187845671598], [27.664793954612094, 47.20219145315062], [27.66543072575853, 47.20143046329517], [27.666066636987797, 47.20060515278979], [27.666126185941316, 47.200548426369764], [27.666788054304934, 47.19967251441615], [27.667110869208276, 47.1993180656437], [27.667081226882186, 47.19929001228555], [27.666492433705365, 47.19904768459722], [27.666008426607117, 47.19957150594201], [27.665481236730106, 47.20025577594181], [27.664851744627963, 47.201028495590336], [27.664109577901105, 47.20187845671598]]]}}, {"type": "Feature", "properties": {"utr": "UTR20_L1", "tip_szf": "subzona de locuire individuală situată în ţesut tradiţional cu regim de construire continuu şi discontinuu. Subzonă dezvoltată în etape succesive, organic și planificat", "cod_zf": "ZF11", "tip_zf": "Zonă locuințe și funcțiuni complementare", "arie_mp": 14873.7}, "geometry": {"type": "Polygon", "coordinates": [[[27.668040070811145, 47.19785772442196], [27.668129392470355, 47.19762172230558], [27.668009824858274, 47.19757623896662], [27.668149450605092, 47.19739744055764], [27.66853732944998, 47.19753156285776], [27.668707627577284, 47.19717330884207], [27.66829222682819, 47.196978715232575], [27.6680699935628, 47.196910070140426], [27.66802062748224, 47.19693371550341], [27.667640101470816, 47.19743032638269], [27.667269392986118, 47.19796244874508], [27.66702519272846, 47.19832780500404], [27.6668527967667, 47.198620988395675], [27.66649339410272, 47.199011656846004], [27.667185736109563, 47.19928422099894], [27.667581385027255, 47.19884636439977], [27.667987027346634, 47.19824413534547], [27.668040070811145, 47.19785772442196]]]}}, {"type": "Feature", "properties": {"utr": "UTR20_L1", "tip_szf": "subzona de locuire individuală situată în ţesut tradiţional cu regim de construire continuu şi discontinuu. Subzonă dezvoltată în etape succesive, organic și planificat", "cod_zf": "ZF11", "tip_zf": "Zonă locuințe și funcțiuni complementare", "arie_mp": 39146.7}, "geometry": {"type": "Polygon", "coordinates": [[[27.67493360889063, 47.19101880853569], [27.67453931785422, 47.191598755818205], [27.675732409191713, 47.191963813752146], [27.67862061701756, 47.18852122392929], [27.67749834325449, 47.18823875716105], [27.677188781627507, 47.188640189124186], [27.67671103576581, 47.18911866329375], [27.676491517824992, 47.18940426299417], [27.676181700754043, 47.18976484721809], [27.675707798931956, 47.190260121735], [27.676261020305912, 47.1904134933341], [27.675960398338294, 47.19080786257335], [27.675349104678357, 47.190637563754144], [27.6750598397474, 47.1908818847528], [27.67493360889063, 47.19101880853569]]]}}, {"type": "Feature", "properties": {"utr": "UTR20_L1", "tip_szf": "subzona de locuire individuală situată în ţesut tradiţional cu regim de construire continuu şi discontinuu. Subzonă dezvoltată în etape succesive, organic și planificat", "cod_zf": "ZF11", "tip_zf": "Zonă locuințe și funcțiuni complementare", "arie_mp": 12435.6}, "geometry": {"type": "Polygon", "coordinates": [[[27.67304275521073, 47.19317731149452], [27.673444111366514, 47.193262591064205], [27.674397912042725, 47.19355429580061], [27.675159236145223, 47.19264694871093], [27.673833369327188, 47.19220909239077], [27.67388766092197, 47.19206223200767], [27.67406112738217, 47.191965890594766], [27.67388716979162, 47.19204833510384], [27.673858339050398, 47.19208263012409], [27.673826389699336, 47.19206781433262], [27.67377782829191, 47.19220922262225], [27.673734483867673, 47.19259587414119], [27.67329582410735, 47.192948902721966], [27.67304275521073, 47.19317731149452]]]}}, {"type": "Feature", "properties": {"utr": "UTR20_L1", "tip_szf": "subzona de locuire individuală situată în ţesut tradiţional cu regim de construire continuu şi discontinuu. Subzonă dezvoltată în etape succesive, organic și planificat", "cod_zf": "ZF11", "tip_zf": "Zonă locuințe și funcțiuni complementare", "arie_mp": 16286.7}, "geometry": {"type": "Polygon", "coordinates": [[[27.673772384782932, 47.19447826086882], [27.674397912042725, 47.19355429580061], [27.673444111366514, 47.193262591064205], [27.67304275521073, 47.19317731149452], [27.672634944904747, 47.19366105439805], [27.672448023730283, 47.193835787223385], [27.67230009140635, 47.194057629269295], [27.67225140799193, 47.19417879174465], [27.672265074429646, 47.1941825524733], [27.672248446351897, 47.19423657067383], [27.672102738070947, 47.1943699100048], [27.67202795626527, 47.194472552579576], [27.672083499576672, 47.19450337752933], [27.672731230353822, 47.19470301641225], [27.672948536038824, 47.194370739073854], [27.673038160373267, 47.19426656247118], [27.673772384782932, 47.19447826086882]]]}}, {"type": "Feature", "properties": {"utr": "UTR20_L1", "tip_szf": "subzona de locuire individuală situată în ţesut tradiţional cu regim de construire continuu şi discontinuu. Subzonă dezvoltată în etape succesive, organic și planificat", "cod_zf": "ZF11", "tip_zf": "Zonă locuințe și funcțiuni complementare", "arie_mp": 9107.3}, "geometry": {"type": "Polygon", "coordinates": [[[27.674280054171177, 47.19184791074161], [27.67388766092197, 47.19206223200767], [27.673833369327188, 47.19220909239077], [27.675159236145223, 47.19264694871093], [27.675732409191713, 47.191963813752146], [27.67453931785422, 47.191598755818205], [27.674443796363562, 47.19172995434959], [27.674280054171177, 47.19184791074161]]]}}, {"type": "Feature", "properties": {"utr": "UTR20_L1", "tip_szf": "subzona de locuire individuală situată în ţesut tradiţional cu regim de construire continuu şi discontinuu. Subzonă dezvoltată în etape succesive, organic și planificat", "cod_zf": "ZF11", "tip_zf": "Zonă locuințe și funcțiuni complementare", "arie_mp": 37802.5}, "geometry": {"type": "Polygon", "coordinates": [[[27.673679062616564, 47.194572244991214], [27.67374294910614, 47.19452424310673], [27.673772384782932, 47.19447826086882], [27.673038160373267, 47.19426656247118], [27.672948536038824, 47.194370739073854], [27.672731230353822, 47.19470301641225], [27.672083499576672, 47.19450337752933], [27.67202795626527, 47.194472552579576], [27.6719711422915, 47.1944771633691], [27.671161560197415, 47.1952982946523], [27.67128875464944, 47.19556045638427], [27.671038287127995, 47.195636246875026], [27.67080002150268, 47.195736649902614], [27.670728813792305, 47.19587672503556], [27.67050707545766, 47.196152037617416], [27.67013088645509, 47.196567166026114], [27.670505091111213, 47.19666233417397], [27.67032334024105, 47.197011358825605], [27.6705614749036, 47.197030743241406], [27.67080472052107, 47.197081157070606], [27.671227634964005, 47.19721237012908], [27.67194640260337, 47.19618635808163], [27.672459144891075, 47.1963133191008], [27.673679062616564, 47.194572244991214]]]}}, {"type": "Feature", "properties": {"utr": "UTR20_L1", "tip_szf": "subzona de locuire individuală situată în ţesut tradiţional cu regim de construire continuu şi discontinuu. Subzonă dezvoltată în etape succesive, organic și planificat", "cod_zf": "ZF11", "tip_zf": "Zonă locuințe și funcțiuni complementare", "arie_mp": 25898.0}, "geometry": {"type": "Polygon", "coordinates": [[[27.668624574252306, 47.19766385886086], [27.668488361350402, 47.198240779401665], [27.668619983359942, 47.198479259735], [27.668655680729458, 47.19877311837399], [27.669402152899035, 47.19885111840244], [27.6694785583932, 47.1986724203107], [27.669908735633673, 47.19790580401749], [27.66956615238346, 47.19785923269277], [27.66968036108441, 47.197663832579984], [27.66990507211332, 47.19770640201645], [27.670071478459054, 47.19748436402779], [27.670868347640443, 47.19772522219101], [27.671227634964005, 47.19721237012908], [27.67080472052107, 47.197081157070606], [27.6705614749036, 47.197030743241406], [27.67032334024105, 47.197011358825605], [27.670488267992646, 47.19669872479877], [27.669938846604037, 47.19656700390788], [27.669464149861735, 47.19642895288164], [27.669397782007934, 47.19655683314908], [27.669553011645895, 47.196654452283234], [27.67017428275722, 47.196974386720534], [27.67015751395174, 47.19699375679478], [27.66998396007037, 47.19692149193312], [27.66990191943514, 47.196967832538284], [27.66953904766394, 47.19677247634504], [27.669309654070894, 47.1965892569171], [27.669000256534698, 47.19689649335586], [27.66921810791321, 47.19697879547242], [27.668931682273065, 47.19718553376613], [27.668781430330025, 47.1974929205419], [27.668712052700904, 47.19747143266272], [27.668624574252306, 47.19766385886086]]]}}, {"type": "Feature", "properties": {"utr": "UTR20_L1", "tip_szf": "subzona de locuire individuală situată în ţesut tradiţional cu regim de construire continuu şi discontinuu. Subzonă dezvoltată în etape succesive, organic și planificat", "cod_zf": "ZF11", "tip_zf": "Zonă locuințe și funcțiuni complementare", "arie_mp": 45922.3}, "geometry": {"type": "Polygon", "coordinates": [[[27.663232881245666, 47.20170500928303], [27.663338425248174, 47.201766983455585], [27.663820524097833, 47.201979205570545], [27.66387273569587, 47.201984739311435], [27.665220419614762, 47.20033297320157], [27.666175995377234, 47.19910664289438], [27.666238058114324, 47.1991302347642], [27.66651914426531, 47.198801859153654], [27.666895584490504, 47.19826744040285], [27.66699410203792, 47.19807797865803], [27.667399572807483, 47.197502360567995], [27.668061016631643, 47.19667779392677], [27.66826219282266, 47.19649048617679], [27.667530405000825, 47.19619125291245], [27.667208112116263, 47.1965095455422], [27.666169917280094, 47.197878506911216], [27.66595530926028, 47.198037014539295], [27.665827032966945, 47.19823081255298], [27.665232835592832, 47.198078491684356], [27.665146780220713, 47.19822133695083], [27.66576275825655, 47.19838684084105], [27.66571488369683, 47.1985030567984], [27.66505092349656, 47.1994236223329], [27.664979710952014, 47.19939978610825], [27.66491120476952, 47.19949375207867], [27.66494429619186, 47.19950460436192], [27.664872293943823, 47.19960140948146], [27.664290676533092, 47.20021228670357], [27.663723629783863, 47.200993184144906], [27.663232881245666, 47.20170500928303]]]}}, {"type": "Feature", "properties": {"utr": "UTR20_L1", "tip_szf": "subzona de locuire individuală situată în ţesut tradiţional cu regim de construire continuu şi discontinuu. Subzonă dezvoltată în etape succesive, organic și planificat", "cod_zf": "ZF11", "tip_zf": "Zonă locuințe și funcțiuni complementare", "arie_mp": 18646.6}, "geometry": {"type": "Polygon", "coordinates": [[[27.66585933998875, 47.19575222066363], [27.665648764854826, 47.19604319690633], [27.666340204720345, 47.196240271856006], [27.665232835592832, 47.198078491684356], [27.665827032966945, 47.19823081255298], [27.66595530926028, 47.198037014539295], [27.666169917280094, 47.197878506911216], [27.667208112116263, 47.1965095455422], [27.667530405000825, 47.19619125291245], [27.66585933998875, 47.19575222066363]]]}}, {"type": "Feature", "properties": {"utr": "UTR20_L1", "tip_szf": "subzona de locuire individuală situată în ţesut tradiţional cu regim de construire continuu şi discontinuu. Subzonă dezvoltată în etape succesive, organic și planificat", "cod_zf": "ZF11", "tip_zf": "Zonă locuințe și funcțiuni complementare", "arie_mp": 3550.9}, "geometry": {"type": "Polygon", "coordinates": [[[27.66585933998875, 47.19575222066363], [27.667530405000825, 47.19619125291245], [27.667729385796893, 47.19599274468506], [27.666017240340835, 47.19553699020418], [27.66585933998875, 47.19575222066363]]]}}, {"type": "Feature", "properties": {"utr": "UTR20_L1", "tip_szf": "subzona de locuire individuală situată în ţesut tradiţional cu regim de construire continuu şi discontinuu. Subzonă dezvoltată în etape succesive, organic și planificat", "cod_zf": "ZF11", "tip_zf": "Zonă locuințe și funcțiuni complementare", "arie_mp": 28005.4}, "geometry": {"type": "Polygon", "coordinates": [[[27.6719711422915, 47.1944771633691], [27.671287139855995, 47.19429046142731], [27.671239776556913, 47.194370967502664], [27.67053107082592, 47.194138543301264], [27.669966794908564, 47.19486670203923], [27.669780266171284, 47.195131315204], [27.669399355074912, 47.19560106990347], [27.66923860575422, 47.195761128614414], [27.66989964015339, 47.19602435098132], [27.669877414760528, 47.19603194630472], [27.66921795600714, 47.195767220610094], [27.668916208370216, 47.19608978807149], [27.669265505104917, 47.196287667554465], [27.669484257728257, 47.19637876309279], [27.67013088645509, 47.196567166026114], [27.67050707545766, 47.196152037617416], [27.670728813792305, 47.19587672503556], [27.67080002150268, 47.195736649902614], [27.671038287127995, 47.195636246875026], [27.67128875464944, 47.19556045638427], [27.671161560197415, 47.1952982946523], [27.6719711422915, 47.1944771633691]]]}}, {"type": "Feature", "properties": {"utr": "UTR20_L1", "tip_szf": "subzona de locuire individuală situată în ţesut tradiţional cu regim de construire continuu şi discontinuu. Subzonă dezvoltată în etape succesive, organic și planificat", "cod_zf": "ZF11", "tip_zf": "Zonă locuințe și funcțiuni complementare", "arie_mp": 58293.6}, "geometry": {"type": "Polygon", "coordinates": [[[27.672093178722218, 47.1920298541588], [27.672842869602594, 47.19233234332335], [27.67282040850198, 47.19236515087125], [27.67278207595331, 47.192531038068076], [27.672010513787843, 47.193454512716386], [27.671854761572675, 47.19359468162434], [27.672364342763032, 47.19375309537596], [27.672796987860178, 47.193365930997636], [27.67313491797889, 47.192992472218414], [27.67334700856939, 47.19271428293762], [27.6735094432024, 47.19255667634792], [27.673612746527894, 47.19221866149276], [27.67410589251722, 47.191123063964206], [27.674195422872465, 47.19080053280599], [27.67432552544013, 47.190631332223276], [27.674654672852682, 47.19007974882211], [27.674806156401317, 47.190120995716896], [27.67517080124254, 47.18970658207841], [27.675318729155066, 47.189515959692876], [27.675522654838122, 47.189330298423606], [27.67579357564077, 47.189153033118956], [27.67587919916611, 47.1890707598492], [27.676155722783953, 47.18873799255865], [27.67646913367503, 47.188459041328116], [27.67713752724047, 47.1886272923301], [27.67745036656817, 47.18822668142795], [27.676773815192362, 47.188056392037176], [27.67655629890311, 47.188314083426505], [27.675590847762855, 47.187985258483344], [27.67509971872258, 47.18838781317983], [27.674520266400553, 47.18899399507208], [27.674100015994117, 47.18936168972665], [27.673765673728006, 47.18973080451708], [27.673713315654968, 47.1898234242436], [27.67343194200819, 47.19014838396184], [27.673299506595036, 47.19033675314739], [27.673032000049222, 47.190795211169814], [27.672093178722218, 47.1920298541588]]]}}, {"type": "Feature", "properties": {"utr": "UTR20_L1", "tip_szf": "subzona de locuire individuală situată în ţesut tradiţional cu regim de construire continuu şi discontinuu. Subzonă dezvoltată în etape succesive, organic și planificat", "cod_zf": "ZF11", "tip_zf": "Zonă locuințe și funcțiuni complementare", "arie_mp": 43148.9}, "geometry": {"type": "Polygon", "coordinates": [[[27.671699077724714, 47.1908964323655], [27.672586289086283, 47.191093517775705], [27.673306999787044, 47.1901020839883], [27.673520817076945, 47.1897719795225], [27.6737113706456, 47.18954902214345], [27.674189714612698, 47.1891427714577], [27.6751466788239, 47.18815111010228], [27.673292590908595, 47.18758535978734], [27.67318618651267, 47.187731677841136], [27.672992676366317, 47.18806475219519], [27.67284851521245, 47.18819637219028], [27.67270298539937, 47.188431415396835], [27.673092231353454, 47.188554199202464], [27.672820235029313, 47.18892467849546], [27.672648259631387, 47.18886775057856], [27.67245036704904, 47.189199999412175], [27.672146839215134, 47.18922227360859], [27.672034049404246, 47.18934387900577], [27.671779317989326, 47.189703038239806], [27.672372275497114, 47.189854349733686], [27.672242198495386, 47.190056224673974], [27.67139913634592, 47.18984457755247], [27.67130357016565, 47.190021470772336], [27.672134091811063, 47.190259517529164], [27.671699077724714, 47.1908964323655]]]}}, {"type": "Feature", "properties": {"utr": "UTR20_L1", "tip_szf": "subzona de locuire individuală situată în ţesut tradiţional cu regim de construire continuu şi discontinuu. Subzonă dezvoltată în etape succesive, organic și planificat", "cod_zf": "ZF11", "tip_zf": "Zonă locuințe și funcțiuni complementare", "arie_mp": 28689.7}, "geometry": {"type": "Polygon", "coordinates": [[[27.672674473616688, 47.187321930140826], [27.67181707592638, 47.188588691561534], [27.67129412523867, 47.189216674231645], [27.670935722600948, 47.18975214150502], [27.670782063198494, 47.190123731550266], [27.67043196395564, 47.19053797929478], [27.670491358298886, 47.19057461452423], [27.670671065144187, 47.19063565574453], [27.67109014706995, 47.19075693188068], [27.671699077724714, 47.1908964323655], [27.67202302149666, 47.19043641269345], [27.672134091811063, 47.190259517529164], [27.67130357016565, 47.190021470772336], [27.67139913634592, 47.18984457755247], [27.672242198495386, 47.190056224673974], [27.672372275497114, 47.189854349733686], [27.671779317989326, 47.189703038239806], [27.672034049404246, 47.18934387900577], [27.672146839215134, 47.18922227360859], [27.67245036704904, 47.189199999412175], [27.672648259631387, 47.18886775057856], [27.672820235029313, 47.18892467849546], [27.673092231353454, 47.188554199202464], [27.67270298539937, 47.188431415396835], [27.67284851521245, 47.18819637219028], [27.672992676366317, 47.18806475219519], [27.67318618651267, 47.187731677841136], [27.673338772908576, 47.18753723788141], [27.672674473616688, 47.187321930140826]]]}}, {"type": "Feature", "properties": {"utr": "UTR20_L1", "tip_szf": "subzona de locuire individuală situată în ţesut tradiţional cu regim de construire continuu şi discontinuu. Subzonă dezvoltată în etape succesive, organic și planificat", "cod_zf": "ZF11", "tip_zf": "Zonă locuințe și funcțiuni complementare", "arie_mp": 30461.8}, "geometry": {"type": "Polygon", "coordinates": [[[27.67046042338471, 47.19270946947043], [27.670014622876092, 47.19332051312467], [27.669573282858774, 47.193861710078785], [27.669253244145427, 47.19428807231273], [27.66899719600517, 47.19467115564475], [27.669677198966657, 47.19496802337174], [27.670363589841248, 47.19405864648082], [27.670733577891777, 47.19354174773728], [27.671088068208228, 47.19311005159331], [27.671843641654863, 47.19208693234874], [27.67201661142699, 47.191879639458776], [27.672531299526476, 47.19119136303325], [27.672174632656052, 47.19108934096548], [27.671651608916786, 47.19096986267774], [27.671609184749382, 47.19097949279057], [27.671502173861334, 47.19106475345493], [27.671387133619703, 47.19122948978423], [27.671297244147386, 47.19145105258815], [27.670996673493107, 47.19183242563076], [27.670858989802376, 47.19210350790139], [27.670612254477902, 47.19241156303905], [27.670430832535047, 47.192700111750284], [27.67046042338471, 47.19270946947043]]]}}, {"type": "Feature", "properties": {"utr": "UTR20_L1", "tip_szf": "subzona de locuire individuală situată în ţesut tradiţional cu regim de construire continuu şi discontinuu. Subzonă dezvoltată în etape succesive, organic și planificat", "cod_zf": "ZF11", "tip_zf": "Zonă locuințe și funcțiuni complementare", "arie_mp": 16268.4}, "geometry": {"type": "Polygon", "coordinates": [[[27.66896324087144, 47.19585616941251], [27.66964700879798, 47.19500880312572], [27.668997775948444, 47.19471077205938], [27.668744744926514, 47.19461941769953], [27.66845226516925, 47.19497535394149], [27.668683504220137, 47.19506507155469], [27.668444055016526, 47.19539130735625], [27.668188499067377, 47.1952477130314], [27.66785380958957, 47.19543788460088], [27.667647921371387, 47.195313907921424], [27.667158047655327, 47.19518724164174], [27.666836962044815, 47.19563993120139], [27.667555628065067, 47.19587463680235], [27.66791873179256, 47.19594289512414], [27.668554193676496, 47.1961763004307], [27.668641447459283, 47.19617800036873], [27.66896324087144, 47.19585616941251]]]}}, {"type": "Feature", "properties": {"utr": "UTR20_L1", "tip_szf": "subzona de locuire individuală situată în ţesut tradiţional cu regim de construire continuu şi discontinuu. Subzonă dezvoltată în etape succesive, organic și planificat", "cod_zf": "ZF11", "tip_zf": "Zonă locuințe și funcțiuni complementare", "arie_mp": 8895.6}, "geometry": {"type": "Polygon", "coordinates": [[[27.66776807384404, 47.19431824009382], [27.667158047655327, 47.19518724164174], [27.667647921371387, 47.195313907921424], [27.66785380958957, 47.19543788460088], [27.668188499067377, 47.1952477130314], [27.668444055016526, 47.19539130735625], [27.668683504220137, 47.19506507155469], [27.66845226516925, 47.19497535394149], [27.668744744926514, 47.19461941769953], [27.66776807384404, 47.19431824009382]]]}}, {"type": "Feature", "properties": {"utr": "UTR21_L1", "tip_szf": "subzona de locuire individuală situată în ţesut tradiţional cu regim de construire continuu şi discontinuu. Subzonă dezvoltată în etape succesive, organic și planificat", "cod_zf": "ZF11", "tip_zf": "Zonă locuințe și funcțiuni complementare", "arie_mp": 3040.0}, "geometry": {"type": "Polygon", "coordinates": [[[27.69032767491204, 47.173559461616215], [27.68976744531051, 47.17389346785499], [27.68995683548482, 47.17426237953893], [27.689853807430826, 47.17431625137116], [27.69024223941679, 47.174241385029234], [27.690582323045632, 47.17427057452081], [27.690396289176817, 47.17370839722828], [27.69032767491204, 47.173559461616215]]]}}, {"type": "Feature", "properties": {"utr": "UTR5_IS1", "tip_szf": "Subzonă instituțiilor publice și serviciilor de interes general", "cod_zf": "ZF09", "tip_zf": "Zonă instituții publice", "arie_mp": 2472.4}, "geometry": {"type": "Polygon", "coordinates": [[[27.694352849091484, 47.183004727420304], [27.694380985028538, 47.182546768249324], [27.693814874795063, 47.18245557208376], [27.69366853683706, 47.18290937088773], [27.694352849091484, 47.183004727420304]]]}}, {"type": "Feature", "properties": {"utr": "UTR21_L1", "tip_szf": "subzona de locuire individuală situată în ţesut tradiţional cu regim de construire continuu şi discontinuu. Subzonă dezvoltată în etape succesive, organic și planificat", "cod_zf": "ZF11", "tip_zf": "Zonă locuințe și funcțiuni complementare", "arie_mp": 16612.8}, "geometry": {"type": "Polygon", "coordinates": [[[27.691429026368066, 47.1840016486206], [27.691268164411184, 47.18445677889696], [27.69231738893452, 47.18462913804034], [27.69276069397308, 47.183547631958334], [27.692835007563406, 47.183321055345615], [27.693031776959153, 47.18286974596697], [27.69196657406653, 47.18271679474807], [27.691629004429142, 47.18357028625341], [27.691429026368066, 47.1840016486206]]]}}, {"type": "Feature", "properties": {"utr": "UTR5_IS1", "tip_szf": "Subzonă instituțiilor publice și serviciilor de interes general", "cod_zf": "ZF09", "tip_zf": "Zonă instituții publice", "arie_mp": 2500.1}, "geometry": {"type": "Polygon", "coordinates": [[[27.692824864148463, 47.179979081165975], [27.69283110465514, 47.179921863704166], [27.692296499142305, 47.179839788160905], [27.692112246013806, 47.18035922107961], [27.69265431529626, 47.18043839716267], [27.692824864148463, 47.179979081165975]]]}}, {"type": "Feature", "properties": {"utr": "UTR22_G2", "tip_szf": "Subzona cimitirelor şi a amenajărilor aferente", "cod_zf": "ZF13", "tip_zf": "Zonă gospodării comunale", "arie_mp": 8307.2}, "geometry": {"type": "Polygon", "coordinates": [[[27.696557710341366, 47.18353783934369], [27.69687392305937, 47.18356875051206], [27.697862954291388, 47.18370752525679], [27.69823672678171, 47.182964217461674], [27.697189116637258, 47.182712749515595], [27.69683492627175, 47.18335679144062], [27.69663948577138, 47.18333204347292], [27.696557710341366, 47.18353783934369]]]}}, {"type": "Feature", "properties": {"utr": "UTR21_L1", "tip_szf": "subzona de locuire individuală situată în ţesut tradiţional cu regim de construire continuu şi discontinuu. Subzonă dezvoltată în etape succesive, organic și planificat", "cod_zf": "ZF11", "tip_zf": "Zonă locuințe și funcțiuni complementare", "arie_mp": 17443.3}, "geometry": {"type": "Polygon", "coordinates": [[[27.687910547519113, 47.185941339913455], [27.6870047100357, 47.185828072420605], [27.686293296328856, 47.187634710269144], [27.687603031392857, 47.187793792796626], [27.687680296813348, 47.18744656228103], [27.687741305280667, 47.18695741425164], [27.687784345304074, 47.18634075338579], [27.687829364727506, 47.18613819134089], [27.687910547519113, 47.185941339913455]]]}}, {"type": "Feature", "properties": {"utr": "UTR21_L1", "tip_szf": "subzona de locuire individuală situată în ţesut tradiţional cu regim de construire continuu şi discontinuu. Subzonă dezvoltată în etape succesive, organic și planificat", "cod_zf": "ZF11", "tip_zf": "Zonă locuințe și funcțiuni complementare", "arie_mp": 13649.9}, "geometry": {"type": "Polygon", "coordinates": [[[27.689367009213196, 47.1770006852322], [27.68932561488777, 47.17696248251885], [27.68894109468285, 47.17803409035658], [27.688666277253287, 47.178926023647364], [27.68862508950306, 47.179112649884175], [27.688578179770655, 47.17917458106528], [27.689753954277187, 47.17928275806735], [27.689691774104997, 47.17850662470193], [27.689721070327828, 47.17797049832496], [27.689678226591955, 47.17767508839151], [27.689367009213196, 47.1770006852322]]]}}, {"type": "Feature", "properties": {"utr": "UTR21_L1", "tip_szf": "subzona de locuire individuală situată în ţesut tradiţional cu regim de construire continuu şi discontinuu. Subzonă dezvoltată în etape succesive, organic și planificat", "cod_zf": "ZF11", "tip_zf": "Zonă locuințe și funcțiuni complementare", "arie_mp": 46726.7}, "geometry": {"type": "Polygon", "coordinates": [[[27.689457174701534, 47.180658298126495], [27.689539474841553, 47.1805896189008], [27.689620212117504, 47.18037808060365], [27.6897601164353, 47.179811216642356], [27.689753954277187, 47.17928275806735], [27.688578179770655, 47.17917458106528], [27.68840205414114, 47.17941943312335], [27.688271120441517, 47.179512650976406], [27.68812420151285, 47.179563605104796], [27.688880081675457, 47.17965160367138], [27.68776066502091, 47.183277578271536], [27.687728277935282, 47.18342389077542], [27.687780005235556, 47.183428078788566], [27.687649234019133, 47.18387698551196], [27.68715787570383, 47.18544428691331], [27.6870180051207, 47.185794308327665], [27.68789699702929, 47.18590222973533], [27.68804657300193, 47.18553409366706], [27.688108035360983, 47.185305087942076], [27.688250909540752, 47.18489116386157], [27.68848137087387, 47.18369499119784], [27.688591442438337, 47.18276814450228], [27.68869555063082, 47.18229610945712], [27.688892742232284, 47.18156064228196], [27.68922052067075, 47.181078760531285], [27.689457174701534, 47.180658298126495]]]}}, {"type": "Feature", "properties": {"utr": "UTR21_L1", "tip_szf": "subzona de locuire individuală situată în ţesut tradiţional cu regim de construire continuu şi discontinuu. Subzonă dezvoltată în etape succesive, organic și planificat", "cod_zf": "ZF11", "tip_zf": "Zonă locuințe și funcțiuni complementare", "arie_mp": 79838.4}, "geometry": {"type": "Polygon", "coordinates": [[[27.689680152574724, 47.182833696325986], [27.69052669085934, 47.18297454577482], [27.69064943275313, 47.18248901382764], [27.69134592293472, 47.180684843155724], [27.690987136757574, 47.18061695170757], [27.69043348164563, 47.18054374590757], [27.68974677637546, 47.18035822733475], [27.689578732968833, 47.18076469369538], [27.689398640161272, 47.18101002839856], [27.68932492146192, 47.18114582910542], [27.689044605613883, 47.181566562579725], [27.688935824269382, 47.181872050431075], [27.688674690607844, 47.182797808469005], [27.688609960728236, 47.18382584411195], [27.688543325978596, 47.18418436788863], [27.68840599931072, 47.18472800783997], [27.688141857999994, 47.185618182843555], [27.687936342014634, 47.18613877324383], [27.687910422353664, 47.186142579435185], [27.687897410742547, 47.18617828413845], [27.687868529776146, 47.18639524749054], [27.687852239895932, 47.18672302029882], [27.687801194995888, 47.18712129851181], [27.6876517440566, 47.18779970927474], [27.688706543046038, 47.18791138140146], [27.68879818036333, 47.187548909228], [27.68880755386448, 47.187424071748985], [27.688686918568866, 47.18724659908181], [27.688601404579998, 47.187031278603236], [27.688725594468337, 47.18696637849911], [27.68888443594935, 47.186957951372314], [27.688922500381434, 47.18679744117836], [27.688826110341278, 47.186436778214244], [27.689103527163585, 47.18600097340067], [27.689212854327486, 47.185708727097825], [27.689082392217358, 47.185295190440364], [27.68922081486448, 47.18498766203638], [27.68925607375177, 47.18480717076003], [27.689482171947784, 47.18451180544457], [27.68957471452039, 47.184307391628074], [27.68966358756811, 47.184075954814645], [27.689780946884323, 47.18363816549758], [27.68981392206135, 47.18335123846344], [27.689749213880855, 47.18310121312098], [27.689621723818036, 47.18298352371128], [27.689638330516814, 47.18283131435555], [27.689607476852203, 47.18249686016924], [27.689608829017192, 47.18229665596993], [27.689664276051534, 47.1822080983248], [27.689794654802345, 47.18225018315597], [27.689659383178302, 47.18241868230691], [27.689680152574724, 47.182833696325986]]]}}, {"type": "Feature", "properties": {"utr": "UTR21_L1", "tip_szf": "subzona de locuire individuală situată în ţesut tradiţional cu regim de construire continuu şi discontinuu. Subzonă dezvoltată în etape succesive, organic și planificat", "cod_zf": "ZF11", "tip_zf": "Zonă locuințe și funcțiuni complementare", "arie_mp": 18001.7}, "geometry": {"type": "Polygon", "coordinates": [[[27.688992615269203, 47.187094047333694], [27.68888735507618, 47.18734381609475], [27.688881080484137, 47.18784203934092], [27.68892502765392, 47.18808083139954], [27.689562839488968, 47.18810414488145], [27.690033582258202, 47.187688503526324], [27.690254867269218, 47.18737056275264], [27.69035131498256, 47.186945053224726], [27.69045206749974, 47.18633917881452], [27.68927027539576, 47.18619834999095], [27.689153036231406, 47.186635854693215], [27.689214519588337, 47.186787615471964], [27.689173623055385, 47.18698352668786], [27.688992615269203, 47.187094047333694]]]}}, {"type": "Feature", "properties": {"utr": "UTR21_L1", "tip_szf": "subzona de locuire individuală situată în ţesut tradiţional cu regim de construire continuu şi discontinuu. Subzonă dezvoltată în etape succesive, organic și planificat", "cod_zf": "ZF11", "tip_zf": "Zonă locuințe și funcțiuni complementare", "arie_mp": 26148.3}, "geometry": {"type": "Polygon", "coordinates": [[[27.69272963517015, 47.186839983049225], [27.69268092110942, 47.186722466945454], [27.69256558878732, 47.18664345857839], [27.691683845097938, 47.1864928593361], [27.690558088622367, 47.186371201367194], [27.690473730049334, 47.18656826673249], [27.690392898226712, 47.187127951611274], [27.690314964506886, 47.187360023455035], [27.690151240600166, 47.187658830284064], [27.692399370396657, 47.188051767880786], [27.692673119982132, 47.18711705551972], [27.69272963517015, 47.186839983049225]]]}}, {"type": "Feature", "properties": {"utr": "UTR21_L1", "tip_szf": "subzona de locuire individuală situată în ţesut tradiţional cu regim de construire continuu şi discontinuu. Subzonă dezvoltată în etape succesive, organic și planificat", "cod_zf": "ZF11", "tip_zf": "Zonă locuințe și funcțiuni complementare", "arie_mp": 37146.4}, "geometry": {"type": "Polygon", "coordinates": [[[27.694270731162856, 47.18496293005858], [27.692380892923126, 47.184715311063435], [27.692234835473982, 47.185158099615975], [27.692132358354396, 47.18537081584875], [27.691787300515205, 47.1864059005759], [27.691838451928458, 47.18647560006177], [27.69280780047033, 47.18660044169665], [27.693604789610568, 47.18664146786582], [27.69357352187862, 47.18669147550321], [27.69302219880949, 47.18663886709834], [27.692869676492062, 47.186637442789284], [27.692483225207802, 47.18806622458239], [27.69294191127031, 47.188146350075336], [27.693098168438443, 47.18762560752628], [27.693276139237582, 47.18762930052154], [27.694203384544913, 47.18527454108541], [27.694255069619192, 47.18510195867944], [27.694270731162856, 47.18496293005858]]]}}, {"type": "Feature", "properties": {"utr": "UTR21_L1", "tip_szf": "subzona de locuire individuală situată în ţesut tradiţional cu regim de construire continuu şi discontinuu. Subzonă dezvoltată în etape succesive, organic și planificat", "cod_zf": "ZF11", "tip_zf": "Zonă locuințe și funcțiuni complementare", "arie_mp": 17673.2}, "geometry": {"type": "Polygon", "coordinates": [[[27.690900882547695, 47.185127935030664], [27.691122038556113, 47.18451352201053], [27.69007954684367, 47.18433786841925], [27.689825987397853, 47.18476884766286], [27.689674807381714, 47.18520451065425], [27.689303564295294, 47.18611921178621], [27.69045080407271, 47.186262918561965], [27.69059042162298, 47.18584155041138], [27.690900882547695, 47.185127935030664]]]}}, {"type": "Feature", "properties": {"utr": "UTR21_L1", "tip_szf": "subzona de locuire individuală situată în ţesut tradiţional cu regim de construire continuu şi discontinuu. Subzonă dezvoltată în etape succesive, organic și planificat", "cod_zf": "ZF11", "tip_zf": "Zonă locuințe și funcțiuni complementare", "arie_mp": 16840.5}, "geometry": {"type": "Polygon", "coordinates": [[[27.691235311923258, 47.18451640537596], [27.691045144566104, 47.18496411922073], [27.690888356340306, 47.18541358925317], [27.690660283396294, 47.18596518092782], [27.690553436145677, 47.18628682986355], [27.69144987101776, 47.18643838295777], [27.691584763244606, 47.186379231653], [27.69169732539046, 47.18629095231694], [27.69202632111054, 47.1853644553209], [27.692290018708484, 47.184705784617876], [27.691235311923258, 47.18451640537596]]]}}, {"type": "Feature", "properties": {"utr": "UTR21_L1", "tip_szf": "subzona de locuire individuală situată în ţesut tradiţional cu regim de construire continuu şi discontinuu. Subzonă dezvoltată în etape succesive, organic și planificat", "cod_zf": "ZF11", "tip_zf": "Zonă locuințe și funcțiuni complementare", "arie_mp": 16451.0}, "geometry": {"type": "Polygon", "coordinates": [[[27.690777720280334, 47.18253204754542], [27.690297008741588, 47.18384723226046], [27.690102158266974, 47.18428434425866], [27.691145061015835, 47.18445924082235], [27.691209542582357, 47.184249606348565], [27.69152671115494, 47.18354564956939], [27.69185464745701, 47.18268708217658], [27.690777720280334, 47.18253204754542]]]}}, {"type": "Feature", "properties": {"utr": "UTR21_L1", "tip_szf": "subzona de locuire individuală situată în ţesut tradiţional cu regim de construire continuu şi discontinuu. Subzonă dezvoltată în etape succesive, organic și planificat", "cod_zf": "ZF11", "tip_zf": "Zonă locuințe și funcțiuni complementare", "arie_mp": 23611.1}, "geometry": {"type": "Polygon", "coordinates": [[[27.69277436498508, 47.18376927835949], [27.692407178044984, 47.18464667921886], [27.693235585524928, 47.18478855524152], [27.694206093128283, 47.18493234846689], [27.694223439039096, 47.18468764736551], [27.69420349167325, 47.18444938771531], [27.694237813728343, 47.18403842869588], [27.694308380296672, 47.183562431171836], [27.69430276002768, 47.18307398899055], [27.69319533611942, 47.18289154849858], [27.693113317139915, 47.182940719158736], [27.692925781734502, 47.18332409308761], [27.69277436498508, 47.18376927835949]]]}}, {"type": "Feature", "properties": {"utr": "UTR21_L1", "tip_szf": "subzona de locuire individuală situată în ţesut tradiţional cu regim de construire continuu şi discontinuu. Subzonă dezvoltată în etape succesive, organic și planificat", "cod_zf": "ZF11", "tip_zf": "Zonă locuințe și funcțiuni complementare", "arie_mp": 13986.4}, "geometry": {"type": "Polygon", "coordinates": [[[27.695792306613384, 47.183175568018484], [27.694423918151234, 47.18307984919347], [27.69441149132693, 47.183107108979705], [27.69438102303506, 47.18408566637877], [27.694342041362862, 47.18434679164977], [27.69463013374194, 47.18438220273518], [27.69496974835583, 47.183567710438055], [27.696794369514702, 47.18379133772076], [27.697744030847943, 47.183944014277856], [27.697862954291388, 47.18370752525679], [27.69687392305937, 47.18356875051206], [27.696557710341366, 47.18353783934369], [27.69663948577138, 47.18333204347292], [27.695792306613384, 47.183175568018484]]]}}, {"type": "Feature", "properties": {"utr": "UTR21_L1", "tip_szf": "subzona de locuire individuală situată în ţesut tradiţional cu regim de construire continuu şi discontinuu. Subzonă dezvoltată în etape succesive, organic și planificat", "cod_zf": "ZF11", "tip_zf": "Zonă locuințe și funcțiuni complementare", "arie_mp": 36469.2}, "geometry": {"type": "Polygon", "coordinates": [[[27.698507618095284, 47.180559661848775], [27.697189116637258, 47.182712749515595], [27.69823672678171, 47.182964217461674], [27.700394385681548, 47.17956431045399], [27.700036958248116, 47.179379170875535], [27.69968405677829, 47.179222634717895], [27.699522167414774, 47.179458034913885], [27.699136334598357, 47.179372364450934], [27.698795114782456, 47.18002133508987], [27.69867695905472, 47.18031401236854], [27.698507618095284, 47.180559661848775]]]}}, {"type": "Feature", "properties": {"utr": "UTR21_L1", "tip_szf": "subzona de locuire individuală situată în ţesut tradiţional cu regim de construire continuu şi discontinuu. Subzonă dezvoltată în etape succesive, organic și planificat", "cod_zf": "ZF11", "tip_zf": "Zonă locuințe și funcțiuni complementare", "arie_mp": 131415.9}, "geometry": {"type": "Polygon", "coordinates": [[[27.695994791276537, 47.18315829429809], [27.69631371435929, 47.1832289965375], [27.69673660557437, 47.18329394382579], [27.696803851144967, 47.18324199430381], [27.697058266402497, 47.1827641762203], [27.697601041389564, 47.181877367188214], [27.698600536303605, 47.18033284077378], [27.698789696109696, 47.17990366953138], [27.699256589989037, 47.17911329846598], [27.699282545344364, 47.17902721402479], [27.698721808699503, 47.17874678768567], [27.69815334092066, 47.178365898919296], [27.69768032352321, 47.17816720457399], [27.69726892755272, 47.177973535042476], [27.697087752839124, 47.178421106808536], [27.696971779945912, 47.17839758898067], [27.697111957826703, 47.17817281314633], [27.697222858949612, 47.17795095186447], [27.696210640151687, 47.17746810381932], [27.695685482913603, 47.17905880863586], [27.695663717751106, 47.1790551997655], [27.6954193351298, 47.17987507209598], [27.695105543146273, 47.18071107032024], [27.69494765675879, 47.18119834200422], [27.694796079536196, 47.181537801488616], [27.694628265086987, 47.18207344986735], [27.694522357910458, 47.18229928258494], [27.69445538242911, 47.18261751816213], [27.69448587341044, 47.183009658632244], [27.69487852104322, 47.18307053479708], [27.695488808679045, 47.18308707046332], [27.695994791276537, 47.18315829429809]]]}}, {"type": "Feature", "properties": {"utr": "UTR21_L1", "tip_szf": "subzona de locuire individuală situată în ţesut tradiţional cu regim de construire continuu şi discontinuu. Subzonă dezvoltată în etape succesive, organic și planificat", "cod_zf": "ZF11", "tip_zf": "Zonă locuințe și funcțiuni complementare", "arie_mp": 42506.8}, "geometry": {"type": "Polygon", "coordinates": [[[27.69551438048968, 47.17692555734444], [27.696317754239693, 47.17740788125922], [27.697245970670483, 47.177864518729564], [27.69796447348803, 47.178190195035775], [27.69833034478676, 47.17838635982173], [27.698603504397138, 47.178606945153454], [27.699251757088277, 47.178950753171044], [27.69987565757627, 47.17924651963262], [27.700411504226484, 47.17953733423673], [27.700772624673224, 47.17896826182901], [27.701038667320308, 47.178714553913295], [27.696161266661836, 47.17634431328842], [27.69551438048968, 47.17692555734444]]]}}, {"type": "Feature", "properties": {"utr": "UTR21_L1", "tip_szf": "subzona de locuire individuală situată în ţesut tradiţional cu regim de construire continuu şi discontinuu. Subzonă dezvoltată în etape succesive, organic și planificat", "cod_zf": "ZF11", "tip_zf": "Zonă locuințe și funcțiuni complementare", "arie_mp": 16846.8}, "geometry": {"type": "Polygon", "coordinates": [[[27.691855780226895, 47.174769654875526], [27.69256438125281, 47.175017673538335], [27.69321646700646, 47.17541959296782], [27.693845640966124, 47.17587423734227], [27.694672963289793, 47.17638940468252], [27.695274573759647, 47.17682923241463], [27.695381855473524, 47.17688968002425], [27.695493481634745, 47.17687989635873], [27.695554866821286, 47.17684439466322], [27.695889411802803, 47.17654524891245], [27.692387047928015, 47.174417869144584], [27.692122766032327, 47.17457744340222], [27.691855780226895, 47.174769654875526]]]}}, {"type": "Feature", "properties": {"utr": "UTR21_L1", "tip_szf": "subzona de locuire individuală situată în ţesut tradiţional cu regim de construire continuu şi discontinuu. Subzonă dezvoltată în etape succesive, organic și planificat", "cod_zf": "ZF11", "tip_zf": "Zonă locuințe și funcțiuni complementare", "arie_mp": 47982.8}, "geometry": {"type": "Polygon", "coordinates": [[[27.69076932656469, 47.17545303959405], [27.6913501365404, 47.17617655454242], [27.69159310445277, 47.17634491365438], [27.691644897570264, 47.17643383367995], [27.691677765323156, 47.17659181227524], [27.691566143129993, 47.17687898181358], [27.69133137342732, 47.17715450051552], [27.691308130106677, 47.17722050953684], [27.691374419424328, 47.17728746602338], [27.69153769142059, 47.17733178575347], [27.691631760016612, 47.17751820371029], [27.691685388282366, 47.1776863230602], [27.691689940151065, 47.177811713920136], [27.691596524715106, 47.17798675192694], [27.691444676708326, 47.17818594246343], [27.691339082688387, 47.178170838293894], [27.69121129237939, 47.17827825442592], [27.691257065259023, 47.17828618957669], [27.6912348415118, 47.17836342977517], [27.69125366646526, 47.178638276105794], [27.691312266794167, 47.17866980351385], [27.69200985200949, 47.17879014633057], [27.692123247130922, 47.178428801120184], [27.692324461286873, 47.17788029869485], [27.69266670086447, 47.176775558737205], [27.692763986282166, 47.17656497688301], [27.693121607386928, 47.17551325373896], [27.693086196580246, 47.175446742548594], [27.692582087229912, 47.17510873690287], [27.692387505875637, 47.17501683416676], [27.69210262530118, 47.17492461301449], [27.692084303169374, 47.17526527709003], [27.692013939921253, 47.175269202288554], [27.69201506065416, 47.1751366129422], [27.692059050937438, 47.17490694152741], [27.691670167765523, 47.17478908580369], [27.691326273251068, 47.17464792531619], [27.69128390910383, 47.17499422480044], [27.691216627230254, 47.17532532757883], [27.69113873575168, 47.17532125751253], [27.691222134760597, 47.17495950252934], [27.69124782851993, 47.17461426380413], [27.690678631541115, 47.17437883295067], [27.690582323045632, 47.17427057452081], [27.69024223941679, 47.174241385029234], [27.689853807430826, 47.17431625137116], [27.68996554323752, 47.17447595917038], [27.690141273236257, 47.17460374295161], [27.690211051032783, 47.17477653955955], [27.690451203284507, 47.1751095507657], [27.69076932656469, 47.17545303959405]]]}}, {"type": "Feature", "properties": {"utr": "UTR21_L1", "tip_szf": "subzona de locuire individuală situată în ţesut tradiţional cu regim de construire continuu şi discontinuu. Subzonă dezvoltată în etape succesive, organic și planificat", "cod_zf": "ZF11", "tip_zf": "Zonă locuințe și funcțiuni complementare", "arie_mp": 32869.6}, "geometry": {"type": "Polygon", "coordinates": [[[27.68981284506308, 47.17927287009947], [27.69012437637454, 47.179284485383], [27.69010726888352, 47.179444222944554], [27.690801373946325, 47.17943597010151], [27.691004885928855, 47.178708110108275], [27.69106870745415, 47.1784112343558], [27.691184613654933, 47.17841893821019], [27.69117986289638, 47.17834282175821], [27.69121129237939, 47.17827825442592], [27.691339082688387, 47.178170838293894], [27.691509714320826, 47.17785381682718], [27.691442955175436, 47.17751969380372], [27.691229526109815, 47.177330598512775], [27.691118477692903, 47.17719320222841], [27.69141802358832, 47.17695020715016], [27.69148118906343, 47.176604325787], [27.689401175326253, 47.17694340130551], [27.689671139018618, 47.1774610286118], [27.689770082818743, 47.17784357515153], [27.68980272258101, 47.178371116869336], [27.68981284506308, 47.17927287009947]]]}}, {"type": "Feature", "properties": {"utr": "UTR21_L1", "tip_szf": "subzona de locuire individuală situată în ţesut tradiţional cu regim de construire continuu şi discontinuu. Subzonă dezvoltată în etape succesive, organic și planificat", "cod_zf": "ZF11", "tip_zf": "Zonă locuințe și funcțiuni complementare", "arie_mp": 7883.7}, "geometry": {"type": "Polygon", "coordinates": [[[27.69012437637454, 47.179284485383], [27.68981284506308, 47.17927287009947], [27.689799137706867, 47.180000229829204], [27.68974407495862, 47.18026322054476], [27.6900570610382, 47.18038312445548], [27.690370162146664, 47.18046518374642], [27.690516183154525, 47.18008267859444], [27.691091751932746, 47.179775620042065], [27.690897046746592, 47.17962249410801], [27.690801373946325, 47.17943597010151], [27.69010726888352, 47.179444222944554], [27.69012437637454, 47.179284485383]]]}}, {"type": "Feature", "properties": {"utr": "UTR21_L1", "tip_szf": "subzona de locuire individuală situată în ţesut tradiţional cu regim de construire continuu şi discontinuu. Subzonă dezvoltată în etape succesive, organic și planificat", "cod_zf": "ZF11", "tip_zf": "Zonă locuințe și funcțiuni complementare", "arie_mp": 12082.9}, "geometry": {"type": "Polygon", "coordinates": [[[27.691143857596735, 47.17871813157487], [27.691076552140803, 47.17898976725362], [27.690924887651008, 47.179275874450425], [27.69097750651165, 47.1795005007305], [27.691187162839483, 47.17962624656224], [27.691238677488144, 47.17968465238804], [27.691203833496775, 47.17984114341641], [27.691088526098454, 47.17995649879717], [27.69077943065894, 47.180031404831894], [27.69069494246212, 47.180029259735605], [27.690475230364417, 47.18050330930607], [27.691344123781313, 47.18061477297357], [27.691552065162742, 47.18019174426388], [27.69171013252452, 47.17975052970362], [27.691789648688157, 47.17946034281594], [27.691914159776456, 47.179147821093714], [27.692010529902873, 47.17884736574658], [27.691143857596735, 47.17871813157487]]]}}, {"type": "Feature", "properties": {"utr": "UTR21_L1", "tip_szf": "subzona de locuire individuală situată în ţesut tradiţional cu regim de construire continuu şi discontinuu. Subzonă dezvoltată în etape succesive, organic și planificat", "cod_zf": "ZF11", "tip_zf": "Zonă locuințe și funcțiuni complementare", "arie_mp": 28798.2}, "geometry": {"type": "Polygon", "coordinates": [[[27.692907822873714, 47.17645256833683], [27.692106308523993, 47.178794268908135], [27.693194784153476, 47.178968050293555], [27.693586818592973, 47.17781717201454], [27.69392549932727, 47.17676166435587], [27.69414104879118, 47.17615993448642], [27.693243894219933, 47.17555643049996], [27.693046077861283, 47.17613651905263], [27.692907822873714, 47.17645256833683]]]}}, {"type": "Feature", "properties": {"utr": "UTR21_L1", "tip_szf": "subzona de locuire individuală situată în ţesut tradiţional cu regim de construire continuu şi discontinuu. Subzonă dezvoltată în etape succesive, organic și planificat", "cod_zf": "ZF11", "tip_zf": "Zonă locuințe și funcțiuni complementare", "arie_mp": 23215.6}, "geometry": {"type": "Polygon", "coordinates": [[[27.694300009816317, 47.17626454804423], [27.6942418034531, 47.17626166266204], [27.694076610039147, 47.17673069561526], [27.69405793355396, 47.1767304238423], [27.693762900526803, 47.17764999081491], [27.69374097526946, 47.17764696681709], [27.693298166371555, 47.178981298194294], [27.694350388872017, 47.17913763811062], [27.694499273756396, 47.17861685108182], [27.69476836065916, 47.177804615508116], [27.694928802562078, 47.17734843256559], [27.695148323121128, 47.17681933433921], [27.694300009816317, 47.17626454804423]]]}}, {"type": "Feature", "properties": {"utr": "UTR21_L1", "tip_szf": "subzona de locuire individuală situată în ţesut tradiţional cu regim de construire continuu şi discontinuu. Subzonă dezvoltată în etape succesive, organic și planificat", "cod_zf": "ZF11", "tip_zf": "Zonă locuințe și funcțiuni complementare", "arie_mp": 18721.2}, "geometry": {"type": "Polygon", "coordinates": [[[27.694907412947646, 47.17781490080595], [27.694455192963957, 47.17914406075308], [27.695468453028205, 47.179298266514714], [27.695782920620267, 47.17840586339346], [27.696099513891653, 47.17739767149601], [27.695251488013795, 47.17689656596667], [27.695065445508742, 47.17730739639025], [27.694907412947646, 47.17781490080595]]]}}, {"type": "Feature", "properties": {"utr": "UTR21_L1", "tip_szf": "subzona de locuire individuală situată în ţesut tradiţional cu regim de construire continuu şi discontinuu. Subzonă dezvoltată în etape succesive, organic și planificat", "cod_zf": "ZF11", "tip_zf": "Zonă locuințe și funcțiuni complementare", "arie_mp": 16102.1}, "geometry": {"type": "Polygon", "coordinates": [[[27.695440129883647, 47.17936224164216], [27.694445882634565, 47.17921577683452], [27.694311499961543, 47.179624289984986], [27.69395292091172, 47.18055454216804], [27.693815721713584, 47.18098244787502], [27.69484493184303, 47.18114226966423], [27.695135956055058, 47.18033027399369], [27.695440129883647, 47.17936224164216]]]}}, {"type": "Feature", "properties": {"utr": "UTR21_L1", "tip_szf": "subzona de locuire individuală situată în ţesut tradiţional cu regim de construire continuu şi discontinuu. Subzonă dezvoltată în etape succesive, organic și planificat", "cod_zf": "ZF11", "tip_zf": "Zonă locuințe și funcțiuni complementare", "arie_mp": 16179.3}, "geometry": {"type": "Polygon", "coordinates": [[[27.693271939498036, 47.17906987381152], [27.692946503157874, 47.17992144489587], [27.692814563103695, 47.1803614382], [27.692666233821683, 47.18077211254761], [27.69273885362874, 47.18080780099721], [27.693685621468745, 47.18096857330348], [27.693865557076847, 47.18052901691994], [27.69399727955105, 47.18007418640537], [27.69425702863474, 47.17938898196395], [27.694304944224058, 47.179201387700225], [27.693271939498036, 47.17906987381152]]]}}, {"type": "Feature", "properties": {"utr": "UTR21_L1", "tip_szf": "subzona de locuire individuală situată în ţesut tradiţional cu regim de construire continuu şi discontinuu. Subzonă dezvoltată în etape succesive, organic și planificat", "cod_zf": "ZF11", "tip_zf": "Zonă locuințe și funcțiuni complementare", "arie_mp": 13306.8}, "geometry": {"type": "Polygon", "coordinates": [[[27.69314912849022, 47.179028902471195], [27.692094373052612, 47.17886015571013], [27.691769527037888, 47.179929597168424], [27.691494164402833, 47.18059059536554], [27.692441583704664, 47.180730652869755], [27.69256326695968, 47.18067585732193], [27.69265431529626, 47.18043839716267], [27.692112246013806, 47.18035922107961], [27.692296499142305, 47.179839788160905], [27.69283110465514, 47.179921863704166], [27.69314912849022, 47.179028902471195]]]}}, {"type": "Feature", "properties": {"utr": "UTR21_L1", "tip_szf": "subzona de locuire individuală situată în ţesut tradiţional cu regim de construire continuu şi discontinuu. Subzonă dezvoltată în etape succesive, organic și planificat", "cod_zf": "ZF11", "tip_zf": "Zonă locuințe și funcțiuni complementare", "arie_mp": 14273.1}, "geometry": {"type": "Polygon", "coordinates": [[[27.69330630725264, 47.18238588616234], [27.693137429302634, 47.18281403191406], [27.693164964336404, 47.18282833845256], [27.69366853683706, 47.18290937088773], [27.693814874795063, 47.18245557208376], [27.694380985028538, 47.182546768249324], [27.694500299678964, 47.182089113428134], [27.69482491346738, 47.1811987245386], [27.69379626875358, 47.181047339815684], [27.693495502334052, 47.181920484812544], [27.693323333746044, 47.18237173374784], [27.69330630725264, 47.18238588616234]]]}}, {"type": "Feature", "properties": {"utr": "UTR21_L1", "tip_szf": "subzona de locuire individuală situată în ţesut tradiţional cu regim de construire continuu şi discontinuu. Subzonă dezvoltată în etape succesive, organic și planificat", "cod_zf": "ZF11", "tip_zf": "Zonă locuințe și funcțiuni complementare", "arie_mp": 16309.0}, "geometry": {"type": "Polygon", "coordinates": [[[27.692318497784644, 47.181683192303886], [27.692169919345538, 47.18217730892332], [27.692002078002638, 47.18261766237965], [27.6925252895897, 47.18272266185086], [27.693043074208422, 47.182792391369595], [27.693487535112318, 47.18147317050453], [27.69366190736787, 47.181034325044145], [27.69316595793419, 47.180944892956376], [27.69262015021555, 47.18086851647517], [27.692318497784644, 47.181683192303886]]]}}, {"type": "Feature", "properties": {"utr": "UTR21_L1", "tip_szf": "subzona de locuire individuală situată în ţesut tradiţional cu regim de construire continuu şi discontinuu. Subzonă dezvoltată în etape succesive, organic și planificat", "cod_zf": "ZF11", "tip_zf": "Zonă locuințe și funcțiuni complementare", "arie_mp": 16991.2}, "geometry": {"type": "Polygon", "coordinates": [[[27.69129556097287, 47.18114640348863], [27.690937904765505, 47.181999339284104], [27.690788221004386, 47.18243814967504], [27.6918837770789, 47.18260988760697], [27.692194277439253, 47.181731306035836], [27.69253365988496, 47.18083921335304], [27.69145563923884, 47.180679869636286], [27.69129556097287, 47.18114640348863]]]}}, {"type": "Feature", "properties": {"utr": "UTR21_L1", "tip_szf": "subzona de locuire individuală situată în ţesut tradiţional cu regim de construire continuu şi discontinuu. Subzonă dezvoltată în etape succesive, organic și planificat", "cod_zf": "ZF11", "tip_zf": "Zonă locuințe și funcțiuni complementare", "arie_mp": 27681.2}, "geometry": {"type": "Polygon", "coordinates": [[[27.695889411802504, 47.17654524891266], [27.696100205019825, 47.17633967183466], [27.693141295668187, 47.17454005427903], [27.693161530284325, 47.174524572446416], [27.691848396109904, 47.173726895481515], [27.690413699414787, 47.17272211106368], [27.69027244751551, 47.17315924411705], [27.69049336761405, 47.17346067510049], [27.690575289695687, 47.173660397552645], [27.69059631554554, 47.17384027397262], [27.690664496805965, 47.174121533472324], [27.690733737341965, 47.1742237689576], [27.69089282170832, 47.174359439923315], [27.69134850413429, 47.17457565669734], [27.691855780226895, 47.174769654875526], [27.692122766032327, 47.17457744340222], [27.692387047928015, 47.174417869144584], [27.695889411802504, 47.17654524891266]]]}}, {"type": "Feature", "properties": {"utr": "UTR19_L1", "tip_szf": "subzona de locuire individuală situată în ţesut tradiţional cu regim de construire continuu şi discontinuu. Subzonă dezvoltată în etape succesive, organic și planificat", "cod_zf": "ZF11", "tip_zf": "Zonă locuințe și funcțiuni complementare", "arie_mp": 5207.9}, "geometry": {"type": "Polygon", "coordinates": [[[27.682420381614993, 47.18522112098726], [27.68227743727268, 47.18516554319933], [27.682170313726466, 47.18532414948613], [27.68186358484455, 47.18525855411147], [27.681721269221672, 47.18541390613973], [27.68124988792343, 47.185281164720536], [27.681069230126454, 47.18544409668177], [27.68282935807047, 47.18586602855201], [27.682993704212986, 47.18560047912235], [27.682420381614993, 47.18522112098726]]]}}, {"type": "Feature", "properties": {"utr": "UTR19_L1", "tip_szf": "subzona de locuire individuală situată în ţesut tradiţional cu regim de construire continuu şi discontinuu. Subzonă dezvoltată în etape succesive, organic și planificat", "cod_zf": "ZF11", "tip_zf": "Zonă locuințe și funcțiuni complementare", "arie_mp": 6989.2}, "geometry": {"type": "Polygon", "coordinates": [[[27.683809200713892, 47.18318520770829], [27.683613071151775, 47.183397241882886], [27.683238032373332, 47.18369283548368], [27.683051442033047, 47.18389432442141], [27.68392147717427, 47.184286505298914], [27.68451474925384, 47.183489438587216], [27.683809200713892, 47.18318520770829]]]}}, {"type": "Feature", "properties": {"utr": "UTR19_L1", "tip_szf": "subzona de locuire individuală situată în ţesut tradiţional cu regim de construire continuu şi discontinuu. Subzonă dezvoltată în etape succesive, organic și planificat", "cod_zf": "ZF11", "tip_zf": "Zonă locuințe și funcțiuni complementare", "arie_mp": 4893.9}, "geometry": {"type": "Polygon", "coordinates": [[[27.68352826594395, 47.184658988892444], [27.683128042930477, 47.18448945093699], [27.68276735651347, 47.184889912073096], [27.68253235943843, 47.18500746407773], [27.682397130530738, 47.18512789534022], [27.68296052832335, 47.18553039316288], [27.683631111731383, 47.18468654066843], [27.68352826594395, 47.184658988892444]]]}}, {"type": "Feature", "properties": {"utr": "UTR19_L1", "tip_szf": "subzona de locuire individuală situată în ţesut tradiţional cu regim de construire continuu şi discontinuu. Subzonă dezvoltată în etape succesive, organic și planificat", "cod_zf": "ZF11", "tip_zf": "Zonă locuințe și funcțiuni complementare", "arie_mp": 4885.2}, "geometry": {"type": "Polygon", "coordinates": [[[27.682823648054285, 47.1788604353218], [27.681936928467955, 47.17856330464811], [27.681608558738578, 47.17926911526929], [27.682217792577774, 47.17944947802392], [27.68254181961912, 47.17903535514734], [27.682675552320397, 47.179074092425765], [27.682823648054285, 47.1788604353218]]]}}, {"type": "Feature", "properties": {"utr": "UTR19_L1", "tip_szf": "subzona de locuire individuală situată în ţesut tradiţional cu regim de construire continuu şi discontinuu. Subzonă dezvoltată în etape succesive, organic și planificat", "cod_zf": "ZF11", "tip_zf": "Zonă locuințe și funcțiuni complementare", "arie_mp": 10766.4}, "geometry": {"type": "Polygon", "coordinates": [[[27.687078548670197, 47.180182823510904], [27.687256439944377, 47.17987067147512], [27.687308056878866, 47.17974292404794], [27.686156811478618, 47.17938846683117], [27.686001848351264, 47.17968598822745], [27.685775967329242, 47.18002099113203], [27.686078864777908, 47.180142915339076], [27.68580743662813, 47.18042325343124], [27.686647605865527, 47.18080535668671], [27.687078548670197, 47.180182823510904]]]}}, {"type": "Feature", "properties": {"utr": "UTR19_L1", "tip_szf": "subzona de locuire individuală situată în ţesut tradiţional cu regim de construire continuu şi discontinuu. Subzonă dezvoltată în etape succesive, organic și planificat", "cod_zf": "ZF11", "tip_zf": "Zonă locuințe și funcțiuni complementare", "arie_mp": 6690.4}, "geometry": {"type": "Polygon", "coordinates": [[[27.69011155598887, 47.17352991667649], [27.68978308671585, 47.173501681538205], [27.68956425048716, 47.17342547039367], [27.689044501730386, 47.173184234344674], [27.689018038511772, 47.17315558364255], [27.6887839322506, 47.1741176750118], [27.689481335266272, 47.174348350230474], [27.689777832680033, 47.17372442135471], [27.69011155598887, 47.17352991667649]]]}}, {"type": "Feature", "properties": {"utr": "UTR6_L1", "tip_szf": "subzona de locuire individuală situată în ţesut tradiţional cu regim de construire continuu şi discontinuu. Subzonă dezvoltată în etape succesive, organic și planificat", "cod_zf": "ZF11", "tip_zf": "Zonă locuințe și funcțiuni complementare", "arie_mp": 68580.1}, "geometry": {"type": "Polygon", "coordinates": [[[27.680689802965524, 47.1719982964733], [27.680224426781578, 47.17277373708684], [27.685471899472862, 47.17418435667009], [27.685671682895947, 47.17379630781597], [27.68581697944945, 47.173577560148246], [27.685973380224866, 47.17328225436615], [27.68616506296419, 47.17297817712143], [27.686286981526784, 47.17281724346656], [27.68102705698318, 47.171456579096514], [27.680953914995396, 47.171611259480315], [27.680689802965524, 47.1719982964733]]]}}, {"type": "Feature", "properties": {"utr": "UTR19_L1", "tip_szf": "subzona de locuire individuală situată în ţesut tradiţional cu regim de construire continuu şi discontinuu. Subzonă dezvoltată în etape succesive, organic și planificat", "cod_zf": "ZF11", "tip_zf": "Zonă locuințe și funcțiuni complementare", "arie_mp": 6643.1}, "geometry": {"type": "Polygon", "coordinates": [[[27.676853354960677, 47.18746477066595], [27.67706184995238, 47.18708125095851], [27.677730946506276, 47.186381392696006], [27.678411182883973, 47.185905408882604], [27.67818683946227, 47.18584750988101], [27.677894643520904, 47.186077009868804], [27.677068426276662, 47.1868106951253], [27.6766021348795, 47.18720077130306], [27.67583434393895, 47.18781432937588], [27.676427737424564, 47.188047919747554], [27.676853354960677, 47.18746477066595]]]}}, {"type": "Feature", "properties": {"utr": "UTR19_L1", "tip_szf": "subzona de locuire individuală situată în ţesut tradiţional cu regim de construire continuu şi discontinuu. Subzonă dezvoltată în etape succesive, organic și planificat", "cod_zf": "ZF11", "tip_zf": "Zonă locuințe și funcțiuni complementare", "arie_mp": 1812.6}, "geometry": {"type": "Polygon", "coordinates": [[[27.675590886176447, 47.18798527156695], [27.67655629890311, 47.188314083426505], [27.676692865212374, 47.18815228610162], [27.67583434393895, 47.18781432937588], [27.675590886176447, 47.18798527156695]]]}}, {"type": "Feature", "properties": {"utr": "UTR19_L1", "tip_szf": "subzona de locuire individuală situată în ţesut tradiţional cu regim de construire continuu şi discontinuu. Subzonă dezvoltată în etape succesive, organic și planificat", "cod_zf": "ZF11", "tip_zf": "Zonă locuințe și funcțiuni complementare", "arie_mp": 8578.9}, "geometry": {"type": "Polygon", "coordinates": [[[27.67852086356032, 47.18593371528694], [27.679239709247305, 47.18519088490802], [27.679508634261637, 47.184743498415486], [27.679642342614436, 47.184640856530464], [27.679745517511968, 47.18461665294331], [27.679808857167036, 47.18458184586262], [27.679864141059944, 47.18448818785729], [27.68028349574801, 47.18408232038695], [27.68002321025921, 47.183883517653676], [27.67989308859748, 47.18381867187047], [27.679261045324463, 47.1844860528985], [27.679114584708852, 47.18468365492736], [27.679047427735618, 47.18471114754202], [27.67862052680454, 47.185350216984475], [27.67818683946227, 47.18584750988101], [27.67852086356032, 47.18593371528694]]]}}, {"type": "Feature", "properties": {"utr": "UTR19_L1", "tip_szf": "subzona de locuire individuală situată în ţesut tradiţional cu regim de construire continuu şi discontinuu. Subzonă dezvoltată în etape succesive, organic și planificat", "cod_zf": "ZF11", "tip_zf": "Zonă locuințe și funcțiuni complementare", "arie_mp": 7758.7}, "geometry": {"type": "Polygon", "coordinates": [[[27.680694835541225, 47.1880215209422], [27.680869630944652, 47.18778973558478], [27.67826098001415, 47.187093524237675], [27.678055094130404, 47.18732729067418], [27.67793194264647, 47.187535731770495], [27.678683880793837, 47.18771172742035], [27.678823048728198, 47.18753334738589], [27.680694835541225, 47.1880215209422]]]}}, {"type": "Feature", "properties": {"utr": "UTR19_L1", "tip_szf": "subzona de locuire individuală situată în ţesut tradiţional cu regim de construire continuu şi discontinuu. Subzonă dezvoltată în etape succesive, organic și planificat", "cod_zf": "ZF11", "tip_zf": "Zonă locuințe și funcțiuni complementare", "arie_mp": 4518.7}, "geometry": {"type": "Polygon", "coordinates": [[[27.67749834325449, 47.18823875716105], [27.67862061701756, 47.18852122392929], [27.678843702703393, 47.18812338824312], [27.678267048958173, 47.187971880618335], [27.67833258909276, 47.187869030825745], [27.677850764519007, 47.18775352532274], [27.677822688229565, 47.18786184046028], [27.67774984304848, 47.18800708941936], [27.67749834325449, 47.18823875716105]]]}}, {"type": "Feature", "properties": {"utr": "UTR19_L1", "tip_szf": "subzona de locuire individuală situată în ţesut tradiţional cu regim de construire continuu şi discontinuu. Subzonă dezvoltată în etape succesive, organic și planificat", "cod_zf": "ZF11", "tip_zf": "Zonă locuințe și funcțiuni complementare", "arie_mp": 7415.7}, "geometry": {"type": "Polygon", "coordinates": [[[27.68447633719781, 47.18072694693104], [27.684472524993478, 47.1807008302004], [27.68414341852352, 47.18055614383925], [27.683901383193252, 47.18047483154261], [27.683866039245057, 47.18049946345735], [27.683797570235235, 47.180450163129116], [27.6837126320802, 47.180423652668075], [27.683624775308562, 47.1805052255027], [27.68340654563457, 47.18065828886083], [27.683301433381274, 47.18076734720183], [27.68329841136033, 47.18107016991169], [27.68345746568581, 47.181244097085305], [27.683674727595093, 47.18153129862712], [27.683776091198542, 47.18163269591249], [27.684030240739233, 47.18147042900575], [27.684073661708233, 47.18142303994076], [27.684281372540514, 47.18108814178989], [27.68447633719781, 47.18072694693104]]]}}, {"type": "Feature", "properties": {"utr": "UTR19_L1", "tip_szf": "subzona de locuire individuală situată în ţesut tradiţional cu regim de construire continuu şi discontinuu. Subzonă dezvoltată în etape succesive, organic și planificat", "cod_zf": "ZF11", "tip_zf": "Zonă locuințe și funcțiuni complementare", "arie_mp": 1743.4}, "geometry": {"type": "Polygon", "coordinates": [[[27.683352228229506, 47.18027036751419], [27.683173962602293, 47.18045855315299], [27.682845498637825, 47.180782770710415], [27.683163579066594, 47.18094405887529], [27.68317920807523, 47.18084626347875], [27.68324811562269, 47.180733292125886], [27.683671748056913, 47.180409231243225], [27.683352228229506, 47.18027036751419]]]}}, {"type": "Feature", "properties": {"utr": "UTR19_L1", "tip_szf": "subzona de locuire individuală situată în ţesut tradiţional cu regim de construire continuu şi discontinuu. Subzonă dezvoltată în etape succesive, organic și planificat", "cod_zf": "ZF11", "tip_zf": "Zonă locuințe și funcțiuni complementare", "arie_mp": 2091.0}, "geometry": {"type": "Polygon", "coordinates": [[[27.68578253783944, 47.177746389159026], [27.685303209778258, 47.178400483773046], [27.685156544262092, 47.17866462158395], [27.685467862763314, 47.17846803635727], [27.68569511612048, 47.17823343519363], [27.685954257172288, 47.178026300166295], [27.686154464230952, 47.17783645906002], [27.68585294542463, 47.177738453990024], [27.68578253783944, 47.177746389159026]]]}}, {"type": "Feature", "properties": {"utr": "UTR19_L1", "tip_szf": "subzona de locuire individuală situată în ţesut tradiţional cu regim de construire continuu şi discontinuu. Subzonă dezvoltată în etape succesive, organic și planificat", "cod_zf": "ZF11", "tip_zf": "Zonă locuințe și funcțiuni complementare", "arie_mp": 11352.6}, "geometry": {"type": "Polygon", "coordinates": [[[27.688177271682548, 47.17659273945637], [27.687280683065502, 47.17629226880778], [27.686970254954648, 47.17677151533856], [27.686808046067917, 47.176979029317486], [27.686722652960707, 47.177142589126525], [27.686285164606836, 47.17778520987548], [27.686485970641588, 47.17781169133318], [27.686691917685476, 47.17779944955311], [27.686738546588124, 47.177784281948995], [27.687239754741576, 47.177456156776934], [27.687618716446387, 47.17724924393034], [27.687923711093962, 47.17713503780141], [27.68821001426876, 47.17695980625645], [27.688177271682548, 47.17659273945637]]]}}, {"type": "Feature", "properties": {"utr": "UTR5_IS1", "tip_szf": "Subzonă instituțiilor publice și serviciilor de interes general", "cod_zf": "ZF09", "tip_zf": "Zonă instituții publice", "arie_mp": 3884.7}, "geometry": {"type": "Polygon", "coordinates": [[[27.685333178391375, 47.17806866099259], [27.68457655848569, 47.17778923552098], [27.68432100824293, 47.17833324972641], [27.684311155263703, 47.178382001409474], [27.684876819888245, 47.178601546816594], [27.685333178391375, 47.17806866099259]]]}}, {"type": "Feature", "properties": {"utr": "UTR5_IS1", "tip_szf": "Subzonă instituțiilor publice și serviciilor de interes general", "cod_zf": "ZF09", "tip_zf": "Zonă instituții publice", "arie_mp": 6462.7}, "geometry": {"type": "Polygon", "coordinates": [[[27.68657467119893, 47.17385256076471], [27.686071651026747, 47.17456200144389], [27.686981686859383, 47.1748344540891], [27.687452632428712, 47.1741118832016], [27.68657467119893, 47.17385256076471]]]}}, {"type": "Feature", "properties": {"utr": "UTR19_L1", "tip_szf": "subzona de locuire individuală situată în ţesut tradiţional cu regim de construire continuu şi discontinuu. Subzonă dezvoltată în etape succesive, organic și planificat", "cod_zf": "ZF11", "tip_zf": "Zonă locuințe și funcțiuni complementare", "arie_mp": 24759.4}, "geometry": {"type": "Polygon", "coordinates": [[[27.67710531286252, 47.18761100579595], [27.676773815192362, 47.188056392037176], [27.67745036656817, 47.18822668142795], [27.677701922954903, 47.18793969274862], [27.67786116463312, 47.18752416611477], [27.67800273570199, 47.18729944858933], [27.67817529739339, 47.187075180431485], [27.6785623384004, 47.1866283338775], [27.67906936377104, 47.18596658863986], [27.679430953465662, 47.18565917257423], [27.67987993681787, 47.185313913695644], [27.68103067045314, 47.18457737240533], [27.68061646551944, 47.1842874350603], [27.680376245601323, 47.184162375324554], [27.679502321627538, 47.18493791496823], [27.679509866756735, 47.1850892442976], [27.679094905762675, 47.18537399592923], [27.678661071493604, 47.18581434439158], [27.67808901577508, 47.186500358340304], [27.677871795560275, 47.18644432807565], [27.677376141790585, 47.1870163958608], [27.67710531286252, 47.18761100579595]]]}}, {"type": "Feature", "properties": {"utr": "UTR19_L1", "tip_szf": "subzona de locuire individuală situată în ţesut tradiţional cu regim de construire continuu şi discontinuu. Subzonă dezvoltată în etape succesive, organic și planificat", "cod_zf": "ZF11", "tip_zf": "Zonă locuințe și funcțiuni complementare", "arie_mp": 64198.8}, "geometry": {"type": "Polygon", "coordinates": [[[27.677496701443342, 47.18419259209624], [27.67763561175059, 47.184262452816], [27.677440526258355, 47.18447163463038], [27.676817329840887, 47.18421033198498], [27.676388191543907, 47.184731479134875], [27.67725066132704, 47.1851224170945], [27.677154941837706, 47.18521178637868], [27.677260466074372, 47.185256040267625], [27.67662582946113, 47.18609643012741], [27.676996983234382, 47.18622613397425], [27.67682979623708, 47.186486576055074], [27.67712518898862, 47.18659581086858], [27.677435744211706, 47.18637946155], [27.67787100927565, 47.18599022166622], [27.67848941407354, 47.185289889146496], [27.678668286844406, 47.185066106241365], [27.67908614301137, 47.18443960489579], [27.67875448902931, 47.184314701943435], [27.67878478396995, 47.1842839925476], [27.679096081466703, 47.18440622219575], [27.679327890056395, 47.184162259627925], [27.679352646124933, 47.184173050434495], [27.679689644486047, 47.183842266923946], [27.68021251563836, 47.18327267034676], [27.680225609650297, 47.183278122643415], [27.681409298366827, 47.18203541270432], [27.681104412059426, 47.18201387140392], [27.68077145955454, 47.18202173600088], [27.680614904220814, 47.18219109787476], [27.67909360282463, 47.18178700828348], [27.67907316482049, 47.18182260868958], [27.678815067941493, 47.18280427308069], [27.678537002534032, 47.18321357469304], [27.67776713666561, 47.18402409501473], [27.677689965537475, 47.183989653615164], [27.677496701443342, 47.18419259209624]]]}}, {"type": "Feature", "properties": {"utr": "UTR19_L1", "tip_szf": "subzona de locuire individuală situată în ţesut tradiţional cu regim de construire continuu şi discontinuu. Subzonă dezvoltată în etape succesive, organic și planificat", "cod_zf": "ZF11", "tip_zf": "Zonă locuințe și funcțiuni complementare", "arie_mp": 5315.7}, "geometry": {"type": "Polygon", "coordinates": [[[27.67568270987053, 47.18784407257878], [27.673755306844818, 47.18724325820068], [27.67352588048964, 47.18752187750401], [27.67522570493407, 47.18804087498292], [27.675560654823876, 47.18792925434176], [27.67568270987053, 47.18784407257878]]]}}, {"type": "Feature", "properties": {"utr": "UTR19_L1", "tip_szf": "subzona de locuire individuală situată în ţesut tradiţional cu regim de construire continuu şi discontinuu. Subzonă dezvoltată în etape succesive, organic și planificat", "cod_zf": "ZF11", "tip_zf": "Zonă locuințe și funcțiuni complementare", "arie_mp": 55135.7}, "geometry": {"type": "Polygon", "coordinates": [[[27.67682979623708, 47.186486576055074], [27.676996983234382, 47.18622613397425], [27.67662582946113, 47.18609643012741], [27.677260466074372, 47.185256040267625], [27.677154941837706, 47.18521178637868], [27.67725066132704, 47.1851224170945], [27.676388191543907, 47.184731479134875], [27.676817329840887, 47.18421033198498], [27.677440526258355, 47.18447163463038], [27.67763561175059, 47.184262452816], [27.677496701443342, 47.18419259209624], [27.677689965537475, 47.183989653615164], [27.677047517171317, 47.183702925776515], [27.674663561075775, 47.186140226090274], [27.673755306844818, 47.18724325820068], [27.67568270987053, 47.18784407257878], [27.67632771852612, 47.18733607246081], [27.676710085786713, 47.187011700244675], [27.676981394867457, 47.186760676008326], [27.67712518898862, 47.18659581086858], [27.67682979623708, 47.186486576055074]]]}}, {"type": "Feature", "properties": {"utr": "UTR19_L1", "tip_szf": "subzona de locuire individuală situată în ţesut tradiţional cu regim de construire continuu şi discontinuu. Subzonă dezvoltată în etape succesive, organic și planificat", "cod_zf": "ZF11", "tip_zf": "Zonă locuințe și funcțiuni complementare", "arie_mp": 30604.3}, "geometry": {"type": "Polygon", "coordinates": [[[27.680376473172977, 47.18706064419348], [27.67865916403255, 47.18661848729755], [27.67826098001415, 47.187093524237675], [27.680869630944652, 47.18778973558478], [27.680694835541225, 47.1880215209422], [27.678823048728198, 47.18753334738589], [27.678683880793837, 47.18771172742035], [27.67793194264647, 47.187535731770495], [27.677850764519007, 47.18775352532274], [27.67833258909276, 47.187869030825745], [27.678267048958173, 47.187971880618335], [27.678843702703393, 47.18812338824312], [27.67862061701756, 47.18852122392929], [27.68015133465845, 47.18890648580837], [27.68076243881598, 47.18809887891092], [27.680868909293185, 47.18785025139711], [27.681249543015305, 47.187239499216666], [27.680376473172977, 47.18706064419348]]]}}, {"type": "Feature", "properties": {"utr": "UTR19_L1", "tip_szf": "subzona de locuire individuală situată în ţesut tradiţional cu regim de construire continuu şi discontinuu. Subzonă dezvoltată în etape succesive, organic și planificat", "cod_zf": "ZF11", "tip_zf": "Zonă locuințe și funcțiuni complementare", "arie_mp": 46231.5}, "geometry": {"type": "Polygon", "coordinates": [[[27.679399310197514, 47.1857871739248], [27.679086060805663, 47.186071565791224], [27.67865916403255, 47.18661848729755], [27.680376473172977, 47.18706064419348], [27.681279249341248, 47.187245584646675], [27.68150653566223, 47.18700532239046], [27.681932372198485, 47.18645242389581], [27.68221675300025, 47.18618683765066], [27.68251667070722, 47.18604394977911], [27.68282935807047, 47.18586602855201], [27.681069230126454, 47.18544409668177], [27.68124988792343, 47.185281164720536], [27.681721269221672, 47.18541390613973], [27.68186358484455, 47.18525855411147], [27.682170313726466, 47.18532414948613], [27.68227743727268, 47.18516554319933], [27.68158540553294, 47.18483995301509], [27.681105590609793, 47.18465082638088], [27.680815036977666, 47.18483534041452], [27.68039988045373, 47.18506876006831], [27.679399310197514, 47.1857871739248]]]}}, {"type": "Feature", "properties": {"utr": "UTR19_L1", "tip_szf": "subzona de locuire individuală situată în ţesut tradiţional cu regim de construire continuu şi discontinuu. Subzonă dezvoltată în etape succesive, organic și planificat", "cod_zf": "ZF11", "tip_zf": "Zonă locuințe și funcțiuni complementare", "arie_mp": 5454.4}, "geometry": {"type": "Polygon", "coordinates": [[[27.681363393473152, 47.18256408816401], [27.681130753289203, 47.18247869113967], [27.68024775730132, 47.18340664305358], [27.68029274724134, 47.18342733507111], [27.679973210543825, 47.183751706834286], [27.68020923511659, 47.18387244749012], [27.6803692013249, 47.18397857258543], [27.680563714440265, 47.18383175263129], [27.680652619638966, 47.183744272669514], [27.680663814549174, 47.18358100415487], [27.68129130579021, 47.182701331038764], [27.681363393473152, 47.18256408816401]]]}}, {"type": "Feature", "properties": {"utr": "UTR19_L1", "tip_szf": "subzona de locuire individuală situată în ţesut tradiţional cu regim de construire continuu şi discontinuu. Subzonă dezvoltată în etape succesive, organic și planificat", "cod_zf": "ZF11", "tip_zf": "Zonă locuințe și funcțiuni complementare", "arie_mp": 17983.4}, "geometry": {"type": "Polygon", "coordinates": [[[27.68258288709382, 47.18267687527009], [27.682110350522176, 47.18276073609809], [27.68147836147181, 47.182606290077096], [27.681070635774248, 47.1831450697263], [27.68088796501239, 47.183418338762536], [27.680969546200554, 47.183468105470816], [27.68074279896573, 47.183675091428434], [27.68067963811073, 47.18381967012357], [27.680378354312694, 47.18401864908091], [27.68050364447358, 47.1841435398967], [27.681124829301755, 47.18454213935219], [27.681341794551745, 47.184375728546605], [27.681534847053445, 47.1841948974823], [27.6820480983961, 47.183606167357894], [27.682466046003825, 47.18320235568162], [27.68255281504094, 47.183094705128795], [27.682680830092, 47.182880180248205], [27.68273455054892, 47.18271960657758], [27.68258288709382, 47.18267687527009]]]}}, {"type": "Feature", "properties": {"utr": "UTR19_L1", "tip_szf": "subzona de locuire individuală situată în ţesut tradiţional cu regim de construire continuu şi discontinuu. Subzonă dezvoltată în etape succesive, organic și planificat", "cod_zf": "ZF11", "tip_zf": "Zonă locuințe și funcțiuni complementare", "arie_mp": 149495.9}, "geometry": {"type": "Polygon", "coordinates": [[[27.68812865144926, 47.179531089919145], [27.688386207087802, 47.17937810980763], [27.688597082169093, 47.17908229856966], [27.688773078314945, 47.178488793939266], [27.688859602103587, 47.178100595702425], [27.68891094450465, 47.17794100002579], [27.689067434451808, 47.17750672790962], [27.68917293864743, 47.17731886613241], [27.68927705102548, 47.177006120465464], [27.68929483084715, 47.176938366830555], [27.68918603580914, 47.17686177752079], [27.68896686168082, 47.176795638491086], [27.688755512888243, 47.176784085431265], [27.688507958524138, 47.17684924508354], [27.68823827313627, 47.17700172369703], [27.68811985951537, 47.17716223972827], [27.688091139439543, 47.17726778264098], [27.687953021676663, 47.17720574864236], [27.68743143556845, 47.17743401166421], [27.68695510175749, 47.177765938789484], [27.686678281475018, 47.17791508789776], [27.68659839838764, 47.17820136122974], [27.686573418313756, 47.17864869092476], [27.686581344206658, 47.17876610748574], [27.68648191802094, 47.178767971761694], [27.68653680243437, 47.17832417472922], [27.686521799890063, 47.177980059591036], [27.686236471389396, 47.17788074519717], [27.68623058495265, 47.1778612010048], [27.68565595326619, 47.1783549832669], [27.68552140376451, 47.178493814412434], [27.685126337705167, 47.178719021854796], [27.684789289623016, 47.179093032715656], [27.684634435230667, 47.179305052091614], [27.684348508303316, 47.17956503731375], [27.684317153616846, 47.179745454126206], [27.684273055233717, 47.17987299770061], [27.683967166226783, 47.179707439370446], [27.683418992442594, 47.180210949534185], [27.68353098436338, 47.1802899631804], [27.68460310608165, 47.180698959211504], [27.68433308447133, 47.181149421652826], [27.684038690980636, 47.181558827467775], [27.683895754700185, 47.18166488033667], [27.683617668058908, 47.18193603852868], [27.683182459814955, 47.18232316063339], [27.68319854410926, 47.18232957237991], [27.683004746272513, 47.182509100887785], [27.682868757915095, 47.18266749895299], [27.682772363301282, 47.182986786034334], [27.682184874564545, 47.183590167706015], [27.682219318914726, 47.18362177423125], [27.682135175448373, 47.183643011047614], [27.68196898999934, 47.183829666674455], [27.68198966426978, 47.183839114655434], [27.681955938056486, 47.183878842427404], [27.681928844527405, 47.18387347156408], [27.681516910057347, 47.184324845625945], [27.681198455013586, 47.18458997180029], [27.681207545706147, 47.184607354113005], [27.68160067426048, 47.184802812475425], [27.6822802826558, 47.18510271732667], [27.682397130530738, 47.18512789534022], [27.68253235943843, 47.18500746407773], [27.68276735651347, 47.184889912073096], [27.683128042930477, 47.18448945093699], [27.68352826594395, 47.184658988892444], [27.68359530487632, 47.18467413881173], [27.68392147717427, 47.184286505298914], [27.683051442033047, 47.18389432442141], [27.683238032373332, 47.18369283548368], [27.683613071151775, 47.183397241882886], [27.683809200713892, 47.18318520770829], [27.68451474925384, 47.183489438587216], [27.684589079733698, 47.18336607715338], [27.684730388098913, 47.183193843896206], [27.684835114350314, 47.182981945009864], [27.684998506604195, 47.18274930952606], [27.685205079089204, 47.18256502640586], [27.685637627812223, 47.18201791007328], [27.685784397702538, 47.1818049066258], [27.68619893724426, 47.18138350746203], [27.686647605865527, 47.18080535668671], [27.68580743662813, 47.18042325343124], [27.686078864777908, 47.180142915339076], [27.685775967329242, 47.18002099113203], [27.686001848351264, 47.17968598822745], [27.686156811478618, 47.17938846683117], [27.687308056878866, 47.17974292404794], [27.68734274549854, 47.1796748539232], [27.687548890916442, 47.179554920486076], [27.68812865144926, 47.179531089919145]]]}}, {"type": "Feature", "properties": {"utr": "UTR19_L1", "tip_szf": "subzona de locuire individuală situată în ţesut tradiţional cu regim de construire continuu şi discontinuu. Subzonă dezvoltată în etape succesive, organic și planificat", "cod_zf": "ZF11", "tip_zf": "Zonă locuințe și funcțiuni complementare", "arie_mp": 10754.0}, "geometry": {"type": "Polygon", "coordinates": [[[27.683656065731363, 47.181753213533725], [27.683617370848587, 47.18165966583103], [27.68341014923136, 47.181354626693995], [27.68320355725036, 47.18114785776718], [27.682670291508995, 47.18162061432635], [27.682401895802485, 47.18196533560417], [27.682218703728537, 47.182165101615944], [27.681540015852917, 47.18253209034874], [27.68175000739467, 47.18256646018878], [27.682165670644135, 47.18267459325149], [27.682646868616867, 47.18254245146051], [27.683058025489117, 47.18230509102045], [27.68307151938084, 47.18231310107629], [27.683608118554538, 47.18182054338726], [27.683656065731363, 47.181753213533725]]]}}, {"type": "Feature", "properties": {"utr": "UTR19_L1", "tip_szf": "subzona de locuire individuală situată în ţesut tradiţional cu regim de construire continuu şi discontinuu. Subzonă dezvoltată în etape succesive, organic și planificat", "cod_zf": "ZF11", "tip_zf": "Zonă locuințe și funcțiuni complementare", "arie_mp": 7220.8}, "geometry": {"type": "Polygon", "coordinates": [[[27.68172722468792, 47.18195275951815], [27.681343388661436, 47.182402017556846], [27.681451842324922, 47.18251765863989], [27.682184687242795, 47.182144493875555], [27.682426835666547, 47.181877412268065], [27.682659220704924, 47.18157374833192], [27.683157036773917, 47.181114680770584], [27.68279076875885, 47.18085346738204], [27.68220172224983, 47.18144117770998], [27.68172722468792, 47.18195275951815]]]}}, {"type": "Feature", "properties": {"utr": "UTR16_L1", "tip_szf": "subzona de locuire individuală situată în ţesut tradiţional cu regim de construire continuu şi discontinuu. Subzonă dezvoltată în etape succesive, organic și planificat", "cod_zf": "ZF11", "tip_zf": "Zonă locuințe și funcțiuni complementare", "arie_mp": 51097.0}, "geometry": {"type": "Polygon", "coordinates": [[[27.681330450281006, 47.17987790174073], [27.681162833049267, 47.18016483580497], [27.680615140506056, 47.17997935799542], [27.679824132870593, 47.180912033107425], [27.67925046364443, 47.18151377499865], [27.67910793706384, 47.18176203983036], [27.680566760142803, 47.18214880807892], [27.680728941271756, 47.18199325223791], [27.680759342089853, 47.181982729441515], [27.68108007859117, 47.18198292386315], [27.681084437413062, 47.18193165424151], [27.68112735017661, 47.181841892615125], [27.681032513189013, 47.18167119942031], [27.68104828565539, 47.18131618345727], [27.68118376315304, 47.181097742629], [27.681011333251917, 47.181028477726755], [27.68104840721934, 47.18097615996716], [27.681243479600482, 47.18104258547147], [27.68121780023706, 47.18115767477301], [27.681121754668528, 47.1813543894584], [27.681101135423233, 47.181592482507476], [27.681134844894377, 47.18176008741813], [27.68121744379546, 47.1818882086536], [27.681517119966497, 47.18199098880479], [27.68225448955741, 47.18123148832213], [27.68257709975334, 47.18082965117952], [27.683255979978973, 47.180122254051], [27.683512880653357, 47.17989161852343], [27.682594845477354, 47.17961789888802], [27.682177231781203, 47.17947067747119], [27.681588264672317, 47.17930881166882], [27.681465875924797, 47.17955157820822], [27.681330450281006, 47.17987790174073]]]}}, {"type": "Feature", "properties": {"utr": "UTR19_L1", "tip_szf": "subzona de locuire individuală situată în ţesut tradiţional cu regim de construire continuu şi discontinuu. Subzonă dezvoltată în etape succesive, organic și planificat", "cod_zf": "ZF11", "tip_zf": "Zonă locuințe și funcțiuni complementare", "arie_mp": 83288.0}, "geometry": {"type": "Polygon", "coordinates": [[[27.68576675927845, 47.17665771442454], [27.685915511943264, 47.17665585166911], [27.686124701934883, 47.17670372630924], [27.68636428885326, 47.176230352132606], [27.685682970934536, 47.176087634999305], [27.6851252531627, 47.17594070272221], [27.685140692515997, 47.175915839517174], [27.685696183457235, 47.17606217568325], [27.68637145164099, 47.17620535875564], [27.68655064942699, 47.17573587845469], [27.685979987146432, 47.175596300372646], [27.68593281186211, 47.17554632155293], [27.686078933722687, 47.17528225819746], [27.686085736325158, 47.175192835633574], [27.68603313083218, 47.17512686937237], [27.684978547952326, 47.1747693554987], [27.684278109350334, 47.175801504342466], [27.684614772681023, 47.17589090442629], [27.684207177235, 47.17661804344976], [27.68383351801524, 47.17699073004136], [27.683353177580802, 47.17683552252008], [27.683300743997435, 47.176932588438056], [27.683189637731925, 47.177067048221836], [27.68199320977289, 47.17823928099789], [27.68199809380064, 47.17838239665656], [27.681936928467955, 47.17856330464811], [27.682823648054285, 47.1788604353218], [27.682675552320397, 47.179074092425765], [27.68254181961912, 47.17903535514734], [27.682217792577774, 47.17944947802392], [27.68296152866626, 47.17968289842402], [27.683576653048462, 47.17982340734696], [27.683731413864248, 47.1796857878433], [27.68406289045626, 47.17944214575404], [27.68443362412545, 47.1790966322467], [27.684837822177045, 47.17866788546251], [27.68442346385447, 47.17850087761346], [27.68409368933349, 47.17839656206688], [27.683905487462923, 47.17841732548299], [27.68364985058599, 47.178598687676754], [27.683541139896047, 47.17859185173982], [27.683522426482384, 47.17861527648208], [27.683431976144128, 47.17858389368355], [27.683472019481925, 47.17853023954378], [27.683586200595716, 47.17851106893586], [27.684027915484034, 47.178280156314784], [27.68416654608729, 47.178336898744305], [27.68425323978295, 47.178202005771944], [27.68436849227313, 47.17823080289137], [27.68457655848569, 47.17778923552098], [27.685333178391375, 47.17806866099259], [27.685600957214906, 47.17768706189202], [27.685196448943266, 47.177543189544195], [27.684875305123438, 47.177402789990076], [27.684915691453668, 47.17735132219926], [27.685389743702917, 47.177569968535266], [27.68562304606858, 47.17765744176644], [27.686092219481147, 47.1767987843575], [27.686073778186824, 47.17676331681868], [27.686010449747773, 47.17673965748503], [27.6857997316016, 47.17673644579945], [27.685246839441582, 47.17704363598383], [27.68515527294696, 47.17700485715376], [27.685365285831946, 47.176923873229384], [27.68576675927845, 47.17665771442454]]]}}, {"type": "Feature", "properties": {"utr": "UTR19_L1", "tip_szf": "subzona de locuire individuală situată în ţesut tradiţional cu regim de construire continuu şi discontinuu. Subzonă dezvoltată în etape succesive, organic și planificat", "cod_zf": "ZF11", "tip_zf": "Zonă locuințe și funcțiuni complementare", "arie_mp": 38758.7}, "geometry": {"type": "Polygon", "coordinates": [[[27.68629081197434, 47.17684081954036], [27.686273346137824, 47.17683625500292], [27.6858431163411, 47.17761411983391], [27.686215907104753, 47.17776157950662], [27.686412632353814, 47.17750399729617], [27.68665868161607, 47.177099140787455], [27.686907534641627, 47.17676731785787], [27.686927908892027, 47.17677335257323], [27.687056124702206, 47.17658242720385], [27.687131661109305, 47.176452632856055], [27.687208230974193, 47.176268541025905], [27.68789360147975, 47.175177858808425], [27.688142661279937, 47.17485368987952], [27.688310607515596, 47.17476360969198], [27.68873269777457, 47.17410073105626], [27.6887839322506, 47.1741176750118], [27.689018038511772, 47.17315558364255], [27.689044501730386, 47.173184234344674], [27.68956425048716, 47.17342547039367], [27.68978308671585, 47.173501681538205], [27.69011155598887, 47.17352991667649], [27.690030692757453, 47.17303479660419], [27.68933140773405, 47.172522053207516], [27.68897220322545, 47.17234211584655], [27.688767430703734, 47.172654472404815], [27.687701766899483, 47.17408117490913], [27.68743761297939, 47.17447336894773], [27.68742138922168, 47.174468295323166], [27.687198509413417, 47.17481626638084], [27.687086709756294, 47.17500998955086], [27.686905879132965, 47.17538038165175], [27.686591115761843, 47.1760887186461], [27.686406157527745, 47.176613882557646], [27.68629081197434, 47.17684081954036]]]}}, {"type": "Feature", "properties": {"utr": "UTR19_L1", "tip_szf": "subzona de locuire individuală situată în ţesut tradiţional cu regim de construire continuu şi discontinuu. Subzonă dezvoltată în etape succesive, organic și planificat", "cod_zf": "ZF11", "tip_zf": "Zonă locuințe și funcțiuni complementare", "arie_mp": 66989.2}, "geometry": {"type": "Polygon", "coordinates": [[[27.68854336919254, 47.170207094285516], [27.688110751711694, 47.170489191698906], [27.6878498605587, 47.17074232307688], [27.687426035967, 47.171195475524314], [27.68726943348753, 47.17134439698898], [27.68711978847042, 47.17145352453564], [27.686845449490278, 47.17176062469847], [27.686898548247555, 47.17181629396567], [27.68672058155726, 47.17213382826994], [27.686532848081303, 47.17240055021596], [27.686398090799653, 47.1726705771494], [27.68616506296419, 47.17297817712143], [27.685973380224866, 47.17328225436615], [27.68581697944945, 47.173577560148246], [27.685671682895947, 47.17379630781597], [27.685401665896503, 47.17432076140032], [27.685068575439274, 47.17471827017656], [27.6862143337952, 47.17511045644782], [27.68600232916669, 47.17554840703029], [27.686567656207913, 47.175686683374295], [27.68674926759747, 47.17528306496135], [27.686981686859383, 47.1748344540891], [27.686071651026747, 47.17456200144389], [27.68657467119893, 47.17385256076471], [27.687452632428712, 47.1741118832016], [27.68879733703375, 47.17229781516441], [27.68902493251022, 47.17189601571042], [27.689072817355914, 47.17170883676148], [27.689013597680674, 47.17150293294689], [27.68894083710531, 47.171337181734785], [27.68870012002807, 47.1709554394619], [27.68856899749737, 47.17066734578997], [27.688547972575154, 47.17055566105084], [27.68854336919254, 47.170207094285516]]]}}, {"type": "Feature", "properties": {"utr": "UTR6_L1", "tip_szf": "subzona de locuire individuală situată în ţesut tradiţional cu regim de construire continuu şi discontinuu. Subzonă dezvoltată în etape succesive, organic și planificat", "cod_zf": "ZF11", "tip_zf": "Zonă locuințe și funcțiuni complementare", "arie_mp": 54621.2}, "geometry": {"type": "Polygon", "coordinates": [[[27.687549442788935, 47.171073368882745], [27.687274953378378, 47.17133232689518], [27.6870417589335, 47.17146835081266], [27.686944275510523, 47.171565781825976], [27.686840270698934, 47.1717141371472], [27.686651359129264, 47.17175055509855], [27.686260695701122, 47.17161740241362], [27.68534390624486, 47.171362608815095], [27.684938930807245, 47.171232627863326], [27.68343950958263, 47.17084074026702], [27.682615886098336, 47.170658383141664], [27.682055913638106, 47.17045662137675], [27.681780861009905, 47.17039046048013], [27.68165004977993, 47.17045165585249], [27.68151948729718, 47.17062843844824], [27.681354146204896, 47.17088343755313], [27.68102705698318, 47.171456579096514], [27.686286981526784, 47.17281724346656], [27.686398090799653, 47.1726705771494], [27.686532848081303, 47.17240055021596], [27.68672058155726, 47.17213382826994], [27.686898548247555, 47.17181629396567], [27.686845449490278, 47.17176062469847], [27.68711978847042, 47.17145352453564], [27.68726943348753, 47.17134439698898], [27.687549442788935, 47.171073368882745]]]}}, {"type": "Feature", "properties": {"utr": "UTR16_L1", "tip_szf": "subzona de locuire individuală situată în ţesut tradiţional cu regim de construire continuu şi discontinuu. Subzonă dezvoltată în etape succesive, organic și planificat", "cod_zf": "ZF11", "tip_zf": "Zonă locuințe și funcțiuni complementare", "arie_mp": 12007.2}, "geometry": {"type": "Polygon", "coordinates": [[[27.649938821977617, 47.19655091151813], [27.64826392055339, 47.19654042962686], [27.647681519984847, 47.19651843104253], [27.647712766771555, 47.19712198076812], [27.64804931760064, 47.19711604374455], [27.64858320932985, 47.19716873577593], [27.64971813215654, 47.1973461022505], [27.649938821977617, 47.19655091151813]]]}}, {"type": "Feature", "properties": {"utr": "UTR16_L1", "tip_szf": "subzona de locuire individuală situată în ţesut tradiţional cu regim de construire continuu şi discontinuu. Subzonă dezvoltată în etape succesive, organic și planificat", "cod_zf": "ZF11", "tip_zf": "Zonă locuințe și funcțiuni complementare", "arie_mp": 8175.2}, "geometry": {"type": "Polygon", "coordinates": [[[27.647678319178702, 47.196464465777424], [27.647681519984847, 47.19651843104253], [27.64826392055339, 47.19654042962686], [27.649938821977617, 47.19655091151813], [27.650033592398827, 47.19620942711093], [27.647831031726938, 47.19600606454205], [27.647746394275668, 47.19647549665942], [27.647678319178702, 47.196464465777424]]]}}, {"type": "Feature", "properties": {"utr": "UTR16_L1", "tip_szf": "subzona de locuire individuală situată în ţesut tradiţional cu regim de construire continuu şi discontinuu. Subzonă dezvoltată în etape succesive, organic și planificat", "cod_zf": "ZF11", "tip_zf": "Zonă locuințe și funcțiuni complementare", "arie_mp": 12173.9}, "geometry": {"type": "Polygon", "coordinates": [[[27.64971813215654, 47.1973461022505], [27.64858320932985, 47.19716873577593], [27.64804931760064, 47.19711604374455], [27.647712766771555, 47.19712198076812], [27.647699659046793, 47.197331743474244], [27.647598460170084, 47.197768987306404], [27.64952512436712, 47.198078123555995], [27.649626308498505, 47.19764088722952], [27.64971813215654, 47.1973461022505]]]}}, {"type": "Feature", "properties": {"utr": "UTR16_L1", "tip_szf": "subzona de locuire individuală situată în ţesut tradiţional cu regim de construire continuu şi discontinuu. Subzonă dezvoltată în etape succesive, organic și planificat", "cod_zf": "ZF11", "tip_zf": "Zonă locuințe și funcțiuni complementare", "arie_mp": 3723.5}, "geometry": {"type": "Polygon", "coordinates": [[[27.652121155533948, 47.18294452409111], [27.65126082990575, 47.18323523127311], [27.652106666570635, 47.18315245510977], [27.652115424427432, 47.18308837819837], [27.654587998932282, 47.183134154936155], [27.65459372342126, 47.182990300776765], [27.652121155533948, 47.18294452409111]]]}}, {"type": "Feature", "properties": {"utr": "UTR16_L1", "tip_szf": "subzona de locuire individuală situată în ţesut tradiţional cu regim de construire continuu şi discontinuu. Subzonă dezvoltată în etape succesive, organic și planificat", "cod_zf": "ZF11", "tip_zf": "Zonă locuințe și funcțiuni complementare", "arie_mp": 891.7}, "geometry": {"type": "Polygon", "coordinates": [[[27.65153964025606, 47.183227875640085], [27.65116557938353, 47.18331386917257], [27.651128084793466, 47.18333725468162], [27.65207786566772, 47.183363222488964], [27.652099404919245, 47.18320558491745], [27.65153964025606, 47.183227875640085]]]}}, {"type": "Feature", "properties": {"utr": "UTR16_L1", "tip_szf": "subzona de locuire individuală situată în ţesut tradiţional cu regim de construire continuu şi discontinuu. Subzonă dezvoltată în etape succesive, organic și planificat", "cod_zf": "ZF11", "tip_zf": "Zonă locuințe și funcțiuni complementare", "arie_mp": 10051.9}, "geometry": {"type": "Polygon", "coordinates": [[[27.64993100753986, 47.184784528209526], [27.650067905602803, 47.18520601248989], [27.651373429395015, 47.1854225503917], [27.651453008399983, 47.185215386604455], [27.654213757847455, 47.18560348046087], [27.65432078983209, 47.18540996802079], [27.64993100753986, 47.184784528209526]]]}}, {"type": "Feature", "properties": {"utr": "UTR16_L1", "tip_szf": "subzona de locuire individuală situată în ţesut tradiţional cu regim de construire continuu şi discontinuu. Subzonă dezvoltată în etape succesive, organic și planificat", "cod_zf": "ZF11", "tip_zf": "Zonă locuințe și funcțiuni complementare", "arie_mp": 17962.2}, "geometry": {"type": "Polygon", "coordinates": [[[27.65284385456398, 47.192474333872056], [27.652969657318053, 47.19286505278641], [27.653394468137574, 47.193621692420194], [27.655031676423494, 47.19376320922953], [27.654928949281317, 47.19262815709197], [27.652824038243292, 47.19244911486731], [27.65284385456398, 47.192474333872056]]]}}, {"type": "Feature", "properties": {"utr": "UTR16_L1", "tip_szf": "subzona de locuire individuală situată în ţesut tradiţional cu regim de construire continuu şi discontinuu. Subzonă dezvoltată în etape succesive, organic și planificat", "cod_zf": "ZF11", "tip_zf": "Zonă locuințe și funcțiuni complementare", "arie_mp": 3065.8}, "geometry": {"type": "Polygon", "coordinates": [[[27.649682450365155, 47.18716080757578], [27.64985762618077, 47.18693757144489], [27.649258578276317, 47.18678751687352], [27.64917475322886, 47.186914639889906], [27.649042057135347, 47.18704464624377], [27.648918621866574, 47.18713223517447], [27.64885159282214, 47.18725761431465], [27.649585687909877, 47.18743155551311], [27.649682450365155, 47.18716080757578]]]}}, {"type": "Feature", "properties": {"utr": "UTR16_L1", "tip_szf": "subzona de locuire individuală situată în ţesut tradiţional cu regim de construire continuu şi discontinuu. Subzonă dezvoltată în etape succesive, organic și planificat", "cod_zf": "ZF11", "tip_zf": "Zonă locuințe și funcțiuni complementare", "arie_mp": 8612.7}, "geometry": {"type": "Polygon", "coordinates": [[[27.654805243075803, 47.19461217843745], [27.65499133850286, 47.1947344852102], [27.655072347875013, 47.19480021637937], [27.65513220082509, 47.194873918096036], [27.655031676423494, 47.19376320922953], [27.653394468137574, 47.193621692420194], [27.65348610903828, 47.19377953692213], [27.653562640287976, 47.193869252603264], [27.6540440011965, 47.194256310487965], [27.65450867378061, 47.1944553893431], [27.654805243075803, 47.19461217843745]]]}}, {"type": "Feature", "properties": {"utr": "UTR16_L1", "tip_szf": "subzona de locuire individuală situată în ţesut tradiţional cu regim de construire continuu şi discontinuu. Subzonă dezvoltată în etape succesive, organic și planificat", "cod_zf": "ZF11", "tip_zf": "Zonă locuințe și funcțiuni complementare", "arie_mp": 15165.9}, "geometry": {"type": "Polygon", "coordinates": [[[27.654542392146016, 47.185009302219655], [27.650066840224834, 47.18442218286217], [27.64993100753986, 47.184784528209526], [27.65432078983209, 47.18540996802079], [27.654542392146016, 47.185009302219655]]]}}, {"type": "Feature", "properties": {"utr": "UTR5_IS1", "tip_szf": "Subzonă instituțiilor publice și serviciilor de interes general", "cod_zf": "ZF09", "tip_zf": "Zonă instituții publice", "arie_mp": 1002.2}, "geometry": {"type": "Polygon", "coordinates": [[[27.65208814955784, 47.183762343112704], [27.65221931611842, 47.18377501638236], [27.652309061674, 47.183555959884096], [27.652632271779662, 47.18356788428984], [27.652630659182403, 47.183438668991656], [27.652125639039014, 47.18344195663496], [27.65214508684048, 47.18325910132767], [27.652092548835274, 47.1832557620761], [27.65205889435822, 47.183624483910826], [27.65208814955784, 47.183762343112704]]]}}, {"type": "Feature", "properties": {"utr": "UTR16_L1", "tip_szf": "subzona de locuire individuală situată în ţesut tradiţional cu regim de construire continuu şi discontinuu. Subzonă dezvoltată în etape succesive, organic și planificat", "cod_zf": "ZF11", "tip_zf": "Zonă locuințe și funcțiuni complementare", "arie_mp": 51376.9}, "geometry": {"type": "Polygon", "coordinates": [[[27.653543456852734, 47.193972296308324], [27.65330498480934, 47.19367525855499], [27.653166696580445, 47.19342696275521], [27.647776881058814, 47.192777083731066], [27.647756559774145, 47.19291201716664], [27.647540877616525, 47.19288608294206], [27.647622704382083, 47.192969987359014], [27.647549615557715, 47.19309422625674], [27.647461205132064, 47.193103377531045], [27.647363214275664, 47.19318388464878], [27.647346070258862, 47.193269731017175], [27.647406163482074, 47.19340420319859], [27.64763615903789, 47.19365749492918], [27.647674532238675, 47.19376241681645], [27.65468856329858, 47.19459827391533], [27.65399182212036, 47.19429780651892], [27.653543456852734, 47.193972296308324]]]}}, {"type": "Feature", "properties": {"utr": "UTR16_L1", "tip_szf": "subzona de locuire individuală situată în ţesut tradiţional cu regim de construire continuu şi discontinuu. Subzonă dezvoltată în etape succesive, organic și planificat", "cod_zf": "ZF11", "tip_zf": "Zonă locuințe și funcțiuni complementare", "arie_mp": 94022.1}, "geometry": {"type": "Polygon", "coordinates": [[[27.65269628747868, 47.192439329484394], [27.65260774706921, 47.19230525640819], [27.652233335487473, 47.19197965901129], [27.651778654773896, 47.19166360925809], [27.651409477853186, 47.191361601858944], [27.651191569170884, 47.19106073274294], [27.650989034327115, 47.19068979399068], [27.65045315249313, 47.19067407448046], [27.64982312738869, 47.19060447327305], [27.648296973987733, 47.19051036305524], [27.648268726002478, 47.190593047910845], [27.648113346113863, 47.1906707730249], [27.64787087237404, 47.19073230964106], [27.647763658376725, 47.190820983209676], [27.64749458503011, 47.19110757524117], [27.647408126252984, 47.19134459948966], [27.647362515932013, 47.19152364304122], [27.647377514388385, 47.191607065564824], [27.64753824568263, 47.191884711991975], [27.64756691357117, 47.19206632720881], [27.64753454133243, 47.19206463399858], [27.64748712245454, 47.1921828138367], [27.64731382635502, 47.19231707687668], [27.64733158311656, 47.192483483672504], [27.64739392546704, 47.1925548398444], [27.64742316268322, 47.192634593992764], [27.647421374465345, 47.192740039478835], [27.647540877616525, 47.19288608294206], [27.647756559774145, 47.19291201716664], [27.647776881058814, 47.192777083731066], [27.653166696580445, 47.19342696275521], [27.652855413133963, 47.192843205570526], [27.65269628747868, 47.192439329484394]]]}}, {"type": "Feature", "properties": {"utr": "UTR16_L1", "tip_szf": "subzona de locuire individuală situată în ţesut tradiţional cu regim de construire continuu şi discontinuu. Subzonă dezvoltată în etape succesive, organic și planificat", "cod_zf": "ZF11", "tip_zf": "Zonă locuințe și funcțiuni complementare", "arie_mp": 45676.0}, "geometry": {"type": "Polygon", "coordinates": [[[27.64775574169804, 47.189701063621534], [27.647747507548313, 47.18979141238663], [27.647768426135606, 47.1898837395356], [27.647835288586283, 47.18997186502651], [27.64810149900113, 47.18993566751188], [27.64823966785722, 47.18998857573406], [27.64831612856234, 47.19006170486832], [27.64842133738594, 47.190236799519596], [27.648296973987733, 47.19051036305524], [27.64982312738869, 47.19060447327305], [27.65045315249313, 47.19067407448046], [27.650989034327115, 47.19068979399068], [27.650469549088797, 47.18992263123567], [27.650409794252507, 47.189642369165654], [27.65035160960378, 47.18884942596759], [27.650295953204058, 47.18857577214502], [27.650114386812614, 47.18837340456255], [27.649850308835124, 47.188242533993616], [27.64956356079483, 47.188178192998656], [27.649311484147248, 47.18816555779248], [27.647904156499436, 47.188877473826096], [27.647865744654645, 47.18913122388265], [27.64785068316985, 47.1894031570268], [27.64778240410919, 47.189397449340916], [27.64777612859253, 47.1897022253974], [27.64775574169804, 47.189701063621534]]]}}, {"type": "Feature", "properties": {"utr": "UTR16_L1", "tip_szf": "subzona de locuire individuală situată în ţesut tradiţional cu regim de construire continuu şi discontinuu. Subzonă dezvoltată în etape succesive, organic și planificat", "cod_zf": "ZF11", "tip_zf": "Zonă locuințe și funcțiuni complementare", "arie_mp": 150352.5}, "geometry": {"type": "Polygon", "coordinates": [[[27.652824038243292, 47.19244911486731], [27.654928949281317, 47.19262815709197], [27.655200801073967, 47.19057966464255], [27.652018987072367, 47.18986963692332], [27.652709054966003, 47.18851996489448], [27.652933041870533, 47.188161077067704], [27.65317895786267, 47.18770926620319], [27.653269567608355, 47.18748952916649], [27.65367257339698, 47.186744177721515], [27.651390261779618, 47.18632625310164], [27.650710540737382, 47.18616143926222], [27.65053489173749, 47.18640308032927], [27.650402922229183, 47.186655169820106], [27.650252787240262, 47.186619256801436], [27.65014953907446, 47.18677098141253], [27.650097025307726, 47.18675881149544], [27.64975025095608, 47.18718565810278], [27.649628274990803, 47.187418899492215], [27.649476256479744, 47.188129332902506], [27.649646024096683, 47.18814477696856], [27.64978293259067, 47.188179633893576], [27.650139487153847, 47.188316531436136], [27.650301288934774, 47.188428576660726], [27.650431576707323, 47.18866991652676], [27.650532400973628, 47.18963213294347], [27.65066005855585, 47.1900065517326], [27.651006582747964, 47.1905165507467], [27.651299006333183, 47.19107510786688], [27.651466256672748, 47.19131788807378], [27.651647269154424, 47.19150810865957], [27.651846076844333, 47.191624827045445], [27.652548627692404, 47.19209865004185], [27.652824038243292, 47.19244911486731]]]}}, {"type": "Feature", "properties": {"utr": "UTR16_L1", "tip_szf": "subzona de locuire individuală situată în ţesut tradiţional cu regim de construire continuu şi discontinuu. Subzonă dezvoltată în etape succesive, organic și planificat", "cod_zf": "ZF11", "tip_zf": "Zonă locuințe și funcțiuni complementare", "arie_mp": 11696.6}, "geometry": {"type": "Polygon", "coordinates": [[[27.650614576416746, 47.18609947199872], [27.651875201417354, 47.186372644890284], [27.65312182795542, 47.186607456798825], [27.65339807102825, 47.18603911452539], [27.650820966550793, 47.18567491198796], [27.650614576416746, 47.18609947199872]]]}}, {"type": "Feature", "properties": {"utr": "UTR16_L1", "tip_szf": "subzona de locuire individuală situată în ţesut tradiţional cu regim de construire continuu şi discontinuu. Subzonă dezvoltată în etape succesive, organic și planificat", "cod_zf": "ZF11", "tip_zf": "Zonă locuințe și funcțiuni complementare", "arie_mp": 22518.8}, "geometry": {"type": "Polygon", "coordinates": [[[27.653968320760647, 47.186119688727196], [27.65407254171267, 47.185961047441054], [27.654213757847455, 47.18560348046087], [27.651453008399983, 47.185215386604455], [27.651373429395015, 47.1854225503917], [27.650067905602803, 47.18520601248989], [27.650040791071465, 47.18539034512929], [27.649967828307283, 47.185575162926156], [27.64983773945967, 47.18581461593068], [27.649842280936884, 47.18590672095879], [27.649882800658617, 47.18594421303321], [27.649936995090876, 47.18596492552795], [27.650614576416746, 47.18609947199872], [27.650820966550793, 47.18567491198796], [27.65339807102825, 47.18603911452539], [27.65312182795542, 47.186607456798825], [27.65369565326665, 47.186700179958784], [27.653968320760647, 47.186119688727196]]]}}, {"type": "Feature", "properties": {"utr": "UTR16_L1", "tip_szf": "subzona de locuire individuală situată în ţesut tradiţional cu regim de construire continuu şi discontinuu. Subzonă dezvoltată în etape succesive, organic și planificat", "cod_zf": "ZF11", "tip_zf": "Zonă locuințe și funcțiuni complementare", "arie_mp": 27646.1}, "geometry": {"type": "Polygon", "coordinates": [[[27.65099102833277, 47.18399240859272], [27.651128084793466, 47.18333725468162], [27.65105096989546, 47.18338535141563], [27.650594133721047, 47.18354920557644], [27.650456037677078, 47.18363520376258], [27.650339625318146, 47.1837476107646], [27.650205309832558, 47.18391029382261], [27.650066840224834, 47.18442218286217], [27.654542392146016, 47.185009302219655], [27.654944050288346, 47.18405755453939], [27.65405879317171, 47.183948556469545], [27.653966516292797, 47.1843107294652], [27.65099102833277, 47.18399240859272]]]}}, {"type": "Feature", "properties": {"utr": "UTR16_L1", "tip_szf": "subzona de locuire individuală situată în ţesut tradiţional cu regim de construire continuu şi discontinuu. Subzonă dezvoltată în etape succesive, organic și planificat", "cod_zf": "ZF11", "tip_zf": "Zonă locuințe și funcțiuni complementare", "arie_mp": 11974.0}, "geometry": {"type": "Polygon", "coordinates": [[[27.65099102833277, 47.18399240859272], [27.653966516292797, 47.1843107294652], [27.65405879317171, 47.183948556469545], [27.65208814955784, 47.183762343112704], [27.65205889435822, 47.183624483910826], [27.65207786566772, 47.183363222488964], [27.65113678887761, 47.18334374134772], [27.651109654416526, 47.183376993770366], [27.65099102833277, 47.18399240859272]]]}}, {"type": "Feature", "properties": {"utr": "UTR22_G2", "tip_szf": "Subzona cimitirelor şi a amenajărilor aferente", "cod_zf": "ZF13", "tip_zf": "Zonă gospodării comunale", "arie_mp": 8078.1}, "geometry": {"type": "Polygon", "coordinates": [[[27.652630659182403, 47.183438668991656], [27.652632271779662, 47.18356788428984], [27.652309061674, 47.183555959884096], [27.65221931611842, 47.18377501638236], [27.653508396317076, 47.18389262238017], [27.653603917771825, 47.18311594218839], [27.652115424427432, 47.18308837819837], [27.652092548835274, 47.1832557620761], [27.65214508684048, 47.18325910132767], [27.652125639039014, 47.18344195663496], [27.652630659182403, 47.183438668991656]]]}}, {"type": "Feature", "properties": {"utr": "UTR16_L1", "tip_szf": "subzona de locuire individuală situată în ţesut tradiţional cu regim de construire continuu şi discontinuu. Subzonă dezvoltată în etape succesive, organic și planificat", "cod_zf": "ZF11", "tip_zf": "Zonă locuințe și funcțiuni complementare", "arie_mp": 42262.0}, "geometry": {"type": "Polygon", "coordinates": [[[27.641967869313497, 47.197912245757664], [27.641581517007616, 47.198889930315424], [27.646432267789912, 47.199946234290614], [27.646509266366326, 47.199201466011466], [27.646592515397412, 47.19891699654349], [27.641967869313497, 47.197912245757664]]]}}, {"type": "Feature", "properties": {"utr": "UTR16_L1", "tip_szf": "subzona de locuire individuală situată în ţesut tradiţional cu regim de construire continuu şi discontinuu. Subzonă dezvoltată în etape succesive, organic și planificat", "cod_zf": "ZF11", "tip_zf": "Zonă locuințe și funcțiuni complementare", "arie_mp": 127639.5}, "geometry": {"type": "Polygon", "coordinates": [[[27.637116225166526, 47.19767562483915], [27.641616502645075, 47.19865304488023], [27.641976431854626, 47.19777704420616], [27.642301264476288, 47.19678026148413], [27.642911684746704, 47.19538632395721], [27.64119440891518, 47.19502806353439], [27.63892939407148, 47.19450826893795], [27.63881563914604, 47.19453472010859], [27.637116225166526, 47.19767562483915]]]}}, {"type": "Feature", "properties": {"utr": "UTR16_L1", "tip_szf": "subzona de locuire individuală situată în ţesut tradiţional cu regim de construire continuu şi discontinuu. Subzonă dezvoltată în etape succesive, organic și planificat", "cod_zf": "ZF11", "tip_zf": "Zonă locuințe și funcțiuni complementare", "arie_mp": 231653.1}, "geometry": {"type": "Polygon", "coordinates": [[[27.647149911408253, 47.195501560446516], [27.647253608781458, 47.19499595309165], [27.6472344452605, 47.19494489990593], [27.64720952456644, 47.19470187329124], [27.646855000183997, 47.19432302988174], [27.64694530559514, 47.19384391080058], [27.646828443567248, 47.19358525893747], [27.64533196617597, 47.19339510407765], [27.645275885778585, 47.19357006988539], [27.64448562145394, 47.1934704704596], [27.644117022434195, 47.194580565238496], [27.643908931647417, 47.19515856479086], [27.64379533949768, 47.19552901827186], [27.643729478468906, 47.19551471895703], [27.64429940129745, 47.19386275772887], [27.641802557019833, 47.193369968494025], [27.63998158011687, 47.192974063106696], [27.639212355280595, 47.19450174551189], [27.6412046914662, 47.194992916813874], [27.642785718507675, 47.195323262162084], [27.642981642299684, 47.19535235048667], [27.642385983328115, 47.196711783225034], [27.642112283400984, 47.19754382811313], [27.641967869313497, 47.197912245757664], [27.646592515397412, 47.19891699654349], [27.646642831038253, 47.19874506200222], [27.647091979076198, 47.19799262179995], [27.647152422984394, 47.1978362291962], [27.647140957138216, 47.19760618635754], [27.647084364587872, 47.19732874917481], [27.64710133701384, 47.196634250164735], [27.64717531989787, 47.195901636007974], [27.647149911408253, 47.195501560446516]]]}}, {"type": "Feature", "properties": {"utr": "UTR16_L1", "tip_szf": "subzona de locuire individuală situată în ţesut tradiţional cu regim de construire continuu şi discontinuu. Subzonă dezvoltată în etape succesive, organic și planificat", "cod_zf": "ZF11", "tip_zf": "Zonă locuințe și funcțiuni complementare", "arie_mp": 44720.6}, "geometry": {"type": "Polygon", "coordinates": [[[27.648488206522646, 47.17401336157005], [27.648467822081123, 47.17437514516843], [27.648476192605692, 47.17485018086511], [27.64840191707551, 47.17485905356286], [27.64839651262506, 47.17483479506686], [27.64831760954722, 47.17483516819682], [27.64831436020938, 47.17466241634122], [27.648410956025362, 47.174658052399636], [27.648431067427722, 47.174055681358084], [27.647783113169517, 47.17453885184211], [27.6470954815826, 47.175172019224966], [27.646360024562256, 47.1757746733975], [27.646748913805528, 47.17612566070485], [27.647275030327123, 47.17652883338948], [27.64839695703437, 47.17746506881994], [27.648529020836346, 47.17750468010278], [27.64868551204704, 47.17704237669232], [27.64896420766529, 47.176330831529], [27.6491069618339, 47.175914396939326], [27.649192438818574, 47.17541670208909], [27.649203059282545, 47.175239742865685], [27.64916028498633, 47.174952357321914], [27.6490825844871, 47.174746054357215], [27.649005368323675, 47.174592552642615], [27.64856046137611, 47.1739691650724], [27.648488206522646, 47.17401336157005]]]}}, {"type": "Feature", "properties": {"utr": "UTR16_L1", "tip_szf": "subzona de locuire individuală situată în ţesut tradiţional cu regim de construire continuu şi discontinuu. Subzonă dezvoltată în etape succesive, organic și planificat", "cod_zf": "ZF11", "tip_zf": "Zonă locuințe și funcțiuni complementare", "arie_mp": 24880.1}, "geometry": {"type": "Polygon", "coordinates": [[[27.64381541564685, 47.191059701894424], [27.643299105298055, 47.19317950494085], [27.64376549013917, 47.193271807709976], [27.64363021661781, 47.193693989270585], [27.64429913195382, 47.193826463662845], [27.64486225942548, 47.19190808763277], [27.64493177538735, 47.191584318118814], [27.64492463860183, 47.19131642796307], [27.644891225726422, 47.1911983723711], [27.64432455091595, 47.1910779956295], [27.64381541564685, 47.191059701894424]]]}}, {"type": "Feature", "properties": {"utr": "UTR16_L1", "tip_szf": "subzona de locuire individuală situată în ţesut tradiţional cu regim de construire continuu şi discontinuu. Subzonă dezvoltată în etape succesive, organic și planificat", "cod_zf": "ZF11", "tip_zf": "Zonă locuințe și funcțiuni complementare", "arie_mp": 28015.7}, "geometry": {"type": "Polygon", "coordinates": [[[27.646303661154953, 47.17576557548508], [27.645467511591537, 47.17504096678078], [27.6450201384066, 47.17459687595859], [27.644731592226034, 47.174333797879115], [27.643704499749113, 47.17630173423216], [27.645115676429143, 47.17685000931366], [27.64564532453451, 47.17632296013196], [27.646303661154953, 47.17576557548508]]]}}, {"type": "Feature", "properties": {"utr": "UTR16_L1", "tip_szf": "subzona de locuire individuală situată în ţesut tradiţional cu regim de construire continuu şi discontinuu. Subzonă dezvoltată în etape succesive, organic și planificat", "cod_zf": "ZF11", "tip_zf": "Zonă locuințe și funcțiuni complementare", "arie_mp": 36249.2}, "geometry": {"type": "Polygon", "coordinates": [[[27.642434903037284, 47.18952524752174], [27.642059651757407, 47.19067447282401], [27.64296359540216, 47.19087881932723], [27.64382498076182, 47.19102190001823], [27.64392342304717, 47.19103337628378], [27.644210953849278, 47.191011570209604], [27.644374990895102, 47.1902394233245], [27.644452763173838, 47.19024949639147], [27.64454066804509, 47.189924666248835], [27.6438526013435, 47.189815395804764], [27.643312808452524, 47.18975059651888], [27.643420484380524, 47.18941480625357], [27.643594045505107, 47.189442036588616], [27.643714914296325, 47.18903436918277], [27.644282644530954, 47.189090173867946], [27.644384011076905, 47.1887368340804], [27.64478850124304, 47.18878649467809], [27.644853906377588, 47.18859224209361], [27.64387188155924, 47.188504939359625], [27.642787757223424, 47.18831495713091], [27.642448075973135, 47.189394850311686], [27.642434903037284, 47.18952524752174]]]}}, {"type": "Feature", "properties": {"utr": "UTR16_L1", "tip_szf": "subzona de locuire individuală situată în ţesut tradiţional cu regim de construire continuu şi discontinuu. Subzonă dezvoltată în etape succesive, organic și planificat", "cod_zf": "ZF11", "tip_zf": "Zonă locuințe și funcțiuni complementare", "arie_mp": 50054.0}, "geometry": {"type": "Polygon", "coordinates": [[[27.64265412255145, 47.190866472099046], [27.64173223646525, 47.19063590846676], [27.641051843999033, 47.192734712325596], [27.641151829525665, 47.192754503093816], [27.641022946622797, 47.1931540155569], [27.643630216617805, 47.193693989270585], [27.64376549013917, 47.193271807709976], [27.643299105298055, 47.19317950494085], [27.64381541564685, 47.191059701894424], [27.64265412255145, 47.190866472099046]]]}}, {"type": "Feature", "properties": {"utr": "UTR16_L1", "tip_szf": "subzona de locuire individuală situată în ţesut tradiţional cu regim de construire continuu şi discontinuu. Subzonă dezvoltată în etape succesive, organic și planificat", "cod_zf": "ZF11", "tip_zf": "Zonă locuințe și funcțiuni complementare", "arie_mp": 35881.3}, "geometry": {"type": "Polygon", "coordinates": [[[27.646742992077044, 47.19158360975703], [27.64640355181344, 47.19151354666024], [27.645090836529995, 47.19133185425379], [27.645015297883276, 47.19133586783599], [27.645009170982824, 47.19162681757569], [27.644988032467992, 47.19162491469792], [27.644907892165183, 47.191930733394635], [27.644760283898616, 47.19259128348952], [27.644485619082616, 47.19347047016074], [27.645275885778585, 47.19357006988539], [27.64533196617597, 47.19339510407765], [27.646828443567248, 47.19358525893747], [27.646924577334318, 47.19291228600688], [27.64689145750029, 47.192494557598664], [27.646834941803842, 47.19221692807635], [27.646867512099103, 47.19222150088666], [27.646802264826686, 47.19190249003], [27.64666428370265, 47.1918856338066], [27.64672561808202, 47.19172858436321], [27.646742992077044, 47.19158360975703]]]}}, {"type": "Feature", "properties": {"utr": "UTR16_L1", "tip_szf": "subzona de locuire individuală situată în ţesut tradiţional cu regim de construire continuu şi discontinuu. Subzonă dezvoltată în etape succesive, organic și planificat", "cod_zf": "ZF11", "tip_zf": "Zonă locuințe și funcțiuni complementare", "arie_mp": 48323.6}, "geometry": {"type": "Polygon", "coordinates": [[[27.646704566323177, 47.191401702803574], [27.646657332002174, 47.191283511952896], [27.646643008625553, 47.19113476334544], [27.646709169913947, 47.19095940752608], [27.646772296421542, 47.19085002036159], [27.647167726247293, 47.18983977333285], [27.647204290392988, 47.18932200983574], [27.647306526075717, 47.18885994908431], [27.647095731263992, 47.1888287610096], [27.647280062655007, 47.18821022786378], [27.646674733207806, 47.188109932892964], [27.645902744872366, 47.18793554875966], [27.645682294517645, 47.188504273006025], [27.645508460653716, 47.189022532285804], [27.645365107422368, 47.189577043115726], [27.64502818719044, 47.19054935657512], [27.644996903405556, 47.1906765648206], [27.644963887146144, 47.19098845351414], [27.64495993732673, 47.19115401530263], [27.644983236601135, 47.19125864179426], [27.64502895633937, 47.1912810507038], [27.646298911919907, 47.19145607140345], [27.646613538157485, 47.19147477885269], [27.646704566323177, 47.191401702803574]]]}}, {"type": "Feature", "properties": {"utr": "UTR16_L1", "tip_szf": "subzona de locuire individuală situată în ţesut tradiţional cu regim de construire continuu şi discontinuu. Subzonă dezvoltată în etape succesive, organic și planificat", "cod_zf": "ZF11", "tip_zf": "Zonă locuințe și funcțiuni complementare", "arie_mp": 17874.3}, "geometry": {"type": "Polygon", "coordinates": [[[27.64443583663639, 47.19031542747968], [27.644986152955365, 47.19039096287341], [27.645097044341853, 47.19002777512259], [27.645248851295122, 47.18964272332536], [27.645508424129808, 47.188659225389735], [27.644854863553373, 47.1885893992809], [27.64478850124304, 47.18878649467809], [27.644384011076905, 47.1887368340804], [27.644282644530954, 47.189090173867946], [27.643714914296325, 47.18903436918277], [27.643594045505107, 47.189442036588616], [27.643420484380524, 47.18941480625357], [27.643312808452524, 47.18975059651888], [27.6438526013435, 47.189815395804764], [27.64454066804509, 47.189924666248835], [27.64443583663639, 47.19031542747968]]]}}, {"type": "Feature", "properties": {"utr": "UTR16_L1", "tip_szf": "subzona de locuire individuală situată în ţesut tradiţional cu regim de construire continuu şi discontinuu. Subzonă dezvoltată în etape succesive, organic și planificat", "cod_zf": "ZF11", "tip_zf": "Zonă locuințe și funcțiuni complementare", "arie_mp": 3256.6}, "geometry": {"type": "Polygon", "coordinates": [[[27.644986152955365, 47.19039096287341], [27.64443583663639, 47.19031542747968], [27.644292196290223, 47.19100540915631], [27.644819944886816, 47.19109371779532], [27.644844954007876, 47.19107964768328], [27.64490478933359, 47.19065743917769], [27.644986152955365, 47.19039096287341]]]}}, {"type": "Feature", "properties": {"utr": "UTR16_L1", "tip_szf": "subzona de locuire individuală situată în ţesut tradiţional cu regim de construire continuu şi discontinuu. Subzonă dezvoltată în etape succesive, organic și planificat", "cod_zf": "ZF11", "tip_zf": "Zonă locuințe și funcțiuni complementare", "arie_mp": 97977.1}, "geometry": {"type": "Polygon", "coordinates": [[[27.64254424277599, 47.18696919624123], [27.64227147285423, 47.18750830194645], [27.64012714749793, 47.187037601495], [27.63993243359746, 47.18751060375326], [27.63941980540263, 47.188574551471966], [27.63931538191631, 47.18883083082547], [27.63927619274681, 47.1890478076338], [27.639242956310262, 47.18954833080121], [27.639242559676614, 47.18961443698804], [27.639283607856832, 47.189713208234515], [27.639348702479587, 47.18978713350624], [27.639494145078558, 47.18989639932173], [27.63962809500345, 47.18996410928131], [27.641135600790214, 47.1904484218019], [27.642010619873957, 47.190660071970576], [27.642395992065165, 47.18951616362729], [27.642403972514103, 47.18943869525588], [27.642754027543322, 47.18825233960027], [27.643811721555437, 47.188446808901325], [27.64450890337854, 47.18669926223223], [27.643656777207422, 47.18656457738983], [27.643503937554193, 47.18695459439565], [27.64262472086615, 47.18677396072218], [27.64254424277599, 47.18696919624123]]]}}, {"type": "Feature", "properties": {"utr": "UTR16_L1", "tip_szf": "subzona de locuire individuală situată în ţesut tradiţional cu regim de construire continuu şi discontinuu. Subzonă dezvoltată în etape succesive, organic și planificat", "cod_zf": "ZF11", "tip_zf": "Zonă locuințe și funcțiuni complementare", "arie_mp": 155928.7}, "geometry": {"type": "Polygon", "coordinates": [[[27.64568595247358, 47.17634488175684], [27.646563201907046, 47.176798102333876], [27.64782065281332, 47.177357333511516], [27.646665803575697, 47.1794206849737], [27.646252928734437, 47.18054339818378], [27.64582406989323, 47.18257645946153], [27.64588779102061, 47.18283080589934], [27.64519270356832, 47.184980551695524], [27.643811721555437, 47.188446808901325], [27.645540956131573, 47.188611254869656], [27.645774300785828, 47.18796659616968], [27.645892061004094, 47.187494215924424], [27.645109140181308, 47.187390564835404], [27.644983736708735, 47.18773206378755], [27.644931756723814, 47.187725601822315], [27.645070525259413, 47.1873475782805], [27.645900611886816, 47.18745871198454], [27.64608332739804, 47.186947836011306], [27.645282752877765, 47.186811184916486], [27.645325739653458, 47.186632566955545], [27.645377814732225, 47.18663839119111], [27.645346966216465, 47.186766579667186], [27.64536828970239, 47.18678869900289], [27.646096802134657, 47.18691300947923], [27.647066483224418, 47.18429621090777], [27.64733679124909, 47.183483690156365], [27.64767671586092, 47.18258351207064], [27.64781085603075, 47.18228095226077], [27.647871758255224, 47.182075461853444], [27.647938653728822, 47.18157597155349], [27.647921501466513, 47.181092434971646], [27.64793984590705, 47.180403593307496], [27.647933655585565, 47.17984043514242], [27.647947836526722, 47.179313832134845], [27.647981399067618, 47.179019485651196], [27.64806167257311, 47.17872953203316], [27.648203429898583, 47.1783119759899], [27.648481650443042, 47.17765475563642], [27.648409734585947, 47.17753502192708], [27.648113636276324, 47.17730177130857], [27.648001702440897, 47.17719201180496], [27.647160173548038, 47.17648978292314], [27.64674038433565, 47.17618773697651], [27.64633534665322, 47.17581851001631], [27.646204031874916, 47.17590745227286], [27.64568595247358, 47.17634488175684]]]}}, {"type": "Feature", "properties": {"utr": "UTR16_L1", "tip_szf": "subzona de locuire individuală situată în ţesut tradiţional cu regim de construire continuu şi discontinuu. Subzonă dezvoltată în etape succesive, organic și planificat", "cod_zf": "ZF11", "tip_zf": "Zonă locuințe și funcțiuni complementare", "arie_mp": 86254.9}, "geometry": {"type": "Polygon", "coordinates": [[[27.645117143252875, 47.171731518732265], [27.644944488654826, 47.172129456821054], [27.644185153586307, 47.17362446173135], [27.64427250530009, 47.17375005049571], [27.64476485616418, 47.17426346854548], [27.64562468537426, 47.17505998366358], [27.64635118563803, 47.17576405041525], [27.647132280792004, 47.175106961395905], [27.647950885764843, 47.17436417573213], [27.648517387565143, 47.17394709877881], [27.647525684978085, 47.17295449920963], [27.645962555910597, 47.17135196281879], [27.64581085657646, 47.171269350878646], [27.645733245026605, 47.1712612389072], [27.645591889950914, 47.1712831278008], [27.645394739107743, 47.17141745266346], [27.645286694532956, 47.171512691642945], [27.645117143252875, 47.171731518732265]]]}}, {"type": "Feature", "properties": {"utr": "UTR16_L1", "tip_szf": "subzona de locuire individuală situată în ţesut tradiţional cu regim de construire continuu şi discontinuu. Subzonă dezvoltată în etape succesive, organic și planificat", "cod_zf": "ZF11", "tip_zf": "Zonă locuințe și funcțiuni complementare", "arie_mp": 67621.4}, "geometry": {"type": "Polygon", "coordinates": [[[27.648534746422857, 47.183179929642606], [27.64855946258453, 47.183121265765685], [27.647767370825886, 47.18290962611248], [27.647688065923386, 47.18310996832511], [27.647578316263342, 47.18353525280106], [27.647491802321547, 47.18370969182686], [27.647339193675897, 47.184184539513666], [27.646177389016287, 47.1873107097517], [27.646049308704747, 47.18769639136278], [27.64605836103911, 47.18782611798615], [27.647977040015828, 47.188203115026056], [27.648493117943744, 47.18683940101858], [27.648681558715804, 47.18627363069034], [27.64823745424844, 47.18625784067323], [27.64839266733181, 47.185511988597476], [27.64865955312634, 47.1843939906183], [27.648591855311867, 47.18399149678215], [27.648633129564193, 47.18384497506141], [27.648479986864498, 47.1838066377398], [27.648525157112047, 47.18353453621557], [27.648534746422857, 47.183179929642606]]]}}, {"type": "Feature", "properties": {"utr": "UTR16_L1", "tip_szf": "subzona de locuire individuală situată în ţesut tradiţional cu regim de construire continuu şi discontinuu. Subzonă dezvoltată în etape succesive, organic și planificat", "cod_zf": "ZF11", "tip_zf": "Zonă locuințe și funcțiuni complementare", "arie_mp": 826.2}, "geometry": {"type": "Polygon", "coordinates": [[[27.648837879577265, 47.18051223982132], [27.648937520320004, 47.1808232295614], [27.649342674042963, 47.18085470208173], [27.649419483079914, 47.180935868764664], [27.64929067434124, 47.18078293994523], [27.648999122091226, 47.18049062276846], [27.648837879577265, 47.18051223982132]]]}}, {"type": "Feature", "properties": {"utr": "UTR16_L1", "tip_szf": "subzona de locuire individuală situată în ţesut tradiţional cu regim de construire continuu şi discontinuu. Subzonă dezvoltată în etape succesive, organic și planificat", "cod_zf": "ZF11", "tip_zf": "Zonă locuințe și funcțiuni complementare", "arie_mp": 13145.2}, "geometry": {"type": "Polygon", "coordinates": [[[27.648161575096015, 47.18095473284822], [27.648147036432192, 47.18171593801335], [27.648109657896924, 47.18199135270514], [27.648058168542264, 47.1821303961604], [27.648823058603725, 47.18224291125766], [27.648931651141865, 47.182238155762775], [27.64885705337235, 47.1817631261637], [27.649257128956673, 47.18131085060819], [27.64926391596992, 47.181110341899156], [27.649433607679818, 47.18110405995312], [27.649419483079914, 47.180935868764664], [27.649342674042963, 47.18085470208173], [27.648937520320004, 47.1808232295614], [27.648837879577265, 47.18051223982132], [27.648149912326005, 47.180474760570846], [27.648161575096015, 47.18095473284822]]]}}, {"type": "Feature", "properties": {"utr": "UTR5_IS1", "tip_szf": "Subzonă instituțiilor publice și serviciilor de interes general", "cod_zf": "ZF09", "tip_zf": "Zonă instituții publice", "arie_mp": 5505.4}, "geometry": {"type": "Polygon", "coordinates": [[[27.64793291742349, 47.18250188939206], [27.64780807233201, 47.182798870665884], [27.64814519605221, 47.1828848834065], [27.648574390140666, 47.18308585055313], [27.648931651141865, 47.182238155762775], [27.648823058603725, 47.18224291125766], [27.648058168542264, 47.1821303961604], [27.64793291742349, 47.18250188939206]]]}}, {"type": "Feature", "properties": {"utr": "UTR18_L1", "tip_szf": "subzona de locuire individuală situată în ţesut tradiţional cu regim de construire continuu şi discontinuu. Subzonă dezvoltată în etape succesive, organic și planificat", "cod_zf": "ZF11", "tip_zf": "Zonă locuințe și funcțiuni complementare", "arie_mp": 11261.7}, "geometry": {"type": "Polygon", "coordinates": [[[27.63391038662819, 47.1721729554284], [27.63345880945305, 47.17259516482234], [27.633206797769102, 47.17276678283791], [27.632890883591312, 47.172630903881206], [27.632638607901654, 47.17255840355485], [27.632225727389503, 47.17296339316596], [27.632556944661925, 47.17326427658777], [27.63324091836167, 47.17284437136498], [27.63470617858432, 47.17343532517427], [27.634861948315283, 47.173347604972726], [27.634439383029132, 47.1730039708779], [27.634731135176082, 47.17271551078231], [27.63391038662819, 47.1721729554284]]]}}, {"type": "Feature", "properties": {"utr": "UTR14_ID", "tip_szf": "subzona activităţilor productive compuse din industrie și depozitare", "cod_zf": "ZF12", "tip_zf": "Zonă unități industriale și de depozitare", "arie_mp": 442259.7}, "geometry": {"type": "Polygon", "coordinates": [[[27.734974099669635, 47.130974920587576], [27.734573274774966, 47.13064768807732], [27.73446784066995, 47.130627324757576], [27.734359575520795, 47.13063221740487], [27.734107776096074, 47.13069091118267], [27.731179714962142, 47.13153554048231], [27.730262649056918, 47.13183748521397], [27.729608872842018, 47.13210419002941], [27.728535552609095, 47.13279665506388], [27.72586346498968, 47.1343482415695], [27.72557713019316, 47.13449577990003], [27.725363768412397, 47.13474787808324], [27.730494403830964, 47.136840682635885], [27.7358702259398, 47.138940139009925], [27.735879303488666, 47.13892386938236], [27.736323821366593, 47.139086023792814], [27.73693165260134, 47.139339827500855], [27.737176698145465, 47.13877946961701], [27.73724819589354, 47.13852334816876], [27.737192969972515, 47.13837054326563], [27.737087508173737, 47.13818220199506], [27.73682469677037, 47.137821209824736], [27.736732556666528, 47.137668891903495], [27.73660347991798, 47.137361049792716], [27.736524882157937, 47.137008455635176], [27.736481550629296, 47.136626552554986], [27.736472141394714, 47.13597548705077], [27.736441095958224, 47.135886517143824], [27.736249913048166, 47.135567321113555], [27.735986162667423, 47.13499554054353], [27.735866148949754, 47.13454901962638], [27.735770458046833, 47.13401928212821], [27.73570259077028, 47.13351592873288], [27.735665294243823, 47.13279745202848], [27.73558631465443, 47.13193385809054], [27.73527935039873, 47.13134521687975], [27.735154259390104, 47.13116073103116], [27.734974099669635, 47.130974920587576]]]}}, {"type": "Feature", "properties": {"utr": "UTR12_ID", "tip_szf": "subzona activităţilor productive compuse din industrie și depozitare", "cod_zf": "ZF12", "tip_zf": "Zonă unități industriale și de depozitare", "arie_mp": 664476.3}, "geometry": {"type": "Polygon", "coordinates": [[[27.717170726103774, 47.15031901819573], [27.71878646782203, 47.150650315548695], [27.71888595265661, 47.15057763751779], [27.72273394712328, 47.15119048131241], [27.724900866625788, 47.14559992656918], [27.72509891079268, 47.145436987477304], [27.725436329292137, 47.14446181894577], [27.725278234703772, 47.1443951997701], [27.725638729881158, 47.143366732395364], [27.718247621370434, 47.14202843522077], [27.718370177648946, 47.142412439104795], [27.71814455937736, 47.14305082412194], [27.717513970334902, 47.143329438555185], [27.716829976571045, 47.14510408636658], [27.713915043960377, 47.14457466120319], [27.713391935918857, 47.145934828908274], [27.715288879471828, 47.14624819664375], [27.71487399376656, 47.147225152089256], [27.714382817694354, 47.147201519395736], [27.71417668779494, 47.147716345804255], [27.711631108270232, 47.14735404145993], [27.7115413583481, 47.14761993194313], [27.711774960892683, 47.14764962027123], [27.711209780016482, 47.14922800354345], [27.716025767884645, 47.150117312469945], [27.71611191295113, 47.150291141797545], [27.71694509366487, 47.15044742245704], [27.717170726103774, 47.15031901819573]]]}}, {"type": "Feature", "properties": {"utr": "UTR13_ID", "tip_szf": "subzona activităţilor productive compuse din industrie și depozitare", "cod_zf": "ZF12", "tip_zf": "Zonă unități industriale și de depozitare", "arie_mp": 29473.3}, "geometry": {"type": "Polygon", "coordinates": [[[27.706991309240195, 47.14381586473377], [27.71289058716309, 47.143677542777496], [27.712860755321795, 47.14308591389424], [27.70696154211288, 47.14322423367629], [27.706991309240195, 47.14381586473377]]]}}, {"type": "Feature", "properties": {"utr": "UTR9_L1", "tip_szf": "subzona de locuire individuală situată în ţesut tradiţional cu regim de construire continuu şi discontinuu. Subzonă dezvoltată în etape succesive, organic și planificat", "cod_zf": "ZF11", "tip_zf": "Zonă locuințe și funcțiuni complementare", "arie_mp": 115987.8}, "geometry": {"type": "Polygon", "coordinates": [[[27.718399716778134, 47.16203422072808], [27.71826375256727, 47.16232617307504], [27.71720051749308, 47.163008251899456], [27.716901413785628, 47.163533268297996], [27.716765598068317, 47.16396319648092], [27.716987163778022, 47.16405399049088], [27.716924409974034, 47.16414783936661], [27.716762276941967, 47.164276465562445], [27.720517481661716, 47.16567833911825], [27.72030364503795, 47.16576427381296], [27.719802551813054, 47.166049639104344], [27.720351772046612, 47.166162866652726], [27.720391783618368, 47.166000965861436], [27.720486510015547, 47.16599620793005], [27.720505780229374, 47.16601325783699], [27.7205820366541, 47.16602734679666], [27.720573776805953, 47.16613349746981], [27.72064605108999, 47.166141380681296], [27.720782766503007, 47.165634659181336], [27.720826084152836, 47.16555429391689], [27.721008291987303, 47.16540060095866], [27.721723081384507, 47.16492075739748], [27.722360606141038, 47.16445714771201], [27.722050632161395, 47.163335893037036], [27.721964392705168, 47.16314250636917], [27.721810054021084, 47.16298557233035], [27.721165989305906, 47.16325624481366], [27.719438246925563, 47.1614857714171], [27.71847311239312, 47.162110337665105], [27.718399716778134, 47.16203422072808]]]}}, {"type": "Feature", "properties": {"utr": "UTR11_ID", "tip_szf": "subzona activităţilor productive compuse din industrie și depozitare", "cod_zf": "ZF12", "tip_zf": "Zonă unități industriale și de depozitare", "arie_mp": 26060.0}, "geometry": {"type": "Polygon", "coordinates": [[[27.73362841516838, 47.15341551476768], [27.734781732390932, 47.15332498500054], [27.734663904929644, 47.15319847366978], [27.733424603574825, 47.150820732469846], [27.73267746487477, 47.15235379096144], [27.73260826781912, 47.15320190821665], [27.734381000088593, 47.15300380519076], [27.734451268102408, 47.15303064808021], [27.732604913580232, 47.15324301902555], [27.732580946722678, 47.15353676422222], [27.733589096689858, 47.15337303302621], [27.73362841516838, 47.15341551476768]]]}}, {"type": "Feature", "properties": {"utr": "UTR11_ID", "tip_szf": "subzona activităţilor productive compuse din industrie și depozitare", "cod_zf": "ZF12", "tip_zf": "Zonă unități industriale și de depozitare", "arie_mp": 4316.7}, "geometry": {"type": "Polygon", "coordinates": [[[27.733861550449166, 47.153668698621985], [27.734390890447646, 47.15362745075209], [27.73490603318885, 47.153555610293886], [27.735263497435195, 47.154033621312415], [27.73605525409319, 47.15498078220512], [27.736344469571307, 47.15482875004332], [27.736225213756438, 47.15487479144545], [27.734825409552897, 47.15337170184184], [27.733668543292957, 47.15346030538386], [27.733861550449166, 47.153668698621985]]]}}, {"type": "Feature", "properties": {"utr": "UTR11_ID", "tip_szf": "subzona activităţilor productive compuse din industrie și depozitare", "cod_zf": "ZF12", "tip_zf": "Zonă unități industriale și de depozitare", "arie_mp": 30301.0}, "geometry": {"type": "Polygon", "coordinates": [[[27.733745791065175, 47.155863097078715], [27.73412342399446, 47.15704823131941], [27.734825822834182, 47.15652820449581], [27.73543040210448, 47.15632306329872], [27.736042183438293, 47.155948332056376], [27.736156010187727, 47.155767109863646], [27.735950772748428, 47.15502760722778], [27.734865692765986, 47.15361030399811], [27.7338890021603, 47.153698336799096], [27.735498722650565, 47.15543619783142], [27.733745791065175, 47.155863097078715]]]}}, {"type": "Feature", "properties": {"utr": "UTR11_ID", "tip_szf": "subzona activităţilor productive compuse din industrie și depozitare", "cod_zf": "ZF12", "tip_zf": "Zonă unități industriale și de depozitare", "arie_mp": 166909.2}, "geometry": {"type": "Polygon", "coordinates": [[[27.74046443534228, 47.16031998445914], [27.736335219126207, 47.155016107371736], [27.73631873423085, 47.15503270340464], [27.736444257543088, 47.15551219860061], [27.73657536627641, 47.15573659672367], [27.736422253808392, 47.15604938664348], [27.735886498082348, 47.156387828485634], [27.735002170986558, 47.156812931199795], [27.734239703800498, 47.15740466921906], [27.735391367905308, 47.16102533989169], [27.73540044308422, 47.16112846741964], [27.735446570680192, 47.1611218542496], [27.735466036843416, 47.16120600133385], [27.7405402600605, 47.16046649422796], [27.74046443534228, 47.16031998445914]]]}}, {"type": "Feature", "properties": {"utr": "UTR15_V1", "tip_szf": "subzona spaţiilor verzi amenajate, scuarurilor publice, parcuri, spaţii verzi de agrement cu acces nelimitat (Zona de agrement JIJIA), amenajări sportive, fașii plantate, grădini", "cod_zf": "ZF14", "tip_zf": "Zonă spații verzi, sport și agrement", "arie_mp": 27625.8}, "geometry": {"type": "Polygon", "coordinates": [[[27.741813804460307, 47.15987226526472], [27.74150559107406, 47.1596053201947], [27.740776534862185, 47.15881444857234], [27.739567443056103, 47.15741517030707], [27.737974809591872, 47.15549867129243], [27.737074218275122, 47.15454700968534], [27.736535793660995, 47.15475488463507], [27.737790077721492, 47.15600699331378], [27.74068327232389, 47.15934713331115], [27.741165376088773, 47.16008741597387], [27.741813804460307, 47.15987226526472]]]}}, {"type": "Feature", "properties": {"utr": "UTR15_V1", "tip_szf": "subzona spaţiilor verzi amenajate, scuarurilor publice, parcuri, spaţii verzi de agrement cu acces nelimitat (Zona de agrement JIJIA), amenajări sportive, fașii plantate, grădini", "cod_zf": "ZF14", "tip_zf": "Zonă spații verzi, sport și agrement", "arie_mp": 25181.9}, "geometry": {"type": "Polygon", "coordinates": [[[27.740985819471373, 47.16014699251788], [27.740944537474867, 47.16005358352949], [27.74064785825227, 47.15956099413188], [27.740488947877868, 47.159325074862195], [27.73989518785074, 47.15869344989243], [27.739570848782783, 47.15837520434087], [27.738802474532434, 47.157465802513656], [27.738592195629863, 47.15725497390271], [27.737777852952462, 47.15624412403665], [27.73724351165712, 47.15564613732891], [27.737012501111664, 47.15541366115987], [27.736443404585632, 47.15490719223909], [27.736335219126207, 47.155016107371736], [27.74046443534228, 47.16031998445914], [27.740985819471373, 47.16014699251788]]]}}, {"type": "Feature", "properties": {"utr": "UTR11_ID", "tip_szf": "subzona activităţilor productive compuse din industrie și depozitare", "cod_zf": "ZF12", "tip_zf": "Zonă unități industriale și de depozitare", "arie_mp": 35892.8}, "geometry": {"type": "Polygon", "coordinates": [[[27.712565218128457, 47.15224344783964], [27.712801047889787, 47.152059563446144], [27.710886921077286, 47.15080162661062], [27.70908867171307, 47.15170769490744], [27.71088541200776, 47.15289503724778], [27.710933564654507, 47.152856221079816], [27.711289862161532, 47.15308824425678], [27.71131904540586, 47.15306486374422], [27.711352854426316, 47.15307471139309], [27.7119867718069, 47.15262465472976], [27.712565218128457, 47.15224344783964]]]}}, {"type": "Feature", "properties": {"utr": "UTR15_V2", "tip_szf": "subzona spaţiilor verzi cu destinaţie tehnică (culoare de protecţie pentru infrastructura de comunicaţie rutieră și feroviară, infrastructura de transport energetic, gaze, apă, etc.)", "cod_zf": "ZF14", "tip_zf": "Zonă spații verzi, sport și agrement", "arie_mp": 1864.6}, "geometry": {"type": "Polygon", "coordinates": [[[27.70865429013346, 47.151928305828555], [27.709842706240632, 47.15270886121273], [27.710439678925017, 47.15307380855468], [27.71070709627494, 47.15323108624401], [27.71082558614938, 47.153240603420855], [27.708752955037312, 47.15187771862742], [27.70865429013346, 47.151928305828555]]]}}, {"type": "Feature", "properties": {"utr": "UTR11_ID", "tip_szf": "subzona activităţilor productive compuse din industrie și depozitare", "cod_zf": "ZF12", "tip_zf": "Zonă unități industriale și de depozitare", "arie_mp": 311763.5}, "geometry": {"type": "Polygon", "coordinates": [[[27.72374563542311, 47.15700080387241], [27.725383649506163, 47.15664061711111], [27.726412177580652, 47.15684953375028], [27.72834629478073, 47.15753790412469], [27.727936380510005, 47.15682302022573], [27.728097108020627, 47.15678334203675], [27.728599758052948, 47.15771818846861], [27.72937407194281, 47.15944406765848], [27.730272354104326, 47.162264827374685], [27.730408832824285, 47.16220638774814], [27.73528667505995, 47.161241486036666], [27.735263129071537, 47.16116026946588], [27.735267546725588, 47.161047686237474], [27.7340951250522, 47.157450850549694], [27.73316146042748, 47.158032939821524], [27.731731360300223, 47.15837336176925], [27.73129486227379, 47.158417354822326], [27.730887078426452, 47.158727253820274], [27.730705083819508, 47.15897984916379], [27.730799676759826, 47.159341396196176], [27.730989939558608, 47.15958519675462], [27.731613444959248, 47.159853405868], [27.731984863088563, 47.15999476046879], [27.73223787294196, 47.16030636801344], [27.73208396788464, 47.160618492528485], [27.731924424879534, 47.160812815562416], [27.73163163860929, 47.160723863837646], [27.731549306132443, 47.16043709371676], [27.731603529436995, 47.16016161490142], [27.731281117003434, 47.159984455198305], [27.730786860754492, 47.159759385546046], [27.730562139630017, 47.15933739480098], [27.730427589360314, 47.159022985964604], [27.73049143355771, 47.15877895630463], [27.730757804842757, 47.15849931782057], [27.73094855052324, 47.158252290207535], [27.73128926913307, 47.15812297918046], [27.731720212202323, 47.15811997579285], [27.7318813537767, 47.15808794390997], [27.73254710525302, 47.15789090856044], [27.733586241419783, 47.157445929284705], [27.73410005487673, 47.15706553259504], [27.733718989276543, 47.15586962397975], [27.732918941106313, 47.156064451995874], [27.729268777616156, 47.156217623045976], [27.725911587771236, 47.15493106729986], [27.72328981724652, 47.15553938845798], [27.72309310702042, 47.155614958644456], [27.72374563542311, 47.15700080387241]]]}}, {"type": "Feature", "properties": {"utr": "UTR9_L1", "tip_szf": "subzona de locuire individuală situată în ţesut tradiţional cu regim de construire continuu şi discontinuu. Subzonă dezvoltată în etape succesive, organic și planificat", "cod_zf": "ZF11", "tip_zf": "Zonă locuințe și funcțiuni complementare", "arie_mp": 29717.9}, "geometry": {"type": "Polygon", "coordinates": [[[27.72279512324283, 47.1692237203556], [27.72273681822948, 47.169334640451744], [27.72262509070442, 47.170001050448846], [27.72271284567599, 47.169982011304526], [27.722955854568017, 47.16987852989474], [27.723003071832405, 47.1699849356936], [27.723197303917328, 47.17011854782413], [27.72325780119272, 47.17022960038097], [27.723188485226366, 47.17024572944352], [27.722894995158157, 47.170000998974274], [27.722628162300367, 47.1700912369106], [27.722736770704373, 47.17036579375153], [27.722903131622694, 47.17053585371731], [27.724838252953617, 47.172940098070704], [27.72494878981834, 47.17291609112836], [27.725192066867535, 47.17339409787835], [27.725339378600964, 47.17336477076229], [27.72528820555158, 47.17304821143426], [27.725224019944605, 47.17284210641442], [27.725168251676052, 47.172741237871406], [27.725140661623776, 47.172492985991774], [27.72502013408934, 47.17232545198183], [27.724730471274103, 47.171774924841685], [27.724839726134654, 47.171760262150165], [27.724819706152044, 47.17165037721856], [27.724804958767656, 47.17165235635025], [27.72479413890986, 47.171614866155814], [27.724670329614227, 47.17163148177773], [27.72460043208374, 47.171446587156], [27.72474011338486, 47.17142574138041], [27.724717836191715, 47.17135632758578], [27.724576588593447, 47.17137740733208], [27.724524782821977, 47.17121120501664], [27.724677299798216, 47.1711248695349], [27.72454086658257, 47.17078211277467], [27.724291506483134, 47.17045094867814], [27.724020037589355, 47.170500387385104], [27.72393705572346, 47.170132930270874], [27.72376056983545, 47.17016032793999], [27.72366564196494, 47.17014976102402], [27.72343077289228, 47.16940639643104], [27.72340677494598, 47.16936769838129], [27.723311526210562, 47.1693369872002], [27.72332118649475, 47.16931511662884], [27.722853425290232, 47.16920967636472], [27.72279512324283, 47.1692237203556]]]}}, {"type": "Feature", "properties": {"utr": "UTR11_ID", "tip_szf": "subzona activităţilor productive compuse din industrie și depozitare", "cod_zf": "ZF12", "tip_zf": "Zonă unități industriale și de depozitare", "arie_mp": 150260.2}, "geometry": {"type": "Polygon", "coordinates": [[[27.719356187012526, 47.158673444820415], [27.720659432653576, 47.15814372678767], [27.722583920148367, 47.15730960500554], [27.72366793877288, 47.15702076743963], [27.72302694413708, 47.155640376323205], [27.71951712872379, 47.15698864753892], [27.716007030777366, 47.15417954499222], [27.712848577285715, 47.152090797916884], [27.71261446487824, 47.15227334295044], [27.711826766289622, 47.15281199960279], [27.711437850965872, 47.15309946707691], [27.712779939496677, 47.153619136632614], [27.71547518727231, 47.15537925083286], [27.715725041946534, 47.15559506260983], [27.715867940202756, 47.155518231268], [27.715985148128805, 47.15561966103227], [27.715935107517677, 47.15564656551215], [27.718134519887226, 47.15755370421923], [27.719356187012526, 47.158673444820415]]]}}, {"type": "Feature", "properties": {"utr": "UTR11_ID", "tip_szf": "subzona activităţilor productive compuse din industrie și depozitare", "cod_zf": "ZF12", "tip_zf": "Zonă unități industriale și de depozitare", "arie_mp": 237839.9}, "geometry": {"type": "Polygon", "coordinates": [[[27.730058988225622, 47.162356189191094], [27.72911734349329, 47.15939635631531], [27.72831101307685, 47.1575684976321], [27.726376895205934, 47.15688012668156], [27.72538468410839, 47.15667818784404], [27.72382693762887, 47.157025960241235], [27.724715658392892, 47.1592910321873], [27.725194486112006, 47.1605907691528], [27.72422443609025, 47.1618919342217], [27.72462206670263, 47.162218583776415], [27.725211499383526, 47.16297900725041], [27.725469377999772, 47.1635432176942], [27.725748801628974, 47.16347467677243], [27.72875983372412, 47.16291246315919], [27.730058988225622, 47.162356189191094]]]}}, {"type": "Feature", "properties": {"utr": "UTR11_ID", "tip_szf": "subzona activităţilor productive compuse din industrie și depozitare", "cod_zf": "ZF12", "tip_zf": "Zonă unități industriale și de depozitare", "arie_mp": 121411.3}, "geometry": {"type": "Polygon", "coordinates": [[[27.723685310476107, 47.157051785893564], [27.722607399698067, 47.15734196006702], [27.72068724916632, 47.158174298048145], [27.719496261263586, 47.15865844826373], [27.721021492676186, 47.15996371078821], [27.72097607522063, 47.15996675969251], [27.721239785261663, 47.16013240059644], [27.722016540401096, 47.16081198194606], [27.72247464329323, 47.161102900815], [27.72415798521239, 47.161861737841136], [27.72511053437926, 47.16058432252134], [27.724639265361578, 47.15930509760128], [27.723685310476107, 47.157051785893564]]]}}, {"type": "Feature", "properties": {"utr": "UTR15_V2", "tip_szf": "subzona spaţiilor verzi cu destinaţie tehnică (culoare de protecţie pentru infrastructura de comunicaţie rutieră și feroviară, infrastructura de transport energetic, gaze, apă, etc.)", "cod_zf": "ZF14", "tip_zf": "Zonă spații verzi, sport și agrement", "arie_mp": 1501.4}, "geometry": {"type": "Polygon", "coordinates": [[[27.726450375694444, 47.17877172757042], [27.726603815461726, 47.17826040774896], [27.726618007128966, 47.177616728569284], [27.726666075963657, 47.177252941670794], [27.726645111475204, 47.176901115505636], [27.726561827577708, 47.17646743357834], [27.726410519382256, 47.1761291693812], [27.72620313405812, 47.17577274464567], [27.726522676189553, 47.176466077950224], [27.72663165688532, 47.17695446453811], [27.726638360849066, 47.177165679489796], [27.726601968689888, 47.17752223409187], [27.726486428710146, 47.17815219282302], [27.726339844503926, 47.17876400008998], [27.726450375694444, 47.17877172757042]]]}}, {"type": "Feature", "properties": {"utr": "UTR9_L1", "tip_szf": "subzona de locuire individuală situată în ţesut tradiţional cu regim de construire continuu şi discontinuu. Subzonă dezvoltată în etape succesive, organic și planificat", "cod_zf": "ZF11", "tip_zf": "Zonă locuințe și funcțiuni complementare", "arie_mp": 47580.9}, "geometry": {"type": "Polygon", "coordinates": [[[27.726929594642193, 47.17479683432915], [27.726297621471076, 47.175017142678946], [27.72697119298471, 47.176034988513564], [27.726881411397876, 47.176039807349035], [27.726509416135084, 47.17548549474364], [27.726180808653297, 47.17506838481912], [27.725925760595313, 47.17510285622664], [27.72620313405812, 47.17577274464567], [27.726410519382256, 47.1761291693812], [27.726561827577708, 47.17646743357834], [27.726645111475204, 47.176901115505636], [27.726666075963657, 47.177252941670794], [27.726618007128966, 47.177616728569284], [27.726603815461726, 47.17826040774896], [27.726450375694444, 47.17877172757042], [27.729243965278286, 47.17896477570147], [27.7280080239351, 47.17809518080166], [27.72799999086996, 47.177796733367174], [27.727914038282297, 47.17764579374725], [27.727446356567505, 47.177195521768574], [27.727703869208206, 47.1771505972607], [27.72757765842785, 47.17695584536883], [27.728395415522243, 47.176833038264235], [27.728150541947336, 47.17649517678167], [27.728175780505712, 47.176485972633394], [27.72794284965066, 47.176136375519754], [27.727917780641402, 47.1761035108437], [27.727878715589416, 47.17611709979055], [27.726929594642193, 47.17479683432915]]]}}, {"type": "Feature", "properties": {"utr": "UTR15_V2", "tip_szf": "subzona spaţiilor verzi cu destinaţie tehnică (culoare de protecţie pentru infrastructura de comunicaţie rutieră și feroviară, infrastructura de transport energetic, gaze, apă, etc.)", "cod_zf": "ZF14", "tip_zf": "Zonă spații verzi, sport și agrement", "arie_mp": 1684.0}, "geometry": {"type": "Polygon", "coordinates": [[[27.7267701125162, 47.17457411145797], [27.7267169013432, 47.174738227307806], [27.725932807198433, 47.17490939917924], [27.72569623023473, 47.17450210364341], [27.725402763680236, 47.17383768800375], [27.725438650443362, 47.173723490964974], [27.725499497158832, 47.17366249510119], [27.725487551719517, 47.17353204586993], [27.725420894929595, 47.17353647239643], [27.725373263097175, 47.17374942457478], [27.725332563515416, 47.17382826327691], [27.725882125003768, 47.175004233661795], [27.72606166402462, 47.174992796286666], [27.726335336110317, 47.17494244333864], [27.726899388035157, 47.17475464981306], [27.7267701125162, 47.17457411145797]]]}}, {"type": "Feature", "properties": {"utr": "UTR9_L1", "tip_szf": "subzona de locuire individuală situată în ţesut tradiţional cu regim de construire continuu şi discontinuu. Subzonă dezvoltată în etape succesive, organic și planificat", "cod_zf": "ZF11", "tip_zf": "Zonă locuințe și funcțiuni complementare", "arie_mp": 10985.6}, "geometry": {"type": "Polygon", "coordinates": [[[27.725224471327387, 47.17260948128506], [27.72530142993322, 47.172828948409254], [27.725377550686073, 47.17314529440252], [27.725420894929595, 47.17353647239643], [27.725487551719517, 47.17353204586993], [27.725499497158832, 47.17366249510119], [27.725438650443362, 47.173723490964974], [27.725402763680236, 47.17383768800375], [27.72569623023473, 47.17450210364341], [27.725932807198433, 47.17490939917924], [27.7267169013432, 47.174738227307806], [27.7267701125162, 47.17457411145797], [27.726293367655718, 47.173930219720326], [27.72572430008765, 47.173304230053134], [27.725224471327387, 47.17260948128506]]]}}, {"type": "Feature", "properties": {"utr": "UTR15_V2", "tip_szf": "subzona spaţiilor verzi cu destinaţie tehnică (culoare de protecţie pentru infrastructura de comunicaţie rutieră și feroviară, infrastructura de transport energetic, gaze, apă, etc.)", "cod_zf": "ZF14", "tip_zf": "Zonă spații verzi, sport și agrement", "arie_mp": 1627.2}, "geometry": {"type": "Polygon", "coordinates": [[[27.725339378600964, 47.17336477076229], [27.725192066867535, 47.17339409787835], [27.72494878981834, 47.17291609112836], [27.724838252953617, 47.172940098070704], [27.722903131622694, 47.17053585371731], [27.722736770704373, 47.17036579375153], [27.722628162300367, 47.1700912369106], [27.722606674939403, 47.170096728736226], [27.722611738020255, 47.17017255607122], [27.722732343255934, 47.17040453096764], [27.72333287333956, 47.17111414407045], [27.723557502241558, 47.17141232226572], [27.723962984791086, 47.17187437034284], [27.724649537488006, 47.172705796314084], [27.724824394678933, 47.172945264611904], [27.725072456677157, 47.173333705079386], [27.72527931174746, 47.173729112957865], [27.72533525596528, 47.17363766747668], [27.725339378600964, 47.17336477076229]]]}}, {"type": "Feature", "properties": {"utr": "UTR9_L1", "tip_szf": "subzona de locuire individuală situată în ţesut tradiţional cu regim de construire continuu şi discontinuu. Subzonă dezvoltată în etape succesive, organic și planificat", "cod_zf": "ZF11", "tip_zf": "Zonă locuințe și funcțiuni complementare", "arie_mp": 10364.6}, "geometry": {"type": "Polygon", "coordinates": [[[27.72389660161081, 47.16910366794871], [27.724074575558788, 47.16908189619832], [27.72376445231013, 47.16803992093342], [27.7237533963251, 47.16786476407865], [27.723531588907758, 47.16790879339099], [27.72343546925234, 47.16758883782557], [27.722931129563275, 47.16770254365506], [27.72312135924793, 47.16805955220242], [27.723157025920045, 47.16826776327744], [27.72313240629368, 47.168511446881034], [27.722981754530707, 47.168861247592815], [27.722833510319514, 47.16913199348407], [27.723297042896828, 47.169260365910326], [27.723447903314007, 47.16918628172243], [27.72376723906856, 47.16914416063306], [27.723880193563335, 47.16903980093335], [27.72389660161081, 47.16910366794871]]]}}, {"type": "Feature", "properties": {"utr": "UTR15_V2", "tip_szf": "subzona spaţiilor verzi cu destinaţie tehnică (culoare de protecţie pentru infrastructura de comunicaţie rutieră și feroviară, infrastructura de transport energetic, gaze, apă, etc.)", "cod_zf": "ZF14", "tip_zf": "Zonă spații verzi, sport și agrement", "arie_mp": 138.4}, "geometry": {"type": "Polygon", "coordinates": [[[27.72262509070442, 47.170001050448846], [27.72273681822948, 47.169334640451744], [27.72279512324283, 47.1692237203556], [27.722783370788235, 47.16922356519152], [27.722731375974924, 47.169333751719854], [27.72264857136027, 47.16963684107627], [27.722603638893293, 47.1699869093164], [27.72262509070442, 47.170001050448846]]]}}, {"type": "Feature", "properties": {"utr": "UTR15_V2", "tip_szf": "subzona spaţiilor verzi cu destinaţie tehnică (culoare de protecţie pentru infrastructura de comunicaţie rutieră și feroviară, infrastructura de transport energetic, gaze, apă, etc.)", "cod_zf": "ZF14", "tip_zf": "Zonă spații verzi, sport și agrement", "arie_mp": 1181.1}, "geometry": {"type": "Polygon", "coordinates": [[[27.715954852080912, 47.157431536644076], [27.715904859950427, 47.15744566687215], [27.71636349383949, 47.15781960959832], [27.71677643693182, 47.1582098807833], [27.717093653038436, 47.15845215755439], [27.717080942126728, 47.15848617103783], [27.71786493167199, 47.15911041188661], [27.717864277920807, 47.159034392574796], [27.715954852080912, 47.157431536644076]]]}}, {"type": "Feature", "properties": {"utr": "UTR15_V2", "tip_szf": "subzona spaţiilor verzi cu destinaţie tehnică (culoare de protecţie pentru infrastructura de comunicaţie rutieră și feroviară, infrastructura de transport energetic, gaze, apă, etc.)", "cod_zf": "ZF14", "tip_zf": "Zonă spații verzi, sport și agrement", "arie_mp": 811.7}, "geometry": {"type": "Polygon", "coordinates": [[[27.72239140277494, 47.16458537849572], [27.722279602685152, 47.16458280079623], [27.72117125079815, 47.16535302986348], [27.721234240141428, 47.16538565331029], [27.72135096460969, 47.16528938612543], [27.722268235095488, 47.16464668011666], [27.722360694821003, 47.16465698822854], [27.722529777917714, 47.165218145216635], [27.722517744251626, 47.165076602234606], [27.72239140277494, 47.16458537849572]]]}}, {"type": "Feature", "properties": {"utr": "UTR15_V2", "tip_szf": "subzona spaţiilor verzi cu destinaţie tehnică (culoare de protecţie pentru infrastructura de comunicaţie rutieră și feroviară, infrastructura de transport energetic, gaze, apă, etc.)", "cod_zf": "ZF14", "tip_zf": "Zonă spații verzi, sport și agrement", "arie_mp": 3502.6}, "geometry": {"type": "Polygon", "coordinates": [[[27.722529777917714, 47.165218145216635], [27.72239469108557, 47.16558498963244], [27.722297038204594, 47.16558605095791], [27.722100180954094, 47.16613499024382], [27.72208994142223, 47.1662450239766], [27.722062564662306, 47.166242752877096], [27.722053447533202, 47.16628682054755], [27.722078178422695, 47.16628999987388], [27.72207051054625, 47.166425249081996], [27.722125615466922, 47.16654837619854], [27.72211974583354, 47.16665988076208], [27.722154159232115, 47.16675318023151], [27.72248851315794, 47.16733759187641], [27.722584280836223, 47.167470262569736], [27.72285458462586, 47.16799097213927], [27.722915832371456, 47.16816513943372], [27.722931797365565, 47.168369786273246], [27.722893585362495, 47.168527440107184], [27.722464589457175, 47.169409139030144], [27.72236446373631, 47.16994817153289], [27.722386141652983, 47.17030053730659], [27.722653635936055, 47.17058731414093], [27.7227029462757, 47.170571420646134], [27.722554493190856, 47.170396687564725], [27.722459167498496, 47.17018935984714], [27.722490743867038, 47.169642573757486], [27.72253145971863, 47.16945974171135], [27.722667421330335, 47.16913585433133], [27.722977053118363, 47.1684878026833], [27.723028424492394, 47.16826814673487], [27.722979922021814, 47.16810020369806], [27.722167454705524, 47.1665625435686], [27.722146346246806, 47.166322060645825], [27.722188318777178, 47.1661015193464], [27.72238676746465, 47.16567599051899], [27.72249022578518, 47.16538607523729], [27.722529777917714, 47.165218145216635]]]}}, {"type": "Feature", "properties": {"utr": "UTR15_V2", "tip_szf": "subzona spaţiilor verzi cu destinaţie tehnică (culoare de protecţie pentru infrastructura de comunicaţie rutieră și feroviară, infrastructura de transport energetic, gaze, apă, etc.)", "cod_zf": "ZF14", "tip_zf": "Zonă spații verzi, sport și agrement", "arie_mp": 1162.9}, "geometry": {"type": "Polygon", "coordinates": [[[27.722734427051638, 47.1706086327773], [27.72268528841048, 47.17062584445571], [27.722773945694023, 47.17077799572942], [27.72292121855726, 47.17089321884755], [27.723133187065947, 47.17119695668661], [27.723674044742054, 47.171868058418674], [27.72408897512253, 47.17231891712621], [27.723975993324764, 47.172366893724885], [27.724150616222214, 47.17230076053651], [27.723653944451147, 47.17172986253873], [27.722734427051638, 47.1706086327773]]]}}, {"type": "Feature", "properties": {"utr": "UTR15_V2", "tip_szf": "subzona spaţiilor verzi cu destinaţie tehnică (culoare de protecţie pentru infrastructura de comunicaţie rutieră și feroviară, infrastructura de transport energetic, gaze, apă, etc.)", "cod_zf": "ZF14", "tip_zf": "Zonă spații verzi, sport și agrement", "arie_mp": 2683.8}, "geometry": {"type": "Polygon", "coordinates": [[[27.724256864026458, 47.172415055014156], [27.724145877989322, 47.17240744602601], [27.72406660245148, 47.1724324785909], [27.724229715574168, 47.17249072859455], [27.72445895352997, 47.17278641165307], [27.724492505868067, 47.17277154659816], [27.724635139818986, 47.17301724544927], [27.72477956661065, 47.17322155292939], [27.725057379990293, 47.173704529224366], [27.725178487582298, 47.17400683716981], [27.725241487142338, 47.173997208667885], [27.725550839986216, 47.17470218591829], [27.725500593941216, 47.17471465110776], [27.725786316016613, 47.175356753334384], [27.726038841362683, 47.17581432718685], [27.72599201629816, 47.17585126218747], [27.7260758534728, 47.17598968382846], [27.72616138742677, 47.17618023762549], [27.726248982342877, 47.17643007757091], [27.72635459513274, 47.17642392959638], [27.726373295967466, 47.17640448683095], [27.726296795795676, 47.17623379167746], [27.726150262633674, 47.175944522377826], [27.725119861256278, 47.173694455080486], [27.724722441752306, 47.17298916262505], [27.724256864026458, 47.172415055014156]]]}}, {"type": "Feature", "properties": {"utr": "UTR15_V2", "tip_szf": "subzona spaţiilor verzi cu destinaţie tehnică (culoare de protecţie pentru infrastructura de comunicaţie rutieră și feroviară, infrastructura de transport energetic, gaze, apă, etc.)", "cod_zf": "ZF14", "tip_zf": "Zonă spații verzi, sport și agrement", "arie_mp": 2177.5}, "geometry": {"type": "Polygon", "coordinates": [[[27.726401174828695, 47.176502571118334], [27.72627966719318, 47.1765024767906], [27.72636463570984, 47.17677810521463], [27.726391042367702, 47.17700234047117], [27.72640247900623, 47.177427042728254], [27.7263389773104, 47.177896504724465], [27.726217823774764, 47.17837178690128], [27.72615806033926, 47.17854387980105], [27.72606754315625, 47.178979652664566], [27.72619565075749, 47.1789854157397], [27.726307332482193, 47.17849818980293], [27.72649126275576, 47.177400196975675], [27.72651269741865, 47.17723280442906], [27.726491814435644, 47.176877942200086], [27.726401174828695, 47.176502571118334]]]}}, {"type": "Feature", "properties": {"utr": "UTR5_IS1", "tip_szf": "Subzonă instituțiilor publice și serviciilor de interes general", "cod_zf": "ZF09", "tip_zf": "Zonă instituții publice", "arie_mp": 1570.3}, "geometry": {"type": "Polygon", "coordinates": [[[27.723417787116137, 47.171536015025026], [27.72288377463786, 47.17159093566188], [27.72281490079088, 47.171572002085966], [27.722817545931456, 47.17189950831312], [27.723075908059823, 47.17186292497502], [27.72356821231185, 47.171734177062135], [27.723417787116137, 47.171536015025026]]]}}, {"type": "Feature", "properties": {"utr": "UTR9_L1", "tip_szf": "subzona de locuire individuală situată în ţesut tradiţional cu regim de construire continuu şi discontinuu. Subzonă dezvoltată în etape succesive, organic și planificat", "cod_zf": "ZF11", "tip_zf": "Zonă locuințe și funcțiuni complementare", "arie_mp": 29360.1}, "geometry": {"type": "Polygon", "coordinates": [[[27.72627966719318, 47.1765024767906], [27.725004059762494, 47.17652143909028], [27.724793148535408, 47.178502673855554], [27.724699045487917, 47.178918073066065], [27.72606754315625, 47.178979652664566], [27.72615806033926, 47.17854387980105], [27.726217823774764, 47.17837178690128], [27.7263389773104, 47.177896504724465], [27.72640247900623, 47.177427042728254], [27.726391042367702, 47.17700234047117], [27.72636463570984, 47.17677810521463], [27.72627966719318, 47.1765024767906]]]}}, {"type": "Feature", "properties": {"utr": "UTR9_L1", "tip_szf": "subzona de locuire individuală situată în ţesut tradiţional cu regim de construire continuu şi discontinuu. Subzonă dezvoltată în etape succesive, organic și planificat", "cod_zf": "ZF11", "tip_zf": "Zonă locuințe și funcțiuni complementare", "arie_mp": 33030.6}, "geometry": {"type": "Polygon", "coordinates": [[[27.72404435059418, 47.17887765632457], [27.724074317953335, 47.178865025970104], [27.724646913499605, 47.178859875882786], [27.72475584505797, 47.17814016983287], [27.72495619248386, 47.176512879927074], [27.72355408947903, 47.17654591776873], [27.723397367350785, 47.17656544836486], [27.722830225410135, 47.178814526731955], [27.723549203762158, 47.17883564984385], [27.72404435059418, 47.17887765632457]]]}}, {"type": "Feature", "properties": {"utr": "UTR9_L1", "tip_szf": "subzona de locuire individuală situată în ţesut tradiţional cu regim de construire continuu şi discontinuu. Subzonă dezvoltată în etape succesive, organic și planificat", "cod_zf": "ZF11", "tip_zf": "Zonă locuințe și funcțiuni complementare", "arie_mp": 35298.8}, "geometry": {"type": "Polygon", "coordinates": [[[27.723215762305465, 47.176529061615256], [27.724587549412973, 47.17646745762666], [27.72444036610969, 47.17614835464024], [27.724306877936698, 47.17593912467261], [27.724198858080843, 47.17532930454253], [27.724052907905964, 47.17496110543767], [27.723825650713007, 47.17480288219871], [27.7235961017702, 47.17439573100154], [27.72351364590208, 47.1743709296115], [27.72355697320241, 47.17428783662749], [27.723537424224943, 47.174234626182404], [27.723395349503456, 47.17403655388438], [27.723190816798486, 47.17383050889068], [27.72307428696661, 47.17367498429343], [27.723065396010735, 47.17349946320836], [27.72311681738711, 47.17289024702469], [27.723016795973052, 47.17270632359673], [27.722974028517967, 47.1724109240082], [27.722994447779598, 47.172106539945766], [27.722683602290562, 47.17198746386987], [27.72262482426493, 47.17208268057241], [27.722583267683152, 47.17289485179588], [27.72234401877247, 47.173470303520034], [27.72230182429699, 47.17393142434153], [27.72230503075283, 47.17461365571569], [27.72288506596619, 47.174612739143285], [27.723049037710023, 47.17603145421596], [27.723215762305465, 47.176529061615256]]]}}, {"type": "Feature", "properties": {"utr": "UTR9_L1", "tip_szf": "subzona de locuire individuală situată în ţesut tradiţional cu regim de construire continuu şi discontinuu. Subzonă dezvoltată în etape succesive, organic și planificat", "cod_zf": "ZF11", "tip_zf": "Zonă locuințe și funcțiuni complementare", "arie_mp": 54540.8}, "geometry": {"type": "Polygon", "coordinates": [[[27.724229715574168, 47.17249072859455], [27.723557769352645, 47.17228600003038], [27.723151434504018, 47.17214137388981], [27.723127484771453, 47.17215578572625], [27.7230784868045, 47.17239311002326], [27.72311024026528, 47.17265118081228], [27.723181582951412, 47.17287939292756], [27.72321281664462, 47.17288166294325], [27.723226400038808, 47.17293045140271], [27.723155538110177, 47.17357590236318], [27.723273230968065, 47.17380280663748], [27.723579394085938, 47.17414636364925], [27.723885576028213, 47.17477564496302], [27.72407551413562, 47.17486828434514], [27.72418960702919, 47.17502839547073], [27.72432296150571, 47.175398478435], [27.724353413846426, 47.17566058205844], [27.72440782372917, 47.1759072863456], [27.724571762933923, 47.17620160796406], [27.724630159207322, 47.176193339242346], [27.724689609713778, 47.17630895540492], [27.72471181125898, 47.176452814025225], [27.725998411766412, 47.17644997255335], [27.726248982342877, 47.17643007757091], [27.72616138742677, 47.17618023762549], [27.7260758534728, 47.17598968382846], [27.72599201629816, 47.17585126218747], [27.726038841362683, 47.17581432718685], [27.725786316016613, 47.175356753334384], [27.725500593941216, 47.17471465110776], [27.725550839986216, 47.17470218591829], [27.725241487142338, 47.173997208667885], [27.725178487582298, 47.17400683716981], [27.725057379990293, 47.173704529224366], [27.72477956661065, 47.17322155292939], [27.724635139818986, 47.17301724544927], [27.724492505868067, 47.17277154659816], [27.72445895352997, 47.17278641165307], [27.724229715574168, 47.17249072859455]]]}}, {"type": "Feature", "properties": {"utr": "UTR9_L1", "tip_szf": "subzona de locuire individuală situată în ţesut tradiţional cu regim de construire continuu şi discontinuu. Subzonă dezvoltată în etape succesive, organic și planificat", "cod_zf": "ZF11", "tip_zf": "Zonă locuințe și funcțiuni complementare", "arie_mp": 35704.9}, "geometry": {"type": "Polygon", "coordinates": [[[27.722241053148046, 47.17461762663981], [27.722235819718804, 47.173930809723], [27.722252425596405, 47.17354673972524], [27.722483153373513, 47.17295442662037], [27.722545717381838, 47.17191697204646], [27.722233703120715, 47.171789121620094], [27.721495178010315, 47.17166918271422], [27.721071495648605, 47.17163248335349], [27.720697173353827, 47.17168059595468], [27.72051916886149, 47.17176093443205], [27.720758576444744, 47.172086470360824], [27.720866473865595, 47.172331047916344], [27.7209239730206, 47.17267887993451], [27.72099206469676, 47.17295385740891], [27.721186764983855, 47.173317106295336], [27.72119026646478, 47.173491868445204], [27.721134270193517, 47.173643076332425], [27.720962774412854, 47.173927328269556], [27.72091810867638, 47.17429459094407], [27.720978124898128, 47.17469600742927], [27.722241053148046, 47.17461762663981]]]}}, {"type": "Feature", "properties": {"utr": "UTR9_L1", "tip_szf": "subzona de locuire individuală situată în ţesut tradiţional cu regim de construire continuu şi discontinuu. Subzonă dezvoltată în etape succesive, organic și planificat", "cod_zf": "ZF11", "tip_zf": "Zonă locuințe și funcțiuni complementare", "arie_mp": 99547.9}, "geometry": {"type": "Polygon", "coordinates": [[[27.720737269001642, 47.16610985590438], [27.721142565555223, 47.16618044079395], [27.721024714410074, 47.1663772044298], [27.720978284198743, 47.16659036815918], [27.721162167479164, 47.16659538849976], [27.721216673682104, 47.16708706318937], [27.72129819608804, 47.16727117206902], [27.721364032652172, 47.16725297244011], [27.721424109183584, 47.16738681958045], [27.72129749799899, 47.1674157589314], [27.72124556527612, 47.1676703650004], [27.72114049210991, 47.16767283829252], [27.721172410900525, 47.16813821030921], [27.721085828184613, 47.16834254063457], [27.721028778322793, 47.16840791252899], [27.721001290260908, 47.16848090383451], [27.72099711162377, 47.168591547972625], [27.72102464178595, 47.168873432883], [27.721279832237794, 47.16886861006475], [27.721263533299254, 47.16938739646017], [27.721189453544387, 47.169385129866136], [27.72120369973675, 47.169548750341846], [27.721037342530476, 47.16954401564868], [27.72102133186799, 47.16972628593557], [27.72097101115565, 47.16994020165917], [27.720714496326895, 47.16992984488786], [27.720680892729643, 47.17001557733608], [27.720649462143033, 47.170007438848664], [27.720736959278785, 47.16972465627616], [27.720704150348368, 47.1694220480355], [27.720265714597815, 47.169402657988485], [27.720218580346305, 47.169965095176316], [27.720107869948002, 47.170696954160995], [27.72008593989968, 47.17069721465395], [27.720064498034013, 47.17083132966938], [27.720086582357876, 47.170831764786136], [27.719992048338227, 47.171373880085056], [27.719825461015947, 47.171497336941925], [27.71984499016262, 47.171622843195756], [27.72055333409345, 47.17150479013169], [27.72064327727448, 47.17162865814917], [27.720891549280466, 47.17158906054418], [27.72103146035037, 47.17158319950276], [27.721466552114777, 47.171616801915455], [27.72219435510103, 47.17170105894222], [27.722255686519897, 47.17174705445592], [27.722814898050142, 47.17193555832494], [27.723975993324764, 47.172366893724885], [27.72408897512253, 47.17231891712621], [27.723674044742054, 47.171868058418674], [27.72356821231185, 47.171734177062135], [27.723075908059823, 47.17186292497502], [27.722817545931456, 47.17189950831312], [27.72281490079088, 47.171572002085966], [27.72288377463786, 47.17159093566188], [27.723417787116137, 47.171536015025026], [27.723133187065947, 47.17119695668661], [27.72292121855726, 47.17089321884755], [27.722773945694023, 47.17077799572942], [27.72268528841048, 47.17062584445571], [27.72248887198006, 47.17069464246769], [27.721298781251726, 47.1706571807367], [27.72130629231844, 47.17060898228249], [27.721773206899584, 47.170607246481005], [27.72176329710021, 47.17041150177181], [27.72177593944215, 47.17018003358544], [27.72183443481496, 47.1697674888719], [27.72187280411786, 47.168890620129574], [27.721987699620303, 47.168880660849894], [27.721975004018486, 47.16922758504184], [27.72190848553541, 47.16992409938513], [27.72188659725308, 47.17058546842732], [27.722458028079064, 47.17065036131815], [27.722653635936055, 47.17058731414093], [27.722386141652983, 47.17030053730659], [27.72236446373631, 47.16994817153289], [27.722464589457175, 47.169409139030144], [27.722893585362495, 47.168527440107184], [27.722931797365565, 47.168369786273246], [27.722915832371456, 47.16816513943372], [27.72285458462586, 47.16799097213927], [27.722584280836223, 47.167470262569736], [27.72248851315794, 47.16733759187641], [27.722154159232115, 47.16675318023151], [27.72211974583354, 47.16665988076208], [27.722125615466922, 47.16654837619854], [27.72207051054625, 47.166425249081996], [27.722078178422695, 47.16628999987388], [27.722053447533202, 47.16628682054755], [27.722062564662306, 47.166242752877096], [27.72208994142223, 47.1662450239766], [27.722100180954094, 47.16613499024382], [27.722297038204594, 47.16558605095791], [27.72239469108557, 47.16558498963244], [27.722529777917714, 47.165218145216635], [27.722360694821003, 47.16465698822854], [27.722268235095488, 47.16464668011666], [27.72135096460969, 47.16528938612543], [27.721234240141428, 47.16538565331029], [27.72117125079815, 47.16535302986348], [27.72100816443083, 47.16547656602212], [27.720881515128738, 47.16561787334181], [27.72084147580995, 47.16570330899536], [27.720737269001642, 47.16610985590438]]]}}, {"type": "Feature", "properties": {"utr": "UTR9_L1", "tip_szf": "subzona de locuire individuală situată în ţesut tradiţional cu regim de construire continuu şi discontinuu. Subzonă dezvoltată în etape succesive, organic și planificat", "cod_zf": "ZF11", "tip_zf": "Zonă locuințe și funcțiuni complementare", "arie_mp": 20992.6}, "geometry": {"type": "Polygon", "coordinates": [[[27.718892702434786, 47.170640208687445], [27.719006842852025, 47.170644437574694], [27.71897992942819, 47.17091412215588], [27.719014689754903, 47.17131230922493], [27.71889458766771, 47.1716089889786], [27.719558364157624, 47.17166471946469], [27.71966552649303, 47.17153958163838], [27.719929094671834, 47.171307754134546], [27.72001469131996, 47.17069745488141], [27.720046140811885, 47.17016659920852], [27.719331606427666, 47.170133472260446], [27.71931772884389, 47.17011634755059], [27.719340530447695, 47.169888618708164], [27.719407305258855, 47.1694148771392], [27.719602815589315, 47.1694319868382], [27.719601199700495, 47.16948215859457], [27.72011543387159, 47.169506540107186], [27.720145466634627, 47.16921939257292], [27.720196699294313, 47.16922387548846], [27.720252233969042, 47.16881189184365], [27.719921117424807, 47.16878292105979], [27.71965673633326, 47.168784785379444], [27.71958072063908, 47.168765875558556], [27.71952338855519, 47.168729967712764], [27.719201824295254, 47.16841494787908], [27.71918011076861, 47.168678126048285], [27.71901213797959, 47.16986849034307], [27.718994424679845, 47.17010247113893], [27.718892702434786, 47.170640208687445]]]}}, {"type": "Feature", "properties": {"utr": "UTR9_L1", "tip_szf": "subzona de locuire individuală situată în ţesut tradiţional cu regim de construire continuu şi discontinuu. Subzonă dezvoltată în etape succesive, organic și planificat", "cod_zf": "ZF11", "tip_zf": "Zonă locuințe și funcțiuni complementare", "arie_mp": 3082.4}, "geometry": {"type": "Polygon", "coordinates": [[[27.720089349962805, 47.170108478287226], [27.719415158561628, 47.17008298398848], [27.71946824342456, 47.169525963056635], [27.720111472863675, 47.169561276874276], [27.720089349962805, 47.170108478287226]]]}}, {"type": "Feature", "properties": {"utr": "UTR9_L1", "tip_szf": "subzona de locuire individuală situată în ţesut tradiţional cu regim de construire continuu şi discontinuu. Subzonă dezvoltată în etape succesive, organic și planificat", "cod_zf": "ZF11", "tip_zf": "Zonă locuințe și funcțiuni complementare", "arie_mp": 2273.2}, "geometry": {"type": "Polygon", "coordinates": [[[27.72064327727448, 47.17162865814917], [27.72055333409345, 47.17150479013169], [27.71984499016262, 47.171622843195756], [27.719825461015947, 47.171497336941925], [27.719992048338227, 47.171373880085056], [27.719865634911997, 47.17141345737257], [27.71977232452993, 47.17150639108565], [27.719731217086828, 47.171573177983156], [27.719645037138804, 47.17179376784719], [27.719638884524663, 47.17186988345417], [27.719652680021753, 47.17192658657207], [27.7197473070941, 47.171968177379526], [27.719880473326718, 47.17193890199695], [27.720510135591198, 47.17170788187779], [27.72064327727448, 47.17162865814917]]]}}, {"type": "Feature", "properties": {"utr": "UTR9_L1", "tip_szf": "subzona de locuire individuală situată în ţesut tradiţional cu regim de construire continuu şi discontinuu. Subzonă dezvoltată în etape succesive, organic și planificat", "cod_zf": "ZF11", "tip_zf": "Zonă locuințe și funcțiuni complementare", "arie_mp": 5256.1}, "geometry": {"type": "Polygon", "coordinates": [[[27.719558364157624, 47.17166471946469], [27.71889458766771, 47.1716089889786], [27.719014689754903, 47.17131230922493], [27.71897992942819, 47.17091412215588], [27.719006842852025, 47.170644437574694], [27.718892702434786, 47.170640208687445], [27.718573083163054, 47.17238744731859], [27.718983148831967, 47.17224369877097], [27.71925282495748, 47.17210700936235], [27.71949389146623, 47.17173874150837], [27.719558364157624, 47.17166471946469]]]}}, {"type": "Feature", "properties": {"utr": "UTR9_L1", "tip_szf": "subzona de locuire individuală situată în ţesut tradiţional cu regim de construire continuu şi discontinuu. Subzonă dezvoltată în etape succesive, organic și planificat", "cod_zf": "ZF11", "tip_zf": "Zonă locuințe și funcțiuni complementare", "arie_mp": 13906.9}, "geometry": {"type": "Polygon", "coordinates": [[[27.72069729163183, 47.16924126188814], [27.720736959278785, 47.16972465627616], [27.720649462143033, 47.170007438848664], [27.720680892729643, 47.17001557733608], [27.720714496326895, 47.16992984488786], [27.72097101115565, 47.16994020165917], [27.72102133186799, 47.16972628593557], [27.721037342530476, 47.16954401564868], [27.72120369973675, 47.169548750341846], [27.721189453544387, 47.169385129866136], [27.721263533299254, 47.16938739646017], [27.721279832237794, 47.16886861006475], [27.72102464178595, 47.168873432883], [27.72099711162377, 47.168591547972625], [27.721001290260908, 47.16848090383451], [27.721028778322793, 47.16840791252899], [27.721085828184613, 47.16834254063457], [27.721172410900525, 47.16813821030921], [27.72114049210991, 47.16767283829252], [27.72124556527612, 47.1676703650004], [27.72129749799899, 47.1674157589314], [27.721424109183584, 47.16738681958045], [27.721364032652172, 47.16725297244011], [27.72129819608804, 47.16727117206902], [27.721216673682104, 47.16708706318937], [27.721162167479164, 47.16659538849976], [27.720978284198743, 47.16659036815918], [27.721024714410074, 47.1663772044298], [27.721142565555223, 47.16618044079395], [27.720737269001642, 47.16610985590438], [27.720623871568247, 47.16664760225675], [27.72058699177861, 47.16702473459659], [27.720839594282182, 47.167051825618174], [27.72067741080563, 47.1681682910886], [27.720739109081606, 47.16834549955257], [27.72077742032593, 47.168608678495374], [27.72069729163183, 47.16924126188814]]]}}, {"type": "Feature", "properties": {"utr": "UTR9_L1", "tip_szf": "subzona de locuire individuală situată în ţesut tradiţional cu regim de construire continuu şi discontinuu. Subzonă dezvoltată în etape succesive, organic și planificat", "cod_zf": "ZF11", "tip_zf": "Zonă locuințe și funcțiuni complementare", "arie_mp": 6410.4}, "geometry": {"type": "Polygon", "coordinates": [[[27.72069963155105, 47.16938242172549], [27.72069729163183, 47.16924126188814], [27.72077742032593, 47.168608678495374], [27.720739109081606, 47.16834549955257], [27.72067741080563, 47.1681682910886], [27.720839594282182, 47.167051825618174], [27.72058699177861, 47.16702473459659], [27.720554843949817, 47.16737334512842], [27.72035318266327, 47.1685956602481], [27.720261715251855, 47.1693758984066], [27.72069963155105, 47.16938242172549]]]}}, {"type": "Feature", "properties": {"utr": "UTR9_L1", "tip_szf": "subzona de locuire individuală situată în ţesut tradiţional cu regim de construire continuu şi discontinuu. Subzonă dezvoltată în etape succesive, organic și planificat", "cod_zf": "ZF11", "tip_zf": "Zonă locuințe și funcțiuni complementare", "arie_mp": 21315.3}, "geometry": {"type": "Polygon", "coordinates": [[[27.718546405430054, 47.16754509741285], [27.719539293162377, 47.16763830255863], [27.71944002383278, 47.168349261863746], [27.719645411329886, 47.16835533265106], [27.71993128786722, 47.16840091349144], [27.720073951377604, 47.167669799825276], [27.72040277745214, 47.167694756300044], [27.720512337816455, 47.166710404489756], [27.72064605108999, 47.166141380681296], [27.720573776805953, 47.16613349746981], [27.7205820366541, 47.16602734679666], [27.720505780229374, 47.16601325783699], [27.720486510015547, 47.16599620793005], [27.720391783618368, 47.166000965861436], [27.720351772046612, 47.166162866652726], [27.719802551813054, 47.166049639104344], [27.7196902356605, 47.16639457405893], [27.71967417396098, 47.166577392137754], [27.719627117455584, 47.16672685051226], [27.7190166958805, 47.166631895564066], [27.71888211611063, 47.166896164281354], [27.71860180994762, 47.16738010586183], [27.718546405430054, 47.16754509741285]]]}}, {"type": "Feature", "properties": {"utr": "UTR9_L1", "tip_szf": "subzona de locuire individuală situată în ţesut tradiţional cu regim de construire continuu şi discontinuu. Subzonă dezvoltată în etape succesive, organic și planificat", "cod_zf": "ZF11", "tip_zf": "Zonă locuințe și funcțiuni complementare", "arie_mp": 2201.8}, "geometry": {"type": "Polygon", "coordinates": [[[27.7190166958805, 47.166631895564066], [27.719627117455584, 47.16672685051226], [27.71967417396098, 47.166577392137754], [27.7196902356605, 47.16639457405893], [27.719802551813054, 47.166049639104344], [27.719333031809363, 47.16628494397349], [27.71910583220551, 47.16649628818785], [27.7190166958805, 47.166631895564066]]]}}, {"type": "Feature", "properties": {"utr": "UTR22_G2", "tip_szf": "Subzona cimitirelor şi a amenajărilor aferente", "cod_zf": "ZF13", "tip_zf": "Zonă gospodării comunale", "arie_mp": 5123.5}, "geometry": {"type": "Polygon", "coordinates": [[[27.718445346291382, 47.16753323609328], [27.718546405430054, 47.16754509741285], [27.71860180994762, 47.16738010586183], [27.718891301177965, 47.16687808420203], [27.718026655593484, 47.166627397659795], [27.717747731706485, 47.16730099146971], [27.718474813467065, 47.16746592234149], [27.718445346291382, 47.16753323609328]]]}}, {"type": "Feature", "properties": {"utr": "UTR22_G2", "tip_szf": "Subzona cimitirelor şi a amenajărilor aferente", "cod_zf": "ZF13", "tip_zf": "Zonă gospodării comunale", "arie_mp": 2116.8}, "geometry": {"type": "Polygon", "coordinates": [[[27.72040277745214, 47.167694756300044], [27.720073951377604, 47.167669799825276], [27.71993128786722, 47.16840091349144], [27.7202617385355, 47.16845360035689], [27.72040277745214, 47.167694756300044]]]}}, {"type": "Feature", "properties": {"utr": "UTR5_IS1", "tip_szf": "Subzonă instituțiilor publice și serviciilor de interes general", "cod_zf": "ZF09", "tip_zf": "Zonă instituții publice", "arie_mp": 2205.8}, "geometry": {"type": "Polygon", "coordinates": [[[27.7202617385355, 47.16845360035689], [27.719645411329886, 47.16835533265106], [27.71944002383278, 47.168349261863746], [27.71941072417687, 47.16853726866132], [27.71961096305039, 47.168708946333055], [27.720205854634848, 47.16875747629926], [27.7202617385355, 47.16845360035689]]]}}, {"type": "Feature", "properties": {"utr": "UTR9_L1", "tip_szf": "subzona de locuire individuală situată în ţesut tradiţional cu regim de construire continuu şi discontinuu. Subzonă dezvoltată în etape succesive, organic și planificat", "cod_zf": "ZF11", "tip_zf": "Zonă locuințe și funcțiuni complementare", "arie_mp": 3444.2}, "geometry": {"type": "Polygon", "coordinates": [[[27.71941072417687, 47.16853726866132], [27.719539293162377, 47.16763830255863], [27.718872262391802, 47.16758334590857], [27.718957716943013, 47.16810768922232], [27.719207943981953, 47.16836120667079], [27.71941072417687, 47.16853726866132]]]}}, {"type": "Feature", "properties": {"utr": "UTR9_L1", "tip_szf": "subzona de locuire individuală situată în ţesut tradiţional cu regim de construire continuu şi discontinuu. Subzonă dezvoltată în etape succesive, organic și planificat", "cod_zf": "ZF11", "tip_zf": "Zonă locuințe și funcțiuni complementare", "arie_mp": 14170.5}, "geometry": {"type": "Polygon", "coordinates": [[[27.718172629125622, 47.159335773148754], [27.717981901419673, 47.1594747763897], [27.71786030591132, 47.159718595970745], [27.717890829188775, 47.15977071568931], [27.719732609384952, 47.161701246918454], [27.720320693343666, 47.161453440971904], [27.720316427583523, 47.16143082886884], [27.719985687737253, 47.16108371479927], [27.719509530654275, 47.1606162699704], [27.71881956714182, 47.159903977479836], [27.71843510585553, 47.15953566791398], [27.718172629125622, 47.159335773148754]]]}}, {"type": "Feature", "properties": {"utr": "UTR9_L1", "tip_szf": "subzona de locuire individuală situată în ţesut tradiţional cu regim de construire continuu şi discontinuu. Subzonă dezvoltată în etape succesive, organic și planificat", "cod_zf": "ZF11", "tip_zf": "Zonă locuințe și funcțiuni complementare", "arie_mp": 10207.3}, "geometry": {"type": "Polygon", "coordinates": [[[27.720330729227097, 47.16150663948252], [27.719769485912142, 47.16174051468583], [27.72118501755214, 47.163211006908014], [27.721779067917694, 47.162954065027485], [27.720866544665164, 47.162009212958104], [27.720659623926036, 47.16184951354393], [27.720330729227097, 47.16150663948252]]]}}, {"type": "Feature", "properties": {"utr": "UTR9_L1", "tip_szf": "subzona de locuire individuală situată în ţesut tradiţional cu regim de construire continuu şi discontinuu. Subzonă dezvoltată în etape succesive, organic și planificat", "cod_zf": "ZF11", "tip_zf": "Zonă locuințe și funcțiuni complementare", "arie_mp": 7954.6}, "geometry": {"type": "Polygon", "coordinates": [[[27.717749749309903, 47.16152673203966], [27.717150515456655, 47.16137367875602], [27.717814633412953, 47.159826145756064], [27.71829447547596, 47.160314827472604], [27.7182238297361, 47.160496922423285], [27.717749749309903, 47.16152673203966]]]}}, {"type": "Feature", "properties": {"utr": "UTR9_L1", "tip_szf": "subzona de locuire individuală situată în ţesut tradiţional cu regim de construire continuu şi discontinuu. Subzonă dezvoltată în etape succesive, organic și planificat", "cod_zf": "ZF11", "tip_zf": "Zonă locuințe și funcțiuni complementare", "arie_mp": 306.5}, "geometry": {"type": "Polygon", "coordinates": [[[27.70603644746991, 47.15822819865933], [27.706136129066618, 47.1582407549016], [27.706273506676112, 47.158048601474235], [27.7062823140394, 47.1579565665361], [27.706241978001366, 47.15787562341667], [27.70603644746991, 47.15822819865933]]]}}, {"type": "Feature", "properties": {"utr": "UTR9_L1", "tip_szf": "subzona de locuire individuală situată în ţesut tradiţional cu regim de construire continuu şi discontinuu. Subzonă dezvoltată în etape succesive, organic și planificat", "cod_zf": "ZF11", "tip_zf": "Zonă locuințe și funcțiuni complementare", "arie_mp": 1810.0}, "geometry": {"type": "Polygon", "coordinates": [[[27.715933129381916, 47.15801670246039], [27.71542163558841, 47.15794931035135], [27.71524850304592, 47.157905492633205], [27.715140866348264, 47.15815866123143], [27.71588685435921, 47.1583506450714], [27.715933129381916, 47.15801670246039]]]}}, {"type": "Feature", "properties": {"utr": "UTR24_A", "tip_szf": "Zonă Agro Zootehnică", "cod_zf": "ZF04", "tip_zf": "Unități agrozootehnice", "arie_mp": 123137.1}, "geometry": {"type": "Polygon", "coordinates": [[[27.71791485189677, 47.164712663017156], [27.716762276941967, 47.164276465562445], [27.716924409974034, 47.16414783936661], [27.716987163778022, 47.16405399049088], [27.716765598068317, 47.16396319648092], [27.716901413785628, 47.163533268297996], [27.71720051749308, 47.163008251899456], [27.717525776820565, 47.16279777572478], [27.716987751554484, 47.16268746823248], [27.717059563707995, 47.16251253845103], [27.716889190362345, 47.16247996214822], [27.717026473618084, 47.16209483814738], [27.716937478985884, 47.162074466808754], [27.716980865823203, 47.16192888231718], [27.717189170818497, 47.161411627354525], [27.717080988606973, 47.16136652684138], [27.715707882866873, 47.16107209923458], [27.71554410447871, 47.16146065049302], [27.715294769657106, 47.16140205533522], [27.715070783073028, 47.16184742816974], [27.71446914313702, 47.162913445080505], [27.714042808944452, 47.16370879897674], [27.71384894240906, 47.16400746065178], [27.713729962674464, 47.164260747393755], [27.71333351813135, 47.16492569636495], [27.71322714464787, 47.16514920806674], [27.713134794520546, 47.16560029913211], [27.71374046689701, 47.165836366509865], [27.71423050922502, 47.16598212223261], [27.71425482203106, 47.16595010832132], [27.714315105895704, 47.16596803209276], [27.714572004678185, 47.166268574368104], [27.715225647319908, 47.16672338505477], [27.715983570197366, 47.16559925965119], [27.716992452558976, 47.165990935994444], [27.71791485189677, 47.164712663017156]]]}}, {"type": "Feature", "properties": {"utr": "UTR9_L1", "tip_szf": "subzona de locuire individuală situată în ţesut tradiţional cu regim de construire continuu şi discontinuu. Subzonă dezvoltată în etape succesive, organic și planificat", "cod_zf": "ZF11", "tip_zf": "Zonă locuințe și funcțiuni complementare", "arie_mp": 1890.8}, "geometry": {"type": "Polygon", "coordinates": [[[27.717026473618084, 47.16209483814738], [27.716889190362345, 47.16247996214822], [27.717059563707995, 47.16251253845103], [27.716987751554484, 47.16268746823248], [27.717235286107012, 47.16273821884986], [27.717474181018613, 47.16218745092104], [27.717026473618084, 47.16209483814738]]]}}, {"type": "Feature", "properties": {"utr": "UTR9_L1", "tip_szf": "subzona de locuire individuală situată în ţesut tradiţional cu regim de construire continuu şi discontinuu. Subzonă dezvoltată în etape succesive, organic și planificat", "cod_zf": "ZF11", "tip_zf": "Zonă locuințe și funcțiuni complementare", "arie_mp": 2976.7}, "geometry": {"type": "Polygon", "coordinates": [[[27.717181149800204, 47.16143681867625], [27.716980865823203, 47.16192888231718], [27.716955719321405, 47.162025452377875], [27.717491102365244, 47.16213639674836], [27.717743301329016, 47.16156369237317], [27.717181149800204, 47.16143681867625]]]}}, {"type": "Feature", "properties": {"utr": "UTR9_L1", "tip_szf": "subzona de locuire individuală situată în ţesut tradiţional cu regim de construire continuu şi discontinuu. Subzonă dezvoltată în etape succesive, organic și planificat", "cod_zf": "ZF11", "tip_zf": "Zonă locuințe și funcțiuni complementare", "arie_mp": 20142.7}, "geometry": {"type": "Polygon", "coordinates": [[[27.716436837055916, 47.16122277760896], [27.717077748840083, 47.16136580386409], [27.717179157646214, 47.161033857893706], [27.717674658472674, 47.159920842656895], [27.717880604089597, 47.15920135132545], [27.71786493167199, 47.15911041188661], [27.717080942126728, 47.15848617103783], [27.717093653038436, 47.15845215755439], [27.71686733659746, 47.158276963193295], [27.716943494864733, 47.15880569159962], [27.716903565483857, 47.15905367774691], [27.716857206309022, 47.15904388376674], [27.7167407368485, 47.1597184461219], [27.716427609966455, 47.160699288044945], [27.716436837055916, 47.16122277760896]]]}}, {"type": "Feature", "properties": {"utr": "UTR9_L1", "tip_szf": "subzona de locuire individuală situată în ţesut tradiţional cu regim de construire continuu şi discontinuu. Subzonă dezvoltată în etape succesive, organic și planificat", "cod_zf": "ZF11", "tip_zf": "Zonă locuințe și funcțiuni complementare", "arie_mp": 23393.0}, "geometry": {"type": "Polygon", "coordinates": [[[27.715294769657106, 47.16140205533522], [27.71554410447871, 47.16146065049302], [27.715726522347303, 47.16102787817957], [27.716345316831642, 47.16117158973025], [27.71638631894318, 47.16084820553013], [27.71639177277122, 47.16063987933051], [27.716453383891988, 47.16045385340185], [27.71653810431292, 47.160264936314015], [27.716699786723037, 47.15962249330682], [27.716704222746525, 47.159499159425565], [27.716781780260725, 47.15899108515182], [27.716763931563488, 47.158321490590126], [27.71677643693182, 47.1582098807833], [27.71636349383949, 47.15781960959832], [27.715904859950427, 47.15744566687215], [27.715739430568735, 47.15751679425953], [27.715751138084006, 47.15758374780865], [27.715822296625536, 47.15767497490196], [27.716007416365642, 47.1578094714548], [27.71593784383874, 47.15845856884982], [27.71594230896937, 47.15855482655846], [27.715931559092216, 47.158554565964195], [27.715911074528336, 47.15875562204688], [27.715901810437458, 47.15924543144505], [27.715861798112442, 47.15981050972053], [27.716185035316244, 47.159858207743085], [27.716281542797276, 47.15984806664677], [27.716259529748044, 47.159934599916284], [27.71617930657038, 47.15989773178304], [27.7158505618711, 47.159849220923284], [27.715806980315946, 47.1599870963216], [27.71578622021138, 47.160124636149675], [27.716173120526758, 47.16019407807399], [27.71613926377635, 47.16024361138284], [27.71574979674704, 47.16016799867483], [27.715538946168646, 47.16081372168999], [27.715944267279642, 47.160898339804696], [27.7160168441821, 47.160890164176635], [27.715988447551716, 47.16097798843512], [27.71592989467344, 47.16094248549951], [27.715524670224156, 47.16085788035951], [27.715487834096905, 47.1609717882426], [27.71547717617427, 47.160969283696915], [27.715294769657106, 47.16140205533522]]]}}, {"type": "Feature", "properties": {"utr": "UTR9_L1", "tip_szf": "subzona de locuire individuală situată în ţesut tradiţional cu regim de construire continuu şi discontinuu. Subzonă dezvoltată în etape succesive, organic și planificat", "cod_zf": "ZF11", "tip_zf": "Zonă locuințe și funcțiuni complementare", "arie_mp": 4181.3}, "geometry": {"type": "Polygon", "coordinates": [[[27.718399716778134, 47.16203422072808], [27.71847311239312, 47.162110337665105], [27.719438246925563, 47.1614857714171], [27.71895998955562, 47.16099721837862], [27.71882278720453, 47.161069159634614], [27.718399716778134, 47.16203422072808]]]}}, {"type": "Feature", "properties": {"utr": "UTR9_L1", "tip_szf": "subzona de locuire individuală situată în ţesut tradiţional cu regim de construire continuu şi discontinuu. Subzonă dezvoltată în etape succesive, organic și planificat", "cod_zf": "ZF11", "tip_zf": "Zonă locuințe și funcțiuni complementare", "arie_mp": 11776.0}, "geometry": {"type": "Polygon", "coordinates": [[[27.717525776820565, 47.16279777572478], [27.718150774489246, 47.162393328452545], [27.718824908884187, 47.16085887163119], [27.718357484723995, 47.16036587135944], [27.717821349296262, 47.16154359598356], [27.71754589891586, 47.162210548702234], [27.717849104482294, 47.162284637990126], [27.717834110081977, 47.16231925040517], [27.717530906156064, 47.16224519703469], [27.71732132322292, 47.162729249087946], [27.717314571249972, 47.16275447410382], [27.717525776820565, 47.16279777572478]]]}}, {"type": "Feature", "properties": {"utr": "UTR9_L1", "tip_szf": "subzona de locuire individuală situată în ţesut tradiţional cu regim de construire continuu şi discontinuu. Subzonă dezvoltată în etape succesive, organic și planificat", "cod_zf": "ZF11", "tip_zf": "Zonă locuințe și funcțiuni complementare", "arie_mp": 224554.2}, "geometry": {"type": "Polygon", "coordinates": [[[27.713085106552523, 47.16558318709823], [27.71317245324481, 47.165133567761345], [27.713680254845098, 47.16424865238341], [27.713799568871817, 47.16399465448523], [27.713993760273993, 47.16369549276911], [27.714252998517225, 47.16319626792134], [27.71502183806975, 47.161833984756555], [27.715222086027744, 47.161434064275014], [27.71542338079193, 47.16096424499721], [27.71575847137507, 47.15988606802049], [27.71582368426133, 47.15943554008308], [27.71588685435921, 47.1583506450714], [27.715140866348264, 47.15815866123143], [27.71524850304592, 47.157905492633205], [27.71542163558841, 47.15794931035135], [27.715933129381916, 47.15801670246039], [27.715927451605257, 47.157927019731055], [27.715852761747456, 47.15778280926269], [27.715687280258166, 47.15763709874925], [27.715657419956962, 47.157536123142485], [27.71554829521103, 47.157527148290335], [27.715499294832142, 47.157507365324825], [27.715111754173865, 47.157277151130536], [27.714321441158454, 47.15689393168751], [27.714083984774764, 47.15681774988956], [27.713751897869457, 47.15677686508092], [27.713415761002935, 47.15679947911364], [27.713326719124645, 47.15681296042306], [27.71326509748496, 47.15684769958022], [27.713055655447942, 47.156879230517134], [27.71296317620017, 47.1568652245305], [27.712885450130337, 47.15687712439586], [27.712872712485307, 47.15686077622037], [27.71265730007674, 47.15688952958132], [27.70973039837046, 47.15730154310496], [27.709675061778142, 47.15733466337912], [27.709476783299177, 47.15736267004333], [27.70940348239877, 47.15734656871842], [27.708079256877788, 47.157497656814016], [27.70675201676195, 47.157614122509415], [27.706217023554203, 47.157678027605584], [27.706249129439087, 47.15781358891655], [27.7063142895361, 47.15792222887153], [27.706320549586994, 47.158017444173645], [27.706163029556155, 47.158262518734865], [27.707511084475218, 47.158628004128126], [27.70774197073004, 47.1586767349614], [27.707772586812105, 47.158625253473105], [27.711058516078452, 47.15840542650933], [27.710744551237486, 47.1588517244226], [27.71442964787547, 47.159800190267795], [27.711325407912927, 47.165064139655506], [27.713085106552523, 47.16558318709823]]]}}, {"type": "Feature", "properties": {"utr": "UTR4_L1", "tip_szf": "subzona de locuire individuală situată în ţesut tradiţional cu regim de construire continuu şi discontinuu. Subzonă dezvoltată în etape succesive, organic și planificat", "cod_zf": "ZF11", "tip_zf": "Zonă locuințe și funcțiuni complementare", "arie_mp": 147613.9}, "geometry": {"type": "Polygon", "coordinates": [[[27.672427225737064, 47.17107922784032], [27.672500087541, 47.170952627244105], [27.673140134176098, 47.16938952496562], [27.673503724652164, 47.1684082360012], [27.673594541135195, 47.16820767296017], [27.672900324942113, 47.168043366680045], [27.672716223233877, 47.16796172397391], [27.672053923861185, 47.16777033367597], [27.67055636569232, 47.167377073771554], [27.668310085569427, 47.16673196629709], [27.667054251580858, 47.169808090404786], [27.672427225737064, 47.17107922784032]]]}}, {"type": "Feature", "properties": {"utr": "UTR4_L1", "tip_szf": "subzona de locuire individuală situată în ţesut tradiţional cu regim de construire continuu şi discontinuu. Subzonă dezvoltată în etape succesive, organic și planificat", "cod_zf": "ZF11", "tip_zf": "Zonă locuințe și funcțiuni complementare", "arie_mp": 147565.4}, "geometry": {"type": "Polygon", "coordinates": [[[27.666998247966266, 47.1698112991621], [27.668252176461216, 47.166718892640844], [27.66441843379311, 47.16575525710342], [27.662959857241294, 47.165359972756455], [27.662923424600162, 47.165377152443824], [27.662811774172553, 47.165794817017186], [27.6626714347247, 47.16650565293121], [27.661903634865222, 47.16848063049934], [27.666998247966266, 47.1698112991621]]]}}, {"type": "Feature", "properties": {"utr": "UTR4_L1", "tip_szf": "subzona de locuire individuală situată în ţesut tradiţional cu regim de construire continuu şi discontinuu. Subzonă dezvoltată în etape succesive, organic și planificat", "cod_zf": "ZF11", "tip_zf": "Zonă locuințe și funcțiuni complementare", "arie_mp": 134992.0}, "geometry": {"type": "Polygon", "coordinates": [[[27.66186085781511, 47.168450912581584], [27.662619591747795, 47.166498641637865], [27.662759659125104, 47.16578918725415], [27.66287414129966, 47.1653609311377], [27.66230574878935, 47.1650855671326], [27.661870981088736, 47.164789931516154], [27.661228347123473, 47.1644240690511], [27.66031933968899, 47.1639756782453], [27.659512406274374, 47.1643367337453], [27.657239744490248, 47.16554792381018], [27.656850879359077, 47.165785343897426], [27.65628400771643, 47.16621939354729], [27.66186085781511, 47.168450912581584]]]}}, {"type": "Feature", "properties": {"utr": "UTR4_L1", "tip_szf": "subzona de locuire individuală situată în ţesut tradiţional cu regim de construire continuu şi discontinuu. Subzonă dezvoltată în etape succesive, organic și planificat", "cod_zf": "ZF11", "tip_zf": "Zonă locuințe și funcțiuni complementare", "arie_mp": 300731.2}, "geometry": {"type": "Polygon", "coordinates": [[[27.652512399639484, 47.15862699701272], [27.652778938016336, 47.15885046445406], [27.652714464482163, 47.15892354046158], [27.65281813589436, 47.159034756392344], [27.652693388349512, 47.15916923025051], [27.652579043845304, 47.15925302557058], [27.652490573262835, 47.159402127111505], [27.65225525306367, 47.15964289661768], [27.652118653515473, 47.15966257996703], [27.651929815699468, 47.15973592587163], [27.65187181868059, 47.15994493636368], [27.651714003290063, 47.160080212646015], [27.651570637064456, 47.160143830835636], [27.65078460269592, 47.1607366178701], [27.65069604235405, 47.16094186494328], [27.650684219181485, 47.161083438983326], [27.65065548358012, 47.1611704526725], [27.65059161644259, 47.161265849078774], [27.650486028990485, 47.161343565007506], [27.650239606356813, 47.16126596463297], [27.649803784235335, 47.16174075572259], [27.649901593106282, 47.1617737089319], [27.649641559506968, 47.16196509449749], [27.649436619995523, 47.16192771216591], [27.649344260260147, 47.1621036797288], [27.649319356201957, 47.1621928422428], [27.649326734608096, 47.16221498700851], [27.650293833092913, 47.163149074593285], [27.650598022117777, 47.16349988738456], [27.650869646505626, 47.163612802869686], [27.651360697314637, 47.16365351103773], [27.651877989381767, 47.1637519379133], [27.65240446454867, 47.164053350013845], [27.654020684406337, 47.16510563451648], [27.65402670968574, 47.165449862250554], [27.654238230707524, 47.165746671637706], [27.654924411016708, 47.16611830569003], [27.65534486096736, 47.16630103051039], [27.65563915783163, 47.166342775246974], [27.655802756729972, 47.16624294332092], [27.65608658520759, 47.16634790266154], [27.65624300465954, 47.166200356468146], [27.656934848873572, 47.165682414231654], [27.657860305439186, 47.16516858002726], [27.659489470479127, 47.16431472598717], [27.660297638337497, 47.16395311822126], [27.65772834751281, 47.16245307212577], [27.65722609816855, 47.16222208550002], [27.656871287408602, 47.16199271617807], [27.656466590016706, 47.161761099002334], [27.655889750800693, 47.161505085400236], [27.65544334776732, 47.161285219189296], [27.654072140345065, 47.16050311686353], [27.65360979672248, 47.16021278247411], [27.65349775864617, 47.15980650285195], [27.653226356307176, 47.16000902870744], [27.653098743324122, 47.15994329856731], [27.653062737104293, 47.15997016450516], [27.652654031218614, 47.15975152599057], [27.652666256857945, 47.15964523665068], [27.65280056219583, 47.15952770470865], [27.65286596877198, 47.15956848123899], [27.652954663359104, 47.159502300515264], [27.65280640239231, 47.15941179790909], [27.652871503608786, 47.159328970490904], [27.65308492924726, 47.15917337943256], [27.652926921553796, 47.158919060768575], [27.652892958577834, 47.158825386159634], [27.65288883090115, 47.158701320966095], [27.65272616967664, 47.15864808984941], [27.652512399639484, 47.15862699701272]]]}}, {"type": "Feature", "properties": {"utr": "UTR4_L1", "tip_szf": "subzona de locuire individuală situată în ţesut tradiţional cu regim de construire continuu şi discontinuu. Subzonă dezvoltată în etape succesive, organic și planificat", "cod_zf": "ZF11", "tip_zf": "Zonă locuințe și funcțiuni complementare", "arie_mp": 3420.9}, "geometry": {"type": "Polygon", "coordinates": [[[27.65308492924726, 47.15917337943256], [27.652871503608786, 47.159328970490904], [27.65280640239231, 47.15941179790909], [27.652954663359104, 47.159502300515264], [27.65286596877198, 47.15956848123899], [27.65280056219583, 47.15952770470865], [27.652666256857945, 47.15964523665068], [27.652654031218614, 47.15975152599057], [27.653062737104293, 47.15997016450516], [27.653098743324122, 47.15994329856731], [27.653226356307176, 47.16000902870744], [27.65349775864617, 47.15980650285195], [27.65360979672248, 47.16021278247411], [27.653667868665853, 47.1602484931965], [27.65362385933746, 47.16018637379048], [27.65360104115449, 47.15995041156614], [27.653543155854116, 47.15981587177503], [27.653467888808642, 47.15967923099919], [27.65327665870166, 47.159462508224436], [27.65308492924726, 47.15917337943256]]]}}, {"type": "Feature", "properties": {"utr": "UTR4_L1", "tip_szf": "subzona de locuire individuală situată în ţesut tradiţional cu regim de construire continuu şi discontinuu. Subzonă dezvoltată în etape succesive, organic și planificat", "cod_zf": "ZF11", "tip_zf": "Zonă locuințe și funcțiuni complementare", "arie_mp": 18958.0}, "geometry": {"type": "Polygon", "coordinates": [[[27.649436619995523, 47.16192771216591], [27.649641559506968, 47.16196509449749], [27.649901593106282, 47.1617737089319], [27.649803784235335, 47.16174075572259], [27.650239606356813, 47.16126596463297], [27.650486028990485, 47.161343565007506], [27.65059161644259, 47.161265849078774], [27.65065548358012, 47.1611704526725], [27.650684219181485, 47.161083438983326], [27.65069604235405, 47.16094186494328], [27.65078460269592, 47.1607366178701], [27.651570637064456, 47.160143830835636], [27.651714003290063, 47.160080212646015], [27.65187181868059, 47.15994493636368], [27.651929815699468, 47.15973592587163], [27.652118653515473, 47.15966257996703], [27.65225525306367, 47.15964289661768], [27.652490573262835, 47.159402127111505], [27.652579043845304, 47.15925302557058], [27.652693388349512, 47.15916923025051], [27.65281813589436, 47.159034756392344], [27.652714464482163, 47.15892354046158], [27.652778938016336, 47.15885046445406], [27.652512399639484, 47.15862699701272], [27.652244308488005, 47.15880673108775], [27.651931000732734, 47.15908597843313], [27.65220174749644, 47.15924443148433], [27.65218597051577, 47.1592546474203], [27.651921293719248, 47.15909888978173], [27.651706673002373, 47.159297382734074], [27.651175561401796, 47.15969120530655], [27.65146453270196, 47.159873809487586], [27.651434849143158, 47.15989445921487], [27.651148078871646, 47.15971020265188], [27.650941738005503, 47.159880580148766], [27.650338512425666, 47.16054588863324], [27.650019948438526, 47.16092101866882], [27.649912761169762, 47.1610800680726], [27.649802665210906, 47.161297227131904], [27.649576181608058, 47.16166408139234], [27.649436619995523, 47.16192771216591]]]}}, {"type": "Feature", "properties": {"utr": "UTR3_L1", "tip_szf": "subzona de locuire individuală situată în ţesut tradiţional cu regim de construire continuu şi discontinuu. Subzonă dezvoltată în etape succesive, organic și planificat", "cod_zf": "ZF11", "tip_zf": "Zonă locuințe și funcțiuni complementare", "arie_mp": 8191.4}, "geometry": {"type": "Polygon", "coordinates": [[[27.665800433908398, 47.152802593086314], [27.66576979660812, 47.152592656928924], [27.665641539103273, 47.152218835592286], [27.6656725358693, 47.152090411904155], [27.66586710252648, 47.15195314582824], [27.666015343093896, 47.15190712232958], [27.666907812298287, 47.151712610480075], [27.666940085452826, 47.15231515876035], [27.666910426487522, 47.152426574033754], [27.666845195920597, 47.15249789955124], [27.666520328924385, 47.15260630682728], [27.666115463822397, 47.15270493040698], [27.665800433908398, 47.152802593086314]]]}}, {"type": "Feature", "properties": {"utr": "UTR4_L1", "tip_szf": "subzona de locuire individuală situată în ţesut tradiţional cu regim de construire continuu şi discontinuu. Subzonă dezvoltată în etape succesive, organic și planificat", "cod_zf": "ZF11", "tip_zf": "Zonă locuințe și funcțiuni complementare", "arie_mp": 295406.1}, "geometry": {"type": "Polygon", "coordinates": [[[27.663296957399034, 47.162809143514735], [27.662145986357505, 47.16492846797075], [27.662363403503605, 47.165081474317766], [27.662924371849023, 47.16531951718073], [27.665731331542275, 47.16605739155908], [27.66825178274986, 47.16668570859995], [27.670598393105237, 47.16735366778893], [27.672084521797686, 47.16774508009082], [27.67272452473117, 47.167930778147884], [27.672937175584483, 47.168010525305526], [27.67348711046324, 47.16814770390903], [27.673606453906512, 47.16816780375423], [27.67375856410395, 47.1677062091643], [27.674157365631924, 47.16674685397563], [27.674705093471825, 47.1653220718985], [27.674157987036576, 47.16521072996142], [27.67359926226478, 47.165031906054026], [27.673615685961142, 47.16494490104644], [27.67387122949416, 47.16439735006788], [27.67389255912395, 47.164148034599506], [27.667197980712004, 47.16371789049188], [27.66521046152731, 47.163405236382594], [27.663296957399034, 47.162809143514735]]]}}, {"type": "Feature", "properties": {"utr": "UTR2_L1", "tip_szf": "subzona de locuire individuală situată în ţesut tradiţional cu regim de construire continuu şi discontinuu. Subzonă dezvoltată în etape succesive, organic și planificat", "cod_zf": "ZF11", "tip_zf": "Zonă locuințe și funcțiuni complementare", "arie_mp": 560163.9}, "geometry": {"type": "Polygon", "coordinates": [[[27.673898698368006, 47.16411672127144], [27.67392269538834, 47.164100714793506], [27.67417411083634, 47.16335918822366], [27.674144516983898, 47.16320480059737], [27.674494889797046, 47.16213391199537], [27.674597612913793, 47.161921532645415], [27.675073483324027, 47.160479575986166], [27.67521224782915, 47.160328221632206], [27.675371700390677, 47.1595255781279], [27.67504909297483, 47.15948368855683], [27.675063352870133, 47.15934597834568], [27.673914678454697, 47.15844826635079], [27.670560901111042, 47.1579368864944], [27.670258649912828, 47.15783363905414], [27.668961619100006, 47.158382768756354], [27.668784350162326, 47.158445184625236], [27.667561241461698, 47.15829293069426], [27.667536722503897, 47.158307976034706], [27.667502301888934, 47.15840323773314], [27.667443089764337, 47.158398343032474], [27.667433907890956, 47.158431607645305], [27.663669778122888, 47.157858633083514], [27.66361883635925, 47.15803573694657], [27.662626230849018, 47.15788627431776], [27.661990372039035, 47.159682825071926], [27.662975310228024, 47.159888851741314], [27.662158757979142, 47.16237704697485], [27.661784922966728, 47.162234687142515], [27.661833102254707, 47.16230951953844], [27.665144511151514, 47.16334503212721], [27.667206356008673, 47.16368229703674], [27.673898698368006, 47.16411672127144]]]}}, {"type": "Feature", "properties": {"utr": "UTR3_L1", "tip_szf": "subzona de locuire individuală situată în ţesut tradiţional cu regim de construire continuu şi discontinuu. Subzonă dezvoltată în etape succesive, organic și planificat", "cod_zf": "ZF11", "tip_zf": "Zonă locuințe și funcțiuni complementare", "arie_mp": 1227.0}, "geometry": {"type": "Polygon", "coordinates": [[[27.6751861927069, 47.15933400296289], [27.675112923061466, 47.159343537031766], [27.674469716932933, 47.15881338697843], [27.67337878355175, 47.1579709522252], [27.67278195467429, 47.157489986576415], [27.672885462425647, 47.15745752071557], [27.673143659188785, 47.15771531940119], [27.673624529283035, 47.15813198399351], [27.673930688342175, 47.15835098623205], [27.67407437761476, 47.158434496338096], [27.6751861927069, 47.15933400296289]]]}}, {"type": "Feature", "properties": {"utr": "UTR4_L1", "tip_szf": "subzona de locuire individuală situată în ţesut tradiţional cu regim de construire continuu şi discontinuu. Subzonă dezvoltată în etape succesive, organic și planificat", "cod_zf": "ZF11", "tip_zf": "Zonă locuințe și funcțiuni complementare", "arie_mp": 66810.9}, "geometry": {"type": "Polygon", "coordinates": [[[27.676731760561466, 47.15687651245771], [27.67297105397251, 47.157444687951944], [27.673249323063057, 47.15776587509265], [27.67364887435287, 47.15811484168012], [27.673901948839458, 47.15830974702764], [27.674110072209533, 47.15843268818698], [27.67431248033545, 47.15857970582878], [27.67478495096518, 47.15896300166843], [27.675039682809583, 47.15919104964096], [27.675246535003396, 47.159337246603144], [27.675379010958043, 47.15940718392268], [27.675621537370137, 47.15976610024802], [27.676539202809376, 47.16064345251559], [27.676725927985014, 47.160038291007766], [27.676827247737272, 47.15981387406512], [27.67691956260124, 47.15954369362971], [27.677114512078262, 47.1589243467803], [27.677182375855665, 47.1586211088361], [27.677151483580197, 47.15845938217699], [27.676943206946216, 47.15790973889452], [27.676876784290467, 47.15742084802491], [27.676731760561466, 47.15687651245771]]]}}, {"type": "Feature", "properties": {"utr": "UTR3_L1", "tip_szf": "subzona de locuire individuală situată în ţesut tradiţional cu regim de construire continuu şi discontinuu. Subzonă dezvoltată în etape succesive, organic și planificat", "cod_zf": "ZF11", "tip_zf": "Zonă locuințe și funcțiuni complementare", "arie_mp": 79258.0}, "geometry": {"type": "Polygon", "coordinates": [[[27.676341584943614, 47.15556845255861], [27.676026021693083, 47.15559958812618], [27.672828352714635, 47.15609361402225], [27.67253759556148, 47.15611969110468], [27.672417319890574, 47.15544636642422], [27.672196765366284, 47.154790711674686], [27.672072415768692, 47.154347824585756], [27.671782372849272, 47.1536555323017], [27.674034069862074, 47.15328748708478], [27.67418529197572, 47.15379245651474], [27.67424964392172, 47.153782643526746], [27.674098421235605, 47.15327767418527], [27.67506185318257, 47.153124917853454], [27.675295678031453, 47.15306692703553], [27.675600888393873, 47.15364984561363], [27.67602238575667, 47.15408961211276], [27.676098850700736, 47.15433015202695], [27.674455617719428, 47.15457441638244], [27.67446365977304, 47.154600840681], [27.67610728838857, 47.15435655806445], [27.676190548991865, 47.15463821051334], [27.67309867609303, 47.15508123604042], [27.673109637392994, 47.15511652916072], [27.67497676984008, 47.1548489395235], [27.674981092267753, 47.154875894160064], [27.67621632286245, 47.154698843758695], [27.676293110253035, 47.15512686263063], [27.676204847794267, 47.15516612392241], [27.672956258717644, 47.155632588268666], [27.672968568820362, 47.15568815951493], [27.675469485129796, 47.155318398037316], [27.67580182353307, 47.15527854405672], [27.67580591777545, 47.155296544905895], [27.67631339885087, 47.155221532451], [27.676380509653, 47.15553043857398], [27.676341584943614, 47.15556845255861]]]}}, {"type": "Feature", "properties": {"utr": "UTR3_L1", "tip_szf": "subzona de locuire individuală situată în ţesut tradiţional cu regim de construire continuu şi discontinuu. Subzonă dezvoltată în etape succesive, organic și planificat", "cod_zf": "ZF11", "tip_zf": "Zonă locuințe și funcțiuni complementare", "arie_mp": 4567.6}, "geometry": {"type": "Polygon", "coordinates": [[[27.670588933821556, 47.15578818536959], [27.67235199727137, 47.15556967608278], [27.672391824177847, 47.1559012721701], [27.670966955833944, 47.15608214931438], [27.670588933821556, 47.15578818536959]]]}}, {"type": "Feature", "properties": {"utr": "UTR3_L1", "tip_szf": "subzona de locuire individuală situată în ţesut tradiţional cu regim de construire continuu şi discontinuu. Subzonă dezvoltată în etape succesive, organic și planificat", "cod_zf": "ZF11", "tip_zf": "Zonă locuințe și funcțiuni complementare", "arie_mp": 9113.6}, "geometry": {"type": "Polygon", "coordinates": [[[27.672697000682547, 47.15742381328629], [27.67278195467429, 47.157489986576415], [27.672885462425647, 47.15745752071557], [27.67261555599875, 47.157108125380454], [27.672503919227847, 47.156880113533646], [27.672469549852114, 47.156424154897955], [27.672400262727624, 47.15593330286315], [27.67189462442403, 47.1560119179979], [27.670993830333753, 47.15611838367969], [27.671329256178126, 47.156360840337435], [27.671879108868414, 47.15682453536093], [27.67260665928322, 47.157400871075346], [27.672697000682547, 47.15742381328629]]]}}, {"type": "Feature", "properties": {"utr": "UTR3_L1", "tip_szf": "subzona de locuire individuală situată în ţesut tradiţional cu regim de construire continuu şi discontinuu. Subzonă dezvoltată în etape succesive, organic și planificat", "cod_zf": "ZF11", "tip_zf": "Zonă locuințe și funcțiuni complementare", "arie_mp": 44934.2}, "geometry": {"type": "Polygon", "coordinates": [[[27.672338481211167, 47.155510758243345], [27.671189887982784, 47.15566847316771], [27.667784136935982, 47.15600103027534], [27.66765868022112, 47.15563904655027], [27.667537456426384, 47.15522045327228], [27.667500835897222, 47.15522499628828], [27.667474732338885, 47.15508995533086], [27.66755008790613, 47.154840749982725], [27.66852918083607, 47.154787435598706], [27.668673412205607, 47.15475984586169], [27.6706382921543, 47.15455303972696], [27.671927867759525, 47.15436196351042], [27.671988518452114, 47.15438721423585], [27.672248179984674, 47.15516916830701], [27.672338481211167, 47.155510758243345]]]}}, {"type": "Feature", "properties": {"utr": "UTR3_L1", "tip_szf": "subzona de locuire individuală situată în ţesut tradiţional cu regim de construire continuu şi discontinuu. Subzonă dezvoltată în etape succesive, organic și planificat", "cod_zf": "ZF11", "tip_zf": "Zonă locuințe și funcțiuni complementare", "arie_mp": 22957.2}, "geometry": {"type": "Polygon", "coordinates": [[[27.66756305646165, 47.154772139905425], [27.667660669625846, 47.15445876179557], [27.667713754849242, 47.15421912215352], [27.667781178273287, 47.15416348149299], [27.6699615540754, 47.15393072061379], [27.671665385282548, 47.15367186574966], [27.671708389252156, 47.15369732791168], [27.671930122327648, 47.154292502956814], [27.670825759655642, 47.15448456267536], [27.670121127224814, 47.15456959480659], [27.669301750822406, 47.15464398424219], [27.66903520392495, 47.15469003876483], [27.66848233091999, 47.15473869818906], [27.667737351266215, 47.15477892431406], [27.66756305646165, 47.154772139905425]]]}}, {"type": "Feature", "properties": {"utr": "UTR3_L1", "tip_szf": "subzona de locuire individuală situată în ţesut tradiţional cu regim de construire continuu şi discontinuu. Subzonă dezvoltată în etape succesive, organic și planificat", "cod_zf": "ZF11", "tip_zf": "Zonă locuințe și funcțiuni complementare", "arie_mp": 35848.0}, "geometry": {"type": "Polygon", "coordinates": [[[27.66769532192142, 47.156005687860414], [27.667194111938677, 47.156149000578644], [27.667170053580723, 47.15603364741333], [27.667146032025283, 47.15603609148932], [27.666929115226573, 47.15499111227595], [27.66689429520872, 47.15499608907915], [27.66711547523744, 47.15616157419464], [27.666599605738835, 47.15623788608347], [27.666486239316995, 47.15577724614113], [27.66643394689338, 47.15578205186409], [27.66654791006554, 47.156245089322816], [27.66614511232309, 47.156305809204994], [27.6659634712269, 47.15553236306342], [27.665911400921143, 47.15553807971884], [27.66609350447079, 47.156313364577755], [27.665395054604573, 47.15640118645802], [27.665237668972168, 47.15584912001025], [27.66510575446877, 47.155144626217876], [27.66500324757015, 47.15477744198669], [27.66501273873939, 47.154759719933864], [27.66596298434357, 47.1544468394873], [27.6664172178365, 47.15435092897829], [27.666466790326485, 47.154485280302964], [27.666524267895333, 47.15476114446954], [27.66655207687386, 47.15499011030852], [27.666646187126474, 47.15498277018633], [27.666504601915328, 47.15433146214912], [27.66703751086843, 47.154220439576605], [27.667547600351593, 47.154186776506904], [27.667605270666165, 47.15420517710643], [27.667634525701597, 47.15422307037165], [27.667632321784236, 47.15426873992774], [27.667552260553265, 47.15459271202843], [27.667467582769458, 47.154842582225285], [27.667427034279722, 47.155123596759125], [27.667502197448062, 47.15544743145849], [27.667666272509596, 47.15584824422286], [27.66769532192142, 47.156005687860414]]]}}, {"type": "Feature", "properties": {"utr": "UTR3_L1", "tip_szf": "subzona de locuire individuală situată în ţesut tradiţional cu regim de construire continuu şi discontinuu. Subzonă dezvoltată în etape succesive, organic și planificat", "cod_zf": "ZF11", "tip_zf": "Zonă locuințe și funcțiuni complementare", "arie_mp": 225293.2}, "geometry": {"type": "Polygon", "coordinates": [[[27.6654223860268, 47.15712226772949], [27.664582580120534, 47.15717420460188], [27.664153579963457, 47.15722093163618], [27.66402738598497, 47.15648016491566], [27.66397524537165, 47.15648544314761], [27.664017194950034, 47.15674878841116], [27.66399596202907, 47.156781971414595], [27.664004503211874, 47.156835616077984], [27.664035691537443, 47.15686491823652], [27.664101472752456, 47.15722663210175], [27.663687562299266, 47.15726720086028], [27.66352452149428, 47.15626814662135], [27.66347269171046, 47.156271665023446], [27.66364138308008, 47.15725410576299], [27.663448124363303, 47.157265481056484], [27.663452460893808, 47.15729150592714], [27.66326660079342, 47.15727772709192], [27.663174434067006, 47.15670871985448], [27.663095663740226, 47.156713778422564], [27.663185125953227, 47.157266114603026], [27.662153107719302, 47.157078186110375], [27.662153338453198, 47.157035164309], [27.662103173151976, 47.15702511036235], [27.662087783205855, 47.15706873684824], [27.661874766806537, 47.15703795739141], [27.661797859198145, 47.157062421896214], [27.661761755462198, 47.15709829893869], [27.66161739237938, 47.15755529499044], [27.66122093633604, 47.15866147269941], [27.66089957089203, 47.159481643509125], [27.660321270439418, 47.15940922463573], [27.660291110757104, 47.15922994639366], [27.660240575750077, 47.159225601940896], [27.660222967227927, 47.159157868067936], [27.660184507853963, 47.159161865204744], [27.66020784945027, 47.159227340466074], [27.66024446016686, 47.159257720206604], [27.66029116005459, 47.159421112419935], [27.659813719154105, 47.15936685577139], [27.65982229722093, 47.159346056833826], [27.659622014050573, 47.15931691226646], [27.659505117669426, 47.15923417360126], [27.659242498873194, 47.158999416474856], [27.657751603001643, 47.158839254226336], [27.65781685169955, 47.15780437169617], [27.657866664969784, 47.15736522137827], [27.65780397036765, 47.157363678253084], [27.657796055541684, 47.157513290950824], [27.65774151469504, 47.157511944227466], [27.657686138697237, 47.158562376259155], [27.657724333543523, 47.15856333460053], [27.65770468611467, 47.15882230598971], [27.656820009925646, 47.158710548215005], [27.656829806900927, 47.15833747267986], [27.656917364056834, 47.15705163033077], [27.656892121317103, 47.15671234694577], [27.656821634924437, 47.15671644253538], [27.65684801332245, 47.15689850885821], [27.656770794484242, 47.15870131665093], [27.656279487845588, 47.15862756077821], [27.656351453363143, 47.15729589971853], [27.656259090514133, 47.1572959189327], [27.656188173505704, 47.158613073778355], [27.655775259572334, 47.158547589863744], [27.655867322853283, 47.157176678834134], [27.655803352109412, 47.15717874398534], [27.65570338127891, 47.15853581461736], [27.655550659212473, 47.158511849017316], [27.655554473816963, 47.15846913284537], [27.655117373609933, 47.15841608453915], [27.654133049825916, 47.15840541352654], [27.654065983475306, 47.15846480674816], [27.653683932517925, 47.15853827624351], [27.653512067685085, 47.15863410186192], [27.653250225127575, 47.15871525423698], [27.65312090082415, 47.158709313437356], [27.65304991983595, 47.15868790496294], [27.653009239391643, 47.15864420330826], [27.653042980721978, 47.15855043637079], [27.65319891687087, 47.1583341790916], [27.65375521720209, 47.157852070389886], [27.654267513751087, 47.15744634275925], [27.654394730363244, 47.15731284440471], [27.65456786370593, 47.15699498924489], [27.65482382617223, 47.15658912060182], [27.6550828325446, 47.156139031356425], [27.655808751388797, 47.15630001550557], [27.655850619037476, 47.15649706001153], [27.655867781148523, 47.15713127971414], [27.655960091801287, 47.15713126455642], [27.65594263355722, 47.15649133725127], [27.655891700275035, 47.15622799796939], [27.655800110936077, 47.15623537575374], [27.655095898719104, 47.15607619733947], [27.65541956386178, 47.155475922029076], [27.6554992619185, 47.15544220656377], [27.65571330426529, 47.15558528344393], [27.65599595060878, 47.15573266435926], [27.656287562518408, 47.15580695811334], [27.65668010055938, 47.15584069321098], [27.6567438267488, 47.15620005612509], [27.656783417942933, 47.156202052872686], [27.6567314064701, 47.15584231364385], [27.657690862306666, 47.155967775631524], [27.658172663983592, 47.15609030030518], [27.6582006504243, 47.15634336875487], [27.658267971539086, 47.15667813989583], [27.65828473915587, 47.15696380889371], [27.658335674034287, 47.156961991411684], [27.65833509719257, 47.15673838680094], [27.65826837280388, 47.15643179399017], [27.65822586840446, 47.156093118607984], [27.65874403975651, 47.15617744646475], [27.659663231898204, 47.15625583052457], [27.660137659335373, 47.15623496559268], [27.66167500133828, 47.15587286964183], [27.66238409519012, 47.15566848586923], [27.662653233047102, 47.155550078031595], [27.66330064003054, 47.15533501082919], [27.664067656596487, 47.15504693781207], [27.66419717653684, 47.15501142228211], [27.664233327725768, 47.155182241344086], [27.664240921030018, 47.15532206827681], [27.664304616941312, 47.15531324915779], [27.664315860214575, 47.155368429147345], [27.664347463800286, 47.15536628496246], [27.66425917259407, 47.15499168782498], [27.664865624464355, 47.154799818914704], [27.664893011033897, 47.15480885255864], [27.664956470332125, 47.15500941908074], [27.66507186621612, 47.15565269514429], [27.665251048111333, 47.156430863426294], [27.6649488142448, 47.156476950694746], [27.664467478260313, 47.156522919290595], [27.664475634172792, 47.156564467849115], [27.665257452707618, 47.15646539660163], [27.6653842179898, 47.15690181963637], [27.6654223860268, 47.15712226772949]]]}}, {"type": "Feature", "properties": {"utr": "UTR3_L1", "tip_szf": "subzona de locuire individuală situată în ţesut tradiţional cu regim de construire continuu şi discontinuu. Subzonă dezvoltată în etape succesive, organic și planificat", "cod_zf": "ZF11", "tip_zf": "Zonă locuințe și funcțiuni complementare", "arie_mp": 108384.2}, "geometry": {"type": "Polygon", "coordinates": [[[27.67318024867468, 47.15788538727042], [27.6721275951075, 47.15814283787713], [27.67103954379876, 47.15798135195158], [27.67065753905189, 47.15791369833818], [27.670307132990825, 47.1578141335195], [27.67023068396126, 47.15781611888425], [27.668825645323516, 47.15839248105078], [27.668731245250395, 47.158410630788474], [27.667517484048943, 47.15825179353007], [27.667552621749554, 47.158140707277276], [27.668687048887463, 47.157629700150856], [27.670049606870208, 47.15685812141636], [27.670005691354913, 47.156823682559136], [27.669141847823557, 47.157331275336226], [27.66886363308893, 47.15744988203549], [27.668661869685245, 47.157560964102096], [27.6685730051086, 47.15714867864304], [27.668595830571324, 47.15714631588425], [27.66852051368192, 47.15678659714029], [27.668455216481696, 47.15679281986659], [27.66862612822352, 47.15758064142943], [27.66836962475858, 47.15772551772344], [27.66825567404997, 47.157012414543345], [27.66818713051221, 47.157021204984346], [27.668307283921354, 47.15775199493305], [27.66760997401957, 47.15804509795404], [27.667570657437867, 47.158058190948736], [27.66737904194869, 47.15734335261046], [27.667327152592858, 47.1573509681115], [27.66737434601439, 47.15752460359035], [27.667354382799918, 47.15755456954959], [27.66737940802968, 47.15764286886521], [27.667412436850245, 47.157666192766456], [27.66752360663991, 47.15808455785174], [27.667401116265758, 47.15831478589189], [27.667127158648672, 47.158272521162345], [27.667031441713767, 47.15791390231373], [27.666994022554768, 47.15767330220101], [27.66693211997787, 47.15744134821863], [27.666853858580723, 47.15744973268224], [27.66706743138447, 47.15825015064726], [27.665980025295795, 47.15807341219497], [27.6658661712674, 47.15805006660811], [27.665806673323825, 47.15801340861811], [27.665750067825154, 47.157943540276875], [27.66537485895672, 47.15647097927188], [27.666410112942785, 47.15632295213314], [27.666572010197154, 47.15696644174573], [27.666631574117872, 47.15695923087605], [27.66648645700047, 47.15634869313432], [27.666497268276206, 47.156309000743214], [27.66690835741866, 47.15624720446181], [27.66699362604343, 47.15660671256554], [27.6669681295701, 47.15663661985197], [27.666982873930607, 47.15669876933961], [27.667020999080744, 47.15672213325178], [27.667066773411953, 47.15691517845104], [27.667118736414587, 47.156908976018315], [27.6669600713192, 47.15623998194199], [27.668027203696738, 47.15602174069444], [27.668905648081488, 47.15596466444864], [27.66927115550152, 47.15590170819139], [27.67008383239107, 47.1558265865956], [27.67016630217428, 47.155841509899425], [27.67039780932616, 47.15582691981759], [27.670484747327137, 47.15585637220504], [27.67071092254858, 47.15603728410479], [27.670744009918334, 47.15601762152654], [27.670909749513104, 47.156137050022195], [27.670071720017642, 47.15662884784232], [27.670106300079244, 47.15665598226971], [27.670944096640326, 47.15616423579029], [27.671792196685086, 47.15683330887507], [27.670972997042995, 47.15721052977371], [27.671000755151937, 47.15723247070785], [27.671819031441483, 47.15685567501869], [27.671974913352155, 47.15697903115374], [27.67091707436025, 47.15749446910165], [27.67095269733264, 47.15751601774274], [27.671305003747655, 47.15734254395115], [27.671476836775316, 47.157446743411526], [27.671308254525027, 47.15734096893431], [27.672007401782547, 47.157004935500716], [27.67318024867468, 47.15788538727042]]]}}, {"type": "Feature", "properties": {"utr": "UTR3_L1", "tip_szf": "subzona de locuire individuală situată în ţesut tradiţional cu regim de construire continuu şi discontinuu. Subzonă dezvoltată în etape succesive, organic și planificat", "cod_zf": "ZF11", "tip_zf": "Zonă locuințe și funcțiuni complementare", "arie_mp": 80050.4}, "geometry": {"type": "Polygon", "coordinates": [[[27.66109592749195, 47.16006137190049], [27.661071561296193, 47.160082480487056], [27.660708056477038, 47.160806125867296], [27.660530888623953, 47.16077514388438], [27.66068008160014, 47.16048033293758], [27.660497315024383, 47.16044298050913], [27.660900099373247, 47.15966212017176], [27.66096039666334, 47.15960171635315], [27.660930512166406, 47.15954760131536], [27.660610611160998, 47.159505158659215], [27.66022400382314, 47.16028847587398], [27.659990343208758, 47.16025462587377], [27.659877443319314, 47.16048055343931], [27.659609817121407, 47.16041900946751], [27.658440286792146, 47.162808857881764], [27.658857494099074, 47.16308078912657], [27.660356282361644, 47.16392995802363], [27.661272807318092, 47.164408859366354], [27.66223775023432, 47.16249187366933], [27.662153449771182, 47.162465450001754], [27.662161302533047, 47.16245209032381], [27.66179448921472, 47.16233603605526], [27.661734321702347, 47.16224569703584], [27.66109592749195, 47.16006137190049]]]}}, {"type": "Feature", "properties": {"utr": "UTR3_L1", "tip_szf": "subzona de locuire individuală situată în ţesut tradiţional cu regim de construire continuu şi discontinuu. Subzonă dezvoltată în etape succesive, organic și planificat", "cod_zf": "ZF11", "tip_zf": "Zonă locuințe și funcțiuni complementare", "arie_mp": 10972.9}, "geometry": {"type": "Polygon", "coordinates": [[[27.658363916422395, 47.16276583573444], [27.658195144941665, 47.16269265779376], [27.65804767681386, 47.16260123375129], [27.659598810843587, 47.159431716236504], [27.659654927188917, 47.15938847689733], [27.659790908323235, 47.15941623102454], [27.659798481572086, 47.15940075489058], [27.65999812585886, 47.159426613902774], [27.658363916422395, 47.16276583573444]]]}}, {"type": "Feature", "properties": {"utr": "UTR3_L1", "tip_szf": "subzona de locuire individuală situată în ţesut tradiţional cu regim de construire continuu şi discontinuu. Subzonă dezvoltată în etape succesive, organic și planificat", "cod_zf": "ZF11", "tip_zf": "Zonă locuințe și funcțiuni complementare", "arie_mp": 8123.1}, "geometry": {"type": "Polygon", "coordinates": [[[27.65801219840687, 47.16257910192854], [27.657764663015595, 47.162432270630205], [27.65923258297455, 47.15947861668769], [27.659283493113033, 47.159458039477016], [27.65954117784499, 47.159491941084575], [27.65801219840687, 47.16257910192854]]]}}, {"type": "Feature", "properties": {"utr": "UTR3_L1", "tip_szf": "subzona de locuire individuală situată în ţesut tradiţional cu regim de construire continuu şi discontinuu. Subzonă dezvoltată în etape succesive, organic și planificat", "cod_zf": "ZF11", "tip_zf": "Zonă locuințe și funcțiuni complementare", "arie_mp": 59277.1}, "geometry": {"type": "Polygon", "coordinates": [[[27.657688811430088, 47.162387811050664], [27.6572905748925, 47.1622010043568], [27.656652145899734, 47.16180959841946], [27.65645051429221, 47.16170579963937], [27.6559576027582, 47.161501704736935], [27.65580262129962, 47.16142023653422], [27.656065883181046, 47.160909565181726], [27.656710291511413, 47.15957810316871], [27.65705021981061, 47.15879877392119], [27.657395107814942, 47.158838245657165], [27.657572250407902, 47.15887473941922], [27.659067877160297, 47.15904863427511], [27.659140588039527, 47.15906433696675], [27.6595238876589, 47.159328676837085], [27.659482538156883, 47.15942010789345], [27.659183079626544, 47.15938071670395], [27.657688811430088, 47.162387811050664]]]}}, {"type": "Feature", "properties": {"utr": "UTR3_L1", "tip_szf": "subzona de locuire individuală situată în ţesut tradiţional cu regim de construire continuu şi discontinuu. Subzonă dezvoltată în etape succesive, organic și planificat", "cod_zf": "ZF11", "tip_zf": "Zonă locuințe și funcțiuni complementare", "arie_mp": 38359.2}, "geometry": {"type": "Polygon", "coordinates": [[[27.655743399557686, 47.161383960794396], [27.655333981008067, 47.16117817051139], [27.656432501190753, 47.158999305377755], [27.65639333446201, 47.15899402334041], [27.655301028893753, 47.16116068777071], [27.654884435174594, 47.16090863812264], [27.654156507944442, 47.16050293297027], [27.654984240978923, 47.15884667500492], [27.655034381976094, 47.158514068109355], [27.656994356017442, 47.15879847521526], [27.656873525279078, 47.15912147582213], [27.656675379605485, 47.15955168247334], [27.65642758736864, 47.160061649918894], [27.656390182678802, 47.160052878677064], [27.655743399557686, 47.161383960794396]]]}}, {"type": "Feature", "properties": {"utr": "UTR3_L1", "tip_szf": "subzona de locuire individuală situată în ţesut tradiţional cu regim de construire continuu şi discontinuu. Subzonă dezvoltată în etape succesive, organic și planificat", "cod_zf": "ZF11", "tip_zf": "Zonă locuințe și funcțiuni complementare", "arie_mp": 17627.7}, "geometry": {"type": "Polygon", "coordinates": [[[27.65411542238247, 47.16047918455183], [27.653719358398504, 47.16024397878573], [27.65421555342543, 47.159220941890275], [27.654181659258043, 47.15920490089438], [27.653687307935595, 47.16022414750366], [27.653672009540898, 47.16019104585699], [27.653646372448033, 47.15993722471814], [27.653822278939654, 47.15956093858415], [27.654020754978458, 47.159066221216804], [27.65408722809119, 47.15883032872197], [27.654046799489183, 47.15882663747197], [27.65393546339939, 47.159173783304134], [27.653798735922763, 47.15950177906456], [27.653627162031945, 47.159851936030094], [27.653584325172357, 47.159696915049274], [27.653357008100723, 47.159465267975655], [27.653185523001607, 47.159190441580094], [27.653012534784622, 47.15897087259831], [27.652983571185615, 47.158910289128954], [27.652975737429202, 47.15876636486201], [27.65330778537251, 47.15877487669385], [27.653702065706636, 47.158614727525126], [27.653983882527697, 47.15854690664838], [27.65439158224226, 47.158523977737495], [27.654975034251468, 47.15852213890766], [27.65493150387721, 47.15884714831649], [27.65411542238247, 47.16047918455183]]]}}, {"type": "Feature", "properties": {"utr": "UTR15_V2", "tip_szf": "subzona spaţiilor verzi cu destinaţie tehnică (culoare de protecţie pentru infrastructura de comunicaţie rutieră și feroviară, infrastructura de transport energetic, gaze, apă, etc.)", "cod_zf": "ZF14", "tip_zf": "Zonă spații verzi, sport și agrement", "arie_mp": 230.7}, "geometry": {"type": "Polygon", "coordinates": [[[27.652889438935645, 47.158609336696294], [27.652765366096244, 47.158597515589925], [27.652745855663476, 47.15855503784327], [27.652770960941165, 47.15852638467278], [27.653065068533582, 47.15837092604754], [27.652982799928854, 47.15847463801572], [27.652932642223067, 47.15858917721001], [27.652889438935645, 47.158609336696294]]]}}, {"type": "Feature", "properties": {"utr": "UTR3_L1", "tip_szf": "subzona de locuire individuală situată în ţesut tradiţional cu regim de construire continuu şi discontinuu. Subzonă dezvoltată în etape succesive, organic și planificat", "cod_zf": "ZF11", "tip_zf": "Zonă locuințe și funcțiuni complementare", "arie_mp": 73416.2}, "geometry": {"type": "Polygon", "coordinates": [[[27.652282440609294, 47.158687212694836], [27.652418592512, 47.15860489335022], [27.652280395740156, 47.15856522347925], [27.651178307872318, 47.15847492327393], [27.651197111506352, 47.15844925528303], [27.651606180886816, 47.15847191936934], [27.652197808394643, 47.157983924640114], [27.652276839777244, 47.15801783795442], [27.65180427127474, 47.15844530667146], [27.652235961516475, 47.158512520683054], [27.65250580832544, 47.158534724123385], [27.652942927465325, 47.158376167553506], [27.65320345439431, 47.158154444821406], [27.653345151472802, 47.15806920557751], [27.65347396324441, 47.15796660782499], [27.653660502136706, 47.1577838572879], [27.653991016832137, 47.15750428391345], [27.654238725217013, 47.15725964265527], [27.654328554465128, 47.15713292567597], [27.654552769999544, 47.15673565652945], [27.65352295614391, 47.15644470599542], [27.65354352046104, 47.15641157652166], [27.6535787265882, 47.156447136237084], [27.653727297920902, 47.156490031998935], [27.65377400421331, 47.15648398325757], [27.653834717117537, 47.15650151263692], [27.653848722346297, 47.15652508900682], [27.654021384430912, 47.15657493922513], [27.654067716557986, 47.15656881976474], [27.654565796247507, 47.15671402933096], [27.654786646937588, 47.15638286517107], [27.654765498099213, 47.15637639688427], [27.654878085355108, 47.15617506038861], [27.65532755716352, 47.15546596493474], [27.655343716547847, 47.155426645785894], [27.655308446416118, 47.15541898273907], [27.655703653104407, 47.15468504564411], [27.65598397963991, 47.154036506801276], [27.65594507633694, 47.15391392233583], [27.655795071357076, 47.15380404822382], [27.65577293253946, 47.15376218654368], [27.65570208311297, 47.15351129786181], [27.655565182485006, 47.15278451571714], [27.655577796820758, 47.15296477707568], [27.655370947135737, 47.15299193679388], [27.65529717173279, 47.153126530806595], [27.65511398575978, 47.15363088027037], [27.655035990379254, 47.15396261107994], [27.65446031636669, 47.15521150444631], [27.654355763555593, 47.15534827850365], [27.654126676119013, 47.15550868540439], [27.653819321084434, 47.15565730825637], [27.65334932275981, 47.15593742701138], [27.653278165835147, 47.15600862758553], [27.653242080541983, 47.15611002667657], [27.653241892594075, 47.15620088821195], [27.653209732605152, 47.156289062156624], [27.65307485903027, 47.15642616102123], [27.652908566968737, 47.15654613474418], [27.652689458059935, 47.15664979641528], [27.65208948226614, 47.157334670590124], [27.65197992916965, 47.15748775169085], [27.651859793405837, 47.15753792829218], [27.651398265260173, 47.157512268850944], [27.651206680174344, 47.15755430429796], [27.651063021920603, 47.15765044316524], [27.65059601440745, 47.15806501553816], [27.650435474868413, 47.15814839574978], [27.650110683356928, 47.15826051557654], [27.65001136611063, 47.158333457461595], [27.64996599797398, 47.15839807836676], [27.650794345047466, 47.158451068958975], [27.650770146133677, 47.15878695539975], [27.651807060596287, 47.158907760826125], [27.652282440609294, 47.158687212694836]]]}}, {"type": "Feature", "properties": {"utr": "UTR15_V2", "tip_szf": "subzona spaţiilor verzi cu destinaţie tehnică (culoare de protecţie pentru infrastructura de comunicaţie rutieră și feroviară, infrastructura de transport energetic, gaze, apă, etc.)", "cod_zf": "ZF14", "tip_zf": "Zonă spații verzi, sport și agrement", "arie_mp": 842.9}, "geometry": {"type": "Polygon", "coordinates": [[[27.655751895112843, 47.15224355283896], [27.657755315381614, 47.152077579269395], [27.65775224701209, 47.15202344090002], [27.65576058923105, 47.15219602724603], [27.655750637370144, 47.152148494975144], [27.655738931425343, 47.15214961576955], [27.655751895112843, 47.15224355283896]]]}}, {"type": "Feature", "properties": {"utr": "UTR1_C1", "tip_szf": "subzona centrală şi funcţiuni complexe de interes general", "cod_zf": "ZF07", "tip_zf": "Zonă centrală", "arie_mp": 17483.1}, "geometry": {"type": "Polygon", "coordinates": [[[27.65775224701209, 47.15202344090002], [27.65773727317198, 47.15099045867718], [27.6563196100826, 47.15107260817295], [27.656328951657965, 47.15125002548914], [27.655698152224552, 47.15126818736956], [27.655641723553337, 47.15142836621276], [27.655738931425343, 47.15214961576955], [27.655750637370144, 47.152148494975144], [27.65576058923105, 47.15219602724603], [27.65775224701209, 47.15202344090002]]]}}, {"type": "Feature", "properties": {"utr": "UTR1_C1", "tip_szf": "subzona centrală şi funcţiuni complexe de interes general", "cod_zf": "ZF07", "tip_zf": "Zonă centrală", "arie_mp": 28089.0}, "geometry": {"type": "Polygon", "coordinates": [[[27.65874153266455, 47.15182269865056], [27.658824682199416, 47.15155980812133], [27.658923573599196, 47.1514771897017], [27.65923989083714, 47.151399976468994], [27.659455280920785, 47.151439780267474], [27.659575366735048, 47.15150275738415], [27.65966784014006, 47.15162990690591], [27.659675324670015, 47.151725985332035], [27.65961914347709, 47.15186885378744], [27.65992586332214, 47.15185426698665], [27.659920718005267, 47.15181008543739], [27.660370767591488, 47.15177799262173], [27.660375401656, 47.15181331795144], [27.661849917441206, 47.15168747496697], [27.661783240842787, 47.150772634995995], [27.66137538242462, 47.15089739592292], [27.66120604041767, 47.15093021437132], [27.660219437447847, 47.15095292514333], [27.660095896243206, 47.15093379438231], [27.659712493159578, 47.15078841069326], [27.659506968644212, 47.150897157527126], [27.65780177134291, 47.15098672117678], [27.657838725708643, 47.15200620325125], [27.65812726493601, 47.151985865286896], [27.65811385494431, 47.151897331072014], [27.658249870125413, 47.15188390486816], [27.658265535422203, 47.15197218489667], [27.658567527915224, 47.151942121418884], [27.65856324952609, 47.151914111226155], [27.65869530624478, 47.15190551502592], [27.65874153266455, 47.15182269865056]]]}}, {"type": "Feature", "properties": {"utr": "UTR15_V2", "tip_szf": "subzona spaţiilor verzi cu destinaţie tehnică (culoare de protecţie pentru infrastructura de comunicaţie rutieră și feroviară, infrastructura de transport energetic, gaze, apă, etc.)", "cod_zf": "ZF14", "tip_zf": "Zonă spații verzi, sport și agrement", "arie_mp": 536.0}, "geometry": {"type": "Polygon", "coordinates": [[[27.658677414891606, 47.151993586816225], [27.65869530624478, 47.15190551502592], [27.65856324952609, 47.151914111226155], [27.658567527915224, 47.151942121418884], [27.658265535422203, 47.15197218489667], [27.658249870125413, 47.15188390486816], [27.65811385494431, 47.151897331072014], [27.65812726493601, 47.151985865286896], [27.657838725708643, 47.15200620325125], [27.65784948536873, 47.15206378561902], [27.658677414891606, 47.151993586816225]]]}}, {"type": "Feature", "properties": {"utr": "UTR15_V2", "tip_szf": "subzona spaţiilor verzi cu destinaţie tehnică (culoare de protecţie pentru infrastructura de comunicaţie rutieră și feroviară, infrastructura de transport energetic, gaze, apă, etc.)", "cod_zf": "ZF14", "tip_zf": "Zonă spații verzi, sport și agrement", "arie_mp": 933.6}, "geometry": {"type": "Polygon", "coordinates": [[[27.661849917441206, 47.15168747496697], [27.660375401656, 47.15181331795144], [27.660370767591488, 47.15177799262173], [27.659920718005267, 47.15181008543739], [27.65992586332214, 47.15185426698665], [27.65961914347709, 47.15186885378744], [27.65958358305166, 47.15192055150106], [27.661853592403144, 47.15173789647228], [27.661849917441206, 47.15168747496697]]]}}, {"type": "Feature", "properties": {"utr": "UTR1_C1", "tip_szf": "subzona centrală şi funcţiuni complexe de interes general", "cod_zf": "ZF07", "tip_zf": "Zonă centrală", "arie_mp": 1515.7}, "geometry": {"type": "Polygon", "coordinates": [[[27.658806137331883, 47.151925112766826], [27.659412112990267, 47.15188334542604], [27.659515287145506, 47.15180032648461], [27.659521716834092, 47.151689986645486], [27.65948049721132, 47.151609035385334], [27.65939412820262, 47.151543325309156], [27.65914627763702, 47.151556010780034], [27.658983557215365, 47.151700514885505], [27.658806137331883, 47.151925112766826]]]}}, {"type": "Feature", "properties": {"utr": "UTR15_V2", "tip_szf": "subzona spaţiilor verzi cu destinaţie tehnică (culoare de protecţie pentru infrastructura de comunicaţie rutieră și feroviară, infrastructura de transport energetic, gaze, apă, etc.)", "cod_zf": "ZF14", "tip_zf": "Zonă spații verzi, sport și agrement", "arie_mp": 268.3}, "geometry": {"type": "Polygon", "coordinates": [[[27.659412112990267, 47.15188334542604], [27.658806137331883, 47.151925112766826], [27.65878260195444, 47.15198510932639], [27.659336367364233, 47.15194047730701], [27.659412112990267, 47.15188334542604]]]}}, {"type": "Feature", "properties": {"utr": "UTR3_L1", "tip_szf": "subzona de locuire individuală situată în ţesut tradiţional cu regim de construire continuu şi discontinuu. Subzonă dezvoltată în etape succesive, organic și planificat", "cod_zf": "ZF11", "tip_zf": "Zonă locuințe și funcțiuni complementare", "arie_mp": 91110.6}, "geometry": {"type": "Polygon", "coordinates": [[[27.664168757768046, 47.154921765770055], [27.664054279232225, 47.15460013109443], [27.664145512838886, 47.15456460576346], [27.664747929694588, 47.154450091858656], [27.664666301629808, 47.15398695298656], [27.66421301597428, 47.15417747625054], [27.663782907388892, 47.15442530278789], [27.66321759203687, 47.15484098899778], [27.66314604411742, 47.1547729029638], [27.663307320879127, 47.154713683413796], [27.66354095541668, 47.154527807211515], [27.663378709681496, 47.15453619217322], [27.662919822307792, 47.15449322009192], [27.662452303100515, 47.154479467067866], [27.662461404101943, 47.154594031773534], [27.662299559999603, 47.15476503126929], [27.661984091856272, 47.154845948666136], [27.661960016514918, 47.1547968108881], [27.662148016049347, 47.15475905220316], [27.662290676562016, 47.15470248263383], [27.662346308979526, 47.15465907907774], [27.662349225643847, 47.154471783022025], [27.661896348280727, 47.15423608982997], [27.661114411627807, 47.15444861150075], [27.660817272386197, 47.15454513927699], [27.661062744700477, 47.1550748319555], [27.660994162493797, 47.155084402617575], [27.660794154568453, 47.15456962053832], [27.660231305262933, 47.154659565912965], [27.660020388969194, 47.15466017485052], [27.660016760082353, 47.15490530328787], [27.660054143697565, 47.15514590144905], [27.66005028696313, 47.15530830993094], [27.65996498947215, 47.155313423537926], [27.6599298849797, 47.155053480431974], [27.659964110262887, 47.154929820742574], [27.659968926095505, 47.15466174905215], [27.65966738932911, 47.15463034851384], [27.659638245634227, 47.15515189472516], [27.659672071840728, 47.15538854806803], [27.659597789068705, 47.15539131011318], [27.65956651756196, 47.155154822950834], [27.659596582283125, 47.15462360856296], [27.658773879395458, 47.154525951824695], [27.657687391652864, 47.15435718483817], [27.657571830898526, 47.154745842448044], [27.657570035584094, 47.155121937566385], [27.657507006848626, 47.15512037965399], [27.65753683214935, 47.15472992441869], [27.657651920933038, 47.15435116666893], [27.656094459280936, 47.1541078918434], [27.655538095216556, 47.1553224646525], [27.655620040347724, 47.15541450534921], [27.655868258507066, 47.15556759108643], [27.65628830958189, 47.15569636358142], [27.656121061211806, 47.15533718735095], [27.656383276751328, 47.15529148930435], [27.656742118200288, 47.155202695876646], [27.65707450588416, 47.15520135902987], [27.65707882438716, 47.15576938767153], [27.65775438226518, 47.155876256625916], [27.658451714463908, 47.1560325174606], [27.65876672439062, 47.15607749394439], [27.659189843773483, 47.15610767082976], [27.65918525830335, 47.15612353473174], [27.659471537403746, 47.15615707549131], [27.659693109131965, 47.15616436176671], [27.66014001453948, 47.15612727577999], [27.66051777756608, 47.15606239051102], [27.661242919612747, 47.15589757356492], [27.662029956164435, 47.15568895205947], [27.662783450946577, 47.15544957168876], [27.663873382886585, 47.155031072826645], [27.663869438930455, 47.15502108356667], [27.664168757768046, 47.154921765770055]]]}}, {"type": "Feature", "properties": {"utr": "UTR3_L1", "tip_szf": "subzona de locuire individuală situată în ţesut tradiţional cu regim de construire continuu şi discontinuu. Subzonă dezvoltată în etape succesive, organic și planificat", "cod_zf": "ZF11", "tip_zf": "Zonă locuințe și funcțiuni complementare", "arie_mp": 73065.8}, "geometry": {"type": "Polygon", "coordinates": [[[27.673766708249875, 47.150792619359926], [27.673500221378, 47.15080870052177], [27.67285569715295, 47.150887932222346], [27.672851798874994, 47.15086907922314], [27.672581922449332, 47.15089554062925], [27.67029703697738, 47.15114025893462], [27.670556326335344, 47.15232401014368], [27.670936599437088, 47.15372713094471], [27.671243398804886, 47.15367107699658], [27.670894553058485, 47.152275296080184], [27.670953935501974, 47.152282003953935], [27.67129286512398, 47.15365276601591], [27.672090092580458, 47.15352606678948], [27.671926629199092, 47.152985237995956], [27.67164829174547, 47.15190268021453], [27.67166606068307, 47.15187744095631], [27.671904247266355, 47.152803120247654], [27.671927583269845, 47.15280075217838], [27.67214298752901, 47.153517312369985], [27.672355185879596, 47.15348392870879], [27.67236021428279, 47.1534993497033], [27.672764229208134, 47.15341874445753], [27.672286554448956, 47.151988955564], [27.672350954888387, 47.15197930697611], [27.67281723738018, 47.153408168665685], [27.67336654263967, 47.1533208269285], [27.67318219016225, 47.1527701676713], [27.672945619807102, 47.15185417308492], [27.67302329856283, 47.15184393467681], [27.67325896971725, 47.15275643828271], [27.673443482135973, 47.15330825479853], [27.674488721720536, 47.153137032060776], [27.67407890039949, 47.15191407400999], [27.67410475183425, 47.15191053503083], [27.673766708249875, 47.150792619359926]]]}}, {"type": "Feature", "properties": {"utr": "UTR15_V2", "tip_szf": "subzona spaţiilor verzi cu destinaţie tehnică (culoare de protecţie pentru infrastructura de comunicaţie rutieră și feroviară, infrastructura de transport energetic, gaze, apă, etc.)", "cod_zf": "ZF14", "tip_zf": "Zonă spații verzi, sport și agrement", "arie_mp": 4248.3}, "geometry": {"type": "Polygon", "coordinates": [[[27.673500221378, 47.15080870052177], [27.674134310404845, 47.150753770274136], [27.674780757978365, 47.15064868639886], [27.67719967288738, 47.14995653632528], [27.677178587348713, 47.14992620268853], [27.677121308147278, 47.14990176486499], [27.67491277488675, 47.15052208234308], [27.67412521114697, 47.15068297771974], [27.673523976668275, 47.150756361124856], [27.67027799638285, 47.151053329421174], [27.67029703697738, 47.15114025893462], [27.672581922449332, 47.15089554062925], [27.672851798874994, 47.15086907922314], [27.67285569715295, 47.150887932222346], [27.673500221378, 47.15080870052177]]]}}, {"type": "Feature", "properties": {"utr": "UTR3_L1", "tip_szf": "subzona de locuire individuală situată în ţesut tradiţional cu regim de construire continuu şi discontinuu. Subzonă dezvoltată în etape succesive, organic și planificat", "cod_zf": "ZF11", "tip_zf": "Zonă locuințe și funcțiuni complementare", "arie_mp": 72952.3}, "geometry": {"type": "Polygon", "coordinates": [[[27.67719967288738, 47.14995653632528], [27.674780757978365, 47.15064868639886], [27.674134310404845, 47.150753770274136], [27.673823922358384, 47.1507884251355], [27.673926919669615, 47.15116628231321], [27.673946300620287, 47.15116447509446], [27.674217151267342, 47.1520449371989], [27.674578247498275, 47.15312173188606], [27.675175896312908, 47.1530025514413], [27.67506325513676, 47.15264614498035], [27.675017495071305, 47.15263081660401], [27.6749596046407, 47.15245963423781], [27.67491230628196, 47.15230831974819], [27.6749457451755, 47.15227749785042], [27.675000731947353, 47.1522765953273], [27.67522817082552, 47.15298905544888], [27.67566534133911, 47.152879361114294], [27.67628510051902, 47.152775128056284], [27.67652938505733, 47.152758593693214], [27.676792666562996, 47.152826901661356], [27.67655308206269, 47.1520423448224], [27.67645768022794, 47.15191034099742], [27.6762936168763, 47.151372959527464], [27.67634859693089, 47.15136484447274], [27.676239093437918, 47.151003656749275], [27.676277299979493, 47.150996480979316], [27.676835813043862, 47.152837943293086], [27.67709242405009, 47.15284642591944], [27.676937061173906, 47.15229479627473], [27.676586433960615, 47.15122533396665], [27.676631584938445, 47.15121880743747], [27.676962597112407, 47.15222845728413], [27.677143347680964, 47.15286041720854], [27.67722607037081, 47.15285001776835], [27.67722059174587, 47.152830588258915], [27.677392397865724, 47.15280906993968], [27.677405848978232, 47.15283679677622], [27.677923623786562, 47.15277915148945], [27.678001602318904, 47.15275167930448], [27.67801826080631, 47.15270580783636], [27.677917901104866, 47.152331096704486], [27.67755387921443, 47.151149247414494], [27.677234603321267, 47.15003170235226], [27.67719967288738, 47.14995653632528]]]}}, {"type": "Feature", "properties": {"utr": "UTR3_L1", "tip_szf": "subzona de locuire individuală situată în ţesut tradiţional cu regim de construire continuu şi discontinuu. Subzonă dezvoltată în etape succesive, organic și planificat", "cod_zf": "ZF11", "tip_zf": "Zonă locuințe și funcțiuni complementare", "arie_mp": 12697.0}, "geometry": {"type": "Polygon", "coordinates": [[[27.665716289309465, 47.151333882062914], [27.666852930489313, 47.15121590264125], [27.66693407370507, 47.15122528592415], [27.667448955990135, 47.15114285192243], [27.667638150823034, 47.15112984649142], [27.667644338133343, 47.15116656403395], [27.668391091407216, 47.15108395767816], [27.66816676799068, 47.150647875307826], [27.668047718267108, 47.150499959107805], [27.667555144225815, 47.15037865237768], [27.666880155829368, 47.15056578174103], [27.66622582255177, 47.150887244431395], [27.665650523487745, 47.15090620980545], [27.665716289309465, 47.151333882062914]]]}}, {"type": "Feature", "properties": {"utr": "UTR15_V2", "tip_szf": "subzona spaţiilor verzi cu destinaţie tehnică (culoare de protecţie pentru infrastructura de comunicaţie rutieră și feroviară, infrastructura de transport energetic, gaze, apă, etc.)", "cod_zf": "ZF14", "tip_zf": "Zonă spații verzi, sport și agrement", "arie_mp": 1190.5}, "geometry": {"type": "Polygon", "coordinates": [[[27.665776817011515, 47.15132759979107], [27.665785309106212, 47.151369234457974], [27.666923640693344, 47.15125458475319], [27.668502581803214, 47.151123212898426], [27.668286497041297, 47.15079663458781], [27.66816676799068, 47.150647875307826], [27.668391091407216, 47.15108395767816], [27.667644338133343, 47.15116656403395], [27.667638150823034, 47.15112984649142], [27.667448955990135, 47.15114285192243], [27.66693407370507, 47.15122528592415], [27.666852930489313, 47.15121590264125], [27.665776817011515, 47.15132759979107]]]}}, {"type": "Feature", "properties": {"utr": "UTR3_L1", "tip_szf": "subzona de locuire individuală situată în ţesut tradiţional cu regim de construire continuu şi discontinuu. Subzonă dezvoltată în etape succesive, organic și planificat", "cod_zf": "ZF11", "tip_zf": "Zonă locuințe și funcțiuni complementare", "arie_mp": 103144.5}, "geometry": {"type": "Polygon", "coordinates": [[[27.66785449923267, 47.15408169135459], [27.667853085132446, 47.1538136377764], [27.66788881924522, 47.15353402991792], [27.66787652020187, 47.153413980878724], [27.667724809604874, 47.153414770565035], [27.667715469507545, 47.15410660286107], [27.667368687659135, 47.15412211097575], [27.666939743262486, 47.15416687100711], [27.66688269131601, 47.153958634362134], [27.666846382599903, 47.15396379646193], [27.66689398257145, 47.154170862118114], [27.666686146326537, 47.154202231216985], [27.666105140531215, 47.154329920712016], [27.665623153955696, 47.154472860607164], [27.664978575276248, 47.154691589665994], [27.664856230756907, 47.154286700371884], [27.665145779720802, 47.154276659021], [27.665139416502637, 47.15425861705274], [27.664848802327814, 47.154258234184674], [27.66482329562506, 47.154054365197446], [27.664859831807206, 47.15386012339913], [27.664880465501284, 47.153860943569946], [27.664926733708814, 47.15370550643176], [27.665311221170732, 47.15368849539647], [27.66583647315286, 47.153623118997686], [27.665895738813237, 47.15372359490533], [27.66593371905504, 47.15384070607977], [27.665927085356262, 47.15387375076785], [27.665988014941266, 47.15385718338316], [27.665862825755802, 47.15362093858801], [27.666136553398506, 47.1535852416478], [27.666077901279394, 47.15349639589036], [27.665703577406962, 47.15358722679753], [27.66536773175516, 47.153640159740306], [27.664909110193467, 47.15364820019207], [27.66502714585655, 47.15339461612899], [27.66512013794815, 47.15329925666302], [27.665224439221763, 47.15321325681075], [27.665540024928593, 47.153017891089824], [27.666070865886365, 47.15282463486541], [27.666782591407813, 47.15264475461509], [27.667018120436612, 47.15255459297806], [27.66709842093141, 47.15243915349115], [27.66710790128033, 47.15239089608032], [27.6670283672714, 47.15142244042102], [27.66845093220281, 47.151280817552994], [27.66990610376413, 47.15118472432923], [27.67018275050383, 47.151152425370434], [27.670584818177232, 47.152652408688944], [27.67055121219734, 47.15265570045786], [27.670781367498048, 47.15350983251992], [27.670822028821114, 47.153740309470834], [27.669910550255327, 47.153870715139334], [27.66975783203487, 47.153223536407836], [27.66957925841633, 47.1525871407688], [27.66952733129304, 47.15243425194347], [27.66946192334513, 47.15244048103323], [27.66985335744589, 47.153866032350514], [27.66921438548873, 47.15394180218805], [27.669108014632773, 47.15362181906414], [27.668847286757433, 47.15256853621348], [27.668804158699146, 47.152574484365495], [27.669153234880262, 47.15394987291486], [27.66785449923267, 47.15408169135459]]]}}, {"type": "Feature", "properties": {"utr": "UTR15_V2", "tip_szf": "subzona spaţiilor verzi cu destinaţie tehnică (culoare de protecţie pentru infrastructura de comunicaţie rutieră și feroviară, infrastructura de transport energetic, gaze, apă, etc.)", "cod_zf": "ZF14", "tip_zf": "Zonă spații verzi, sport și agrement", "arie_mp": 1923.0}, "geometry": {"type": "Polygon", "coordinates": [[[27.667056307303557, 47.15134475440295], [27.6670283672714, 47.15142244042102], [27.66845093220281, 47.151280817552994], [27.66990610376413, 47.15118472432923], [27.67018275050383, 47.151152425370434], [27.67015467183906, 47.151067230657645], [27.667056307303557, 47.15134475440295]]]}}, {"type": "Feature", "properties": {"utr": "UTR15_V2", "tip_szf": "subzona spaţiilor verzi cu destinaţie tehnică (culoare de protecţie pentru infrastructura de comunicaţie rutieră și feroviară, infrastructura de transport energetic, gaze, apă, etc.)", "cod_zf": "ZF14", "tip_zf": "Zonă spații verzi, sport și agrement", "arie_mp": 960.3}, "geometry": {"type": "Polygon", "coordinates": [[[27.664181545935797, 47.151612297659526], [27.664272818306213, 47.15162332671609], [27.66518979709509, 47.15152920102312], [27.66522146125219, 47.15156815694486], [27.66527898330803, 47.151532876978756], [27.665588268474483, 47.151532746352096], [27.66590742280502, 47.151506838510606], [27.665957402995716, 47.15151902242508], [27.666438579358186, 47.15145936420035], [27.666862972634554, 47.151426472553176], [27.666913198386673, 47.15135818521936], [27.664181545935797, 47.151612297659526]]]}}, {"type": "Feature", "properties": {"utr": "UTR3_L1", "tip_szf": "subzona de locuire individuală situată în ţesut tradiţional cu regim de construire continuu şi discontinuu. Subzonă dezvoltată în etape succesive, organic și planificat", "cod_zf": "ZF11", "tip_zf": "Zonă locuințe și funcțiuni complementare", "arie_mp": 8212.7}, "geometry": {"type": "Polygon", "coordinates": [[[27.664272818306213, 47.15162332671609], [27.66497138682183, 47.1521124586112], [27.665126010712132, 47.15212107334104], [27.665469611356944, 47.15211093588813], [27.66592174904271, 47.15186217956563], [27.66623641138533, 47.15180509114632], [27.666483504624974, 47.15172057967786], [27.666900565171048, 47.151636598186926], [27.66688465562212, 47.15145619126583], [27.666862972634554, 47.151426472553176], [27.666438579358186, 47.15145936420035], [27.665957402995716, 47.15151902242508], [27.66590742280502, 47.151506838510606], [27.665588268474483, 47.151532746352096], [27.66527898330803, 47.151532876978756], [27.66522146125219, 47.15156815694486], [27.66518979709509, 47.15152920102312], [27.664989731813645, 47.15154329896356], [27.664272818306213, 47.15162332671609]]]}}, {"type": "Feature", "properties": {"utr": "UTR3_L1", "tip_szf": "subzona de locuire individuală situată în ţesut tradiţional cu regim de construire continuu şi discontinuu. Subzonă dezvoltată în etape succesive, organic și planificat", "cod_zf": "ZF11", "tip_zf": "Zonă locuințe și funcțiuni complementare", "arie_mp": 14735.2}, "geometry": {"type": "Polygon", "coordinates": [[[27.664692551085967, 47.15196777202432], [27.664234337125002, 47.151628107154465], [27.664173233292107, 47.15163569793053], [27.6641594049273, 47.15169436462368], [27.664214210729003, 47.15178500354942], [27.664237325599753, 47.151923984865746], [27.66420180817379, 47.15209932624859], [27.66413307201991, 47.15220665215479], [27.664218870418328, 47.15223281195359], [27.664101928803326, 47.1523032417179], [27.664415529310936, 47.152475766089175], [27.66437023950163, 47.152507640213386], [27.66406208595663, 47.152320616187744], [27.66354940808095, 47.152620789122075], [27.663560391307282, 47.15264518454815], [27.66362220498395, 47.15267601288455], [27.664513367072754, 47.153026231766184], [27.664601086248716, 47.15307361019651], [27.664907394983782, 47.153314644700835], [27.665401657427374, 47.15298335879523], [27.665651835208422, 47.15284954927564], [27.665704715214112, 47.152787126912216], [27.66570984560447, 47.152704315888144], [27.665675020381773, 47.15249668520627], [27.665509403523373, 47.152147195122225], [27.66521836395723, 47.15215969888986], [27.664972856322105, 47.1521474724049], [27.664692551085967, 47.15196777202432]]]}}, {"type": "Feature", "properties": {"utr": "UTR3_L1", "tip_szf": "subzona de locuire individuală situată în ţesut tradiţional cu regim de construire continuu şi discontinuu. Subzonă dezvoltată în etape succesive, organic și planificat", "cod_zf": "ZF11", "tip_zf": "Zonă locuințe și funcțiuni complementare", "arie_mp": 23962.3}, "geometry": {"type": "Polygon", "coordinates": [[[27.664052249944156, 47.15415501272096], [27.663864991410307, 47.15403538571644], [27.664047920015467, 47.15388435149404], [27.66392856206996, 47.153807029229206], [27.664110848191346, 47.15365971037576], [27.66418039351535, 47.15374890303531], [27.6643058694295, 47.15377873582653], [27.66456215966342, 47.15378763166486], [27.66456933346297, 47.153672799863735], [27.664737520656306, 47.15368265532355], [27.664812519239376, 47.15346832275604], [27.664810766397242, 47.15343161086833], [27.664771437517214, 47.153367712455186], [27.664697918425805, 47.153330101902846], [27.66473411760171, 47.15326113525515], [27.664570767282882, 47.15312386712569], [27.664546150994706, 47.15313372164355], [27.66447033393467, 47.15307108982292], [27.66380169263422, 47.1528205906974], [27.663428557378094, 47.15265738954817], [27.66313861328228, 47.15274396233096], [27.66296887116146, 47.152969966776645], [27.662735616165865, 47.1534488449065], [27.66300536091261, 47.15356566628467], [27.663202209574035, 47.153681475868176], [27.663326228761562, 47.15372113394678], [27.663277438155486, 47.153764395280156], [27.662712316165738, 47.153475847868094], [27.662459461316868, 47.153718042890794], [27.662186979228405, 47.15402561757083], [27.662043677210402, 47.154140934973064], [27.662089084035188, 47.15416787001839], [27.662037606429436, 47.15420825111507], [27.662150303689742, 47.154299097685865], [27.662385089959365, 47.154392153211035], [27.66259400279808, 47.15442189138015], [27.662952454575226, 47.154432885372856], [27.66341813386327, 47.154486288898184], [27.66356906110547, 47.154459705367955], [27.664052249944156, 47.15415501272096]]]}}, {"type": "Feature", "properties": {"utr": "UTR15_V2", "tip_szf": "subzona spaţiilor verzi cu destinaţie tehnică (culoare de protecţie pentru infrastructura de comunicaţie rutieră și feroviară, infrastructura de transport energetic, gaze, apă, etc.)", "cod_zf": "ZF14", "tip_zf": "Zonă spații verzi, sport și agrement", "arie_mp": 4970.6}, "geometry": {"type": "Polygon", "coordinates": [[[27.660873357793605, 47.15192717793944], [27.660907867049527, 47.15210923413664], [27.664112208196855, 47.15181356291838], [27.664070182636813, 47.15162573782782], [27.66341571555044, 47.15169859187457], [27.660873357793605, 47.15192717793944]]]}}, {"type": "Feature", "properties": {"utr": "UTR1_C1", "tip_szf": "subzona centrală şi funcţiuni complexe de interes general", "cod_zf": "ZF07", "tip_zf": "Zonă centrală", "arie_mp": 17293.8}, "geometry": {"type": "Polygon", "coordinates": [[[27.660907867049527, 47.15210923413664], [27.661037054208045, 47.15279075900619], [27.66232954023345, 47.15272074134921], [27.66238617521664, 47.15271107686121], [27.662412721421628, 47.15268310776003], [27.662349862052416, 47.15233009725629], [27.662316085295387, 47.152304478672754], [27.66224684448328, 47.15229168904744], [27.66200683272277, 47.1523116011841], [27.662045715677138, 47.15252970564789], [27.6620120032413, 47.15253252073273], [27.66196550230828, 47.15231385103367], [27.661713006812686, 47.15233883760889], [27.661759663801206, 47.15255956021553], [27.661706988494583, 47.152563882782694], [27.661644212894043, 47.152315105415546], [27.662238922474355, 47.15226532974747], [27.66235865551589, 47.15226784576784], [27.663090272621954, 47.152193438685025], [27.663099558024058, 47.15224121589751], [27.662659511871293, 47.15226502034716], [27.662410702235267, 47.15229867998951], [27.662487751700425, 47.15267941270448], [27.66253596787298, 47.15269949211271], [27.66327952101544, 47.15263311471675], [27.66351370971107, 47.15255363257427], [27.663987206103425, 47.152243056110116], [27.66409672958797, 47.15213521522597], [27.664127824958857, 47.15188335864939], [27.664112208196855, 47.15181356291838], [27.660907867049527, 47.15210923413664]]]}}, {"type": "Feature", "properties": {"utr": "UTR1_C1", "tip_szf": "subzona centrală şi funcţiuni complexe de interes general", "cod_zf": "ZF07", "tip_zf": "Zonă centrală", "arie_mp": 10068.1}, "geometry": {"type": "Polygon", "coordinates": [[[27.660998574543438, 47.15332355099878], [27.660955032191026, 47.15328059686053], [27.661068308264277, 47.15306889426288], [27.661053699824848, 47.15292625557598], [27.661494907513614, 47.15289831078104], [27.661585462652518, 47.15316603127732], [27.661730645114467, 47.15316569041072], [27.661737975161238, 47.153199778418106], [27.662188272918613, 47.15315471891901], [27.662175044275187, 47.1530779365375], [27.661636228219525, 47.1531250336773], [27.661582024020777, 47.152931249446084], [27.66158397004752, 47.15288602740264], [27.662988595515536, 47.15277310463119], [27.66263719177919, 47.15336781426327], [27.662179491074923, 47.15382044680813], [27.660998574543438, 47.15332355099878]]]}}, {"type": "Feature", "properties": {"utr": "UTR1_C1", "tip_szf": "subzona centrală şi funcţiuni complexe de interes general", "cod_zf": "ZF07", "tip_zf": "Zonă centrală", "arie_mp": 7814.9}, "geometry": {"type": "Polygon", "coordinates": [[[27.66092734664487, 47.1544062848879], [27.660606478866455, 47.15382911252924], [27.660807316903533, 47.15376948765966], [27.66090135499483, 47.153797979974954], [27.661127590927467, 47.15410957422119], [27.661210430291067, 47.1540858597827], [27.660970591162805, 47.1537134193884], [27.660780027403426, 47.15371872198488], [27.660568380536695, 47.153783275368355], [27.66044406534498, 47.15362586357566], [27.660450348727068, 47.15353735099443], [27.66088272010735, 47.15334154467038], [27.662137031371106, 47.153862435876775], [27.661906914780833, 47.154090000386866], [27.661652677001523, 47.15419838550218], [27.66092734664487, 47.1544062848879]]]}}, {"type": "Feature", "properties": {"utr": "UTR1_C1", "tip_szf": "subzona centrală şi funcţiuni complexe de interes general", "cod_zf": "ZF07", "tip_zf": "Zonă centrală", "arie_mp": 6999.9}, "geometry": {"type": "Polygon", "coordinates": [[[27.660838533109338, 47.15443365007325], [27.660589244580894, 47.15452129193221], [27.659889845814142, 47.154561126276974], [27.659709660141495, 47.154531531061345], [27.659682118722905, 47.15369195265607], [27.65973340229201, 47.15365141574946], [27.660269062120776, 47.153617896875055], [27.66031054449328, 47.15359946624792], [27.660470462153672, 47.15381052645335], [27.660838533109338, 47.15443365007325]]]}}, {"type": "Feature", "properties": {"utr": "UTR1_C1", "tip_szf": "subzona centrală şi funcţiuni complexe de interes general", "cod_zf": "ZF07", "tip_zf": "Zonă centrală", "arie_mp": 8967.1}, "geometry": {"type": "Polygon", "coordinates": [[[27.659563872848295, 47.15450758549551], [27.658467070082313, 47.15438275012936], [27.658308646309468, 47.15358251529318], [27.658384290680825, 47.15354558340074], [27.659134467489277, 47.153482947956846], [27.659291208072204, 47.153509616535636], [27.65953257449463, 47.15363121639787], [27.659563872848295, 47.15450758549551]]]}}, {"type": "Feature", "properties": {"utr": "UTR5_IS1", "tip_szf": "Subzonă instituțiilor publice și serviciilor de interes general", "cod_zf": "ZF09", "tip_zf": "Zonă instituții publice", "arie_mp": 5882.7}, "geometry": {"type": "Polygon", "coordinates": [[[27.656858123696484, 47.153696125869146], [27.656928993241696, 47.1540477120378], [27.65830593023633, 47.15428576795246], [27.658185147095956, 47.153609452683455], [27.658130723257, 47.15359194870706], [27.656858123696484, 47.153696125869146]]]}}, {"type": "Feature", "properties": {"utr": "UTR15_V2", "tip_szf": "subzona spaţiilor verzi cu destinaţie tehnică (culoare de protecţie pentru infrastructura de comunicaţie rutieră și feroviară, infrastructura de transport energetic, gaze, apă, etc.)", "cod_zf": "ZF14", "tip_zf": "Zonă spații verzi, sport și agrement", "arie_mp": 1501.7}, "geometry": {"type": "Polygon", "coordinates": [[[27.658130723257, 47.15359194870706], [27.658185147095956, 47.153609452683455], [27.65830593023633, 47.15428576795246], [27.656928488830175, 47.15404516864564], [27.656859937652357, 47.15405442952743], [27.65682273382505, 47.153894423896716], [27.656784333205856, 47.15389961633822], [27.65682558164264, 47.154078931758285], [27.656810105183048, 47.15410733182307], [27.65627101918413, 47.1540213330962], [27.65615079531971, 47.153983758286905], [27.65609273352595, 47.153935053833465], [27.656035121503937, 47.153799360004186], [27.656033470910682, 47.15378232362107], [27.656736804906377, 47.15369916597561], [27.655998005505, 47.15377486231545], [27.65606898046919, 47.15393763920022], [27.65616171675913, 47.15401073811736], [27.65834314090414, 47.154368644125405], [27.658209078536604, 47.15362468712264], [27.658216011822848, 47.153584544264355], [27.658130723257, 47.15359194870706]]]}}, {"type": "Feature", "properties": {"utr": "UTR4_L1", "tip_szf": "subzona de locuire individuală situată în ţesut tradiţional cu regim de construire continuu şi discontinuu. Subzonă dezvoltată în etape succesive, organic și planificat", "cod_zf": "ZF11", "tip_zf": "Zonă locuințe și funcțiuni complementare", "arie_mp": 2113.2}, "geometry": {"type": "Polygon", "coordinates": [[[27.656928488830175, 47.15404516864564], [27.656858123696484, 47.153696125869146], [27.656845424470816, 47.15368803655362], [27.656033470910682, 47.15378232362107], [27.65609273352595, 47.153935053833465], [27.65615079531971, 47.153983758286905], [27.65627101918413, 47.1540213330962], [27.656810105183048, 47.15410733182307], [27.65682558164264, 47.154078931758285], [27.656784333205856, 47.15389961633822], [27.65682273382505, 47.153894423896716], [27.656859937652357, 47.15405442952743], [27.656928488830175, 47.15404516864564]]]}}, {"type": "Feature", "properties": {"utr": "UTR1_C1", "tip_szf": "subzona centrală şi funcţiuni complexe de interes general", "cod_zf": "ZF07", "tip_zf": "Zonă centrală", "arie_mp": 910.1}, "geometry": {"type": "Polygon", "coordinates": [[[27.66089821559812, 47.15263651011736], [27.6603274101134, 47.152691236343024], [27.66028976921991, 47.15250853301205], [27.66086783404527, 47.152450151482434], [27.66089821559812, 47.15263651011736]]]}}, {"type": "Feature", "properties": {"utr": "UTR1_C1", "tip_szf": "subzona centrală şi funcţiuni complexe de interes general", "cod_zf": "ZF07", "tip_zf": "Zonă centrală", "arie_mp": 26176.5}, "geometry": {"type": "Polygon", "coordinates": [[[27.659791769441775, 47.15201811932836], [27.659876180159486, 47.15246808847801], [27.659252514021702, 47.15251541984298], [27.6592427754924, 47.152383717140346], [27.658513528383715, 47.1524416217434], [27.658482544725317, 47.152335008941826], [27.65725300300735, 47.15245378634432], [27.657292553836086, 47.15269104690849], [27.65791995295028, 47.152641974601416], [27.658070281892794, 47.15266666927607], [27.658103637332413, 47.15269056577235], [27.658142956590282, 47.152990014010264], [27.658101074290904, 47.153047708241836], [27.657974640896704, 47.15307768474278], [27.65800417545122, 47.153223602036945], [27.658487452545252, 47.15318738382673], [27.658475790680924, 47.153081405713245], [27.65864075616906, 47.15306946659938], [27.65856061857379, 47.152554200047746], [27.658632131345293, 47.1525480006498], [27.658731105012745, 47.15314371928997], [27.659099040418745, 47.15311539507991], [27.659065797378236, 47.152810512946786], [27.659145424753323, 47.15280615788724], [27.65918652036273, 47.1531558104025], [27.658634544031045, 47.15320010616528], [27.65869128661778, 47.15344092760449], [27.659270336006156, 47.153415287269375], [27.659625497140322, 47.153558151366965], [27.65974858572275, 47.15358510057042], [27.65995006744749, 47.15358501266163], [27.660118545729564, 47.153556482674766], [27.660019226024666, 47.15321653800042], [27.66006356219097, 47.153215517701405], [27.660152224632547, 47.15354967576325], [27.660259376133617, 47.15351522704992], [27.66066706196913, 47.15332954798696], [27.66085841223118, 47.15318368161733], [27.66090344840939, 47.15309877234092], [27.660963603859383, 47.152919560661225], [27.660899559726523, 47.15266535860898], [27.66028658838809, 47.152725851266894], [27.660224153474225, 47.15245749960499], [27.660856303752183, 47.15239188672144], [27.660746946147235, 47.15193761851202], [27.659791769441775, 47.15201811932836]]]}}, {"type": "Feature", "properties": {"utr": "UTR1_C1", "tip_szf": "subzona centrală şi funcţiuni complexe de interes general", "cod_zf": "ZF07", "tip_zf": "Zonă centrală", "arie_mp": 5429.2}, "geometry": {"type": "Polygon", "coordinates": [[[27.658584193169624, 47.15345403265006], [27.657440917795185, 47.15355755877699], [27.657382547188273, 47.153294960911886], [27.657302199452545, 47.152727304086355], [27.657914718925493, 47.15268403747574], [27.658032734655666, 47.152732816871385], [27.65806958587083, 47.15297561278277], [27.658027380275144, 47.153012519787445], [27.657963441257323, 47.15303380161003], [27.65788972300287, 47.15303633273555], [27.657918549057428, 47.15322236021816], [27.657850263931614, 47.153246416510235], [27.657679268594585, 47.15326573330292], [27.657688233984008, 47.15330266441164], [27.658538218291714, 47.153216716615006], [27.658584193169624, 47.15345403265006]]]}}, {"type": "Feature", "properties": {"utr": "UTR22_G2", "tip_szf": "Subzona cimitirelor şi a amenajărilor aferente", "cod_zf": "ZF13", "tip_zf": "Zonă gospodării comunale", "arie_mp": 3557.6}, "geometry": {"type": "Polygon", "coordinates": [[[27.65707882438716, 47.15576938767153], [27.65707450588416, 47.15520135902987], [27.656742118200288, 47.155202695876646], [27.656383276751328, 47.15529148930435], [27.656121061211806, 47.15533718735095], [27.65628830958189, 47.15569636358142], [27.656704067969294, 47.1557197890661], [27.65707882438716, 47.15576938767153]]]}}, {"type": "Feature", "properties": {"utr": "UTR5_IS1", "tip_szf": "Subzonă instituțiilor publice și serviciilor de interes general", "cod_zf": "ZF09", "tip_zf": "Zonă instituții publice", "arie_mp": 1930.0}, "geometry": {"type": "Polygon", "coordinates": [[[27.664054279232225, 47.15460013109443], [27.664172511084953, 47.15493148826869], [27.66480619577161, 47.154735180657916], [27.664830946966507, 47.15470886365342], [27.664747929694588, 47.154450091858656], [27.664145512838886, 47.15456460576346], [27.664054279232225, 47.15460013109443]]]}}, {"type": "Feature", "properties": {"utr": "UTR5_IS1", "tip_szf": "Subzonă instituțiilor publice și serviciilor de interes general", "cod_zf": "ZF09", "tip_zf": "Zonă instituții publice", "arie_mp": 1821.1}, "geometry": {"type": "Polygon", "coordinates": [[[27.664737520656306, 47.15368265532355], [27.66456933346297, 47.153672799863735], [27.66456215966342, 47.15378763166486], [27.664388437661145, 47.15378562474605], [27.66418039351535, 47.15374890303531], [27.664110848191346, 47.15365971037576], [27.66392856206996, 47.153807029229206], [27.664047920015467, 47.15388435149404], [27.663864991410307, 47.15403538571644], [27.664052249944156, 47.15415501272096], [27.664688553441717, 47.15388434240697], [27.664737520656306, 47.15368265532355]]]}}, {"type": "Feature", "properties": {"utr": "UTR3_L1", "tip_szf": "subzona de locuire individuală situată în ţesut tradiţional cu regim de construire continuu şi discontinuu. Subzonă dezvoltată în etape succesive, organic și planificat", "cod_zf": "ZF11", "tip_zf": "Zonă locuințe și funcțiuni complementare", "arie_mp": 20227.7}, "geometry": {"type": "Polygon", "coordinates": [[[27.66170722389969, 47.15752409654613], [27.662740437274092, 47.1577155858835], [27.666914584960807, 47.15835395296573], [27.667433907890956, 47.158431607645305], [27.667443089764337, 47.158398343032474], [27.66608903204849, 47.158180516053164], [27.665818630917336, 47.15812665113375], [27.6657452260089, 47.15809100289711], [27.665733174609336, 47.15807118586492], [27.665676608424622, 47.15807424513881], [27.665452862493144, 47.15717018502241], [27.66502191065023, 47.157198380540976], [27.664179236434844, 47.157287750851026], [27.66427754227209, 47.157889675892434], [27.664245158941004, 47.15788553576994], [27.66414913367813, 47.1573006402699], [27.663463423561677, 47.15735727963406], [27.663261057565936, 47.157342551287506], [27.661955625124083, 47.15710445081753], [27.661835184698585, 47.15710248070632], [27.66172856331379, 47.15741039002317], [27.66170722389969, 47.15752409654613]]]}}, {"type": "Feature", "properties": {"utr": "UTR22_G2", "tip_szf": "Subzona cimitirelor şi a amenajărilor aferente", "cod_zf": "ZF13", "tip_zf": "Zonă gospodării comunale", "arie_mp": 44944.3}, "geometry": {"type": "Polygon", "coordinates": [[[27.661784922966728, 47.162234687142515], [27.662158757979142, 47.16237704697485], [27.662975310228024, 47.159888851741314], [27.661990372039035, 47.159682825071926], [27.662626230849018, 47.15788627431776], [27.66361883635925, 47.15803573694657], [27.663669778122888, 47.157858633083514], [27.662740437274092, 47.1577155858835], [27.66170722389969, 47.15752409654613], [27.66100748703336, 47.1595682010895], [27.661784922966728, 47.162234687142515]]]}}, {"type": "Feature", "properties": {"utr": "UTR4_L1", "tip_szf": "subzona de locuire individuală situată în ţesut tradiţional cu regim de construire continuu şi discontinuu. Subzonă dezvoltată în etape succesive, organic și planificat", "cod_zf": "ZF11", "tip_zf": "Zonă locuințe și funcțiuni complementare", "arie_mp": 12258.6}, "geometry": {"type": "Polygon", "coordinates": [[[27.66223775023432, 47.16249187366933], [27.661272807318092, 47.164408859366354], [27.66180920003858, 47.1647223523772], [27.662904638631492, 47.16270091420604], [27.66223775023432, 47.16249187366933]]]}}, {"type": "Feature", "properties": {"utr": "UTR4_L1", "tip_szf": "subzona de locuire individuală situată în ţesut tradiţional cu regim de construire continuu şi discontinuu. Subzonă dezvoltată în etape succesive, organic și planificat", "cod_zf": "ZF11", "tip_zf": "Zonă locuințe și funcțiuni complementare", "arie_mp": 6125.8}, "geometry": {"type": "Polygon", "coordinates": [[[27.662145986357505, 47.16492846797075], [27.66243768934813, 47.16439020982495], [27.663287994053366, 47.16282107362769], [27.662988752196192, 47.16272727864494], [27.661883524312763, 47.164766786095356], [27.662145986357505, 47.16492846797075]]]}}, {"type": "Feature", "properties": {"utr": "UTR3_L1", "tip_szf": "subzona de locuire individuală situată în ţesut tradiţional cu regim de construire continuu şi discontinuu. Subzonă dezvoltată în etape succesive, organic și planificat", "cod_zf": "ZF11", "tip_zf": "Zonă locuințe și funcțiuni complementare", "arie_mp": 4161.5}, "geometry": {"type": "Polygon", "coordinates": [[[27.659609817121407, 47.16041900946751], [27.659877443319314, 47.16048055343931], [27.659990343208758, 47.16025462587377], [27.66022400382314, 47.16028847587398], [27.660610611160998, 47.159505158659215], [27.66008934457854, 47.15943903721576], [27.659609817121407, 47.16041900946751]]]}}, {"type": "Feature", "properties": {"utr": "UTR3_L1", "tip_szf": "subzona de locuire individuală situată în ţesut tradiţional cu regim de construire continuu şi discontinuu. Subzonă dezvoltată în etape succesive, organic și planificat", "cod_zf": "ZF11", "tip_zf": "Zonă locuințe și funcțiuni complementare", "arie_mp": 2680.6}, "geometry": {"type": "Polygon", "coordinates": [[[27.66096039666334, 47.15960171635315], [27.660900099373247, 47.15966212017176], [27.660497315024383, 47.16044298050913], [27.66068008160014, 47.16048033293758], [27.660530888623953, 47.16077514388438], [27.660708056477038, 47.160806125867296], [27.661071561296193, 47.160082480487056], [27.66109592749195, 47.16006137190049], [27.66096039666334, 47.15960171635315]]]}}, {"type": "Feature", "properties": {"utr": "UTR3_L1", "tip_szf": "subzona de locuire individuală situată în ţesut tradiţional cu regim de construire continuu şi discontinuu. Subzonă dezvoltată în etape succesive, organic și planificat", "cod_zf": "ZF11", "tip_zf": "Zonă locuințe și funcțiuni complementare", "arie_mp": 3303.4}, "geometry": {"type": "Polygon", "coordinates": [[[27.67211678026141, 47.15817414617277], [27.67263962013021, 47.15824441596884], [27.673914678454697, 47.15844826635079], [27.673208962269893, 47.15790702881841], [27.67211678026141, 47.15817414617277]]]}}, {"type": "Feature", "properties": {"utr": "UTR3_L1", "tip_szf": "subzona de locuire individuală situată în ţesut tradiţional cu regim de construire continuu şi discontinuu. Subzonă dezvoltată în etape succesive, organic și planificat", "cod_zf": "ZF11", "tip_zf": "Zonă locuințe și funcțiuni complementare", "arie_mp": 40927.6}, "geometry": {"type": "Polygon", "coordinates": [[[27.67297105397251, 47.157444687951944], [27.676731760561466, 47.15687651245771], [27.67670928592256, 47.15679269806022], [27.674977710209347, 47.157054114615676], [27.674967523715743, 47.15701880568085], [27.675185603116795, 47.156985888645984], [27.675205658201104, 47.156964438596354], [27.675282903376193, 47.156952769853], [27.675314349954732, 47.15696644962084], [27.675545130481794, 47.156931609105904], [27.675565185401595, 47.15691015899521], [27.67564243086283, 47.15689849900181], [27.675673877051405, 47.15691216968275], [27.676077139551815, 47.15685128767038], [27.676097194228184, 47.156829837469324], [27.676174439451213, 47.15681817712251], [27.676205886171573, 47.156831856646996], [27.67669330981553, 47.15675826338464], [27.67659092876486, 47.156527024323914], [27.676545670023614, 47.156354028480024], [27.674982117727232, 47.156593850847806], [27.67497145509269, 47.15655769023056], [27.67653570122277, 47.15632014424176], [27.676421214624977, 47.1558091528876], [27.676454963788526, 47.155804313998246], [27.67637993347696, 47.15558640249491], [27.672583244434755, 47.15617301099858], [27.672578108957655, 47.15631657541326], [27.674436419466996, 47.15603020743359], [27.674454812377316, 47.15606774754045], [27.673783783661403, 47.15615683225899], [27.67257990334543, 47.15636390298985], [27.672688506826844, 47.156904336904425], [27.67447945457655, 47.15663239261092], [27.674498468056846, 47.15669399262811], [27.673681998513434, 47.15681915001049], [27.673673494895073, 47.15679163395955], [27.67267904142202, 47.1569339802674], [27.672723362618022, 47.15711409191579], [27.672874122426457, 47.157371651869205], [27.67291031625574, 47.15736618883158], [27.67297105397251, 47.157444687951944]]]}}, {"type": "Feature", "properties": {"utr": "UTR4_L1", "tip_szf": "subzona de locuire individuală situată în ţesut tradiţional cu regim de construire continuu şi discontinuu. Subzonă dezvoltată în etape succesive, organic și planificat", "cod_zf": "ZF11", "tip_zf": "Zonă locuințe și funcțiuni complementare", "arie_mp": 57916.8}, "geometry": {"type": "Polygon", "coordinates": [[[27.675063352870133, 47.15934597834568], [27.67504909297483, 47.15948368855683], [27.675371700390677, 47.1595255781279], [27.67521224782915, 47.160328221632206], [27.675073483324027, 47.160479575986166], [27.674597612913793, 47.161921532645415], [27.674494889797046, 47.16213391199537], [27.674144516983898, 47.16320480059737], [27.67417411083634, 47.16335918822366], [27.67392269538834, 47.164100714793506], [27.673898698368006, 47.16411672127144], [27.67397936771409, 47.16413536536493], [27.67391265944063, 47.164447627193915], [27.67368024566865, 47.165014354766214], [27.67476661100976, 47.16528343446397], [27.67503728180459, 47.16460064604111], [27.67522212173978, 47.16396265330887], [27.67534981581347, 47.16360320845221], [27.675908523877606, 47.16226937282886], [27.6760632603522, 47.16184846702459], [27.676134370533603, 47.161498888921884], [27.67622338754908, 47.161289263472284], [27.676192593310116, 47.16126949500916], [27.676282690514633, 47.16115793406539], [27.676408667958576, 47.16095922523062], [27.676483611323373, 47.16080947294177], [27.676524497703376, 47.16068095861229], [27.67642751140012, 47.16060827416353], [27.676278669038503, 47.16044598383703], [27.67584209192566, 47.160033816883555], [27.675618755588136, 47.159791066719215], [27.675364155047426, 47.15943733401883], [27.67523184617866, 47.159363516892974], [27.675157986724194, 47.15938916961527], [27.675063352870133, 47.15934597834568]]]}}, {"type": "Feature", "properties": {"utr": "UTR15_V2", "tip_szf": "subzona spaţiilor verzi cu destinaţie tehnică (culoare de protecţie pentru infrastructura de comunicaţie rutieră și feroviară, infrastructura de transport energetic, gaze, apă, etc.)", "cod_zf": "ZF14", "tip_zf": "Zonă spații verzi, sport și agrement", "arie_mp": 8277.8}, "geometry": {"type": "Polygon", "coordinates": [[[27.658482544725317, 47.152335008941826], [27.658513528383715, 47.1524416217434], [27.6592427754924, 47.152383717140346], [27.659252514021702, 47.15251541984298], [27.659876180159486, 47.15246808847801], [27.659791769441775, 47.15201811932836], [27.655773218430447, 47.15239806721578], [27.655794664021357, 47.152508933862244], [27.65612850227321, 47.15247761998105], [27.656141364967482, 47.15254149595706], [27.65717240430652, 47.152459898842174], [27.65716240612427, 47.15240390711372], [27.657243637873474, 47.1523976057245], [27.65725300300735, 47.15245378634432], [27.658482544725317, 47.152335008941826]]]}}, {"type": "Feature", "properties": {"utr": "UTR1_C1", "tip_szf": "subzona centrală şi funcţiuni complexe de interes general", "cod_zf": "ZF07", "tip_zf": "Zonă centrală", "arie_mp": 13597.0}, "geometry": {"type": "Polygon", "coordinates": [[[27.656141364967482, 47.15254149595706], [27.65612850227321, 47.15247761998105], [27.655794664021357, 47.152508933862244], [27.655773218430447, 47.15239806721578], [27.655647011127655, 47.15241018777713], [27.655928970754523, 47.15370873677814], [27.657350654960062, 47.15356557748596], [27.657316804867833, 47.153315350884085], [27.656596366270616, 47.153374659401734], [27.656587372149495, 47.15332381707219], [27.6569400601504, 47.15329433438294], [27.65683829808058, 47.152852298106104], [27.656946385460426, 47.152840718887944], [27.657044924892126, 47.15328507493389], [27.657310448166193, 47.153268360598986], [27.65717240430652, 47.152459898842174], [27.656141364967482, 47.15254149595706]]]}}, {"type": "Feature", "properties": {"utr": "UTR7_L1", "tip_szf": "subzona de locuire individuală situată în ţesut tradiţional cu regim de construire continuu şi discontinuu. Subzonă dezvoltată în etape succesive, organic și planificat", "cod_zf": "ZF11", "tip_zf": "Zonă locuințe și funcțiuni complementare", "arie_mp": 344214.5}, "geometry": {"type": "Polygon", "coordinates": [[[27.69669485301107, 47.15156167459898], [27.69665149400779, 47.15160947984411], [27.696439750229302, 47.152638184073325], [27.696406427414797, 47.15288213681477], [27.69635189335273, 47.153093824928966], [27.696265946073066, 47.15329531378089], [27.696191787503786, 47.153676159264194], [27.696259041677116, 47.15368033208054], [27.696106277793547, 47.15461083622066], [27.696038421038907, 47.154644061271256], [27.696186148461535, 47.15465731993362], [27.69646856900033, 47.154731060119104], [27.69674324935114, 47.15477789372975], [27.69701817414507, 47.154747556781444], [27.69732337313494, 47.15456828733812], [27.69763286109672, 47.154349150223084], [27.697891406246743, 47.15427741077736], [27.6982880934889, 47.15423135627329], [27.6986451028956, 47.154224302336665], [27.698907861220977, 47.15423656484041], [27.699405545710903, 47.154305281664655], [27.699673355912083, 47.15430296934964], [27.699921436550813, 47.15435645400734], [27.70021894228293, 47.154535348333496], [27.70038827958625, 47.15467444641606], [27.700570563427984, 47.15479789575968], [27.70084101206003, 47.154930909369305], [27.700989651590657, 47.154792703602745], [27.70141176004538, 47.15458826806028], [27.70189261751291, 47.154290334081935], [27.702154038729166, 47.15406415629224], [27.702860377753957, 47.1535480763256], [27.703258545297476, 47.15314822345195], [27.703490036193255, 47.152959936709664], [27.704767763648736, 47.151606454300676], [27.704876530689408, 47.15063261840228], [27.704963176142094, 47.14962894469981], [27.704533395262878, 47.14940423389008], [27.703843762561906, 47.14913499296758], [27.702932556432625, 47.14882372587783], [27.702395462212216, 47.14867204353759], [27.70106199682571, 47.14840880941903], [27.70013901447832, 47.14831838448741], [27.69949099496665, 47.14830189400254], [27.699455239903738, 47.148684229497576], [27.69921061921664, 47.14869329935476], [27.6987270791021, 47.148752907950076], [27.697994462737196, 47.14899300269827], [27.697979151672886, 47.14897125831065], [27.69718597427872, 47.14924482577182], [27.696992980781012, 47.15008479714018], [27.69678037699206, 47.15121003009224], [27.69669485301107, 47.15156167459898]], [[27.69955825546122, 47.14831818645032], [27.700114880408755, 47.14835456298136], [27.700819574976812, 47.14842377968982], [27.701194149917548, 47.148482952206685], [27.70250141728492, 47.14875677308028], [27.70241623317335, 47.14905356918064], [27.700415292622836, 47.14872667129819], [27.700358365197115, 47.149199458581975], [27.699759155424378, 47.1491658773467], [27.699683466881893, 47.149685837270376], [27.69939721914187, 47.14967329154742], [27.699480559798456, 47.14911781458009], [27.69951693135776, 47.14863027136516], [27.69955825546122, 47.14831818645032]]]}}, {"type": "Feature", "properties": {"utr": "UTR6_L1", "tip_szf": "subzona de locuire individuală situată în ţesut tradiţional cu regim de construire continuu şi discontinuu. Subzonă dezvoltată în etape succesive, organic și planificat", "cod_zf": "ZF11", "tip_zf": "Zonă locuințe și funcțiuni complementare", "arie_mp": 208686.4}, "geometry": {"type": "Polygon", "coordinates": [[[27.67993554360144, 47.173183595421754], [27.680643613601127, 47.17201999971201], [27.680884512346, 47.171663495837215], [27.681059999750218, 47.17132263915275], [27.681408171534667, 47.17074920480241], [27.681635030375052, 47.17042739194902], [27.68169251615759, 47.17040205535396], [27.67947872675098, 47.169796631607575], [27.676135961706, 47.16892135387732], [27.673787536545195, 47.168244916759456], [27.673718650581556, 47.16822888230432], [27.673655807759985, 47.16823520285314], [27.673369224602986, 47.1690409842421], [27.672529391706988, 47.17110339522973], [27.67993554360144, 47.173183595421754]]]}}, {"type": "Feature", "properties": {"utr": "UTR6_L1", "tip_szf": "subzona de locuire individuală situată în ţesut tradiţional cu regim de construire continuu şi discontinuu. Subzonă dezvoltată în etape succesive, organic și planificat", "cod_zf": "ZF11", "tip_zf": "Zonă locuințe și funcțiuni complementare", "arie_mp": 75984.0}, "geometry": {"type": "Polygon", "coordinates": [[[27.686669848601145, 47.171721313285666], [27.684931830629317, 47.17120980980428], [27.683598869880758, 47.17086262107582], [27.682690318213, 47.1706517795037], [27.682174591514624, 47.170476806879954], [27.68178964834939, 47.170369843774324], [27.681758524751707, 47.17034214960954], [27.68210399303192, 47.169821049244845], [27.683022241594028, 47.1685556252354], [27.68360251515005, 47.168784270366196], [27.68786533319632, 47.170558202504566], [27.68795237470387, 47.170567629084886], [27.68753078304635, 47.171065264358006], [27.68719359226614, 47.171354405782424], [27.687025952791586, 47.17144934515893], [27.686933192561757, 47.171532710705506], [27.686815915901843, 47.171686680520644], [27.686785296584944, 47.171707759959], [27.686669848601145, 47.171721313285666]], [[27.687789629855587, 47.170736573472226], [27.68790797984227, 47.17059978311481], [27.685568623998794, 47.16964808348664], [27.685429798468817, 47.16980123339977], [27.687033713969864, 47.17046733806993], [27.687789629855587, 47.170736573472226]]]}}, {"type": "Feature", "properties": {"utr": "UTR6_L1", "tip_szf": "subzona de locuire individuală situată în ţesut tradiţional cu regim de construire continuu şi discontinuu. Subzonă dezvoltată în etape succesive, organic și planificat", "cod_zf": "ZF11", "tip_zf": "Zonă locuințe și funcțiuni complementare", "arie_mp": 7094.9}, "geometry": {"type": "Polygon", "coordinates": [[[27.69126529316741, 47.16957026775786], [27.69093109036174, 47.169537424576006], [27.69086075698586, 47.16956660384664], [27.690812332440704, 47.1696527245817], [27.69056748745827, 47.16993973074328], [27.689270379355015, 47.17163988672114], [27.6891999931348, 47.17161358599641], [27.68921255973154, 47.17166968928046], [27.68920467484333, 47.17173751851804], [27.689255216560824, 47.17166043162334], [27.689549040815816, 47.17174401151251], [27.69126529316741, 47.16957026775786]]]}}, {"type": "Feature", "properties": {"utr": "UTR6_L1", "tip_szf": "subzona de locuire individuală situată în ţesut tradiţional cu regim de construire continuu şi discontinuu. Subzonă dezvoltată în etape succesive, organic și planificat", "cod_zf": "ZF11", "tip_zf": "Zonă locuințe și funcțiuni complementare", "arie_mp": 14030.2}, "geometry": {"type": "Polygon", "coordinates": [[[27.691717498244074, 47.163633868526894], [27.69131123118892, 47.1639081184181], [27.693052997745273, 47.165037355760965], [27.694464959620536, 47.165903907863225], [27.694752902678516, 47.16556970920887], [27.691717498244074, 47.163633868526894]]]}}, {"type": "Feature", "properties": {"utr": "UTR6_L1", "tip_szf": "subzona de locuire individuală situată în ţesut tradiţional cu regim de construire continuu şi discontinuu. Subzonă dezvoltată în etape succesive, organic și planificat", "cod_zf": "ZF11", "tip_zf": "Zonă locuințe și funcțiuni complementare", "arie_mp": 78511.1}, "geometry": {"type": "Polygon", "coordinates": [[[27.683474630100577, 47.167935992356085], [27.68404809447869, 47.16814382758295], [27.683886277390318, 47.168351094526095], [27.68327544219998, 47.16815232038531], [27.68308753794421, 47.16842226604183], [27.683034688011322, 47.16852942833172], [27.683622731915637, 47.16876107471299], [27.687879041133026, 47.17053263038535], [27.68797585559061, 47.170543509515944], [27.68819850905574, 47.17035809246834], [27.688380077892482, 47.170240854438724], [27.688505155972965, 47.17004505617002], [27.687721176453987, 47.169710397203474], [27.68789599206836, 47.169511367717824], [27.687748441337575, 47.16945615266532], [27.687915925308815, 47.16925860931782], [27.687809082797713, 47.16921305726205], [27.687535638575003, 47.16884741337048], [27.68749496384949, 47.168720916082115], [27.685030047375072, 47.16665042139324], [27.684601760440405, 47.1664292120762], [27.683474630100577, 47.167935992356085]]]}}, {"type": "Feature", "properties": {"utr": "UTR6_L1", "tip_szf": "subzona de locuire individuală situată în ţesut tradiţional cu regim de construire continuu şi discontinuu. Subzonă dezvoltată în etape succesive, organic și planificat", "cod_zf": "ZF11", "tip_zf": "Zonă locuințe și funcțiuni complementare", "arie_mp": 52914.6}, "geometry": {"type": "Polygon", "coordinates": [[[27.688280896877227, 47.167890687909754], [27.68714760905181, 47.16733939080829], [27.687275512836763, 47.1672225016887], [27.688294501968915, 47.167716966008676], [27.688182419394284, 47.16681812823262], [27.685343018613533, 47.165390103932914], [27.684597819021562, 47.16637930162088], [27.68506698041548, 47.16662436879095], [27.687543807583886, 47.16870486683551], [27.687582633149475, 47.168831068930054], [27.68784928541811, 47.16918763042197], [27.688429619812602, 47.16942857274217], [27.688280896877227, 47.167890687909754]]]}}, {"type": "Feature", "properties": {"utr": "UTR6_L1", "tip_szf": "subzona de locuire individuală situată în ţesut tradiţional cu regim de construire continuu şi discontinuu. Subzonă dezvoltată în etape succesive, organic și planificat", "cod_zf": "ZF11", "tip_zf": "Zonă locuințe și funcțiuni complementare", "arie_mp": 9160.1}, "geometry": {"type": "Polygon", "coordinates": [[[27.68820528348726, 47.166452041124856], [27.688161994585254, 47.16601049633131], [27.685784342777232, 47.1647884849515], [27.68554668091536, 47.165108676612135], [27.68820528348726, 47.166452041124856]]]}}, {"type": "Feature", "properties": {"utr": "UTR6_L1", "tip_szf": "subzona de locuire individuală situată în ţesut tradiţional cu regim de construire continuu şi discontinuu. Subzonă dezvoltată în etape succesive, organic și planificat", "cod_zf": "ZF11", "tip_zf": "Zonă locuințe și funcțiuni complementare", "arie_mp": 39500.9}, "geometry": {"type": "Polygon", "coordinates": [[[27.68816626362228, 47.1659600971968], [27.68811079632138, 47.16536180082572], [27.68809500571491, 47.16499470500833], [27.686637823700057, 47.164175214595545], [27.686671539726078, 47.16414755068149], [27.688104748365355, 47.16495998731159], [27.6880851053365, 47.16458289545379], [27.68805467420163, 47.164348699298664], [27.688049568691245, 47.16408951764567], [27.688030601544188, 47.164079917897325], [27.688030642268632, 47.16388918126488], [27.688040214050492, 47.16389420247842], [27.68802068104805, 47.1635687565326], [27.687967459618562, 47.163050085594605], [27.68793078254891, 47.16303326686054], [27.687911512612295, 47.16271454062702], [27.687981812965916, 47.162729307366824], [27.687961117222088, 47.16224714536121], [27.68792891419085, 47.162133205005716], [27.687870613805774, 47.1620209389593], [27.687834920541587, 47.162025992374076], [27.68752110545744, 47.16232124922976], [27.687345423184166, 47.16255043729619], [27.686936463132497, 47.163155191720875], [27.68696214501875, 47.16316767747541], [27.686759109338485, 47.16343637847818], [27.686621080128525, 47.163540878600145], [27.685800699724798, 47.164754548678786], [27.68816626362228, 47.1659600971968]]]}}, {"type": "Feature", "properties": {"utr": "UTR6_L1", "tip_szf": "subzona de locuire individuală situată în ţesut tradiţional cu regim de construire continuu şi discontinuu. Subzonă dezvoltată în etape succesive, organic și planificat", "cod_zf": "ZF11", "tip_zf": "Zonă locuințe și funcțiuni complementare", "arie_mp": 15157.7}, "geometry": {"type": "Polygon", "coordinates": [[[27.686526484818998, 47.16131125206194], [27.685633163999526, 47.16247317795642], [27.685643712589258, 47.162507912432474], [27.686942874370985, 47.16296430955348], [27.687079406840862, 47.16280715574281], [27.68732690411607, 47.16245405164479], [27.687745470765893, 47.1619346337597], [27.68685453163783, 47.161599041885815], [27.686690276618137, 47.161499012348955], [27.686526484818998, 47.16131125206194]]]}}, {"type": "Feature", "properties": {"utr": "UTR6_L1", "tip_szf": "subzona de locuire individuală situată în ţesut tradiţional cu regim de construire continuu şi discontinuu. Subzonă dezvoltată în etape succesive, organic și planificat", "cod_zf": "ZF11", "tip_zf": "Zonă locuințe și funcțiuni complementare", "arie_mp": 310420.9}, "geometry": {"type": "Polygon", "coordinates": [[[27.679236377314616, 47.16313446987101], [27.67505988500769, 47.16856817226581], [27.67719251300399, 47.16915963589591], [27.681687591132906, 47.17036208787406], [27.68213338473505, 47.16968772205481], [27.68371303318655, 47.16751223935126], [27.684560692483327, 47.1664056079765], [27.68378508819459, 47.165959817182255], [27.682978080640936, 47.16546789434175], [27.681553466720306, 47.164560971960825], [27.679767074047223, 47.1634470048071], [27.679236377314616, 47.16313446987101]]]}}, {"type": "Feature", "properties": {"utr": "UTR7_L1", "tip_szf": "subzona de locuire individuală situată în ţesut tradiţional cu regim de construire continuu şi discontinuu. Subzonă dezvoltată în etape succesive, organic și planificat", "cod_zf": "ZF11", "tip_zf": "Zonă locuințe și funcțiuni complementare", "arie_mp": 86127.2}, "geometry": {"type": "Polygon", "coordinates": [[[27.677104745623318, 47.158126235421655], [27.679022264758242, 47.16074932586115], [27.67936020433084, 47.16045232538393], [27.679592793771572, 47.160277714965616], [27.679997328467667, 47.16000698356009], [27.680827984972353, 47.159402124416765], [27.680201547409464, 47.158989305370824], [27.67963215327996, 47.158557676178816], [27.679714595251347, 47.15850941063601], [27.679707800346126, 47.15856077308943], [27.680230604992765, 47.158947060971606], [27.680866527553608, 47.15935287063956], [27.683196752313698, 47.15776644408023], [27.682213586544282, 47.157065030262984], [27.682053571785794, 47.15696537022567], [27.682023066262172, 47.15696054356731], [27.68174971329271, 47.15712128352233], [27.68150534934264, 47.15729950524074], [27.68121707371166, 47.15742835594953], [27.680537639305822, 47.157546178411145], [27.679501745246416, 47.1576855805942], [27.679112143338795, 47.15773471103275], [27.67829461515145, 47.15780657174015], [27.678271781911356, 47.15783076425056], [27.678278129302022, 47.1578688429805], [27.678630686616845, 47.158403279296934], [27.678574513167597, 47.158420524992444], [27.678368855029145, 47.15809105672055], [27.678174332733764, 47.157817208380116], [27.67776405966445, 47.157854993641145], [27.6785864317951, 47.15905514126995], [27.678528534466288, 47.159076834327394], [27.677906712556553, 47.158175037714955], [27.677857958346337, 47.15818861202369], [27.677793496450896, 47.1580982955319], [27.677825973978337, 47.15808758206315], [27.67767256811543, 47.157865123183704], [27.677047210514065, 47.157931964742275], [27.677104745623318, 47.158126235421655]]]}}, {"type": "Feature", "properties": {"utr": "UTR6_L1", "tip_szf": "subzona de locuire individuală situată în ţesut tradiţional cu regim de construire continuu şi discontinuu. Subzonă dezvoltată în etape succesive, organic și planificat", "cod_zf": "ZF11", "tip_zf": "Zonă locuințe și funcțiuni complementare", "arie_mp": 31159.6}, "geometry": {"type": "Polygon", "coordinates": [[[27.68215453324333, 47.160251439186844], [27.680991187382748, 47.15944209881437], [27.681362846462658, 47.15919232780986], [27.681972338751176, 47.158747669853476], [27.683304719219624, 47.157855161957826], [27.683818265189835, 47.158207812174616], [27.683855801641087, 47.15824776067396], [27.684455150765952, 47.15863984697163], [27.68388273433647, 47.15905155755251], [27.68387141526927, 47.15904413421035], [27.683095708559467, 47.159569663784936], [27.68287150575523, 47.15972939510479], [27.682892302940033, 47.15974594025687], [27.68215453324333, 47.160251439186844]]]}}, {"type": "Feature", "properties": {"utr": "UTR6_L1", "tip_szf": "subzona de locuire individuală situată în ţesut tradiţional cu regim de construire continuu şi discontinuu. Subzonă dezvoltată în etape succesive, organic și planificat", "cod_zf": "ZF11", "tip_zf": "Zonă locuințe și funcțiuni complementare", "arie_mp": 13541.4}, "geometry": {"type": "Polygon", "coordinates": [[[27.684530782482117, 47.15858460650784], [27.684470020552986, 47.158561143263235], [27.683368842962746, 47.15781556982923], [27.684611928432698, 47.156968410348306], [27.68474788902339, 47.15688495612031], [27.68477289043167, 47.15688366364739], [27.68504887919724, 47.15774900780753], [27.685155942892965, 47.15817327327034], [27.684530782482117, 47.15858460650784]]]}}, {"type": "Feature", "properties": {"utr": "UTR6_L1", "tip_szf": "subzona de locuire individuală situată în ţesut tradiţional cu regim de construire continuu şi discontinuu. Subzonă dezvoltată în etape succesive, organic și planificat", "cod_zf": "ZF11", "tip_zf": "Zonă locuințe și funcțiuni complementare", "arie_mp": 154928.9}, "geometry": {"type": "Polygon", "coordinates": [[[27.683094388593307, 47.16543361197433], [27.683726440887966, 47.164696231019995], [27.683541060495482, 47.16464281554749], [27.682679381871193, 47.16430933751905], [27.68244856388941, 47.164187178250806], [27.68247114219464, 47.16416157307118], [27.68204483090212, 47.16399970765069], [27.684746872000446, 47.16095093492431], [27.684999553002505, 47.160712459768014], [27.684913962478504, 47.16058368342001], [27.684925014136933, 47.160573755380824], [27.684853830436733, 47.16045876579301], [27.68483477737935, 47.160479440188276], [27.684471633555198, 47.1601998310538], [27.68362408825308, 47.15975726310022], [27.68356010382843, 47.15980440860964], [27.683398872443018, 47.159700414064325], [27.68316958531352, 47.159862595289475], [27.682976738314473, 47.15973635491424], [27.682548334167805, 47.160034367864974], [27.68274167865003, 47.16016163693983], [27.682303266834488, 47.16047256987721], [27.682151880321094, 47.16031014793994], [27.680531852337307, 47.1614728704839], [27.680252786490147, 47.16174299297571], [27.680221929712296, 47.161723945119384], [27.680492279362497, 47.161462508314806], [27.679878797799592, 47.16104457726817], [27.679928313730738, 47.16099291328991], [27.67930955063725, 47.16062699962172], [27.678994153140277, 47.16088274449818], [27.678798399733253, 47.16100810849257], [27.679349384474083, 47.161375191091444], [27.679225493614506, 47.16145785422802], [27.678677332553693, 47.16109264327116], [27.678515951660355, 47.161211356023294], [27.67772378616975, 47.16171505640638], [27.6772821627443, 47.16193394726128], [27.680918676224927, 47.164113796780086], [27.681287094417307, 47.16432790800376], [27.681313738150997, 47.164299781457395], [27.681578835561517, 47.164495601821265], [27.683094388593307, 47.16543361197433]]]}}, {"type": "Feature", "properties": {"utr": "UTR7_L1", "tip_szf": "subzona de locuire individuală situată în ţesut tradiţional cu regim de construire continuu şi discontinuu. Subzonă dezvoltată în etape succesive, organic și planificat", "cod_zf": "ZF11", "tip_zf": "Zonă locuințe și funcțiuni complementare", "arie_mp": 9646.7}, "geometry": {"type": "Polygon", "coordinates": [[[27.676889652751203, 47.157194200354496], [27.67777013070417, 47.15707414070605], [27.67776965477613, 47.15712923708356], [27.676903114954595, 47.15724739638096], [27.677020401319812, 47.157803711426354], [27.677087009077304, 47.15783688126193], [27.677154342510907, 47.157848261973314], [27.677370297361414, 47.15784186319825], [27.67811583137677, 47.15776326432901], [27.677957404598377, 47.15729270484511], [27.677877025594622, 47.156642599381286], [27.67675225538785, 47.156789656671116], [27.676889652751203, 47.157194200354496]]]}}, {"type": "Feature", "properties": {"utr": "UTR7_L1", "tip_szf": "subzona de locuire individuală situată în ţesut tradiţional cu regim de construire continuu şi discontinuu. Subzonă dezvoltată în etape succesive, organic și planificat", "cod_zf": "ZF11", "tip_zf": "Zonă locuințe și funcțiuni complementare", "arie_mp": 13435.7}, "geometry": {"type": "Polygon", "coordinates": [[[27.677598151297012, 47.15527990208388], [27.6773810348589, 47.155299269530396], [27.677357970103042, 47.15531946233001], [27.677201067986864, 47.15533346340652], [27.6771718488781, 47.155317930038514], [27.67680439924536, 47.15535078151769], [27.67678133420413, 47.155370973305445], [27.676624431770414, 47.15538497360226], [27.676595215983653, 47.155369439732624], [27.676412192360264, 47.15538516537597], [27.676644078856327, 47.156407358694594], [27.67753559604495, 47.15629260490921], [27.677545705094452, 47.15632791723977], [27.6773634709718, 47.156352278308105], [27.677331397539685, 47.1563840501253], [27.677202005200318, 47.1564013465923], [27.677156440512558, 47.15637994910796], [27.676718435681885, 47.15643850778031], [27.676656691082652, 47.15646569914372], [27.676690037345107, 47.15661994849119], [27.676749221100938, 47.15678138026721], [27.677875999914942, 47.15663498289677], [27.67784989227904, 47.15646780827149], [27.677822548489722, 47.15647133633788], [27.677708438707644, 47.15604437121505], [27.67779855826995, 47.156032040158024], [27.67762246576191, 47.155426749762775], [27.677598151297012, 47.15527990208388]]]}}, {"type": "Feature", "properties": {"utr": "UTR7_L1", "tip_szf": "subzona de locuire individuală situată în ţesut tradiţional cu regim de construire continuu şi discontinuu. Subzonă dezvoltată în etape succesive, organic și planificat", "cod_zf": "ZF11", "tip_zf": "Zonă locuințe și funcțiuni complementare", "arie_mp": 10152.6}, "geometry": {"type": "Polygon", "coordinates": [[[27.67621534485642, 47.15451810374721], [27.676259840542052, 47.15450957148554], [27.676449969184013, 47.15534483212441], [27.677592489752065, 47.15524401492766], [27.677567257820918, 47.15501205995419], [27.677433303810258, 47.15436084876817], [27.677433379468525, 47.15430420638351], [27.67729939172045, 47.15431309631485], [27.677276074483053, 47.15422789279344], [27.676176641584618, 47.154362428996166], [27.67621534485642, 47.15451810374721]]]}}, {"type": "Feature", "properties": {"utr": "UTR7_L1", "tip_szf": "subzona de locuire individuală situată în ţesut tradiţional cu regim de construire continuu şi discontinuu. Subzonă dezvoltată în etape succesive, organic și planificat", "cod_zf": "ZF11", "tip_zf": "Zonă locuințe și funcțiuni complementare", "arie_mp": 417.8}, "geometry": {"type": "Polygon", "coordinates": [[[27.675795079131024, 47.15373499962942], [27.67603735817581, 47.153695229684956], [27.675968788975705, 47.153480595847434], [27.67569017547722, 47.15362575797562], [27.675795079131024, 47.15373499962942]]]}}, {"type": "Feature", "properties": {"utr": "UTR7_L1", "tip_szf": "subzona de locuire individuală situată în ţesut tradiţional cu regim de construire continuu şi discontinuu. Subzonă dezvoltată în etape succesive, organic și planificat", "cod_zf": "ZF11", "tip_zf": "Zonă locuințe și funcțiuni complementare", "arie_mp": 10831.8}, "geometry": {"type": "Polygon", "coordinates": [[[27.677276074483053, 47.15422789279344], [27.67713694335968, 47.153586112425494], [27.676926271854786, 47.152951154120764], [27.676804827346977, 47.15297000303235], [27.676811974874415, 47.15300785879349], [27.676790582181567, 47.15303075301553], [27.676559338995176, 47.15311733686476], [27.675968788975705, 47.153480595847434], [27.67603735817581, 47.153695229684956], [27.675795079131024, 47.15373499962942], [27.676066123254536, 47.154030582240495], [27.676110748977056, 47.15411031614888], [27.676176641584618, 47.154362428996166], [27.677276074483053, 47.15422789279344]]]}}, {"type": "Feature", "properties": {"utr": "UTR7_L1", "tip_szf": "subzona de locuire individuală situată în ţesut tradiţional cu regim de construire continuu şi discontinuu. Subzonă dezvoltată în etape succesive, organic și planificat", "cod_zf": "ZF11", "tip_zf": "Zonă locuințe și funcțiuni complementare", "arie_mp": 868.3}, "geometry": {"type": "Polygon", "coordinates": [[[27.675504281448845, 47.1532650117874], [27.67589060763983, 47.15317529972385], [27.675803621664492, 47.15293985585537], [27.675519171163238, 47.15298565850644], [27.675442293701728, 47.153034044383816], [27.6754235998525, 47.15307991361719], [27.675504281448845, 47.1532650117874]]]}}, {"type": "Feature", "properties": {"utr": "UTR7_L1", "tip_szf": "subzona de locuire individuală situată în ţesut tradiţional cu regim de construire continuu şi discontinuu. Subzonă dezvoltată în etape succesive, organic și planificat", "cod_zf": "ZF11", "tip_zf": "Zonă locuințe și funcțiuni complementare", "arie_mp": 499.9}, "geometry": {"type": "Polygon", "coordinates": [[[27.676159834917907, 47.152883949861724], [27.676254877860103, 47.153049285949876], [27.67657554292463, 47.152969337162276], [27.67655033406443, 47.15283124964737], [27.676159834917907, 47.152883949861724]]]}}, {"type": "Feature", "properties": {"utr": "UTR7_L1", "tip_szf": "subzona de locuire individuală situată în ţesut tradiţional cu regim de construire continuu şi discontinuu. Subzonă dezvoltată în etape succesive, organic și planificat", "cod_zf": "ZF11", "tip_zf": "Zonă locuințe și funcțiuni complementare", "arie_mp": 40039.0}, "geometry": {"type": "Polygon", "coordinates": [[[27.678955702943984, 47.1563040131196], [27.6778777037391, 47.15644848182492], [27.677913446497367, 47.15664250256041], [27.68068861286027, 47.15626083074778], [27.677915379709972, 47.15665297773585], [27.67794929126856, 47.156773161184205], [27.67802751991582, 47.15729330173979], [27.67816207842404, 47.15757452165361], [27.678207693901903, 47.15776461487599], [27.679570197890566, 47.15762136000547], [27.680712118764248, 47.157464873470666], [27.68104304471271, 47.157404571743335], [27.681412509581985, 47.15723979524259], [27.68191282139557, 47.156939829718674], [27.681833289699107, 47.15685005489407], [27.68097615422956, 47.15697127277947], [27.680962909683238, 47.15694319921603], [27.68182213311262, 47.15681204947685], [27.681690105552086, 47.156668534851214], [27.68121941386687, 47.15604782345293], [27.681129832714795, 47.156062869029775], [27.68111484413688, 47.156046694299576], [27.680716562941463, 47.1561037978975], [27.680712437276142, 47.15609196074393], [27.680412964356865, 47.15613439798394], [27.680366365438484, 47.156159245205046], [27.68021151926164, 47.156181445862984], [27.680155123492057, 47.15617092864186], [27.67970603366031, 47.15623489422101], [27.679659639791126, 47.15625962840808], [27.679504793013418, 47.15628182812468], [27.679448275535208, 47.15627125038686], [27.678964554585605, 47.156339489466006], [27.678955702943984, 47.1563040131196]]]}}, {"type": "Feature", "properties": {"utr": "UTR8c_ID", "tip_szf": "subzona activităţilor productive compuse din industrie și depozitare", "cod_zf": "ZF12", "tip_zf": "Zonă unități industriale și de depozitare", "arie_mp": 33395.0}, "geometry": {"type": "Polygon", "coordinates": [[[27.680011079739202, 47.15514518322761], [27.679809911611127, 47.15423864099661], [27.680319461382194, 47.15417129300976], [27.680291888295056, 47.15409370298691], [27.680245502868214, 47.154076735315634], [27.680108032857238, 47.15347847181733], [27.67986354481374, 47.15265809431898], [27.678166054068043, 47.15284260646704], [27.678147291567328, 47.15285809123484], [27.678220747875123, 47.15313013663438], [27.678215671002565, 47.15316886050413], [27.678586991204266, 47.154730270057605], [27.67873177021349, 47.15527276124754], [27.680011079739202, 47.15514518322761]]]}}, {"type": "Feature", "properties": {"utr": "UTR8c_ID", "tip_szf": "subzona activităţilor productive compuse din industrie și depozitare", "cod_zf": "ZF12", "tip_zf": "Zonă unități industriale și de depozitare", "arie_mp": 9468.4}, "geometry": {"type": "Polygon", "coordinates": [[[27.678564815536323, 47.15517347755768], [27.678441244901748, 47.1546265359714], [27.67791489870971, 47.15468941356997], [27.677900725719294, 47.15460396505048], [27.67842555780133, 47.15455076218479], [27.678278087553156, 47.15394438865819], [27.678026431032976, 47.15395362497062], [27.677348758242477, 47.15402977239336], [27.677433379468525, 47.15430420638351], [27.677433303810258, 47.15436084876817], [27.677567257820918, 47.15501205995419], [27.677592489752065, 47.15524401492766], [27.678564815536323, 47.15517347755768]]]}}, {"type": "Feature", "properties": {"utr": "UTR8c_ID", "tip_szf": "subzona activităţilor productive compuse din industrie și depozitare", "cod_zf": "ZF12", "tip_zf": "Zonă unități industriale și de depozitare", "arie_mp": 12495.2}, "geometry": {"type": "Polygon", "coordinates": [[[27.677019843420286, 47.153247511782325], [27.6770912900349, 47.153237445346285], [27.6773081491814, 47.153954908046046], [27.678241868695196, 47.15384077907766], [27.678034104434452, 47.1528305888002], [27.677056368579322, 47.15292962093608], [27.676935552391818, 47.15291841636882], [27.67665896349416, 47.15284462144388], [27.67655033406443, 47.15283124964737], [27.67657554292463, 47.152969337162276], [27.676254877860103, 47.153049285949876], [27.676159834917907, 47.152883949861724], [27.675803621664492, 47.15293985585537], [27.67589060763983, 47.15317529972385], [27.675504281448845, 47.1532650117874], [27.67569017547722, 47.15362575797562], [27.675968788975705, 47.153480595847434], [27.676559338995176, 47.15311733686476], [27.676790582181567, 47.15303075301553], [27.676811974874415, 47.15300785879349], [27.676804827346977, 47.15297000303235], [27.676926271854786, 47.152951154120764], [27.677019843420286, 47.153247511782325]]]}}, {"type": "Feature", "properties": {"utr": "UTR5_L1", "tip_szf": "subzona de locuire individuală situată în ţesut tradiţional cu regim de construire continuu şi discontinuu. Subzonă dezvoltată în etape succesive, organic și planificat", "cod_zf": "ZF11", "tip_zf": "Zonă locuințe și funcțiuni complementare", "arie_mp": 49968.4}, "geometry": {"type": "Polygon", "coordinates": [[[27.68239594289423, 47.15234845025706], [27.682716881777733, 47.15336696664859], [27.68374388832363, 47.15320192074115], [27.683754872657346, 47.153232496741005], [27.6826292813541, 47.153413380884984], [27.68276913443744, 47.153772993811636], [27.68388256416801, 47.153595067746934], [27.683978632910776, 47.15400345582712], [27.68428185925947, 47.15508054264817], [27.68491833978366, 47.154948753671356], [27.684947726361084, 47.15503610058952], [27.68583330409856, 47.15482342245398], [27.68663736567613, 47.15466872373395], [27.686224016170048, 47.15428116250118], [27.68599741780027, 47.15438143213809], [27.685760067644356, 47.15445424279978], [27.685646900136504, 47.154276637535055], [27.685165025374577, 47.15443910918096], [27.68500223271268, 47.15410905677314], [27.68575685184053, 47.15382260516106], [27.685050931079978, 47.15300716977386], [27.684805998553795, 47.15251341630674], [27.684560877109305, 47.15196412030339], [27.68338952023893, 47.15220920110459], [27.68239594289423, 47.15234845025706]]]}}, {"type": "Feature", "properties": {"utr": "UTR7_L1", "tip_szf": "subzona de locuire individuală situată în ţesut tradiţional cu regim de construire continuu şi discontinuu. Subzonă dezvoltată în etape succesive, organic și planificat", "cod_zf": "ZF11", "tip_zf": "Zonă locuințe și funcțiuni complementare", "arie_mp": 115308.9}, "geometry": {"type": "Polygon", "coordinates": [[[27.679117451784833, 47.14939766111121], [27.679652367304808, 47.1513770653057], [27.679586585029746, 47.151367525680804], [27.679511584961716, 47.15113798735504], [27.679039837091405, 47.149419972903125], [27.67815656043414, 47.14967230500662], [27.678667949451306, 47.15149150804737], [27.678573411874776, 47.151505163761385], [27.678090417844658, 47.149690287962294], [27.677459858626417, 47.149864315885104], [27.67738237106992, 47.149905568265304], [27.67742062397917, 47.150284845186924], [27.67772588261165, 47.15134454428508], [27.678360484469422, 47.15125336110399], [27.678373110314045, 47.15129747990008], [27.67773868514146, 47.151388987030515], [27.67812880809007, 47.152743223526], [27.678593388858786, 47.15269470937139], [27.67889455303749, 47.152632817260866], [27.680073533824377, 47.15253011924075], [27.682443740039183, 47.1522271491191], [27.682044543479865, 47.15081121932601], [27.681570120637204, 47.14940126281401], [27.68134774799314, 47.148833419322656], [27.680844157248195, 47.14892507608234], [27.68032799581941, 47.14906627240058], [27.68031905715308, 47.14904559235014], [27.680165066791023, 47.14908959021616], [27.68016682528632, 47.1491050465241], [27.679117451784833, 47.14939766111121]]]}}, {"type": "Feature", "properties": {"utr": "UTR15_V2", "tip_szf": "subzona spaţiilor verzi cu destinaţie tehnică (culoare de protecţie pentru infrastructura de comunicaţie rutieră și feroviară, infrastructura de transport energetic, gaze, apă, etc.)", "cod_zf": "ZF14", "tip_zf": "Zonă spații verzi, sport și agrement", "arie_mp": 2447.1}, "geometry": {"type": "Polygon", "coordinates": [[[27.67738237106992, 47.149905568265304], [27.677459858626417, 47.149864315885104], [27.67961774584697, 47.1492633433101], [27.68016682528632, 47.1491050465241], [27.680165066791023, 47.14908959021616], [27.68031905715308, 47.14904559235014], [27.68032799581941, 47.14906627240058], [27.680844157248195, 47.14892507608234], [27.68134774799314, 47.148833419322656], [27.681283131348625, 47.148730496034936], [27.680725523951033, 47.14887753220036], [27.677374315162545, 47.14982569332006], [27.67738237106992, 47.149905568265304]]]}}, {"type": "Feature", "properties": {"utr": "UTR7_L1", "tip_szf": "subzona de locuire individuală situată în ţesut tradiţional cu regim de construire continuu şi discontinuu. Subzonă dezvoltată în etape succesive, organic și planificat", "cod_zf": "ZF11", "tip_zf": "Zonă locuințe și funcțiuni complementare", "arie_mp": 71058.2}, "geometry": {"type": "Polygon", "coordinates": [[[27.682067094130282, 47.150686797358816], [27.68247760189963, 47.150607670451215], [27.683075874158604, 47.15045319977584], [27.683103897404568, 47.15031735516329], [27.683197581217176, 47.1503117079263], [27.683206859820015, 47.15035512645566], [27.683300307675612, 47.150374774045865], [27.683347248313243, 47.15042459053265], [27.683326246937355, 47.150502649468166], [27.683450003120548, 47.15073648064733], [27.683482235297348, 47.15077289033561], [27.683624169729843, 47.150845514251074], [27.68376746978395, 47.150891162692844], [27.684362545225103, 47.15097271389073], [27.6846104993558, 47.1510256835556], [27.68498701848824, 47.15042059784239], [27.6850436314347, 47.15026323124551], [27.685187429781678, 47.14971385312152], [27.685263231385868, 47.14951067849421], [27.686331093872468, 47.14858671381291], [27.686424048389863, 47.14858116689618], [27.686491224253604, 47.148517197478434], [27.686497119492444, 47.14846857810157], [27.685397521426783, 47.14843817687537], [27.685387190042743, 47.148457138737236], [27.683307925714175, 47.1483588810243], [27.682861512403925, 47.14839348731034], [27.682180887689473, 47.14853404058624], [27.682321671937032, 47.14889247905419], [27.682348269279004, 47.149133822747665], [27.68233147571707, 47.14930046265406], [27.682356177918127, 47.14940032121154], [27.682315000001466, 47.14942731640683], [27.682283535001297, 47.14903065207771], [27.68217816005567, 47.14868131848635], [27.682108352394216, 47.14852801648257], [27.681362752467358, 47.14872682991832], [27.681716658050714, 47.14953263663249], [27.68180122823503, 47.14986136343295], [27.682067094130282, 47.150686797358816]]]}}, {"type": "Feature", "properties": {"utr": "UTR15_V2", "tip_szf": "subzona spaţiilor verzi cu destinaţie tehnică (culoare de protecţie pentru infrastructura de comunicaţie rutieră și feroviară, infrastructura de transport energetic, gaze, apă, etc.)", "cod_zf": "ZF14", "tip_zf": "Zonă spații verzi, sport și agrement", "arie_mp": 135.9}, "geometry": {"type": "Polygon", "coordinates": [[[27.681362752467358, 47.14872682991832], [27.682108352394216, 47.14852801648257], [27.68209804823848, 47.14850538782991], [27.68135444081233, 47.14871123824355], [27.681362752467358, 47.14872682991832]]]}}, {"type": "Feature", "properties": {"utr": "UTR15_V2", "tip_szf": "subzona spaţiilor verzi cu destinaţie tehnică (culoare de protecţie pentru infrastructura de comunicaţie rutieră și feroviară, infrastructura de transport energetic, gaze, apă, etc.)", "cod_zf": "ZF14", "tip_zf": "Zonă spații verzi, sport și agrement", "arie_mp": 2490.8}, "geometry": {"type": "Polygon", "coordinates": [[[27.682180887689473, 47.14853404058624], [27.682861512403925, 47.14839348731034], [27.683307925714175, 47.1483588810243], [27.685387190042743, 47.148457138737236], [27.685397521426783, 47.14843817687537], [27.686497119492444, 47.14846857810157], [27.686506993208052, 47.148449651496485], [27.68586473351411, 47.14840347818239], [27.683253634348223, 47.14827855584952], [27.682830388398735, 47.148329695699935], [27.682502208944097, 47.14839665483286], [27.682157956296862, 47.14848839065232], [27.682180887689473, 47.14853404058624]]]}}, {"type": "Feature", "properties": {"utr": "UTR7_L1", "tip_szf": "subzona de locuire individuală situată în ţesut tradiţional cu regim de construire continuu şi discontinuu. Subzonă dezvoltată în etape succesive, organic și planificat", "cod_zf": "ZF11", "tip_zf": "Zonă locuințe și funcțiuni complementare", "arie_mp": 33556.9}, "geometry": {"type": "Polygon", "coordinates": [[[27.68737027881382, 47.15160555721934], [27.686586155362736, 47.15162582859444], [27.684724644152183, 47.15173816269889], [27.68466712624563, 47.151560296946926], [27.684643847757165, 47.151420863170785], [27.684655495480637, 47.151388103934295], [27.68484383294189, 47.151078029393865], [27.685210901636488, 47.15053951814994], [27.685441644713695, 47.1497117099086], [27.68550793194895, 47.14956458123478], [27.68579969341254, 47.1493091946097], [27.685828406508236, 47.1493093788005], [27.686083977920127, 47.1496457029688], [27.686347508970044, 47.14984953932167], [27.68666626432613, 47.15006808173063], [27.686974947074035, 47.15039466742902], [27.68710106788541, 47.15058116205311], [27.687297975380776, 47.15109603312654], [27.68737027881382, 47.15160555721934]]]}}, {"type": "Feature", "properties": {"utr": "UTR7_L1", "tip_szf": "subzona de locuire individuală situată în ţesut tradiţional cu regim de construire continuu şi discontinuu. Subzonă dezvoltată în etape succesive, organic și planificat", "cod_zf": "ZF11", "tip_zf": "Zonă locuințe și funcțiuni complementare", "arie_mp": 22938.8}, "geometry": {"type": "Polygon", "coordinates": [[[27.687520402032117, 47.15169048607097], [27.688138853077856, 47.151665634357016], [27.688453297648177, 47.151627277688995], [27.688671582487693, 47.151355669709254], [27.688894066622474, 47.1510089363699], [27.689077850339295, 47.15046869555229], [27.689121431617693, 47.15022626506897], [27.689090434368737, 47.15017646521068], [27.68902831833938, 47.15013960325065], [27.688241531830272, 47.150053914762786], [27.688214685117682, 47.1500353631458], [27.68767496040641, 47.14996674282984], [27.68676287956856, 47.14981792250104], [27.68664002049973, 47.14989245292914], [27.68703231393212, 47.15028090191839], [27.68724035101815, 47.15056049569458], [27.68743610687112, 47.15110109179408], [27.687520402032117, 47.15169048607097]]]}}, {"type": "Feature", "properties": {"utr": "UTR7_L1", "tip_szf": "subzona de locuire individuală situată în ţesut tradiţional cu regim de construire continuu şi discontinuu. Subzonă dezvoltată în etape succesive, organic și planificat", "cod_zf": "ZF11", "tip_zf": "Zonă locuințe și funcțiuni complementare", "arie_mp": 53032.8}, "geometry": {"type": "Polygon", "coordinates": [[[27.690922199460044, 47.14861990393987], [27.690891850741576, 47.14852801434787], [27.69028600505114, 47.14851950296876], [27.68991444200285, 47.14853983173348], [27.690056002740956, 47.14925196146981], [27.690158085980183, 47.15021969489727], [27.690272919273163, 47.15022844209564], [27.69027433514199, 47.15023894716123], [27.69169528187511, 47.15020942906381], [27.69234629394695, 47.150163498342714], [27.692650218098343, 47.15009147116716], [27.692528821109132, 47.14903086570315], [27.692574939247294, 47.14902984755142], [27.692593331279298, 47.14917565617016], [27.692639281125885, 47.14917285788806], [27.69275242686316, 47.15007473703153], [27.69307947216349, 47.15000236845934], [27.69354363531647, 47.14994306516472], [27.694003391954215, 47.14990958231534], [27.694135676727754, 47.14866879830775], [27.694147024472766, 47.1484939768824], [27.694129451000954, 47.14848048278708], [27.691106376347427, 47.1485574149099], [27.690948223054633, 47.14852880807705], [27.69110946658059, 47.149923109841794], [27.69107388990259, 47.149921098485265], [27.6910027370454, 47.149417210292995], [27.690922199460044, 47.14861990393987]]]}}, {"type": "Feature", "properties": {"utr": "UTR15_V2", "tip_szf": "subzona spaţiilor verzi cu destinaţie tehnică (culoare de protecţie pentru infrastructura de comunicaţie rutieră și feroviară, infrastructura de transport energetic, gaze, apă, etc.)", "cod_zf": "ZF14", "tip_zf": "Zonă spații verzi, sport și agrement", "arie_mp": 1811.2}, "geometry": {"type": "Polygon", "coordinates": [[[27.690990147940756, 47.14853639149191], [27.691106376347427, 47.1485574149099], [27.694129451000954, 47.14848048278708], [27.69412881925083, 47.148412292793445], [27.690996793656367, 47.14848495796921], [27.690990147940756, 47.14853639149191]]]}}, {"type": "Feature", "properties": {"utr": "UTR15_V2", "tip_szf": "subzona spaţiilor verzi cu destinaţie tehnică (culoare de protecţie pentru infrastructura de comunicaţie rutieră și feroviară, infrastructura de transport energetic, gaze, apă, etc.)", "cod_zf": "ZF14", "tip_zf": "Zonă spații verzi, sport și agrement", "arie_mp": 1287.2}, "geometry": {"type": "Polygon", "coordinates": [[[27.689919942386467, 47.14856750212012], [27.68991444200285, 47.14853983173348], [27.69028600505114, 47.14851950296876], [27.690891850741576, 47.14852801434787], [27.690878322941614, 47.14848705488182], [27.68961372554289, 47.14852538634382], [27.688432953277864, 47.14854152877101], [27.687423324657498, 47.14849714151511], [27.68751546911534, 47.1485527152999], [27.688977132956268, 47.148602027107316], [27.689919942386467, 47.14856750212012]]]}}, {"type": "Feature", "properties": {"utr": "UTR7_L1", "tip_szf": "subzona de locuire individuală situată în ţesut tradiţional cu regim de construire continuu şi discontinuu. Subzonă dezvoltată în etape succesive, organic și planificat", "cod_zf": "ZF11", "tip_zf": "Zonă locuințe și funcțiuni complementare", "arie_mp": 24515.6}, "geometry": {"type": "Polygon", "coordinates": [[[27.689221147467816, 47.15011720137979], [27.689231539876083, 47.15001899477613], [27.689010000768555, 47.149673757832026], [27.68891922794453, 47.149563902077325], [27.688847824593264, 47.149540167546405], [27.68880815985772, 47.14955444501483], [27.68842186072358, 47.149261342330725], [27.688369948675508, 47.14917943229296], [27.68779698247019, 47.14890122063644], [27.687488589182873, 47.14866414924872], [27.687313831006993, 47.14857012754511], [27.68715817042731, 47.14853902462101], [27.686705523219736, 47.148522414771485], [27.686239320655, 47.14887827467785], [27.685923150091156, 47.14917199562098], [27.685996640122827, 47.14933873421571], [27.68615016970555, 47.149566966949585], [27.68651305269136, 47.14980280780623], [27.686566938594975, 47.14981100552251], [27.686755271886977, 47.149762942680184], [27.688850260560805, 47.15006577856926], [27.689100230031652, 47.15008543085693], [27.689221147467816, 47.15011720137979]]]}}, {"type": "Feature", "properties": {"utr": "UTR15_V2", "tip_szf": "subzona spaţiilor verzi cu destinaţie tehnică (culoare de protecţie pentru infrastructura de comunicaţie rutieră și feroviară, infrastructura de transport energetic, gaze, apă, etc.)", "cod_zf": "ZF14", "tip_zf": "Zonă spații verzi, sport și agrement", "arie_mp": 279.6}, "geometry": {"type": "Polygon", "coordinates": [[[27.686654084746806, 47.14856612244781], [27.686705523219736, 47.148522414771485], [27.68715817042731, 47.14853902462101], [27.687313831006993, 47.14857012754511], [27.68723731409967, 47.14848766939977], [27.6867370668066, 47.148462194073204], [27.686654084746806, 47.14856612244781]]]}}, {"type": "Feature", "properties": {"utr": "UTR7_L1", "tip_szf": "subzona de locuire individuală situată în ţesut tradiţional cu regim de construire continuu şi discontinuu. Subzonă dezvoltată în etape succesive, organic și planificat", "cod_zf": "ZF11", "tip_zf": "Zonă locuințe și funcțiuni complementare", "arie_mp": 15909.3}, "geometry": {"type": "Polygon", "coordinates": [[[27.68751546911534, 47.1485527152999], [27.687736322347156, 47.148697534562565], [27.688440327771026, 47.149068002004434], [27.68880340075512, 47.14930953357401], [27.68941335864585, 47.14984972072349], [27.68949739872405, 47.15014752845945], [27.69007757999998, 47.150212596432695], [27.689976005753675, 47.149473705100455], [27.689946026918488, 47.14947537833394], [27.689801060420013, 47.14857191562544], [27.688977132956268, 47.148602027107316], [27.68751546911534, 47.1485527152999]]]}}, {"type": "Feature", "properties": {"utr": "UTR5_L1", "tip_szf": "subzona de locuire individuală situată în ţesut tradiţional cu regim de construire continuu şi discontinuu. Subzonă dezvoltată în etape succesive, organic și planificat", "cod_zf": "ZF11", "tip_zf": "Zonă locuințe și funcțiuni complementare", "arie_mp": 25903.5}, "geometry": {"type": "Polygon", "coordinates": [[[27.68703843124232, 47.15397950727002], [27.687736748022665, 47.153906760359064], [27.687599984548374, 47.15354834620104], [27.687374900304302, 47.15307540659473], [27.687293626835622, 47.15283795402921], [27.68731699203682, 47.152521127091696], [27.68740117342803, 47.15208830954943], [27.687387313127996, 47.15172591596918], [27.687365867964903, 47.15167981773606], [27.6851991774145, 47.151783984088], [27.68475724712785, 47.151820173719294], [27.68481101168399, 47.1519736831547], [27.685199805383043, 47.15280326582437], [27.68522908267287, 47.15286100989674], [27.68536405337571, 47.15302537348594], [27.685685475151462, 47.15293600455764], [27.68593264032777, 47.15284663151562], [27.685866947749144, 47.152670438475006], [27.68640324055571, 47.15258055203851], [27.686421341087545, 47.15263368652507], [27.686838835844902, 47.15258590520619], [27.686956265270112, 47.152865230464826], [27.686992752773108, 47.1531299370602], [27.686963845387638, 47.15313757887896], [27.686982916976124, 47.15369760923679], [27.686957875359827, 47.15387644948637], [27.68703843124232, 47.15397950727002]]]}}, {"type": "Feature", "properties": {"utr": "UTR7_L1", "tip_szf": "subzona de locuire individuală situată în ţesut tradiţional cu regim de construire continuu şi discontinuu. Subzonă dezvoltată în etape succesive, organic și planificat", "cod_zf": "ZF11", "tip_zf": "Zonă locuințe și funcțiuni complementare", "arie_mp": 10252.7}, "geometry": {"type": "Polygon", "coordinates": [[[27.686864363996342, 47.15461780128472], [27.687619526958038, 47.15444365377538], [27.687963906692392, 47.15438328898397], [27.688092274728447, 47.15459563522627], [27.688106462127937, 47.154658569244184], [27.688061289306408, 47.15471845612425], [27.687929506743203, 47.15481185401784], [27.68777469358843, 47.15495206084241], [27.68812154226058, 47.155479101237106], [27.687595022130942, 47.15579476004311], [27.687096471024937, 47.155804073881164], [27.687100153937934, 47.1555131182442], [27.686965424379785, 47.15484253251766], [27.686864363996342, 47.15461780128472]]]}}, {"type": "Feature", "properties": {"utr": "UTR7_L1", "tip_szf": "subzona de locuire individuală situată în ţesut tradiţional cu regim de construire continuu şi discontinuu. Subzonă dezvoltată în etape succesive, organic și planificat", "cod_zf": "ZF11", "tip_zf": "Zonă locuințe și funcțiuni complementare", "arie_mp": 18011.0}, "geometry": {"type": "Polygon", "coordinates": [[[27.688197827487908, 47.15553531832366], [27.68835697897487, 47.155682226539874], [27.688527971335077, 47.1557913164027], [27.688594458329128, 47.15589789700488], [27.688641100841775, 47.15628164215864], [27.68861547260557, 47.15629330638088], [27.688570389377073, 47.15639014756295], [27.688688174263227, 47.15639486821961], [27.688725122770425, 47.15664708787017], [27.688686902760438, 47.15671594193944], [27.688496145867322, 47.156861377217496], [27.688121984829188, 47.15710413563303], [27.687804169891706, 47.157259908967646], [27.687545455611346, 47.157343926428275], [27.687432584069587, 47.15735486205003], [27.687041412537955, 47.15650621622728], [27.686950371762066, 47.15619655214124], [27.68708136750282, 47.1560702953842], [27.687096960551905, 47.155847672304304], [27.687598223603942, 47.15584113914116], [27.68803167722911, 47.15558386291674], [27.688197827487908, 47.15553531832366]]]}}, {"type": "Feature", "properties": {"utr": "UTR7_L1", "tip_szf": "subzona de locuire individuală situată în ţesut tradiţional cu regim de construire continuu şi discontinuu. Subzonă dezvoltată în etape succesive, organic și planificat", "cod_zf": "ZF11", "tip_zf": "Zonă locuințe și funcțiuni complementare", "arie_mp": 20837.9}, "geometry": {"type": "Polygon", "coordinates": [[[27.68531585335311, 47.15789992663438], [27.685895051407247, 47.157801361266856], [27.686307195546675, 47.15764890844302], [27.686701496665165, 47.15748518002367], [27.687177110661832, 47.15716434953698], [27.686914383450393, 47.15652891496663], [27.686878091817654, 47.15642098556421], [27.686863743077865, 47.15631445447837], [27.686835817616043, 47.15627961698036], [27.686220737827366, 47.15637231334965], [27.68552007352668, 47.15645021080163], [27.685131701172406, 47.15662209174893], [27.68498188372351, 47.15671267940559], [27.684941513754175, 47.15677413969055], [27.684958176324134, 47.15686148036204], [27.68516535135948, 47.15749947031393], [27.68531585335311, 47.15789992663438]]]}}, {"type": "Feature", "properties": {"utr": "UTR7_L1", "tip_szf": "subzona de locuire individuală situată în ţesut tradiţional cu regim de construire continuu şi discontinuu. Subzonă dezvoltată în etape succesive, organic și planificat", "cod_zf": "ZF11", "tip_zf": "Zonă locuințe și funcțiuni complementare", "arie_mp": 21263.7}, "geometry": {"type": "Polygon", "coordinates": [[[27.685330850178882, 47.157978860749814], [27.685980820019783, 47.15784704900053], [27.686207022069354, 47.15776516732197], [27.686521380303354, 47.157992458845605], [27.686925558483694, 47.158225663116866], [27.687035926728424, 47.15833430882679], [27.687040172222027, 47.15850906315537], [27.68709336342997, 47.158710972955845], [27.687291449291198, 47.15923944839472], [27.68733491965522, 47.159301968277276], [27.686086593587834, 47.15977812572856], [27.685533801946185, 47.15886164932472], [27.685330850178882, 47.157978860749814]]]}}, {"type": "Feature", "properties": {"utr": "UTR7_L1", "tip_szf": "subzona de locuire individuală situată în ţesut tradiţional cu regim de construire continuu şi discontinuu. Subzonă dezvoltată în etape succesive, organic și planificat", "cod_zf": "ZF11", "tip_zf": "Zonă locuințe și funcțiuni complementare", "arie_mp": 15623.0}, "geometry": {"type": "Polygon", "coordinates": [[[27.686280998535896, 47.15772180531513], [27.686842761034168, 47.15748603454695], [27.687209209275842, 47.15722188506531], [27.687318440527388, 47.157397843447576], [27.687719555409025, 47.15792199793098], [27.688301725287786, 47.15874038739076], [27.68846805177546, 47.159160791802194], [27.68794276645803, 47.15921158827493], [27.687422752747267, 47.15923997402222], [27.687354212567353, 47.159131062606896], [27.687190004458134, 47.15866000789866], [27.687143592556325, 47.1584606978636], [27.68714743286794, 47.15828818803928], [27.687033666950494, 47.15819133690202], [27.686808198176927, 47.1580691117498], [27.686575106559964, 47.157969843233175], [27.686416667409034, 47.15786250894291], [27.686280998535896, 47.15772180531513]]]}}, {"type": "Feature", "properties": {"utr": "UTR7_L1", "tip_szf": "subzona de locuire individuală situată în ţesut tradiţional cu regim de construire continuu şi discontinuu. Subzonă dezvoltată în etape succesive, organic și planificat", "cod_zf": "ZF11", "tip_zf": "Zonă locuințe și funcțiuni complementare", "arie_mp": 10763.7}, "geometry": {"type": "Polygon", "coordinates": [[[27.688805456790536, 47.15671732842231], [27.688752289066176, 47.156251413676024], [27.688696916819186, 47.15593168520624], [27.68876396189933, 47.15592149306611], [27.689088034028856, 47.15596889770737], [27.689608466114034, 47.15591828206649], [27.689824300262178, 47.15591866593281], [27.68994629339013, 47.15593711193823], [27.6903184249182, 47.15606552590645], [27.690507479377658, 47.15615954015639], [27.690546476350875, 47.156228838089866], [27.690548714720244, 47.156299260046936], [27.690490869734763, 47.1565963859998], [27.69044798244931, 47.156624930584755], [27.690015458699317, 47.15669763087852], [27.688805456790536, 47.15671732842231]]]}}, {"type": "Feature", "properties": {"utr": "UTR7_L1", "tip_szf": "subzona de locuire individuală situată în ţesut tradiţional cu regim de construire continuu şi discontinuu. Subzonă dezvoltată în etape succesive, organic și planificat", "cod_zf": "ZF11", "tip_zf": "Zonă locuințe și funcțiuni complementare", "arie_mp": 29178.8}, "geometry": {"type": "Polygon", "coordinates": [[[27.688116970272322, 47.15820226673165], [27.68781798479527, 47.15788097088468], [27.687480035501608, 47.15743759004954], [27.68782231192526, 47.15733591877267], [27.688299402553778, 47.157082121140085], [27.68875988436175, 47.15677869541002], [27.689188703579884, 47.15676329555097], [27.68956601109264, 47.15678502708941], [27.690046399567162, 47.156760739257784], [27.69044518090521, 47.156690415507434], [27.690550233149715, 47.15669742436146], [27.690861667536367, 47.15676717968651], [27.69115650804516, 47.15690381605128], [27.691475621316894, 47.15717086898479], [27.691297838184248, 47.157469359373685], [27.691010747702943, 47.15758239588036], [27.690166703270343, 47.15764359904751], [27.689708144489654, 47.157758721522555], [27.689213968623058, 47.15782687210916], [27.68909618390756, 47.15788106026429], [27.688165765730545, 47.15820363555551], [27.688116970272322, 47.15820226673165]]]}}, {"type": "Feature", "properties": {"utr": "UTR5_L1", "tip_szf": "subzona de locuire individuală situată în ţesut tradiţional cu regim de construire continuu şi discontinuu. Subzonă dezvoltată în etape succesive, organic și planificat", "cod_zf": "ZF11", "tip_zf": "Zonă locuințe și funcțiuni complementare", "arie_mp": 1923.6}, "geometry": {"type": "Polygon", "coordinates": [[[27.69170931560772, 47.157269750346835], [27.69186212303077, 47.1573308091195], [27.6920307562635, 47.157363968183354], [27.692792282621497, 47.15759712515818], [27.69279131764501, 47.15762200692938], [27.69222853641288, 47.157804386054124], [27.69218965519227, 47.157801051313214], [27.6917575613035, 47.15734655795782], [27.69170931560772, 47.157269750346835]]]}}, {"type": "Feature", "properties": {"utr": "UTR7_L1", "tip_szf": "subzona de locuire individuală situată în ţesut tradiţional cu regim de construire continuu şi discontinuu. Subzonă dezvoltată în etape succesive, organic și planificat", "cod_zf": "ZF11", "tip_zf": "Zonă locuințe și funcțiuni complementare", "arie_mp": 82129.1}, "geometry": {"type": "Polygon", "coordinates": [[[27.691594728526486, 47.157249530858415], [27.69155563802069, 47.15725397416433], [27.69150197504621, 47.15729526527664], [27.691519167031768, 47.15731076381873], [27.69146329258688, 47.15735285360553], [27.691362040200563, 47.15749704097494], [27.69126841044108, 47.15755712197557], [27.691060005735714, 47.157640347380024], [27.69068280249732, 47.157680096834405], [27.69022423519028, 47.15769669695907], [27.689790684510644, 47.157799378690385], [27.68923483792319, 47.15788825460684], [27.688852784627297, 47.15805274668161], [27.688595352224585, 47.15814283198411], [27.68820567087175, 47.15826973846195], [27.688114437669274, 47.158272885995395], [27.688364309811046, 47.15865074542371], [27.688579901523646, 47.159023565834815], [27.688636273514994, 47.15917867688551], [27.68943497519433, 47.15913246789081], [27.690060754569796, 47.15920663793985], [27.69094250010724, 47.15911972385612], [27.691377524001556, 47.159117335962215], [27.691854929961302, 47.15916111382606], [27.69212197130268, 47.15916305156216], [27.693741712693118, 47.159114308491965], [27.694480826153374, 47.159059691006846], [27.694952968612007, 47.15904839378401], [27.694973299531483, 47.15817734559753], [27.694879496967644, 47.1581210470452], [27.694721831395025, 47.158094881478995], [27.69467176325794, 47.158072208567916], [27.694624942513098, 47.158073740360166], [27.694724187665866, 47.15747375384657], [27.69469757465987, 47.15732040853367], [27.69448293223638, 47.15715338664352], [27.69425515766583, 47.1570649484002], [27.693019122646863, 47.15763603798665], [27.693279770511843, 47.15784569987096], [27.69324284480816, 47.157874077416274], [27.69296873033059, 47.157651685683355], [27.692154187583355, 47.157879461281745], [27.691594728526486, 47.157249530858415]]]}}, {"type": "Feature", "properties": {"utr": "UTR7_L1", "tip_szf": "subzona de locuire individuală situată în ţesut tradiţional cu regim de construire continuu şi discontinuu. Subzonă dezvoltată în etape succesive, organic și planificat", "cod_zf": "ZF11", "tip_zf": "Zonă locuințe și funcțiuni complementare", "arie_mp": 19015.0}, "geometry": {"type": "Polygon", "coordinates": [[[27.69783858418562, 47.1588259542432], [27.6966912579144, 47.15894793229818], [27.69587482832068, 47.15901665996965], [27.69506882239859, 47.15903647146452], [27.695046888731746, 47.158585621876526], [27.695059755272975, 47.15835900501875], [27.695050982427695, 47.15813032486819], [27.696286733324822, 47.15813724825663], [27.697860222617194, 47.158172190853485], [27.69783858418562, 47.1588259542432]]]}}, {"type": "Feature", "properties": {"utr": "UTR7_L1", "tip_szf": "subzona de locuire individuală situată în ţesut tradiţional cu regim de construire continuu şi discontinuu. Subzonă dezvoltată în etape succesive, organic și planificat", "cod_zf": "ZF11", "tip_zf": "Zonă locuințe și funcțiuni complementare", "arie_mp": 10084.8}, "geometry": {"type": "Polygon", "coordinates": [[[27.701099275711478, 47.158203836336], [27.701141521613764, 47.15823071988773], [27.70114349092432, 47.158273245878284], [27.700019601324144, 47.15850026662947], [27.698978053115177, 47.15868620421427], [27.697977067561514, 47.158801774603845], [27.69799833063581, 47.15818061128904], [27.698636996800115, 47.158170785295496], [27.699994620094277, 47.158200108298786], [27.701099275711478, 47.158203836336]]]}}, {"type": "Feature", "properties": {"utr": "UTR7_L1", "tip_szf": "subzona de locuire individuală situată în ţesut tradiţional cu regim de construire continuu şi discontinuu. Subzonă dezvoltată în etape succesive, organic și planificat", "cod_zf": "ZF11", "tip_zf": "Zonă locuințe și funcțiuni complementare", "arie_mp": 25513.2}, "geometry": {"type": "Polygon", "coordinates": [[[27.70117877580211, 47.15813261907449], [27.7011129919338, 47.15815722149689], [27.700529366820987, 47.15815507321346], [27.70019081196038, 47.15813721751984], [27.69799706511951, 47.158118063278835], [27.698029203309094, 47.15716630454509], [27.701045745346004, 47.15722414787496], [27.70122824473492, 47.15747263724428], [27.701298265381073, 47.15771234484958], [27.701275668487625, 47.15793562036146], [27.70117877580211, 47.15813261907449]]]}}, {"type": "Feature", "properties": {"utr": "UTR7_L1", "tip_szf": "subzona de locuire individuală situată în ţesut tradiţional cu regim de construire continuu şi discontinuu. Subzonă dezvoltată în etape succesive, organic și planificat", "cod_zf": "ZF11", "tip_zf": "Zonă locuințe și funcțiuni complementare", "arie_mp": 23106.8}, "geometry": {"type": "Polygon", "coordinates": [[[27.700946706333195, 47.15715631411245], [27.70026151191431, 47.15714702748295], [27.69947665275232, 47.157109038512615], [27.698021151894114, 47.157109276444054], [27.69803472132922, 47.15614713003954], [27.699678494201315, 47.15618139210788], [27.70083186559696, 47.15616613440755], [27.700946706333195, 47.15715631411245]]]}}, {"type": "Feature", "properties": {"utr": "UTR7_L1", "tip_szf": "subzona de locuire individuală situată în ţesut tradiţional cu regim de construire continuu şi discontinuu. Subzonă dezvoltată în etape succesive, organic și planificat", "cod_zf": "ZF11", "tip_zf": "Zonă locuințe și funcțiuni complementare", "arie_mp": 24670.2}, "geometry": {"type": "Polygon", "coordinates": [[[27.697857116125107, 47.158115950698466], [27.696490181307787, 47.158073658409016], [27.694803698558008, 47.15806863236706], [27.694782898364114, 47.158057615143775], [27.694848635750805, 47.1574249940447], [27.69481561621331, 47.15731114644911], [27.694691831477265, 47.15716923007029], [27.694695020854354, 47.157134838482506], [27.695152061218632, 47.15710914786368], [27.69652246694486, 47.15712034537127], [27.69789219960886, 47.157165990231555], [27.697857116125107, 47.158115950698466]]]}}, {"type": "Feature", "properties": {"utr": "UTR7_L1", "tip_szf": "subzona de locuire individuală situată în ţesut tradiţional cu regim de construire continuu şi discontinuu. Subzonă dezvoltată în etape succesive, organic și planificat", "cod_zf": "ZF11", "tip_zf": "Zonă locuințe și funcțiuni complementare", "arie_mp": 24091.3}, "geometry": {"type": "Polygon", "coordinates": [[[27.697878698428234, 47.15709124633356], [27.696680350892187, 47.15705486501843], [27.69539478832345, 47.15704073300057], [27.694617824899037, 47.157060809149726], [27.694529278230004, 47.15705139905491], [27.694338681989006, 47.1569300678147], [27.69433988525687, 47.156914121014395], [27.694887401689897, 47.15651892476235], [27.695497580994395, 47.156133104667965], [27.695557774646957, 47.156116242725666], [27.695942075533893, 47.15610668434711], [27.69596449530255, 47.156118544748864], [27.696357910523766, 47.156126500290725], [27.697903119200774, 47.15614242617073], [27.697878698428234, 47.15709124633356]]]}}, {"type": "Feature", "properties": {"utr": "UTR7_L1", "tip_szf": "subzona de locuire individuală situată în ţesut tradiţional cu regim de construire continuu şi discontinuu. Subzonă dezvoltată în etape succesive, organic și planificat", "cod_zf": "ZF11", "tip_zf": "Zonă locuințe și funcțiuni complementare", "arie_mp": 12335.4}, "geometry": {"type": "Polygon", "coordinates": [[[27.69790482407855, 47.15607375007357], [27.69792058623738, 47.15515264235326], [27.69696113141317, 47.155131890900535], [27.696833190290146, 47.155202320306586], [27.69635310664849, 47.15559798584076], [27.69592734574804, 47.15584193745093], [27.695663665530617, 47.15603048841336], [27.69570361822293, 47.156047744872005], [27.696358917149194, 47.156035354668404], [27.69790482407855, 47.15607375007357]]]}}, {"type": "Feature", "properties": {"utr": "UTR7_L1", "tip_szf": "subzona de locuire individuală situată în ţesut tradiţional cu regim de construire continuu şi discontinuu. Subzonă dezvoltată în etape succesive, organic și planificat", "cod_zf": "ZF11", "tip_zf": "Zonă locuințe și funcțiuni complementare", "arie_mp": 21872.5}, "geometry": {"type": "Polygon", "coordinates": [[[27.699498339812376, 47.15610289094248], [27.69807764863882, 47.1560787063801], [27.698010479349126, 47.156056264440984], [27.69800433338697, 47.15532385845448], [27.698021224041906, 47.155148520554086], [27.699507600942315, 47.1551803583002], [27.700674806384338, 47.155185582868896], [27.700719798074285, 47.15523646685867], [27.700775557983484, 47.155352656768734], [27.700793723865143, 47.15541096537638], [27.70081771300219, 47.15604300575285], [27.700815587381644, 47.1561000989756], [27.700787511244776, 47.156112674525176], [27.700187893320244, 47.156127534396255], [27.699498339812376, 47.15610289094248]]]}}, {"type": "Feature", "properties": {"utr": "UTR6_L1", "tip_szf": "subzona de locuire individuală situată în ţesut tradiţional cu regim de construire continuu şi discontinuu. Subzonă dezvoltată în etape succesive, organic și planificat", "cod_zf": "ZF11", "tip_zf": "Zonă locuințe și funcțiuni complementare", "arie_mp": 18914.6}, "geometry": {"type": "Polygon", "coordinates": [[[27.699835869859474, 47.15963881392186], [27.7008775060058, 47.158439429963806], [27.700767082063553, 47.15847809081211], [27.700743634721018, 47.15846994547632], [27.698840929432734, 47.158823898083185], [27.69794289486566, 47.15894271810086], [27.69797002519194, 47.159378318545386], [27.697958303615128, 47.15982161107192], [27.698808556497088, 47.159723128901305], [27.699835869859474, 47.15963881392186]]]}}, {"type": "Feature", "properties": {"utr": "UTR6_L1", "tip_szf": "subzona de locuire individuală situată în ţesut tradiţional cu regim de construire continuu şi discontinuu. Subzonă dezvoltată în etape succesive, organic și planificat", "cod_zf": "ZF11", "tip_zf": "Zonă locuințe și funcțiuni complementare", "arie_mp": 168339.9}, "geometry": {"type": "Polygon", "coordinates": [[[27.692162802768447, 47.16328289496457], [27.688962602369124, 47.160425344522594], [27.6894302949921, 47.16029226215334], [27.690036275175924, 47.160866974900905], [27.69106858136486, 47.16043462095209], [27.691263502324972, 47.1606245600064], [27.69201782878188, 47.16034871547401], [27.6920361119301, 47.16036421855395], [27.692422630217123, 47.16022564906101], [27.69244783443737, 47.16024825718287], [27.69289287541858, 47.16006495649041], [27.692877802949837, 47.16002743925766], [27.693390267244826, 47.15988761331656], [27.693672628005665, 47.1602517587542], [27.69394560099078, 47.160118292845034], [27.694284247365154, 47.16046106278644], [27.69466987017306, 47.160281255943794], [27.694648068045804, 47.160229133549], [27.69491684044902, 47.16014917573694], [27.69607054610935, 47.16006395162713], [27.696931563729745, 47.159964745762835], [27.696931757844283, 47.1599471848557], [27.69766295513257, 47.159869347440775], [27.697862237387316, 47.15982998133947], [27.69786384427801, 47.1592430648979], [27.697849458536414, 47.15923808204325], [27.69783561178691, 47.15895522004797], [27.696888673164757, 47.1590489586443], [27.69568358881223, 47.159132241248], [27.694900384344454, 47.159155577341366], [27.692532041592703, 47.15927514728434], [27.69214239804217, 47.159283520831266], [27.690891623953796, 47.15923453238439], [27.690047077259567, 47.1592978084786], [27.689882068993214, 47.15929348113835], [27.68934933583593, 47.15923056588527], [27.688744416657567, 47.15928984042786], [27.687520089440817, 47.15934699632621], [27.68613906487551, 47.15984024542441], [27.68609993699872, 47.159870912704605], [27.686527680496745, 47.160636092513194], [27.686592912770923, 47.16083102721969], [27.68667539382603, 47.1612381693153], [27.686722309436902, 47.16132611669238], [27.686793784807946, 47.161398969617196], [27.686875802213766, 47.161449828706466], [27.687850151813937, 47.16184481133317], [27.687998207237356, 47.16196925818205], [27.688124641020465, 47.16198918310604], [27.688540957699527, 47.1621677853907], [27.690326191025218, 47.163245913231044], [27.691288846858335, 47.16387818267147], [27.69140109013126, 47.1638143997976], [27.692162802768447, 47.16328289496457]]]}}, {"type": "Feature", "properties": {"utr": "UTR6_L1", "tip_szf": "subzona de locuire individuală situată în ţesut tradiţional cu regim de construire continuu şi discontinuu. Subzonă dezvoltată în etape succesive, organic și planificat", "cod_zf": "ZF11", "tip_zf": "Zonă locuințe și funcțiuni complementare", "arie_mp": 44213.3}, "geometry": {"type": "Polygon", "coordinates": [[[27.698042318635455, 47.16161139035025], [27.69772401715181, 47.16164264798439], [27.697610838968323, 47.161817664834636], [27.697325503222302, 47.16184740906826], [27.69727511072739, 47.16161477848531], [27.697425275334428, 47.161594786448774], [27.697420633324768, 47.16142917611326], [27.697521058877985, 47.161348449399235], [27.697505614983857, 47.16118577267342], [27.69736315831503, 47.16120840000333], [27.697423101546484, 47.1608525521316], [27.69793319282244, 47.16075280758854], [27.69792787133455, 47.16043397517134], [27.698443270555615, 47.16031810393742], [27.69873162881747, 47.160278246405205], [27.69876951177863, 47.15978795225631], [27.698132526870157, 47.15984511247835], [27.69646177952334, 47.16006106188279], [27.69489858672689, 47.160210906249716], [27.694766426402662, 47.160240011524074], [27.69472910598118, 47.16031151849646], [27.695345182530783, 47.160885370445236], [27.695396335043988, 47.16095451604936], [27.69542354864821, 47.161005824394834], [27.695301512081635, 47.161097869323214], [27.696179498065327, 47.161830208443924], [27.697293389294586, 47.162657053254506], [27.698042318635455, 47.16161139035025]]]}}, {"type": "Feature", "properties": {"utr": "UTR7_L1", "tip_szf": "subzona de locuire individuală situată în ţesut tradiţional cu regim de construire continuu şi discontinuu. Subzonă dezvoltată în etape succesive, organic și planificat", "cod_zf": "ZF11", "tip_zf": "Zonă locuințe și funcțiuni complementare", "arie_mp": 48204.0}, "geometry": {"type": "Polygon", "coordinates": [[[27.702110208867506, 47.15882214296538], [27.70292682874614, 47.159178791851524], [27.702981221283448, 47.1591207189454], [27.705028299433927, 47.159957595124396], [27.706241978145854, 47.157875623168806], [27.706087169651248, 47.15769203119372], [27.704964800184644, 47.157792730562036], [27.703936022238985, 47.15781488970148], [27.703442281773874, 47.157847028571034], [27.702064897659174, 47.158158685297416], [27.702251455782555, 47.15861267714336], [27.702110208867506, 47.15882214296538]]]}}, {"type": "Feature", "properties": {"utr": "UTR8_ID", "tip_szf": "subzona activităţilor productive compuse din industrie și depozitare", "cod_zf": "ZF12", "tip_zf": "Zonă unități industriale și de depozitare", "arie_mp": 533137.6}, "geometry": {"type": "Polygon", "coordinates": [[[27.69267163679985, 47.14418298933887], [27.692561266457723, 47.14330751945298], [27.690695344890543, 47.14283395079696], [27.688645119136645, 47.14574543598102], [27.687929482124304, 47.146704531177754], [27.687970037198458, 47.146725138671705], [27.68798571774571, 47.1468182872269], [27.68796956140082, 47.14686993658225], [27.68778571328086, 47.14700427366394], [27.687520381547504, 47.14724783650969], [27.687454386334593, 47.14736942618784], [27.687421909220394, 47.147704399462626], [27.687348283051588, 47.148053663581244], [27.68735125457214, 47.14809454793867], [27.687653151771514, 47.14813303327303], [27.688583640951705, 47.148139496188506], [27.68998391969195, 47.148088673305196], [27.68998214300639, 47.147997428039005], [27.69047633286083, 47.14801949240689], [27.6908585445426, 47.147995407798156], [27.690863418566842, 47.14803148357055], [27.69160906801152, 47.147984600840346], [27.692882988087113, 47.14793295688008], [27.697268437047157, 47.14777947493498], [27.698511385578254, 47.14774252757167], [27.699233418911195, 47.14775709924192], [27.700342283907087, 47.14783674765102], [27.700829243296788, 47.147888805003426], [27.701350537124366, 47.147974648041334], [27.701849008020133, 47.14808630008209], [27.702261503631725, 47.148212655256025], [27.70296569100821, 47.148461929252036], [27.703068558230864, 47.14836169338379], [27.703359953440113, 47.14849387527926], [27.703326446416764, 47.14853943444764], [27.703366241136003, 47.148553136374645], [27.703394648151374, 47.148514736547995], [27.704304953821385, 47.148880503604644], [27.704622500240276, 47.148509244018115], [27.70490455260075, 47.14814227588409], [27.703899054636622, 47.1475606069276], [27.703616260390174, 47.14393487523775], [27.69267163679985, 47.14418298933887]]]}}, {"type": "Feature", "properties": {"utr": "UTR8a_ID", "tip_szf": "subzona activităţilor productive compuse din industrie și depozitare", "cod_zf": "ZF12", "tip_zf": "Zonă unități industriale și de depozitare", "arie_mp": 15382.8}, "geometry": {"type": "Polygon", "coordinates": [[[27.687377027747647, 47.14828224367611], [27.687427936447268, 47.14840455598638], [27.687753815183722, 47.14842217971787], [27.68852933343467, 47.14844636729905], [27.690280140928543, 47.148422817467], [27.69384836955509, 47.14831068646523], [27.69531865007277, 47.14829548786337], [27.699157476628628, 47.148209657138224], [27.69917901581411, 47.148025670716706], [27.698222348652067, 47.14801565481957], [27.695847873875955, 47.148104995030685], [27.69585550828591, 47.14821282777298], [27.695381171212226, 47.14823011774697], [27.695229954427226, 47.14822909405], [27.695225011676246, 47.148143129505485], [27.695039753374125, 47.14813999982873], [27.695047960436128, 47.14823133276321], [27.69473035472889, 47.14823895037443], [27.694727890003083, 47.14818087227872], [27.69465904262841, 47.14818232080886], [27.694658772854105, 47.148158553982306], [27.69459382574672, 47.14815438695133], [27.694596555037972, 47.14824371570809], [27.6935376821991, 47.148275630163454], [27.693529873464325, 47.14816156226721], [27.69124642175858, 47.14823750952499], [27.687377027747647, 47.14828224367611]]]}}, {"type": "Feature", "properties": {"utr": "UTR7_L1", "tip_szf": "subzona de locuire individuală situată în ţesut tradiţional cu regim de construire continuu şi discontinuu. Subzonă dezvoltată în etape succesive, organic și planificat", "cod_zf": "ZF11", "tip_zf": "Zonă locuințe și funcțiuni complementare", "arie_mp": 20833.4}, "geometry": {"type": "Polygon", "coordinates": [[[27.695801079097492, 47.14958787841241], [27.69420570101542, 47.14961303692398], [27.69412091456712, 47.15065999225089], [27.69405971704538, 47.15110034387483], [27.694070626335233, 47.15111719701065], [27.694803399317383, 47.15121032717786], [27.694797786682457, 47.15123142688819], [27.69545627934101, 47.15131785329832], [27.695656657843244, 47.1504275479602], [27.695751483873277, 47.150073199973384], [27.695782687475877, 47.14988406355814], [27.695801079097492, 47.14958787841241]]]}}, {"type": "Feature", "properties": {"utr": "UTR7_L1", "tip_szf": "subzona de locuire individuală situată în ţesut tradiţional cu regim de construire continuu şi discontinuu. Subzonă dezvoltată în etape succesive, organic și planificat", "cod_zf": "ZF11", "tip_zf": "Zonă locuințe și funcțiuni complementare", "arie_mp": 19141.2}, "geometry": {"type": "Polygon", "coordinates": [[[27.690576511617525, 47.15117534911272], [27.69067040274452, 47.150803622153106], [27.691480971599272, 47.15090197341104], [27.691555128880697, 47.150595247098074], [27.69282680919828, 47.150773498945085], [27.693949339180016, 47.150869036274734], [27.693997896821667, 47.150442290024685], [27.69390565821492, 47.15044353092675], [27.69395672445657, 47.1499955411947], [27.693258927666324, 47.15007640780106], [27.692169290278528, 47.15025061565774], [27.690254042261664, 47.150270860041275], [27.690241703545762, 47.150320680201155], [27.69030253405889, 47.15081504677716], [27.690448848285346, 47.1511387964644], [27.690576511617525, 47.15117534911272]]]}}, {"type": "Feature", "properties": {"utr": "UTR8b_ID", "tip_szf": "subzona activităţilor productive compuse din industrie și depozitare", "cod_zf": "ZF12", "tip_zf": "Zonă unități industriale și de depozitare", "arie_mp": 3101.7}, "geometry": {"type": "Polygon", "coordinates": [[[27.693727031359515, 47.15157083449702], [27.692814152259395, 47.15147163420475], [27.692936468802152, 47.151157925620396], [27.693024270438038, 47.15110887657211], [27.693791064698235, 47.15120167286643], [27.69389556522425, 47.15122740432608], [27.69385638458736, 47.151534513962915], [27.69373670332522, 47.1515254423028], [27.693727031359515, 47.15157083449702]]]}}, {"type": "Feature", "properties": {"utr": "UTR8b_ID", "tip_szf": "subzona activităţilor productive compuse din industrie și depozitare", "cod_zf": "ZF12", "tip_zf": "Zonă unități industriale și de depozitare", "arie_mp": 5139.1}, "geometry": {"type": "Polygon", "coordinates": [[[27.693846094127352, 47.15163828014276], [27.69319679341572, 47.151583949594816], [27.693006057211864, 47.152426830650796], [27.693743270542704, 47.15251533180474], [27.693846094127352, 47.15163828014276]]]}}, {"type": "Feature", "properties": {"utr": "UTR7_L1", "tip_szf": "subzona de locuire individuală situată în ţesut tradiţional cu regim de construire continuu şi discontinuu. Subzonă dezvoltată în etape succesive, organic și planificat", "cod_zf": "ZF11", "tip_zf": "Zonă locuințe și funcțiuni complementare", "arie_mp": 1848.5}, "geometry": {"type": "Polygon", "coordinates": [[[27.68931648658708, 47.15017772527125], [27.690115153532506, 47.1502406452452], [27.690203542668733, 47.150520096895974], [27.689589303710164, 47.15055273708472], [27.689487055145317, 47.15034639632231], [27.68931648658708, 47.15017772527125]]]}}, {"type": "Feature", "properties": {"utr": "UTR7_L1", "tip_szf": "subzona de locuire individuală situată în ţesut tradiţional cu regim de construire continuu şi discontinuu. Subzonă dezvoltată în etape succesive, organic și planificat", "cod_zf": "ZF11", "tip_zf": "Zonă locuințe și funcțiuni complementare", "arie_mp": 54212.6}, "geometry": {"type": "Polygon", "coordinates": [[[27.69801310401135, 47.1483215522046], [27.698016853579336, 47.14836584040588], [27.697117169123054, 47.14841092784187], [27.695851808688076, 47.14846066135959], [27.694302940143928, 47.14847655575993], [27.694210619191857, 47.14953577717591], [27.69588273920977, 47.14951715619586], [27.69586376106479, 47.14923174027222], [27.69590074999665, 47.149232467883024], [27.695930223285163, 47.14980161700096], [27.695893800637155, 47.150025321994754], [27.695584755695002, 47.151340540783686], [27.696671196748493, 47.15149417076944], [27.696720913695643, 47.151242201665006], [27.696695778832748, 47.151240382063754], [27.696952590644145, 47.149986093729865], [27.697039863197038, 47.149436416205546], [27.697051474018966, 47.14938448042388], [27.697150563842012, 47.149257012840415], [27.697979151672886, 47.14897125831065], [27.697994462737196, 47.14899300269827], [27.6987270791021, 47.148752907950076], [27.69921061921664, 47.14869329935476], [27.699455239903738, 47.148684229497576], [27.69949099496665, 47.14830189400254], [27.69801310401135, 47.1483215522046]]]}}, {"type": "Feature", "properties": {"utr": "UTR7_L1", "tip_szf": "subzona de locuire individuală situată în ţesut tradiţional cu regim de construire continuu şi discontinuu. Subzonă dezvoltată în etape succesive, organic și planificat", "cod_zf": "ZF11", "tip_zf": "Zonă locuințe și funcțiuni complementare", "arie_mp": 13434.8}, "geometry": {"type": "Polygon", "coordinates": [[[27.69955825546122, 47.14831818645032], [27.69951693135776, 47.14863027136516], [27.699480559798456, 47.14911781458009], [27.69939721914187, 47.14967329154742], [27.699683466881893, 47.149685837270376], [27.699759155424378, 47.1491658773467], [27.700358365197115, 47.149199458581975], [27.700415292622836, 47.14872667129819], [27.70241623317335, 47.14905356918064], [27.70250141728492, 47.14875677308028], [27.701194149917548, 47.148482952206685], [27.700819574976812, 47.14842377968982], [27.700114880408755, 47.14835456298136], [27.69955825546122, 47.14831818645032]]]}}, {"type": "Feature", "properties": {"utr": "UTR7_L1", "tip_szf": "subzona de locuire individuală situată în ţesut tradiţional cu regim de construire continuu şi discontinuu. Subzonă dezvoltată în etape succesive, organic și planificat", "cod_zf": "ZF11", "tip_zf": "Zonă locuințe și funcțiuni complementare", "arie_mp": 9112.6}, "geometry": {"type": "Polygon", "coordinates": [[[27.704963176142094, 47.14962894469981], [27.704876530689408, 47.15063261840228], [27.704767763648736, 47.151606454300676], [27.705780579656153, 47.1505370842759], [27.705220280778125, 47.150227638268206], [27.705253833845482, 47.15018107731651], [27.70581521291247, 47.15049966122156], [27.70605902765637, 47.15032030978943], [27.705147745280925, 47.14972715162843], [27.704963176142094, 47.14962894469981]]]}}, {"type": "Feature", "properties": {"utr": "UTR7_L1", "tip_szf": "subzona de locuire individuală situată în ţesut tradiţional cu regim de construire continuu şi discontinuu. Subzonă dezvoltată în etape succesive, organic și planificat", "cod_zf": "ZF11", "tip_zf": "Zonă locuințe și funcțiuni complementare", "arie_mp": 82803.3}, "geometry": {"type": "Polygon", "coordinates": [[[27.69238386456538, 47.15741988219059], [27.692234034776483, 47.156957791217295], [27.691812129677743, 47.15696377425852], [27.69176652888871, 47.156601999788315], [27.691694075688257, 47.15660890646303], [27.69163711293642, 47.15641708431196], [27.691719854008877, 47.15639425684035], [27.691622870321034, 47.156138947512645], [27.691485561656314, 47.15584123039231], [27.691367735144457, 47.15573863888666], [27.691323320459347, 47.15577639648394], [27.691121702055657, 47.15558199558643], [27.690757858689924, 47.155463568870736], [27.690793597636596, 47.155411090843806], [27.690360202645913, 47.15532427607777], [27.69020442931344, 47.155264813730724], [27.689981360267815, 47.155244780333575], [27.6894228088894, 47.155138026877594], [27.689181581121524, 47.15506993997308], [27.689170071954873, 47.1550516815913], [27.689373312036025, 47.1550145177374], [27.689167292848374, 47.15455537225549], [27.689058049919023, 47.15412412515103], [27.689840589149718, 47.15402061966213], [27.68967927951545, 47.15381569193816], [27.68909562012014, 47.15287787550394], [27.689107272674, 47.152780298944734], [27.689372186815888, 47.15265236492539], [27.68929821857128, 47.15254421282948], [27.689365304463752, 47.15235442932483], [27.689646815675367, 47.15222612057513], [27.68980200995011, 47.15211225159575], [27.689763458521455, 47.152112237642285], [27.689790828938424, 47.152061450603455], [27.689802506089574, 47.151992380356525], [27.689938050299077, 47.15182743188184], [27.689445841046204, 47.150555671715416], [27.689113360561766, 47.15055071524686], [27.689081449910837, 47.15071721138945], [27.688996510924884, 47.150935605868526], [27.68869617971763, 47.15140070957603], [27.688549329828053, 47.151673512107116], [27.68819046767558, 47.1517069557903], [27.688067093605778, 47.15173656309333], [27.687514249551143, 47.15174555488301], [27.687520101365873, 47.151974314965415], [27.68748151074228, 47.15231113234832], [27.687411262871912, 47.152722611540064], [27.687460157749065, 47.15301917874883], [27.687479345885286, 47.15308082073999], [27.68773944182718, 47.15355694167292], [27.687858700855283, 47.15385715038245], [27.687950490054735, 47.154164975860525], [27.688003922485134, 47.15428964029441], [27.688157550871082, 47.154500714322516], [27.688177275665662, 47.15461649498989], [27.688210617192844, 47.15467935066575], [27.68818428113929, 47.154741092237096], [27.68800425599249, 47.154838364978445], [27.6879458628997, 47.15488902026013], [27.687905377606633, 47.154965522923504], [27.687927676052176, 47.15502460198525], [27.687967093518658, 47.15505028174093], [27.688177189574947, 47.15536981616577], [27.688281980331897, 47.155485010916436], [27.688767177590698, 47.15584234640288], [27.689067957372224, 47.15590879156564], [27.68947501444981, 47.15586101389984], [27.690122538003077, 47.15587281029659], [27.69011631762891, 47.155902981934176], [27.690133861773162, 47.15591285022416], [27.690636168059047, 47.15611756143735], [27.690649539689996, 47.15628717620711], [27.690611546502193, 47.15658111538882], [27.6906386068779, 47.156631910891434], [27.690959962670952, 47.15674701915951], [27.691332731541603, 47.156910485168595], [27.691370066795788, 47.15695923714736], [27.691660657553655, 47.15718542264318], [27.69238386456538, 47.15741988219059]]]}}, {"type": "Feature", "properties": {"utr": "UTR7_L1", "tip_szf": "subzona de locuire individuală situată în ţesut tradiţional cu regim de construire continuu şi discontinuu. Subzonă dezvoltată în etape succesive, organic și planificat", "cod_zf": "ZF11", "tip_zf": "Zonă locuințe și funcțiuni complementare", "arie_mp": 69867.9}, "geometry": {"type": "Polygon", "coordinates": [[[27.693454965027367, 47.15369936490422], [27.693173272258726, 47.15370256289047], [27.693028258611072, 47.154799249145924], [27.69228600716299, 47.15439702035331], [27.691611783536146, 47.15430599417635], [27.69111236036057, 47.15305756535795], [27.691064205494644, 47.15290640285138], [27.690958074766034, 47.15269385696484], [27.69080373616037, 47.15229691967644], [27.690749830649004, 47.1520623657886], [27.690466525119398, 47.15122329054138], [27.690402226480206, 47.15114097995603], [27.690294226682038, 47.150937912840064], [27.690203542668733, 47.150520096895974], [27.689589303710164, 47.15055273708472], [27.689760582679703, 47.15100704254113], [27.690212389255993, 47.151138906228695], [27.690458087119843, 47.15145676065612], [27.690350467037877, 47.151602319016945], [27.690302516764543, 47.15204125076473], [27.689960537735896, 47.15219566918323], [27.68964985720691, 47.15237660640856], [27.689576311948315, 47.152504341153715], [27.689564857208577, 47.15267490913398], [27.689376314133657, 47.15290068815251], [27.689396727316037, 47.153009206067516], [27.689610114142553, 47.15337764925041], [27.689994353095408, 47.15396816932993], [27.690264388228613, 47.15417305850312], [27.690355887113945, 47.154302227326646], [27.690403921576884, 47.154563373639256], [27.690605010377013, 47.154987852735935], [27.691180595218373, 47.15530824448023], [27.691501107848996, 47.15542339893722], [27.692313665237307, 47.15538744573149], [27.693127965118762, 47.1552653720943], [27.693184462226935, 47.155218770650485], [27.693420526531824, 47.15509497291956], [27.693618136266352, 47.154965055001256], [27.69412150203249, 47.15487901679204], [27.69432117338483, 47.15481407686799], [27.694876983578524, 47.154736277254756], [27.69498815438652, 47.15365637497358], [27.694463859073345, 47.15361881456182], [27.69421897440204, 47.15361612086983], [27.694199329775472, 47.15383567528948], [27.6937589545219, 47.15382280528506], [27.693766896568604, 47.15375837461786], [27.69344737692726, 47.15374278265654], [27.693454965027367, 47.15369936490422]]]}}, {"type": "Feature", "properties": {"utr": "UTR15_V2", "tip_szf": "subzona spaţiilor verzi cu destinaţie tehnică (culoare de protecţie pentru infrastructura de comunicaţie rutieră și feroviară, infrastructura de transport energetic, gaze, apă, etc.)", "cod_zf": "ZF14", "tip_zf": "Zonă spații verzi, sport și agrement", "arie_mp": 3872.1}, "geometry": {"type": "Polygon", "coordinates": [[[27.69917901581411, 47.148025670716706], [27.699157476628628, 47.148209657138224], [27.700009890085543, 47.14821940908633], [27.700799126424954, 47.14828920672861], [27.70173278996317, 47.14842985740395], [27.702211209691477, 47.148530074297156], [27.70295753078329, 47.148726948243194], [27.704099176736076, 47.14912694111613], [27.704148823691384, 47.14906748443244], [27.70345199195269, 47.14882026050058], [27.70305943200085, 47.148706998763494], [27.702258304327096, 47.14849047472676], [27.701222431436328, 47.1482491493221], [27.700772793130238, 47.14816668618952], [27.69917901581411, 47.148025670716706]]]}}, {"type": "Feature", "properties": {"utr": "UTR8_ID", "tip_szf": "subzona activităţilor productive compuse din industrie și depozitare", "cod_zf": "ZF12", "tip_zf": "Zonă unități industriale și de depozitare", "arie_mp": 353.0}, "geometry": {"type": "Polygon", "coordinates": [[[27.687296952004136, 47.14839747200111], [27.687290442963334, 47.148281652997284], [27.68685474294782, 47.148278679680104], [27.686861465292093, 47.14832628550652], [27.686893508756423, 47.14836142421353], [27.687296952004136, 47.14839747200111]]]}}, {"type": "Feature", "properties": {"utr": "UTR8_ID", "tip_szf": "subzona activităţilor productive compuse din industrie și depozitare", "cod_zf": "ZF12", "tip_zf": "Zonă unități industriale și de depozitare", "arie_mp": 1603.6}, "geometry": {"type": "Polygon", "coordinates": [[[27.687282168971077, 47.14808574090637], [27.68731042177269, 47.147940093194606], [27.687351189617665, 47.14742225253181], [27.687475944308325, 47.14721858269754], [27.687870618665247, 47.146838501455925], [27.68789264690152, 47.146803797338414], [27.68787639760105, 47.146764290476106], [27.687391883205464, 47.147232256911394], [27.68722542718239, 47.14748982420351], [27.686951780611327, 47.14801636802114], [27.687282168971077, 47.14808574090637]]]}}, {"type": "Feature", "properties": {"utr": "UTR15_V2", "tip_szf": "subzona spaţiilor verzi cu destinaţie tehnică (culoare de protecţie pentru infrastructura de comunicaţie rutieră și feroviară, infrastructura de transport energetic, gaze, apă, etc.)", "cod_zf": "ZF14", "tip_zf": "Zonă spații verzi, sport și agrement", "arie_mp": 2055.6}, "geometry": {"type": "Polygon", "coordinates": [[[27.694302940143928, 47.14847655575993], [27.695851808688076, 47.14846066135959], [27.698016853579336, 47.14836584040588], [27.69801310401135, 47.1483215522046], [27.694309810880828, 47.148410413671485], [27.694302940143928, 47.14847655575993]]]}}, {"type": "Feature", "properties": {"utr": "UTR7_L1", "tip_szf": "subzona de locuire individuală situată în ţesut tradiţional cu regim de construire continuu şi discontinuu. Subzonă dezvoltată în etape succesive, organic și planificat", "cod_zf": "ZF11", "tip_zf": "Zonă locuințe și funcțiuni complementare", "arie_mp": 43387.1}, "geometry": {"type": "Polygon", "coordinates": [[[27.696038421038907, 47.154644061271256], [27.696106277793547, 47.15461083622066], [27.696259041677116, 47.15368033208054], [27.696191787503786, 47.153676159264194], [27.696265946073066, 47.15329531378089], [27.69635189335273, 47.153093824928966], [27.696406427414797, 47.15288213681477], [27.696513358269215, 47.152272864676156], [27.695082034473437, 47.15211121712484], [27.695097050298713, 47.15207073974221], [27.69636641956832, 47.15218877020697], [27.696453031566453, 47.152133728237715], [27.696562250120788, 47.1516136266181], [27.69647862017996, 47.15152773718001], [27.6959314650899, 47.151445312773646], [27.694042668448915, 47.15122720573424], [27.693992848887994, 47.15146304780004], [27.69397222293923, 47.151460531811246], [27.6939694934925, 47.151478467761976], [27.693988234901052, 47.15148075769988], [27.693970265545648, 47.151572113042185], [27.69398972166233, 47.15157444931658], [27.693857963435192, 47.15253485977443], [27.69387572148223, 47.15255965255], [27.69448672284999, 47.1526221629941], [27.69453001699653, 47.1526087709026], [27.694686148756688, 47.152626210746526], [27.694720921179645, 47.15264832185349], [27.695101170689338, 47.15269079208598], [27.69514446477768, 47.15267740066456], [27.695300598190634, 47.1526948387445], [27.695335370906978, 47.15271694966301], [27.695743171518515, 47.1527624955927], [27.69578646545386, 47.152749103033365], [27.695942599309134, 47.15276654114035], [27.695977372331956, 47.15278865186197], [27.69616509081485, 47.152809616786335], [27.696154177136663, 47.15285396545119], [27.69439697965076, 47.15265770731858], [27.69443483129523, 47.15282419067209], [27.694487779716702, 47.15289494066424], [27.69543429141606, 47.15299563003366], [27.695269976184846, 47.154721801829794], [27.696038421038907, 47.154644061271256]]]}}, {"type": "Feature", "properties": {"utr": "UTR5_IS1", "tip_szf": "Subzonă instituțiilor publice și serviciilor de interes general", "cod_zf": "ZF09", "tip_zf": "Zonă instituții publice", "arie_mp": 11025.4}, "geometry": {"type": "Polygon", "coordinates": [[[27.69272883331465, 47.151037504073365], [27.69282680919828, 47.150773498945085], [27.691555128880697, 47.150595247098074], [27.691480971599272, 47.15090197341104], [27.69067040274452, 47.150803622153106], [27.690576511617525, 47.15117534911272], [27.692148149453736, 47.15143362068321], [27.69267892475708, 47.15147302019389], [27.692741718411376, 47.15144985137266], [27.692795834703727, 47.15131948870177], [27.69285683937437, 47.15109036171407], [27.692787501823673, 47.15104709827104], [27.69272883331465, 47.151037504073365]]]}}, {"type": "Feature", "properties": {"utr": "UTR8b_ID", "tip_szf": "subzona activităţilor productive compuse din industrie și depozitare", "cod_zf": "ZF12", "tip_zf": "Zonă unități industriale și de depozitare", "arie_mp": 2227.3}, "geometry": {"type": "Polygon", "coordinates": [[[27.69282680919828, 47.150773498945085], [27.692753494337346, 47.15096899294672], [27.693856463002387, 47.15112698698735], [27.6939033315143, 47.15110572370337], [27.693949339180016, 47.150869036274734], [27.69282680919828, 47.150773498945085]]]}}, {"type": "Feature", "properties": {"utr": "UTR8b_ID", "tip_szf": "subzona activităţilor productive compuse din industrie și depozitare", "cod_zf": "ZF12", "tip_zf": "Zonă unități industriale și de depozitare", "arie_mp": 31869.2}, "geometry": {"type": "Polygon", "coordinates": [[[27.691391727125286, 47.152688143026324], [27.691412220901196, 47.15292661133049], [27.691338358937436, 47.1529311028867], [27.691348490858683, 47.1530002144385], [27.6914484717509, 47.152995402678116], [27.691452240324324, 47.15304329840453], [27.69111236036057, 47.15305756535795], [27.691611783536146, 47.15430599417635], [27.69228600716299, 47.15439702035331], [27.69253298761257, 47.15453458525478], [27.692732055498304, 47.153154687736], [27.693029391152926, 47.153179680651746], [27.693021964725318, 47.153220799829114], [27.69308518654677, 47.15322485232558], [27.693075942172545, 47.153273663143764], [27.693788080386636, 47.15333211290414], [27.69387462936779, 47.152812842313985], [27.69381653178578, 47.15280889581108], [27.693814797497765, 47.152736861976486], [27.693713834930136, 47.152726247117826], [27.693731959158796, 47.152596381568735], [27.692825511892547, 47.15250383276573], [27.692910855279955, 47.15177615757208], [27.69298730250846, 47.15176582363396], [27.693001537479002, 47.15159899380795], [27.69222703155683, 47.15152694992188], [27.69217208119747, 47.151564767975195], [27.692148611151325, 47.151603605405256], [27.69205886899225, 47.151979171856475], [27.69234138486411, 47.1520057638799], [27.692276387267494, 47.15221616284473], [27.69200104578358, 47.152202452382625], [27.691946155552404, 47.15230017612256], [27.6923039607797, 47.152350632289576], [27.692242145496223, 47.15261579252632], [27.691860499816034, 47.15257757934788], [27.69181749785245, 47.152897232650176], [27.691768446854088, 47.15289614797874], [27.69177531036914, 47.15258900336302], [27.69142511155209, 47.152583911423854], [27.691429852785426, 47.15268525747459], [27.691391727125286, 47.152688143026324]]]}}, {"type": "Feature", "properties": {"utr": "UTR7_L1", "tip_szf": "subzona de locuire individuală situată în ţesut tradiţional cu regim de construire continuu şi discontinuu. Subzonă dezvoltată în etape succesive, organic și planificat", "cod_zf": "ZF11", "tip_zf": "Zonă locuințe și funcțiuni complementare", "arie_mp": 12999.8}, "geometry": {"type": "Polygon", "coordinates": [[[27.693512009611716, 47.15335779547777], [27.69344737692726, 47.15374278265654], [27.693766896568604, 47.15375837461786], [27.6937589545219, 47.15382280528506], [27.694199329775472, 47.15383567528948], [27.69421897440204, 47.15361612086983], [27.694463859073345, 47.15361881456182], [27.69498815438652, 47.15365637497358], [27.694876983578524, 47.154736277254756], [27.695177919418434, 47.15472252119143], [27.695337114696642, 47.15304881283489], [27.694859231492234, 47.15299794265829], [27.69480773856795, 47.153536599896114], [27.694716106854056, 47.1535284681035], [27.69476804940234, 47.15298823458071], [27.6945296072069, 47.15296279117392], [27.694292822458653, 47.15289838223929], [27.694269149853653, 47.15267027738121], [27.69389303779353, 47.152621470809244], [27.693866852173766, 47.15275501499801], [27.693943076268393, 47.15276239964974], [27.693877940807297, 47.15338548946861], [27.693512009611716, 47.15335779547777]]]}}, {"type": "Feature", "properties": {"utr": "UTR7_L1", "tip_szf": "subzona de locuire individuală situată în ţesut tradiţional cu regim de construire continuu şi discontinuu. Subzonă dezvoltată în etape succesive, organic și planificat", "cod_zf": "ZF11", "tip_zf": "Zonă locuințe și funcțiuni complementare", "arie_mp": 6889.8}, "geometry": {"type": "Polygon", "coordinates": [[[27.692909205239054, 47.15324939844851], [27.692718873042644, 47.15323288250967], [27.69253298761257, 47.15453458525478], [27.693028258611072, 47.154799249145924], [27.693173272258726, 47.15370256289047], [27.693406853722696, 47.153699910039435], [27.693468940890803, 47.153354522014396], [27.69302889315613, 47.153308065192334], [27.692909205239054, 47.15324939844851]]]}}, {"type": "Feature", "properties": {"utr": "UTR7_L1", "tip_szf": "subzona de locuire individuală situată în ţesut tradiţional cu regim de construire continuu şi discontinuu. Subzonă dezvoltată în etape succesive, organic și planificat", "cod_zf": "ZF11", "tip_zf": "Zonă locuințe și funcțiuni complementare", "arie_mp": 7340.4}, "geometry": {"type": "Polygon", "coordinates": [[[27.69111236036057, 47.15305756535795], [27.691452240324324, 47.15304329840453], [27.6914484717509, 47.152995402678116], [27.691348490858683, 47.1530002144385], [27.691338358937436, 47.1529311028867], [27.691412220901196, 47.15292661133049], [27.69140364559074, 47.15284777144997], [27.691223769265015, 47.15283822693014], [27.69118802595857, 47.15279416735989], [27.691141949385415, 47.152650699759555], [27.691124479492267, 47.15249980374806], [27.69121705235405, 47.15209517027918], [27.6914720523649, 47.15139252747836], [27.691448908922887, 47.15137401732171], [27.69131783477428, 47.151344098748595], [27.690466525119398, 47.15122329054138], [27.690749830649004, 47.1520623657886], [27.690788389943233, 47.152255390906], [27.690958074766034, 47.15269385696484], [27.691064205494644, 47.15290640285138], [27.69111236036057, 47.15305756535795]]]}}, {"type": "Feature", "properties": {"utr": "UTR7_L1", "tip_szf": "subzona de locuire individuală situată în ţesut tradiţional cu regim de construire continuu şi discontinuu. Subzonă dezvoltată în etape succesive, organic și planificat", "cod_zf": "ZF11", "tip_zf": "Zonă locuințe și funcțiuni complementare", "arie_mp": 5697.7}, "geometry": {"type": "Polygon", "coordinates": [[[27.691395831082012, 47.15277569921315], [27.691391727125286, 47.152688143026324], [27.691429852785426, 47.15268525747459], [27.69142511155209, 47.152583911423854], [27.69177531036914, 47.15258900336302], [27.692063012519917, 47.15155478852784], [27.69206047216605, 47.15148487210649], [27.691587844734602, 47.15141080179976], [27.691197072478282, 47.152466796553135], [27.691234212448407, 47.15276746642747], [27.691395831082012, 47.15277569921315]]]}}, {"type": "Feature", "properties": {"utr": "UTR7_L1", "tip_szf": "subzona de locuire individuală situată în ţesut tradiţional cu regim de construire continuu şi discontinuu. Subzonă dezvoltată în etape succesive, organic și planificat", "cod_zf": "ZF11", "tip_zf": "Zonă locuințe și funcțiuni complementare", "arie_mp": 885.5}, "geometry": {"type": "Polygon", "coordinates": [[[27.691860499816034, 47.15257757934788], [27.692242145496223, 47.15261579252632], [27.6923039607797, 47.152350632289576], [27.691946155552404, 47.15230017612256], [27.691860499816034, 47.15257757934788]]]}}, {"type": "Feature", "properties": {"utr": "UTR7_L1", "tip_szf": "subzona de locuire individuală situată în ţesut tradiţional cu regim de construire continuu şi discontinuu. Subzonă dezvoltată în etape succesive, organic și planificat", "cod_zf": "ZF11", "tip_zf": "Zonă locuințe și funcțiuni complementare", "arie_mp": 475.1}, "geometry": {"type": "Polygon", "coordinates": [[[27.69200104578358, 47.152202452382625], [27.692276387267494, 47.15221616284473], [27.69233445316593, 47.15202733281382], [27.692046768610016, 47.151998843184685], [27.69200104578358, 47.152202452382625]]]}}, {"type": "Feature", "properties": {"utr": "UTR7_L1", "tip_szf": "subzona de locuire individuală situată în ţesut tradiţional cu regim de construire continuu şi discontinuu. Subzonă dezvoltată în etape succesive, organic și planificat", "cod_zf": "ZF11", "tip_zf": "Zonă locuințe și funcțiuni complementare", "arie_mp": 338.4}, "geometry": {"type": "Polygon", "coordinates": [[[27.70022995683197, 47.15469902778321], [27.70023663618418, 47.15475453953685], [27.70055930070434, 47.15497737640919], [27.70062672999923, 47.155066824870694], [27.700770910519715, 47.15497856257417], [27.700599030875424, 47.15491396238523], [27.70029929373244, 47.15472333499005], [27.70022995683197, 47.15469902778321]]]}}, {"type": "Feature", "properties": {"utr": "UTR7_L1", "tip_szf": "subzona de locuire individuală situată în ţesut tradiţional cu regim de construire continuu şi discontinuu. Subzonă dezvoltată în etape succesive, organic și planificat", "cod_zf": "ZF11", "tip_zf": "Zonă locuințe și funcțiuni complementare", "arie_mp": 12868.7}, "geometry": {"type": "Polygon", "coordinates": [[[27.699433488687134, 47.154431020604505], [27.69942699536293, 47.1544690689868], [27.698778738804823, 47.15436573628789], [27.698475920050196, 47.15436385370298], [27.698103690789324, 47.15439104452949], [27.698050720386018, 47.15507904249393], [27.69808877756149, 47.15510500766916], [27.699743615686213, 47.15510937182441], [27.700381104094674, 47.155129455609114], [27.7005612769463, 47.15510451225599], [27.700561617677117, 47.155075798600855], [27.700440538599935, 47.15498194149393], [27.700387283763014, 47.154914550619786], [27.700111523470017, 47.15474862708384], [27.70021113870334, 47.15468703923244], [27.69986994851236, 47.15446967416453], [27.699682205740118, 47.15439820665392], [27.699461468621376, 47.15439551499817], [27.699433488687134, 47.154431020604505]]]}}, {"type": "Feature", "properties": {"utr": "UTR7_L1", "tip_szf": "subzona de locuire individuală situată în ţesut tradiţional cu regim de construire continuu şi discontinuu. Subzonă dezvoltată în etape succesive, organic și planificat", "cod_zf": "ZF11", "tip_zf": "Zonă locuințe și funcțiuni complementare", "arie_mp": 3629.1}, "geometry": {"type": "Polygon", "coordinates": [[[27.69768186524682, 47.154459564310166], [27.69706818347236, 47.154945922627874], [27.6971478034661, 47.15499267001732], [27.69703496611804, 47.155087826536835], [27.697941750951994, 47.155099678821415], [27.697961404667584, 47.15481764722953], [27.697990282720898, 47.1547846514988], [27.697955990485166, 47.15437245387046], [27.69768186524682, 47.154459564310166]]]}}, {"type": "Feature", "properties": {"utr": "UTR7_L1", "tip_szf": "subzona de locuire individuală situată în ţesut tradiţional cu regim de construire continuu şi discontinuu. Subzonă dezvoltată în etape succesive, organic și planificat", "cod_zf": "ZF11", "tip_zf": "Zonă locuințe și funcțiuni complementare", "arie_mp": 82141.0}, "geometry": {"type": "Polygon", "coordinates": [[[27.689840589149718, 47.15402061966213], [27.689058049919023, 47.15412412515103], [27.689167292848374, 47.15455537225549], [27.689373312036025, 47.1550145177374], [27.689170071954873, 47.1550516815913], [27.689181581121524, 47.15506993997308], [27.6894228088894, 47.155138026877594], [27.689981360267815, 47.155244780333575], [27.69020442931344, 47.155264813730724], [27.690360202645913, 47.15532427607777], [27.690793597636596, 47.155411090843806], [27.690757858689924, 47.155463568870736], [27.691121702055657, 47.15558199558643], [27.691323320459347, 47.15577639648394], [27.691367735144457, 47.15573863888666], [27.691485561656314, 47.15584123039231], [27.691622870321034, 47.156138947512645], [27.691719854008877, 47.15639425684035], [27.69163711293642, 47.15641708431196], [27.691694075688257, 47.15660890646303], [27.69176652888871, 47.156601999788315], [27.691812129677743, 47.15696377425852], [27.692234034776483, 47.156957791217295], [27.69238386456538, 47.15741988219059], [27.69282567137667, 47.1574943232388], [27.692883990845115, 47.15749530680012], [27.69333262744923, 47.15740682285921], [27.693413769268165, 47.15737765582017], [27.693616693718663, 47.157281775023655], [27.694043081878448, 47.15704101924138], [27.696169758290864, 47.155645728520746], [27.696848715512107, 47.155119853621215], [27.69703496611804, 47.155087826536835], [27.6971478034661, 47.15499267001732], [27.69706818347236, 47.154945922627874], [27.697463772197178, 47.15463240993869], [27.696916576417983, 47.154850274512846], [27.69661196242494, 47.15484079358035], [27.696448795969722, 47.15480303362487], [27.69627024557537, 47.15473587135978], [27.695346139283263, 47.15481227277648], [27.69486268305918, 47.15482686241033], [27.694571843033934, 47.154866081983734], [27.694073328959938, 47.15498584096208], [27.69370149807529, 47.15504832344721], [27.693434618796733, 47.15523617348917], [27.693066430590235, 47.15540542302254], [27.69281527817361, 47.1554473254283], [27.691426423487847, 47.155539993175154], [27.691264933358703, 47.155486509646295], [27.691293383295754, 47.15546185553576], [27.690502185352322, 47.1550674674377], [27.690342385304078, 47.15482991523003], [27.69009454037261, 47.15422833388913], [27.690024687613327, 47.15414275640817], [27.689840589149718, 47.15402061966213]]]}}, {"type": "Feature", "properties": {"utr": "UTR5_IS1", "tip_szf": "Subzonă instituțiilor publice și serviciilor de interes general", "cod_zf": "ZF09", "tip_zf": "Zonă instituții publice", "arie_mp": 18323.5}, "geometry": {"type": "Polygon", "coordinates": [[[27.6861576637092, 47.153925708696406], [27.686762122381356, 47.15375695602904], [27.68679024970676, 47.15382485767642], [27.686561486530387, 47.15392055323513], [27.686447705382108, 47.154016482777905], [27.686330777262288, 47.15408306876001], [27.68674975850154, 47.15446152498089], [27.68683813970123, 47.1545656784528], [27.687766269735246, 47.154339703331445], [27.687805329022275, 47.15431191466348], [27.68783626833585, 47.15424518653587], [27.687718772608907, 47.153910603848345], [27.68703843124232, 47.15397950727002], [27.686957875359827, 47.15387644948637], [27.686982916976124, 47.15369760923679], [27.686963845387638, 47.15313757887896], [27.686992752773108, 47.1531299370602], [27.686956265270112, 47.152865230464826], [27.686838835844902, 47.15258590520619], [27.686421341087545, 47.15263368652507], [27.68640324055571, 47.15258055203851], [27.685866947749144, 47.152670438475006], [27.68593264032777, 47.15284663151562], [27.685685475151462, 47.15293600455764], [27.68536405337571, 47.15302537348594], [27.6861576637092, 47.153925708696406]]]}}, {"type": "Feature", "properties": {"utr": "UTR2_S1", "tip_szf": "subzona unităţilor cu destinaţie specială - Intravilan - Ministerul Afacerilor Interne", "cod_zf": "ZF15", "tip_zf": "Zonă cu destinație specială", "arie_mp": 638.1}, "geometry": {"type": "Polygon", "coordinates": [[[27.686330777262288, 47.15408306876001], [27.686447705382108, 47.154016482777905], [27.686561486530387, 47.15392055323513], [27.68679024970676, 47.15382485767642], [27.686762122381356, 47.15375695602904], [27.6861576637092, 47.153925708696406], [27.686330777262288, 47.15408306876001]]]}}, {"type": "Feature", "properties": {"utr": "UTR5_IS1", "tip_szf": "Subzonă instituțiilor publice și serviciilor de interes general", "cod_zf": "ZF09", "tip_zf": "Zonă instituții publice", "arie_mp": 3617.8}, "geometry": {"type": "Polygon", "coordinates": [[[27.68575685184053, 47.15382260516106], [27.68500223271268, 47.15410905677314], [27.685165025374577, 47.15443910918096], [27.685646900136504, 47.154276637535055], [27.685760067644356, 47.15445424279978], [27.68599741780027, 47.15438143213809], [27.686224016170048, 47.15428116250118], [27.685864218574462, 47.15394468816414], [27.68575685184053, 47.15382260516106]]]}}, {"type": "Feature", "properties": {"utr": "UTR7_L1", "tip_szf": "subzona de locuire individuală situată în ţesut tradiţional cu regim de construire continuu şi discontinuu. Subzonă dezvoltată în etape succesive, organic și planificat", "cod_zf": "ZF11", "tip_zf": "Zonă locuințe și funcțiuni complementare", "arie_mp": 59647.7}, "geometry": {"type": "Polygon", "coordinates": [[[27.681340023751776, 47.1561135465367], [27.6825619306146, 47.15594901832063], [27.68253282253945, 47.155880403456166], [27.684398295653786, 47.15561644557724], [27.68427361177554, 47.1550310679736], [27.684261821683975, 47.155033528553396], [27.683978632910776, 47.15400345582712], [27.68388256416801, 47.153595067746934], [27.680379644269145, 47.15415507950506], [27.680487517629974, 47.15455915389402], [27.680657425698264, 47.15497192570638], [27.68084034416527, 47.155353848990096], [27.681006607589364, 47.15562656962191], [27.681216317616965, 47.15591346640499], [27.681340023751776, 47.1561135465367]]]}}, {"type": "Feature", "properties": {"utr": "UTR7_L1", "tip_szf": "subzona de locuire individuală situată în ţesut tradiţional cu regim de construire continuu şi discontinuu. Subzonă dezvoltată în etape succesive, organic și planificat", "cod_zf": "ZF11", "tip_zf": "Zonă locuințe și funcțiuni complementare", "arie_mp": 4241.4}, "geometry": {"type": "Polygon", "coordinates": [[[27.680319461382194, 47.15417129300976], [27.679809911611127, 47.15423864099661], [27.680011079739202, 47.15514518322761], [27.680623439456117, 47.15508446681473], [27.68044321250456, 47.15470325931084], [27.680319461382194, 47.15417129300976]]]}}, {"type": "Feature", "properties": {"utr": "UTR7_L1", "tip_szf": "subzona de locuire individuală situată în ţesut tradiţional cu regim de construire continuu şi discontinuu. Subzonă dezvoltată în etape succesive, organic și planificat", "cod_zf": "ZF11", "tip_zf": "Zonă locuințe și funcțiuni complementare", "arie_mp": 24766.6}, "geometry": {"type": "Polygon", "coordinates": [[[27.679274938232158, 47.15625914181754], [27.679215602956635, 47.15607122970557], [27.68105727143337, 47.155809309987134], [27.6807379233168, 47.15536877630734], [27.680623439456117, 47.15508446681473], [27.678601449368497, 47.15528575655249], [27.678564815536323, 47.15517347755768], [27.677592489752065, 47.15524401492766], [27.67762589356218, 47.155437950609425], [27.67767783973311, 47.15543187428721], [27.677786598931668, 47.15579673480807], [27.67784592816896, 47.15607671921596], [27.677908484270763, 47.156078085187126], [27.67795319741403, 47.156244801958906], [27.677857635647044, 47.15625793156755], [27.6778777037391, 47.15644848182492], [27.679274938232158, 47.15625914181754]]]}}, {"type": "Feature", "properties": {"utr": "UTR7_L1", "tip_szf": "subzona de locuire individuală situată în ţesut tradiţional cu regim de construire continuu şi discontinuu. Subzonă dezvoltată în etape succesive, organic și planificat", "cod_zf": "ZF11", "tip_zf": "Zonă locuințe și funcțiuni complementare", "arie_mp": 3084.0}, "geometry": {"type": "Polygon", "coordinates": [[[27.68105727143337, 47.155809309987134], [27.679550543789155, 47.156023599826504], [27.679215602956635, 47.15607122970557], [27.679274938232158, 47.15625914181754], [27.681178947836962, 47.155978676923844], [27.68105727143337, 47.155809309987134]]]}}, {"type": "Feature", "properties": {"utr": "UTR6_L1", "tip_szf": "subzona de locuire individuală situată în ţesut tradiţional cu regim de construire continuu şi discontinuu. Subzonă dezvoltată în etape succesive, organic și planificat", "cod_zf": "ZF11", "tip_zf": "Zonă locuințe și funcțiuni complementare", "arie_mp": 2252.5}, "geometry": {"type": "Polygon", "coordinates": [[[27.676103407315416, 47.161651104836736], [27.676628239604398, 47.16200306679853], [27.676867276649137, 47.16174165159169], [27.676281213236575, 47.16129866062949], [27.67622338754908, 47.161289263472284], [27.676134370533603, 47.161498888921884], [27.676103407315416, 47.161651104836736]]]}}, {"type": "Feature", "properties": {"utr": "UTR6_L1", "tip_szf": "subzona de locuire individuală situată în ţesut tradiţional cu regim de construire continuu şi discontinuu. Subzonă dezvoltată în etape succesive, organic și planificat", "cod_zf": "ZF11", "tip_zf": "Zonă locuințe și funcțiuni complementare", "arie_mp": 105064.6}, "geometry": {"type": "Polygon", "coordinates": [[[27.674396053803676, 47.168384570953506], [27.67866720956536, 47.16279936944688], [27.677376797676565, 47.162046992926335], [27.677051948622168, 47.16183103857761], [27.676867276649137, 47.16174165159169], [27.676628239604398, 47.16200306679853], [27.676103407315416, 47.161651104836736], [27.6760632603522, 47.16184846702459], [27.675908523877606, 47.16226937282886], [27.67534981581347, 47.16360320845221], [27.67522212173978, 47.16396265330887], [27.67503728180459, 47.16460064604111], [27.674512179485742, 47.16590004180788], [27.673710272866273, 47.167956169903874], [27.673657809747308, 47.16818345139995], [27.674396053803676, 47.168384570953506]]]}}, {"type": "Feature", "properties": {"utr": "UTR23_G2", "tip_szf": "Subzona cimitirelor şi a amenajărilor aferente", "cod_zf": "ZF13", "tip_zf": "Zonă gospodării comunale", "arie_mp": 37871.6}, "geometry": {"type": "Polygon", "coordinates": [[[27.67505988500769, 47.16856817226581], [27.679236377314616, 47.16313446987101], [27.67866720956536, 47.16279936944688], [27.674396053803676, 47.168384570953506], [27.67505988500769, 47.16856817226581]]]}}, {"type": "Feature", "properties": {"utr": "UTR6_L1", "tip_szf": "subzona de locuire individuală situată în ţesut tradiţional cu regim de construire continuu şi discontinuu. Subzonă dezvoltată în etape succesive, organic și planificat", "cod_zf": "ZF11", "tip_zf": "Zonă locuințe și funcțiuni complementare", "arie_mp": 4110.8}, "geometry": {"type": "Polygon", "coordinates": [[[27.687789629855587, 47.170736573472226], [27.687033713969864, 47.17046733806993], [27.685429798468817, 47.16980123339977], [27.685568623998794, 47.16964808348664], [27.68790797984227, 47.17059978311481], [27.687789629855587, 47.170736573472226]]]}}, {"type": "Feature", "properties": {"utr": "UTR6_L1", "tip_szf": "subzona de locuire individuală situată în ţesut tradiţional cu regim de construire continuu şi discontinuu. Subzonă dezvoltată în etape succesive, organic și planificat", "cod_zf": "ZF11", "tip_zf": "Zonă locuințe și funcțiuni complementare", "arie_mp": 2918.5}, "geometry": {"type": "Polygon", "coordinates": [[[27.687915925308815, 47.16925860931782], [27.687748441337575, 47.16945615266532], [27.68789599206836, 47.169511367717824], [27.687721176453987, 47.169710397203474], [27.688505155972965, 47.17004505617002], [27.688429368632114, 47.169477512200714], [27.687915925308815, 47.16925860931782]]]}}, {"type": "Feature", "properties": {"utr": "UTR6_L1", "tip_szf": "subzona de locuire individuală situată în ţesut tradiţional cu regim de construire continuu şi discontinuu. Subzonă dezvoltată în etape succesive, organic și planificat", "cod_zf": "ZF11", "tip_zf": "Zonă locuințe și funcțiuni complementare", "arie_mp": 30199.2}, "geometry": {"type": "Polygon", "coordinates": [[[27.690749601491017, 47.169606904276776], [27.68997803583174, 47.16916603419558], [27.68854800307284, 47.16829801220168], [27.688596233573595, 47.16913772510655], [27.68866285821989, 47.16956610104738], [27.68869813205052, 47.17025761773702], [27.68873688020807, 47.17054935985739], [27.68882049253848, 47.17075395578552], [27.689148121150012, 47.17136110189873], [27.689322090319262, 47.171425488830955], [27.690749601491017, 47.169606904276776]]]}}, {"type": "Feature", "properties": {"utr": "UTR6_L1", "tip_szf": "subzona de locuire individuală situată în ţesut tradiţional cu regim de construire continuu şi discontinuu. Subzonă dezvoltată în etape succesive, organic și planificat", "cod_zf": "ZF11", "tip_zf": "Zonă locuințe și funcțiuni complementare", "arie_mp": 7539.4}, "geometry": {"type": "Polygon", "coordinates": [[[27.685343018613533, 47.165390103932914], [27.686745700447776, 47.16609259448443], [27.688182419394284, 47.16681812823262], [27.68820831687483, 47.166509546855245], [27.68551702172221, 47.165149664363895], [27.685343018613533, 47.165390103932914]]]}}, {"type": "Feature", "properties": {"utr": "UTR6_L1", "tip_szf": "subzona de locuire individuală situată în ţesut tradiţional cu regim de construire continuu şi discontinuu. Subzonă dezvoltată în etape succesive, organic și planificat", "cod_zf": "ZF11", "tip_zf": "Zonă locuințe și funcțiuni complementare", "arie_mp": 1630.2}, "geometry": {"type": "Polygon", "coordinates": [[[27.688294501968915, 47.167716966008676], [27.687275512836763, 47.1672225016887], [27.68714760905181, 47.16733939080829], [27.688280896877227, 47.167890687909754], [27.688294501968915, 47.167716966008676]]]}}, {"type": "Feature", "properties": {"utr": "UTR6_L1", "tip_szf": "subzona de locuire individuală situată în ţesut tradiţional cu regim de construire continuu şi discontinuu. Subzonă dezvoltată în etape succesive, organic și planificat", "cod_zf": "ZF11", "tip_zf": "Zonă locuințe și funcțiuni complementare", "arie_mp": 1044.0}, "geometry": {"type": "Polygon", "coordinates": [[[27.688528633338493, 47.167893492701154], [27.68877676844796, 47.16803265427481], [27.6892208415149, 47.1682817005298], [27.68920709093896, 47.16810312507005], [27.688516697515688, 47.167699078004865], [27.688528633338493, 47.167893492701154]]]}}, {"type": "Feature", "properties": {"utr": "UTR6_L1", "tip_szf": "subzona de locuire individuală situată în ţesut tradiţional cu regim de construire continuu şi discontinuu. Subzonă dezvoltată în etape succesive, organic și planificat", "cod_zf": "ZF11", "tip_zf": "Zonă locuințe și funcțiuni complementare", "arie_mp": 6011.6}, "geometry": {"type": "Polygon", "coordinates": [[[27.688437257373714, 47.16671015771328], [27.689867576748437, 47.16762679508491], [27.690024630965873, 47.167521540682074], [27.689289479919776, 47.167063048414], [27.689436771015053, 47.166975761782474], [27.68969365137877, 47.16714336255926], [27.689819712030484, 47.167048608008194], [27.68840373255807, 47.16612925183713], [27.688437257373714, 47.16671015771328]]]}}, {"type": "Feature", "properties": {"utr": "UTR6_L1", "tip_szf": "subzona de locuire individuală situată în ţesut tradiţional cu regim de construire continuu şi discontinuu. Subzonă dezvoltată în etape succesive, organic și planificat", "cod_zf": "ZF11", "tip_zf": "Zonă locuințe și funcțiuni complementare", "arie_mp": 731.1}, "geometry": {"type": "Polygon", "coordinates": [[[27.688380264512904, 47.165722597045495], [27.688918926486792, 47.166073872831255], [27.68903099050905, 47.165993882707944], [27.68837199757879, 47.16557934566856], [27.688380264512904, 47.165722597045495]]]}}, {"type": "Feature", "properties": {"utr": "UTR6_L1", "tip_szf": "subzona de locuire individuală situată în ţesut tradiţional cu regim de construire continuu şi discontinuu. Subzonă dezvoltată în etape succesive, organic și planificat", "cod_zf": "ZF11", "tip_zf": "Zonă locuințe și funcțiuni complementare", "arie_mp": 6376.4}, "geometry": {"type": "Polygon", "coordinates": [[[27.688298039678006, 47.16512911236205], [27.68915282850541, 47.16566680727475], [27.68925536963455, 47.16558794750879], [27.69053496334634, 47.166361740144424], [27.690705802351662, 47.16622116648648], [27.688306496220456, 47.16470997119253], [27.688298039678006, 47.16512911236205]]]}}, {"type": "Feature", "properties": {"utr": "UTR6_L1", "tip_szf": "subzona de locuire individuală situată în ţesut tradiţional cu regim de construire continuu şi discontinuu. Subzonă dezvoltată în etape succesive, organic și planificat", "cod_zf": "ZF11", "tip_zf": "Zonă locuințe și funcțiuni complementare", "arie_mp": 3386.9}, "geometry": {"type": "Polygon", "coordinates": [[[27.688171496887037, 47.163145299970154], [27.688820166488576, 47.16353896609917], [27.68879990974511, 47.163251015635616], [27.689020898396695, 47.16338512626134], [27.689181762257984, 47.16324769584156], [27.688136378985064, 47.16261902228781], [27.688171496887037, 47.163145299970154]]]}}, {"type": "Feature", "properties": {"utr": "UTR6_L1", "tip_szf": "subzona de locuire individuală situată în ţesut tradiţional cu regim de construire continuu şi discontinuu. Subzonă dezvoltată în etape succesive, organic și planificat", "cod_zf": "ZF11", "tip_zf": "Zonă locuințe și funcțiuni complementare", "arie_mp": 4500.9}, "geometry": {"type": "Polygon", "coordinates": [[[27.688127618567748, 47.16232166267837], [27.68941143218456, 47.16310786904775], [27.68954871918864, 47.162976707578046], [27.690164883796104, 47.1633448189489], [27.69028026299901, 47.16326785104074], [27.68831962611965, 47.1621416321783], [27.68810961269105, 47.16206765424891], [27.688127618567748, 47.16232166267837]]]}}, {"type": "Feature", "properties": {"utr": "UTR6_L1", "tip_szf": "subzona de locuire individuală situată în ţesut tradiţional cu regim de construire continuu şi discontinuu. Subzonă dezvoltată în etape succesive, organic și planificat", "cod_zf": "ZF11", "tip_zf": "Zonă locuințe și funcțiuni complementare", "arie_mp": 85678.9}, "geometry": {"type": "Polygon", "coordinates": [[[27.69466987017306, 47.160281255943794], [27.694284247365154, 47.16046106278644], [27.69394560099078, 47.160118292845034], [27.693672628005665, 47.1602517587542], [27.693390267244826, 47.15988761331656], [27.692877802949837, 47.16002743925766], [27.69289287541858, 47.16006495649041], [27.69244783443737, 47.16024825718287], [27.692422630217123, 47.16022564906101], [27.6920361119301, 47.16036421855395], [27.69201782878188, 47.16034871547401], [27.691263502324972, 47.1606245600064], [27.69106858136486, 47.16043462095209], [27.690036275175924, 47.160866974900905], [27.6894302949921, 47.16029226215334], [27.688962602369124, 47.160425344522594], [27.692162802768447, 47.16328289496457], [27.693939500933404, 47.1619781192891], [27.695361753489646, 47.16101282359389], [27.695329007694873, 47.16091047362504], [27.694691672343595, 47.160333378333085], [27.69466987017306, 47.160281255943794]]]}}, {"type": "Feature", "properties": {"utr": "UTR6_L1", "tip_szf": "subzona de locuire individuală situată în ţesut tradiţional cu regim de construire continuu şi discontinuu. Subzonă dezvoltată în etape succesive, organic și planificat", "cod_zf": "ZF11", "tip_zf": "Zonă locuințe și funcțiuni complementare", "arie_mp": 14476.9}, "geometry": {"type": "Polygon", "coordinates": [[[27.699317456536086, 47.160250223486095], [27.699481956857625, 47.16008776312083], [27.699654433489396, 47.15975173862024], [27.699659865405504, 47.159703826280335], [27.69876951177863, 47.15978795225631], [27.69873162881747, 47.160278246405205], [27.698443270555615, 47.16031810393742], [27.69792787133455, 47.16043397517134], [27.69793319282244, 47.16075280758854], [27.697423101546484, 47.1608525521316], [27.69736315831503, 47.16120840000333], [27.697505614983857, 47.16118577267342], [27.697521058877985, 47.161348449399235], [27.697420633324768, 47.16142917611326], [27.697425275334428, 47.161594786448774], [27.69727511072739, 47.16161477848531], [27.697325503222302, 47.16184740906826], [27.697610838968323, 47.161817664834636], [27.69772401715181, 47.16164264798439], [27.698042318635455, 47.16161139035025], [27.69846602062252, 47.16104888827259], [27.698499875648704, 47.16104334642184], [27.699054851150827, 47.16040307740843], [27.69916990983072, 47.16038666716353], [27.699294350691, 47.16024805428936], [27.699317456536086, 47.160250223486095]]]}}, {"type": "Feature", "properties": {"utr": "UTR7_L1", "tip_szf": "subzona de locuire individuală situată în ţesut tradiţional cu regim de construire continuu şi discontinuu. Subzonă dezvoltată în etape succesive, organic și planificat", "cod_zf": "ZF11", "tip_zf": "Zonă locuințe și funcțiuni complementare", "arie_mp": 42167.2}, "geometry": {"type": "Polygon", "coordinates": [[[27.70292682874614, 47.159178791851524], [27.702110208867506, 47.15882214296538], [27.701832823508415, 47.15904695527935], [27.702595901272353, 47.1593759092462], [27.702554834240903, 47.15941932739678], [27.701784594234486, 47.159086043366074], [27.70064378940596, 47.15998511739566], [27.69977652478605, 47.1608126051397], [27.69894320490739, 47.16164957836369], [27.700086082867927, 47.16215175434668], [27.701826712434787, 47.160473968511354], [27.70213014997419, 47.16060872954371], [27.703063950285046, 47.15957493374742], [27.702702148648438, 47.15941867291606], [27.70292682874614, 47.159178791851524]]]}}, {"type": "Feature", "properties": {"utr": "UTR5_IS1", "tip_szf": "Subzonă instituțiilor publice și serviciilor de interes general", "cod_zf": "ZF09", "tip_zf": "Zonă instituții publice", "arie_mp": 3996.9}, "geometry": {"type": "Polygon", "coordinates": [[[27.68441764038614, 47.15150098510975], [27.683738048007317, 47.15159435386633], [27.68375191834911, 47.151637370364774], [27.68342402593028, 47.1517100452403], [27.68342709871279, 47.15177164048355], [27.683126452300115, 47.15184586936723], [27.68322808611632, 47.15210913468115], [27.684518641821956, 47.1518579500239], [27.68442677105059, 47.1515980216264], [27.68441764038614, 47.15150098510975]]]}}, {"type": "Feature", "properties": {"utr": "UTR22_G2", "tip_szf": "Subzona cimitirelor şi a amenajărilor aferente", "cod_zf": "ZF13", "tip_zf": "Zonă gospodării comunale", "arie_mp": 7694.6}, "geometry": {"type": "Polygon", "coordinates": [[[27.68375191834911, 47.151637370364774], [27.683526386625577, 47.15094558081944], [27.683075874158604, 47.15045319977584], [27.68247760189963, 47.150607670451215], [27.68289803049356, 47.151264982722516], [27.68306760339765, 47.151725312154376], [27.683126452300115, 47.15184586936723], [27.68342709871279, 47.15177164048355], [27.68342402593028, 47.1517100452403], [27.68375191834911, 47.151637370364774]]]}}, {"type": "Feature", "properties": {"utr": "UTR5_L1", "tip_szf": "subzona de locuire individuală situată în ţesut tradiţional cu regim de construire continuu şi discontinuu. Subzonă dezvoltată în etape succesive, organic și planificat", "cod_zf": "ZF11", "tip_zf": "Zonă locuințe și funcțiuni complementare", "arie_mp": 3900.3}, "geometry": {"type": "Polygon", "coordinates": [[[27.683526386625577, 47.15094558081944], [27.683738048007317, 47.15159435386633], [27.68441764038614, 47.15150098510975], [27.684448497227212, 47.151315972509764], [27.684572807669944, 47.15108321308432], [27.68394506289707, 47.15097854359734], [27.683526386625577, 47.15094558081944]]]}}, {"type": "Feature", "properties": {"utr": "UTR7_L1", "tip_szf": "subzona de locuire individuală situată în ţesut tradiţional cu regim de construire continuu şi discontinuu. Subzonă dezvoltată în etape succesive, organic și planificat", "cod_zf": "ZF11", "tip_zf": "Zonă locuințe și funcțiuni complementare", "arie_mp": 39893.0}, "geometry": {"type": "Polygon", "coordinates": [[[27.679022264758242, 47.16074932586115], [27.677289636629965, 47.15837346106128], [27.677104745623318, 47.158126235421655], [27.677207195831677, 47.15847059822032], [27.67720750403901, 47.15874367790116], [27.677084711572544, 47.15916269423708], [27.6767613010863, 47.160091052551785], [27.67637742233494, 47.161314162017135], [27.676900912026156, 47.16171362345501], [27.677095174962158, 47.16178952271184], [27.677256373574114, 47.16190808719704], [27.677618647003076, 47.16172629290026], [27.677597797002754, 47.16169833887504], [27.677906635929073, 47.161551671736476], [27.67854600706265, 47.16111795418651], [27.678526843274817, 47.1610922600869], [27.67874830168699, 47.16092647544269], [27.679022264758242, 47.16074932586115]]]}}, {"type": "Feature", "properties": {"utr": "UTR6_L1", "tip_szf": "subzona de locuire individuală situată în ţesut tradiţional cu regim de construire continuu şi discontinuu. Subzonă dezvoltată în etape succesive, organic și planificat", "cod_zf": "ZF11", "tip_zf": "Zonă locuințe și funcțiuni complementare", "arie_mp": 765.5}, "geometry": {"type": "Polygon", "coordinates": [[[27.678677332553693, 47.16109264327116], [27.679225493614506, 47.16145785422802], [27.679349384474083, 47.161375191091444], [27.678798399733253, 47.16100810849257], [27.678677332553693, 47.16109264327116]]]}}, {"type": "Feature", "properties": {"utr": "UTR6_L1", "tip_szf": "subzona de locuire individuală situată în ţesut tradiţional cu regim de construire continuu şi discontinuu. Subzonă dezvoltată în etape succesive, organic și planificat", "cod_zf": "ZF11", "tip_zf": "Zonă locuințe și funcțiuni complementare", "arie_mp": 22174.3}, "geometry": {"type": "Polygon", "coordinates": [[[27.67930955063725, 47.16062699962172], [27.679928313730738, 47.16099291328991], [27.679878797799592, 47.16104457726817], [27.680492279362497, 47.161462508314806], [27.681052193673406, 47.16105026822811], [27.680432895999406, 47.16064084400105], [27.680445925767366, 47.16063136427057], [27.681066403811972, 47.161039712070966], [27.682120822006997, 47.16028344851559], [27.680943929890297, 47.159465615568195], [27.679678513566095, 47.160338073712644], [27.680705202594666, 47.16101663155579], [27.680641039484456, 47.161061882112996], [27.67961685710867, 47.160384989832274], [27.67930955063725, 47.16062699962172]]]}}, {"type": "Feature", "properties": {"utr": "UTR6_L1", "tip_szf": "subzona de locuire individuală situată în ţesut tradiţional cu regim de construire continuu şi discontinuu. Subzonă dezvoltată în etape succesive, organic și planificat", "cod_zf": "ZF11", "tip_zf": "Zonă locuințe și funcțiuni complementare", "arie_mp": 936.2}, "geometry": {"type": "Polygon", "coordinates": [[[27.682151880321094, 47.16031014793994], [27.682303266834488, 47.16047256987721], [27.68274167865003, 47.16016163693983], [27.682548334167805, 47.160034367864974], [27.682151880321094, 47.16031014793994]]]}}, {"type": "Feature", "properties": {"utr": "UTR6_L1", "tip_szf": "subzona de locuire individuală situată în ţesut tradiţional cu regim de construire continuu şi discontinuu. Subzonă dezvoltată în etape succesive, organic și planificat", "cod_zf": "ZF11", "tip_zf": "Zonă locuințe și funcțiuni complementare", "arie_mp": 144645.8}, "geometry": {"type": "Polygon", "coordinates": [[[27.682976738314473, 47.15973635491424], [27.68316958531352, 47.159862595289475], [27.683398872443018, 47.159700414064325], [27.68356010382843, 47.15980440860964], [27.68362408825308, 47.15975726310022], [27.684471633555198, 47.1601998310538], [27.68483477737935, 47.160479440188276], [27.684853830436733, 47.16045876579301], [27.684925014136933, 47.160573755380824], [27.684913962478504, 47.16058368342001], [27.684999553002505, 47.160712459768014], [27.684746872000446, 47.16095093492431], [27.68204483090212, 47.16399970765069], [27.68247114219464, 47.16416157307118], [27.68244856388941, 47.164187178250806], [27.682679381871193, 47.16430933751905], [27.683541060495482, 47.16464281554749], [27.683726440887966, 47.164696231019995], [27.683094388593307, 47.16543361197433], [27.68359738770748, 47.165797378551886], [27.684562695192128, 47.16635971142511], [27.68528254095535, 47.16534459553313], [27.68542999550043, 47.16516129175738], [27.686662710218044, 47.163377954112185], [27.686935631081965, 47.16302123213371], [27.68669099920862, 47.162934245072734], [27.686662584781654, 47.16297144704841], [27.685769881589366, 47.16258830394349], [27.68532471560344, 47.16252758273535], [27.685203317703284, 47.16259765007404], [27.68503661161202, 47.1625346048917], [27.683765622524366, 47.164098160360446], [27.683731019392955, 47.16408507807271], [27.684984719567236, 47.16254279941635], [27.68420192697158, 47.16221622554237], [27.68352712042218, 47.163007616702735], [27.683502485180306, 47.162998510698024], [27.682810751307876, 47.16377879813941], [27.682819315422268, 47.16380385576267], [27.683380676413766, 47.16404813615042], [27.683348654486164, 47.16408751708629], [27.682707741189514, 47.16380878122783], [27.68419690928014, 47.16213862849667], [27.684337349167382, 47.16217886727465], [27.685012722353747, 47.1624518114415], [27.685215765272005, 47.16247439035121], [27.685523703451782, 47.16246810507246], [27.686217151341538, 47.16158257362903], [27.686181541276436, 47.1615670101221], [27.686219200291635, 47.1615234013735], [27.686262998439666, 47.16154157918004], [27.686514585475773, 47.16123760086491], [27.686435439900855, 47.16096118750474], [27.68635367769421, 47.160748062681876], [27.686052212750702, 47.16020911259075], [27.685949260065563, 47.15997788777252], [27.68580772632362, 47.159721503529475], [27.68540760874782, 47.1591041769164], [27.685318017193737, 47.158913245684964], [27.685247904861306, 47.158492271624134], [27.685184785163734, 47.158237685348695], [27.685092099458398, 47.158281935754815], [27.684255189441394, 47.158844073835986], [27.682976738314473, 47.15973635491424]]]}}, {"type": "Feature", "properties": {"utr": "UTR7_L1", "tip_szf": "subzona de locuire individuală situată în ţesut tradiţional cu regim de construire continuu şi discontinuu. Subzonă dezvoltată în etape succesive, organic și planificat", "cod_zf": "ZF11", "tip_zf": "Zonă locuințe și funcțiuni complementare", "arie_mp": 61828.7}, "geometry": {"type": "Polygon", "coordinates": [[[27.68663736567613, 47.15466872373395], [27.68583330409856, 47.15482342245398], [27.684947726361084, 47.15503610058952], [27.68491833978366, 47.154948753671356], [27.68428185925947, 47.15508054264817], [27.684398295653786, 47.15561644557724], [27.68253282253945, 47.155880403456166], [27.6825619306146, 47.15594901832063], [27.681340023751776, 47.1561135465367], [27.68180916780357, 47.156704823285736], [27.68192333571178, 47.15680713927902], [27.68198210718966, 47.15679271134289], [27.68212181749871, 47.156715011247385], [27.682566255693658, 47.156527178308515], [27.683120887738454, 47.15602979332324], [27.683272827892228, 47.15603576677001], [27.683238629222572, 47.156078019596734], [27.68283468022732, 47.15640769191847], [27.682555313549813, 47.15660717131521], [27.6820306550917, 47.1568665199211], [27.682762140591407, 47.15738769760796], [27.68326309620071, 47.157702081200526], [27.684019391228592, 47.15719834543754], [27.68344972187233, 47.1568209285381], [27.683503441541635, 47.156787302598595], [27.684074145070905, 47.15717482579967], [27.684824193960456, 47.15664601099141], [27.6852555299463, 47.15637283480572], [27.68504789796637, 47.15579112197799], [27.685052256700956, 47.155637086682596], [27.68512040573847, 47.15564152771755], [27.685248193819955, 47.15614897274899], [27.68530569268354, 47.15631421089013], [27.685331646310477, 47.156328015568185], [27.685608943512825, 47.1562922631697], [27.685770123655658, 47.15624423356964], [27.68661614389386, 47.156161079607614], [27.686739877077116, 47.15612498444611], [27.686795065528145, 47.156091601064475], [27.6868233039376, 47.15606372231804], [27.686845664941142, 47.15585005809222], [27.686840254079847, 47.15544332402153], [27.68669443316224, 47.154779319573436], [27.68663736567613, 47.15466872373395]]]}}, {"type": "Feature", "properties": {"utr": "UTR7_L1", "tip_szf": "subzona de locuire individuală situată în ţesut tradiţional cu regim de construire continuu şi discontinuu. Subzonă dezvoltată în etape succesive, organic și planificat", "cod_zf": "ZF11", "tip_zf": "Zonă locuințe și funcțiuni complementare", "arie_mp": 30006.5}, "geometry": {"type": "Polygon", "coordinates": [[[27.68276913443744, 47.153772993811636], [27.6826292813541, 47.153413380884984], [27.681140109839255, 47.153652674229626], [27.681128917855556, 47.15362213881652], [27.682617444627056, 47.15338294413563], [27.682564258127584, 47.153228817477824], [27.682476531386747, 47.152829402093445], [27.682322384104484, 47.15236225264155], [27.681575505437834, 47.15245184528762], [27.68165607202884, 47.15274007217742], [27.68163440172655, 47.15274277624363], [27.68155252629427, 47.1524502815913], [27.6799558046302, 47.152643142452035], [27.680379644269145, 47.15415507950506], [27.68276913443744, 47.153772993811636]]]}}, {"type": "Feature", "properties": {"utr": "UTR5_L1", "tip_szf": "subzona de locuire individuală situată în ţesut tradiţional cu regim de construire continuu şi discontinuu. Subzonă dezvoltată în etape succesive, organic și planificat", "cod_zf": "ZF11", "tip_zf": "Zonă locuințe și funcțiuni complementare", "arie_mp": 8021.2}, "geometry": {"type": "Polygon", "coordinates": [[[27.68247760189963, 47.150607670451215], [27.682067094130282, 47.150686797358816], [27.68229358383294, 47.151362487072404], [27.682469280577386, 47.15202292846494], [27.682486095974404, 47.15202076710444], [27.682538616928046, 47.15221394132659], [27.68322808611632, 47.15210913468115], [27.68289803049356, 47.151264982722516], [27.68247760189963, 47.150607670451215]]]}}, {"type": "Feature", "properties": {"utr": "UTR9_L1", "tip_szf": "subzona de locuire individuală situată în ţesut tradiţional cu regim de construire continuu şi discontinuu. Subzonă dezvoltată în etape succesive, organic și planificat", "cod_zf": "ZF11", "tip_zf": "Zonă locuințe și funcțiuni complementare", "arie_mp": 377.7}, "geometry": {"type": "Polygon", "coordinates": [[[27.71958206261701, 47.17199073791236], [27.71935836649554, 47.172070236623405], [27.719486576173594, 47.171837685411106], [27.71962407005552, 47.171639646585156], [27.719679947961197, 47.17158283429249], [27.71961472567233, 47.17175466863552], [27.719591823281196, 47.17186776882777], [27.719601590522494, 47.171957800590974], [27.71958206261701, 47.17199073791236]]]}}, {"type": "Feature", "properties": {"utr": "UTR7_L1", "tip_szf": "subzona de locuire individuală situată în ţesut tradiţional cu regim de construire continuu şi discontinuu. Subzonă dezvoltată în etape succesive, organic și planificat", "cod_zf": "ZF11", "tip_zf": "Zonă locuințe și funcțiuni complementare", "arie_mp": 7088.4}, "geometry": {"type": "Polygon", "coordinates": [[[27.701363398466494, 47.15827354698889], [27.701389325137185, 47.157982696387364], [27.701472106125284, 47.157798069834676], [27.70146950453933, 47.15768522909205], [27.701334274025914, 47.157254682457626], [27.701303810510986, 47.157075588202005], [27.70120268170804, 47.15689396362592], [27.70140123463679, 47.156206950156225], [27.701371368765976, 47.155917628740944], [27.701114380130058, 47.155319401572555], [27.701083372119886, 47.15519049853158], [27.700999534746025, 47.155108826625664], [27.70083411337673, 47.155006906109215], [27.7007603898668, 47.155073438614636], [27.700748051940092, 47.15515325251374], [27.700830152379385, 47.15527809646383], [27.7008600971661, 47.15536894529036], [27.700932100271494, 47.155714882588015], [27.70091154040744, 47.156172943446975], [27.700950718691665, 47.156523040318646], [27.701008239925244, 47.156876632164455], [27.70108137500904, 47.15711501181992], [27.701287268310466, 47.15746412844315], [27.701357165703563, 47.15766716287476], [27.70136093303964, 47.15782989661323], [27.701338476268127, 47.157925209548374], [27.701255293930757, 47.15811226610152], [27.701238728311747, 47.15826445999578], [27.701257622238995, 47.15829626245435], [27.701363398466494, 47.15827354698889]]]}}, {"type": "Feature", "properties": {"utr": "UTR7_L1", "tip_szf": "subzona de locuire individuală situată în ţesut tradiţional cu regim de construire continuu şi discontinuu. Subzonă dezvoltată în etape succesive, organic și planificat", "cod_zf": "ZF11", "tip_zf": "Zonă locuințe și funcțiuni complementare", "arie_mp": 494648.1}, "geometry": {"type": "Polygon", "coordinates": [[[27.70090083836931, 47.154946689303046], [27.701064548710743, 47.15504512052116], [27.701156157926857, 47.15513469030191], [27.701432210035456, 47.155880308360665], [27.70146314966188, 47.15600433169708], [27.70146493773612, 47.15633437023547], [27.701333383320897, 47.156663447377106], [27.701327612352546, 47.15689415218985], [27.701421015584415, 47.15709575039521], [27.701530180559665, 47.15776247019539], [27.701483202065383, 47.15824781900311], [27.7029473787465, 47.157905140627264], [27.703515451328116, 47.157730028641964], [27.706062137698556, 47.15765270354105], [27.708039065888695, 47.15747702498636], [27.709833512504595, 47.15726165665642], [27.713594123034706, 47.15671580875637], [27.713974660303894, 47.15672932773208], [27.71424547572875, 47.1567936575789], [27.71452260910799, 47.156904994183954], [27.715548390867333, 47.15741979906214], [27.71567096058209, 47.15746169050927], [27.7157621172117, 47.15744139751844], [27.715866424875436, 47.157357828128596], [27.713843980080124, 47.15567193129921], [27.71277984177688, 47.15480578346103], [27.711928966229173, 47.154211212836906], [27.706956597760044, 47.150951011197556], [27.706343605340315, 47.150541656735605], [27.70611926673288, 47.150367159432676], [27.705844476495948, 47.15055331282685], [27.70352570329959, 47.152991703242556], [27.70306927793075, 47.15342517098298], [27.702697452875743, 47.15373412509625], [27.702364050557936, 47.15396522632218], [27.701907808065307, 47.154331115073], [27.701009449604708, 47.15484867136303], [27.70090083836931, 47.154946689303046]]]}}, {"type": "Feature", "properties": {"utr": "UTR6_L1", "tip_szf": "subzona de locuire individuală situată în ţesut tradiţional cu regim de construire continuu şi discontinuu. Subzonă dezvoltată în etape succesive, organic și planificat", "cod_zf": "ZF11", "tip_zf": "Zonă locuințe și funcțiuni complementare", "arie_mp": 201856.1}, "geometry": {"type": "Polygon", "coordinates": [[[27.69028026299901, 47.16326785104074], [27.690164883796104, 47.1633448189489], [27.68954871918864, 47.162976707578046], [27.68941143218456, 47.16310786904775], [27.688127618567748, 47.16232166267837], [27.688136378985064, 47.16261902228781], [27.689181762257984, 47.16324769584156], [27.689020898396695, 47.16338512626134], [27.68879990974511, 47.163251015635616], [27.688820166488576, 47.16353896609917], [27.688171496887037, 47.163145299970154], [27.688306496220456, 47.16470997119253], [27.690705802351662, 47.16622116648648], [27.69053496334634, 47.166361740144424], [27.68925536963455, 47.16558794750879], [27.68915282850541, 47.16566680727475], [27.688298039678006, 47.16512911236205], [27.68837199757879, 47.16557934566856], [27.68903099050905, 47.165993882707944], [27.688918926486792, 47.166073872831255], [27.688380264512904, 47.165722597045495], [27.68840373255807, 47.16612925183713], [27.689819712030484, 47.167048608008194], [27.68969365137877, 47.16714336255926], [27.689436771015053, 47.166975761782474], [27.689289479919776, 47.167063048414], [27.690024630965873, 47.167521540682074], [27.689867576748437, 47.16762679508491], [27.688437257373714, 47.16671015771328], [27.688516697515688, 47.167699078004865], [27.68920709093896, 47.16810312507005], [27.6892208415149, 47.1682817005298], [27.688528633338493, 47.167893492701154], [27.68854800307284, 47.16829801220168], [27.68997803583174, 47.16916603419558], [27.690749601491017, 47.169606904276776], [27.690862078143613, 47.16951196742245], [27.690947924337696, 47.16950041747755], [27.691241728015637, 47.16953177358662], [27.691507421534588, 47.169211153615656], [27.691491594800837, 47.16920223689997], [27.6918026067615, 47.168794080611974], [27.691860865159498, 47.16865126804937], [27.692434943700544, 47.1680208588864], [27.692655785325528, 47.16787014367259], [27.69289699814637, 47.1675973577161], [27.693073422504476, 47.16749619941371], [27.693312925609167, 47.16738804827434], [27.69357102217867, 47.16721008898537], [27.69391256255665, 47.16680193478798], [27.694020437405264, 47.16669451826508], [27.694160113375847, 47.16650363163429], [27.694429939844447, 47.16593388842325], [27.69305949243749, 47.16508998171396], [27.691929233399517, 47.16433260521284], [27.69127427867894, 47.16392297747364], [27.69028026299901, 47.16326785104074]]]}}, {"type": "Feature", "properties": {"utr": "UTR21_L1", "tip_szf": "subzona de locuire individuală situată în ţesut tradiţional cu regim de construire continuu şi discontinuu. Subzonă dezvoltată în etape succesive, organic și planificat", "cod_zf": "ZF11", "tip_zf": "Zonă locuințe și funcțiuni complementare", "arie_mp": 9693.9}, "geometry": {"type": "Polygon", "coordinates": [[[27.689398024616157, 47.18567478288443], [27.689276007016076, 47.18565477811879], [27.68917459683082, 47.185299142334664], [27.68930333974138, 47.1850609600975], [27.689306364278828, 47.18482025007401], [27.689462683191085, 47.18466548638475], [27.6895905461561, 47.18448711189179], [27.68968199550196, 47.18426816422001], [27.6898891039183, 47.18351346681483], [27.689865195358614, 47.18327983784913], [27.68979749687579, 47.18307756713418], [27.6896681047875, 47.18293395507271], [27.689680152574724, 47.182833696325986], [27.69052669085934, 47.18297454577482], [27.69018784532762, 47.183901781154155], [27.690008116634555, 47.184311993676886], [27.68971893058073, 47.18488759788256], [27.689398024616157, 47.18567478288443]]]}}]}