{"type": "FeatureCollection", "features": [{"type": "Feature", "properties": {"utr": "ZV 2", "tip_szf": "Subzona spațiilor verzi destinate protecției cursurilor de apă, inclusiv fâșii publice plantate", "cod_zf": "ZF14", "arie_mp": 1276.0}, "geometry": {"type": "Polygon", "coordinates": [[[27.798116944412808, 45.59636792258839], [27.797892676878995, 45.59645182110909], [27.79778465512145, 45.59652646042727], [27.797711254502175, 45.59659462193651], [27.797612013352726, 45.59673037871079], [27.797357675255068, 45.59735367238867], [27.797509688742956, 45.59700648433525], [27.797788037811795, 45.59656882757795], [27.7979312165375, 45.59644417351674], [27.79822950298642, 45.59638638489924], [27.79883876705476, 45.59643050438572], [27.799475970712397, 45.596344017828216], [27.79988481012253, 45.59643646227932], [27.80003362971163, 45.596548214279196], [27.800193086230205, 45.5964862256773], [27.800223933385602, 45.59642654127677], [27.799443560320903, 45.596307224383224], [27.7987875923465, 45.59639072526425], [27.798268628194407, 45.596365723063045], [27.798116944412808, 45.59636792258839]]]}}, {"type": "Feature", "properties": {"utr": "ZV 2", "tip_szf": "Subzona spațiilor verzi destinate protecției cursurilor de apă, inclusiv fâșii publice plantate", "cod_zf": "ZF14", "arie_mp": 353.6}, "geometry": {"type": "Polygon", "coordinates": [[[27.79587432708716, 45.59978060966611], [27.79580931728008, 45.599650353073635], [27.795540539928826, 45.599025688775164], [27.795504500863412, 45.59909845655471], [27.7955514322002, 45.599242419604245], [27.795687024268027, 45.5995067908037], [27.79587432708716, 45.59978060966611]]]}}, {"type": "Feature", "properties": {"utr": "ZV 2", "tip_szf": "Subzona spațiilor verzi destinate protecției cursurilor de apă, inclusiv fâșii publice plantate", "cod_zf": "ZF14", "arie_mp": 73.9}, "geometry": {"type": "Polygon", "coordinates": [[[27.79497428033718, 45.596527464926524], [27.794861915329342, 45.59659866114219], [27.794752254970852, 45.59665156992477], [27.794777870539345, 45.59666789408211], [27.794999893106517, 45.59657218818361], [27.79497428033718, 45.596527464926524]]]}}, {"type": "Feature", "properties": {"utr": "ZV 2", "tip_szf": "Subzona spațiilor verzi destinate protecției cursurilor de apă, inclusiv fâșii publice plantate", "cod_zf": "ZF14", "arie_mp": 568.9}, "geometry": {"type": "Polygon", "coordinates": [[[27.797394536133844, 45.59697744022545], [27.7972579263617, 45.59719945493033], [27.79677133127336, 45.597984092093206], [27.797028699925118, 45.59773336388917], [27.797262347939967, 45.597320387122416], [27.797394536133844, 45.59697744022545]]]}}, {"type": "Feature", "properties": {"utr": "L", "tip_szf": "Zonă de locuit", "cod_zf": "ZF11", "arie_mp": 2079.1}, "geometry": {"type": "Polygon", "coordinates": [[[27.795425521622136, 45.59597541635318], [27.795644720708356, 45.59636680393315], [27.795920270469917, 45.59631423863707], [27.79586697353135, 45.59584592416145], [27.79551412225742, 45.59573012234145], [27.795293549165574, 45.59568304587849], [27.795472106971186, 45.595945779272895], [27.795425521622136, 45.59597541635318]]]}}, {"type": "Feature", "properties": {"utr": "ZV 2", "tip_szf": "Subzona spațiilor verzi destinate protecției cursurilor de apă, inclusiv fâșii publice plantate", "cod_zf": "ZF14", "arie_mp": 309.8}, "geometry": {"type": "Polygon", "coordinates": [[[27.793862074596117, 45.59703824303223], [27.794991617317024, 45.59676828588165], [27.794985052850166, 45.596751072452065], [27.795080803648776, 45.596727321842295], [27.795053565801265, 45.596686216693136], [27.794807047747494, 45.59678999400269], [27.79391471787666, 45.59699890535009], [27.793872609404733, 45.597015687487826], [27.793862074596117, 45.59703824303223]]]}}, {"type": "Feature", "properties": {"utr": "ZG", "tip_szf": "Subzona cimitirelor și clădirilor anexe", "cod_zf": "ZF13", "arie_mp": 21233.7}, "geometry": {"type": "Polygon", "coordinates": [[[27.797394536133844, 45.59697744022545], [27.797529438826775, 45.59670539250703], [27.797634994602344, 45.5965610002773], [27.797837044254702, 45.596401884153615], [27.797994924688705, 45.596333940975384], [27.79799560051703, 45.59632204115799], [27.796967576457615, 45.59619467800711], [27.796713495190186, 45.596142848287535], [27.796067193710687, 45.595942919866026], [27.796226593233495, 45.59639637590686], [27.79497428033718, 45.596527464926524], [27.79505703979914, 45.596671973524856], [27.795043724074542, 45.596671364340985], [27.795351224708376, 45.597318650284116], [27.79587830691914, 45.597186436740834], [27.79605152212093, 45.597385524469914], [27.79610656639876, 45.5974837407484], [27.7972579263617, 45.59719945493033], [27.797394536133844, 45.59697744022545]]]}}, {"type": "Feature", "properties": {"utr": "ZV 2", "tip_szf": "Subzona spațiilor verzi destinate protecției cursurilor de apă, inclusiv fâșii publice plantate", "cod_zf": "ZF14", "arie_mp": 1983.4}, "geometry": {"type": "Polygon", "coordinates": [[[27.799293548016927, 45.60839623512008], [27.798716759309027, 45.60761132210425], [27.797038590560454, 45.605246743636485], [27.797054302171986, 45.60521949780556], [27.79699025987622, 45.60524869069698], [27.79698225196347, 45.605273620888475], [27.799222925653947, 45.60840434321816], [27.799293548016927, 45.60839623512008]]]}}, {"type": "Feature", "properties": {"utr": "L", "tip_szf": "Zonă de locuit", "cod_zf": "ZF11", "arie_mp": 396.4}, "geometry": {"type": "Polygon", "coordinates": [[[27.791757791304647, 45.588275620566584], [27.792057152657936, 45.588494671981245], [27.792153274388397, 45.58843552545635], [27.791871887314667, 45.58819079759837], [27.791757791304647, 45.588275620566584]]]}}, {"type": "Feature", "properties": {"utr": "ZV 2", "tip_szf": "Subzona spațiilor verzi destinate protecției cursurilor de apă, inclusiv fâșii publice plantate", "cod_zf": "ZF14", "arie_mp": 1359.2}, "geometry": {"type": "Polygon", "coordinates": [[[27.789780353901694, 45.58880159416127], [27.78978710902421, 45.58889518406273], [27.78984274981205, 45.588993804632416], [27.790478513863597, 45.589915038296226], [27.790525834418997, 45.58994718190986], [27.790560902270933, 45.58994611774424], [27.79084791331996, 45.58970047313143], [27.791360635160217, 45.589200757441986], [27.79198206432582, 45.588628422021685], [27.792222035832157, 45.588440171984544], [27.79265700890934, 45.58816287806597], [27.7926854453946, 45.58812203218303], [27.792673884417578, 45.58808307873228], [27.792596920541907, 45.58811691726563], [27.79228497579874, 45.588349371557605], [27.792057152657936, 45.588494671981245], [27.792075174275443, 45.588507858842476], [27.79192573538927, 45.588635362976746], [27.791903551188184, 45.588631451108775], [27.790540188953273, 45.58993617453337], [27.789877888490107, 45.58899017292344], [27.789803322747208, 45.58887000750322], [27.789780353901694, 45.58880159416127]]]}}, {"type": "Feature", "properties": {"utr": "ZV 2", "tip_szf": "Subzona spațiilor verzi destinate protecției cursurilor de apă, inclusiv fâșii publice plantate", "cod_zf": "ZF14", "arie_mp": 2839.0}, "geometry": {"type": "Polygon", "coordinates": [[[27.794278975272185, 45.58707580525766], [27.79408115675558, 45.586933122673955], [27.793969575679338, 45.586984719503114], [27.79382841542173, 45.58710432421484], [27.793620074256133, 45.587398173823686], [27.793317567776057, 45.58764755641708], [27.793192488423735, 45.587905487029296], [27.793211007904397, 45.587914230088096], [27.793837351907577, 45.58755570598936], [27.794210175554433, 45.58724321379186], [27.794278975272185, 45.58707580525766]]]}}, {"type": "Feature", "properties": {"utr": "ZV 2", "tip_szf": "Subzona spațiilor verzi destinate protecției cursurilor de apă, inclusiv fâșii publice plantate", "cod_zf": "ZF14", "arie_mp": 1222.7}, "geometry": {"type": "Polygon", "coordinates": [[[27.796980523315778, 45.60515877837462], [27.79634434638925, 45.60427639567554], [27.797672164363163, 45.60398668671635], [27.798680367611343, 45.603744884406126], [27.798604130175214, 45.603742667212074], [27.79629075503531, 45.60426499409396], [27.796280585398456, 45.604279794771784], [27.79629439234617, 45.604301367633504], [27.796825790275424, 45.605052519569526], [27.796899554463575, 45.60514394910106], [27.79693654215937, 45.60516316215923], [27.796980523315778, 45.60515877837462]]]}}, {"type": "Feature", "properties": {"utr": "ZIP", "tip_szf": "Subzona instituțiilor publice și serviciilor", "cod_zf": "ZF10", "arie_mp": 930.8}, "geometry": {"type": "Polygon", "coordinates": [[[27.797299911448565, 45.60430511047341], [27.796619123887766, 45.60446932033394], [27.796509312016465, 45.60449580711726], [27.796581459963026, 45.60461040026594], [27.797384613224995, 45.604421782249645], [27.797299911448565, 45.60430511047341]]]}}, {"type": "Feature", "properties": {"utr": "ZV 2", "tip_szf": "Subzona spațiilor verzi destinate protecției cursurilor de apă, inclusiv fâșii publice plantate", "cod_zf": "ZF14", "arie_mp": 3321.6}, "geometry": {"type": "Polygon", "coordinates": [[[27.78980285717541, 45.59528641028405], [27.78984288679683, 45.595278173444456], [27.78915918968314, 45.59429112643916], [27.792862044694573, 45.59343957161767], [27.793579232962617, 45.59443996899985], [27.79207030471805, 45.59478336441778], [27.79188312198022, 45.59482300350838], [27.791328842096423, 45.59494860045493], [27.790958663272985, 45.595029339589026], [27.790737057214365, 45.59507894950728], [27.790585551895205, 45.595112499049776], [27.790585551895006, 45.59511249904986], [27.790613890494846, 45.59515121299384], [27.79358629632671, 45.594473761254385], [27.793618025669762, 45.59442482007065], [27.792923694676972, 45.59343645234641], [27.79286308307752, 45.59341455456361], [27.79123930058385, 45.593767901634884], [27.789114701281413, 45.594268148271624], [27.78910310317989, 45.59431726911518], [27.78980285717541, 45.59528641028405]]]}}, {"type": "Feature", "properties": {"utr": "ZV 2", "tip_szf": "Subzona spațiilor verzi destinate protecției cursurilor de apă, inclusiv fâșii publice plantate", "cod_zf": "ZF14", "arie_mp": 241.2}, "geometry": {"type": "Polygon", "coordinates": [[[27.794167917499422, 45.5957551272308], [27.794537009613506, 45.59568165129414], [27.794843852286313, 45.59564618986911], [27.795293549165574, 45.59568304587849], [27.79551412225742, 45.59573012234145], [27.795330903542897, 45.59567719892818], [27.794996823792577, 45.59563258081752], [27.79480355805045, 45.59562482258386], [27.794439654996513, 45.59567395862834], [27.794193643640767, 45.59572535176089], [27.794168258980072, 45.59573796699594], [27.794167917499422, 45.5957551272308]]]}}, {"type": "Feature", "properties": {"utr": "L", "tip_szf": "Zonă de locuit", "cod_zf": "ZF11", "arie_mp": 937.0}, "geometry": {"type": "Polygon", "coordinates": [[[27.795630090745803, 45.59531985787439], [27.795681213246173, 45.595664213795466], [27.796012038146383, 45.595684371117265], [27.79594449143774, 45.59539206576143], [27.795783989562064, 45.59530761452122], [27.795630090745803, 45.59531985787439]]]}}, {"type": "Feature", "properties": {"utr": "ZIP", "tip_szf": "Subzona instituțiilor publice și serviciilor", "cod_zf": "ZF10", "arie_mp": 38.2}, "geometry": {"type": "Polygon", "coordinates": [[[27.790700128915958, 45.592707012884965], [27.790753469767076, 45.5926945998601], [27.79071931314117, 45.592626127406206], [27.790655484056504, 45.59264018936927], [27.790700128915958, 45.592707012884965]]]}}, {"type": "Feature", "properties": {"utr": "ZIP", "tip_szf": "Subzona instituțiilor publice și serviciilor", "cod_zf": "ZF07", "arie_mp": 1662.1}, "geometry": {"type": "Polygon", "coordinates": [[[27.79119248231708, 45.59597705827314], [27.790498082030858, 45.596154233294314], [27.790658085453998, 45.596375594767665], [27.791367304899545, 45.59622322629111], [27.79119248231708, 45.59597705827314]]]}}, {"type": "Feature", "properties": {"utr": "ZD", "tip_szf": "Clădiri cu destinație specială", "cod_zf": "ZF07", "arie_mp": 675.9}, "geometry": {"type": "Polygon", "coordinates": [[[27.790244339857164, 45.59580822719681], [27.790467542961352, 45.59573637546269], [27.7909470877047, 45.59560584077948], [27.79087579583543, 45.59552196738709], [27.790168461594337, 45.59569762065156], [27.790191260720956, 45.59572947589253], [27.79023998091062, 45.595715229371], [27.790269585583705, 45.59576498085343], [27.7902236190206, 45.59578032141994], [27.790244339857164, 45.59580822719681]]]}}, {"type": "Feature", "properties": {"utr": "ZV 2", "tip_szf": "Subzona spațiilor verzi destinate protecției cursurilor de apă, inclusiv fâșii publice plantate", "cod_zf": "ZF14", "arie_mp": 3518.0}, "geometry": {"type": "Polygon", "coordinates": [[[27.792030653781964, 45.59229984534738], [27.788355423449975, 45.59312522536609], [27.788293616870853, 45.59316634636928], [27.78831029375484, 45.593212346525725], [27.788994170624385, 45.59416831728026], [27.789087799735157, 45.594191929258635], [27.79279722259094, 45.59335252366724], [27.792822998956687, 45.59331900574016], [27.792825506135827, 45.59330233097939], [27.792112549185667, 45.592324700496725], [27.792065851814684, 45.59230277058516], [27.792030653781964, 45.59229984534738]], [[27.792041106363545, 45.59233249840835], [27.79276917414846, 45.59332149043595], [27.78906571518343, 45.59416124242997], [27.7883527978255, 45.593166607766655], [27.792041106363545, 45.59233249840835]]]}}, {"type": "Feature", "properties": {"utr": "ZIP", "tip_szf": "Subzona instituțiilor publice și serviciilor", "cod_zf": "ZF10", "arie_mp": 1560.0}, "geometry": {"type": "Polygon", "coordinates": [[[27.800136876590617, 45.60307535695082], [27.800051124056854, 45.6029404590588], [27.79969086585236, 45.60298516129337], [27.79837463096411, 45.60328605963334], [27.798429316701846, 45.60337238043978], [27.799599296860176, 45.60310491362722], [27.800136876590617, 45.60307535695082]]]}}, {"type": "Feature", "properties": {"utr": "ZV 2", "tip_szf": "Subzona spațiilor verzi destinate protecției cursurilor de apă, inclusiv fâșii publice plantate", "cod_zf": "ZF14", "arie_mp": 2101.3}, "geometry": {"type": "Polygon", "coordinates": [[[27.798522901338195, 45.6036886746904], [27.796271428750057, 45.6041809136154], [27.795715390376348, 45.60340744089976], [27.795688855388693, 45.60333578809588], [27.79555941647513, 45.60319294155489], [27.797031841163456, 45.60286568249854], [27.797816992515408, 45.60266847616614], [27.79777699330321, 45.60265666784039], [27.797691998456067, 45.602656159597785], [27.79554648546048, 45.603144307946444], [27.79549775755016, 45.60319228380219], [27.796193423753145, 45.604174164784], [27.79625753495722, 45.60420198319875], [27.798485393664933, 45.60371232319334], [27.798522901338195, 45.6036886746904]]]}}, {"type": "Feature", "properties": {"utr": "ZV 2", "tip_szf": "Subzona spațiilor verzi destinate protecției cursurilor de apă, inclusiv fâșii publice plantate", "cod_zf": "ZF14", "arie_mp": 1596.1}, "geometry": {"type": "Polygon", "coordinates": [[[27.796142577331867, 45.60032942966781], [27.793859165642157, 45.60082934209628], [27.793152501145787, 45.599833918247946], [27.795442477785034, 45.59931725536259], [27.79540833037511, 45.59930582702434], [27.795352465939015, 45.59930246916895], [27.793148811757792, 45.5998039998722], [27.793116661419813, 45.5998203878377], [27.79310320209973, 45.59984731563746], [27.79311530269813, 45.599885626157715], [27.793802804076886, 45.60083280272469], [27.793856950358478, 45.60085143916368], [27.796067471019263, 45.600362493046276], [27.796140826316808, 45.600341703938525], [27.796142577331867, 45.60032942966781]]]}}, {"type": "Feature", "properties": {"utr": "ZV 1", "tip_szf": "Subzona spațiilor verzi publice cu acces nelimitat: grădini, scuaruri", "cod_zf": "ZF07", "arie_mp": 523.1}, "geometry": {"type": "Polygon", "coordinates": [[[27.791242902747104, 45.59716725498269], [27.791553526633997, 45.59706509198749], [27.791474043526858, 45.59692208500682], [27.79112420713808, 45.59699749118336], [27.791242902747104, 45.59716725498269]]]}}, {"type": "Feature", "properties": {"utr": "ZIP", "tip_szf": "Subzona instituțiilor publice și serviciilor", "cod_zf": "ZF07", "arie_mp": 152.3}, "geometry": {"type": "Polygon", "coordinates": [[[27.79146645862834, 45.59748461559781], [27.791740558069087, 45.59740161672086], [27.79171436856498, 45.59735449869545], [27.79142983654948, 45.59743263380736], [27.79146645862834, 45.59748461559781]]]}}, {"type": "Feature", "properties": {"utr": "ZIP", "tip_szf": "Subzona instituțiilor publice și serviciilor", "cod_zf": "ZF07", "arie_mp": 851.8}, "geometry": {"type": "Polygon", "coordinates": [[[27.79142983654948, 45.59743263380736], [27.79171436856498, 45.59735449869545], [27.791553526633997, 45.59706509198749], [27.791242902747104, 45.59716725498269], [27.79142983654948, 45.59743263380736]]]}}, {"type": "Feature", "properties": {"utr": "ZI", "tip_szf": "Subzona unităților industriale cu factor redus de poluare, a activităților de depozitare şi a serviciilor aferente", "cod_zf": "ZF12", "arie_mp": 1303.9}, "geometry": {"type": "Polygon", "coordinates": [[[27.79166967055624, 45.597146730345955], [27.79179693779967, 45.59737580724192], [27.791740558069087, 45.59740161672086], [27.791745891362524, 45.59741120573111], [27.792355149323168, 45.597264839808915], [27.792226096753314, 45.597032656472386], [27.79166967055624, 45.597146730345955]]]}}, {"type": "Feature", "properties": {"utr": "ZV 2", "tip_szf": "Subzona spațiilor verzi destinate protecției cursurilor de apă, inclusiv fâșii publice plantate", "cod_zf": "ZF14", "arie_mp": 1965.2}, "geometry": {"type": "Polygon", "coordinates": [[[27.79450130426756, 45.59810549248515], [27.792271126821234, 45.598610390622284], [27.79155486941386, 45.59761016607831], [27.793790170846197, 45.59708584868343], [27.793722596899393, 45.59705671742123], [27.793626027828772, 45.597069656407164], [27.791553092806346, 45.59758283834408], [27.791523110561634, 45.59760152972607], [27.791515899180954, 45.59762633578614], [27.791516684250833, 45.597654335601646], [27.792194812798797, 45.59860256493504], [27.792257632649395, 45.598627554401226], [27.793753042263432, 45.598313625777415], [27.794466773426176, 45.5981430478571], [27.794496412715326, 45.59812657423608], [27.79450130426756, 45.59810549248515]]]}}, {"type": "Feature", "properties": {"utr": "ZV 2", "tip_szf": "Subzona spațiilor verzi destinate protecției cursurilor de apă, inclusiv fâșii publice plantate", "cod_zf": "ZF14", "arie_mp": 2019.3}, "geometry": {"type": "Polygon", "coordinates": [[[27.79771956228488, 45.60255567655101], [27.79546928261015, 45.603061883981425], [27.794763406051537, 45.60207969176118], [27.79701522692106, 45.60155126087596], [27.796988794441813, 45.60153450668724], [27.796933795370805, 45.601527899794455], [27.795841522910663, 45.60179352929485], [27.794754286956543, 45.60203230378806], [27.79469867196268, 45.60207287901551], [27.795391552669557, 45.603059472871664], [27.795464796194043, 45.603083135781056], [27.79751276025924, 45.60263347381597], [27.797697573249355, 45.60258379832432], [27.79771956228488, 45.60255567655101]]]}}, {"type": "Feature", "properties": {"utr": "ZIP", "tip_szf": "Subzona instituțiilor publice și serviciilor", "cod_zf": "ZF10", "arie_mp": 915.8}, "geometry": {"type": "Polygon", "coordinates": [[[27.796109996569783, 45.60277125021975], [27.79537976637136, 45.60293481994331], [27.79546928261015, 45.603061883981425], [27.796189024803102, 45.602898059855995], [27.796109996569783, 45.60277125021975]]]}}, {"type": "Feature", "properties": {"utr": "ZV 2", "tip_szf": "Subzona spațiilor verzi destinate protecției cursurilor de apă, inclusiv fâșii publice plantate", "cod_zf": "ZF14", "arie_mp": 465.7}, "geometry": {"type": "Polygon", "coordinates": [[[27.798377026955993, 45.6075118881592], [27.79903561504798, 45.60842584797873], [27.799088815244147, 45.60841974020227], [27.798457417324734, 45.607537052009135], [27.798420091977135, 45.60751366960458], [27.798377026955993, 45.6075118881592]]]}}, {"type": "Feature", "properties": {"utr": "ZV 2", "tip_szf": "Subzona spațiilor verzi destinate protecției cursurilor de apă, inclusiv fâșii publice plantate", "cod_zf": "ZF14", "arie_mp": 1890.3}, "geometry": {"type": "Polygon", "coordinates": [[[27.796905892496827, 45.60142213472384], [27.79467768293322, 45.60195471442891], [27.793945010606894, 45.60095082334672], [27.79623035929812, 45.6004227500882], [27.796199896156736, 45.60041433144659], [27.793939171997284, 45.6009208807637], [27.79390342038533, 45.60095124646254], [27.793906762071128, 45.60097777834863], [27.794597949336378, 45.60194378487634], [27.79465276684441, 45.60196988024712], [27.795809620720615, 45.601725581720416], [27.79686893727814, 45.601467966983314], [27.796905892496827, 45.60142213472384]]]}}, {"type": "Feature", "properties": {"utr": "ZIP", "tip_szf": "Subzona instituțiilor publice și serviciilor", "cod_zf": "ZF10", "arie_mp": 91.9}, "geometry": {"type": "Polygon", "coordinates": [[[27.79593862192523, 45.60436993295552], [27.795955194507556, 45.60440752497391], [27.796014910032902, 45.604393895568144], [27.79603096673164, 45.604425513646575], [27.796144581140663, 45.60439709229084], [27.796099741527193, 45.60433379074412], [27.79593862192523, 45.60436993295552]]]}}, {"type": "Feature", "properties": {"utr": "L", "tip_szf": "Zonă de locuit", "cod_zf": "ZF11", "arie_mp": 1556.2}, "geometry": {"type": "Polygon", "coordinates": [[[27.783227223791876, 45.58694092758233], [27.784162352307142, 45.58646275074391], [27.784035769682184, 45.58634235552056], [27.783144691732982, 45.586786385581064], [27.783092535425673, 45.58682594852975], [27.783227223791876, 45.58694092758233]]]}}, {"type": "Feature", "properties": {"utr": "L", "tip_szf": "Zonă de locuit", "cod_zf": "ZF11", "arie_mp": 2393.1}, "geometry": {"type": "Polygon", "coordinates": [[[27.784243070827216, 45.58645184318585], [27.785268958642916, 45.5859219587952], [27.785096518656296, 45.585732290920625], [27.784074162614257, 45.58629029146284], [27.784243070827216, 45.58645184318585]]]}}, {"type": "Feature", "properties": {"utr": "ZIP", "tip_szf": "Subzona instituțiilor publice și serviciilor", "cod_zf": "ZF10", "arie_mp": 2058.0}, "geometry": {"type": "Polygon", "coordinates": [[[27.784162352307142, 45.58646275074391], [27.783227223791876, 45.58694092758233], [27.783421138710448, 45.58710636552132], [27.784330726110777, 45.586622893343765], [27.784162352307142, 45.58646275074391]]]}}, {"type": "Feature", "properties": {"utr": "ZV 2", "tip_szf": "Subzona spațiilor verzi destinate protecției cursurilor de apă, inclusiv fâșii publice plantate", "cod_zf": "ZF14", "arie_mp": 823.4}, "geometry": {"type": "Polygon", "coordinates": [[[27.783092535425673, 45.58682594852975], [27.783070688017357, 45.5868423618222], [27.783088638878525, 45.586883719940175], [27.783305787826503, 45.58707509815283], [27.784067271885828, 45.58771057697494], [27.78458073411894, 45.588167477425046], [27.784655361103976, 45.588171759331175], [27.784219534034833, 45.58780048855929], [27.78391739175078, 45.58751837309851], [27.783092535425673, 45.58682594852975]]]}}, {"type": "Feature", "properties": {"utr": "ZV 2", "tip_szf": "Subzona spațiilor verzi destinate protecției cursurilor de apă, inclusiv fâșii publice plantate", "cod_zf": "ZF14", "arie_mp": 201.7}, "geometry": {"type": "Polygon", "coordinates": [[[27.785079691780883, 45.58866721897856], [27.78490635802627, 45.58843928047889], [27.78470699797127, 45.58822478010326], [27.784681775809155, 45.58823602943546], [27.785020431068336, 45.58865617240609], [27.78504422720609, 45.58867334647333], [27.785079691780883, 45.58866721897856]]]}}, {"type": "Feature", "properties": {"utr": "ZV 2", "tip_szf": "Subzona spațiilor verzi destinate protecției cursurilor de apă, inclusiv fâșii publice plantate", "cod_zf": "ZF14", "arie_mp": 1739.1}, "geometry": {"type": "Polygon", "coordinates": [[[27.783040203869323, 45.58678651966676], [27.782621154204033, 45.58642322287011], [27.781967328829214, 45.58590199243031], [27.7816195370439, 45.58559474521533], [27.781168229427674, 45.58525305441078], [27.778525693995334, 45.58383095201036], [27.778469991306714, 45.58385236164254], [27.78046365096846, 45.58490483025257], [27.781173692961655, 45.58529723164314], [27.781728818766982, 45.5857320488353], [27.78298338704056, 45.58678485014692], [27.783040203869323, 45.58678651966676]]]}}, {"type": "Feature", "properties": {"utr": "ZV 2", "tip_szf": "Subzona spațiilor verzi destinate protecției cursurilor de apă, inclusiv fâșii publice plantate", "cod_zf": "ZF14", "arie_mp": 2750.9}, "geometry": {"type": "Polygon", "coordinates": [[[27.7930905168879, 45.60503743272208], [27.79486083264286, 45.60461074592064], [27.796099741527193, 45.60433379074412], [27.797634892491214, 45.60651360871082], [27.79801857561054, 45.60700994066386], [27.798336008398714, 45.60746028125383], [27.798368462681626, 45.60744071495004], [27.798368363092056, 45.60741193346274], [27.79671120198063, 45.6050928382976], [27.796124667433265, 45.60431027221319], [27.793952855035048, 45.60479296645209], [27.793113974552128, 45.60500518094869], [27.793088646197205, 45.60501429251924], [27.7930905168879, 45.60503743272208]]]}}, {"type": "Feature", "properties": {"utr": "L", "tip_szf": "Zonă de locuit", "cod_zf": "ZF11", "arie_mp": 2565.6}, "geometry": {"type": "Polygon", "coordinates": [[[27.79318439952783, 45.587641191934175], [27.793189989056145, 45.58733262593497], [27.79311208522111, 45.58738413287511], [27.79236460954872, 45.587670722537915], [27.792752692036117, 45.5880383739827], [27.793056294291436, 45.58785156837576], [27.79318439952783, 45.587641191934175]]]}}, {"type": "Feature", "properties": {"utr": "ZV 2", "tip_szf": "Subzona spațiilor verzi destinate protecției cursurilor de apă, inclusiv fâșii publice plantate", "cod_zf": "ZF14", "arie_mp": 2473.6}, "geometry": {"type": "Polygon", "coordinates": [[[27.79321771232992, 45.58803882764275], [27.793139072562695, 45.588031904510345], [27.79272245772259, 45.58821982952959], [27.79229597082345, 45.588491713758074], [27.792062132262647, 45.58867515289332], [27.79184235004552, 45.58887523037145], [27.790930530845518, 45.589745002864994], [27.79059361047943, 45.590046094207764], [27.7905993199153, 45.59008943402102], [27.791115410303803, 45.590835151605724], [27.791400163256213, 45.59118342288359], [27.79223215749684, 45.59235461421338], [27.792265477111215, 45.59236950315044], [27.792297175097097, 45.59236948181567], [27.790628270194137, 45.59006631064524], [27.790958704328176, 45.58977396396549], [27.79172209751096, 45.58903027214849], [27.79209846821239, 45.58869273724789], [27.79245167671988, 45.58847424698575], [27.79321771232992, 45.58803882764275]]]}}, {"type": "Feature", "properties": {"utr": "ZV 2", "tip_szf": "Subzona spațiilor verzi destinate protecției cursurilor de apă, inclusiv fâșii publice plantate", "cod_zf": "ZF14", "arie_mp": 1793.3}, "geometry": {"type": "Polygon", "coordinates": [[[27.792326838049547, 45.592488854672276], [27.793204886694944, 45.59368397421879], [27.794523789414683, 45.59555050037855], [27.79455177146467, 45.595569518234335], [27.79500248795361, 45.59556563902728], [27.795252146827636, 45.59559028456117], [27.79548934292405, 45.59564636966386], [27.796045286125455, 45.59583933388501], [27.795317106561438, 45.59557371796863], [27.79499596435455, 45.5955355500343], [27.79456806648403, 45.595523868420884], [27.793109606738604, 45.59347297347608], [27.79266110292348, 45.59288706476734], [27.792335558780042, 45.59241887115289], [27.792318979154082, 45.59243549601237], [27.792326838049547, 45.592488854672276]]]}}, {"type": "Feature", "properties": {"utr": "ZV 2", "tip_szf": "Subzona spațiilor verzi destinate protecției cursurilor de apă, inclusiv fâșii publice plantate", "cod_zf": "ZF14", "arie_mp": 3218.0}, "geometry": {"type": "Polygon", "coordinates": [[[27.787477596898448, 45.59211718977153], [27.78758900570989, 45.592208034296696], [27.788174126243064, 45.59302310940621], [27.78823621943228, 45.59305958745913], [27.788276383818214, 45.593063083579324], [27.79197439440399, 45.592232393951484], [27.792009753668705, 45.59220359843372], [27.792008856570195, 45.59217632403087], [27.791581269426338, 45.59158493084878], [27.791376505738008, 45.59131622121032], [27.791255709131153, 45.59120184518644], [27.790981353714404, 45.59124876359452], [27.787532113745495, 45.592037098821976], [27.787488436602565, 45.59205752033584], [27.787477596898448, 45.59211718977153]], [[27.787556829154937, 45.59206523098142], [27.79125073391729, 45.59122109582546], [27.791949570903338, 45.592207684293925], [27.78825693906445, 45.5930367401405], [27.788144286038726, 45.59285996549236], [27.788085444801393, 45.592797492856334], [27.787556829154937, 45.59206523098142]]]}}, {"type": "Feature", "properties": {"utr": "ZIP", "tip_szf": "Subzona instituțiilor publice și serviciilor", "cod_zf": "ZF10", "arie_mp": 780.2}, "geometry": {"type": "Polygon", "coordinates": [[[27.79013361852689, 45.59147612194556], [27.79045174069693, 45.59197728373068], [27.79062321077371, 45.591941120959476], [27.790276192756004, 45.59144308656217], [27.79013361852689, 45.59147612194556]]]}}, {"type": "Feature", "properties": {"utr": "ZIP", "tip_szf": "Subzona instituțiilor publice și serviciilor", "cod_zf": "ZF10", "arie_mp": 649.2}, "geometry": {"type": "Polygon", "coordinates": [[[27.787132131794674, 45.591177086157295], [27.786999251791894, 45.59089139963708], [27.786734591593664, 45.59095113988773], [27.78693954069782, 45.59123802336782], [27.786978287811483, 45.591227396764594], [27.7869708825899, 45.59121719836485], [27.787132131794674, 45.591177086157295]]]}}, {"type": "Feature", "properties": {"utr": "ZV 2", "tip_szf": "Subzona spațiilor verzi destinate protecției cursurilor de apă, inclusiv fâșii publice plantate", "cod_zf": "ZF07", "arie_mp": 1004.6}, "geometry": {"type": "Polygon", "coordinates": [[[27.788957521421995, 45.595571170971446], [27.788982841752556, 45.595604270892224], [27.789704902478718, 45.59543983749672], [27.790087139035684, 45.59603008138207], [27.790118967097182, 45.596022470807696], [27.79022678710553, 45.59618200547089], [27.79021400131468, 45.59618504561209], [27.790399354011477, 45.596437925562796], [27.79031656425001, 45.596457129313734], [27.79032870016428, 45.59648274687872], [27.789964339823573, 45.59656726232801], [27.789952438916917, 45.59654214049582], [27.78973676445256, 45.596593478921456], [27.789750791945004, 45.59661874826223], [27.79040014277281, 45.59647274307463], [27.790447286985707, 45.59643275299864], [27.790449133180015, 45.59639198250343], [27.789781079922015, 45.59546144181176], [27.789743911875018, 45.595430888731656], [27.789663334823995, 45.59541829082629], [27.788957521421995, 45.595571170971446]]]}}, {"type": "Feature", "properties": {"utr": "ZIP", "tip_szf": "Subzona instituțiilor publice și serviciilor", "cod_zf": "ZF07", "arie_mp": 89.6}, "geometry": {"type": "Polygon", "coordinates": [[[27.789952438916917, 45.59654214049582], [27.789964339823573, 45.59656726232801], [27.79032870016428, 45.59648274687872], [27.79031656425001, 45.596457129313734], [27.789952438916917, 45.59654214049582]]]}}, {"type": "Feature", "properties": {"utr": "ZIP", "tip_szf": "Subzona instituțiilor publice și serviciilor", "cod_zf": "ZF10", "arie_mp": 188.4}, "geometry": {"type": "Polygon", "coordinates": [[[27.788164175482656, 45.59289117562094], [27.788351226019962, 45.592832217664835], [27.788301786471358, 45.59274356981674], [27.788085444801393, 45.592797492856334], [27.788164175482656, 45.59289117562094]]]}}, {"type": "Feature", "properties": {"utr": "L", "tip_szf": "Zonă de locuit", "cod_zf": "ZF11", "arie_mp": 436.8}, "geometry": {"type": "Polygon", "coordinates": [[[27.78751580906292, 45.590222071203314], [27.78742739433758, 45.59025436548557], [27.787557752705116, 45.59044466708118], [27.78754666832686, 45.590520219459144], [27.787604148648036, 45.59062699052776], [27.78777058189783, 45.59059189976141], [27.78751580906292, 45.590222071203314]]]}}, {"type": "Feature", "properties": {"utr": "ZV 2", "tip_szf": "Subzona spațiilor verzi destinate protecției cursurilor de apă, inclusiv fâșii publice plantate", "cod_zf": "ZF14", "arie_mp": 2847.5}, "geometry": {"type": "Polygon", "coordinates": [[[27.7866925750493, 45.59095794358323], [27.786705204323418, 45.590999908171256], [27.787393381333043, 45.591953914035265], [27.7874195790953, 45.59196361962253], [27.791174264448767, 45.59111722425545], [27.791193415403395, 45.591092836078616], [27.79049518930851, 45.59009135731541], [27.790415993880924, 45.590068173507206], [27.787786124095575, 45.59068885863586], [27.787092012576604, 45.59083759729119], [27.78673404135977, 45.5909244574596], [27.7866925750493, 45.59095794358323]], [[27.786734591593664, 45.59095113988773], [27.788439973342143, 45.59057391335714], [27.79045273876713, 45.590091822038644], [27.791147872636873, 45.59109407425797], [27.78743871909178, 45.59193079263571], [27.786734591593664, 45.59095113988773]]]}}, {"type": "Feature", "properties": {"utr": "ZIP", "tip_szf": "Subzona instituțiilor publice și serviciilor", "cod_zf": "ZF10", "arie_mp": 1029.9}, "geometry": {"type": "Polygon", "coordinates": [[[27.790235297413176, 45.59044343519305], [27.79063119405813, 45.590350401736906], [27.79045273876713, 45.590091822038644], [27.7900568862128, 45.59018691105103], [27.790235297413176, 45.59044343519305]]]}}, {"type": "Feature", "properties": {"utr": "L", "tip_szf": "Zonă de locuit", "cod_zf": "ZF11", "arie_mp": 1054.7}, "geometry": {"type": "Polygon", "coordinates": [[[27.787411276270134, 45.59580059023103], [27.787070179807717, 45.59530816842818], [27.786870749461098, 45.59536506707795], [27.78719168141632, 45.59585552449578], [27.787411276270134, 45.59580059023103]]]}}, {"type": "Feature", "properties": {"utr": "L", "tip_szf": "Zonă de locuit", "cod_zf": "ZF11", "arie_mp": 531.0}, "geometry": {"type": "Polygon", "coordinates": [[[27.78895175470796, 45.59878178331744], [27.789312119327096, 45.59927252118344], [27.78940377529368, 45.59925139648812], [27.78906975649336, 45.59875020056581], [27.78895175470796, 45.59878178331744]]]}}, {"type": "Feature", "properties": {"utr": "L", "tip_szf": "Zonă de locuit", "cod_zf": "ZF11", "arie_mp": 487.6}, "geometry": {"type": "Polygon", "coordinates": [[[27.789112582596214, 45.59672833619316], [27.789045555651963, 45.59656852088356], [27.788717882264464, 45.596639892507454], [27.78880364237243, 45.59679711402031], [27.789112582596214, 45.59672833619316]]]}}, {"type": "Feature", "properties": {"utr": "ZIP", "tip_szf": "Subzona instituțiilor publice și serviciilor", "cod_zf": "ZF10", "arie_mp": 853.6}, "geometry": {"type": "Polygon", "coordinates": [[[27.789682693301636, 45.59660216421018], [27.78960431890263, 45.59644498602549], [27.789045555651963, 45.59656852088356], [27.789112582596214, 45.59672833619316], [27.789682693301636, 45.59660216421018]]]}}, {"type": "Feature", "properties": {"utr": "L", "tip_szf": "Zonă de locuit", "cod_zf": "ZF11", "arie_mp": 1113.8}, "geometry": {"type": "Polygon", "coordinates": [[[27.788325148646507, 45.59762563950727], [27.78797916880726, 45.59711287615446], [27.78775829161656, 45.597164409903236], [27.78811528694164, 45.597676649744805], [27.788325148646507, 45.59762563950727]]]}}, {"type": "Feature", "properties": {"utr": "ZV 2", "tip_szf": "Subzona spațiilor verzi destinate protecției cursurilor de apă, inclusiv fâșii publice plantate", "cod_zf": "ZF07", "arie_mp": 1011.5}, "geometry": {"type": "Polygon", "coordinates": [[[27.791212164456727, 45.59755218856207], [27.791273176891192, 45.59753500094955], [27.79127600341733, 45.59752003176733], [27.790560042236006, 45.5965480563769], [27.790508653768796, 45.59653049988744], [27.79044278378291, 45.596532177651746], [27.78978485588775, 45.5966801114684], [27.789803050246597, 45.59671288694991], [27.79049291364543, 45.59656597715858], [27.791212164456727, 45.59755218856207]]]}}, {"type": "Feature", "properties": {"utr": "ZIP", "tip_szf": "Subzona instituțiilor publice și serviciilor", "cod_zf": "ZF07", "arie_mp": 661.0}, "geometry": {"type": "Polygon", "coordinates": [[[27.790118967097182, 45.596022470807696], [27.789985522582658, 45.59605437935084], [27.789991380844498, 45.596066451984534], [27.789691673925212, 45.596139769484594], [27.78979223213334, 45.59628533078727], [27.79022678710553, 45.59618200547089], [27.790118967097182, 45.596022470807696]]]}}, {"type": "Feature", "properties": {"utr": "ZV 2", "tip_szf": "Subzona spațiilor verzi destinate protecției cursurilor de apă, inclusiv fâșii publice plantate", "cod_zf": "ZF14", "arie_mp": 140.1}, "geometry": {"type": "Polygon", "coordinates": [[[27.785209011925236, 45.59373914908465], [27.78529611139071, 45.59372578184207], [27.785256566686723, 45.593350377440856], [27.785246493609545, 45.59345203848879], [27.785209011925236, 45.59373914908465]]]}}, {"type": "Feature", "properties": {"utr": "ZV 2", "tip_szf": "Subzona spațiilor verzi destinate protecției cursurilor de apă, inclusiv fâșii publice plantate", "cod_zf": "ZF14", "arie_mp": 1196.6}, "geometry": {"type": "Polygon", "coordinates": [[[27.78961472720168, 45.595325121307255], [27.789650934262536, 45.59531767110118], [27.789655824871033, 45.59528261072606], [27.788975642109552, 45.5943394412523], [27.788919576509674, 45.59431029230694], [27.786038741313362, 45.59494808414904], [27.785939841418426, 45.59497604703883], [27.785931206980177, 45.594994508087744], [27.78891586452984, 45.5943347411451], [27.78961472720168, 45.595325121307255]]]}}, {"type": "Feature", "properties": {"utr": "ZV 2", "tip_szf": "Subzona spațiilor verzi destinate protecției cursurilor de apă, inclusiv fâșii publice plantate", "cod_zf": "ZF14", "arie_mp": 1881.8}, "geometry": {"type": "Polygon", "coordinates": [[[27.795342260956225, 45.59919515975181], [27.794168246614618, 45.59947513306994], [27.793069786118433, 45.599710640308], [27.792352414745856, 45.59872452089848], [27.79357490615733, 45.59845644079011], [27.794607196321305, 45.59821054859418], [27.794568340441597, 45.598198538467265], [27.794505809569003, 45.59820184074867], [27.793781412777896, 45.59837496775988], [27.792345546022855, 45.59868645741835], [27.792301533287485, 45.59872663627833], [27.792309546203363, 45.59876207993449], [27.792989547775132, 45.59970503283829], [27.793076084990748, 45.59973078622299], [27.794850722486384, 45.599341826992706], [27.795316497721213, 45.599229594565706], [27.795342260956225, 45.59919515975181]]]}}, {"type": "Feature", "properties": {"utr": "ZI", "tip_szf": "Subzona unităților industriale cu factor redus de poluare, a activităților de depozitare şi a serviciilor aferente", "cod_zf": "ZF12", "arie_mp": 659.6}, "geometry": {"type": "Polygon", "coordinates": [[[27.792779074485154, 45.598921241985025], [27.79262813998265, 45.59866495681966], [27.792352414745856, 45.59872452089848], [27.792542224613406, 45.598981848578944], [27.792779074485154, 45.598921241985025]]]}}, {"type": "Feature", "properties": {"utr": "ZB", "tip_szf": "Subzona activităților legate de culte", "cod_zf": "ZF07", "arie_mp": 4198.7}, "geometry": {"type": "Polygon", "coordinates": [[[27.79191964204425, 45.5968277818341], [27.79169384274537, 45.59631439561555], [27.79076464325403, 45.596506370194675], [27.790785569956082, 45.5965143282355], [27.790789524979505, 45.596540977395286], [27.791055730974012, 45.59690401527439], [27.79106774687235, 45.59690118187672], [27.791090224990132, 45.59693309323191], [27.791078625163404, 45.59693732980493], [27.791116197515535, 45.596964873860735], [27.79112420713808, 45.59699749118336], [27.79191964204425, 45.5968277818341]]]}}, {"type": "Feature", "properties": {"utr": "ZV 2", "tip_szf": "Subzona spațiilor verzi destinate protecției cursurilor de apă, inclusiv fâșii publice plantate", "cod_zf": "ZF07", "arie_mp": 1069.8}, "geometry": {"type": "Polygon", "coordinates": [[[27.791414474089983, 45.59749816714803], [27.79146645862834, 45.59748461559781], [27.79112420713808, 45.59699749118336], [27.791116197515535, 45.596964873860735], [27.791078625163404, 45.59693732980493], [27.791090224990132, 45.59693309323191], [27.79106774687235, 45.59690118187672], [27.791055730974012, 45.59690401527439], [27.790789524979505, 45.596540977395286], [27.790785569956082, 45.5965143282355], [27.79076464325403, 45.596506370194675], [27.79169384274537, 45.59631439561555], [27.791591525958854, 45.596285828915484], [27.79070990034359, 45.5964808306326], [27.79069110008545, 45.5965010506457], [27.790701346515704, 45.59653289297846], [27.791414474089983, 45.59749816714803]]]}}, {"type": "Feature", "properties": {"utr": "ZV 2", "tip_szf": "Subzona spațiilor verzi destinate protecției cursurilor de apă, inclusiv fâșii publice plantate", "cod_zf": "ZF14", "arie_mp": 2639.7}, "geometry": {"type": "Polygon", "coordinates": [[[27.79065477079046, 45.59520706029802], [27.790672368842415, 45.59523110127248], [27.793662534256583, 45.59456614533657], [27.794018933642686, 45.59507740151404], [27.79419892693298, 45.59530888119173], [27.79437403695123, 45.595578983854715], [27.791367304899545, 45.59622322629111], [27.7914507210114, 45.59624651617682], [27.793864736737795, 45.59572814120658], [27.794398080919947, 45.59560912125025], [27.794437895427937, 45.595584572022645], [27.7937267696453, 45.5945650194537], [27.793658021743603, 45.594530478908936], [27.79065477079046, 45.59520706029802]]]}}, {"type": "Feature", "properties": {"utr": "ZIP", "tip_szf": "Subzona instituțiilor publice și serviciilor", "cod_zf": "ZF10", "arie_mp": 991.3}, "geometry": {"type": "Polygon", "coordinates": [[[27.792894814467598, 45.59830792991145], [27.792631330139272, 45.59836842881591], [27.792178066264146, 45.59848134629035], [27.792271126821234, 45.598610390622284], [27.792998970541447, 45.59844604646471], [27.792894814467598, 45.59830792991145]]]}}, {"type": "Feature", "properties": {"utr": "GC", "tip_szf": "Subzona echipare edilitară", "cod_zf": "ZF05", "arie_mp": 93.6}, "geometry": {"type": "Polygon", "coordinates": [[[27.84462891434798, 45.58875377741818], [27.844611989853412, 45.58884000363588], [27.844734799622433, 45.588851886480086], [27.844751723930965, 45.58876566024641], [27.84462891434798, 45.58875377741818]]]}}, {"type": "Feature", "properties": {"utr": "GC", "tip_szf": "Subzona echipare edilitară", "cod_zf": "ZF05", "arie_mp": 108.7}, "geometry": {"type": "Polygon", "coordinates": [[[27.843557511591747, 45.594871935444985], [27.843575754535685, 45.59477902366957], [27.843443408654213, 45.59476621638345], [27.843425165494207, 45.59485912814036], [27.843557511591747, 45.594871935444985]]]}}, {"type": "Feature", "properties": {"utr": "GC", "tip_szf": "Subzona echipare edilitară", "cod_zf": "ZF05", "arie_mp": 93.6}, "geometry": {"type": "Polygon", "coordinates": [[[27.844187204253362, 45.59164064053308], [27.844064388466766, 45.59162875717248], [27.844047462341255, 45.5917149832999], [27.844170278313925, 45.59172686667653], [27.844187204253362, 45.59164064053308]]]}}, {"type": "Feature", "properties": {"utr": "ZIP", "tip_szf": "Subzona instituțiilor publice și serviciilor", "cod_zf": "ZF10", "arie_mp": 561.4}, "geometry": {"type": "Polygon", "coordinates": [[[27.78391739175078, 45.58751837309851], [27.78447487071769, 45.58723022785771], [27.784394100088864, 45.58715736685098], [27.783833147958394, 45.58745030551828], [27.78391739175078, 45.58751837309851]]]}}, {"type": "Feature", "properties": {"utr": "ZV 2", "tip_szf": "Subzona spațiilor verzi destinate protecției cursurilor de apă, inclusiv fâșii publice plantate", "cod_zf": "ZF14", "arie_mp": 3063.1}, "geometry": {"type": "Polygon", "coordinates": [[[27.78586186697124, 45.58982242632206], [27.785861817920804, 45.58985010092565], [27.786594232382058, 45.5908478149695], [27.786668179020072, 45.590863144000416], [27.790371262124154, 45.590001671258], [27.790399729622614, 45.58997654651371], [27.790398912992917, 45.58995247453373], [27.78975491672016, 45.58901940136928], [27.78971876795856, 45.588970811002405], [27.789673195173073, 45.58895356878783], [27.785910314528838, 45.58980091238716], [27.78586186697124, 45.58982242632206]], [[27.78591621538131, 45.58982505643206], [27.78969321907449, 45.58897438024633], [27.79036243817217, 45.58996883401715], [27.78777058189783, 45.59059189976141], [27.787376457182322, 45.590660673892145], [27.786636532328423, 45.59082144908978], [27.78591621538131, 45.58982505643206]]]}}, {"type": "Feature", "properties": {"utr": "ZV 2", "tip_szf": "Subzona spațiilor verzi destinate protecției cursurilor de apă, inclusiv fâșii publice plantate", "cod_zf": "ZF14", "arie_mp": 1727.4}, "geometry": {"type": "Polygon", "coordinates": [[[27.789703677609303, 45.58881729278748], [27.785829690307143, 45.58972227883751], [27.785121772985132, 45.58871731361703], [27.78509551327465, 45.58873368453389], [27.785108956424118, 45.58878247739144], [27.785769321082014, 45.58972051431408], [27.785843996597148, 45.58974682205748], [27.789662459304886, 45.58887054124303], [27.789703677609303, 45.58881729278748]]]}}, {"type": "Feature", "properties": {"utr": "L", "tip_szf": "Zonă de locuit", "cod_zf": "ZF11", "arie_mp": 1877.1}, "geometry": {"type": "Polygon", "coordinates": [[[27.780742584171843, 45.58502313865216], [27.781233637783213, 45.58470567976837], [27.78209869060566, 45.58420511492676], [27.78199355100506, 45.58411653097712], [27.781111003985036, 45.58462292924458], [27.78059686349831, 45.58493990775572], [27.780742584171843, 45.58502313865216]]]}}, {"type": "Feature", "properties": {"utr": "L", "tip_szf": "Zonă de locuit", "cod_zf": "ZF11", "arie_mp": 2329.3}, "geometry": {"type": "Polygon", "coordinates": [[[27.781854672891704, 45.58399715970017], [27.781761232849465, 45.58386158053574], [27.780270515644993, 45.5847670514416], [27.78043767507001, 45.58485422404468], [27.781854672891704, 45.58399715970017]]]}}, {"type": "Feature", "properties": {"utr": "L", "tip_szf": "Zonă de locuit", "cod_zf": "ZF11", "arie_mp": 3739.7}, "geometry": {"type": "Polygon", "coordinates": [[[27.781168229427674, 45.58525305441078], [27.781556823724635, 45.58500924085881], [27.782444636937985, 45.58446999420048], [27.782202469915244, 45.58428457557252], [27.780874951994203, 45.58509951180369], [27.781168229427674, 45.58525305441078]]]}}, {"type": "Feature", "properties": {"utr": "GC", "tip_szf": "Subzona echipare edilitară", "cod_zf": "ZF05", "arie_mp": 93.6}, "geometry": {"type": "Polygon", "coordinates": [[[27.84540333791602, 45.58480938194132], [27.845526138989047, 45.58482126403922], [27.845543061011625, 45.584735037679266], [27.84542026012462, 45.5847231555973], [27.84540333791602, 45.58480938194132]]]}}, {"type": "Feature", "properties": {"utr": "GC", "tip_szf": "Subzona echipare edilitară", "cod_zf": "ZF05", "arie_mp": 108.2}, "geometry": {"type": "Polygon", "coordinates": [[[27.842941621930393, 45.59801207165932], [27.842957855494944, 45.597919201237396], [27.8428255610639, 45.59790780525042], [27.84280932728274, 45.59800067565614], [27.842941621930393, 45.59801207165932]]]}}, {"type": "Feature", "properties": {"utr": "GC", "tip_szf": "Subzona echipare edilitară", "cod_zf": "ZF05", "arie_mp": 108.7}, "geometry": {"type": "Polygon", "coordinates": [[[27.84246117159675, 45.601158713425434], [27.842475437953624, 45.60106546014113], [27.84234259063196, 45.601055445692104], [27.84232832405588, 45.60114869896248], [27.84246117159675, 45.601158713425434]]]}}, {"type": "Feature", "properties": {"utr": "GC", "tip_szf": "Subzona echipare edilitară", "cod_zf": "ZF05", "arie_mp": 93.6}, "geometry": {"type": "Polygon", "coordinates": [[[27.841865563539393, 45.604203159029716], [27.841852315139914, 45.60428970690233], [27.841975617194933, 45.604299006133544], [27.841988865405625, 45.60421245824893], [27.841865563539393, 45.604203159029716]]]}}, {"type": "Feature", "properties": {"utr": "GC", "tip_szf": "Subzona echipare edilitară", "cod_zf": "ZF05", "arie_mp": 2.0}, "geometry": {"type": "Polygon", "coordinates": [[[27.817451481854842, 45.59618663457937], [27.817450447448707, 45.596199227631665], [27.817468387126585, 45.59619998077753], [27.817469447144212, 45.59618738709084], [27.817451481854842, 45.59618663457937]]]}}, {"type": "Feature", "properties": {"utr": "GC", "tip_szf": "Subzona echipare edilitară", "cod_zf": "ZF05", "arie_mp": 2.0}, "geometry": {"type": "Polygon", "coordinates": [[[27.816672002153794, 45.59616608667459], [27.81667134430747, 45.59615349950979], [27.816653413482783, 45.59615394334699], [27.816654045709615, 45.59616653114599], [27.816672002153794, 45.59616608667459]]]}}, {"type": "Feature", "properties": {"utr": "GC", "tip_szf": "Subzona echipare edilitară", "cod_zf": "ZF05", "arie_mp": 2.1}, "geometry": {"type": "Polygon", "coordinates": [[[27.804058659282617, 45.59669546132653], [27.804077509223013, 45.59669467274181], [27.804051656904136, 45.59668313849555], [27.804058659282617, 45.59669546132653]]]}}, {"type": "Feature", "properties": {"utr": "GC", "tip_szf": "Subzona echipare edilitară", "cod_zf": "ZF05", "arie_mp": 2.0}, "geometry": {"type": "Polygon", "coordinates": [[[27.815900934570255, 45.59618587235586], [27.81588306821643, 45.59618632347846], [27.815883700271034, 45.596198911283814], [27.815901631119058, 45.59619846756759], [27.815900934570255, 45.59618587235586]]]}}, {"type": "Feature", "properties": {"utr": "GC", "tip_szf": "Subzona echipare edilitară", "cod_zf": "ZF05", "arie_mp": 2.0}, "geometry": {"type": "Polygon", "coordinates": [[[27.81354020387035, 45.59628508370905], [27.813522246449374, 45.59628550970456], [27.813522879780482, 45.59629813349418], [27.813540861918888, 45.59629768888266], [27.81354020387035, 45.59628508370905]]]}}, {"type": "Feature", "properties": {"utr": "GC", "tip_szf": "Subzona echipare edilitară", "cod_zf": "ZF05", "arie_mp": 2.0}, "geometry": {"type": "Polygon", "coordinates": [[[27.81271157440639, 45.596319558574365], [27.812712207555712, 45.59633218237058], [27.812730189714557, 45.59633173788695], [27.812729556561184, 45.59631911409085], [27.81271157440639, 45.596319558574365]]]}}, {"type": "Feature", "properties": {"utr": "GC", "tip_szf": "Subzona echipare edilitară", "cod_zf": "ZF05", "arie_mp": 2.0}, "geometry": {"type": "Polygon", "coordinates": [[[27.815097767956264, 45.596231950873225], [27.815115404245493, 45.59623151456826], [27.81511477236267, 45.59621892675675], [27.81509684149889, 45.59621937034914], [27.815097767956264, 45.596231950873225]]]}}, {"type": "Feature", "properties": {"utr": "GC", "tip_szf": "Subzona echipare edilitară", "cod_zf": "ZF05", "arie_mp": 2.0}, "geometry": {"type": "Polygon", "coordinates": [[[27.814335625570376, 45.59626427961202], [27.814334992959466, 45.5962516738116], [27.814317010845073, 45.59625211854839], [27.81431764435439, 45.59626474233157], [27.814335625570376, 45.59626427961202]]]}}, {"type": "Feature", "properties": {"utr": "GC", "tip_szf": "Subzona echipare edilitară", "cod_zf": "ZF05", "arie_mp": 2.0}, "geometry": {"type": "Polygon", "coordinates": [[[27.810116061769758, 45.596428570899015], [27.81013462352748, 45.59644071594199], [27.81013399275832, 45.59642812809013], [27.810116061769758, 45.596428570899015]]]}}, {"type": "Feature", "properties": {"utr": "GC", "tip_szf": "Subzona echipare edilitară", "cod_zf": "ZF05", "arie_mp": 2.0}, "geometry": {"type": "Polygon", "coordinates": [[[27.811879492699028, 45.596354508804886], [27.811880125661776, 45.5963671326079], [27.81189810784149, 45.5963666882555], [27.811897474874694, 45.59635406445267], [27.811879492699028, 45.596354508804886]]]}}, {"type": "Feature", "properties": {"utr": "GC", "tip_szf": "Subzona echipare edilitară", "cod_zf": "ZF05", "arie_mp": 2.0}, "geometry": {"type": "Polygon", "coordinates": [[[27.811011355684887, 45.596403901305564], [27.811010724719697, 45.596391313460764], [27.810992767236, 45.59639173905776], [27.810993399999923, 45.59640436286794], [27.811011355684887, 45.596403901305564]]]}}, {"type": "Feature", "properties": {"utr": "GC", "tip_szf": "Subzona echipare edilitară", "cod_zf": "ZF05", "arie_mp": 2.0}, "geometry": {"type": "Polygon", "coordinates": [[[27.809265104434527, 45.5964769046128], [27.809283061965058, 45.59647647928798], [27.809282404869737, 45.59646387407884], [27.809264448244058, 45.596464317386236], [27.809265104434527, 45.5964769046128]]]}}, {"type": "Feature", "properties": {"utr": "GC", "tip_szf": "Subzona echipare edilitară", "cod_zf": "ZF05", "arie_mp": 2.0}, "geometry": {"type": "Polygon", "coordinates": [[[27.80842798655461, 45.596499710540805], [27.808410030808105, 45.59650017169622], [27.808410661191793, 45.596512759562124], [27.808428618743417, 45.59651233437189], [27.80842798655461, 45.596499710540805]]]}}, {"type": "Feature", "properties": {"utr": "GC", "tip_szf": "Subzona echipare edilitară", "cod_zf": "ZF05", "arie_mp": 2.0}, "geometry": {"type": "Polygon", "coordinates": [[[27.805829123754222, 45.596608428433306], [27.805829780076408, 45.59662103367116], [27.805847737691895, 45.596620608887505], [27.80584710608181, 45.596607985035504], [27.805829123754222, 45.596608428433306]]]}}, {"type": "Feature", "properties": {"utr": "GC", "tip_szf": "Subzona echipare edilitară", "cod_zf": "ZF05", "arie_mp": 2.0}, "geometry": {"type": "Polygon", "coordinates": [[[27.804983777436025, 45.59664419532331], [27.804965795086783, 45.596644638584905], [27.804966426499245, 45.59665726244409], [27.80498440885252, 45.5966568191823], [27.804983777436025, 45.59664419532331]]]}}, {"type": "Feature", "properties": {"utr": "GC", "tip_szf": "Subzona echipare edilitară", "cod_zf": "ZF05", "arie_mp": 2.0}, "geometry": {"type": "Polygon", "coordinates": [[[27.807533908843947, 45.596536933180445], [27.807534539931993, 45.5965495390361], [27.807552522220842, 45.59654909536919], [27.807551890228474, 45.596536471531046], [27.807533908843947, 45.596536933180445]]]}}, {"type": "Feature", "properties": {"utr": "GC", "tip_szf": "Subzona echipare edilitară", "cod_zf": "ZF05", "arie_mp": 2.0}, "geometry": {"type": "Polygon", "coordinates": [[[27.806690296468805, 45.596585273419564], [27.80668963995395, 45.59657266818884], [27.806671682363344, 45.596573093105064], [27.80667231415833, 45.59658571695041], [27.806690296468805, 45.596585273419564]]]}}, {"type": "Feature", "properties": {"utr": "GC", "tip_szf": "Subzona echipare edilitară", "cod_zf": "ZF05", "arie_mp": 2.0}, "geometry": {"type": "Polygon", "coordinates": [[[27.819052594901468, 45.596253497444444], [27.819051523334988, 45.59626610944149], [27.81906948866529, 45.59626686169982], [27.819070560227694, 45.59625424970271], [27.819052594901468, 45.596253497444444]]]}}, {"type": "Feature", "properties": {"utr": "GC", "tip_szf": "Subzona echipare edilitară", "cod_zf": "ZF05", "arie_mp": 2.0}, "geometry": {"type": "Polygon", "coordinates": [[[27.818270594238754, 45.59622084259154], [27.818269522496703, 45.596233454583256], [27.818287487808988, 45.59623420696534], [27.818288546739236, 45.59622159529068], [27.818270594238754, 45.59622084259154]]]}}, {"type": "Feature", "properties": {"utr": "GC", "tip_szf": "Subzona echipare edilitară", "cod_zf": "ZF05", "arie_mp": 2.0}, "geometry": {"type": "Polygon", "coordinates": [[[27.819812004847105, 45.59628520333031], [27.819810933451166, 45.596297815332456], [27.819828898798907, 45.59629856747068], [27.819829970190867, 45.596285955468495], [27.819812004847105, 45.59628520333031]]]}}, {"type": "Feature", "properties": {"utr": "GC", "tip_szf": "Subzona echipare edilitară", "cod_zf": "ZF05", "arie_mp": 2.0}, "geometry": {"type": "Polygon", "coordinates": [[[27.820614876459988, 45.596318716653464], [27.820613818052017, 45.59633132834346], [27.820631770610532, 45.596332080672234], [27.820632841822192, 45.5963194686646], [27.820614876459988, 45.596318716653464]]]}}, {"type": "Feature", "properties": {"utr": "ZC", "tip_szf": "Subzona activităților legate de cultură și educație", "cod_zf": "ZF07", "arie_mp": 1818.6}, "geometry": {"type": "Polygon", "coordinates": [[[27.79039154392007, 45.59700617613376], [27.79071401788527, 45.597466122453376], [27.79106218027077, 45.597346538828056], [27.790699646717545, 45.596849446372886], [27.790411561301376, 45.596955627787295], [27.79039154392007, 45.59700617613376]]]}}, {"type": "Feature", "properties": {"utr": "ZV 1", "tip_szf": "Subzona spațiilor verzi publice cu acces nelimitat: grădini, scuaruri", "cod_zf": "ZF07", "arie_mp": 950.4}, "geometry": {"type": "Polygon", "coordinates": [[[27.7901379432424, 45.59709510927563], [27.790384145366524, 45.59744089381513], [27.790637747191393, 45.59735196011444], [27.79039154392007, 45.59700617613376], [27.7901379432424, 45.59709510927563]]]}}, {"type": "Feature", "properties": {"utr": "ZV 2", "tip_szf": "Subzona spațiilor verzi destinate protecției cursurilor de apă, inclusiv fâșii publice plantate", "cod_zf": "ZF14", "arie_mp": 2158.0}, "geometry": {"type": "Polygon", "coordinates": [[[27.792635347684136, 45.603824843154136], [27.79264554098457, 45.603842085144095], [27.79291741375635, 45.60378309970726], [27.79528519922033, 45.603244438391826], [27.79529109407216, 45.60325634642168], [27.795318545603585, 45.60324957439416], [27.796043123517432, 45.604249407742216], [27.794051859210366, 45.604677459182305], [27.792975062268667, 45.60494915295293], [27.79299501405847, 45.60496876983583], [27.794260094344335, 45.604663810066114], [27.79606072625417, 45.60426659043508], [27.796085442010583, 45.60424365295755], [27.79607660855955, 45.60421140765994], [27.795378034915192, 45.60324068663936], [27.79530889941471, 45.603211061242035], [27.792635347684136, 45.603824843154136]]]}}, {"type": "Feature", "properties": {"utr": "ZIP", "tip_szf": "Subzona instituțiilor publice și serviciilor", "cod_zf": "ZF10", "arie_mp": 96.2}, "geometry": {"type": "Polygon", "coordinates": [[[27.79220558584905, 45.59890084486917], [27.792112510096768, 45.598931027094274], [27.792181436482895, 45.599027534170425], [27.79227453797285, 45.5989973512593], [27.79220558584905, 45.59890084486917]]]}}, {"type": "Feature", "properties": {"utr": "ZV 2", "tip_szf": "Subzona spațiilor verzi destinate protecției cursurilor de apă, inclusiv fâșii publice plantate", "cod_zf": "ZF14", "arie_mp": 1958.0}, "geometry": {"type": "Polygon", "coordinates": [[[27.78996981959393, 45.60057046104824], [27.79291454257133, 45.599884100981804], [27.793617839949203, 45.60088785618541], [27.791837755936008, 45.60130707588906], [27.791446719333994, 45.601418944915594], [27.79069697556721, 45.60158604414686], [27.790721750608643, 45.60159452280306], [27.793656447011937, 45.6009192641286], [27.79368091401894, 45.600893807206596], [27.793671033245698, 45.60084943310002], [27.792972186959997, 45.59988663893457], [27.792920673671734, 45.59985786312652], [27.79286713994566, 45.5998554126095], [27.79033760949113, 45.60045779968422], [27.789999218798844, 45.60054157842696], [27.78996981959393, 45.60057046104824]]]}}, {"type": "Feature", "properties": {"utr": "L", "tip_szf": "Zonă de locuit", "cod_zf": "ZF11", "arie_mp": 1703.4}, "geometry": {"type": "Polygon", "coordinates": [[[27.793329984753502, 45.6048624906242], [27.792980052924648, 45.60434928116838], [27.792676721245257, 45.604434578087854], [27.792975062268667, 45.60494915295293], [27.793329984753502, 45.6048624906242]]]}}, {"type": "Feature", "properties": {"utr": "ZV 2", "tip_szf": "Subzona spațiilor verzi destinate protecției cursurilor de apă, inclusiv fâșii publice plantate", "cod_zf": "ZF14", "arie_mp": 2300.8}, "geometry": {"type": "Polygon", "coordinates": [[[27.791585936393385, 45.602759075896564], [27.792685897596012, 45.602531491591485], [27.79451767800799, 45.60212298454297], [27.795226678913938, 45.603120768391285], [27.793407893517717, 45.603528770444015], [27.792195217013003, 45.60384039947248], [27.792252939441504, 45.603846996394225], [27.79521133601164, 45.60314996280081], [27.795258961914747, 45.60311204442757], [27.795261652270202, 45.603078510612754], [27.794584888844934, 45.6021268966654], [27.794521068278968, 45.60209489930746], [27.794468089587237, 45.60209320944037], [27.791627955185746, 45.60272356089741], [27.79159752063305, 45.602733974086746], [27.791585936393385, 45.602759075896564]]]}}, {"type": "Feature", "properties": {"utr": "L", "tip_szf": "Zonă de locuit", "cod_zf": "ZF11", "arie_mp": 1445.1}, "geometry": {"type": "Polygon", "coordinates": [[[27.792334145307336, 45.60321748560074], [27.79267104471366, 45.60371162612921], [27.792963365181958, 45.60363836555778], [27.792629043811505, 45.603155200800096], [27.792334145307336, 45.60321748560074]]]}}, {"type": "Feature", "properties": {"utr": "L", "tip_szf": "Zonă de locuit", "cod_zf": "ZF11", "arie_mp": 1604.3}, "geometry": {"type": "Polygon", "coordinates": [[[27.776696300609323, 45.58438172073252], [27.77783126488286, 45.58397795111758], [27.777855644990478, 45.583909148105995], [27.777519937245447, 45.58393741447941], [27.77714756716687, 45.58409807881251], [27.776492032415504, 45.58421997767945], [27.77642601850279, 45.584269838333036], [27.776529094211053, 45.584290935912435], [27.776696300609323, 45.58438172073252]]]}}, {"type": "Feature", "properties": {"utr": "ZV 2", "tip_szf": "Subzona spațiilor verzi destinate protecției cursurilor de apă, inclusiv fâșii publice plantate", "cod_zf": "ZF14", "arie_mp": 338.7}, "geometry": {"type": "Polygon", "coordinates": [[[27.780871171839788, 45.58690411629689], [27.780697689147814, 45.587105829871255], [27.78065155850067, 45.58724062810783], [27.78041276434708, 45.58750979667586], [27.780468184767308, 45.587528415906185], [27.78058078818881, 45.587501478294605], [27.780646039224486, 45.58740127949585], [27.78066948226907, 45.58725435560591], [27.780739506335312, 45.587096723140256], [27.780871171839788, 45.58690411629689]]]}}, {"type": "Feature", "properties": {"utr": "ZV 2", "tip_szf": "Subzona spațiilor verzi destinate protecției cursurilor de apă, inclusiv fâșii publice plantate", "cod_zf": "ZF14", "arie_mp": 1654.6}, "geometry": {"type": "Polygon", "coordinates": [[[27.78510313166197, 45.5939824561605], [27.785097742166624, 45.59387818655693], [27.785153580133233, 45.59323638914575], [27.785052978706492, 45.59303872809221], [27.784900815200732, 45.59289499294258], [27.784672086520143, 45.592743228695504], [27.784626685096026, 45.59268993018545], [27.784339919727316, 45.59275286582044], [27.784112245083282, 45.59277777829311], [27.783789041493478, 45.59275991864425], [27.783142155791214, 45.59266591113676], [27.783137394694585, 45.592680032346564], [27.783874222480684, 45.59280099350375], [27.78415620524466, 45.59280844514456], [27.78436117416879, 45.592790063107124], [27.78455409003902, 45.59275187450702], [27.78484591368831, 45.592977044389144], [27.7849652651848, 45.59308828608499], [27.785024317364787, 45.593248299492146], [27.785017001549978, 45.59399034398701], [27.78510313166197, 45.5939824561605]]]}}, {"type": "Feature", "properties": {"utr": "ZV 2", "tip_szf": "Subzona spațiilor verzi destinate protecției cursurilor de apă, inclusiv fâșii publice plantate", "cod_zf": "ZF14", "arie_mp": 738.4}, "geometry": {"type": "Polygon", "coordinates": [[[27.78210039032084, 45.586213048812674], [27.783564619970406, 45.58747524890002], [27.783883930258234, 45.587728983774326], [27.78390152837547, 45.58771134762919], [27.78389351957779, 45.587691088896264], [27.782142845068176, 45.58620509630049], [27.78210039032084, 45.586213048812674]]]}}, {"type": "Feature", "properties": {"utr": "ZV 2", "tip_szf": "Subzona spațiilor verzi destinate protecției cursurilor de apă, inclusiv fâșii publice plantate", "cod_zf": "ZF14", "arie_mp": 1055.5}, "geometry": {"type": "Polygon", "coordinates": [[[27.783589838028696, 45.59173123130285], [27.783745569626948, 45.5920317930451], [27.783927276364853, 45.59222368055449], [27.78421508679948, 45.59241172074346], [27.78438434929104, 45.592585808766636], [27.78392835589187, 45.59264060934083], [27.78347261609939, 45.59259493074133], [27.78317590676643, 45.59253635750273], [27.78317247561125, 45.59256272906777], [27.783535168909783, 45.59262383955437], [27.784106503150394, 45.592671838821616], [27.784308601310364, 45.592649724959685], [27.78452646146585, 45.592602855307355], [27.784288102223243, 45.59238304369542], [27.78398478800236, 45.59218373972521], [27.783878420573505, 45.59208317459521], [27.783756864832796, 45.5919274451452], [27.783644222848313, 45.59173366133182], [27.783589838028696, 45.59173123130285]]]}}, {"type": "Feature", "properties": {"utr": "ZV 2", "tip_szf": "Subzona spațiilor verzi destinate protecției cursurilor de apă, inclusiv fâșii publice plantate", "cod_zf": "ZF14", "arie_mp": 2211.6}, "geometry": {"type": "Polygon", "coordinates": [[[27.78484443083874, 45.59270412483359], [27.78521810838376, 45.592587209426576], [27.78723485541007, 45.5921592045294], [27.787328781657408, 45.59218011018719], [27.78737074141658, 45.592205321661], [27.788008269775858, 45.5930912048873], [27.786548102919348, 45.59341616301183], [27.78529611139071, 45.59372578184207], [27.78532787820796, 45.59373033474323], [27.786398693887502, 45.593505906051035], [27.78801913826289, 45.59312234596312], [27.78805758631397, 45.59308199199605], [27.788057196671065, 45.59306014225728], [27.787481436254367, 45.59225821019721], [27.78738679071305, 45.592188671821525], [27.787253438328936, 45.59213575014545], [27.78713550274754, 45.59213185703379], [27.784792030902267, 45.59264977297492], [27.78484443083874, 45.59270412483359]]]}}, {"type": "Feature", "properties": {"utr": "ZV 2", "tip_szf": "Subzona spațiilor verzi destinate protecției cursurilor de apă, inclusiv fâșii publice plantate", "cod_zf": "ZF14", "arie_mp": 1843.0}, "geometry": {"type": "Polygon", "coordinates": [[[27.78527680573556, 45.59383744303427], [27.786294604790793, 45.59364172304373], [27.78716741627871, 45.59341882004955], [27.78809268684945, 45.59321048445693], [27.78882956501103, 45.59421927129698], [27.78781162261054, 45.594450072813686], [27.787591353345245, 45.594486338295965], [27.78759588902766, 45.59449941449635], [27.787373572964373, 45.594551530121194], [27.7858737628731, 45.594885914130856], [27.785899084737785, 45.594898701791365], [27.78883564053351, 45.59424902447753], [27.788870245901098, 45.59421535035212], [27.788864675602575, 45.59418781166565], [27.788177771523014, 45.59322767888175], [27.78811806796317, 45.59319176586034], [27.78807763733739, 45.59318921985199], [27.78527680573556, 45.59383744303427]]]}}, {"type": "Feature", "properties": {"utr": "GC", "tip_szf": "Subzona echipare edilitară", "cod_zf": "ZF05", "arie_mp": 93.6}, "geometry": {"type": "Polygon", "coordinates": [[[27.84876311477341, 45.57618035596325], [27.848704411200806, 45.5762570241617], [27.848813583137048, 45.57629824995623], [27.84887228660092, 45.57622158170309], [27.84876311477341, 45.57618035596325]]]}}, {"type": "Feature", "properties": {"utr": "ZV 1", "tip_szf": "Subzona spațiilor verzi publice cu acces nelimitat: grădini, scuaruri", "cod_zf": "ZF07", "arie_mp": 1015.7}, "geometry": {"type": "Polygon", "coordinates": [[[27.79106218027077, 45.597346538828056], [27.79071401788527, 45.597466122453376], [27.79053702186442, 45.59752691482414], [27.790645608051737, 45.597677879775695], [27.791212164456727, 45.59755218856207], [27.79106218027077, 45.597346538828056]]]}}, {"type": "Feature", "properties": {"utr": "ZC", "tip_szf": "Subzona activităților legate de cultură și educație", "cod_zf": "ZF07", "arie_mp": 932.0}, "geometry": {"type": "Polygon", "coordinates": [[[27.79039154392007, 45.59700617613376], [27.790411561301376, 45.596955627787295], [27.790286535158714, 45.59676865592549], [27.78997973100994, 45.596872905275674], [27.78986053521532, 45.59670063716749], [27.789803050246597, 45.59671288694991], [27.79008705927586, 45.597112616516064], [27.79039154392007, 45.59700617613376]]]}}, {"type": "Feature", "properties": {"utr": "ZV 2", "tip_szf": "Subzona spațiilor verzi destinate protecției cursurilor de apă, inclusiv fâșii publice plantate", "cod_zf": "ZF14", "arie_mp": 2071.9}, "geometry": {"type": "Polygon", "coordinates": [[[27.788328623487295, 45.59832319297688], [27.791310483918743, 45.59766498071563], [27.792036495313337, 45.5986635297552], [27.790760833686683, 45.59895336307478], [27.7905710242403, 45.59898131413768], [27.78907592329335, 45.59932695942356], [27.789099602811476, 45.5993380748105], [27.791646740015064, 45.59878506386721], [27.79202195841777, 45.598691996087], [27.79206087705523, 45.59867264793742], [27.792067372863336, 45.598652785232495], [27.79205971750501, 45.59861401691817], [27.79138307518712, 45.597668173764184], [27.79132887017688, 45.59763976002652], [27.79127386545467, 45.59763785103031], [27.790288344411398, 45.597847842284786], [27.788349591099408, 45.5982966878019], [27.788328553067483, 45.598306844116436], [27.788328623487295, 45.59832319297688]]]}}, {"type": "Feature", "properties": {"utr": "ZIP", "tip_szf": "Subzona instituțiilor publice și serviciilor", "cod_zf": "ZF07", "arie_mp": 752.6}, "geometry": {"type": "Polygon", "coordinates": [[[27.79071401788527, 45.597466122453376], [27.790637747191393, 45.59735196011444], [27.790384145366524, 45.59744089381513], [27.7901379432424, 45.59709510927563], [27.79008705927586, 45.597112616516064], [27.790508906963478, 45.59770820657053], [27.790645608051737, 45.597677879775695], [27.79053702186442, 45.59752691482414], [27.79071401788527, 45.597466122453376]]]}}, {"type": "Feature", "properties": {"utr": "ZIP", "tip_szf": "Subzona instituțiilor publice și serviciilor", "cod_zf": "ZF10", "arie_mp": 55.7}, "geometry": {"type": "Polygon", "coordinates": [[[27.789414245210768, 45.59519720008435], [27.789503017568244, 45.595165679424674], [27.78946666642772, 45.5951137956337], [27.789367790497632, 45.5951463828898], [27.789414245210768, 45.59519720008435]]]}}, {"type": "Feature", "properties": {"utr": "ZB", "tip_szf": "Subzona activităților legate de culte", "cod_zf": "ZF09", "arie_mp": 263.1}, "geometry": {"type": "Polygon", "coordinates": [[[27.793120635624877, 45.60100776485778], [27.793054856323202, 45.60088826994284], [27.79281929820213, 45.60094330938728], [27.792903190369422, 45.601057150527595], [27.793120635624877, 45.60100776485778]]]}}, {"type": "Feature", "properties": {"utr": "ZV 2", "tip_szf": "Subzona spațiilor verzi destinate protecției cursurilor de apă, inclusiv fâșii publice plantate", "cod_zf": "ZF14", "arie_mp": 2119.7}, "geometry": {"type": "Polygon", "coordinates": [[[27.790746981421904, 45.60168631994714], [27.793710201158238, 45.601007381498384], [27.794422992422547, 45.60201183425779], [27.792316166347543, 45.60246384686259], [27.791448962295814, 45.602669125947216], [27.79147293045393, 45.60267784288291], [27.794435204150716, 45.60202616949029], [27.794470770748298, 45.60199079048334], [27.794469223728758, 45.601964439293944], [27.793777952374025, 45.60099805169529], [27.793715717526148, 45.60097518114926], [27.79075455898397, 45.601660854400876], [27.790746981421904, 45.60168631994714]]]}}, {"type": "Feature", "properties": {"utr": "ZV 2", "tip_szf": "Subzona spațiilor verzi destinate protecției cursurilor de apă, inclusiv fâșii publice plantate", "cod_zf": "ZF14", "arie_mp": 1972.9}, "geometry": {"type": "Polygon", "coordinates": [[[27.789102681240852, 45.59943825316905], [27.79212099816109, 45.59878341337472], [27.792834085053418, 45.59977163698097], [27.792377904830687, 45.599892616151806], [27.79119589233083, 45.600155086657296], [27.789886817477594, 45.60047557609699], [27.78992026745572, 45.60048584380098], [27.7924338667983, 45.599896196832304], [27.79282270446206, 45.599794723615126], [27.79286156218205, 45.59975508515498], [27.792863578667, 45.59972941480733], [27.792181551485264, 45.59878390322171], [27.792106879533172, 45.598750989302054], [27.78912190373738, 45.599406591380614], [27.789097752307363, 45.59941845731383], [27.789102681240852, 45.59943825316905]]]}}, {"type": "Feature", "properties": {"utr": "L", "tip_szf": "Zonă de locuit", "cod_zf": "ZF11", "arie_mp": 1038.6}, "geometry": {"type": "Polygon", "coordinates": [[[27.789670044296198, 45.59990900697102], [27.789316848923306, 45.59938990585571], [27.789102681240852, 45.59943825316905], [27.789485872446054, 45.59995230028588], [27.789670044296198, 45.59990900697102]]]}}, {"type": "Feature", "properties": {"utr": "GC", "tip_szf": "Subzona echipare edilitară", "cod_zf": "ZF05", "arie_mp": 93.6}, "geometry": {"type": "Polygon", "coordinates": [[[27.845964332573725, 45.58195173802684], [27.845947411936603, 45.58203796445759], [27.846070207487408, 45.582049855033574], [27.846087140286574, 45.581963619275484], [27.845964332573725, 45.58195173802684]]]}}, {"type": "Feature", "properties": {"utr": "GC", "tip_szf": "Subzona echipare edilitară", "cod_zf": "ZF05", "arie_mp": 108.2}, "geometry": {"type": "Polygon", "coordinates": [[[27.846498906082413, 45.57914923422461], [27.846625576479024, 45.57917824003509], [27.84666688137456, 45.57908928774753], [27.846540211159596, 45.57906028198066], [27.846498906082413, 45.57914923422461]]]}}, {"type": "Feature", "properties": {"utr": "ZV 2", "tip_szf": "Subzona spațiilor verzi destinate protecției cursurilor de apă, inclusiv fâșii publice plantate", "cod_zf": "ZF14", "arie_mp": 1317.5}, "geometry": {"type": "Polygon", "coordinates": [[[27.77818829562177, 45.58389876391921], [27.77829280962902, 45.58391449040074], [27.778901858838108, 45.584219220019804], [27.779787535388103, 45.584682652545055], [27.781066348546805, 45.5853807139947], [27.781804852774574, 45.58595436173999], [27.78205368755036, 45.58617359891123], [27.782072112465187, 45.58615652755324], [27.78164114696381, 45.58578456786716], [27.78109590278467, 45.585357150384155], [27.780393854013212, 45.5849692244234], [27.77840318125957, 45.583918336614104], [27.77818829562177, 45.58389876391921]]]}}, {"type": "Feature", "properties": {"utr": "ZV 2", "tip_szf": "Subzona spațiilor verzi destinate protecției cursurilor de apă, inclusiv fâșii publice plantate", "cod_zf": "ZF14", "arie_mp": 3147.1}, "geometry": {"type": "Polygon", "coordinates": [[[27.78257696573473, 45.58932001537582], [27.783065490813986, 45.58912634526284], [27.784912508374582, 45.588748839646016], [27.785634939688425, 45.58976470380781], [27.783431735813704, 45.590251590096955], [27.783445710977322, 45.5902818683307], [27.785622719327353, 45.58980947155904], [27.78566491228118, 45.58977228019465], [27.78549923621896, 45.58951138801561], [27.784942952246723, 45.58874004324099], [27.78489008414464, 45.58873487483166], [27.78315862757482, 45.58908506490137], [27.78313537159083, 45.589023763807646], [27.784869566464906, 45.588664679145566], [27.784866284992496, 45.58862871835135], [27.784704308950825, 45.5884262448529], [27.784545877929556, 45.58826709096741], [27.783983629080986, 45.587766778079434], [27.783947884419756, 45.58775271708751], [27.783426182070592, 45.587980138919804], [27.7819528470602, 45.58856098434529], [27.782128214901388, 45.58853216033186], [27.78395122301087, 45.58777997439428], [27.784457222624933, 45.58823108174956], [27.7846838036096, 45.5884536126921], [27.784839130592218, 45.5886566774694], [27.783125831890015, 45.589002048905854], [27.783084243298212, 45.58890848121323], [27.783000704869774, 45.58902562656522], [27.7827921228019, 45.58911323023757], [27.782596549376667, 45.5892443754419], [27.78257696573473, 45.58932001537582]]]}}, {"type": "Feature", "properties": {"utr": "L", "tip_szf": "Zonă de locuit", "cod_zf": "ZF11", "arie_mp": 1177.9}, "geometry": {"type": "Polygon", "coordinates": [[[27.783431735813704, 45.590251590096955], [27.783280973331507, 45.59031310932722], [27.7832134098997, 45.5903220898913], [27.783201197663047, 45.59029975656962], [27.783069050379538, 45.590316006249914], [27.78307664057673, 45.590433833045424], [27.783134628982, 45.59054197390356], [27.783179929179525, 45.590591828470124], [27.783584553979434, 45.590673053118266], [27.783431735813704, 45.590251590096955]]]}}, {"type": "Feature", "properties": {"utr": "ZIP", "tip_szf": "Subzona instituțiilor publice și serviciilor", "cod_zf": "ZF10", "arie_mp": 981.5}, "geometry": {"type": "Polygon", "coordinates": [[[27.78425057764962, 45.58903713327187], [27.785003923033084, 45.58887759619854], [27.784912508374582, 45.588748839646016], [27.78415187082895, 45.588906811008755], [27.78425057764962, 45.58903713327187]]]}}, {"type": "Feature", "properties": {"utr": "ZV 2", "tip_szf": "Subzona spațiilor verzi destinate protecției cursurilor de apă, inclusiv fâșii publice plantate", "cod_zf": "ZF14", "arie_mp": 2447.5}, "geometry": {"type": "Polygon", "coordinates": [[[27.781636836946976, 45.58867734850851], [27.781175609876477, 45.58890352524433], [27.780697931422306, 45.589051412128974], [27.780053617044643, 45.58934662618994], [27.77991237025244, 45.58933128917598], [27.779736983541824, 45.589245794371], [27.77965529438644, 45.58893846272477], [27.77964799383239, 45.58858623160648], [27.7797423742057, 45.58811899047719], [27.780166543082125, 45.58777266294495], [27.780451549350968, 45.58764218405294], [27.780380973826187, 45.587573440667136], [27.780166475811345, 45.58767148000523], [27.780068675630833, 45.58773880385128], [27.77964060744103, 45.58813492529429], [27.779580442856155, 45.588410310307474], [27.779582279379078, 45.589041661311875], [27.77963283551187, 45.58924995341238], [27.779779159989864, 45.58934309782829], [27.78001674006248, 45.58940599130937], [27.780320566791335, 45.58929279194226], [27.78072814654087, 45.589094817242085], [27.781237367438287, 45.58893662310761], [27.78167190310696, 45.58870435085156], [27.781636836946976, 45.58867734850851]]]}}, {"type": "Feature", "properties": {"utr": "ZV 2", "tip_szf": "Subzona spațiilor verzi destinate protecției cursurilor de apă, inclusiv fâșii publice plantate", "cod_zf": "ZF08", "arie_mp": 1208.3}, "geometry": {"type": "Polygon", "coordinates": [[[27.79408115675558, 45.586933122673955], [27.794278975272185, 45.58707580525766], [27.79453931403084, 45.58688656064876], [27.794798333755764, 45.58677761888728], [27.7952024609622, 45.586705903645914], [27.795578866905966, 45.58665980885882], [27.795569344036835, 45.5866434234309], [27.795412327651206, 45.58661762257754], [27.79475205316679, 45.586716413471144], [27.79448149092624, 45.58677628886648], [27.794262160687904, 45.58684942320238], [27.79408115675558, 45.586933122673955]]]}}, {"type": "Feature", "properties": {"utr": "ZV 2", "tip_szf": "Subzona spațiilor verzi destinate protecției cursurilor de apă, inclusiv fâșii publice plantate", "cod_zf": "ZF14", "arie_mp": 666.2}, "geometry": {"type": "Polygon", "coordinates": [[[27.78890655259932, 45.59550454200343], [27.788890347541145, 45.595483357910545], [27.788461314081495, 45.595563559723246], [27.787411276270134, 45.59580059023103], [27.786664485866055, 45.595992816174096], [27.786758169523452, 45.59598715529098], [27.78890655259932, 45.59550454200343]]]}}, {"type": "Feature", "properties": {"utr": "L", "tip_szf": "Zonă de locuit", "cod_zf": "ZF07", "arie_mp": 58.5}, "geometry": {"type": "Polygon", "coordinates": [[[27.790306517301754, 45.59517482697001], [27.789854981281785, 45.595275684775864], [27.78984288679683, 45.595278173444456], [27.789855100974908, 45.59529613531255], [27.790306517301754, 45.59517482697001]]]}}, {"type": "Feature", "properties": {"utr": "L", "tip_szf": "Zonă de locuit", "cod_zf": "ZF07", "arie_mp": 2.0}, "geometry": {"type": "Polygon", "coordinates": [[[27.79033408424541, 45.5951686693819], [27.790306517301754, 45.59517482697001], [27.79031133999534, 45.595182393284304], [27.79033408424541, 45.5951686693819]]]}}, {"type": "Feature", "properties": {"utr": "L", "tip_szf": "Zonă de locuit", "cod_zf": "ZF07", "arie_mp": 8.7}, "geometry": {"type": "Polygon", "coordinates": [[[27.790585551895006, 45.59511249904986], [27.79033408424541, 45.5951686693819], [27.79033850881342, 45.59517561443422], [27.790585551895006, 45.59511249904986]]]}}, {"type": "Feature", "properties": {"utr": "ZV 2", "tip_szf": "Subzona spațiilor verzi destinate protecției cursurilor de apă, inclusiv fâșii publice plantate", "cod_zf": "ZF07", "arie_mp": 230.9}, "geometry": {"type": "Polygon", "coordinates": [[[27.78984288679683, 45.595278173444456], [27.78980285717541, 45.59528641028405], [27.789877087929142, 45.59530935368304], [27.790613890494846, 45.59515121299384], [27.790585551895212, 45.595112499049776], [27.789855100974908, 45.59529613531255], [27.78984288679683, 45.595278173444456]]]}}, {"type": "Feature", "properties": {"utr": "ZV 2", "tip_szf": "Subzona spațiilor verzi destinate protecției cursurilor de apă, inclusiv fâșii publice plantate", "cod_zf": "ZF14", "arie_mp": 1051.3}, "geometry": {"type": "Polygon", "coordinates": [[[27.791591525958854, 45.596285828915484], [27.79169384274537, 45.59631439561555], [27.79323592734422, 45.595987791651204], [27.794125261295168, 45.59576943520353], [27.794059769737476, 45.595757454682655], [27.791591525958854, 45.596285828915484]]]}}, {"type": "Feature", "properties": {"utr": "ZV 2", "tip_szf": "Subzona spațiilor verzi destinate protecției cursurilor de apă, inclusiv fâșii publice plantate", "cod_zf": "ZF07", "arie_mp": 1106.2}, "geometry": {"type": "Polygon", "coordinates": [[[27.790672368842415, 45.59523110127248], [27.79065477079046, 45.59520706029802], [27.789947835362653, 45.59536021643502], [27.789894745788555, 45.595396836200266], [27.78991161986831, 45.59544337945078], [27.79059324563772, 45.596392796577824], [27.790711499781022, 45.596405241141355], [27.7914507210114, 45.59624651617682], [27.791367304899545, 45.59622322629111], [27.790658085453998, 45.596375594767665], [27.7902236190206, 45.59578032141994], [27.790269585583705, 45.59576498085343], [27.79023998091062, 45.595715229371], [27.790191260720956, 45.59572947589253], [27.789947645715138, 45.59539199349423], [27.790672368842415, 45.59523110127248]]]}}, {"type": "Feature", "properties": {"utr": "ZI", "tip_szf": "Subzona unităților industriale cu factor redus de poluare, a activităților de depozitare şi a serviciilor aferente", "cod_zf": "ZF07", "arie_mp": 144.5}, "geometry": {"type": "Polygon", "coordinates": [[[27.791740558069087, 45.59740161672086], [27.79179693779967, 45.59737580724192], [27.79166967055624, 45.597146730345955], [27.791606135913124, 45.597159758072024], [27.791740558069087, 45.59740161672086]]]}}, {"type": "Feature", "properties": {"utr": "ZV 2", "tip_szf": "Subzona spațiilor verzi destinate protecției cursurilor de apă, inclusiv fâșii publice plantate", "cod_zf": "ZF14", "arie_mp": 876.6}, "geometry": {"type": "Polygon", "coordinates": [[[27.791273176891192, 45.59753500094955], [27.789755442104997, 45.59787174553735], [27.788450146308346, 45.598192148184886], [27.788445274972087, 45.59817954715759], [27.78825593861922, 45.598223346956686], [27.788318927971307, 45.59824036066189], [27.79026203290467, 45.5977905544435], [27.791226398601697, 45.59758507104409], [27.791273176891192, 45.59753500094955]]]}}, {"type": "Feature", "properties": {"utr": "ZV 2", "tip_szf": "Subzona spațiilor verzi destinate protecției cursurilor de apă, inclusiv fâșii publice plantate", "cod_zf": "ZF14", "arie_mp": 509.2}, "geometry": {"type": "Polygon", "coordinates": [[[27.789803050246597, 45.59671288694991], [27.78978485588775, 45.5966801114684], [27.787595595478997, 45.59717542563208], [27.7875431020928, 45.59719320213266], [27.787538935474842, 45.59721620566245], [27.789042213319224, 45.59687158775047], [27.789803050246597, 45.59671288694991]]]}}, {"type": "Feature", "properties": {"utr": "ZV 2", "tip_szf": "Subzona spațiilor verzi destinate protecției cursurilor de apă, inclusiv fâșii publice plantate", "cod_zf": "ZF14", "arie_mp": 573.5}, "geometry": {"type": "Polygon", "coordinates": [[[27.789750791945004, 45.59661874826223], [27.78973676445256, 45.596593478921456], [27.789682693301636, 45.59660216421018], [27.787470753821246, 45.59710764143394], [27.787522474424538, 45.597122942194765], [27.789750791945004, 45.59661874826223]]]}}, {"type": "Feature", "properties": {"utr": "ZV 2", "tip_szf": "Subzona spațiilor verzi destinate protecției cursurilor de apă, inclusiv fâșii publice plantate", "cod_zf": "ZF14", "arie_mp": 516.8}, "geometry": {"type": "Polygon", "coordinates": [[[27.788982841752556, 45.595604270892224], [27.788957521421995, 45.595571170971446], [27.786804841094323, 45.59605475006342], [27.78674240039233, 45.59608492018047], [27.788982841752556, 45.595604270892224]]]}}, {"type": "Feature", "properties": {"utr": "ZV 2", "tip_szf": "Subzona spațiilor verzi destinate protecției cursurilor de apă, inclusiv fâșii publice plantate", "cod_zf": "ZF07", "arie_mp": 155.8}, "geometry": {"type": "Polygon", "coordinates": [[[27.788890347541145, 45.595483357910545], [27.78890655259932, 45.59550454200343], [27.78961097084942, 45.59535180947919], [27.789650934262536, 45.59531767110118], [27.788890347541145, 45.595483357910545]]]}}, {"type": "Feature", "properties": {"utr": "ZIP", "tip_szf": "Subzona instituțiilor publice și serviciilor", "cod_zf": "ZF10", "arie_mp": 2.9}, "geometry": {"type": "Polygon", "coordinates": [[[27.791740558069087, 45.59740161672086], [27.791684232537754, 45.597427401337235], [27.791745891362524, 45.59741120573111], [27.791740558069087, 45.59740161672086]]]}}, {"type": "Feature", "properties": {"utr": "ZV 2", "tip_szf": "Subzona spațiilor verzi destinate protecției cursurilor de apă, inclusiv fâșii publice plantate", "cod_zf": "ZF14", "arie_mp": 948.8}, "geometry": {"type": "Polygon", "coordinates": [[[27.79470574334229, 45.59670354888392], [27.791414474089983, 45.59749816714803], [27.79151630188645, 45.59751185426831], [27.794657731432718, 45.596741211510846], [27.794701215713193, 45.59672455903572], [27.79470574334229, 45.59670354888392]]]}}, {"type": "Feature", "properties": {"utr": "GC", "tip_szf": "Subzona echipare edilitară", "cod_zf": "ZF05", "arie_mp": 93.6}, "geometry": {"type": "Polygon", "coordinates": [[[27.850706278075013, 45.57364265681555], [27.850647579295288, 45.573719316982825], [27.850756734830316, 45.57376054128673], [27.85081543350141, 45.573683881064674], [27.850706278075013, 45.57364265681555]]]}}, {"type": "Feature", "properties": {"utr": "ZV 1", "tip_szf": "Subzona spațiilor verzi publice cu acces nelimitat: grădini, scuaruri", "cod_zf": "ZF07", "arie_mp": 1444.9}, "geometry": {"type": "Polygon", "coordinates": [[[27.78997973100994, 45.596872905275674], [27.790286535158714, 45.59676865592549], [27.790411561301376, 45.596955627787295], [27.790699646717545, 45.596849446372886], [27.79049291364543, 45.59656597715858], [27.78986053521532, 45.59670063716749], [27.78997973100994, 45.596872905275674]]]}}, {"type": "Feature", "properties": {"utr": "L", "tip_szf": "Zonă de locuit", "cod_zf": "ZF07", "arie_mp": 1427.1}, "geometry": {"type": "Polygon", "coordinates": [[[27.790242685742793, 45.59622008394248], [27.789611418405038, 45.59636767750693], [27.78973676445256, 45.596593478921456], [27.790399354011477, 45.596437925562796], [27.790242685742793, 45.59622008394248]]]}}, {"type": "Feature", "properties": {"utr": "ZIP", "tip_szf": "Subzona instituțiilor publice și serviciilor", "cod_zf": "ZF07", "arie_mp": 2615.5}, "geometry": {"type": "Polygon", "coordinates": [[[27.79119248231708, 45.59597705827314], [27.7909470877047, 45.59560584077948], [27.790244339857164, 45.59580822719681], [27.790498082030858, 45.596154233294314], [27.79119248231708, 45.59597705827314]]]}}, {"type": "Feature", "properties": {"utr": "L", "tip_szf": "Zonă de locuit", "cod_zf": "ZF07", "arie_mp": 1748.7}, "geometry": {"type": "Polygon", "coordinates": [[[27.790168461594337, 45.59569762065156], [27.79087579583543, 45.59552196738709], [27.790755315140444, 45.59535050955047], [27.790422636901585, 45.59543279220431], [27.790348848421072, 45.595302236449434], [27.789947645715138, 45.59539199349423], [27.790168461594337, 45.59569762065156]]]}}, {"type": "Feature", "properties": {"utr": "L", "tip_szf": "Zonă de locuit", "cod_zf": "ZF07", "arie_mp": 3654.6}, "geometry": {"type": "Polygon", "coordinates": [[[27.788982841752556, 45.595604270892224], [27.789327214204583, 45.59611422459201], [27.79003609236938, 45.59595166432373], [27.789704902478718, 45.59543983749672], [27.788982841752556, 45.595604270892224]]]}}, {"type": "Feature", "properties": {"utr": "L", "tip_szf": "Zonă de locuit", "cod_zf": "ZF08", "arie_mp": 8701.4}, "geometry": {"type": "Polygon", "coordinates": [[[27.80127587743929, 45.604364199884856], [27.799455690693026, 45.604697742677104], [27.799665468359848, 45.60520762519606], [27.801537760508772, 45.60487675336563], [27.80127587743929, 45.604364199884856]]]}}, {"type": "Feature", "properties": {"utr": "L", "tip_szf": "Zonă de locuit", "cod_zf": "ZF11", "arie_mp": 31539.1}, "geometry": {"type": "Polygon", "coordinates": [[[27.77741234514372, 45.58480167603161], [27.777997338193337, 45.58520665602526], [27.778580117522214, 45.58551981503657], [27.779111848962412, 45.58573024662936], [27.779627101050444, 45.585960171487514], [27.780753970243126, 45.58520576210944], [27.779787535388103, 45.584682652545055], [27.77829280962902, 45.58391449040074], [27.777466578514176, 45.58430332463101], [27.776937877376948, 45.58452006616957], [27.77741234514372, 45.58480167603161]]]}}, {"type": "Feature", "properties": {"utr": "L", "tip_szf": "Zonă de locuit", "cod_zf": "ZF11", "arie_mp": 20926.4}, "geometry": {"type": "Polygon", "coordinates": [[[27.779980597718843, 45.58334556637791], [27.779161422806386, 45.58375849798156], [27.779041304773052, 45.583619960926306], [27.778525693995334, 45.58383095201036], [27.78009810031084, 45.58467108564474], [27.781623239249928, 45.58376048285653], [27.781483692839522, 45.58368361657981], [27.780826543054516, 45.58321461126261], [27.780651703000913, 45.58311390462113], [27.780503540629557, 45.58306834805388], [27.780396338004635, 45.58299563841036], [27.78012311757352, 45.58315159742283], [27.779980597718843, 45.58334556637791]]]}}, {"type": "Feature", "properties": {"utr": "L", "tip_szf": "Zonă de locuit", "cod_zf": "ZF11", "arie_mp": 15794.5}, "geometry": {"type": "Polygon", "coordinates": [[[27.781804852774574, 45.58595436173999], [27.781066348546805, 45.5853807139947], [27.780901135239386, 45.58528559687657], [27.779858210874206, 45.586013849848825], [27.780079261832963, 45.586104349571215], [27.780280795110126, 45.5862754048039], [27.78057363258603, 45.58671015897344], [27.780697689147814, 45.587105829871255], [27.780871171839788, 45.58690411629689], [27.78205368755036, 45.58617359891123], [27.781804852774574, 45.58595436173999]]]}}, {"type": "Feature", "properties": {"utr": "L", "tip_szf": "Zonă de locuit", "cod_zf": "ZF11", "arie_mp": 15220.3}, "geometry": {"type": "Polygon", "coordinates": [[[27.781366267703042, 45.58539303518124], [27.78223293307503, 45.58611215889406], [27.782431843781488, 45.586001561717175], [27.782443788084368, 45.58601231557687], [27.783174531447834, 45.58560318114747], [27.783140624960776, 45.585526022699874], [27.78314705309202, 45.5854726252549], [27.783373874564813, 45.585345814512905], [27.78323195963718, 45.58520578769799], [27.78353435531838, 45.58506880973187], [27.78354156717957, 45.58504028473101], [27.783166240093312, 45.584753808263244], [27.78329661234727, 45.584660752691946], [27.783171098596522, 45.58455109032591], [27.782815866909402, 45.58476066224653], [27.78264998300829, 45.58463064759707], [27.781366267703042, 45.58539303518124]]]}}, {"type": "Feature", "properties": {"utr": "L", "tip_szf": "Zonă de locuit", "cod_zf": "ZF11", "arie_mp": 9871.7}, "geometry": {"type": "Polygon", "coordinates": [[[27.783359747676123, 45.58562693418622], [27.78393091576648, 45.586147021194606], [27.785303096999257, 45.58537824899252], [27.785023482659707, 45.58515444364414], [27.784635370437982, 45.58491406475503], [27.78455939849425, 45.584925247895356], [27.783359747676123, 45.58562693418622]]]}}, {"type": "Feature", "properties": {"utr": "L", "tip_szf": "Zonă de locuit", "cod_zf": "ZF11", "arie_mp": 7913.8}, "geometry": {"type": "Polygon", "coordinates": [[[27.783040203869323, 45.58678651966676], [27.783931936352946, 45.58631458497404], [27.783947933013266, 45.58627419590085], [27.78331281799616, 45.585670537385944], [27.782354266255243, 45.586208173361634], [27.783040203869323, 45.58678651966676]]]}}, {"type": "Feature", "properties": {"utr": "L", "tip_szf": "Zonă de locuit", "cod_zf": "ZF11", "arie_mp": 29366.1}, "geometry": {"type": "Polygon", "coordinates": [[[27.783275265177206, 45.58722490351936], [27.78210039032084, 45.586213048812674], [27.781049196148754, 45.58687193034323], [27.780840613841004, 45.5871073589987], [27.781780556615796, 45.58791080316583], [27.781148925810108, 45.588196846061436], [27.781674914403165, 45.58861027858472], [27.783883930258234, 45.587728983774326], [27.78370765595252, 45.58757701472484], [27.782944163424656, 45.58790158805386], [27.78278504806698, 45.58774853613962], [27.783437166294814, 45.587360894462954], [27.783349225142565, 45.5872870294097], [27.782694713413044, 45.58767319871547], [27.78262071611723, 45.58761109132235], [27.783275265177206, 45.58722490351936]]]}}, {"type": "Feature", "properties": {"utr": "L", "tip_szf": "Zonă de locuit", "cod_zf": "ZF11", "arie_mp": 29455.7}, "geometry": {"type": "Polygon", "coordinates": [[[27.78539493385357, 45.58605532468801], [27.783421138710448, 45.58710636552132], [27.783833147958394, 45.58745030551828], [27.784394100088864, 45.58715736685098], [27.78447487071769, 45.58723022785771], [27.78391739175078, 45.58751837309851], [27.784219534034833, 45.58780048855929], [27.784655361103976, 45.588171759331175], [27.786056011173514, 45.58781868831752], [27.785824660509544, 45.58745293151515], [27.78633594423363, 45.58719768513512], [27.786691593434075, 45.58767028449431], [27.786992451689134, 45.587584398819644], [27.786604755269824, 45.587066265027545], [27.786164032560514, 45.586756869822864], [27.785009266626297, 45.58737327165921], [27.784870101612565, 45.587242596005005], [27.785976375821118, 45.58662512986972], [27.785863084796453, 45.5865455961437], [27.78539493385357, 45.58605532468801]]]}}, {"type": "Feature", "properties": {"utr": "L", "tip_szf": "Zonă de locuit", "cod_zf": "ZF11", "arie_mp": 12634.9}, "geometry": {"type": "Polygon", "coordinates": [[[27.78394150729841, 45.58841555664549], [27.78356600352172, 45.58850743941823], [27.783505610077675, 45.588397314063855], [27.784344424980556, 45.588130764481505], [27.78395122301087, 45.58777997439428], [27.782128214901388, 45.58853216033186], [27.782572520663532, 45.58857028728571], [27.782750789625172, 45.58854768878575], [27.7829753171669, 45.588647021419106], [27.7830698634878, 45.58880384437522], [27.783084243298212, 45.58890848121323], [27.783125831890015, 45.589002048905854], [27.784839130592218, 45.5886566774694], [27.7846838036096, 45.5884536126921], [27.784457222624933, 45.58823108174956], [27.78394150729841, 45.58841555664549]]]}}, {"type": "Feature", "properties": {"utr": "L", "tip_szf": "Zonă de locuit", "cod_zf": "ZF11", "arie_mp": 17255.6}, "geometry": {"type": "Polygon", "coordinates": [[[27.785634939688425, 45.58976470380781], [27.785003923033084, 45.58887759619854], [27.78425057764962, 45.58903713327187], [27.78415187082895, 45.588906811008755], [27.783065490813986, 45.58912634526284], [27.783456379206676, 45.58965341698997], [27.783373037783836, 45.58967715024484], [27.78373328392047, 45.590184842464225], [27.78488498418601, 45.58992345367245], [27.78474958576874, 45.58972540855839], [27.785200383958458, 45.5896179657968], [27.78532124465954, 45.58983437358177], [27.785634939688425, 45.58976470380781]]]}}, {"type": "Feature", "properties": {"utr": "L", "tip_szf": "Zonă de locuit", "cod_zf": "ZF11", "arie_mp": 10968.1}, "geometry": {"type": "Polygon", "coordinates": [[[27.787463998402483, 45.58810513131134], [27.787362027878533, 45.58801973879233], [27.78683298341209, 45.58770135565613], [27.786413437308177, 45.58781939755065], [27.78470699797127, 45.58822478010326], [27.78490635802627, 45.58843928047889], [27.785079691780883, 45.58866721897856], [27.78616103203101, 45.58842502157893], [27.787274155066907, 45.58820489234048], [27.787457977196496, 45.5881256152603], [27.787463998402483, 45.58810513131134]]]}}, {"type": "Feature", "properties": {"utr": "L", "tip_szf": "Zonă de locuit", "cod_zf": "ZF11", "arie_mp": 35263.4}, "geometry": {"type": "Polygon", "coordinates": [[[27.786568374130805, 45.589556296432214], [27.78623455527525, 45.58904252379348], [27.786606977187837, 45.58895727043505], [27.786960983597425, 45.58946705790991], [27.78936376305802, 45.58889813149694], [27.789270902485782, 45.588651223950876], [27.78941357493773, 45.58861688619823], [27.789498376697182, 45.588721562695724], [27.789628930388417, 45.58883259297295], [27.789703677609303, 45.58881729278748], [27.789796090657987, 45.588520423038844], [27.790073863893717, 45.58801160154813], [27.79013220548125, 45.58783534405121], [27.790371491647324, 45.5874474932601], [27.78998869991095, 45.58712690846329], [27.789403535215374, 45.58723176055543], [27.789656715383035, 45.58753136087518], [27.790074042309477, 45.58797317595974], [27.78988753972104, 45.588090855500546], [27.788717329116686, 45.58847725413958], [27.788708171270933, 45.58836471959716], [27.78856565780342, 45.58837043669956], [27.788498457359285, 45.58856368209437], [27.788289972266533, 45.58857677400214], [27.788336885032322, 45.58843292476704], [27.78806123044906, 45.58830984686009], [27.787723012981747, 45.5881010441047], [27.787475657594896, 45.58821177630661], [27.787635323298748, 45.58838189300267], [27.787935903515365, 45.5885774601422], [27.787553905429867, 45.58872966227285], [27.787206586569155, 45.588272283072136], [27.785121772985132, 45.58871731361703], [27.785829690307143, 45.58972227883751], [27.786568374130805, 45.589556296432214]]]}}, {"type": "Feature", "properties": {"utr": "L", "tip_szf": "Zonă de locuit", "cod_zf": "ZF11", "arie_mp": 16255.6}, "geometry": {"type": "Polygon", "coordinates": [[[27.790445019423448, 45.58871095402085], [27.789905879649023, 45.58903101279507], [27.79010483812781, 45.5893165873179], [27.790228725991913, 45.589253653645535], [27.790378164524192, 45.58913210820966], [27.791651439434606, 45.58799579357635], [27.791577033506176, 45.58794226491443], [27.791224293057972, 45.58825485424188], [27.790916182848104, 45.58803071770916], [27.791313464719856, 45.58775264862705], [27.79100039062345, 45.58771344472298], [27.79123897924219, 45.58719346977009], [27.791409962758756, 45.587019884967546], [27.791396952170082, 45.58695527870876], [27.790842571341187, 45.58700567065337], [27.790847219589814, 45.58717950135136], [27.790476523291737, 45.58720475242539], [27.79050607572551, 45.58742586521131], [27.789911414185944, 45.58845193184807], [27.78981634988991, 45.588646500257866], [27.78977252834631, 45.588778307732866], [27.789803322747208, 45.58887000750322], [27.789877888490107, 45.58899017292344], [27.790405564558487, 45.588678954754876], [27.790445019423448, 45.58871095402085]]]}}, {"type": "Feature", "properties": {"utr": "L", "tip_szf": "Zonă de locuit", "cod_zf": "ZF11", "arie_mp": 7524.8}, "geometry": {"type": "Polygon", "coordinates": [[[27.791185590763703, 45.588545762361036], [27.79018388137795, 45.58942634296635], [27.79042411569803, 45.589770624952], [27.79077179867708, 45.589462139771975], [27.79094754837923, 45.58955233706341], [27.791903551188184, 45.588631451108775], [27.791551019000675, 45.58845524538866], [27.7913345941866, 45.5886432538093], [27.791185590763703, 45.588545762361036]]]}}, {"type": "Feature", "properties": {"utr": "L", "tip_szf": "Zonă de locuit", "cod_zf": "ZF11", "arie_mp": 19278.0}, "geometry": {"type": "Polygon", "coordinates": [[[27.78452877231592, 45.59130551458752], [27.78549799194608, 45.59107409805997], [27.785121212848665, 45.59058796793736], [27.785330467612933, 45.590541682699396], [27.785684335795068, 45.591031933213884], [27.78643064660412, 45.59086925243658], [27.78571504755069, 45.589872526958004], [27.783652791054884, 45.59032600675435], [27.783833077828078, 45.59077875599664], [27.783981702848166, 45.59084000905825], [27.78416457332644, 45.590799561993165], [27.78452877231592, 45.59130551458752]]]}}, {"type": "Feature", "properties": {"utr": "L", "tip_szf": "Zonă de locuit", "cod_zf": "ZF11", "arie_mp": 4136.9}, "geometry": {"type": "Polygon", "coordinates": [[[27.783634122583656, 45.59182220304007], [27.783589838028696, 45.59173123130285], [27.783280842554888, 45.59172981904485], [27.78317590676643, 45.59253635750273], [27.78347261609939, 45.59259493074133], [27.78395677724095, 45.59263466199279], [27.783993606553366, 45.59245657520764], [27.783895410625473, 45.592245810718055], [27.783670160452065, 45.59224094270847], [27.783634122583656, 45.59182220304007]]]}}, {"type": "Feature", "properties": {"utr": "L", "tip_szf": "Zonă de locuit", "cod_zf": "ZF11", "arie_mp": 3118.1}, "geometry": {"type": "Polygon", "coordinates": [[[27.783699827960174, 45.59324940222401], [27.784577235356632, 45.59314035995657], [27.784553684337347, 45.59305831534398], [27.78436117416879, 45.592790063107124], [27.78415620524466, 45.59280844514456], [27.783874222480684, 45.59280099350375], [27.78349866147142, 45.59274607494521], [27.783699827960174, 45.59324940222401]]]}}, {"type": "Feature", "properties": {"utr": "L", "tip_szf": "Zonă de locuit", "cod_zf": "ZF11", "arie_mp": 23936.9}, "geometry": {"type": "Polygon", "coordinates": [[[27.784672307316132, 45.592525589135114], [27.785926247785202, 45.59224765472781], [27.78593017486777, 45.59225866754482], [27.787223427907787, 45.59197293479566], [27.786525001357347, 45.5909953611443], [27.78476353207652, 45.591371239555976], [27.784202525966965, 45.59146686264012], [27.78458913315618, 45.5919887600473], [27.784265114253166, 45.59213834905956], [27.784672307316132, 45.592525589135114]]]}}, {"type": "Feature", "properties": {"utr": "L", "tip_szf": "Zonă de locuit", "cod_zf": "ZF11", "arie_mp": 21404.8}, "geometry": {"type": "Polygon", "coordinates": [[[27.787201548511607, 45.59215832611765], [27.78521810838376, 45.592587209426576], [27.785555178998376, 45.59326193846955], [27.785256566686723, 45.593350377440856], [27.78529611139071, 45.59372578184207], [27.786548102919348, 45.59341616301183], [27.786185150100316, 45.59291618979499], [27.786448743577843, 45.592857494354504], [27.786812086576376, 45.59335831243105], [27.788008269775858, 45.5930912048873], [27.787487349487193, 45.59235491281291], [27.78737074141658, 45.592205321661], [27.787328781657408, 45.59218011018719], [27.787201548511607, 45.59215832611765]]]}}, {"type": "Feature", "properties": {"utr": "L", "tip_szf": "Zonă de locuit", "cod_zf": "ZF11", "arie_mp": 24556.5}, "geometry": {"type": "Polygon", "coordinates": [[[27.786294604790793, 45.59364172304373], [27.78527680573556, 45.59383744303427], [27.785311318619318, 45.59400410590601], [27.785524872924665, 45.594372766122284], [27.786258854270155, 45.59421060497783], [27.78660203999153, 45.59473039023984], [27.78759588902766, 45.59449941449635], [27.787591353345245, 45.594486338295965], [27.78810637744256, 45.594381742805], [27.787917809325787, 45.59411365308015], [27.78806057776064, 45.594081329410955], [27.788254853829496, 45.59434866688053], [27.78882956501103, 45.59421927129698], [27.78809268684945, 45.59321048445693], [27.78774230062892, 45.59328799513333], [27.787907618294547, 45.593550338218], [27.787565107095705, 45.593626993593034], [27.787378500573155, 45.59336836747744], [27.786294604790793, 45.59364172304373]]]}}, {"type": "Feature", "properties": {"utr": "L", "tip_szf": "Zonă de locuit", "cod_zf": "ZF11", "arie_mp": 22475.0}, "geometry": {"type": "Polygon", "coordinates": [[[27.78803467953746, 45.59453850293134], [27.785931206980177, 45.594994508087744], [27.786099858932268, 45.59524658468993], [27.786856862917436, 45.59502519795525], [27.787070179807717, 45.59530816842818], [27.787255530536747, 45.5952648552035], [27.787589738077582, 45.595760574464244], [27.78961472720168, 45.595325121307255], [27.789503017568244, 45.595165679424674], [27.7894041426376, 45.5951997442934], [27.789367790497632, 45.5951463828898], [27.78946666642772, 45.5951137956337], [27.78891586452984, 45.5943347411451], [27.78803467953746, 45.59453850293134]]]}}, {"type": "Feature", "properties": {"utr": "L", "tip_szf": "Zonă de locuit", "cod_zf": "ZF11", "arie_mp": 1974.3}, "geometry": {"type": "Polygon", "coordinates": [[[27.786709253514758, 45.59541114248151], [27.786289987999137, 45.595530759101116], [27.786664485866055, 45.595992816174096], [27.787046602502052, 45.59589710688123], [27.786709253514758, 45.59541114248151]]]}}, {"type": "Feature", "properties": {"utr": "L", "tip_szf": "Zonă de locuit", "cod_zf": "ZF11", "arie_mp": 10722.4}, "geometry": {"type": "Polygon", "coordinates": [[[27.7882187858594, 45.59694375552661], [27.787840259074546, 45.59641141813684], [27.788455788091337, 45.59629210297805], [27.788119758946152, 45.59578945404118], [27.78674240039233, 45.59608492018047], [27.787470753821246, 45.59710764143394], [27.7882187858594, 45.59694375552661]]]}}, {"type": "Feature", "properties": {"utr": "L", "tip_szf": "Zonă de locuit", "cod_zf": "ZF11", "arie_mp": 4719.6}, "geometry": {"type": "Polygon", "coordinates": [[[27.789327214204583, 45.59611422459201], [27.788982841752556, 45.595604270892224], [27.788244126774146, 45.595764548907056], [27.788577439491664, 45.59626727155764], [27.78917889199943, 45.59614450116069], [27.789405345387994, 45.596488978118764], [27.78960431890263, 45.59644498602549], [27.789682693301636, 45.59660216421018], [27.78973676445256, 45.596593478921456], [27.789611418405038, 45.59636767750693], [27.78947745358554, 45.59607977207318], [27.789327214204583, 45.59611422459201]]]}}, {"type": "Feature", "properties": {"utr": "L", "tip_szf": "Zonă de locuit", "cod_zf": "ZF11", "arie_mp": 12597.3}, "geometry": {"type": "Polygon", "coordinates": [[[27.789803050246597, 45.59671288694991], [27.78866773075621, 45.59695532346436], [27.78902353934325, 45.59745943434279], [27.788837248304567, 45.597491952518254], [27.78848323963242, 45.59699589913473], [27.788283309787086, 45.59704243428663], [27.788637781525953, 45.597549142294866], [27.788753919266657, 45.597520724624744], [27.7890618710662, 45.598048377391386], [27.789755442104997, 45.59787174553735], [27.7894039954432, 45.5973796949106], [27.78965499997682, 45.59731687876628], [27.790014826726363, 45.597813118289416], [27.790504505690322, 45.59769915488181], [27.789803050246597, 45.59671288694991]]]}}, {"type": "Feature", "properties": {"utr": "L", "tip_szf": "Zonă de locuit", "cod_zf": "ZF11", "arie_mp": 19236.5}, "geometry": {"type": "Polygon", "coordinates": [[[27.789886220334875, 45.59856121280201], [27.78953988235415, 45.59805294591672], [27.788859321204352, 45.59821171188986], [27.789199093509296, 45.59871730458129], [27.789173993640357, 45.598723690330935], [27.7895094539904, 45.599227038205676], [27.792036495313337, 45.5986635297552], [27.791901743429744, 45.598477902745834], [27.79118901091389, 45.59866214239958], [27.79105742273859, 45.59847198827574], [27.791770713657932, 45.59830086192041], [27.791670896812175, 45.59816396626262], [27.790679565663098, 45.59838403788978], [27.79046738199063, 45.5980761284454], [27.791447071517943, 45.597852969230736], [27.791310483918743, 45.59766498071563], [27.7898418043673, 45.59798295956344], [27.790167909776553, 45.59849722112464], [27.789886220334875, 45.59856121280201]]]}}, {"type": "Feature", "properties": {"utr": "L", "tip_szf": "Zonă de locuit", "cod_zf": "ZF11", "arie_mp": 21306.1}, "geometry": {"type": "Polygon", "coordinates": [[[27.79212099816109, 45.59878341337472], [27.790124580787275, 45.5992198991882], [27.790453216843964, 45.59972932032806], [27.79026894412868, 45.599767971655915], [27.790645176786807, 45.6002908961065], [27.792377904830687, 45.599892616151806], [27.792834085053418, 45.59977163698097], [27.79227453797285, 45.5989973512593], [27.792181436482895, 45.599027534170425], [27.792112510096768, 45.598931027094274], [27.79220558584905, 45.59890084486917], [27.79212099816109, 45.59878341337472]]]}}, {"type": "Feature", "properties": {"utr": "L", "tip_szf": "Zonă de locuit", "cod_zf": "ZF11", "arie_mp": 3440.9}, "geometry": {"type": "Polygon", "coordinates": [[[27.79046541363152, 45.600335959140494], [27.790203323858318, 45.599959513362755], [27.790182712062062, 45.59996667152062], [27.790072514277284, 45.59981439700529], [27.79026894412868, 45.599767971655915], [27.78991809126307, 45.59926231280757], [27.789446664048953, 45.5993637586949], [27.78979956831775, 45.599878559514984], [27.789889218972196, 45.59985748506134], [27.790278693758694, 45.60038375959246], [27.79046541363152, 45.600335959140494]]]}}, {"type": "Feature", "properties": {"utr": "L", "tip_szf": "Zonă de locuit", "cod_zf": "ZF11", "arie_mp": 25886.3}, "geometry": {"type": "Polygon", "coordinates": [[[27.791215385681348, 45.600276308332504], [27.79034501296814, 45.600482132173234], [27.79068352069717, 45.60096910623429], [27.79032707124906, 45.601063372170216], [27.79069697556721, 45.60158604414686], [27.791446719333994, 45.601418944915594], [27.791837755936008, 45.60130707588906], [27.79217077787745, 45.601231126192296], [27.79181838157895, 45.60073761282898], [27.791999060390346, 45.60069301293928], [27.792348844678678, 45.60119214272708], [27.792903190369422, 45.601057150527595], [27.79281929820213, 45.60094330938728], [27.793054856323202, 45.60088826994284], [27.793120635624877, 45.60100776485778], [27.793617839949203, 45.60088785618541], [27.79291454257133, 45.599884100981804], [27.792525841126054, 45.599974365966354], [27.792616457008375, 45.60012294778778], [27.792298214126603, 45.600208292040655], [27.792196307796537, 45.60005478398895], [27.791365053735916, 45.60024267717658], [27.79164083688556, 45.60075900595618], [27.791526296148934, 45.6007831424628], [27.791215385681348, 45.600276308332504]]]}}, {"type": "Feature", "properties": {"utr": "L", "tip_szf": "Zonă de locuit", "cod_zf": "ZF11", "arie_mp": 27989.0}, "geometry": {"type": "Polygon", "coordinates": [[[27.794422992422547, 45.60201183425779], [27.794168025231702, 45.601640560762334], [27.79400704014519, 45.60168930940654], [27.79396231704117, 45.601664543519945], [27.793822254518386, 45.60169589869183], [27.793801555646194, 45.601653951490015], [27.794125797082085, 45.60158170456462], [27.793710201158238, 45.601007381498384], [27.791892030691766, 45.60142505324296], [27.792196651513372, 45.60185477229135], [27.792072193083108, 45.601880412998106], [27.791781375072325, 45.60144559273648], [27.790746981421904, 45.60168631994714], [27.790793917399252, 45.601773366231214], [27.791448962295814, 45.602669125947216], [27.792580585331343, 45.6024088390683], [27.792232397528533, 45.60190777639128], [27.792407729577977, 45.601867728455126], [27.79276182822208, 45.60237355807758], [27.794422992422547, 45.60201183425779]]]}}, {"type": "Feature", "properties": {"utr": "L", "tip_szf": "Zonă de locuit", "cod_zf": "ZF11", "arie_mp": 19593.2}, "geometry": {"type": "Polygon", "coordinates": [[[27.79451767800799, 45.60212298454297], [27.792685897596012, 45.602531491591485], [27.79248274426932, 45.602573378917015], [27.792880807211983, 45.603103290094694], [27.79281677068797, 45.60311976063998], [27.79314421617525, 45.60359437029569], [27.793533995540695, 45.60350130549642], [27.793188343526506, 45.60302685571982], [27.79324856296316, 45.603011000793245], [27.793595619256855, 45.60348685630589], [27.795226678913938, 45.603120768391285], [27.794763555647155, 45.6024707672693], [27.794033177220147, 45.60263603247797], [27.79397018239742, 45.602535117109575], [27.794696217984946, 45.60237780292201], [27.79451767800799, 45.60212298454297]]]}}, {"type": "Feature", "properties": {"utr": "L", "tip_szf": "Zonă de locuit", "cod_zf": "ZF11", "arie_mp": 24398.9}, "geometry": {"type": "Polygon", "coordinates": [[[27.79291741375635, 45.60378309970726], [27.793210717298603, 45.60429086231168], [27.793095899488453, 45.60431826941385], [27.793447274351628, 45.604830224411955], [27.794051859210366, 45.604677459182305], [27.793714461617867, 45.604170616466114], [27.793837800192357, 45.60414117462348], [27.794213068320097, 45.60463985904382], [27.796043123517432, 45.604249407742216], [27.795318545603585, 45.60324957439416], [27.79529109407216, 45.60325634642168], [27.79528519922033, 45.603244438391826], [27.79291741375635, 45.60378309970726]]]}}, {"type": "Feature", "properties": {"utr": "L", "tip_szf": "Zonă de locuit", "cod_zf": "ZF11", "arie_mp": 82254.9}, "geometry": {"type": "Polygon", "coordinates": [[[27.797324823083354, 45.60606502348954], [27.796144581140663, 45.60439709229084], [27.79603096673164, 45.604425513646575], [27.796014910032902, 45.604393895568144], [27.795955194507556, 45.60440752497391], [27.79593862192523, 45.60436993295552], [27.79486083264286, 45.60461074592064], [27.793528740941177, 45.604934689810385], [27.793961769867362, 45.605777287981155], [27.79355816295075, 45.605876825641744], [27.794316144292242, 45.60710049003345], [27.79574846499719, 45.606773702215], [27.795847159310767, 45.60694238642824], [27.794409508078328, 45.607252455650986], [27.794512123262034, 45.607453026618884], [27.795898792067437, 45.607197079525214], [27.796238378203824, 45.60781567703819], [27.796534163944788, 45.60776552160689], [27.79679972996392, 45.60771843968728], [27.79643076176181, 45.607090515817546], [27.796703121307218, 45.60706574718339], [27.797050665277133, 45.60768018799901], [27.798336008398714, 45.60746028125383], [27.79801857561054, 45.60700994066386], [27.797634892491214, 45.60651360871082], [27.797341903783526, 45.60608868329595], [27.797320411614695, 45.6060813083623], [27.797324823083354, 45.60606502348954]]]}}, {"type": "Feature", "properties": {"utr": "L", "tip_szf": "Zonă de locuit", "cod_zf": "ZF11", "arie_mp": 14426.7}, "geometry": {"type": "Polygon", "coordinates": [[[27.797138351443166, 45.608644571880866], [27.79903561504798, 45.60842584797873], [27.798377026955993, 45.6075118881592], [27.797438463998073, 45.607688363946394], [27.796771509319846, 45.607784624500496], [27.797138351443166, 45.608644571880866]]]}}, {"type": "Feature", "properties": {"utr": "L", "tip_szf": "Zonă de locuit", "cod_zf": "ZF11", "arie_mp": 79890.5}, "geometry": {"type": "Polygon", "coordinates": [[[27.790628270194137, 45.59006631064524], [27.792297175097097, 45.59236948181567], [27.7930945463501, 45.59197749924907], [27.79340047619687, 45.592296961046344], [27.793323831882248, 45.592337013031575], [27.793097875554736, 45.592074724243375], [27.79307532183492, 45.592067283706854], [27.792335558780042, 45.59241887115289], [27.79266110292348, 45.59288706476734], [27.793620151957548, 45.59238873584606], [27.793635735026125, 45.59240296419155], [27.792673676367045, 45.59290291552146], [27.792746833760436, 45.592995168276204], [27.795012142514476, 45.59177408675872], [27.794779553943883, 45.59142903262086], [27.795175087811373, 45.59122626653743], [27.795031689778543, 45.591088385118844], [27.79424945760749, 45.591402315322824], [27.794141788713834, 45.591136727758325], [27.79444281098338, 45.59101915941692], [27.79388996742568, 45.5903187884517], [27.793741201210594, 45.59017396298546], [27.793817327720774, 45.59011669290018], [27.793639157664757, 45.58988714975513], [27.793236285509764, 45.58947440750938], [27.793050891568583, 45.58945706941078], [27.79281194164228, 45.58907075226031], [27.792021907723758, 45.58875301890766], [27.791197987724424, 45.589549218805836], [27.790628270194137, 45.59006631064524]], [[27.791145781142447, 45.58989846080737], [27.791712376248334, 45.58946535276008], [27.79199808548177, 45.58964777117289], [27.791301303714896, 45.590061155890375], [27.791145781142447, 45.58989846080737]]]}}, {"type": "Feature", "properties": {"utr": "L", "tip_szf": "Zonă de locuit", "cod_zf": "ZF11", "arie_mp": 59925.9}, "geometry": {"type": "Polygon", "coordinates": [[[27.793109606738604, 45.59347297347608], [27.79456806648403, 45.595523868420884], [27.795615797503302, 45.59526593343827], [27.795617053986845, 45.59505755955956], [27.795358892234876, 45.595128521118006], [27.795284371189677, 45.595026805916554], [27.79561802090393, 45.59490511582604], [27.79572640652883, 45.59488261199488], [27.79613840867098, 45.594704494818295], [27.795990924042083, 45.5940127033195], [27.79647135829916, 45.59379435062689], [27.796353565001517, 45.593651343146774], [27.795711802264176, 45.59394847126237], [27.795274755300667, 45.59386590105841], [27.795062458575124, 45.593786556012134], [27.795782198417257, 45.59350270052185], [27.795943243120433, 45.59315536220057], [27.79507713732389, 45.591870508209226], [27.792794665465067, 45.59305959493487], [27.793109606738604, 45.59347297347608]]]}}, {"type": "Feature", "properties": {"utr": "L", "tip_szf": "Zonă de locuit", "cod_zf": "ZF11", "arie_mp": 35841.6}, "geometry": {"type": "Polygon", "coordinates": [[[27.79036243817217, 45.58996883401715], [27.78969321907449, 45.58897438024633], [27.78803507286305, 45.589360002535535], [27.78591621538131, 45.58982505643206], [27.786636532328423, 45.59082144908978], [27.787376457182322, 45.590660673892145], [27.787557064812546, 45.590636916842975], [27.78721958775962, 45.59015271167762], [27.787587713942944, 45.59005920618271], [27.787896678935716, 45.590558931336616], [27.788420502910302, 45.59043012688313], [27.78806601509266, 45.58993890951071], [27.788082995873925, 45.589933578120274], [27.788438550958666, 45.5904258855861], [27.79036243817217, 45.58996883401715]]]}}, {"type": "Feature", "properties": {"utr": "L", "tip_szf": "Zonă de locuit", "cod_zf": "ZF11", "arie_mp": 34473.7}, "geometry": {"type": "Polygon", "coordinates": [[[27.788208057133765, 45.59062448241617], [27.787263898606664, 45.5908316590908], [27.787459549410297, 45.59112309958848], [27.78717522298374, 45.59118240437178], [27.787137124889817, 45.59118802781282], [27.787132131794674, 45.591177086157295], [27.7869708825899, 45.59121719836485], [27.786978287811483, 45.591227396764594], [27.78693954069782, 45.59123802336782], [27.78743871909178, 45.59193079263571], [27.791147872636873, 45.59109407425797], [27.79063119405813, 45.590350401736906], [27.790235297413176, 45.59044343519305], [27.7900568862128, 45.59018691105103], [27.788208057133765, 45.59062448241617]]]}}, {"type": "Feature", "properties": {"utr": "L", "tip_szf": "Zonă de locuit", "cod_zf": "ZF11", "arie_mp": 34168.0}, "geometry": {"type": "Polygon", "coordinates": [[[27.791616453597022, 45.591731647307], [27.79125073391729, 45.59122109582546], [27.790276192756004, 45.59144308656217], [27.79062321077371, 45.591941120959476], [27.79045174069693, 45.59197728373068], [27.79013361852689, 45.59147612194556], [27.787556829154937, 45.59206523098142], [27.788085444801393, 45.592797492856334], [27.788301786471358, 45.59274356981674], [27.788351226019962, 45.592832217664835], [27.788164175482656, 45.59289117562094], [27.78825693906445, 45.5930367401405], [27.79137591765861, 45.5923418143459], [27.79102030472377, 45.591857373300066], [27.791179649066887, 45.59182376690127], [27.79154028945165, 45.592304923179725], [27.791949570903338, 45.592207684293925], [27.791745083772177, 45.59191470352311], [27.791499440297276, 45.59199410160584], [27.791357637430405, 45.59178622808932], [27.791616453597022, 45.591731647307]]]}}, {"type": "Feature", "properties": {"utr": "L", "tip_szf": "Zonă de locuit", "cod_zf": "ZF11", "arie_mp": 36084.7}, "geometry": {"type": "Polygon", "coordinates": [[[27.790753469767076, 45.5926945998601], [27.790700128915958, 45.592707012884965], [27.790655484056504, 45.59264018936927], [27.7883527978255, 45.593166607766655], [27.78906571518343, 45.59416124242997], [27.790516561041745, 45.59382568496311], [27.79020887216154, 45.593333798809915], [27.790416684270504, 45.59329866643691], [27.7907220970081, 45.59377869925192], [27.79276917414846, 45.59332149043595], [27.792041106363545, 45.59233249840835], [27.79071931314117, 45.592626127406206], [27.790753469767076, 45.5926945998601]]]}}, {"type": "Feature", "properties": {"utr": "L", "tip_szf": "Zonă de locuit", "cod_zf": "ZF11", "arie_mp": 36397.9}, "geometry": {"type": "Polygon", "coordinates": [[[27.792862044694573, 45.59343957161767], [27.79032796596864, 45.59401395894687], [27.78915918968314, 45.59429112643916], [27.78984288679683, 45.595278173444456], [27.792816764391166, 45.59461401277435], [27.79246082906555, 45.594115398992955], [27.79264077673949, 45.594077528784254], [27.792993381373236, 45.59457544168228], [27.793579232962617, 45.59443996899985], [27.792862044694573, 45.59343957161767]]]}}, {"type": "Feature", "properties": {"utr": "L", "tip_szf": "Zonă de locuit", "cod_zf": "ZF11", "arie_mp": 25281.6}, "geometry": {"type": "Polygon", "coordinates": [[[27.790672368842415, 45.59523110127248], [27.791030204501542, 45.595723498217986], [27.791367304899545, 45.59622322629111], [27.79191500365029, 45.59610713557947], [27.79160470004036, 45.59560970420016], [27.791795814320206, 45.595568357718726], [27.791994701052072, 45.59589334371479], [27.791899014283853, 45.595922241123844], [27.79201503244533, 45.59608675752151], [27.793797931411106, 45.59570385042173], [27.79346777611748, 45.59520068711296], [27.79363770546935, 45.595162504920026], [27.793899852581948, 45.5955175198432], [27.794045341560164, 45.59547935851397], [27.79414278625663, 45.59563189807907], [27.79437403695123, 45.595578983854715], [27.79419892693298, 45.59530888119173], [27.793900849783647, 45.59490995713076], [27.79352622328735, 45.59499758892731], [27.79329207649727, 45.594651211148864], [27.791923130947325, 45.59495751835041], [27.792267620927365, 45.595454387929365], [27.792118643570408, 45.595485914953485], [27.791781821293622, 45.59498918876272], [27.791175181030155, 45.59512195268043], [27.791520713924026, 45.59561114338718], [27.79131899921003, 45.5956601116016], [27.791102508402545, 45.59536137988629], [27.79118210247808, 45.59534314850912], [27.7910780325599, 45.59514414619757], [27.790672368842415, 45.59523110127248]]]}}, {"type": "Feature", "properties": {"utr": "L", "tip_szf": "Zonă de locuit", "cod_zf": "ZF11", "arie_mp": 21036.7}, "geometry": {"type": "Polygon", "coordinates": [[[27.79470574334229, 45.59670354888392], [27.794125261295168, 45.59576943520353], [27.79323592734422, 45.595987791651204], [27.79169384274537, 45.59631439561555], [27.79191964204425, 45.5968277818341], [27.79243470705136, 45.59672218467626], [27.792622153507402, 45.59720069914083], [27.79470574334229, 45.59670354888392]]]}}, {"type": "Feature", "properties": {"utr": "L", "tip_szf": "Zonă de locuit", "cod_zf": "ZF11", "arie_mp": 4401.6}, "geometry": {"type": "Polygon", "coordinates": [[[27.794752254970852, 45.59665156992477], [27.79497428033718, 45.596527464926524], [27.794816199215514, 45.59616225747175], [27.795117526705344, 45.59606986446823], [27.79498922730322, 45.59565355716928], [27.794843852286313, 45.59564618986911], [27.794537009613506, 45.59568165129414], [27.794167917499422, 45.5957551272308], [27.794752254970852, 45.59665156992477]]]}}, {"type": "Feature", "properties": {"utr": "L", "tip_szf": "Zonă de locuit", "cod_zf": "ZF11", "arie_mp": 21857.9}, "geometry": {"type": "Polygon", "coordinates": [[[27.7945006099687, 45.59810662242957], [27.793790170846197, 45.59708584868343], [27.79155486941386, 45.59761016607831], [27.792178066264146, 45.59848134629035], [27.792894814467598, 45.59830792991145], [27.792998970541447, 45.59844604646471], [27.7945006099687, 45.59810662242957]]]}}, {"type": "Feature", "properties": {"utr": "L", "tip_szf": "Zonă de locuit", "cod_zf": "ZF11", "arie_mp": 22003.8}, "geometry": {"type": "Polygon", "coordinates": [[[27.792542224613406, 45.598981848578944], [27.793069786118433, 45.599710640308], [27.794168246614618, 45.59947513306994], [27.795342260956225, 45.59919515975181], [27.79515543130556, 45.59892130425412], [27.794607196321305, 45.59821054859418], [27.79262813998265, 45.59866495681966], [27.792779074485154, 45.598921241985025], [27.792542224613406, 45.598981848578944]]]}}, {"type": "Feature", "properties": {"utr": "L", "tip_szf": "Zonă de locuit", "cod_zf": "ZF11", "arie_mp": 27418.6}, "geometry": {"type": "Polygon", "coordinates": [[[27.796154959078905, 45.597570088173754], [27.79605152212093, 45.597385524469914], [27.79587830691914, 45.597186436740834], [27.795351224708376, 45.597318650284116], [27.795080803648776, 45.596727321842295], [27.794985052850166, 45.596751072452065], [27.794991617317024, 45.59676828588165], [27.793862074596117, 45.59703824303223], [27.793997137569143, 45.59722039644116], [27.79440460119813, 45.597130687864926], [27.794527215969765, 45.59733737027475], [27.794152945576805, 45.59743021087278], [27.79452669270976, 45.597954627700126], [27.794966859150435, 45.59848199985476], [27.795390600765412, 45.59903679011292], [27.796305438747783, 45.59835721795843], [27.79677133127336, 45.597984092093206], [27.796820696318704, 45.59790449177141], [27.796768282508342, 45.5978557337394], [27.7961248313284, 45.59799009008652], [27.796067024834656, 45.597795473804105], [27.796709576205703, 45.59766548803777], [27.79687327774447, 45.597819704821944], [27.797178811789927, 45.59732702920409], [27.796154959078905, 45.597570088173754]]]}}, {"type": "Feature", "properties": {"utr": "L", "tip_szf": "Zonă de locuit", "cod_zf": "ZF11", "arie_mp": 21616.5}, "geometry": {"type": "Polygon", "coordinates": [[[27.79315683050777, 45.599832782107576], [27.793859165642157, 45.60082934209628], [27.794273234676442, 45.60073770497718], [27.794187232641224, 45.60061487648284], [27.794492970965624, 45.60054667470625], [27.79457943755494, 45.60067069481694], [27.796142577331867, 45.60032942966781], [27.795771776363956, 45.59981926948329], [27.795442477785034, 45.59931725536259], [27.79520083824413, 45.599372236222536], [27.79553329642054, 45.599871553694534], [27.795340378814522, 45.59991452600416], [27.795016976857944, 45.599413680204506], [27.79315683050777, 45.599832782107576]]]}}, {"type": "Feature", "properties": {"utr": "L", "tip_szf": "Zonă de locuit", "cod_zf": "ZF11", "arie_mp": 24575.6}, "geometry": {"type": "Polygon", "coordinates": [[[27.796632553180764, 45.59832116372518], [27.795540539928826, 45.599025688775164], [27.79587432708716, 45.59978060966611], [27.79616202002628, 45.60016680922728], [27.79664062011069, 45.60001806543619], [27.79806425471443, 45.59949416373986], [27.7978782052521, 45.59916561386183], [27.797940472003923, 45.59909268290417], [27.797881958882257, 45.5989765281216], [27.79767342351847, 45.59902197005343], [27.797405628562764, 45.59866172251865], [27.796779066780058, 45.59818433609591], [27.79663099224763, 45.59830812157127], [27.796632553180764, 45.59832116372518]]]}}, {"type": "Feature", "properties": {"utr": "L", "tip_szf": "Zonă de locuit", "cod_zf": "ZF11", "arie_mp": 20470.3}, "geometry": {"type": "Polygon", "coordinates": [[[27.798965607584087, 45.600466158286174], [27.79834667403984, 45.599732398046], [27.798168380918284, 45.599678041217324], [27.798132784478593, 45.599615181267836], [27.796274264760328, 45.60031076145838], [27.79669366820215, 45.6009421247122], [27.796944770133727, 45.60126952447026], [27.798965607584087, 45.600466158286174]]]}}, {"type": "Feature", "properties": {"utr": "L", "tip_szf": "Zonă de locuit", "cod_zf": "ZF11", "arie_mp": 9270.7}, "geometry": {"type": "Polygon", "coordinates": [[[27.797015789992354, 45.601357379976974], [27.79735156150052, 45.601811742909916], [27.799048273724782, 45.60134723338464], [27.798543078730063, 45.60075348386863], [27.797015789992354, 45.601357379976974]]]}}, {"type": "Feature", "properties": {"utr": "L", "tip_szf": "Zonă de locuit", "cod_zf": "ZF11", "arie_mp": 6757.7}, "geometry": {"type": "Polygon", "coordinates": [[[27.79941546851746, 45.60178898704474], [27.799182946436574, 45.60150925234122], [27.797481978281752, 45.601988226822094], [27.797855941983364, 45.602517853367594], [27.798501056438152, 45.602345849495], [27.798332827952354, 45.60209106463588], [27.79941546851746, 45.60178898704474]]]}}, {"type": "Feature", "properties": {"utr": "L", "tip_szf": "Zonă de locuit", "cod_zf": "ZF11", "arie_mp": 22734.7}, "geometry": {"type": "Polygon", "coordinates": [[[27.79467768293322, 45.60195471442891], [27.796905892496827, 45.60142213472384], [27.79623035929812, 45.6004227500882], [27.793945010606894, 45.60095082334672], [27.79467768293322, 45.60195471442891]]]}}, {"type": "Feature", "properties": {"utr": "L", "tip_szf": "Zonă de locuit", "cod_zf": "ZF11", "arie_mp": 20230.7}, "geometry": {"type": "Polygon", "coordinates": [[[27.79771956228488, 45.60255567655101], [27.79701522692106, 45.60155126087596], [27.794763406051537, 45.60207969176118], [27.79537976637136, 45.60293481994331], [27.796109996569783, 45.60277125021975], [27.79619063710723, 45.60290163831029], [27.796644201910308, 45.60280210191216], [27.79633695608564, 45.60229349571604], [27.79660227711919, 45.60223361934568], [27.796929731761196, 45.60274235637633], [27.79771956228488, 45.60255567655101]]]}}, {"type": "Feature", "properties": {"utr": "L", "tip_szf": "Zonă de locuit", "cod_zf": "ZF11", "arie_mp": 21446.0}, "geometry": {"type": "Polygon", "coordinates": [[[27.796271428750057, 45.6041809136154], [27.798522901338195, 45.6036886746904], [27.79838561426474, 45.6034837707398], [27.79805097036365, 45.60357325138022], [27.79783934682483, 45.60325611149524], [27.79815956833967, 45.603165088948515], [27.797816992515408, 45.60266847616614], [27.797031841163456, 45.60286568249854], [27.79555941647513, 45.60319294155489], [27.795688855388693, 45.60333578809588], [27.795715390376348, 45.60340744089976], [27.796271428750057, 45.6041809136154]]]}}, {"type": "Feature", "properties": {"utr": "L", "tip_szf": "Zonă de locuit", "cod_zf": "ZF11", "arie_mp": 52128.5}, "geometry": {"type": "Polygon", "coordinates": [[[27.801862290004212, 45.60359935185874], [27.80165158284917, 45.60321804243452], [27.801255209312, 45.6026682467743], [27.801035849590136, 45.6022184796889], [27.800975747598105, 45.60197057007789], [27.7992327232362, 45.60240481375566], [27.799139441416504, 45.60222334363329], [27.797895799321967, 45.602572838679784], [27.79837463096411, 45.60328605963334], [27.79969086585236, 45.60298516129337], [27.800051124056854, 45.6029404590588], [27.800136876590617, 45.60307535695082], [27.799599296860176, 45.60310491362722], [27.798429316701846, 45.60337238043978], [27.798557874639293, 45.60357250266113], [27.798771140364195, 45.60374247196639], [27.798956629533574, 45.60401336336923], [27.800667971552883, 45.603679607459355], [27.80073877221432, 45.60379646891266], [27.79901847520396, 45.604123873426225], [27.799260939216506, 45.60466803600653], [27.799871104861154, 45.60457927213223], [27.799805094044547, 45.604431074645326], [27.800388859199888, 45.60432629972835], [27.80044747027653, 45.60447572001704], [27.80160054304939, 45.604231610902396], [27.801525121890243, 45.60403765531977], [27.801226257976257, 45.60408664618651], [27.80094964075616, 45.604108282714094], [27.800931371292375, 45.60395697707821], [27.80126665268266, 45.60388694153763], [27.801226653182642, 45.60371880617535], [27.801862290004212, 45.60359935185874]]]}}, {"type": "Feature", "properties": {"utr": "L", "tip_szf": "Zonă de locuit", "cod_zf": "ZF11", "arie_mp": 18929.9}, "geometry": {"type": "Polygon", "coordinates": [[[27.798576021675984, 45.60433692886905], [27.798974735497783, 45.604229446860124], [27.79868310935502, 45.60374944296895], [27.79634434638925, 45.60427639567554], [27.796501646434262, 45.604498493705755], [27.797299911448565, 45.60430511047341], [27.797374994328784, 45.60440764391454], [27.797384613224995, 45.604421782249645], [27.796581459963026, 45.60461040026594], [27.796980523315778, 45.60515877837462], [27.799148909689556, 45.60467783150937], [27.7990182923764, 45.60432556567493], [27.79861462116691, 45.60442829943195], [27.798576021675984, 45.60433692886905]]]}}, {"type": "Feature", "properties": {"utr": "L", "tip_szf": "Zonă de locuit", "cod_zf": "ZF11", "arie_mp": 76419.1}, "geometry": {"type": "Polygon", "coordinates": [[[27.800546936816673, 45.60504305300402], [27.799665468359848, 45.60520762519606], [27.799455690693026, 45.604697742677104], [27.797423049996667, 45.605131751231426], [27.797054302171986, 45.60521949780556], [27.797038590560454, 45.605246743636485], [27.798716759309027, 45.60761132210425], [27.798920759964087, 45.607878061425644], [27.79934399611223, 45.60783090346477], [27.799337292727095, 45.60767976292337], [27.799651182779957, 45.607644443415836], [27.799644317022562, 45.60779744000677], [27.801721312585226, 45.607565986661335], [27.801592042240852, 45.60728252794809], [27.80061442638415, 45.6073885758251], [27.800583239053864, 45.607264618073195], [27.801541719859184, 45.607172182252654], [27.8013034616239, 45.60669745109071], [27.800880190988426, 45.60594033409947], [27.800546936816673, 45.60504305300402]]]}}, {"type": "Feature", "properties": {"utr": "ZV 2", "tip_szf": "Subzona spațiilor verzi destinate protecției cursurilor de apă, inclusiv fâșii publice plantate", "cod_zf": "ZF14", "arie_mp": 3919.7}, "geometry": {"type": "Polygon", "coordinates": [[[27.78393023299515, 45.59157221910588], [27.784202525966965, 45.59146686264012], [27.78476353207652, 45.591371239555976], [27.786525001357347, 45.5909953611443], [27.787223427907787, 45.59197293479566], [27.78593017486777, 45.59225866754482], [27.785926247785202, 45.59224765472781], [27.785312070834458, 45.592376048363505], [27.784672307316132, 45.592525589135114], [27.78470499257309, 45.59255949213627], [27.78655777393352, 45.59214386148309], [27.78719760263207, 45.592017327686975], [27.787239306310042, 45.5920048750072], [27.787266475193938, 45.591956135455504], [27.78656539989435, 45.590986500744116], [27.786533401215443, 45.59096700522798], [27.78644913686824, 45.59096700745955], [27.78410594830743, 45.591480573713625], [27.784069477949327, 45.591424933628424], [27.78613093501545, 45.590971425173], [27.786470607169637, 45.59088458996702], [27.786473770823097, 45.590859600243895], [27.786198805794367, 45.59047347205437], [27.78573363952865, 45.58986158648006], [27.785353060135726, 45.5899251827428], [27.783472541350644, 45.590339998235244], [27.78348122976767, 45.59035882227822], [27.783652791054884, 45.59032600675435], [27.78571504755069, 45.589872526958004], [27.78643064660412, 45.59086925243658], [27.785061131571545, 45.59117271792138], [27.784068816956406, 45.59141553463824], [27.784285172781377, 45.591222698344886], [27.784316221804517, 45.59110075396387], [27.784220435905137, 45.59099097364267], [27.784039437987527, 45.59082723930976], [27.783981702848166, 45.59084000905825], [27.784177782332627, 45.59100740042212], [27.7842649270137, 45.591109506910534], [27.784226675507778, 45.591207101647136], [27.78401285546493, 45.59136920912858], [27.78393023299515, 45.59157221910588]]]}}, {"type": "Feature", "properties": {"utr": "ZV 2", "tip_szf": "Subzona spațiilor verzi destinate protecției cursurilor de apă, inclusiv fâșii publice plantate", "cod_zf": "ZF14", "arie_mp": 1658.0}, "geometry": {"type": "Polygon", "coordinates": [[[27.796239779279468, 45.59591910364509], [27.79674309739429, 45.59608329891961], [27.79698774754319, 45.59613321780797], [27.79788201778762, 45.59624074228843], [27.798274764390534, 45.59630288828566], [27.798781336703552, 45.59632730399438], [27.799446388337206, 45.59624365168959], [27.800272377198585, 45.596369104635954], [27.800277213326673, 45.596344989732025], [27.800270717441197, 45.59630717030905], [27.799484161009758, 45.59612612149553], [27.79936013080471, 45.596075514167616], [27.799048457970503, 45.59627277773699], [27.798621263406968, 45.596310137757705], [27.797199786430042, 45.59615785959724], [27.796787479024665, 45.596060726229865], [27.796030440818697, 45.59576914035387], [27.796045286125455, 45.59583933388501], [27.796239779279468, 45.59591910364509]]]}}]}