{"type":"FeatureCollection","name":"zona_533_956","features":[{"type":"Feature","properties":{"nr":null},"geometry":{"type":"Polygon","coordinates":[[[26.649047,47.799223],[26.649544,47.800938],[26.650159,47.800852],[26.649656,47.799118],[26.649047,47.799223]]]}},{"type":"Feature","properties":{"nr":null},"geometry":{"type":"Polygon","coordinates":[[[26.650159,47.800852],[26.650755,47.800769],[26.650247,47.799016],[26.649656,47.799118],[26.650159,47.800852]]]}},{"type":"Feature","properties":{"nr":null},"geometry":{"type":"Polygon","coordinates":[[[26.650247,47.799016],[26.650755,47.800769],[26.65172,47.800635],[26.651203,47.798851],[26.650247,47.799016]]]}},{"type":"Feature","properties":{"nr":null},"geometry":{"type":"Polygon","coordinates":[[[26.651203,47.798851],[26.65172,47.800635],[26.652328,47.800551],[26.651795,47.798714],[26.651446,47.798809],[26.651203,47.798851]]]}},{"type":"Feature","properties":{"nr":null},"geometry":{"type":"Polygon","coordinates":[[[26.647031,47.799344],[26.647031,47.799571],[26.651446,47.798809],[26.651795,47.798714],[26.652328,47.800551],[26.653242,47.800424],[26.652648,47.798375],[26.647031,47.799344]]]}},{"type":"Feature","properties":{"nr":null},"geometry":{"type":"Polygon","coordinates":[[[26.654358,47.800499],[26.653691,47.798198],[26.653626,47.798025],[26.649795,47.798623],[26.649816,47.798703],[26.64708,47.799175],[26.647031,47.799302],[26.647031,47.799344],[26.652648,47.798375],[26.653242,47.800424],[26.653637,47.800369],[26.654358,47.800499]]]}},{"type":"Feature","properties":{"nr":null},"geometry":{"type":"Polygon","coordinates":[[[26.654358,47.800499],[26.654273,47.799878],[26.654306,47.799544],[26.654154,47.799249],[26.654226,47.798865],[26.653744,47.798336],[26.653691,47.798198],[26.654358,47.800499]]]}},{"type":"Feature","properties":{"nr":null},"geometry":{"type":"Polygon","coordinates":[[[26.653366,47.797187],[26.653103,47.796372],[26.653048,47.796297],[26.652792,47.795669],[26.652374,47.794709],[26.652194,47.794226],[26.651977,47.793605],[26.651867,47.793241],[26.651714,47.792802],[26.651672,47.792841],[26.651814,47.793249],[26.651925,47.793613],[26.652142,47.794235],[26.652322,47.794718],[26.652741,47.795679],[26.652998,47.796309],[26.653052,47.796384],[26.653314,47.797195],[26.653744,47.798336],[26.654226,47.798865],[26.654154,47.799249],[26.654306,47.799544],[26.654273,47.799878],[26.654358,47.800499],[26.654413,47.800508],[26.654327,47.799877],[26.65436,47.79954],[26.654208,47.799245],[26.654282,47.798857],[26.653794,47.798321],[26.653366,47.797187]]]}},{"type":"Feature","properties":{"nr":null},"geometry":{"type":"Polygon","coordinates":[[[26.66356,47.801397],[26.664103,47.800946],[26.663834,47.800783],[26.663764,47.800812],[26.663662,47.800873],[26.663357,47.801179],[26.663108,47.801294],[26.662853,47.801371],[26.662593,47.80143],[26.662261,47.801477],[26.6613,47.80152],[26.663297,47.801594],[26.66356,47.801397]]]}},{"type":"Feature","properties":{"nr":null},"geometry":{"type":"Polygon","coordinates":[[[26.664111,47.800668],[26.663834,47.800783],[26.664103,47.800946],[26.664618,47.800526],[26.664841,47.800648],[26.665857,47.800119],[26.666475,47.799775],[26.666419,47.799737],[26.666417,47.799722],[26.666121,47.799889],[26.665811,47.800041],[26.66518,47.800302],[26.66457,47.8005],[26.664111,47.800668]]]}},{"type":"Feature","properties":{"nr":null},"geometry":{"type":"Polygon","coordinates":[[[26.6613,47.80152],[26.662261,47.801477],[26.662593,47.80143],[26.662853,47.801371],[26.663108,47.801294],[26.663357,47.801179],[26.663662,47.800873],[26.663764,47.800812],[26.664111,47.800668],[26.66457,47.8005],[26.66518,47.800302],[26.665811,47.800041],[26.666121,47.799889],[26.666404,47.79973],[26.666417,47.799722],[26.666408,47.799678],[26.666089,47.79986],[26.665781,47.800011],[26.665211,47.800247],[26.664544,47.800469],[26.664085,47.800637],[26.663732,47.800783],[26.663621,47.800849],[26.663319,47.801153],[26.663082,47.801263],[26.662822,47.801341],[26.662579,47.801395],[26.662254,47.801441],[26.661189,47.801489],[26.660759,47.801499],[26.6613,47.80152]]]}},{"type":"Feature","properties":{"nr":null},"geometry":{"type":"Polygon","coordinates":[[[26.66639,47.799663],[26.665544,47.799998],[26.665071,47.800188],[26.665142,47.800274],[26.665211,47.800247],[26.665781,47.800011],[26.666089,47.79986],[26.666408,47.799678],[26.66639,47.799663]]]}},{"type":"Feature","properties":{"nr":null},"geometry":{"type":"Polygon","coordinates":[[[26.66592,47.799135],[26.665778,47.798715],[26.66204,47.799578],[26.662802,47.801345],[26.663082,47.801263],[26.663319,47.801153],[26.663621,47.800849],[26.663732,47.800783],[26.664085,47.800637],[26.664544,47.800469],[26.665142,47.800274],[26.665071,47.800188],[26.66639,47.799663],[26.666116,47.799459],[26.66605,47.799391],[26.66592,47.799135]]]}},{"type":"Feature","properties":{"nr":null},"geometry":{"type":"Polygon","coordinates":[[[26.662802,47.801345],[26.661684,47.798754],[26.660757,47.799211],[26.660238,47.799327],[26.659892,47.799345],[26.660821,47.801498],[26.661189,47.801489],[26.662254,47.801441],[26.662579,47.801395],[26.662802,47.801345]]]}},{"type":"Feature","properties":{"nr":null},"geometry":{"type":"Polygon","coordinates":[[[26.660537,47.801488],[26.660821,47.801498],[26.659892,47.799345],[26.659618,47.799358],[26.660537,47.801488]]]}},{"type":"Feature","properties":{"nr":null},"geometry":{"type":"Polygon","coordinates":[[[26.659792,47.801403],[26.660537,47.801488],[26.659618,47.799358],[26.659086,47.799384],[26.658285,47.799349],[26.658012,47.799839],[26.657612,47.801007],[26.658051,47.801095],[26.659792,47.801403]]]}},{"type":"Feature","properties":{"nr":null},"geometry":{"type":"Polygon","coordinates":[[[26.657551,47.800998],[26.657612,47.801007],[26.658012,47.799839],[26.658285,47.799349],[26.659086,47.799384],[26.660238,47.799327],[26.660757,47.799211],[26.661684,47.798754],[26.661366,47.798017],[26.660398,47.79824],[26.657387,47.798901],[26.65436,47.79954],[26.654327,47.799877],[26.654413,47.800508],[26.654523,47.800528],[26.655782,47.801054],[26.655893,47.800984],[26.656027,47.800959],[26.656256,47.800948],[26.656473,47.800946],[26.656805,47.800979],[26.657073,47.801034],[26.657243,47.801042],[26.657551,47.800998]]]}},{"type":"Feature","properties":{"nr":null},"geometry":{"type":"Polygon","coordinates":[[[26.663297,47.801594],[26.6613,47.80152],[26.660757,47.801535],[26.660463,47.80152],[26.659781,47.801438],[26.658037,47.80113],[26.657552,47.801035],[26.657247,47.801078],[26.657063,47.80107],[26.656793,47.801014],[26.65647,47.800982],[26.656258,47.800984],[26.656036,47.800994],[26.65592,47.801017],[26.655806,47.801088],[26.656165,47.801094],[26.656626,47.801134],[26.656946,47.801181],[26.657845,47.801385],[26.658126,47.801402],[26.658735,47.801519],[26.659416,47.801663],[26.6598,47.801774],[26.661091,47.802328],[26.661243,47.802348],[26.661467,47.802194],[26.66163,47.802116],[26.661964,47.802107],[26.662177,47.80214],[26.662405,47.802193],[26.66253,47.802249],[26.663297,47.801594]]]}},{"type":"Feature","properties":{"nr":null},"geometry":{"type":"Polygon","coordinates":[[[26.665158,47.799965],[26.6653,47.800027],[26.66576,47.799548],[26.665618,47.799486],[26.665158,47.799965]]]}},{"type":"Feature","properties":{"nr":null},"geometry":{"type":"Polygon","coordinates":[[[26.664662,47.800053],[26.665333,47.799355],[26.66519,47.799292],[26.664518,47.79999],[26.664662,47.800053]]]}},{"type":"Feature","properties":{"nr":null},"geometry":{"type":"Polygon","coordinates":[[[26.663721,47.799765],[26.662831,47.80062],[26.662972,47.800686],[26.663862,47.799831],[26.663721,47.799765]]]}},{"type":"Feature","properties":{"nr":null},"geometry":{"type":"Polygon","coordinates":[[[26.663354,47.799594],[26.662464,47.800448],[26.662606,47.800514],[26.663495,47.79966],[26.663354,47.799594]]]}},{"type":"Feature","properties":{"nr":null},"geometry":{"type":"Polygon","coordinates":[[[26.662775,47.800594],[26.662927,47.800448],[26.662815,47.800396],[26.662664,47.800541],[26.662775,47.800594]]]}},{"type":"Feature","properties":{"nr":null},"geometry":{"type":"Polygon","coordinates":[[[26.686265,47.799622],[26.686153,47.799662],[26.687324,47.800441],[26.687434,47.800395],[26.686265,47.799622]]]}},{"type":"Feature","properties":{"nr":null},"geometry":{"type":"Polygon","coordinates":[[[26.673365,47.800965],[26.673485,47.801065],[26.673617,47.801141],[26.673825,47.801294],[26.674163,47.801195],[26.674035,47.800956],[26.673883,47.800781],[26.673365,47.800965]]]}},{"type":"Feature","properties":{"nr":null},"geometry":{"type":"Polygon","coordinates":[[[26.664402,47.805628],[26.66389,47.805184],[26.663521,47.80543],[26.664004,47.805843],[26.664364,47.805668],[26.664402,47.805628]]]}},{"type":"Feature","properties":{"nr":null},"geometry":{"type":"Polygon","coordinates":[[[26.698274,47.800338],[26.698,47.800131],[26.6972,47.800902],[26.696883,47.801233],[26.698274,47.800338]]]}},{"type":"Feature","properties":{"nr":null},"geometry":{"type":"Polygon","coordinates":[[[26.677096,47.800553],[26.677707,47.800164],[26.677662,47.800115],[26.677232,47.799943],[26.676986,47.800062],[26.676629,47.80019],[26.677096,47.800553]]]}},{"type":"Feature","properties":{"nr":null},"geometry":{"type":"Polygon","coordinates":[[[26.692566,47.8093],[26.689177,47.806104],[26.689132,47.806146],[26.692515,47.809336],[26.692566,47.8093]]]}},{"type":"Feature","properties":{"nr":null},"geometry":{"type":"Polygon","coordinates":[[[26.679801,47.801794],[26.678972,47.801123],[26.678875,47.80117],[26.679705,47.801842],[26.679801,47.801794]]]}},{"type":"Feature","properties":{"nr":null},"geometry":{"type":"Polygon","coordinates":[[[26.669557,47.800816],[26.668985,47.801038],[26.669108,47.801106],[26.669904,47.800791],[26.669815,47.800685],[26.669537,47.800793],[26.669557,47.800816]]]}},{"type":"Feature","properties":{"nr":null},"geometry":{"type":"Polygon","coordinates":[[[26.668952,47.801019],[26.668985,47.801038],[26.669557,47.800816],[26.669537,47.800793],[26.668952,47.801019]]]}},{"type":"Feature","properties":{"nr":null},"geometry":{"type":"Polygon","coordinates":[[[26.670525,47.803211],[26.670213,47.802996],[26.669861,47.802769],[26.669731,47.802768],[26.669719,47.80287],[26.67002,47.803059],[26.670423,47.803291],[26.670525,47.803211]]]}},{"type":"Feature","properties":{"nr":null},"geometry":{"type":"Polygon","coordinates":[[[26.677514,47.800777],[26.678249,47.80136],[26.678386,47.801281],[26.677616,47.80067],[26.677514,47.800777]]]}},{"type":"Feature","properties":{"nr":null},"geometry":{"type":"Polygon","coordinates":[[[26.674874,47.800083],[26.6751,47.799971],[26.674831,47.799721],[26.674532,47.79986],[26.674677,47.79996],[26.67482,47.800079],[26.674874,47.800083]]]}},{"type":"Feature","properties":{"nr":null},"geometry":{"type":"Polygon","coordinates":[[[26.669258,47.805939],[26.669285,47.805843],[26.669319,47.805551],[26.669268,47.80552],[26.668817,47.805815],[26.669157,47.806095],[26.669258,47.805939]]]}},{"type":"Feature","properties":{"nr":null},"geometry":{"type":"Polygon","coordinates":[[[26.667779,47.802988],[26.667537,47.803163],[26.668103,47.803601],[26.668326,47.803425],[26.667779,47.802988]]]}},{"type":"Feature","properties":{"nr":null},"geometry":{"type":"Polygon","coordinates":[[[26.67195,47.80202],[26.671968,47.802105],[26.672495,47.80193],[26.672473,47.801899],[26.672421,47.801861],[26.672079,47.801691],[26.671943,47.801778],[26.67195,47.80202]]]}},{"type":"Feature","properties":{"nr":null},"geometry":{"type":"Polygon","coordinates":[[[26.675013,47.799891],[26.674831,47.799721],[26.674532,47.79986],[26.674677,47.79996],[26.67482,47.800079],[26.674874,47.800083],[26.674923,47.800058],[26.674833,47.799977],[26.675013,47.799891]]]}},{"type":"Feature","properties":{"nr":null},"geometry":{"type":"Polygon","coordinates":[[[26.6751,47.799971],[26.675013,47.799891],[26.674933,47.799931],[26.674996,47.799987],[26.6749,47.800034],[26.674923,47.800058],[26.6751,47.799971]]]}},{"type":"Feature","properties":{"nr":null},"geometry":{"type":"Polygon","coordinates":[[[26.663498,47.806128],[26.66386,47.805922],[26.663983,47.805845],[26.66385,47.805734],[26.663785,47.805669],[26.663503,47.805852],[26.663348,47.805935],[26.663159,47.805912],[26.663188,47.80596],[26.663498,47.806128]]]}},{"type":"Feature","properties":{"nr":null},"geometry":{"type":"Polygon","coordinates":[[[26.682478,47.80006],[26.682457,47.800012],[26.68241,47.800014],[26.6824,47.799934],[26.682481,47.79993],[26.682473,47.799868],[26.68257,47.79986],[26.682576,47.799903],[26.682613,47.799938],[26.68262,47.800029],[26.682703,47.800028],[26.682598,47.799782],[26.682542,47.799683],[26.682306,47.799751],[26.682187,47.799555],[26.681995,47.799797],[26.681997,47.800016],[26.682478,47.80006]]]}},{"type":"Feature","properties":{"nr":null},"geometry":{"type":"Polygon","coordinates":[[[26.671286,47.801338],[26.671213,47.801248],[26.671124,47.801187],[26.67099,47.801254],[26.671167,47.801431],[26.670945,47.801606],[26.671174,47.801646],[26.67139,47.801661],[26.671286,47.801338]]]}},{"type":"Feature","properties":{"nr":null},"geometry":{"type":"Polygon","coordinates":[[[26.684435,47.807663],[26.681305,47.804924],[26.678634,47.802474],[26.678583,47.802503],[26.681252,47.804953],[26.684385,47.807694],[26.684435,47.807663]]]}},{"type":"Feature","properties":{"nr":null},"geometry":{"type":"Polygon","coordinates":[[[26.679306,47.801035],[26.680044,47.801716],[26.680183,47.801662],[26.679467,47.800992],[26.679306,47.801035]]]}},{"type":"Feature","properties":{"nr":null},"geometry":{"type":"Polygon","coordinates":[[[26.679907,47.80033],[26.679512,47.800455],[26.679759,47.800915],[26.680075,47.800832],[26.680089,47.800809],[26.680417,47.800725],[26.680141,47.800247],[26.679907,47.80033]]]}},{"type":"Feature","properties":{"nr":null},"geometry":{"type":"Polygon","coordinates":[[[26.664455,47.805988],[26.663545,47.806171],[26.663568,47.806193],[26.664457,47.806015],[26.664455,47.805988]]]}},{"type":"Feature","properties":{"nr":null},"geometry":{"type":"Polygon","coordinates":[[[26.664457,47.806015],[26.663568,47.806193],[26.663859,47.806486],[26.663838,47.806515],[26.663873,47.806544],[26.66395,47.806632],[26.664483,47.806413],[26.664457,47.806015]]]}},{"type":"Feature","properties":{"nr":null},"geometry":{"type":"Polygon","coordinates":[[[26.671773,47.802446],[26.671641,47.802631],[26.67184,47.802747],[26.671886,47.802712],[26.672303,47.802969],[26.6724,47.80291],[26.671773,47.802446]]]}},{"type":"Feature","properties":{"nr":null},"geometry":{"type":"Polygon","coordinates":[[[26.671594,47.802698],[26.672175,47.803048],[26.672303,47.802969],[26.671886,47.802712],[26.67184,47.802747],[26.671641,47.802631],[26.671594,47.802698]]]}},{"type":"Feature","properties":{"nr":null},"geometry":{"type":"Polygon","coordinates":[[[26.685147,47.800686],[26.684946,47.800826],[26.685588,47.801215],[26.68587,47.801111],[26.685147,47.800686]]]}},{"type":"Feature","properties":{"nr":null},"geometry":{"type":"Polygon","coordinates":[[[26.69712,47.799713],[26.69784,47.8002],[26.69795,47.800104],[26.697236,47.799621],[26.69712,47.799713]]]}},{"type":"Feature","properties":{"nr":null},"geometry":{"type":"Polygon","coordinates":[[[26.698566,47.800558],[26.698274,47.800338],[26.696883,47.801233],[26.696532,47.801548],[26.696061,47.801895],[26.695972,47.801981],[26.695935,47.802085],[26.695938,47.802171],[26.695951,47.802239],[26.698566,47.800558]]]}},{"type":"Feature","properties":{"nr":null},"geometry":{"type":"Polygon","coordinates":[[[26.669794,47.800693],[26.669639,47.800477],[26.669174,47.800661],[26.669349,47.800865],[26.669794,47.800693]]]}},{"type":"Feature","properties":{"nr":null},"geometry":{"type":"Polygon","coordinates":[[[26.690556,47.798944],[26.692962,47.801238],[26.692999,47.80122],[26.690588,47.79892],[26.690556,47.798944]]]}},{"type":"Feature","properties":{"nr":null},"geometry":{"type":"Polygon","coordinates":[[[26.685125,47.801494],[26.688032,47.804249],[26.688167,47.804167],[26.68528,47.80143],[26.685125,47.801494]]]}},{"type":"Feature","properties":{"nr":null},"geometry":{"type":"Polygon","coordinates":[[[26.693665,47.801693],[26.693799,47.801621],[26.690775,47.798768],[26.690631,47.79883],[26.693665,47.801693]]]}},{"type":"Feature","properties":{"nr":null},"geometry":{"type":"Polygon","coordinates":[[[26.651783,47.803541],[26.652099,47.803355],[26.650135,47.80169],[26.649597,47.801688],[26.651783,47.803541]]]}},{"type":"Feature","properties":{"nr":null},"geometry":{"type":"Polygon","coordinates":[[[26.682006,47.800108],[26.681413,47.800048],[26.681463,47.800426],[26.681597,47.8004],[26.681722,47.800394],[26.681996,47.800399],[26.682006,47.800108]]]}},{"type":"Feature","properties":{"nr":null},"geometry":{"type":"Polygon","coordinates":[[[26.670421,47.800353],[26.669846,47.800345],[26.669531,47.800323],[26.669856,47.800778],[26.670521,47.80054],[26.670421,47.800353]]]}},{"type":"Feature","properties":{"nr":null},"geometry":{"type":"Polygon","coordinates":[[[26.696229,47.806863],[26.696285,47.806824],[26.694416,47.805096],[26.69435,47.805127],[26.696229,47.806863]]]}},{"type":"Feature","properties":{"nr":null},"geometry":{"type":"Polygon","coordinates":[[[26.696285,47.806824],[26.696345,47.806786],[26.694482,47.805065],[26.694416,47.805096],[26.696285,47.806824]]]}},{"type":"Feature","properties":{"nr":null},"geometry":{"type":"Polygon","coordinates":[[[26.672859,47.80176],[26.672491,47.801841],[26.672629,47.802019],[26.672715,47.802081],[26.672886,47.802172],[26.673061,47.802047],[26.672859,47.80176]]]}},{"type":"Feature","properties":{"nr":null},"geometry":{"type":"Polygon","coordinates":[[[26.693614,47.801806],[26.692999,47.80122],[26.692962,47.801238],[26.693581,47.801829],[26.693614,47.801806]]]}},{"type":"Feature","properties":{"nr":null},"geometry":{"type":"Polygon","coordinates":[[[26.672133,47.806126],[26.672196,47.806082],[26.671252,47.805277],[26.670919,47.805022],[26.670565,47.804794],[26.670514,47.804862],[26.671646,47.805703],[26.672133,47.806126]]]}},{"type":"Feature","properties":{"nr":null},"geometry":{"type":"Polygon","coordinates":[[[26.683084,47.800021],[26.683033,47.799969],[26.682927,47.799889],[26.682892,47.799854],[26.682781,47.799704],[26.682592,47.799772],[26.682647,47.799898],[26.682714,47.799901],[26.682794,47.800086],[26.68296,47.80007],[26.683003,47.800059],[26.683084,47.800021]]]}},{"type":"Feature","properties":{"nr":null},"geometry":{"type":"Polygon","coordinates":[[[26.668817,47.805815],[26.668442,47.806058],[26.668898,47.806464],[26.669172,47.806112],[26.668817,47.805815]]]}},{"type":"Feature","properties":{"nr":null},"geometry":{"type":"Polygon","coordinates":[[[26.653994,47.807191],[26.65029,47.804376],[26.650071,47.804498],[26.653755,47.807297],[26.653994,47.807191]]]}},{"type":"Feature","properties":{"nr":null},"geometry":{"type":"Polygon","coordinates":[[[26.685498,47.800418],[26.686186,47.800838],[26.686404,47.800736],[26.68589,47.800387],[26.685706,47.800248],[26.685519,47.800355],[26.685498,47.800418]]]}},{"type":"Feature","properties":{"nr":null},"geometry":{"type":"Polygon","coordinates":[[[26.690546,47.798934],[26.690504,47.798952],[26.693473,47.801781],[26.69351,47.801761],[26.690546,47.798934]]]}},{"type":"Feature","properties":{"nr":null},"geometry":{"type":"Polygon","coordinates":[[[26.686765,47.805685],[26.686833,47.805604],[26.683157,47.802254],[26.682998,47.802253],[26.686765,47.805685]]]}},{"type":"Feature","properties":{"nr":null},"geometry":{"type":"Polygon","coordinates":[[[26.671993,47.801009],[26.672063,47.800966],[26.672011,47.800934],[26.671779,47.800672],[26.670896,47.800753],[26.670831,47.800672],[26.670658,47.800514],[26.670544,47.800576],[26.670707,47.800757],[26.670933,47.801139],[26.671004,47.801215],[26.67112,47.801177],[26.671225,47.801246],[26.671291,47.801331],[26.671591,47.801253],[26.671633,47.801248],[26.671729,47.801211],[26.671893,47.801098],[26.671993,47.801009]]]}},{"type":"Feature","properties":{"nr":null},"geometry":{"type":"Polygon","coordinates":[[[26.67363,47.80207],[26.673607,47.802077],[26.673766,47.802391],[26.673861,47.802552],[26.67432,47.80241],[26.674016,47.802038],[26.673912,47.80205],[26.673658,47.802044],[26.67363,47.80207]]]}},{"type":"Feature","properties":{"nr":null},"geometry":{"type":"Polygon","coordinates":[[[26.687594,47.800332],[26.686445,47.799573],[26.686309,47.799613],[26.687483,47.800388],[26.687594,47.800332]]]}},{"type":"Feature","properties":{"nr":null},"geometry":{"type":"Polygon","coordinates":[[[26.66456,47.805597],[26.664931,47.805881],[26.665102,47.805849],[26.665092,47.80577],[26.665277,47.805474],[26.664834,47.805322],[26.664577,47.805563],[26.66456,47.805597]]]}},{"type":"Feature","properties":{"nr":null},"geometry":{"type":"Polygon","coordinates":[[[26.677232,47.799943],[26.676966,47.799859],[26.676857,47.799834],[26.676765,47.799824],[26.676365,47.799834],[26.676554,47.800201],[26.676705,47.800163],[26.676987,47.800062],[26.677232,47.799943]]]}},{"type":"Feature","properties":{"nr":null},"geometry":{"type":"Polygon","coordinates":[[[26.669418,47.804253],[26.66872,47.803927],[26.668511,47.804181],[26.669398,47.804525],[26.669418,47.804253]]]}},{"type":"Feature","properties":{"nr":null},"geometry":{"type":"Polygon","coordinates":[[[26.675638,47.801321],[26.675556,47.801435],[26.675585,47.801487],[26.676037,47.802045],[26.676342,47.801755],[26.675818,47.80127],[26.675638,47.801321]]]}},{"type":"Feature","properties":{"nr":null},"geometry":{"type":"Polygon","coordinates":[[[26.656369,47.80627],[26.656449,47.806189],[26.652359,47.80324],[26.652258,47.803306],[26.656369,47.80627]]]}},{"type":"Feature","properties":{"nr":null},"geometry":{"type":"Polygon","coordinates":[[[26.673733,47.80039],[26.673448,47.80001],[26.673309,47.800041],[26.673232,47.800047],[26.673071,47.800119],[26.673119,47.80036],[26.673127,47.800367],[26.673316,47.800395],[26.673733,47.80039]]]}},{"type":"Feature","properties":{"nr":null},"geometry":{"type":"Polygon","coordinates":[[[26.674539,47.804632],[26.674689,47.804542],[26.674259,47.804179],[26.674103,47.804258],[26.674539,47.804632]]]}},{"type":"Feature","properties":{"nr":null},"geometry":{"type":"Polygon","coordinates":[[[26.669909,47.801999],[26.670142,47.801933],[26.670039,47.801775],[26.669822,47.801837],[26.669909,47.801999]]]}},{"type":"Feature","properties":{"nr":null},"geometry":{"type":"Polygon","coordinates":[[[26.67014,47.803545],[26.670348,47.803349],[26.670423,47.803291],[26.670142,47.803129],[26.67001,47.803223],[26.669707,47.803109],[26.669673,47.803297],[26.669968,47.803314],[26.669951,47.803441],[26.669933,47.803506],[26.67014,47.803545]]]}},{"type":"Feature","properties":{"nr":null},"geometry":{"type":"Polygon","coordinates":[[[26.669687,47.803102],[26.67001,47.803223],[26.670142,47.803129],[26.669719,47.80287],[26.669707,47.802869],[26.669687,47.803102]]]}},{"type":"Feature","properties":{"nr":null},"geometry":{"type":"Polygon","coordinates":[[[26.669629,47.801611],[26.669948,47.801445],[26.670512,47.801119],[26.670449,47.800903],[26.670433,47.800799],[26.670378,47.800658],[26.670379,47.800609],[26.670251,47.800649],[26.669102,47.801109],[26.669388,47.801374],[26.669629,47.801611]]]}},{"type":"Feature","properties":{"nr":null},"geometry":{"type":"Polygon","coordinates":[[[26.67056,47.802217],[26.670222,47.801911],[26.670148,47.801745],[26.670039,47.801775],[26.670142,47.801933],[26.669909,47.801999],[26.669822,47.801837],[26.669695,47.801875],[26.669735,47.802134],[26.670238,47.802481],[26.67056,47.802217]]]}},{"type":"Feature","properties":{"nr":null},"geometry":{"type":"Polygon","coordinates":[[[26.669714,47.802439],[26.669936,47.802404],[26.670039,47.802424],[26.670044,47.802416],[26.669716,47.802186],[26.669714,47.802439]]]}},{"type":"Feature","properties":{"nr":null},"geometry":{"type":"Polygon","coordinates":[[[26.694224,47.808183],[26.689435,47.803766],[26.689214,47.803824],[26.694064,47.808297],[26.694224,47.808183]]]}},{"type":"Feature","properties":{"nr":null},"geometry":{"type":"Polygon","coordinates":[[[26.682794,47.800086],[26.682714,47.799901],[26.682647,47.799898],[26.682727,47.800081],[26.682794,47.800086]]]}},{"type":"Feature","properties":{"nr":null},"geometry":{"type":"Polygon","coordinates":[[[26.672141,47.806187],[26.672091,47.806217],[26.677575,47.811339],[26.677622,47.811306],[26.672141,47.806187]]]}},{"type":"Feature","properties":{"nr":null},"geometry":{"type":"Polygon","coordinates":[[[26.656115,47.803131],[26.656354,47.802975],[26.65467,47.801771],[26.654435,47.80193],[26.656115,47.803131]]]}},{"type":"Feature","properties":{"nr":null},"geometry":{"type":"Polygon","coordinates":[[[26.65834,47.804478],[26.65639,47.803002],[26.656174,47.803143],[26.658116,47.804614],[26.65834,47.804478]]]}},{"type":"Feature","properties":{"nr":null},"geometry":{"type":"Polygon","coordinates":[[[26.680376,47.809993],[26.680519,47.809939],[26.674598,47.804652],[26.674473,47.804723],[26.680376,47.809993]]]}},{"type":"Feature","properties":{"nr":null},"geometry":{"type":"Polygon","coordinates":[[[26.66168,47.805983],[26.661336,47.806165],[26.661584,47.806404],[26.661946,47.806198],[26.66168,47.805983]]]}},{"type":"Feature","properties":{"nr":null},"geometry":{"type":"Polygon","coordinates":[[[26.671448,47.802764],[26.671634,47.802537],[26.671561,47.802499],[26.671397,47.802378],[26.670934,47.802499],[26.670812,47.802548],[26.670499,47.802642],[26.670548,47.802673],[26.670966,47.802531],[26.671177,47.802749],[26.671337,47.802694],[26.671448,47.802764]]]}},{"type":"Feature","properties":{"nr":null},"geometry":{"type":"Polygon","coordinates":[[[26.670499,47.802642],[26.670812,47.802548],[26.670934,47.802499],[26.671397,47.802378],[26.671296,47.80228],[26.670952,47.802357],[26.67092,47.802343],[26.670401,47.802578],[26.670499,47.802642]]]}},{"type":"Feature","properties":{"nr":null},"geometry":{"type":"Polygon","coordinates":[[[26.67257,47.800418],[26.672812,47.80071],[26.672854,47.800697],[26.672674,47.800405],[26.67257,47.800418]]]}},{"type":"Feature","properties":{"nr":null},"geometry":{"type":"Polygon","coordinates":[[[26.672548,47.800739],[26.672812,47.80071],[26.67257,47.800418],[26.672279,47.800477],[26.672381,47.800618],[26.672481,47.800714],[26.672548,47.800739]]]}},{"type":"Feature","properties":{"nr":null},"geometry":{"type":"Polygon","coordinates":[[[26.686447,47.800875],[26.689356,47.803617],[26.689476,47.803582],[26.686555,47.80083],[26.686447,47.800875]]]}},{"type":"Feature","properties":{"nr":null},"geometry":{"type":"Polygon","coordinates":[[[26.694416,47.805096],[26.694482,47.805065],[26.696345,47.806786],[26.696384,47.806761],[26.691999,47.80271],[26.691924,47.802795],[26.694416,47.805096]]]}},{"type":"Feature","properties":{"nr":null},"geometry":{"type":"Polygon","coordinates":[[[26.668656,47.800866],[26.668947,47.801021],[26.669349,47.800865],[26.669174,47.800661],[26.668656,47.800866]]]}},{"type":"Feature","properties":{"nr":null},"geometry":{"type":"Polygon","coordinates":[[[26.665919,47.805618],[26.665762,47.805431],[26.665663,47.805374],[26.665398,47.80525],[26.665294,47.805461],[26.665465,47.805549],[26.665719,47.805714],[26.665919,47.805618]]]}},{"type":"Feature","properties":{"nr":null},"geometry":{"type":"Polygon","coordinates":[[[26.68754,47.800397],[26.690569,47.803294],[26.690712,47.80323],[26.687676,47.800325],[26.68754,47.800397]]]}},{"type":"Feature","properties":{"nr":null},"geometry":{"type":"Polygon","coordinates":[[[26.690746,47.803357],[26.690642,47.803384],[26.695193,47.807561],[26.695271,47.80751],[26.690746,47.803357]]]}},{"type":"Feature","properties":{"nr":null},"geometry":{"type":"Polygon","coordinates":[[[26.67641,47.800218],[26.675871,47.799786],[26.675676,47.799854],[26.675842,47.80002],[26.675899,47.799996],[26.676212,47.8003],[26.67641,47.800218]]]}},{"type":"Feature","properties":{"nr":null},"geometry":{"type":"Polygon","coordinates":[[[26.658723,47.804276],[26.658931,47.804157],[26.657751,47.80322],[26.655279,47.801414],[26.655064,47.80153],[26.657504,47.803313],[26.658723,47.804276]]]}},{"type":"Feature","properties":{"nr":null},"geometry":{"type":"Polygon","coordinates":[[[26.663411,47.805465],[26.663588,47.805345],[26.663321,47.80511],[26.662917,47.805355],[26.663198,47.805634],[26.663411,47.805465]]]}},{"type":"Feature","properties":{"nr":null},"geometry":{"type":"Polygon","coordinates":[[[26.681904,47.799783],[26.681924,47.799702],[26.681943,47.799508],[26.681347,47.799568],[26.681475,47.799674],[26.68153,47.799739],[26.681622,47.799864],[26.6817,47.799993],[26.681878,47.800004],[26.681901,47.799887],[26.681904,47.799783]]]}},{"type":"Feature","properties":{"nr":null},"geometry":{"type":"Polygon","coordinates":[[[26.695952,47.800355],[26.696373,47.800168],[26.695264,47.799442],[26.694951,47.799618],[26.695952,47.800355]]]}},{"type":"Feature","properties":{"nr":null},"geometry":{"type":"Polygon","coordinates":[[[26.691428,47.802886],[26.68837,47.800006],[26.688158,47.800099],[26.691215,47.802979],[26.691428,47.802886]]]}},{"type":"Feature","properties":{"nr":null},"geometry":{"type":"Polygon","coordinates":[[[26.684462,47.801752],[26.684034,47.801407],[26.683762,47.80117],[26.683476,47.801318],[26.683622,47.801481],[26.683307,47.801631],[26.683744,47.80207],[26.684462,47.801752]]]}},{"type":"Feature","properties":{"nr":null},"geometry":{"type":"Polygon","coordinates":[[[26.694907,47.807723],[26.694975,47.807681],[26.690423,47.803502],[26.690331,47.803523],[26.694907,47.807723]]]}},{"type":"Feature","properties":{"nr":null},"geometry":{"type":"Polygon","coordinates":[[[26.692942,47.802155],[26.692783,47.802222],[26.697154,47.80625],[26.69728,47.806162],[26.692942,47.802155]]]}},{"type":"Feature","properties":{"nr":null},"geometry":{"type":"Polygon","coordinates":[[[26.694352,47.808104],[26.694521,47.808001],[26.689849,47.803638],[26.689639,47.803703],[26.694352,47.808104]]]}},{"type":"Feature","properties":{"nr":null},"geometry":{"type":"Polygon","coordinates":[[[26.67538,47.804195],[26.675265,47.804257],[26.680967,47.809613],[26.681082,47.809551],[26.67538,47.804195]]]}},{"type":"Feature","properties":{"nr":null},"geometry":{"type":"Polygon","coordinates":[[[26.667946,47.805663],[26.667998,47.805634],[26.667676,47.805328],[26.667615,47.805366],[26.667872,47.80561],[26.667882,47.805605],[26.667946,47.805663]]]}},{"type":"Feature","properties":{"nr":null},"geometry":{"type":"Polygon","coordinates":[[[26.683578,47.808244],[26.683749,47.808128],[26.67781,47.802801],[26.677599,47.802897],[26.683578,47.808244]]]}},{"type":"Feature","properties":{"nr":null},"geometry":{"type":"Polygon","coordinates":[[[26.678882,47.811257],[26.672931,47.805658],[26.672923,47.805664],[26.678874,47.811262],[26.678882,47.811257]]]}},{"type":"Feature","properties":{"nr":null},"geometry":{"type":"Polygon","coordinates":[[[26.675931,47.803842],[26.675877,47.803873],[26.681936,47.809297],[26.682006,47.809262],[26.679866,47.807367],[26.677039,47.804844],[26.675931,47.803842]]]}},{"type":"Feature","properties":{"nr":null},"geometry":{"type":"Polygon","coordinates":[[[26.675352,47.799979],[26.675787,47.80045],[26.676213,47.8003],[26.675899,47.799996],[26.675842,47.80002],[26.675676,47.799854],[26.675352,47.799979]]]}},{"type":"Feature","properties":{"nr":null},"geometry":{"type":"Polygon","coordinates":[[[26.694829,47.80056],[26.694298,47.800113],[26.693755,47.800376],[26.694752,47.801099],[26.694871,47.801028],[26.694955,47.801004],[26.695125,47.800831],[26.694829,47.80056]]]}},{"type":"Feature","properties":{"nr":null},"geometry":{"type":"Polygon","coordinates":[[[26.671664,47.803214],[26.671833,47.803221],[26.672,47.803146],[26.672165,47.803042],[26.671594,47.802698],[26.671329,47.803053],[26.671664,47.803214]]]}},{"type":"Feature","properties":{"nr":null},"geometry":{"type":"Polygon","coordinates":[[[26.672554,47.804867],[26.672776,47.804735],[26.671537,47.803625],[26.671388,47.803857],[26.672554,47.804867]]]}},{"type":"Feature","properties":{"nr":null},"geometry":{"type":"Polygon","coordinates":[[[26.675176,47.800052],[26.67508,47.800111],[26.675441,47.800501],[26.675567,47.800435],[26.675629,47.800471],[26.675722,47.800413],[26.675337,47.799985],[26.675176,47.800052]]]}},{"type":"Feature","properties":{"nr":null},"geometry":{"type":"Polygon","coordinates":[[[26.670102,47.801643],[26.670118,47.801634],[26.67037,47.801582],[26.670514,47.801573],[26.670266,47.801257],[26.669834,47.801509],[26.669631,47.801611],[26.669719,47.801715],[26.670102,47.801643]]]}},{"type":"Feature","properties":{"nr":null},"geometry":{"type":"Polygon","coordinates":[[[26.669313,47.805175],[26.669329,47.805098],[26.668751,47.805029],[26.668395,47.804883],[26.668063,47.804623],[26.66833,47.804909],[26.668737,47.805102],[26.669313,47.805175]]]}},{"type":"Feature","properties":{"nr":null},"geometry":{"type":"Polygon","coordinates":[[[26.650289,47.804317],[26.650585,47.804164],[26.647955,47.801851],[26.647658,47.802004],[26.650289,47.804317]]]}},{"type":"Feature","properties":{"nr":null},"geometry":{"type":"Polygon","coordinates":[[[26.674741,47.801972],[26.67496,47.801926],[26.675093,47.801843],[26.675095,47.801721],[26.675041,47.801628],[26.675085,47.801579],[26.674528,47.801562],[26.673961,47.80178],[26.673994,47.801959],[26.674741,47.801972]]]}},{"type":"Feature","properties":{"nr":null},"geometry":{"type":"Polygon","coordinates":[[[26.691295,47.797863],[26.692165,47.798112],[26.693029,47.798335],[26.693396,47.798446],[26.69351,47.798476],[26.693694,47.798504],[26.693959,47.798574],[26.694482,47.798577],[26.695392,47.798368],[26.695448,47.798368],[26.695911,47.798272],[26.696284,47.79826],[26.696531,47.798258],[26.698971,47.79864],[26.69905,47.79853],[26.69771,47.798282],[26.696942,47.798175],[26.69669,47.79812],[26.696413,47.798081],[26.695926,47.798049],[26.69543,47.798108],[26.695275,47.798151],[26.694495,47.798335],[26.694118,47.79841],[26.693857,47.79836],[26.692323,47.798006],[26.692007,47.797916],[26.691138,47.797637],[26.690946,47.797688],[26.690357,47.797944],[26.689822,47.798265],[26.689339,47.798494],[26.689102,47.798555],[26.688895,47.798595],[26.688506,47.798619],[26.687341,47.798614],[26.68715,47.798558],[26.686882,47.798435],[26.686514,47.798235],[26.68594,47.798041],[26.685824,47.797958],[26.685523,47.79749],[26.685331,47.797238],[26.685312,47.797245],[26.685113,47.796988],[26.684876,47.797038],[26.684776,47.797077],[26.684609,47.797158],[26.6844,47.797229],[26.684118,47.797349],[26.683803,47.797508],[26.683282,47.797698],[26.683096,47.797758],[26.682922,47.797798],[26.682761,47.797826],[26.682668,47.797833],[26.682464,47.797827],[26.682158,47.797785],[26.682056,47.79779],[26.68152,47.797858],[26.68141,47.797859],[26.680959,47.797942],[26.680343,47.798164],[26.679874,47.798264],[26.679475,47.798249],[26.67901,47.798216],[26.678989,47.798209],[26.678649,47.798288],[26.678218,47.7984],[26.678096,47.798441],[26.677686,47.798726],[26.677591,47.798805],[26.677557,47.798925],[26.677552,47.798975],[26.677525,47.799049],[26.677458,47.799104],[26.675475,47.799819],[26.675123,47.799979],[26.674892,47.800097],[26.674191,47.80052],[26.674076,47.800576],[26.673637,47.800752],[26.672856,47.801012],[26.672768,47.801048],[26.672635,47.801156],[26.672527,47.801296],[26.672458,47.801367],[26.672331,47.801466],[26.671766,47.801665],[26.67139,47.801661],[26.671174,47.801646],[26.67073,47.801572],[26.670514,47.801573],[26.67037,47.801582],[26.670102,47.801643],[26.669615,47.801736],[26.669669,47.801843],[26.669695,47.801875],[26.670142,47.801731],[26.670311,47.801691],[26.670449,47.801673],[26.670711,47.801665],[26.671032,47.80171],[26.671171,47.801741],[26.671247,47.80175],[26.671811,47.80175],[26.671891,47.801811],[26.672079,47.801691],[26.672413,47.801549],[26.67258,47.80146],[26.672646,47.801349],[26.672824,47.801162],[26.672956,47.801091],[26.673365,47.800965],[26.673883,47.800781],[26.674194,47.80065],[26.67457,47.800473],[26.674631,47.800423],[26.67508,47.800111],[26.675176,47.800052],[26.675669,47.799856],[26.676172,47.799685],[26.676386,47.799592],[26.677458,47.799234],[26.677558,47.799212],[26.677678,47.799083],[26.677752,47.798831],[26.67781,47.798784],[26.678217,47.798521],[26.67854,47.798414],[26.678701,47.798369],[26.678933,47.798319],[26.679253,47.798328],[26.679505,47.798359],[26.679804,47.798376],[26.680333,47.798271],[26.6808,47.798108],[26.681114,47.798018],[26.681578,47.797934],[26.682014,47.797893],[26.682136,47.797893],[26.682529,47.797947],[26.682709,47.79793],[26.683198,47.79783],[26.684101,47.797512],[26.684255,47.797415],[26.685,47.797132],[26.685064,47.797148],[26.685138,47.797207],[26.685445,47.797589],[26.685602,47.797828],[26.68571,47.798017],[26.685816,47.798092],[26.685966,47.798152],[26.686366,47.798281],[26.687177,47.798659],[26.687387,47.798743],[26.68769,47.798694],[26.688067,47.798711],[26.6885,47.798713],[26.688772,47.798701],[26.689207,47.798634],[26.689377,47.798585],[26.68974,47.798424],[26.690479,47.797992],[26.690897,47.797832],[26.691295,47.797863]]]}},{"type":"Feature","properties":{"nr":null},"geometry":{"type":"Polygon","coordinates":[[[26.660845,47.806194],[26.66119,47.805924],[26.661968,47.805589],[26.662629,47.805417],[26.663822,47.804775],[26.665172,47.803852],[26.665619,47.803702],[26.666071,47.803702],[26.666982,47.80317],[26.667937,47.802547],[26.668526,47.801594],[26.668612,47.801295],[26.668366,47.801049],[26.66795,47.800885],[26.66494,47.801018],[26.664018,47.801596],[26.663454,47.801936],[26.662923,47.802181],[26.662541,47.802289],[26.662181,47.802278],[26.661967,47.80233],[26.660126,47.80347],[26.657859,47.804806],[26.658043,47.804938],[26.657813,47.805415],[26.657245,47.806009],[26.65932,47.807008],[26.660069,47.806442],[26.660845,47.806194]]]}},{"type":"Feature","properties":{"nr":null},"geometry":{"type":"Polygon","coordinates":[[[26.673775,47.801439],[26.673963,47.80178],[26.674531,47.801561],[26.674362,47.80118],[26.673861,47.801307],[26.673775,47.801439]]]}},{"type":"Feature","properties":{"nr":null},"geometry":{"type":"Polygon","coordinates":[[[26.668302,47.805889],[26.668778,47.805592],[26.668411,47.805314],[26.667984,47.805621],[26.668302,47.805889]]]}},{"type":"Feature","properties":{"nr":null},"geometry":{"type":"Polygon","coordinates":[[[26.671517,47.804904],[26.671674,47.804788],[26.671066,47.804378],[26.670962,47.804485],[26.671517,47.804904]]]}},{"type":"Feature","properties":{"nr":null},"geometry":{"type":"Polygon","coordinates":[[[26.672079,47.800067],[26.671809,47.800119],[26.671489,47.800244],[26.671381,47.800301],[26.6714,47.800382],[26.671911,47.800447],[26.672237,47.800399],[26.672079,47.800067]]]}},{"type":"Feature","properties":{"nr":null},"geometry":{"type":"Polygon","coordinates":[[[26.653593,47.807369],[26.649967,47.804573],[26.649735,47.804709],[26.653334,47.807484],[26.653593,47.807369]]]}},{"type":"Feature","properties":{"nr":null},"geometry":{"type":"Polygon","coordinates":[[[26.653064,47.802787],[26.65286,47.802914],[26.656615,47.805645],[26.656819,47.805518],[26.653064,47.802787]]]}},{"type":"Feature","properties":{"nr":null},"geometry":{"type":"Polygon","coordinates":[[[26.673497,47.805346],[26.67754,47.808946],[26.677991,47.809479],[26.679243,47.81075],[26.679305,47.810722],[26.678054,47.809452],[26.677595,47.808911],[26.673553,47.805313],[26.673497,47.805346]]]}},{"type":"Feature","properties":{"nr":null},"geometry":{"type":"Polygon","coordinates":[[[26.685419,47.799885],[26.685047,47.800001],[26.684978,47.800037],[26.684959,47.800071],[26.685005,47.800116],[26.68549,47.800353],[26.685806,47.800175],[26.685419,47.799885]]]}},{"type":"Feature","properties":{"nr":null},"geometry":{"type":"Polygon","coordinates":[[[26.673795,47.802446],[26.673602,47.80208],[26.673578,47.802058],[26.673527,47.802027],[26.673376,47.801981],[26.673278,47.802021],[26.673223,47.802068],[26.673153,47.802165],[26.672996,47.802255],[26.673082,47.802338],[26.673233,47.802534],[26.673421,47.802535],[26.673795,47.802446]]]}},{"type":"Feature","properties":{"nr":null},"geometry":{"type":"Polygon","coordinates":[[[26.68422,47.800463],[26.684825,47.800852],[26.684982,47.800749],[26.684355,47.800332],[26.684313,47.800368],[26.68432,47.800376],[26.68422,47.800463]]]}},{"type":"Feature","properties":{"nr":null},"geometry":{"type":"Polygon","coordinates":[[[26.685031,47.800764],[26.685138,47.800683],[26.685454,47.800392],[26.685205,47.800262],[26.684981,47.800162],[26.684866,47.800088],[26.684673,47.800176],[26.684407,47.800366],[26.685031,47.800764]]]}},{"type":"Feature","properties":{"nr":null},"geometry":{"type":"Polygon","coordinates":[[[26.669499,47.802007],[26.669213,47.802094],[26.668809,47.802281],[26.668984,47.802434],[26.669337,47.802709],[26.669518,47.802619],[26.669547,47.802321],[26.669547,47.802157],[26.669536,47.802104],[26.669499,47.802007]]]}},{"type":"Feature","properties":{"nr":null},"geometry":{"type":"Polygon","coordinates":[[[26.667748,47.803795],[26.667348,47.803888],[26.667305,47.803837],[26.666762,47.803996],[26.666836,47.804211],[26.667501,47.804013],[26.66779,47.803905],[26.667847,47.803875],[26.667748,47.803795]]]}},{"type":"Feature","properties":{"nr":null},"geometry":{"type":"Polygon","coordinates":[[[26.692308,47.802319],[26.692526,47.802226],[26.691897,47.801648],[26.69169,47.80175],[26.692308,47.802319]]]}},{"type":"Feature","properties":{"nr":null},"geometry":{"type":"Polygon","coordinates":[[[26.672757,47.801782],[26.672559,47.80153],[26.672573,47.801525],[26.672542,47.801497],[26.672424,47.801552],[26.672623,47.801812],[26.672757,47.801782]]]}},{"type":"Feature","properties":{"nr":null},"geometry":{"type":"Polygon","coordinates":[[[26.672986,47.801635],[26.672795,47.801483],[26.672731,47.801454],[26.672629,47.801458],[26.672542,47.801497],[26.672573,47.801525],[26.672559,47.80153],[26.672757,47.801782],[26.672859,47.80176],[26.673006,47.801695],[26.672986,47.801635]]]}},{"type":"Feature","properties":{"nr":null},"geometry":{"type":"Polygon","coordinates":[[[26.666295,47.805083],[26.666324,47.805216],[26.666328,47.805292],[26.666376,47.805433],[26.666416,47.805506],[26.666453,47.805556],[26.666486,47.805586],[26.6668,47.8054],[26.666982,47.805332],[26.666835,47.805168],[26.666728,47.805065],[26.666698,47.805023],[26.666683,47.804981],[26.666295,47.805083]]]}},{"type":"Feature","properties":{"nr":null},"geometry":{"type":"Polygon","coordinates":[[[26.670186,47.802978],[26.670552,47.802768],[26.67038,47.802666],[26.670032,47.802878],[26.670186,47.802978]]]}},{"type":"Feature","properties":{"nr":null},"geometry":{"type":"Polygon","coordinates":[[[26.670032,47.802878],[26.67038,47.802666],[26.670291,47.802614],[26.670039,47.802424],[26.669936,47.802404],[26.669749,47.802434],[26.669731,47.802768],[26.669861,47.802769],[26.670032,47.802878]]]}},{"type":"Feature","properties":{"nr":null},"geometry":{"type":"Polygon","coordinates":[[[26.695695,47.807237],[26.692766,47.804578],[26.692687,47.804628],[26.695616,47.807287],[26.695695,47.807237]]]}},{"type":"Feature","properties":{"nr":null},"geometry":{"type":"Polygon","coordinates":[[[26.66728,47.806635],[26.66769,47.806369],[26.667661,47.806327],[26.667576,47.80614],[26.667053,47.80636],[26.667122,47.806455],[26.66728,47.806635]]]}},{"type":"Feature","properties":{"nr":null},"geometry":{"type":"Polygon","coordinates":[[[26.691124,47.803007],[26.688067,47.800127],[26.68794,47.800184],[26.690997,47.803064],[26.691124,47.803007]]]}},{"type":"Feature","properties":{"nr":null},"geometry":{"type":"Polygon","coordinates":[[[26.649538,47.804832],[26.653057,47.807545],[26.65332,47.807473],[26.649735,47.804709],[26.649538,47.804832]]]}},{"type":"Feature","properties":{"nr":null},"geometry":{"type":"Polygon","coordinates":[[[26.674971,47.804437],[26.674918,47.804465],[26.680181,47.809214],[26.680241,47.809193],[26.674971,47.804437]]]}},{"type":"Feature","properties":{"nr":null},"geometry":{"type":"Polygon","coordinates":[[[26.67889,47.802322],[26.68462,47.807455],[26.684786,47.807342],[26.67907,47.802222],[26.67889,47.802322]]]}},{"type":"Feature","properties":{"nr":null},"geometry":{"type":"Polygon","coordinates":[[[26.67907,47.802222],[26.684786,47.807342],[26.684861,47.807291],[26.679154,47.802179],[26.67907,47.802222]]]}},{"type":"Feature","properties":{"nr":null},"geometry":{"type":"Polygon","coordinates":[[[26.668814,47.802285],[26.668578,47.802453],[26.668254,47.802701],[26.668274,47.802744],[26.668403,47.802837],[26.66883,47.803057],[26.66899,47.802927],[26.669123,47.802858],[26.669335,47.802708],[26.668984,47.802434],[26.668814,47.802285]]]}},{"type":"Feature","properties":{"nr":null},"geometry":{"type":"Polygon","coordinates":[[[26.676711,47.80328],[26.676804,47.803239],[26.676732,47.803199],[26.676424,47.802939],[26.676433,47.802898],[26.676745,47.802698],[26.676772,47.802618],[26.676758,47.80235],[26.676824,47.802093],[26.676957,47.801755],[26.67708,47.801408],[26.677187,47.801215],[26.677467,47.800839],[26.677637,47.800534],[26.677852,47.800256],[26.677905,47.800251],[26.677724,47.800181],[26.677708,47.800264],[26.677514,47.800532],[26.67728,47.800941],[26.677104,47.801207],[26.676998,47.801388],[26.67689,47.801711],[26.676748,47.802069],[26.676681,47.802288],[26.676651,47.802473],[26.676671,47.802613],[26.676593,47.80272],[26.676345,47.8029],[26.676355,47.802964],[26.676649,47.803203],[26.676711,47.80328]]]}},{"type":"Feature","properties":{"nr":null},"geometry":{"type":"Polygon","coordinates":[[[26.686265,47.800907],[26.685725,47.800556],[26.685498,47.800418],[26.68535,47.800557],[26.686083,47.801002],[26.686265,47.800907]]]}},{"type":"Feature","properties":{"nr":null},"geometry":{"type":"Polygon","coordinates":[[[26.68535,47.800557],[26.685178,47.8007],[26.685863,47.801107],[26.686083,47.801002],[26.68535,47.800557]]]}},{"type":"Feature","properties":{"nr":null},"geometry":{"type":"Polygon","coordinates":[[[26.667319,47.804984],[26.667084,47.805074],[26.666838,47.805167],[26.667008,47.805328],[26.66704,47.805319],[26.667192,47.805313],[26.667334,47.805319],[26.667319,47.804984]]]}},{"type":"Feature","properties":{"nr":null},"geometry":{"type":"Polygon","coordinates":[[[26.678675,47.800062],[26.678845,47.800038],[26.679163,47.800042],[26.67941,47.800024],[26.679358,47.79988],[26.679307,47.799667],[26.678749,47.799638],[26.678675,47.800062]]]}},{"type":"Feature","properties":{"nr":null},"geometry":{"type":"Polygon","coordinates":[[[26.679453,47.800019],[26.679163,47.800042],[26.678845,47.800038],[26.678675,47.800062],[26.678661,47.800091],[26.678664,47.800163],[26.678743,47.80037],[26.67878,47.800436],[26.678807,47.800466],[26.67882,47.800498],[26.679119,47.800462],[26.679308,47.800428],[26.679608,47.800353],[26.679453,47.800019]]]}},{"type":"Feature","properties":{"nr":null},"geometry":{"type":"Polygon","coordinates":[[[26.672826,47.805751],[26.678794,47.811312],[26.678837,47.811267],[26.6729,47.805703],[26.672826,47.805751]]]}},{"type":"Feature","properties":{"nr":null},"geometry":{"type":"Polygon","coordinates":[[[26.675631,47.802349],[26.675324,47.802486],[26.676056,47.803141],[26.676161,47.802969],[26.676301,47.802903],[26.675631,47.802349]]]}},{"type":"Feature","properties":{"nr":null},"geometry":{"type":"Polygon","coordinates":[[[26.66226,47.806538],[26.662586,47.806297],[26.662582,47.806279],[26.662288,47.80599],[26.662003,47.806155],[26.661946,47.806198],[26.661588,47.806401],[26.661946,47.806756],[26.66226,47.806538]]]}},{"type":"Feature","properties":{"nr":null},"geometry":{"type":"Polygon","coordinates":[[[26.674198,47.800517],[26.674488,47.800345],[26.67444,47.800315],[26.6743,47.800349],[26.674183,47.800367],[26.673845,47.800387],[26.673377,47.800391],[26.673125,47.800374],[26.672989,47.800345],[26.672722,47.800323],[26.672243,47.80041],[26.671921,47.80046],[26.671424,47.800398],[26.671248,47.800392],[26.670499,47.800285],[26.670433,47.800285],[26.670426,47.80035],[26.67081,47.800439],[26.67105,47.800452],[26.671738,47.800515],[26.672121,47.800511],[26.672505,47.800426],[26.672676,47.800404],[26.67289,47.800408],[26.673191,47.800451],[26.673319,47.800461],[26.674151,47.800455],[26.674198,47.800517]]]}},{"type":"Feature","properties":{"nr":null},"geometry":{"type":"Polygon","coordinates":[[[26.686931,47.800646],[26.686862,47.800679],[26.689926,47.803531],[26.690003,47.803505],[26.686931,47.800646]]]}},{"type":"Feature","properties":{"nr":null},"geometry":{"type":"Polygon","coordinates":[[[26.683224,47.800584],[26.683349,47.800826],[26.683859,47.800537],[26.683725,47.800269],[26.683403,47.800251],[26.683111,47.80022],[26.683177,47.800457],[26.683224,47.800584]]]}},{"type":"Feature","properties":{"nr":null},"geometry":{"type":"Polygon","coordinates":[[[26.65531,47.801332],[26.655086,47.801174],[26.654966,47.801152],[26.654822,47.801142],[26.653904,47.801553],[26.653346,47.801226],[26.653101,47.801134],[26.652764,47.801073],[26.654196,47.802061],[26.654875,47.801588],[26.655192,47.801392],[26.65531,47.801332]]]}},{"type":"Feature","properties":{"nr":null},"geometry":{"type":"Polygon","coordinates":[[[26.667691,47.806368],[26.667771,47.806318],[26.667635,47.806021],[26.667599,47.805911],[26.667609,47.805906],[26.667584,47.805802],[26.667513,47.805634],[26.667474,47.805513],[26.667456,47.805413],[26.667427,47.804968],[26.667431,47.804927],[26.66739,47.804801],[26.667324,47.804722],[26.667126,47.804566],[26.667073,47.804515],[26.66705,47.80451],[26.667014,47.804483],[26.666886,47.804334],[26.666847,47.80426],[26.666763,47.803995],[26.666712,47.803863],[26.666691,47.803794],[26.666696,47.803779],[26.666665,47.8037],[26.666552,47.803721],[26.666761,47.804338],[26.666806,47.804394],[26.666992,47.80457],[26.667227,47.804744],[26.667299,47.804813],[26.667333,47.804885],[26.667364,47.805318],[26.667346,47.80532],[26.667366,47.805538],[26.667513,47.805918],[26.667576,47.80614],[26.667643,47.806287],[26.667691,47.806368]]]}},{"type":"Feature","properties":{"nr":null},"geometry":{"type":"Polygon","coordinates":[[[26.676068,47.799719],[26.676399,47.79984],[26.676427,47.799822],[26.676489,47.799815],[26.67654,47.799822],[26.676647,47.799813],[26.676933,47.799851],[26.677232,47.799943],[26.677662,47.800115],[26.677724,47.800181],[26.677905,47.800251],[26.677966,47.800257],[26.678012,47.800275],[26.678063,47.800301],[26.67813,47.800356],[26.678271,47.80043],[26.678351,47.800502],[26.678497,47.800557],[26.678692,47.800608],[26.678738,47.800593],[26.679251,47.800515],[26.679501,47.800467],[26.680297,47.800194],[26.680538,47.800119],[26.680767,47.800066],[26.681118,47.800032],[26.681413,47.800048],[26.681778,47.800084],[26.682237,47.800114],[26.682718,47.800164],[26.682802,47.800164],[26.682979,47.800182],[26.683111,47.800217],[26.683222,47.800232],[26.683726,47.800269],[26.683715,47.800212],[26.683414,47.800201],[26.68323,47.800184],[26.682824,47.800089],[26.682413,47.80005],[26.681995,47.800021],[26.681877,47.800004],[26.680991,47.799965],[26.68068,47.8],[26.680424,47.800069],[26.680187,47.800138],[26.680083,47.80019],[26.67976,47.800307],[26.679609,47.800353],[26.679301,47.800428],[26.679119,47.800461],[26.678749,47.800507],[26.678633,47.800512],[26.678507,47.800472],[26.678246,47.800332],[26.678018,47.800159],[26.67793,47.800108],[26.677771,47.80004],[26.677652,47.799974],[26.677022,47.799813],[26.676761,47.799775],[26.676656,47.799778],[26.676438,47.799764],[26.676287,47.799724],[26.676178,47.799683],[26.676068,47.799719]]]}},{"type":"Feature","properties":{"nr":null},"geometry":{"type":"Polygon","coordinates":[[[26.666752,47.804355],[26.666664,47.804408],[26.666501,47.804485],[26.666184,47.804601],[26.666179,47.804634],[26.666159,47.80467],[26.666124,47.804794],[26.666132,47.8049],[26.666302,47.805461],[26.666504,47.805701],[26.666769,47.805999],[26.666775,47.805998],[26.666865,47.806153],[26.666921,47.806276],[26.667035,47.806432],[26.667229,47.806673],[26.667279,47.806635],[26.667048,47.806362],[26.667055,47.806359],[26.66695,47.806185],[26.666926,47.806101],[26.66673,47.805849],[26.666453,47.805556],[26.666393,47.805465],[26.666346,47.805356],[26.666328,47.805292],[26.666324,47.805216],[26.666294,47.805084],[26.6662,47.804845],[26.6662,47.804809],[26.666225,47.80469],[26.666291,47.80465],[26.666456,47.804575],[26.666452,47.804565],[26.666612,47.80448],[26.666771,47.804402],[26.666806,47.804394],[26.666761,47.804338],[26.666752,47.804355]]]}},{"type":"Feature","properties":{"nr":null},"geometry":{"type":"Polygon","coordinates":[[[26.673071,47.800119],[26.673217,47.80005],[26.673034,47.7999],[26.672949,47.799844],[26.672529,47.799963],[26.672722,47.800323],[26.672989,47.800345],[26.673125,47.800374],[26.673071,47.800119]]]}},{"type":"Feature","properties":{"nr":null},"geometry":{"type":"Polygon","coordinates":[[[26.669673,47.803297],[26.669666,47.803455],[26.669933,47.803506],[26.669951,47.803441],[26.669968,47.803314],[26.669673,47.803297]]]}},{"type":"Feature","properties":{"nr":null},"geometry":{"type":"Polygon","coordinates":[[[26.670315,47.803612],[26.669948,47.804022],[26.670356,47.804257],[26.670706,47.803876],[26.670578,47.803806],[26.670315,47.803612]]]}},{"type":"Feature","properties":{"nr":null},"geometry":{"type":"Polygon","coordinates":[[[26.690003,47.803505],[26.690066,47.803487],[26.68699,47.800623],[26.686931,47.800646],[26.690003,47.803505]]]}},{"type":"Feature","properties":{"nr":null},"geometry":{"type":"Polygon","coordinates":[[[26.68617,47.799672],[26.685945,47.799743],[26.687109,47.800524],[26.687324,47.800441],[26.68617,47.799672]]]}},{"type":"Feature","properties":{"nr":null},"geometry":{"type":"Polygon","coordinates":[[[26.695819,47.80715],[26.695846,47.807132],[26.691419,47.802994],[26.691384,47.803009],[26.695819,47.80715]]]}},{"type":"Feature","properties":{"nr":null},"geometry":{"type":"Polygon","coordinates":[[[26.653546,47.802497],[26.653833,47.802321],[26.652117,47.80115],[26.651844,47.801274],[26.653546,47.802497]]]}},{"type":"Feature","properties":{"nr":null},"geometry":{"type":"Polygon","coordinates":[[[26.66537,47.807843],[26.665448,47.807783],[26.665146,47.807484],[26.664848,47.80722],[26.664665,47.806917],[26.664578,47.806732],[26.664683,47.806701],[26.66462,47.806677],[26.664579,47.806641],[26.664573,47.806409],[26.664583,47.806292],[26.664564,47.805947],[26.66457,47.805945],[26.664541,47.805717],[26.664547,47.80563],[26.664577,47.805559],[26.664704,47.805434],[26.664835,47.805319],[26.66482,47.805288],[26.664825,47.805285],[26.664804,47.80518],[26.664767,47.805046],[26.664651,47.804931],[26.66453,47.804776],[26.664437,47.8048],[26.664474,47.804836],[26.664468,47.804848],[26.664662,47.805115],[26.664686,47.8052],[26.664692,47.805254],[26.664683,47.805289],[26.664433,47.805594],[26.664476,47.806415],[26.664454,47.806453],[26.664477,47.806636],[26.664522,47.806823],[26.664743,47.80724],[26.66479,47.807287],[26.664814,47.80729],[26.664908,47.807367],[26.665101,47.807543],[26.66537,47.807843]]]}},{"type":"Feature","properties":{"nr":null},"geometry":{"type":"Polygon","coordinates":[[[26.669542,47.805073],[26.669719,47.805003],[26.670183,47.804559],[26.670604,47.804133],[26.671014,47.803646],[26.671124,47.803464],[26.671316,47.803103],[26.671333,47.803041],[26.671372,47.802975],[26.671512,47.802808],[26.671615,47.802706],[26.671609,47.802704],[26.671793,47.80244],[26.671787,47.802422],[26.671795,47.802403],[26.671897,47.802297],[26.671957,47.802258],[26.672017,47.802241],[26.671953,47.802086],[26.671938,47.801816],[26.671859,47.801825],[26.671874,47.801891],[26.671868,47.801971],[26.671875,47.802087],[26.671865,47.802142],[26.671821,47.802246],[26.671622,47.802531],[26.671634,47.802537],[26.671448,47.802764],[26.671191,47.803118],[26.67118,47.803189],[26.670996,47.803499],[26.670853,47.803714],[26.670781,47.803804],[26.670195,47.804434],[26.669792,47.80485],[26.66972,47.804918],[26.66963,47.804987],[26.669545,47.805007],[26.669542,47.805073]]]}},{"type":"Feature","properties":{"nr":null},"geometry":{"type":"Polygon","coordinates":[[[26.686846,47.79944],[26.687928,47.800154],[26.688291,47.799967],[26.687591,47.799521],[26.687333,47.799346],[26.68701,47.799396],[26.686846,47.79944]]]}},{"type":"Feature","properties":{"nr":null},"geometry":{"type":"Polygon","coordinates":[[[26.682824,47.800089],[26.683004,47.800136],[26.683018,47.800112],[26.683241,47.799996],[26.683345,47.79993],[26.683403,47.799884],[26.683583,47.799679],[26.683726,47.799559],[26.683868,47.799464],[26.683941,47.799431],[26.684126,47.799228],[26.684165,47.799166],[26.68426,47.799086],[26.684471,47.798969],[26.684702,47.798873],[26.6848,47.798758],[26.684879,47.798704],[26.68501,47.798637],[26.685256,47.798576],[26.68622,47.798383],[26.686444,47.798373],[26.686537,47.798359],[26.686424,47.798308],[26.686112,47.798361],[26.685986,47.798375],[26.685755,47.798423],[26.685465,47.798495],[26.685049,47.798581],[26.685032,47.798574],[26.684904,47.798622],[26.684551,47.798845],[26.684144,47.799034],[26.684058,47.799118],[26.6839,47.799303],[26.683742,47.799429],[26.683543,47.799617],[26.683487,47.799674],[26.683368,47.79983],[26.683263,47.799919],[26.683003,47.800059],[26.682824,47.800089]]]}},{"type":"Feature","properties":{"nr":null},"geometry":{"type":"Polygon","coordinates":[[[26.695708,47.807217],[26.695819,47.80715],[26.693087,47.8046],[26.692984,47.804662],[26.695708,47.807217]]]}},{"type":"Feature","properties":{"nr":null},"geometry":{"type":"Polygon","coordinates":[[[26.693618,47.808588],[26.68864,47.803957],[26.688575,47.803989],[26.693558,47.808624],[26.693618,47.808588]]]}},{"type":"Feature","properties":{"nr":null},"geometry":{"type":"Polygon","coordinates":[[[26.687585,47.800326],[26.687754,47.800239],[26.68664,47.799504],[26.686441,47.799571],[26.687585,47.800326]]]}},{"type":"Feature","properties":{"nr":null},"geometry":{"type":"Polygon","coordinates":[[[26.693768,47.808493],[26.688817,47.803886],[26.68864,47.803957],[26.693618,47.808588],[26.693768,47.808493]]]}},{"type":"Feature","properties":{"nr":null},"geometry":{"type":"Polygon","coordinates":[[[26.669978,47.804754],[26.669719,47.805003],[26.670163,47.805192],[26.670258,47.805242],[26.670153,47.80533],[26.670416,47.805559],[26.670647,47.805328],[26.670381,47.805059],[26.670425,47.804956],[26.669978,47.804754]]]}},{"type":"Feature","properties":{"nr":null},"geometry":{"type":"Polygon","coordinates":[[[26.69435,47.805127],[26.694284,47.805159],[26.696172,47.806902],[26.696229,47.806863],[26.69435,47.805127]]]}},{"type":"Feature","properties":{"nr":null},"geometry":{"type":"Polygon","coordinates":[[[26.675991,47.801245],[26.676358,47.801692],[26.676599,47.801494],[26.676659,47.801379],[26.676663,47.801272],[26.676593,47.801183],[26.676417,47.801081],[26.676123,47.801242],[26.675991,47.801245]]]}},{"type":"Feature","properties":{"nr":null},"geometry":{"type":"Polygon","coordinates":[[[26.670184,47.80456],[26.669978,47.804754],[26.670425,47.804956],[26.670583,47.80474],[26.670184,47.80456]]]}},{"type":"Feature","properties":{"nr":null},"geometry":{"type":"Polygon","coordinates":[[[26.685945,47.799743],[26.685846,47.799774],[26.685817,47.799813],[26.685986,47.799955],[26.686909,47.800583],[26.686951,47.800585],[26.687109,47.800524],[26.685945,47.799743]]]}},{"type":"Feature","properties":{"nr":null},"geometry":{"type":"Polygon","coordinates":[[[26.676117,47.800332],[26.676448,47.800638],[26.676702,47.800834],[26.677068,47.800574],[26.676579,47.800197],[26.676117,47.800332]]]}},{"type":"Feature","properties":{"nr":null},"geometry":{"type":"Polygon","coordinates":[[[26.69527,47.799446],[26.696379,47.800171],[26.696697,47.800025],[26.695546,47.799264],[26.69527,47.799446]]]}},{"type":"Feature","properties":{"nr":null},"geometry":{"type":"Polygon","coordinates":[[[26.669719,47.805003],[26.669542,47.805073],[26.669522,47.805279],[26.669769,47.805463],[26.670468,47.806008],[26.670677,47.805789],[26.670153,47.80533],[26.670258,47.805242],[26.670163,47.805192],[26.669719,47.805003]]]}},{"type":"Feature","properties":{"nr":null},"geometry":{"type":"Polygon","coordinates":[[[26.676192,47.803666],[26.682245,47.809073],[26.682301,47.80905],[26.676243,47.803639],[26.676192,47.803666]]]}},{"type":"Feature","properties":{"nr":null},"geometry":{"type":"Polygon","coordinates":[[[26.684858,47.801541],[26.68438,47.80115],[26.684038,47.80141],[26.684451,47.801743],[26.684858,47.801541]]]}},{"type":"Feature","properties":{"nr":null},"geometry":{"type":"Polygon","coordinates":[[[26.677791,47.800048],[26.678441,47.799887],[26.67848,47.799868],[26.678511,47.79977],[26.677972,47.799745],[26.677681,47.799766],[26.677637,47.799804],[26.677616,47.799837],[26.677625,47.79992],[26.677652,47.799974],[26.677791,47.800048]]]}},{"type":"Feature","properties":{"nr":null},"geometry":{"type":"Polygon","coordinates":[[[26.680242,47.801742],[26.685804,47.80672],[26.685832,47.806698],[26.680281,47.80173],[26.680242,47.801742]]]}},{"type":"Feature","properties":{"nr":null},"geometry":{"type":"Polygon","coordinates":[[[26.647626,47.805966],[26.651403,47.808909],[26.651468,47.808799],[26.647742,47.805896],[26.647626,47.805966]]]}},{"type":"Feature","properties":{"nr":null},"geometry":{"type":"Polygon","coordinates":[[[26.687566,47.804494],[26.687639,47.804454],[26.686553,47.803473],[26.684594,47.801735],[26.684519,47.801772],[26.687566,47.804494]]]}},{"type":"Feature","properties":{"nr":null},"geometry":{"type":"Polygon","coordinates":[[[26.689388,47.803647],[26.686452,47.80088],[26.686334,47.800932],[26.689259,47.803687],[26.689388,47.803647]]]}},{"type":"Feature","properties":{"nr":null},"geometry":{"type":"Polygon","coordinates":[[[26.679651,47.800933],[26.679467,47.800992],[26.680183,47.801662],[26.680344,47.801582],[26.679651,47.800933]]]}},{"type":"Feature","properties":{"nr":null},"geometry":{"type":"Polygon","coordinates":[[[26.686974,47.805548],[26.688686,47.807148],[26.691678,47.809855],[26.691767,47.809801],[26.688783,47.807101],[26.687032,47.805464],[26.686974,47.805548]]]}},{"type":"Feature","properties":{"nr":null},"geometry":{"type":"Polygon","coordinates":[[[26.675923,47.803834],[26.681887,47.809156],[26.682079,47.809026],[26.676125,47.803713],[26.675923,47.803834]]]}},{"type":"Feature","properties":{"nr":null},"geometry":{"type":"Polygon","coordinates":[[[26.666835,47.805168],[26.667057,47.805084],[26.667148,47.80504],[26.667343,47.80497],[26.667333,47.804885],[26.667299,47.804813],[26.667227,47.804744],[26.667086,47.804634],[26.666951,47.804667],[26.666864,47.8047],[26.666757,47.804802],[26.666718,47.804872],[26.66668,47.804958],[26.666698,47.805023],[26.666728,47.805065],[26.666835,47.805168]]]}},{"type":"Feature","properties":{"nr":null},"geometry":{"type":"Polygon","coordinates":[[[26.677503,47.800771],[26.677467,47.800839],[26.67741,47.800918],[26.678188,47.801508],[26.678333,47.801426],[26.677503,47.800771]]]}},{"type":"Feature","properties":{"nr":null},"geometry":{"type":"Polygon","coordinates":[[[26.692766,47.804578],[26.691183,47.803143],[26.691155,47.803158],[26.69274,47.804594],[26.692766,47.804578]]]}},{"type":"Feature","properties":{"nr":null},"geometry":{"type":"Polygon","coordinates":[[[26.679957,47.800863],[26.679713,47.80093],[26.680393,47.801611],[26.68068,47.801587],[26.679957,47.800863]]]}},{"type":"Feature","properties":{"nr":null},"geometry":{"type":"Polygon","coordinates":[[[26.691038,47.803103],[26.687943,47.800187],[26.687851,47.800233],[26.690945,47.803148],[26.691038,47.803103]]]}},{"type":"Feature","properties":{"nr":null},"geometry":{"type":"Polygon","coordinates":[[[26.66213,47.805725],[26.662171,47.805765],[26.662337,47.805734],[26.662598,47.80599],[26.662812,47.805889],[26.662588,47.80548],[26.66213,47.805725]]]}},{"type":"Feature","properties":{"nr":null},"geometry":{"type":"Polygon","coordinates":[[[26.662598,47.80599],[26.662337,47.805734],[26.662171,47.805765],[26.662635,47.806211],[26.662687,47.80623],[26.66292,47.806073],[26.662812,47.805889],[26.662598,47.80599]]]}},{"type":"Feature","properties":{"nr":null},"geometry":{"type":"Polygon","coordinates":[[[26.663182,47.805959],[26.663159,47.805912],[26.663251,47.805711],[26.663432,47.805518],[26.663529,47.805434],[26.6639,47.805182],[26.664437,47.8048],[26.66453,47.804776],[26.664499,47.804714],[26.664579,47.804585],[26.664733,47.804437],[26.664825,47.804366],[26.6651,47.804187],[26.665484,47.803987],[26.665646,47.803929],[26.666185,47.803766],[26.666388,47.803688],[26.666511,47.803624],[26.666552,47.803721],[26.666665,47.8037],[26.66662,47.803568],[26.667027,47.803353],[26.667272,47.803214],[26.667393,47.80313],[26.667789,47.802799],[26.66791,47.802684],[26.668027,47.802545],[26.668307,47.802253],[26.668535,47.802085],[26.668823,47.801895],[26.669048,47.801806],[26.669255,47.801744],[26.669391,47.801728],[26.669376,47.801684],[26.669236,47.801701],[26.669021,47.801764],[26.668783,47.801859],[26.668489,47.802041],[26.668245,47.802225],[26.667918,47.802568],[26.667845,47.802661],[26.667733,47.802774],[26.667343,47.8031],[26.667226,47.803181],[26.666985,47.803318],[26.666351,47.803651],[26.666155,47.803726],[26.665608,47.803885],[26.665446,47.803949],[26.665056,47.804153],[26.664777,47.804335],[26.664681,47.804409],[26.664521,47.804563],[26.664403,47.804733],[26.663843,47.805152],[26.663581,47.805332],[26.663403,47.805467],[26.663208,47.805631],[26.663045,47.805945],[26.66292,47.806073],[26.662586,47.806297],[26.662226,47.806567],[26.661966,47.806774],[26.661984,47.80679],[26.662299,47.806555],[26.662561,47.806371],[26.662662,47.806333],[26.663182,47.805959]]]}},{"type":"Feature","properties":{"nr":null},"geometry":{"type":"Polygon","coordinates":[[[26.674598,47.801062],[26.674204,47.800646],[26.673883,47.800781],[26.674036,47.800946],[26.674169,47.801198],[26.674611,47.801094],[26.674598,47.801062]]]}},{"type":"Feature","properties":{"nr":null},"geometry":{"type":"Polygon","coordinates":[[[26.693128,47.808898],[26.693202,47.808848],[26.688178,47.804213],[26.688104,47.804263],[26.693128,47.808898]]]}},{"type":"Feature","properties":{"nr":null},"geometry":{"type":"Polygon","coordinates":[[[26.693511,47.798479],[26.69331,47.798571],[26.693684,47.798895],[26.694801,47.799815],[26.694691,47.799869],[26.695536,47.800563],[26.695943,47.800348],[26.694694,47.799431],[26.694129,47.79899],[26.693722,47.79866],[26.693511,47.798479]]]}},{"type":"Feature","properties":{"nr":null},"geometry":{"type":"Polygon","coordinates":[[[26.688333,47.804082],[26.68861,47.803902],[26.685564,47.80125],[26.685223,47.801374],[26.688333,47.804082]]]}},{"type":"Feature","properties":{"nr":null},"geometry":{"type":"Polygon","coordinates":[[[26.670213,47.802996],[26.670594,47.80325],[26.670911,47.803083],[26.670995,47.803054],[26.670811,47.802906],[26.670586,47.80278],[26.670213,47.802996]]]}},{"type":"Feature","properties":{"nr":null},"geometry":{"type":"Polygon","coordinates":[[[26.663149,47.801765],[26.663362,47.801897],[26.664571,47.800996],[26.664895,47.800746],[26.664849,47.800708],[26.664618,47.800585],[26.663681,47.801364],[26.663149,47.801765]]]}},{"type":"Feature","properties":{"nr":null},"geometry":{"type":"Polygon","coordinates":[[[26.687931,47.804381],[26.692955,47.809016],[26.693039,47.808959],[26.688015,47.804324],[26.687931,47.804381]]]}},{"type":"Feature","properties":{"nr":null},"geometry":{"type":"Polygon","coordinates":[[[26.672343,47.802274],[26.672449,47.802354],[26.672841,47.802682],[26.67323,47.802529],[26.673082,47.802338],[26.672996,47.802255],[26.672731,47.802093],[26.672636,47.802023],[26.672565,47.802026],[26.672541,47.802116],[26.672343,47.802274]]]}},{"type":"Feature","properties":{"nr":null},"geometry":{"type":"Polygon","coordinates":[[[26.667609,47.805906],[26.667954,47.80567],[26.667882,47.805605],[26.667872,47.80561],[26.667615,47.805366],[26.667468,47.805463],[26.667474,47.805513],[26.667513,47.805634],[26.667584,47.805802],[26.667609,47.805906]]]}},{"type":"Feature","properties":{"nr":null},"geometry":{"type":"Polygon","coordinates":[[[26.667882,47.803846],[26.667893,47.803856],[26.667924,47.803861],[26.667954,47.803851],[26.668102,47.803951],[26.66816,47.804],[26.668199,47.803995],[26.668471,47.803703],[26.668297,47.803578],[26.668213,47.803527],[26.668011,47.803695],[26.667899,47.803815],[26.667882,47.803846]]]}},{"type":"Feature","properties":{"nr":null},"geometry":{"type":"Polygon","coordinates":[[[26.692983,47.804502],[26.691384,47.803009],[26.691277,47.80308],[26.692851,47.804551],[26.692983,47.804502]]]}},{"type":"Feature","properties":{"nr":null},"geometry":{"type":"Polygon","coordinates":[[[26.684937,47.800821],[26.684693,47.800968],[26.685274,47.801321],[26.685567,47.801202],[26.684937,47.800821]]]}},{"type":"Feature","properties":{"nr":null},"geometry":{"type":"Polygon","coordinates":[[[26.681634,47.801832],[26.681486,47.801664],[26.681166,47.801632],[26.681434,47.801919],[26.681634,47.801832]]]}},{"type":"Feature","properties":{"nr":null},"geometry":{"type":"Polygon","coordinates":[[[26.696008,47.802391],[26.696042,47.802502],[26.700705,47.799557],[26.700676,47.799444],[26.696008,47.802391]]]}},{"type":"Feature","properties":{"nr":null},"geometry":{"type":"Polygon","coordinates":[[[26.686833,47.805604],[26.686911,47.805439],[26.68339,47.802231],[26.683157,47.802254],[26.686833,47.805604]]]}},{"type":"Feature","properties":{"nr":null},"geometry":{"type":"Polygon","coordinates":[[[26.673268,47.801638],[26.673347,47.801879],[26.673381,47.801916],[26.673426,47.801945],[26.673514,47.801977],[26.673635,47.801999],[26.673845,47.802003],[26.673707,47.801788],[26.673544,47.801561],[26.673268,47.801638]]]}},{"type":"Feature","properties":{"nr":null},"geometry":{"type":"Polygon","coordinates":[[[26.669287,47.805327],[26.669326,47.805278],[26.669345,47.805171],[26.669046,47.805123],[26.668917,47.805313],[26.668883,47.805338],[26.668936,47.805371],[26.66914,47.805435],[26.669287,47.805327]]]}},{"type":"Feature","properties":{"nr":null},"geometry":{"type":"Polygon","coordinates":[[[26.668826,47.80564],[26.66914,47.805435],[26.668936,47.805371],[26.668883,47.805338],[26.668917,47.805313],[26.669046,47.805123],[26.668828,47.805089],[26.668601,47.805236],[26.668567,47.805269],[26.668478,47.805329],[26.668518,47.805368],[26.668562,47.805396],[26.668595,47.805439],[26.668826,47.80564]]]}},{"type":"Feature","properties":{"nr":null},"geometry":{"type":"Polygon","coordinates":[[[26.672561,47.801731],[26.672419,47.801546],[26.672138,47.801666],[26.672293,47.801752],[26.672428,47.801785],[26.672561,47.801731]]]}},{"type":"Feature","properties":{"nr":null},"geometry":{"type":"Polygon","coordinates":[[[26.696042,47.802502],[26.696119,47.802757],[26.697454,47.801816],[26.700738,47.799785],[26.700737,47.799674],[26.700705,47.799557],[26.696042,47.802502]]]}},{"type":"Feature","properties":{"nr":null},"geometry":{"type":"Polygon","coordinates":[[[26.674989,47.802052],[26.674683,47.802029],[26.674335,47.801975],[26.674334,47.801965],[26.674136,47.801985],[26.673798,47.802005],[26.673635,47.801999],[26.673514,47.801977],[26.673426,47.801945],[26.673381,47.801916],[26.673347,47.801879],[26.673268,47.801638],[26.67317,47.801655],[26.67321,47.801682],[26.673308,47.801922],[26.673378,47.801978],[26.673543,47.802028],[26.673607,47.802075],[26.67366,47.802042],[26.67394,47.802043],[26.674283,47.802014],[26.674495,47.802032],[26.674835,47.802079],[26.674988,47.802083],[26.674989,47.802052]]]}},{"type":"Feature","properties":{"nr":null},"geometry":{"type":"Polygon","coordinates":[[[26.677149,47.802442],[26.676433,47.802898],[26.676424,47.802939],[26.676732,47.803199],[26.676857,47.803216],[26.677618,47.802839],[26.677173,47.802453],[26.677149,47.802442]]]}},{"type":"Feature","properties":{"nr":null},"geometry":{"type":"Polygon","coordinates":[[[26.681771,47.800922],[26.681836,47.800434],[26.681608,47.800437],[26.681602,47.80055],[26.681593,47.800585],[26.681535,47.800736],[26.681483,47.800833],[26.681771,47.800922]]]}},{"type":"Feature","properties":{"nr":null},"geometry":{"type":"Polygon","coordinates":[[[26.688646,47.799801],[26.688492,47.799901],[26.691676,47.802837],[26.691834,47.802742],[26.688646,47.799801]]]}},{"type":"Feature","properties":{"nr":null},"geometry":{"type":"Polygon","coordinates":[[[26.693367,47.801907],[26.690302,47.799042],[26.690202,47.799088],[26.693274,47.80196],[26.693367,47.801907]]]}},{"type":"Feature","properties":{"nr":null},"geometry":{"type":"Polygon","coordinates":[[[26.661519,47.80645],[26.661854,47.806759],[26.662012,47.80692],[26.662453,47.807318],[26.662617,47.807495],[26.662846,47.80772],[26.662954,47.80781],[26.663171,47.808014],[26.663576,47.80842],[26.663783,47.808654],[26.663872,47.808609],[26.663156,47.807872],[26.663143,47.80785],[26.662929,47.807671],[26.662671,47.807428],[26.662554,47.8073],[26.661946,47.806756],[26.661336,47.806165],[26.661244,47.806213],[26.661519,47.80645]]]}},{"type":"Feature","properties":{"nr":null},"geometry":{"type":"Polygon","coordinates":[[[26.66949,47.80545],[26.66928,47.80551],[26.669324,47.805556],[26.669294,47.805913],[26.669188,47.806119],[26.669172,47.806112],[26.668898,47.806464],[26.668667,47.806687],[26.668607,47.80676],[26.668509,47.806947],[26.668429,47.807071],[26.66844,47.807154],[26.668311,47.807398],[26.667585,47.808569],[26.667579,47.808701],[26.667727,47.808691],[26.66773,47.80861],[26.667787,47.808492],[26.667959,47.808177],[26.66827,47.807708],[26.66843,47.807421],[26.668707,47.806864],[26.668804,47.806722],[26.668998,47.806511],[26.669267,47.806189],[26.669346,47.806062],[26.66938,47.806004],[26.669442,47.805819],[26.66949,47.80545]]]}},{"type":"Feature","properties":{"nr":null},"geometry":{"type":"Polygon","coordinates":[[[26.680991,47.801625],[26.686137,47.806333],[26.686177,47.806286],[26.681087,47.801628],[26.680991,47.801625]]]}},{"type":"Feature","properties":{"nr":null},"geometry":{"type":"Polygon","coordinates":[[[26.675211,47.800959],[26.674885,47.800667],[26.674636,47.80042],[26.674575,47.800469],[26.674726,47.800582],[26.674999,47.80081],[26.675155,47.800966],[26.675211,47.800959]]]}},{"type":"Feature","properties":{"nr":null},"geometry":{"type":"Polygon","coordinates":[[[26.685519,47.800355],[26.685041,47.800131],[26.684986,47.800093],[26.68496,47.800063],[26.684963,47.800043],[26.684817,47.800056],[26.684981,47.800162],[26.685205,47.800262],[26.685454,47.800392],[26.685143,47.800679],[26.685178,47.8007],[26.685301,47.800602],[26.685498,47.800418],[26.685519,47.800355]]]}},{"type":"Feature","properties":{"nr":null},"geometry":{"type":"Polygon","coordinates":[[[26.6857,47.799825],[26.686653,47.800469],[26.686812,47.800586],[26.686818,47.800626],[26.686784,47.800676],[26.686967,47.800586],[26.686909,47.800583],[26.685986,47.799955],[26.685817,47.799813],[26.6857,47.799825]]]}},{"type":"Feature","properties":{"nr":null},"geometry":{"type":"Polygon","coordinates":[[[26.690897,47.797832],[26.691094,47.798088],[26.691328,47.798437],[26.691394,47.798517],[26.691498,47.798596],[26.691697,47.798662],[26.692363,47.799137],[26.692473,47.799228],[26.693143,47.799906],[26.693814,47.80051],[26.693866,47.800486],[26.693204,47.799894],[26.692526,47.799233],[26.692399,47.799119],[26.691758,47.798645],[26.691551,47.798532],[26.691426,47.798433],[26.691273,47.798241],[26.691002,47.797837],[26.690897,47.797832]]]}},{"type":"Feature","properties":{"nr":null},"geometry":{"type":"Polygon","coordinates":[[[26.67258,47.80146],[26.672731,47.801454],[26.672795,47.801483],[26.672986,47.801635],[26.67317,47.801655],[26.673268,47.801638],[26.673544,47.801561],[26.673745,47.801466],[26.673795,47.801414],[26.673922,47.801322],[26.674173,47.801247],[26.67459,47.801147],[26.674824,47.801096],[26.674831,47.801101],[26.67493,47.801079],[26.67508,47.801059],[26.675213,47.801061],[26.675283,47.801094],[26.675529,47.801293],[26.675649,47.801312],[26.675811,47.801281],[26.676019,47.801256],[26.676083,47.801269],[26.676147,47.801231],[26.676412,47.801106],[26.676912,47.800751],[26.67748,47.800372],[26.677566,47.800331],[26.677615,47.800331],[26.677647,47.80035],[26.677708,47.800264],[26.677724,47.800181],[26.677707,47.800164],[26.677096,47.800553],[26.676702,47.800834],[26.676328,47.801088],[26.676179,47.801164],[26.676053,47.801196],[26.67578,47.801227],[26.675685,47.801231],[26.675623,47.801221],[26.675514,47.801157],[26.67538,47.801055],[26.675328,47.801042],[26.675211,47.800959],[26.674728,47.801062],[26.674169,47.801198],[26.673833,47.801295],[26.673679,47.801448],[26.673596,47.801495],[26.673359,47.801561],[26.673101,47.801589],[26.673056,47.801584],[26.672746,47.801382],[26.672688,47.801385],[26.67266,47.801352],[26.672646,47.801349],[26.67258,47.80146]]]}},{"type":"Feature","properties":{"nr":null},"geometry":{"type":"Polygon","coordinates":[[[26.66773,47.808621],[26.667728,47.808662],[26.668082,47.808542],[26.668446,47.808367],[26.668929,47.808171],[26.669171,47.808061],[26.669329,47.807975],[26.670094,47.807479],[26.671142,47.806819],[26.673247,47.805469],[26.674306,47.804829],[26.67559,47.80403],[26.676192,47.803666],[26.677223,47.80307],[26.678073,47.802681],[26.67851,47.802505],[26.679154,47.802179],[26.679633,47.801963],[26.680242,47.801742],[26.680554,47.80165],[26.680701,47.801632],[26.680991,47.801625],[26.681421,47.801642],[26.681594,47.801698],[26.681815,47.801818],[26.682273,47.801953],[26.68245,47.802016],[26.682719,47.802145],[26.682939,47.802217],[26.683188,47.802248],[26.683382,47.802229],[26.68351,47.802195],[26.683777,47.802108],[26.684496,47.801779],[26.68524,47.801386],[26.68552,47.801271],[26.685891,47.801137],[26.686555,47.80083],[26.687017,47.800605],[26.687463,47.800425],[26.687616,47.800355],[26.68794,47.800184],[26.68828,47.800033],[26.688646,47.799801],[26.688932,47.799632],[26.689086,47.799551],[26.689429,47.799387],[26.690054,47.799147],[26.690568,47.798921],[26.691166,47.798642],[26.69139,47.798512],[26.691347,47.79846],[26.691319,47.798499],[26.691133,47.798614],[26.690538,47.798891],[26.690026,47.799116],[26.689401,47.799357],[26.689053,47.799523],[26.688918,47.799596],[26.688611,47.799769],[26.688426,47.799895],[26.688247,47.800005],[26.687911,47.800154],[26.687585,47.800326],[26.687324,47.800441],[26.686988,47.800575],[26.686516,47.800804],[26.685863,47.801107],[26.685493,47.80124],[26.68521,47.801356],[26.684462,47.801752],[26.68375,47.802077],[26.683488,47.802162],[26.683368,47.802194],[26.68319,47.802212],[26.682959,47.802184],[26.68275,47.802115],[26.682479,47.801986],[26.682298,47.801921],[26.681843,47.801784],[26.681623,47.801663],[26.681435,47.801606],[26.68099,47.801589],[26.680694,47.801595],[26.680544,47.801614],[26.680218,47.80171],[26.679606,47.801932],[26.679073,47.802174],[26.67848,47.802475],[26.678044,47.802651],[26.677397,47.802944],[26.67719,47.803042],[26.676903,47.803208],[26.676825,47.803245],[26.676804,47.803239],[26.676711,47.80328],[26.676718,47.803312],[26.676641,47.803361],[26.676157,47.803639],[26.675554,47.804003],[26.67427,47.804803],[26.673211,47.805443],[26.67065,47.807083],[26.670057,47.807453],[26.669294,47.807948],[26.66914,47.808032],[26.668901,47.80814],[26.668417,47.808336],[26.668054,47.808512],[26.66773,47.808621]]]}},{"type":"Feature","properties":{"nr":null},"geometry":{"type":"Polygon","coordinates":[[[26.697301,47.805784],[26.698543,47.805105],[26.698341,47.804768],[26.697032,47.805484],[26.697301,47.805784]]]}},{"type":"Feature","properties":{"nr":null},"geometry":{"type":"Polygon","coordinates":[[[26.671257,47.801758],[26.671299,47.801858],[26.671369,47.801965],[26.671435,47.80211],[26.671489,47.802205],[26.671852,47.802176],[26.671875,47.802087],[26.671868,47.801971],[26.671874,47.801891],[26.671859,47.801825],[26.671816,47.801754],[26.671257,47.801758]]]}},{"type":"Feature","properties":{"nr":null},"geometry":{"type":"Polygon","coordinates":[[[26.668797,47.80656],[26.668325,47.806134],[26.668186,47.806222],[26.668674,47.806677],[26.668797,47.80656]]]}},{"type":"Feature","properties":{"nr":null},"geometry":{"type":"Polygon","coordinates":[[[26.675437,47.800471],[26.675104,47.800111],[26.674927,47.800221],[26.675242,47.800564],[26.675437,47.800471]]]}},{"type":"Feature","properties":{"nr":null},"geometry":{"type":"Polygon","coordinates":[[[26.683084,47.800021],[26.683263,47.799919],[26.683294,47.799893],[26.683029,47.799698],[26.682935,47.799636],[26.682921,47.799636],[26.682867,47.799588],[26.682818,47.799538],[26.682722,47.799411],[26.682559,47.79922],[26.682437,47.799295],[26.68242,47.799329],[26.682428,47.799364],[26.682428,47.799469],[26.682598,47.799769],[26.682779,47.799703],[26.682801,47.799721],[26.682893,47.799853],[26.682929,47.79989],[26.683011,47.799948],[26.683084,47.800021]]]}},{"type":"Feature","properties":{"nr":null},"geometry":{"type":"Polygon","coordinates":[[[26.696828,47.806465],[26.69399,47.803901],[26.692324,47.802378],[26.692179,47.802469],[26.693851,47.804043],[26.69666,47.80658],[26.696828,47.806465]]]}},{"type":"Feature","properties":{"nr":null},"geometry":{"type":"Polygon","coordinates":[[[26.667971,47.805152],[26.667762,47.805268],[26.667676,47.805328],[26.668007,47.805642],[26.668391,47.805373],[26.668151,47.805238],[26.667971,47.805152]]]}},{"type":"Feature","properties":{"nr":null},"geometry":{"type":"Polygon","coordinates":[[[26.682182,47.80173],[26.681553,47.801002],[26.681572,47.800883],[26.681541,47.800853],[26.681073,47.800857],[26.681319,47.801184],[26.68191,47.801794],[26.682133,47.801853],[26.682066,47.801776],[26.682182,47.80173]]]}},{"type":"Feature","properties":{"nr":null},"geometry":{"type":"Polygon","coordinates":[[[26.682334,47.801907],[26.682182,47.80173],[26.682066,47.801776],[26.682133,47.801853],[26.682334,47.801907]]]}},{"type":"Feature","properties":{"nr":null},"geometry":{"type":"Polygon","coordinates":[[[26.693711,47.799584],[26.693336,47.799231],[26.692773,47.799473],[26.693204,47.799894],[26.693755,47.800376],[26.694298,47.800113],[26.693752,47.799632],[26.693711,47.799584]]]}},{"type":"Feature","properties":{"nr":null},"geometry":{"type":"Polygon","coordinates":[[[26.672203,47.80248],[26.672085,47.802383],[26.671957,47.802258],[26.671861,47.802328],[26.671795,47.802403],[26.671787,47.802422],[26.671793,47.80244],[26.671944,47.802565],[26.672203,47.80248]]]}},{"type":"Feature","properties":{"nr":null},"geometry":{"type":"Polygon","coordinates":[[[26.671944,47.802565],[26.672407,47.802916],[26.672604,47.802808],[26.672203,47.80248],[26.671944,47.802565]]]}},{"type":"Feature","properties":{"nr":null},"geometry":{"type":"Polygon","coordinates":[[[26.672839,47.80268],[26.672449,47.802354],[26.672337,47.80227],[26.672145,47.802259],[26.672017,47.802241],[26.671957,47.802258],[26.672085,47.802383],[26.672604,47.802808],[26.672839,47.80268]]]}},{"type":"Feature","properties":{"nr":null},"geometry":{"type":"Polygon","coordinates":[[[26.688198,47.803267],[26.688356,47.803206],[26.686037,47.801078],[26.685885,47.801145],[26.688198,47.803267]]]}},{"type":"Feature","properties":{"nr":null},"geometry":{"type":"Polygon","coordinates":[[[26.680246,47.810273],[26.674188,47.8049],[26.674024,47.804998],[26.680078,47.810367],[26.680246,47.810273]]]}},{"type":"Feature","properties":{"nr":null},"geometry":{"type":"Polygon","coordinates":[[[26.668001,47.800507],[26.668357,47.800702],[26.668391,47.800683],[26.668881,47.800506],[26.669265,47.800378],[26.669246,47.800306],[26.669092,47.800311],[26.66853,47.800389],[26.668001,47.800507]]]}},{"type":"Feature","properties":{"nr":null},"geometry":{"type":"Polygon","coordinates":[[[26.647991,47.805735],[26.647874,47.805809],[26.651546,47.80867],[26.651613,47.808557],[26.647991,47.805735]]]}},{"type":"Feature","properties":{"nr":null},"geometry":{"type":"Polygon","coordinates":[[[26.683229,47.800595],[26.683177,47.800457],[26.683109,47.800217],[26.682979,47.800182],[26.682802,47.800164],[26.682804,47.800329],[26.682817,47.800379],[26.682872,47.80039],[26.68288,47.800398],[26.682949,47.800591],[26.68299,47.800674],[26.683229,47.800595]]]}},{"type":"Feature","properties":{"nr":null},"geometry":{"type":"Polygon","coordinates":[[[26.668653,47.800853],[26.66872,47.80082],[26.669035,47.800696],[26.669452,47.800539],[26.669433,47.800499],[26.66932,47.80036],[26.668881,47.800506],[26.668391,47.800683],[26.668357,47.800702],[26.668653,47.800853]]]}},{"type":"Feature","properties":{"nr":null},"geometry":{"type":"Polygon","coordinates":[[[26.663911,47.805098],[26.664401,47.80473],[26.66427,47.804552],[26.663683,47.804892],[26.663759,47.804968],[26.663911,47.805098]]]}},{"type":"Feature","properties":{"nr":null},"geometry":{"type":"Polygon","coordinates":[[[26.676322,47.801091],[26.675957,47.800827],[26.675856,47.800783],[26.67538,47.801055],[26.675514,47.801157],[26.675623,47.801221],[26.675685,47.801231],[26.67578,47.801227],[26.676053,47.801196],[26.676179,47.801164],[26.676322,47.801091]]]}},{"type":"Feature","properties":{"nr":null},"geometry":{"type":"Polygon","coordinates":[[[26.674033,47.804199],[26.674185,47.804118],[26.673647,47.803698],[26.672695,47.802811],[26.672567,47.802881],[26.673515,47.803763],[26.674033,47.804199]]]}},{"type":"Feature","properties":{"nr":null},"geometry":{"type":"Polygon","coordinates":[[[26.678738,47.800593],[26.678692,47.800608],[26.67878,47.800824],[26.67889,47.801144],[26.679357,47.801021],[26.67909,47.800541],[26.678738,47.800593]]]}},{"type":"Feature","properties":{"nr":null},"geometry":{"type":"Polygon","coordinates":[[[26.674189,47.804901],[26.680151,47.810189],[26.680163,47.810182],[26.6742,47.804893],[26.674189,47.804901]]]}},{"type":"Feature","properties":{"nr":null},"geometry":{"type":"Polygon","coordinates":[[[26.669735,47.802134],[26.669716,47.802186],[26.670044,47.802416],[26.670039,47.802424],[26.670291,47.802614],[26.670552,47.802768],[26.670586,47.80278],[26.670811,47.802906],[26.670995,47.803054],[26.67118,47.803189],[26.671191,47.803118],[26.670548,47.802673],[26.670238,47.802481],[26.669735,47.802134]]]}},{"type":"Feature","properties":{"nr":null},"geometry":{"type":"Polygon","coordinates":[[[26.693143,47.799906],[26.692612,47.800197],[26.69286,47.800412],[26.692646,47.800533],[26.693089,47.800951],[26.693532,47.800686],[26.693748,47.80045],[26.693143,47.799906]]]}},{"type":"Feature","properties":{"nr":null},"geometry":{"type":"Polygon","coordinates":[[[26.691767,47.809801],[26.691871,47.809736],[26.687034,47.80536],[26.686989,47.805424],[26.688783,47.807101],[26.691767,47.809801]]]}},{"type":"Feature","properties":{"nr":null},"geometry":{"type":"Polygon","coordinates":[[[26.666499,47.804557],[26.666291,47.80465],[26.666225,47.80469],[26.6662,47.804809],[26.6662,47.804845],[26.666294,47.805083],[26.666683,47.804981],[26.66668,47.804958],[26.666708,47.804895],[26.666499,47.804557]]]}},{"type":"Feature","properties":{"nr":null},"geometry":{"type":"Polygon","coordinates":[[[26.68945,47.799389],[26.692526,47.802226],[26.692655,47.802172],[26.689578,47.799334],[26.68945,47.799389]]]}},{"type":"Feature","properties":{"nr":null},"geometry":{"type":"Polygon","coordinates":[[[26.65928,47.803885],[26.655733,47.801166],[26.655504,47.801288],[26.659065,47.804019],[26.65928,47.803885]]]}},{"type":"Feature","properties":{"nr":null},"geometry":{"type":"Polygon","coordinates":[[[26.681996,47.800399],[26.682325,47.800409],[26.68247,47.800403],[26.68271,47.800357],[26.682728,47.800285],[26.682718,47.800164],[26.682237,47.800114],[26.682006,47.800102],[26.681996,47.800399]]]}},{"type":"Feature","properties":{"nr":null},"geometry":{"type":"Polygon","coordinates":[[[26.682001,47.800473],[26.682008,47.80088],[26.682017,47.800962],[26.682393,47.800952],[26.682363,47.800814],[26.682343,47.800674],[26.682342,47.800581],[26.682283,47.800455],[26.682084,47.800455],[26.682001,47.800473]]]}},{"type":"Feature","properties":{"nr":null},"geometry":{"type":"Polygon","coordinates":[[[26.696119,47.802757],[26.696249,47.803309],[26.696358,47.803687],[26.696421,47.804152],[26.69665,47.804883],[26.696795,47.805225],[26.698109,47.804469],[26.698341,47.804768],[26.698543,47.805105],[26.698552,47.805243],[26.69839,47.80547],[26.697917,47.806629],[26.69811,47.806922],[26.697995,47.807125],[26.697804,47.807314],[26.698039,47.807535],[26.698276,47.807724],[26.698512,47.807616],[26.698749,47.807703],[26.699036,47.808018],[26.699689,47.807765],[26.699885,47.807701],[26.700289,47.807513],[26.702518,47.806577],[26.703519,47.806137],[26.703769,47.806036],[26.704459,47.805796],[26.7047,47.805681],[26.705192,47.805394],[26.705503,47.805265],[26.70457,47.803423],[26.704213,47.802417],[26.703574,47.800933],[26.703176,47.799984],[26.702968,47.799566],[26.702483,47.798373],[26.702023,47.798602],[26.701542,47.798945],[26.701137,47.799049],[26.70045,47.7991],[26.700564,47.799195],[26.700676,47.799444],[26.700737,47.799674],[26.700738,47.799785],[26.697454,47.801816],[26.696119,47.802757]]]}},{"type":"Feature","properties":{"nr":null},"geometry":{"type":"Polygon","coordinates":[[[26.658528,47.804353],[26.658688,47.804248],[26.657504,47.803313],[26.655054,47.801522],[26.654886,47.801622],[26.657378,47.803446],[26.658528,47.804353]]]}},{"type":"Feature","properties":{"nr":null},"geometry":{"type":"Polygon","coordinates":[[[26.666485,47.805586],[26.66673,47.805849],[26.666885,47.806043],[26.666926,47.806101],[26.66695,47.806185],[26.667054,47.806358],[26.667251,47.806269],[26.667165,47.806168],[26.667019,47.80602],[26.666776,47.805678],[26.666627,47.805514],[26.666618,47.805507],[26.666485,47.805586]]]}},{"type":"Feature","properties":{"nr":null},"geometry":{"type":"Polygon","coordinates":[[[26.666238,47.805242],[26.665959,47.805355],[26.665762,47.805431],[26.665914,47.805611],[26.666278,47.805474],[26.666293,47.805436],[26.666238,47.805242]]]}},{"type":"Feature","properties":{"nr":null},"geometry":{"type":"Polygon","coordinates":[[[26.666776,47.805678],[26.667019,47.80602],[26.667165,47.806168],[26.667251,47.806269],[26.667576,47.80614],[26.667492,47.805863],[26.667434,47.805882],[26.667284,47.805953],[26.667159,47.805996],[26.666993,47.805769],[26.666913,47.80564],[26.666776,47.805678]]]}},{"type":"Feature","properties":{"nr":null},"geometry":{"type":"Polygon","coordinates":[[[26.681553,47.801002],[26.682334,47.801907],[26.682522,47.801958],[26.681646,47.800948],[26.681572,47.800883],[26.681553,47.801002]]]}},{"type":"Feature","properties":{"nr":null},"geometry":{"type":"Polygon","coordinates":[[[26.683755,47.802132],[26.687086,47.805121],[26.687216,47.804975],[26.683952,47.802047],[26.683755,47.802132]]]}},{"type":"Feature","properties":{"nr":null},"geometry":{"type":"Polygon","coordinates":[[[26.671729,47.804807],[26.67188,47.80471],[26.671259,47.804212],[26.671246,47.804235],[26.671096,47.804331],[26.671729,47.804807]]]}},{"type":"Feature","properties":{"nr":null},"geometry":{"type":"Polygon","coordinates":[[[26.671419,47.80379],[26.671014,47.803646],[26.670819,47.803876],[26.671334,47.804031],[26.671366,47.80395],[26.671388,47.803857],[26.671419,47.80379]]]}},{"type":"Feature","properties":{"nr":null},"geometry":{"type":"Polygon","coordinates":[[[26.686851,47.799444],[26.686646,47.799507],[26.687733,47.800225],[26.687901,47.800136],[26.686851,47.799444]]]}},{"type":"Feature","properties":{"nr":null},"geometry":{"type":"Polygon","coordinates":[[[26.6862,47.800438],[26.68642,47.800316],[26.6857,47.799825],[26.685669,47.799825],[26.685419,47.799885],[26.685633,47.80005],[26.6862,47.800438]]]}},{"type":"Feature","properties":{"nr":null},"geometry":{"type":"Polygon","coordinates":[[[26.686795,47.80066],[26.686818,47.800626],[26.686812,47.800586],[26.686653,47.800469],[26.68642,47.800316],[26.6862,47.800438],[26.686646,47.800742],[26.686795,47.80066]]]}},{"type":"Feature","properties":{"nr":null},"geometry":{"type":"Polygon","coordinates":[[[26.666833,47.804212],[26.666847,47.80426],[26.666886,47.804334],[26.666986,47.804453],[26.66705,47.80451],[26.667083,47.804524],[26.667284,47.804415],[26.667055,47.804148],[26.666833,47.804212]]]}},{"type":"Feature","properties":{"nr":null},"geometry":{"type":"Polygon","coordinates":[[[26.670605,47.804133],[26.670908,47.804236],[26.671053,47.804296],[26.671246,47.804235],[26.671334,47.804031],[26.670819,47.803876],[26.670605,47.804133]]]}},{"type":"Feature","properties":{"nr":null},"geometry":{"type":"Polygon","coordinates":[[[26.676702,47.800834],[26.676448,47.800638],[26.676117,47.800332],[26.67578,47.80045],[26.675684,47.800508],[26.675647,47.800487],[26.675618,47.800551],[26.675614,47.800613],[26.675829,47.800752],[26.675852,47.800774],[26.675932,47.800803],[26.676321,47.801091],[26.676702,47.800834]]]}},{"type":"Feature","properties":{"nr":null},"geometry":{"type":"Polygon","coordinates":[[[26.686091,47.80657],[26.680657,47.801637],[26.680508,47.801663],[26.686003,47.806652],[26.686091,47.80657]]]}},{"type":"Feature","properties":{"nr":null},"geometry":{"type":"Polygon","coordinates":[[[26.691678,47.809855],[26.688686,47.807148],[26.686974,47.805548],[26.68692,47.805616],[26.691608,47.8099],[26.691678,47.809855]]]}},{"type":"Feature","properties":{"nr":null},"geometry":{"type":"Polygon","coordinates":[[[26.674772,47.803038],[26.675277,47.802874],[26.674959,47.802531],[26.674564,47.802432],[26.67429,47.802466],[26.674772,47.803038]]]}},{"type":"Feature","properties":{"nr":null},"geometry":{"type":"Polygon","coordinates":[[[26.652762,47.802953],[26.650901,47.801517],[26.650807,47.801592],[26.650645,47.801595],[26.652533,47.80308],[26.652762,47.802953]]]}},{"type":"Feature","properties":{"nr":null},"geometry":{"type":"Polygon","coordinates":[[[26.689245,47.803674],[26.686332,47.800931],[26.686186,47.800999],[26.689076,47.803722],[26.689245,47.803674]]]}},{"type":"Feature","properties":{"nr":null},"geometry":{"type":"Polygon","coordinates":[[[26.675779,47.803868],[26.675927,47.803779],[26.675364,47.803296],[26.675331,47.803296],[26.67499,47.802967],[26.674845,47.803015],[26.675779,47.803868]]]}},{"type":"Feature","properties":{"nr":null},"geometry":{"type":"Polygon","coordinates":[[[26.670433,47.804309],[26.670183,47.80456],[26.67061,47.804752],[26.671049,47.804373],[26.67084,47.804276],[26.670655,47.80442],[26.670433,47.804309]]]}},{"type":"Feature","properties":{"nr":null},"geometry":{"type":"Polygon","coordinates":[[[26.664551,47.805449],[26.664683,47.805289],[26.664692,47.805254],[26.664686,47.8052],[26.664662,47.805115],[26.664468,47.804848],[26.664474,47.804836],[26.664437,47.8048],[26.664124,47.805018],[26.664433,47.805337],[26.664551,47.805449]]]}},{"type":"Feature","properties":{"nr":null},"geometry":{"type":"Polygon","coordinates":[[[26.677599,47.802897],[26.677534,47.802926],[26.683525,47.808285],[26.683578,47.808244],[26.677599,47.802897]]]}},{"type":"Feature","properties":{"nr":null},"geometry":{"type":"Polygon","coordinates":[[[26.656957,47.805376],[26.657153,47.805253],[26.653523,47.802598],[26.653324,47.80272],[26.656957,47.805376]]]}},{"type":"Feature","properties":{"nr":null},"geometry":{"type":"Polygon","coordinates":[[[26.657377,47.805102],[26.653745,47.802445],[26.653523,47.802598],[26.657151,47.805252],[26.657377,47.805102]]]}},{"type":"Feature","properties":{"nr":null},"geometry":{"type":"Polygon","coordinates":[[[26.670594,47.804921],[26.670505,47.805029],[26.670847,47.80527],[26.671483,47.805783],[26.671974,47.80623],[26.672137,47.806129],[26.671646,47.805703],[26.670594,47.804921]]]}},{"type":"Feature","properties":{"nr":null},"geometry":{"type":"Polygon","coordinates":[[[26.670059,47.804569],[26.669589,47.804376],[26.669544,47.804914],[26.669679,47.804944],[26.669795,47.804845],[26.669993,47.804647],[26.670059,47.804569]]]}},{"type":"Feature","properties":{"nr":null},"geometry":{"type":"Polygon","coordinates":[[[26.670142,47.801731],[26.670236,47.801915],[26.670485,47.802135],[26.670754,47.801923],[26.670638,47.801673],[26.670311,47.801691],[26.670142,47.801731]]]}},{"type":"Feature","properties":{"nr":null},"geometry":{"type":"Polygon","coordinates":[[[26.669385,47.80174],[26.669228,47.801773],[26.668573,47.80213],[26.66878,47.802288],[26.669206,47.80209],[26.669495,47.802003],[26.669414,47.801771],[26.669385,47.80174]]]}},{"type":"Feature","properties":{"nr":null},"geometry":{"type":"Polygon","coordinates":[[[26.644369,47.819886],[26.644797,47.819154],[26.645087,47.81862],[26.645809,47.817823],[26.646917,47.816993],[26.64795,47.816174],[26.648889,47.815409],[26.64993,47.814417],[26.650205,47.814094],[26.650337,47.813893],[26.650484,47.81361],[26.650758,47.813031],[26.65083,47.812858],[26.650926,47.8127],[26.651036,47.812434],[26.65112,47.812279],[26.651115,47.812111],[26.651168,47.81191],[26.651161,47.811831],[26.651239,47.811749],[26.651259,47.811622],[26.651259,47.811315],[26.651314,47.811057],[26.651324,47.810909],[26.651526,47.809957],[26.651755,47.80897],[26.651854,47.808673],[26.652346,47.808152],[26.652442,47.808031],[26.652681,47.807808],[26.653094,47.807657],[26.653729,47.807405],[26.654219,47.807248],[26.654749,47.807124],[26.655444,47.806893],[26.655921,47.806798],[26.656144,47.806766],[26.656258,47.806717],[26.656493,47.806501],[26.656603,47.806385],[26.656639,47.806266],[26.656591,47.806169],[26.656476,47.806058],[26.6564,47.805967],[26.656398,47.805905],[26.656455,47.805844],[26.656541,47.805806],[26.656695,47.805764],[26.656788,47.805723],[26.656954,47.805608],[26.657085,47.805456],[26.657127,47.805384],[26.657174,47.805323],[26.657252,47.805242],[26.657738,47.804954],[26.657934,47.80486],[26.657888,47.804827],[26.657697,47.804918],[26.657377,47.805102],[26.657045,47.805321],[26.656938,47.805487],[26.656839,47.805606],[26.656742,47.805689],[26.656664,47.805724],[26.65651,47.805766],[26.656407,47.805811],[26.656331,47.805893],[26.656334,47.805979],[26.656419,47.806082],[26.65653,47.80619],[26.65657,47.806269],[26.65654,47.806367],[26.656438,47.806475],[26.656211,47.806684],[26.656118,47.806724],[26.655905,47.806754],[26.65542,47.806851],[26.654724,47.807082],[26.654494,47.807131],[26.654193,47.807207],[26.653699,47.807365],[26.653061,47.807618],[26.652635,47.807774],[26.652386,47.808007],[26.652289,47.808129],[26.651792,47.808655],[26.65174,47.808795],[26.65169,47.808962],[26.65146,47.80995],[26.651257,47.810905],[26.651248,47.811052],[26.651192,47.811312],[26.651192,47.81162],[26.651174,47.811734],[26.651093,47.811819],[26.651101,47.811907],[26.651048,47.812107],[26.651053,47.812271],[26.650973,47.81242],[26.650862,47.812686],[26.650767,47.812844],[26.650694,47.813018],[26.650421,47.813596],[26.650275,47.813877],[26.650145,47.814074],[26.649874,47.814392],[26.648836,47.815381],[26.647899,47.816145],[26.646867,47.816963],[26.645756,47.817796],[26.645027,47.818601],[26.644735,47.819138],[26.644315,47.819856],[26.644151,47.820113],[26.644219,47.820121],[26.644369,47.819886]]]}},{"type":"Feature","properties":{"nr":null},"geometry":{"type":"Polygon","coordinates":[[[26.667278,47.800284],[26.66716,47.800206],[26.667123,47.800271],[26.666808,47.800659],[26.666793,47.800764],[26.66686,47.800764],[26.666873,47.800671],[26.666918,47.80061],[26.667278,47.800284]]]}},{"type":"Feature","properties":{"nr":null},"geometry":{"type":"Polygon","coordinates":[[[26.657888,47.804827],[26.657934,47.80486],[26.657965,47.804845],[26.658207,47.80465],[26.658801,47.804301],[26.659343,47.803964],[26.659796,47.803712],[26.660112,47.803514],[26.660478,47.803351],[26.660985,47.803157],[26.661595,47.802993],[26.66218,47.802933],[26.662774,47.802924],[26.663598,47.802832],[26.664322,47.802608],[26.66504,47.802298],[26.665652,47.801988],[26.666506,47.801216],[26.666729,47.801044],[26.666831,47.800934],[26.666749,47.800938],[26.666675,47.801017],[26.666454,47.801187],[26.665604,47.801956],[26.665002,47.802261],[26.66429,47.802569],[26.663578,47.802788],[26.662767,47.80288],[26.662174,47.802888],[26.661577,47.802949],[26.660956,47.803116],[26.660443,47.803312],[26.660071,47.803479],[26.659752,47.803678],[26.659299,47.80393],[26.658933,47.804158],[26.658943,47.804167],[26.658111,47.804657],[26.65792,47.804811],[26.657888,47.804827]]]}},{"type":"Feature","properties":{"nr":null},"geometry":{"type":"Polygon","coordinates":[[[26.662662,47.806333],[26.662683,47.806387],[26.662792,47.806496],[26.662908,47.806591],[26.663063,47.806682],[26.663401,47.80646],[26.663249,47.80637],[26.663072,47.806242],[26.662944,47.806131],[26.662662,47.806333]]]}},{"type":"Feature","properties":{"nr":null},"geometry":{"type":"Polygon","coordinates":[[[26.678971,47.810926],[26.679004,47.810877],[26.673269,47.805465],[26.673217,47.805497],[26.678971,47.810926]]]}},{"type":"Feature","properties":{"nr":null},"geometry":{"type":"Polygon","coordinates":[[[26.696068,47.802781],[26.695224,47.802352],[26.694993,47.8025],[26.696143,47.803084],[26.696068,47.802781]]]}},{"type":"Feature","properties":{"nr":null},"geometry":{"type":"Polygon","coordinates":[[[26.679392,47.810715],[26.679527,47.810645],[26.677743,47.808812],[26.67363,47.805243],[26.673539,47.8053],[26.677595,47.808911],[26.679392,47.810715]]]}},{"type":"Feature","properties":{"nr":null},"geometry":{"type":"Polygon","coordinates":[[[26.688817,47.803886],[26.693768,47.808493],[26.693833,47.808449],[26.688903,47.803861],[26.688817,47.803886]]]}},{"type":"Feature","properties":{"nr":null},"geometry":{"type":"Polygon","coordinates":[[[26.667379,47.800195],[26.667266,47.800111],[26.66716,47.800206],[26.667278,47.800284],[26.667379,47.800195]]]}},{"type":"Feature","properties":{"nr":null},"geometry":{"type":"Polygon","coordinates":[[[26.667266,47.800111],[26.667379,47.800195],[26.667557,47.800014],[26.668043,47.799597],[26.668322,47.799479],[26.668544,47.799472],[26.668708,47.799512],[26.669014,47.799616],[26.669433,47.799869],[26.669508,47.799936],[26.669848,47.800097],[26.670057,47.800161],[26.670299,47.800186],[26.670683,47.800168],[26.671003,47.800137],[26.671256,47.800069],[26.671338,47.800034],[26.67153,47.799985],[26.671763,47.799911],[26.67226,47.79974],[26.672434,47.799672],[26.672613,47.79959],[26.67278,47.799531],[26.673118,47.799448],[26.67326,47.799385],[26.673395,47.799277],[26.673461,47.799186],[26.673573,47.799092],[26.673747,47.79897],[26.674051,47.798716],[26.674143,47.798685],[26.674446,47.79865],[26.674585,47.798645],[26.674683,47.798621],[26.675178,47.798449],[26.67537,47.798368],[26.6755,47.798291],[26.675646,47.798011],[26.675752,47.797965],[26.676132,47.797657],[26.67625,47.797587],[26.676651,47.79739],[26.676756,47.797377],[26.677146,47.797277],[26.677526,47.797106],[26.678398,47.796653],[26.678963,47.796246],[26.679595,47.79587],[26.680616,47.795546],[26.682691,47.795167],[26.684083,47.795021],[26.685768,47.794893],[26.686921,47.794877],[26.688408,47.794786],[26.689482,47.794666],[26.691397,47.794431],[26.692575,47.794345],[26.695433,47.793871],[26.697064,47.79364],[26.698675,47.793531],[26.700771,47.793327],[26.702355,47.793218],[26.703993,47.793211],[26.705379,47.793294],[26.706636,47.793328],[26.707605,47.793412],[26.707601,47.793366],[26.706642,47.793283],[26.705384,47.793249],[26.703996,47.793166],[26.702352,47.793173],[26.700763,47.793282],[26.698667,47.793486],[26.697054,47.793596],[26.695418,47.793827],[26.692563,47.794301],[26.691388,47.794387],[26.689471,47.794622],[26.688399,47.794741],[26.686917,47.794832],[26.685764,47.794848],[26.684074,47.794976],[26.682677,47.795123],[26.680593,47.795504],[26.679558,47.795832],[26.678916,47.796213],[26.678353,47.796619],[26.677487,47.79707],[26.677115,47.797237],[26.676738,47.797334],[26.676625,47.797348],[26.676208,47.797551],[26.676085,47.797626],[26.675971,47.797712],[26.675708,47.797931],[26.67559,47.797981],[26.675443,47.798265],[26.67533,47.798332],[26.675145,47.79841],[26.674655,47.798579],[26.674572,47.798601],[26.674437,47.798606],[26.674121,47.798642],[26.674007,47.798681],[26.673697,47.79894],[26.673523,47.799063],[26.673404,47.799162],[26.673338,47.799252],[26.673215,47.799351],[26.673087,47.799408],[26.672754,47.799489],[26.672579,47.799551],[26.672229,47.799701],[26.671733,47.79987],[26.671504,47.799944],[26.671308,47.799993],[26.671182,47.800047],[26.671003,47.800091],[26.670675,47.800123],[26.670302,47.800141],[26.670077,47.800117],[26.669881,47.800058],[26.669556,47.799904],[26.669483,47.799839],[26.669052,47.799579],[26.668734,47.79947],[26.66856,47.799428],[26.668341,47.799409],[26.668193,47.799431],[26.668014,47.799517],[26.667671,47.799786],[26.667446,47.799989],[26.667266,47.800111]]]}},{"type":"Feature","properties":{"nr":null},"geometry":{"type":"Polygon","coordinates":[[[26.667521,47.80338],[26.667621,47.803337],[26.667554,47.803266],[26.667454,47.803308],[26.667521,47.80338]]]}},{"type":"Feature","properties":{"nr":null},"geometry":{"type":"Polygon","coordinates":[[[26.670056,47.80162],[26.670034,47.801577],[26.669877,47.801613],[26.669899,47.801656],[26.670056,47.80162]]]}},{"type":"Feature","properties":{"nr":null},"geometry":{"type":"Polygon","coordinates":[[[26.670038,47.801461],[26.670004,47.801434],[26.669902,47.801483],[26.669936,47.801511],[26.670038,47.801461]]]}},{"type":"Feature","properties":{"nr":null},"geometry":{"type":"Polygon","coordinates":[[[26.669079,47.800858],[26.668904,47.800926],[26.668966,47.800989],[26.66913,47.800915],[26.669079,47.800858]]]}},{"type":"Feature","properties":{"nr":null},"geometry":{"type":"Polygon","coordinates":[[[26.668993,47.800835],[26.668961,47.8008],[26.668846,47.800845],[26.668875,47.800877],[26.668993,47.800835]]]}},{"type":"Feature","properties":{"nr":null},"geometry":{"type":"Polygon","coordinates":[[[26.669342,47.800752],[26.669391,47.800803],[26.669566,47.800731],[26.669517,47.800678],[26.669342,47.800752]]]}},{"type":"Feature","properties":{"nr":null},"geometry":{"type":"Polygon","coordinates":[[[26.663709,47.805449],[26.663614,47.805498],[26.663722,47.805593],[26.663817,47.805544],[26.663709,47.805449]]]}},{"type":"Feature","properties":{"nr":null},"geometry":{"type":"Polygon","coordinates":[[[26.674627,47.80182],[26.6746,47.801769],[26.674445,47.801806],[26.674472,47.801857],[26.674627,47.80182]]]}},{"type":"Feature","properties":{"nr":null},"geometry":{"type":"Polygon","coordinates":[[[26.669226,47.805818],[26.669182,47.805778],[26.669089,47.805823],[26.669132,47.805864],[26.669226,47.805818]]]}},{"type":"Feature","properties":{"nr":null},"geometry":{"type":"Polygon","coordinates":[[[26.669,47.805933],[26.669031,47.805916],[26.66892,47.805821],[26.668889,47.805837],[26.669,47.805933]]]}},{"type":"Feature","properties":{"nr":null},"geometry":{"type":"Polygon","coordinates":[[[26.666977,47.80413],[26.667,47.804159],[26.667101,47.804125],[26.667083,47.804096],[26.666977,47.80413]]]}},{"type":"Feature","properties":{"nr":null},"geometry":{"type":"Polygon","coordinates":[[[26.679264,47.800293],[26.679314,47.800287],[26.679302,47.800245],[26.679368,47.800238],[26.679361,47.800212],[26.679247,47.800226],[26.679264,47.800293]]]}},{"type":"Feature","properties":{"nr":null},"geometry":{"type":"Polygon","coordinates":[[[26.679128,47.800208],[26.679176,47.800207],[26.679175,47.800162],[26.679126,47.800162],[26.679128,47.800208]]]}},{"type":"Feature","properties":{"nr":null},"geometry":{"type":"Polygon","coordinates":[[[26.669246,47.805142],[26.669244,47.805098],[26.669147,47.805099],[26.66915,47.805144],[26.669246,47.805142]]]}},{"type":"Feature","properties":{"nr":null},"geometry":{"type":"Polygon","coordinates":[[[26.663277,47.80589],[26.663325,47.805928],[26.663477,47.805841],[26.663429,47.805802],[26.663277,47.80589]]]}},{"type":"Feature","properties":{"nr":null},"geometry":{"type":"Polygon","coordinates":[[[26.663376,47.806035],[26.663401,47.806065],[26.663505,47.806026],[26.663481,47.805996],[26.663376,47.806035]]]}},{"type":"Feature","properties":{"nr":null},"geometry":{"type":"Polygon","coordinates":[[[26.673804,47.801036],[26.674,47.801003],[26.673979,47.800948],[26.673915,47.800959],[26.673912,47.80095],[26.673873,47.800956],[26.673877,47.800966],[26.673783,47.800982],[26.673804,47.801036]]]}},{"type":"Feature","properties":{"nr":null},"geometry":{"type":"Polygon","coordinates":[[[26.672133,47.801893],[26.672266,47.8018],[26.672174,47.801754],[26.672045,47.801845],[26.672133,47.801893]]]}},{"type":"Feature","properties":{"nr":null},"geometry":{"type":"Polygon","coordinates":[[[26.672096,47.802008],[26.672113,47.802033],[26.672236,47.801992],[26.672216,47.801969],[26.672096,47.802008]]]}},{"type":"Feature","properties":{"nr":null},"geometry":{"type":"Polygon","coordinates":[[[26.67696,47.80026],[26.677042,47.800225],[26.677004,47.800185],[26.676922,47.800219],[26.67696,47.80026]]]}},{"type":"Feature","properties":{"nr":null},"geometry":{"type":"Polygon","coordinates":[[[26.676823,47.800283],[26.676922,47.800248],[26.676868,47.800177],[26.676769,47.800212],[26.676823,47.800283]]]}},{"type":"Feature","properties":{"nr":null},"geometry":{"type":"Polygon","coordinates":[[[26.67157,47.802858],[26.671652,47.802913],[26.671751,47.802847],[26.67167,47.802791],[26.67157,47.802858]]]}},{"type":"Feature","properties":{"nr":null},"geometry":{"type":"Polygon","coordinates":[[[26.671536,47.803022],[26.671571,47.803043],[26.671661,47.802976],[26.671626,47.802955],[26.671536,47.803022]]]}},{"type":"Feature","properties":{"nr":null},"geometry":{"type":"Polygon","coordinates":[[[26.680014,47.800316],[26.680056,47.800363],[26.680168,47.800318],[26.680127,47.80027],[26.680014,47.800316]]]}},{"type":"Feature","properties":{"nr":null},"geometry":{"type":"Polygon","coordinates":[[[26.670424,47.80409],[26.670499,47.804028],[26.670403,47.803975],[26.670328,47.804037],[26.670424,47.80409]]]}},{"type":"Feature","properties":{"nr":null},"geometry":{"type":"Polygon","coordinates":[[[26.670617,47.803839],[26.670508,47.803929],[26.670552,47.803953],[26.670661,47.803863],[26.670617,47.803839]]]}},{"type":"Feature","properties":{"nr":null},"geometry":{"type":"Polygon","coordinates":[[[26.670326,47.803928],[26.670157,47.803836],[26.670092,47.803889],[26.670261,47.803982],[26.670326,47.803928]]]}},{"type":"Feature","properties":{"nr":null},"geometry":{"type":"Polygon","coordinates":[[[26.672737,47.801983],[26.672788,47.802059],[26.672918,47.802018],[26.672868,47.801942],[26.672737,47.801983]]]}},{"type":"Feature","properties":{"nr":null},"geometry":{"type":"Polygon","coordinates":[[[26.672639,47.801932],[26.672589,47.801952],[26.672634,47.80201],[26.672686,47.80199],[26.672639,47.801932]]]}},{"type":"Feature","properties":{"nr":null},"geometry":{"type":"Polygon","coordinates":[[[26.672882,47.801942],[26.672892,47.801957],[26.672971,47.801929],[26.67296,47.801914],[26.672882,47.801942]]]}},{"type":"Feature","properties":{"nr":null},"geometry":{"type":"Polygon","coordinates":[[[26.673322,47.800221],[26.673132,47.800246],[26.673148,47.800299],[26.673338,47.800273],[26.673322,47.800221]]]}},{"type":"Feature","properties":{"nr":null},"geometry":{"type":"Polygon","coordinates":[[[26.668689,47.806018],[26.66873,47.806058],[26.668882,47.805989],[26.66884,47.805948],[26.668689,47.806018]]]}},{"type":"Feature","properties":{"nr":null},"geometry":{"type":"Polygon","coordinates":[[[26.669011,47.805997],[26.668973,47.80596],[26.668907,47.80599],[26.668945,47.806027],[26.669011,47.805997]]]}},{"type":"Feature","properties":{"nr":null},"geometry":{"type":"Polygon","coordinates":[[[26.667867,47.805597],[26.667917,47.805573],[26.667859,47.805518],[26.667809,47.805542],[26.667867,47.805597]]]}},{"type":"Feature","properties":{"nr":null},"geometry":{"type":"Polygon","coordinates":[[[26.667932,47.805649],[26.667966,47.805633],[26.667908,47.805577],[26.667867,47.805597],[26.667932,47.805649]]]}},{"type":"Feature","properties":{"nr":null},"geometry":{"type":"Polygon","coordinates":[[[26.682853,47.799998],[26.682877,47.800052],[26.68297,47.800033],[26.682948,47.799981],[26.682853,47.799998]]]}},{"type":"Feature","properties":{"nr":null},"geometry":{"type":"Polygon","coordinates":[[[26.676827,47.800001],[26.676918,47.799976],[26.676886,47.799923],[26.676795,47.799948],[26.676827,47.800001]]]}},{"type":"Feature","properties":{"nr":null},"geometry":{"type":"Polygon","coordinates":[[[26.676632,47.79994],[26.676683,47.800019],[26.676714,47.80001],[26.676662,47.799931],[26.676632,47.79994]]]}},{"type":"Feature","properties":{"nr":null},"geometry":{"type":"Polygon","coordinates":[[[26.681453,47.800162],[26.681576,47.80016],[26.681573,47.800111],[26.681451,47.800113],[26.681453,47.800162]]]}},{"type":"Feature","properties":{"nr":null},"geometry":{"type":"Polygon","coordinates":[[[26.681619,47.80016],[26.681688,47.800157],[26.681685,47.800123],[26.681616,47.800126],[26.681619,47.80016]]]}},{"type":"Feature","properties":{"nr":null},"geometry":{"type":"Polygon","coordinates":[[[26.672096,47.800328],[26.672078,47.80033],[26.672068,47.800294],[26.671951,47.800313],[26.671977,47.800385],[26.672107,47.800367],[26.672096,47.800328]]]}},{"type":"Feature","properties":{"nr":null},"geometry":{"type":"Polygon","coordinates":[[[26.67202,47.800378],[26.671977,47.800385],[26.671993,47.800435],[26.672037,47.800429],[26.67202,47.800378]]]}},{"type":"Feature","properties":{"nr":null},"geometry":{"type":"Polygon","coordinates":[[[26.671953,47.800313],[26.672,47.800305],[26.671981,47.800252],[26.671934,47.800259],[26.671953,47.800313]]]}},{"type":"Feature","properties":{"nr":null},"geometry":{"type":"Polygon","coordinates":[[[26.665798,47.805553],[26.665686,47.805588],[26.665707,47.805621],[26.665819,47.805586],[26.665798,47.805553]]]}},{"type":"Feature","properties":{"nr":null},"geometry":{"type":"Polygon","coordinates":[[[26.669974,47.800645],[26.670102,47.800594],[26.670023,47.800503],[26.669895,47.800554],[26.669974,47.800645]]]}},{"type":"Feature","properties":{"nr":null},"geometry":{"type":"Polygon","coordinates":[[[26.670238,47.800596],[26.670266,47.800627],[26.67044,47.800556],[26.670412,47.800526],[26.670238,47.800596]]]}},{"type":"Feature","properties":{"nr":null},"geometry":{"type":"Polygon","coordinates":[[[26.663144,47.805526],[26.66318,47.805562],[26.663378,47.805474],[26.663333,47.805427],[26.663291,47.805446],[26.663297,47.805452],[26.663183,47.8055],[26.663189,47.805507],[26.663144,47.805526]]]}},{"type":"Feature","properties":{"nr":null},"geometry":{"type":"Polygon","coordinates":[[[26.663395,47.805377],[26.663436,47.805409],[26.663556,47.805341],[26.663516,47.805309],[26.663395,47.805377]]]}},{"type":"Feature","properties":{"nr":null},"geometry":{"type":"Polygon","coordinates":[[[26.664621,47.80559],[26.664685,47.805648],[26.664784,47.805601],[26.664719,47.805541],[26.664621,47.80559]]]}},{"type":"Feature","properties":{"nr":null},"geometry":{"type":"Polygon","coordinates":[[[26.66485,47.805592],[26.664978,47.805534],[26.664945,47.8055],[26.664816,47.805557],[26.66485,47.805592]]]}},{"type":"Feature","properties":{"nr":null},"geometry":{"type":"Polygon","coordinates":[[[26.668506,47.805631],[26.668592,47.805687],[26.668686,47.805622],[26.668599,47.805566],[26.668506,47.805631]]]}},{"type":"Feature","properties":{"nr":null},"geometry":{"type":"Polygon","coordinates":[[[26.673639,47.802223],[26.673506,47.802258],[26.673529,47.802296],[26.67366,47.802261],[26.673639,47.802223]]]}},{"type":"Feature","properties":{"nr":null},"geometry":{"type":"Polygon","coordinates":[[[26.673655,47.802325],[26.673521,47.802364],[26.673546,47.802402],[26.673571,47.802395],[26.673583,47.802414],[26.673692,47.802384],[26.673655,47.802325]]]}},{"type":"Feature","properties":{"nr":null},"geometry":{"type":"Polygon","coordinates":[[[26.673477,47.802332],[26.673418,47.802353],[26.67344,47.802381],[26.673499,47.802361],[26.673477,47.802332]]]}},{"type":"Feature","properties":{"nr":null},"geometry":{"type":"Polygon","coordinates":[[[26.685179,47.800082],[26.685262,47.800054],[26.685231,47.800012],[26.685148,47.800039],[26.685179,47.800082]]]}},{"type":"Feature","properties":{"nr":null},"geometry":{"type":"Polygon","coordinates":[[[26.669895,47.803115],[26.66992,47.803131],[26.67002,47.803059],[26.669939,47.803007],[26.66983,47.803085],[26.669887,47.803121],[26.669895,47.803115]]]}},{"type":"Feature","properties":{"nr":null},"geometry":{"type":"Polygon","coordinates":[[[26.670048,47.803217],[26.670133,47.803247],[26.670157,47.803216],[26.670072,47.803186],[26.670048,47.803217]]]}},{"type":"Feature","properties":{"nr":null},"geometry":{"type":"Polygon","coordinates":[[[26.673986,47.801469],[26.673938,47.801395],[26.673844,47.801426],[26.67388,47.801478],[26.673855,47.801485],[26.673868,47.801503],[26.673986,47.801469]]]}},{"type":"Feature","properties":{"nr":null},"geometry":{"type":"Polygon","coordinates":[[[26.671344,47.801219],[26.671384,47.801287],[26.671575,47.801237],[26.671563,47.801215],[26.671521,47.801226],[26.671494,47.80118],[26.671344,47.801219]]]}},{"type":"Feature","properties":{"nr":null},"geometry":{"type":"Polygon","coordinates":[[[26.673934,47.802188],[26.673784,47.802226],[26.673818,47.802292],[26.673968,47.802254],[26.673934,47.802188]]]}},{"type":"Feature","properties":{"nr":null},"geometry":{"type":"Polygon","coordinates":[[[26.673819,47.802373],[26.67378,47.802303],[26.673733,47.802314],[26.673771,47.802384],[26.673819,47.802373]]]}},{"type":"Feature","properties":{"nr":null},"geometry":{"type":"Polygon","coordinates":[[[26.675878,47.801586],[26.675903,47.801623],[26.676035,47.801582],[26.67601,47.801545],[26.675878,47.801586]]]}},{"type":"Feature","properties":{"nr":null},"geometry":{"type":"Polygon","coordinates":[[[26.672617,47.80063],[26.672489,47.800657],[26.672509,47.8007],[26.672637,47.800673],[26.672617,47.80063]]]}},{"type":"Feature","properties":{"nr":null},"geometry":{"type":"Polygon","coordinates":[[[26.672386,47.800521],[26.672341,47.800536],[26.67239,47.8006],[26.672435,47.800585],[26.672386,47.800521]]]}},{"type":"Feature","properties":{"nr":null},"geometry":{"type":"Polygon","coordinates":[[[26.671188,47.80164],[26.671362,47.801628],[26.671355,47.801579],[26.671181,47.801591],[26.671188,47.80164]]]}},{"type":"Feature","properties":{"nr":null},"geometry":{"type":"Polygon","coordinates":[[[26.669904,47.802586],[26.670034,47.80254],[26.67,47.802497],[26.66987,47.802543],[26.669904,47.802586]]]}},{"type":"Feature","properties":{"nr":null},"geometry":{"type":"Polygon","coordinates":[[[26.670025,47.802715],[26.670119,47.802659],[26.670084,47.802633],[26.66999,47.802689],[26.670025,47.802715]]]}},{"type":"Feature","properties":{"nr":null},"geometry":{"type":"Polygon","coordinates":[[[26.685456,47.800713],[26.68541,47.800671],[26.685372,47.800691],[26.685383,47.800702],[26.685303,47.800743],[26.685347,47.800777],[26.685456,47.800713]]]}},{"type":"Feature","properties":{"nr":null},"geometry":{"type":"Polygon","coordinates":[[[26.684841,47.800212],[26.684869,47.800198],[26.684819,47.800154],[26.684742,47.800193],[26.684817,47.80026],[26.684866,47.800235],[26.684841,47.800212]]]}},{"type":"Feature","properties":{"nr":null},"geometry":{"type":"Polygon","coordinates":[[[26.670113,47.802367],[26.670281,47.802384],[26.6703,47.802296],[26.670335,47.802299],[26.670355,47.802208],[26.669991,47.802171],[26.669971,47.802263],[26.670132,47.802279],[26.670113,47.802367]]]}},{"type":"Feature","properties":{"nr":null},"geometry":{"type":"Polygon","coordinates":[[[26.668345,47.800607],[26.668366,47.80065],[26.668517,47.800614],[26.668497,47.800572],[26.668345,47.800607]]]}},{"type":"Feature","properties":{"nr":null},"geometry":{"type":"Polygon","coordinates":[[[26.668648,47.800537],[26.668668,47.80057],[26.668779,47.800539],[26.668758,47.800506],[26.668648,47.800537]]]}},{"type":"Feature","properties":{"nr":null},"geometry":{"type":"Polygon","coordinates":[[[26.666635,47.805244],[26.666761,47.805208],[26.666741,47.805176],[26.666616,47.80521],[26.666635,47.805244]]]}},{"type":"Feature","properties":{"nr":null},"geometry":{"type":"Polygon","coordinates":[[[26.672617,47.8016],[26.672558,47.801529],[26.672463,47.801566],[26.672522,47.801636],[26.672617,47.8016]]]}},{"type":"Feature","properties":{"nr":null},"geometry":{"type":"Polygon","coordinates":[[[26.685772,47.800378],[26.685672,47.80045],[26.685778,47.800517],[26.685877,47.800446],[26.685772,47.800378]]]}},{"type":"Feature","properties":{"nr":null},"geometry":{"type":"Polygon","coordinates":[[[26.669434,47.802164],[26.669318,47.802183],[26.669339,47.802244],[26.669456,47.802225],[26.669434,47.802164]]]}},{"type":"Feature","properties":{"nr":null},"geometry":{"type":"Polygon","coordinates":[[[26.669354,47.802088],[26.669333,47.802059],[26.669253,47.802084],[26.669273,47.802113],[26.669354,47.802088]]]}},{"type":"Feature","properties":{"nr":null},"geometry":{"type":"Polygon","coordinates":[[[26.666976,47.803718],[26.667099,47.80367],[26.667082,47.803652],[26.667091,47.803649],[26.667053,47.803605],[26.666925,47.803655],[26.666976,47.803718]]]}},{"type":"Feature","properties":{"nr":null},"geometry":{"type":"Polygon","coordinates":[[[26.666871,47.803705],[26.666913,47.803692],[26.666898,47.803671],[26.666912,47.803667],[26.666896,47.803646],[26.666882,47.80365],[26.666846,47.803604],[26.666805,47.803616],[26.666871,47.803705]]]}},{"type":"Feature","properties":{"nr":null},"geometry":{"type":"Polygon","coordinates":[[[26.684296,47.800495],[26.68434,47.800523],[26.684426,47.800465],[26.68438,47.800435],[26.684296,47.800495]]]}},{"type":"Feature","properties":{"nr":null},"geometry":{"type":"Polygon","coordinates":[[[26.668498,47.802748],[26.668623,47.802694],[26.668585,47.802653],[26.668458,47.802707],[26.668498,47.802748]]]}},{"type":"Feature","properties":{"nr":null},"geometry":{"type":"Polygon","coordinates":[[[26.668502,47.802851],[26.668611,47.802808],[26.668585,47.802778],[26.668476,47.802821],[26.668502,47.802851]]]}},{"type":"Feature","properties":{"nr":null},"geometry":{"type":"Polygon","coordinates":[[[26.672971,47.800279],[26.672967,47.800242],[26.672799,47.800252],[26.672804,47.800289],[26.672971,47.800279]]]}},{"type":"Feature","properties":{"nr":null},"geometry":{"type":"Polygon","coordinates":[[[26.670032,47.805083],[26.669834,47.805001],[26.669799,47.805037],[26.669991,47.805119],[26.670032,47.805083]]]}},{"type":"Feature","properties":{"nr":null},"geometry":{"type":"Polygon","coordinates":[[[26.669999,47.804983],[26.670042,47.805006],[26.670153,47.804916],[26.670108,47.80489],[26.669999,47.804983]]]}},{"type":"Feature","properties":{"nr":null},"geometry":{"type":"Polygon","coordinates":[[[26.676583,47.800514],[26.676758,47.800445],[26.676713,47.800396],[26.676539,47.800464],[26.676583,47.800514]]]}},{"type":"Feature","properties":{"nr":null},"geometry":{"type":"Polygon","coordinates":[[[26.676513,47.800606],[26.676372,47.800491],[26.676325,47.800514],[26.676467,47.800631],[26.676513,47.800606]]]}},{"type":"Feature","properties":{"nr":null},"geometry":{"type":"Polygon","coordinates":[[[26.67645,47.800491],[26.676519,47.800458],[26.676486,47.800426],[26.676416,47.800459],[26.67645,47.800491]]]}},{"type":"Feature","properties":{"nr":null},"geometry":{"type":"Polygon","coordinates":[[[26.672495,47.802312],[26.67254,47.802354],[26.672685,47.802288],[26.672641,47.802246],[26.672495,47.802312]]]}},{"type":"Feature","properties":{"nr":null},"geometry":{"type":"Polygon","coordinates":[[[26.672718,47.802224],[26.672773,47.802275],[26.672895,47.802217],[26.672839,47.802166],[26.672718,47.802224]]]}},{"type":"Feature","properties":{"nr":null},"geometry":{"type":"Polygon","coordinates":[[[26.67236,47.802273],[26.672441,47.80234],[26.672488,47.802316],[26.672407,47.802249],[26.67236,47.802273]]]}},{"type":"Feature","properties":{"nr":null},"geometry":{"type":"Polygon","coordinates":[[[26.67241,47.802235],[26.672441,47.802259],[26.672532,47.802205],[26.672501,47.802181],[26.67241,47.802235]]]}},{"type":"Feature","properties":{"nr":null},"geometry":{"type":"Polygon","coordinates":[[[26.667846,47.805711],[26.667946,47.805663],[26.667882,47.805605],[26.667784,47.805652],[26.667846,47.805711]]]}},{"type":"Feature","properties":{"nr":null},"geometry":{"type":"Polygon","coordinates":[[[26.669794,47.805198],[26.669877,47.805122],[26.669776,47.805072],[26.669696,47.805147],[26.669794,47.805198]]]}},{"type":"Feature","properties":{"nr":null},"geometry":{"type":"Polygon","coordinates":[[[26.669895,47.805352],[26.669979,47.805284],[26.669931,47.805253],[26.669846,47.805321],[26.669895,47.805352]]]}},{"type":"Feature","properties":{"nr":null},"geometry":{"type":"Polygon","coordinates":[[[26.669797,47.803432],[26.669943,47.803441],[26.669959,47.803318],[26.669813,47.803309],[26.669797,47.803432]]]}},{"type":"Feature","properties":{"nr":null},"geometry":{"type":"Polygon","coordinates":[[[26.662308,47.806196],[26.662374,47.806272],[26.662474,47.806232],[26.662425,47.806176],[26.662372,47.806197],[26.662354,47.806178],[26.662308,47.806196]]]}},{"type":"Feature","properties":{"nr":null},"geometry":{"type":"Polygon","coordinates":[[[26.683569,47.800502],[26.683592,47.800542],[26.683626,47.800535],[26.683637,47.800554],[26.683702,47.800537],[26.683691,47.800518],[26.683753,47.800503],[26.68373,47.800462],[26.683569,47.800502]]]}},{"type":"Feature","properties":{"nr":null},"geometry":{"type":"Polygon","coordinates":[[[26.683452,47.800606],[26.683473,47.800637],[26.683647,47.800583],[26.683632,47.800561],[26.683608,47.800568],[26.683602,47.80056],[26.683452,47.800606]]]}},{"type":"Feature","properties":{"nr":null},"geometry":{"type":"Polygon","coordinates":[[[26.681416,47.801772],[26.681405,47.801784],[26.681401,47.801806],[26.681413,47.801823],[26.681441,47.801836],[26.681473,47.801834],[26.681501,47.801819],[26.68151,47.801799],[26.681499,47.801778],[26.681478,47.801765],[26.681452,47.801762],[26.68144,47.80174],[26.681404,47.801749],[26.681416,47.801772]]]}},{"type":"Feature","properties":{"nr":null},"geometry":{"type":"Polygon","coordinates":[[[26.66899,47.805437],[26.668929,47.8054],[26.668805,47.805498],[26.668866,47.805535],[26.66899,47.805437]]]}},{"type":"Feature","properties":{"nr":null},"geometry":{"type":"Polygon","coordinates":[[[26.66863,47.80545],[26.668705,47.805508],[26.668748,47.805483],[26.668674,47.805425],[26.66863,47.80545]]]}},{"type":"Feature","properties":{"nr":null},"geometry":{"type":"Polygon","coordinates":[[[26.669089,47.805275],[26.669007,47.805338],[26.669091,47.805387],[26.669172,47.805324],[26.669089,47.805275]]]}},{"type":"Feature","properties":{"nr":null},"geometry":{"type":"Polygon","coordinates":[[[26.670638,47.802986],[26.670516,47.803052],[26.670558,47.803087],[26.670679,47.80302],[26.670638,47.802986]]]}},{"type":"Feature","properties":{"nr":null},"geometry":{"type":"Polygon","coordinates":[[[26.670714,47.802979],[26.670752,47.803008],[26.670853,47.80295],[26.670815,47.802921],[26.670714,47.802979]]]}},{"type":"Feature","properties":{"nr":null},"geometry":{"type":"Polygon","coordinates":[[[26.670221,47.804834],[26.670318,47.804738],[26.670277,47.804719],[26.670264,47.804732],[26.670209,47.804706],[26.670125,47.80479],[26.670221,47.804834]]]}},{"type":"Feature","properties":{"nr":null},"geometry":{"type":"Polygon","coordinates":[[[26.676545,47.801393],[26.676503,47.80136],[26.676375,47.801448],[26.676417,47.80148],[26.676545,47.801393]]]}},{"type":"Feature","properties":{"nr":null},"geometry":{"type":"Polygon","coordinates":[[[26.670712,47.804062],[26.670813,47.804103],[26.670879,47.804029],[26.670778,47.803988],[26.670712,47.804062]]]}},{"type":"Feature","properties":{"nr":null},"geometry":{"type":"Polygon","coordinates":[[[26.670951,47.804068],[26.671021,47.80401],[26.670959,47.803976],[26.67089,47.804033],[26.670951,47.804068]]]}},{"type":"Feature","properties":{"nr":null},"geometry":{"type":"Polygon","coordinates":[[[26.670712,47.804062],[26.670675,47.804104],[26.670745,47.804132],[26.670783,47.804091],[26.670712,47.804062]]]}},{"type":"Feature","properties":{"nr":null},"geometry":{"type":"Polygon","coordinates":[[[26.662502,47.805807],[26.662637,47.805795],[26.662623,47.805722],[26.662488,47.805734],[26.662502,47.805807]]]}},{"type":"Feature","properties":{"nr":null},"geometry":{"type":"Polygon","coordinates":[[[26.662643,47.805939],[26.662562,47.805855],[26.66252,47.805873],[26.662601,47.805957],[26.662643,47.805939]]]}},{"type":"Feature","properties":{"nr":null},"geometry":{"type":"Polygon","coordinates":[[[26.664576,47.800828],[26.664659,47.800762],[26.664572,47.800713],[26.664489,47.800778],[26.664576,47.800828]]]}},{"type":"Feature","properties":{"nr":null},"geometry":{"type":"Polygon","coordinates":[[[26.664301,47.80111],[26.664438,47.800974],[26.664375,47.800945],[26.664238,47.801081],[26.664301,47.80111]]]}},{"type":"Feature","properties":{"nr":null},"geometry":{"type":"Polygon","coordinates":[[[26.663876,47.801439],[26.664084,47.80129],[26.664005,47.801241],[26.663798,47.801389],[26.663876,47.801439]]]}},{"type":"Feature","properties":{"nr":null},"geometry":{"type":"Polygon","coordinates":[[[26.663546,47.80164],[26.663794,47.801471],[26.663741,47.801436],[26.663492,47.801605],[26.663546,47.80164]]]}},{"type":"Feature","properties":{"nr":null},"geometry":{"type":"Polygon","coordinates":[[[26.664583,47.800694],[26.66455,47.800675],[26.664521,47.800699],[26.664554,47.800717],[26.664583,47.800694]]]}},{"type":"Feature","properties":{"nr":null},"geometry":{"type":"Polygon","coordinates":[[[26.678004,47.799979],[26.677986,47.799948],[26.677889,47.799971],[26.677907,47.800003],[26.678004,47.799979]]]}},{"type":"Feature","properties":{"nr":null},"geometry":{"type":"Polygon","coordinates":[[[26.666912,47.804816],[26.666929,47.804867],[26.667119,47.804838],[26.667102,47.804788],[26.666912,47.804816]]]}},{"type":"Feature","properties":{"nr":null},"geometry":{"type":"Polygon","coordinates":[[[26.666809,47.804787],[26.666777,47.804812],[26.666846,47.804852],[26.666878,47.804826],[26.666809,47.804787]]]}},{"type":"Feature","properties":{"nr":null},"geometry":{"type":"Polygon","coordinates":[[[26.672288,47.801747],[26.672439,47.801664],[26.672398,47.80163],[26.672247,47.801713],[26.672288,47.801747]]]}},{"type":"Feature","properties":{"nr":null},"geometry":{"type":"Polygon","coordinates":[[[26.67722,47.802857],[26.67722,47.802829],[26.677185,47.802811],[26.677148,47.802811],[26.677123,47.8028],[26.677068,47.802811],[26.676946,47.802811],[26.676946,47.802879],[26.677068,47.802878],[26.677094,47.802888],[26.677123,47.802887],[26.677148,47.802877],[26.677185,47.802876],[26.67722,47.802857]]]}},{"type":"Feature","properties":{"nr":null},"geometry":{"type":"Polygon","coordinates":[[[26.676989,47.80303],[26.676944,47.802955],[26.676696,47.803022],[26.676724,47.803069],[26.676933,47.803012],[26.67695,47.80304],[26.676989,47.80303]]]}},{"type":"Feature","properties":{"nr":null},"geometry":{"type":"Polygon","coordinates":[[[26.668164,47.803766],[26.668214,47.8038],[26.668344,47.803717],[26.668294,47.803682],[26.668164,47.803766]]]}},{"type":"Feature","properties":{"nr":null},"geometry":{"type":"Polygon","coordinates":[[[26.668042,47.803702],[26.668014,47.803722],[26.668087,47.803773],[26.668116,47.803752],[26.668042,47.803702]]]}},{"type":"Feature","properties":{"nr":null},"geometry":{"type":"Polygon","coordinates":[[[26.685534,47.800653],[26.68561,47.800596],[26.685524,47.80054],[26.685486,47.800566],[26.68547,47.800555],[26.685429,47.800584],[26.685534,47.800653]]]}},{"type":"Feature","properties":{"nr":null},"geometry":{"type":"Polygon","coordinates":[[[26.681685,47.80048],[26.68167,47.800552],[26.681774,47.800565],[26.681789,47.800502],[26.681737,47.800495],[26.681738,47.800485],[26.681685,47.80048]]]}},{"type":"Feature","properties":{"nr":null},"geometry":{"type":"Polygon","coordinates":[[[26.674223,47.800894],[26.674248,47.800885],[26.674256,47.800897],[26.674378,47.800856],[26.67434,47.800803],[26.674193,47.800853],[26.674223,47.800894]]]}},{"type":"Feature","properties":{"nr":null},"geometry":{"type":"Polygon","coordinates":[[[26.674283,47.800938],[26.674305,47.800972],[26.674357,47.800957],[26.674335,47.800923],[26.674283,47.800938]]]}},{"type":"Feature","properties":{"nr":null},"geometry":{"type":"Polygon","coordinates":[[[26.672269,47.802426],[26.672299,47.802465],[26.672455,47.802411],[26.672425,47.802372],[26.672269,47.802426]]]}},{"type":"Feature","properties":{"nr":null},"geometry":{"type":"Polygon","coordinates":[[[26.672341,47.802512],[26.672367,47.802541],[26.672464,47.802501],[26.672438,47.802472],[26.672341,47.802512]]]}},{"type":"Feature","properties":{"nr":null},"geometry":{"type":"Polygon","coordinates":[[[26.67621,47.80072],[26.676243,47.800775],[26.676391,47.800739],[26.676358,47.800684],[26.67621,47.80072]]]}},{"type":"Feature","properties":{"nr":null},"geometry":{"type":"Polygon","coordinates":[[[26.676464,47.800664],[26.676414,47.800691],[26.676517,47.800768],[26.676564,47.80074],[26.676464,47.800664]]]}},{"type":"Feature","properties":{"nr":null},"geometry":{"type":"Polygon","coordinates":[[[26.666315,47.804936],[26.666336,47.80497],[26.666478,47.804923],[26.666453,47.80489],[26.666315,47.804936]]]}},{"type":"Feature","properties":{"nr":null},"geometry":{"type":"Polygon","coordinates":[[[26.671651,47.801862],[26.671639,47.801828],[26.671582,47.801837],[26.671612,47.80192],[26.6718,47.801895],[26.671782,47.801844],[26.671651,47.801862]]]}},{"type":"Feature","properties":{"nr":null},"geometry":{"type":"Polygon","coordinates":[[[26.671341,47.801875],[26.671384,47.801961],[26.671442,47.801946],[26.671399,47.801861],[26.671341,47.801875]]]}},{"type":"Feature","properties":{"nr":null},"geometry":{"type":"Polygon","coordinates":[[[26.671015,47.803923],[26.67112,47.80385],[26.671046,47.8038],[26.670938,47.803872],[26.671015,47.803923]]]}},{"type":"Feature","properties":{"nr":null},"geometry":{"type":"Polygon","coordinates":[[[26.671164,47.80372],[26.671096,47.803766],[26.671135,47.803791],[26.671202,47.803744],[26.671164,47.80372]]]}},{"type":"Feature","properties":{"nr":null},"geometry":{"type":"Polygon","coordinates":[[[26.675862,47.80108],[26.675766,47.801119],[26.675819,47.801177],[26.675915,47.801138],[26.675862,47.80108]]]}},{"type":"Feature","properties":{"nr":null},"geometry":{"type":"Polygon","coordinates":[[[26.675735,47.80101],[26.675829,47.800973],[26.6758,47.800939],[26.675706,47.800976],[26.675735,47.80101]]]}},{"type":"Feature","properties":{"nr":null},"geometry":{"type":"Polygon","coordinates":[[[26.6686,47.800726],[26.668756,47.800682],[26.668724,47.800631],[26.668568,47.800675],[26.6686,47.800726]]]}},{"type":"Feature","properties":{"nr":null},"geometry":{"type":"Polygon","coordinates":[[[26.685548,47.799955],[26.685652,47.800026],[26.685756,47.799957],[26.685651,47.799886],[26.685548,47.799955]]]}},{"type":"Feature","properties":{"nr":null},"geometry":{"type":"Polygon","coordinates":[[[26.672099,47.802407],[26.671934,47.802461],[26.67196,47.802512],[26.672124,47.802459],[26.672099,47.802407]]]}},{"type":"Feature","properties":{"nr":null},"geometry":{"type":"Polygon","coordinates":[[[26.66992,47.801065],[26.669934,47.801079],[26.669496,47.801284],[26.669574,47.801359],[26.669609,47.801343],[26.669681,47.801413],[26.669791,47.801361],[26.669717,47.801291],[26.669936,47.801188],[26.669951,47.801202],[26.669993,47.801183],[26.669978,47.801168],[26.670011,47.801153],[26.670039,47.801179],[26.670395,47.801012],[26.670292,47.800912],[26.670004,47.801047],[26.669989,47.801033],[26.66992,47.801065]]]}},{"type":"Feature","properties":{"nr":null},"geometry":{"type":"Polygon","coordinates":[[[26.670112,47.801323],[26.670188,47.801286],[26.670172,47.801271],[26.670226,47.801245],[26.670179,47.8012],[26.669994,47.801288],[26.670042,47.801333],[26.670095,47.801307],[26.670112,47.801323]]]}},{"type":"Feature","properties":{"nr":null},"geometry":{"type":"Polygon","coordinates":[[[26.667343,47.806094],[26.667188,47.806167],[26.667228,47.806207],[26.667384,47.806133],[26.667343,47.806094]]]}},{"type":"Feature","properties":{"nr":null},"geometry":{"type":"Polygon","coordinates":[[[26.682983,47.800294],[26.68295,47.800296],[26.682944,47.800248],[26.682812,47.800256],[26.682822,47.800331],[26.682987,47.800321],[26.682983,47.800294]]]}},{"type":"Feature","properties":{"nr":null},"geometry":{"type":"Polygon","coordinates":[[[26.683037,47.800305],[26.68309,47.800299],[26.683072,47.800228],[26.683019,47.800234],[26.683037,47.800305]]]}},{"type":"Feature","properties":{"nr":null},"geometry":{"type":"Polygon","coordinates":[[[26.682001,47.800316],[26.682049,47.800317],[26.682049,47.800268],[26.682001,47.800267],[26.682001,47.800316]]]}},{"type":"Feature","properties":{"nr":null},"geometry":{"type":"Polygon","coordinates":[[[26.682018,47.800572],[26.682016,47.800624],[26.682194,47.800628],[26.682196,47.800576],[26.682018,47.800572]]]}},{"type":"Feature","properties":{"nr":null},"geometry":{"type":"Polygon","coordinates":[[[26.682169,47.800276],[26.682181,47.80021],[26.682072,47.8002],[26.68206,47.800265],[26.682169,47.800276]]]}},{"type":"Feature","properties":{"nr":null},"geometry":{"type":"Polygon","coordinates":[[[26.670435,47.804514],[26.67035,47.804595],[26.670459,47.804647],[26.670543,47.804566],[26.670435,47.804514]]]}},{"type":"Feature","properties":{"nr":null},"geometry":{"type":"Polygon","coordinates":[[[26.670643,47.804551],[26.670693,47.804575],[26.670762,47.804507],[26.670711,47.804483],[26.670643,47.804551]]]}},{"type":"Feature","properties":{"nr":null},"geometry":{"type":"Polygon","coordinates":[[[26.669264,47.801954],[26.669091,47.802014],[26.669135,47.802071],[26.66918,47.802055],[26.669195,47.802075],[26.669322,47.802031],[26.669264,47.801954]]]}},{"type":"Feature","properties":{"nr":null},"geometry":{"type":"Polygon","coordinates":[[[26.669689,47.804751],[26.669621,47.804823],[26.669668,47.804845],[26.669657,47.80486],[26.669704,47.804881],[26.669787,47.804793],[26.669689,47.804751]]]}},{"type":"Feature","properties":{"nr":null},"geometry":{"type":"Polygon","coordinates":[[[26.669807,47.804754],[26.669848,47.804775],[26.66997,47.804656],[26.669928,47.804637],[26.669807,47.804754]]]}},{"type":"Feature","properties":{"nr":null},"geometry":{"type":"Polygon","coordinates":[[[26.669674,47.804519],[26.66968,47.804446],[26.669615,47.804443],[26.669607,47.804516],[26.669674,47.804519]]]}},{"type":"Feature","properties":{"nr":null},"geometry":{"type":"Polygon","coordinates":[[[26.670367,47.801783],[26.670333,47.801737],[26.670205,47.801775],[26.670235,47.801822],[26.670318,47.801805],[26.670314,47.801799],[26.670367,47.801783]]]}},{"type":"Feature","properties":{"nr":null},"geometry":{"type":"Polygon","coordinates":[[[26.670282,47.801881],[26.67024,47.801901],[26.670305,47.801961],[26.670347,47.80194],[26.670282,47.801881]]]}}]}