{"type":"FeatureCollection","name":"zona_534_955","features":[{"type":"Feature","properties":{"nr":null},"geometry":{"type":"Polygon","coordinates":[[[26.70222,47.753031],[26.704507,47.752295],[26.703672,47.751344],[26.701271,47.751339],[26.701183,47.751795],[26.70222,47.753031]]]}},{"type":"Feature","properties":{"nr":null},"geometry":{"type":"Polygon","coordinates":[[[26.719158,47.752219],[26.717444,47.750627],[26.717457,47.750661],[26.717419,47.750727],[26.717365,47.750748],[26.719023,47.75229],[26.719158,47.752219]]]}},{"type":"Feature","properties":{"nr":null},"geometry":{"type":"Polygon","coordinates":[[[26.723887,47.750922],[26.723709,47.750907],[26.723299,47.753241],[26.723489,47.753192],[26.723887,47.750922]]]}},{"type":"Feature","properties":{"nr":null},"geometry":{"type":"Polygon","coordinates":[[[26.717758,47.750253],[26.719721,47.751968],[26.720058,47.751773],[26.718214,47.75033],[26.717894,47.750178],[26.717758,47.750253]]]}},{"type":"Feature","properties":{"nr":null},"geometry":{"type":"Polygon","coordinates":[[[26.699749,47.750565],[26.699592,47.750679],[26.699524,47.750741],[26.701208,47.751667],[26.70126,47.751396],[26.699749,47.750565]]]}},{"type":"Feature","properties":{"nr":null},"geometry":{"type":"Polygon","coordinates":[[[26.722029,47.753602],[26.722225,47.753445],[26.722464,47.750987],[26.722264,47.751057],[26.722029,47.753602]]]}},{"type":"Feature","properties":{"nr":null},"geometry":{"type":"Polygon","coordinates":[[[26.732798,47.749764],[26.724053,47.744954],[26.723559,47.745457],[26.73215,47.750026],[26.732798,47.749764]]]}},{"type":"Feature","properties":{"nr":null},"geometry":{"type":"Polygon","coordinates":[[[26.721232,47.753716],[26.721775,47.751266],[26.721667,47.751326],[26.721083,47.753689],[26.721232,47.753716]]]}},{"type":"Feature","properties":{"nr":null},"geometry":{"type":"Polygon","coordinates":[[[26.701301,47.751255],[26.701443,47.750942],[26.700194,47.750249],[26.699877,47.750472],[26.701301,47.751255]]]}},{"type":"Feature","properties":{"nr":null},"geometry":{"type":"Polygon","coordinates":[[[26.720991,47.753671],[26.721083,47.753689],[26.721667,47.751326],[26.721217,47.751496],[26.72071,47.753583],[26.720815,47.753604],[26.720991,47.753671]]]}},{"type":"Feature","properties":{"nr":null},"geometry":{"type":"Polygon","coordinates":[[[26.701337,47.754094],[26.701593,47.754185],[26.70197,47.754238],[26.702526,47.754253],[26.702605,47.752968],[26.701801,47.753244],[26.701702,47.753406],[26.701417,47.753409],[26.701446,47.753833],[26.701313,47.753816],[26.701285,47.753838],[26.701259,47.753918],[26.701254,47.753987],[26.701276,47.754037],[26.701337,47.754094]]]}},{"type":"Feature","properties":{"nr":null},"geometry":{"type":"Polygon","coordinates":[[[26.70127,47.751341],[26.701305,47.751257],[26.699877,47.750472],[26.699749,47.750565],[26.70126,47.751396],[26.70127,47.751341]]]}},{"type":"Feature","properties":{"nr":null},"geometry":{"type":"Polygon","coordinates":[[[26.702526,47.754253],[26.703249,47.754287],[26.703887,47.754368],[26.704216,47.754385],[26.704416,47.754376],[26.704582,47.754356],[26.704846,47.754264],[26.705054,47.754208],[26.705265,47.754205],[26.705398,47.754194],[26.705618,47.754138],[26.705849,47.754057],[26.704674,47.752272],[26.702605,47.752968],[26.702526,47.754253]]]}},{"type":"Feature","properties":{"nr":null},"geometry":{"type":"Polygon","coordinates":[[[26.704917,47.751835],[26.705326,47.751688],[26.702605,47.749671],[26.702318,47.749909],[26.704917,47.751835]]]}},{"type":"Feature","properties":{"nr":null},"geometry":{"type":"Polygon","coordinates":[[[26.705326,47.751688],[26.705714,47.751548],[26.702792,47.749382],[26.70271,47.749584],[26.702605,47.749671],[26.705326,47.751688]]]}},{"type":"Feature","properties":{"nr":null},"geometry":{"type":"Polygon","coordinates":[[[26.703672,47.751344],[26.702055,47.750146],[26.701689,47.750475],[26.701484,47.750865],[26.701392,47.751062],[26.703672,47.751344]]]}},{"type":"Feature","properties":{"nr":null},"geometry":{"type":"Polygon","coordinates":[[[26.704299,47.752058],[26.704917,47.751835],[26.702318,47.749909],[26.702055,47.750146],[26.703672,47.751344],[26.704299,47.752058]]]}},{"type":"Feature","properties":{"nr":null},"geometry":{"type":"Polygon","coordinates":[[[26.705714,47.751548],[26.706082,47.751418],[26.703047,47.749169],[26.702792,47.749381],[26.705714,47.751548]]]}},{"type":"Feature","properties":{"nr":null},"geometry":{"type":"Polygon","coordinates":[[[26.706082,47.751418],[26.706326,47.751339],[26.706428,47.751289],[26.703231,47.748919],[26.703216,47.748932],[26.703149,47.749084],[26.703047,47.749169],[26.706082,47.751418]]]}},{"type":"Feature","properties":{"nr":null},"geometry":{"type":"Polygon","coordinates":[[[26.707327,47.750853],[26.703937,47.748341],[26.703717,47.748534],[26.707035,47.750994],[26.707327,47.750853]]]}},{"type":"Feature","properties":{"nr":null},"geometry":{"type":"Polygon","coordinates":[[[26.707893,47.750578],[26.704375,47.74797],[26.704158,47.748154],[26.707612,47.750714],[26.707893,47.750578]]]}},{"type":"Feature","properties":{"nr":null},"geometry":{"type":"Polygon","coordinates":[[[26.708165,47.750442],[26.704581,47.747785],[26.704375,47.74797],[26.707893,47.750578],[26.708165,47.750442]]]}},{"type":"Feature","properties":{"nr":null},"geometry":{"type":"Polygon","coordinates":[[[26.708695,47.750177],[26.705002,47.747439],[26.704783,47.747604],[26.708432,47.750309],[26.708695,47.750177]]]}},{"type":"Feature","properties":{"nr":null},"geometry":{"type":"Polygon","coordinates":[[[26.708955,47.750047],[26.705218,47.747277],[26.705002,47.747439],[26.708695,47.750177],[26.708955,47.750047]]]}},{"type":"Feature","properties":{"nr":null},"geometry":{"type":"Polygon","coordinates":[[[26.709212,47.749918],[26.705451,47.747129],[26.705219,47.747277],[26.708955,47.750047],[26.709212,47.749918]]]}},{"type":"Feature","properties":{"nr":null},"geometry":{"type":"Polygon","coordinates":[[[26.708432,47.750309],[26.704783,47.747604],[26.704581,47.747785],[26.708165,47.750442],[26.708432,47.750309]]]}},{"type":"Feature","properties":{"nr":null},"geometry":{"type":"Polygon","coordinates":[[[26.707035,47.750994],[26.703717,47.748534],[26.703516,47.748752],[26.706737,47.75114],[26.707035,47.750994]]]}},{"type":"Feature","properties":{"nr":null},"geometry":{"type":"Polygon","coordinates":[[[26.706737,47.75114],[26.703516,47.748752],[26.703402,47.748878],[26.703302,47.748972],[26.706428,47.751289],[26.706737,47.75114]]]}},{"type":"Feature","properties":{"nr":null},"geometry":{"type":"Polygon","coordinates":[[[26.709246,47.752259],[26.707946,47.750552],[26.706943,47.751039],[26.708314,47.75284],[26.708421,47.752743],[26.709246,47.752259]]]}},{"type":"Feature","properties":{"nr":null},"geometry":{"type":"Polygon","coordinates":[[[26.724767,47.751043],[26.724398,47.751027],[26.723946,47.753042],[26.724263,47.752953],[26.724767,47.751043]]]}},{"type":"Feature","properties":{"nr":null},"geometry":{"type":"Polygon","coordinates":[[[26.723315,47.753148],[26.723701,47.750949],[26.723436,47.750929],[26.723039,47.753188],[26.723315,47.753148]]]}},{"type":"Feature","properties":{"nr":null},"geometry":{"type":"Polygon","coordinates":[[[26.701106,47.752639],[26.699067,47.751757],[26.698874,47.752747],[26.700421,47.753416],[26.700673,47.753319],[26.700887,47.753187],[26.701055,47.752952],[26.701106,47.752639]]]}},{"type":"Feature","properties":{"nr":null},"geometry":{"type":"Polygon","coordinates":[[[26.724753,47.752263],[26.727346,47.751367],[26.727215,47.752267],[26.727307,47.75227],[26.727348,47.752223],[26.72738,47.752212],[26.72758,47.750937],[26.727406,47.750951],[26.727366,47.751229],[26.7248,47.752108],[26.724753,47.752263]]]}},{"type":"Feature","properties":{"nr":null},"geometry":{"type":"Polygon","coordinates":[[[26.723559,47.745457],[26.722843,47.746175],[26.722673,47.746356],[26.730918,47.750741],[26.732344,47.750129],[26.723559,47.745457]]]}},{"type":"Feature","properties":{"nr":null},"geometry":{"type":"Polygon","coordinates":[[[26.730918,47.750741],[26.722673,47.746356],[26.722331,47.74671],[26.721913,47.747047],[26.728669,47.75064],[26.72963,47.750786],[26.730464,47.750868],[26.730647,47.750841],[26.730918,47.750741]]]}},{"type":"Feature","properties":{"nr":null},"geometry":{"type":"Polygon","coordinates":[[[26.728669,47.75064],[26.721913,47.747047],[26.721479,47.747353],[26.721256,47.747536],[26.720893,47.747861],[26.726587,47.750889],[26.726847,47.750865],[26.72721,47.750792],[26.727643,47.750728],[26.728269,47.750599],[26.728669,47.75064]]]}},{"type":"Feature","properties":{"nr":null},"geometry":{"type":"Polygon","coordinates":[[[26.694474,47.755931],[26.694607,47.756209],[26.696861,47.756222],[26.697012,47.756642],[26.697089,47.756628],[26.697114,47.756687],[26.697241,47.756885],[26.69735,47.757025],[26.697388,47.757063],[26.697437,47.757093],[26.697503,47.757098],[26.697637,47.757085],[26.697934,47.756939],[26.698438,47.756648],[26.69898,47.756386],[26.698897,47.756263],[26.699194,47.756161],[26.700032,47.755838],[26.700072,47.755793],[26.699914,47.75557],[26.699731,47.75529],[26.699957,47.755262],[26.700073,47.755214],[26.700236,47.75507],[26.700237,47.754935],[26.699987,47.754825],[26.699355,47.754966],[26.698822,47.754344],[26.698431,47.754046],[26.698365,47.754035],[26.69849,47.754241],[26.69834,47.754263],[26.698245,47.754506],[26.69768,47.754554],[26.697526,47.754116],[26.696215,47.754391],[26.696642,47.755567],[26.694472,47.755908],[26.694474,47.755931]]]}},{"type":"Feature","properties":{"nr":null},"geometry":{"type":"Polygon","coordinates":[[[26.700578,47.749895],[26.699704,47.749359],[26.699424,47.74956],[26.698349,47.750289],[26.698223,47.750212],[26.698268,47.750144],[26.698367,47.749887],[26.698302,47.74986],[26.698108,47.749923],[26.697924,47.750031],[26.697749,47.749925],[26.697657,47.749953],[26.698304,47.750349],[26.69908,47.749801],[26.699955,47.750338],[26.700578,47.749895]]]}},{"type":"Feature","properties":{"nr":null},"geometry":{"type":"Polygon","coordinates":[[[26.711034,47.752587],[26.709261,47.753393],[26.710012,47.754293],[26.710153,47.754235],[26.71032,47.754222],[26.710585,47.754121],[26.711346,47.753641],[26.711778,47.753336],[26.711034,47.752587]]]}},{"type":"Feature","properties":{"nr":null},"geometry":{"type":"Polygon","coordinates":[[[26.694112,47.757538],[26.694228,47.757572],[26.694668,47.757625],[26.694923,47.757629],[26.69519,47.757587],[26.695984,47.757532],[26.696666,47.757517],[26.697244,47.757461],[26.697612,47.757387],[26.697944,47.757272],[26.698279,47.757117],[26.698705,47.756856],[26.69913,47.756547],[26.699733,47.756164],[26.699939,47.756106],[26.700047,47.756047],[26.700149,47.75592],[26.700539,47.75574],[26.700852,47.755692],[26.701117,47.755667],[26.701175,47.7556],[26.701305,47.755588],[26.701726,47.755491],[26.702649,47.755185],[26.703126,47.755078],[26.703098,47.755039],[26.702885,47.755074],[26.701689,47.755455],[26.700972,47.755632],[26.700679,47.75566],[26.700481,47.755727],[26.700202,47.755857],[26.700024,47.755994],[26.699967,47.756048],[26.699531,47.756218],[26.699058,47.756506],[26.698814,47.756702],[26.698723,47.756793],[26.698586,47.75686],[26.698349,47.757003],[26.698078,47.757148],[26.69781,47.757259],[26.697382,47.757357],[26.696865,47.757434],[26.695387,47.757499],[26.695312,47.757529],[26.694972,47.757522],[26.694512,47.757545],[26.694098,47.75749],[26.693944,47.757507],[26.693815,47.757526],[26.693621,47.75761],[26.693076,47.757903],[26.692909,47.757953],[26.693005,47.75803],[26.693562,47.75772],[26.693764,47.757626],[26.69404,47.757541],[26.694112,47.757538]]]}},{"type":"Feature","properties":{"nr":null},"geometry":{"type":"Polygon","coordinates":[[[26.699913,47.755036],[26.699925,47.755068],[26.699962,47.755103],[26.700006,47.755121],[26.700073,47.755128],[26.700118,47.755121],[26.700171,47.755097],[26.700202,47.755062],[26.700211,47.755025],[26.700195,47.754983],[26.700161,47.754953],[26.700108,47.754933],[26.700053,47.754928],[26.699991,47.75494],[26.699944,47.754967],[26.699922,47.754993],[26.699913,47.755036]]]}},{"type":"Feature","properties":{"nr":null},"geometry":{"type":"Polygon","coordinates":[[[26.699951,47.754956],[26.700026,47.754926],[26.699958,47.754842],[26.699881,47.754871],[26.699951,47.754956]]]}},{"type":"Feature","properties":{"nr":null},"geometry":{"type":"Polygon","coordinates":[[[26.710513,47.773403],[26.710308,47.773289],[26.709347,47.773907],[26.70953,47.774036],[26.710513,47.773403]]]}},{"type":"Feature","properties":{"nr":null},"geometry":{"type":"Polygon","coordinates":[[[26.727337,47.759026],[26.726719,47.758622],[26.726312,47.758872],[26.726601,47.759083],[26.726793,47.758967],[26.727106,47.759177],[26.727337,47.759026]]]}},{"type":"Feature","properties":{"nr":null},"geometry":{"type":"Polygon","coordinates":[[[26.716749,47.766289],[26.717129,47.766711],[26.717349,47.766584],[26.716907,47.766198],[26.716749,47.766289]]]}},{"type":"Feature","properties":{"nr":null},"geometry":{"type":"Polygon","coordinates":[[[26.726956,47.783732],[26.725895,47.783698],[26.725886,47.783905],[26.726942,47.783939],[26.726956,47.783732]]]}},{"type":"Feature","properties":{"nr":null},"geometry":{"type":"Polygon","coordinates":[[[26.730111,47.752924],[26.73041,47.752865],[26.730608,47.752817],[26.73012,47.752089],[26.729905,47.752142],[26.729571,47.751663],[26.729434,47.751679],[26.729268,47.75175],[26.730111,47.752924]]]}},{"type":"Feature","properties":{"nr":null},"geometry":{"type":"Polygon","coordinates":[[[26.722958,47.780906],[26.722724,47.780878],[26.722272,47.781124],[26.722843,47.781192],[26.722958,47.780906]]]}},{"type":"Feature","properties":{"nr":null},"geometry":{"type":"Polygon","coordinates":[[[26.7236,47.780983],[26.722958,47.780906],[26.722843,47.781192],[26.723485,47.781268],[26.7236,47.780983]]]}},{"type":"Feature","properties":{"nr":null},"geometry":{"type":"Polygon","coordinates":[[[26.723731,47.780658],[26.723256,47.780589],[26.722724,47.780878],[26.7236,47.780983],[26.723731,47.780658]]]}},{"type":"Feature","properties":{"nr":null},"geometry":{"type":"Polygon","coordinates":[[[26.72012,47.765796],[26.719491,47.765377],[26.719163,47.765583],[26.719801,47.766009],[26.72012,47.765796]]]}},{"type":"Feature","properties":{"nr":null},"geometry":{"type":"Polygon","coordinates":[[[26.728236,47.760468],[26.728436,47.760284],[26.728415,47.760279],[26.728166,47.760121],[26.727988,47.76002],[26.727686,47.759823],[26.72746,47.759973],[26.727681,47.760129],[26.727801,47.760202],[26.727942,47.760275],[26.728236,47.760468]]]}},{"type":"Feature","properties":{"nr":null},"geometry":{"type":"Polygon","coordinates":[[[26.723485,47.781268],[26.722272,47.781124],[26.72219,47.781169],[26.723464,47.78132],[26.723485,47.781268]]]}},{"type":"Feature","properties":{"nr":null},"geometry":{"type":"Polygon","coordinates":[[[26.723464,47.78132],[26.723039,47.78127],[26.722867,47.781698],[26.72329,47.781754],[26.723464,47.78132]]]}},{"type":"Feature","properties":{"nr":null},"geometry":{"type":"Polygon","coordinates":[[[26.723039,47.78127],[26.722771,47.781238],[26.7226,47.781663],[26.722867,47.781698],[26.723039,47.78127]]]}},{"type":"Feature","properties":{"nr":null},"geometry":{"type":"Polygon","coordinates":[[[26.722771,47.781238],[26.72219,47.781169],[26.7224,47.781636],[26.7226,47.781663],[26.722771,47.781238]]]}},{"type":"Feature","properties":{"nr":null},"geometry":{"type":"Polygon","coordinates":[[[26.73274,47.751918],[26.733649,47.752798],[26.734017,47.752695],[26.733054,47.751761],[26.73274,47.751918]]]}},{"type":"Feature","properties":{"nr":null},"geometry":{"type":"Polygon","coordinates":[[[26.718345,47.800308],[26.71839,47.800292],[26.716985,47.798326],[26.716855,47.798416],[26.718248,47.800365],[26.718345,47.800308]]]}},{"type":"Feature","properties":{"nr":null},"geometry":{"type":"Polygon","coordinates":[[[26.715388,47.765251],[26.714783,47.764808],[26.714558,47.764964],[26.715169,47.765411],[26.715388,47.765251]]]}},{"type":"Feature","properties":{"nr":null},"geometry":{"type":"Polygon","coordinates":[[[26.718845,47.763908],[26.718218,47.763494],[26.71811,47.763569],[26.71873,47.763979],[26.718845,47.763908]]]}},{"type":"Feature","properties":{"nr":null},"geometry":{"type":"Polygon","coordinates":[[[26.712415,47.795667],[26.711022,47.79431],[26.710593,47.794463],[26.711987,47.795824],[26.712415,47.795667]]]}},{"type":"Feature","properties":{"nr":null},"geometry":{"type":"Polygon","coordinates":[[[26.719805,47.757616],[26.719503,47.757427],[26.719476,47.757443],[26.719404,47.757385],[26.719421,47.757376],[26.719264,47.757277],[26.719088,47.757403],[26.71963,47.757743],[26.719805,47.757616]]]}},{"type":"Feature","properties":{"nr":null},"geometry":{"type":"Polygon","coordinates":[[[26.719973,47.757494],[26.719483,47.757126],[26.719264,47.757277],[26.719421,47.757376],[26.719404,47.757385],[26.719476,47.757443],[26.719503,47.757427],[26.719805,47.757616],[26.719973,47.757494]]]}},{"type":"Feature","properties":{"nr":null},"geometry":{"type":"Polygon","coordinates":[[[26.727571,47.755068],[26.727244,47.75484],[26.726955,47.755045],[26.727262,47.755255],[26.727571,47.755068]]]}},{"type":"Feature","properties":{"nr":null},"geometry":{"type":"Polygon","coordinates":[[[26.725671,47.757421],[26.725522,47.757524],[26.726142,47.757945],[26.726304,47.757844],[26.725671,47.757421]]]}},{"type":"Feature","properties":{"nr":null},"geometry":{"type":"Polygon","coordinates":[[[26.712079,47.757725],[26.713397,47.758825],[26.713817,47.759219],[26.713997,47.759099],[26.713661,47.758687],[26.712304,47.757576],[26.712079,47.757725]]]}},{"type":"Feature","properties":{"nr":null},"geometry":{"type":"Polygon","coordinates":[[[26.723791,47.761393],[26.72411,47.761178],[26.723505,47.76077],[26.723196,47.760978],[26.723791,47.761393]]]}},{"type":"Feature","properties":{"nr":null},"geometry":{"type":"Polygon","coordinates":[[[26.715911,47.758364],[26.715997,47.758291],[26.715576,47.758092],[26.715467,47.758206],[26.715911,47.758364]]]}},{"type":"Feature","properties":{"nr":null},"geometry":{"type":"Polygon","coordinates":[[[26.714801,47.757059],[26.714753,47.757096],[26.715644,47.757859],[26.715692,47.757822],[26.714801,47.757059]]]}},{"type":"Feature","properties":{"nr":null},"geometry":{"type":"Polygon","coordinates":[[[26.728302,47.762238],[26.728119,47.762357],[26.73058,47.763878],[26.731975,47.7647],[26.73214,47.764592],[26.730722,47.763759],[26.728302,47.762238]]]}},{"type":"Feature","properties":{"nr":null},"geometry":{"type":"Polygon","coordinates":[[[26.730085,47.755937],[26.729585,47.755625],[26.729261,47.755879],[26.730031,47.756359],[26.730574,47.755986],[26.730281,47.755803],[26.730085,47.755937]]]}},{"type":"Feature","properties":{"nr":null},"geometry":{"type":"Polygon","coordinates":[[[26.727471,47.759881],[26.727655,47.759773],[26.727055,47.75939],[26.726888,47.759501],[26.727471,47.759881]]]}},{"type":"Feature","properties":{"nr":null},"geometry":{"type":"Polygon","coordinates":[[[26.723723,47.756153],[26.724237,47.756459],[26.724379,47.756356],[26.723752,47.755946],[26.723586,47.756064],[26.723723,47.756153]]]}},{"type":"Feature","properties":{"nr":null},"geometry":{"type":"Polygon","coordinates":[[[26.722214,47.772903],[26.728953,47.777159],[26.72906,47.77709],[26.722318,47.772832],[26.722214,47.772903]]]}},{"type":"Feature","properties":{"nr":null},"geometry":{"type":"Polygon","coordinates":[[[26.726731,47.765155],[26.726862,47.765052],[26.725805,47.764391],[26.725892,47.764332],[26.725494,47.764074],[26.72527,47.764227],[26.726058,47.764721],[26.726731,47.765155]]]}},{"type":"Feature","properties":{"nr":null},"geometry":{"type":"Polygon","coordinates":[[[26.722567,47.761412],[26.723185,47.761825],[26.723797,47.761411],[26.723183,47.760983],[26.722567,47.761412]]]}},{"type":"Feature","properties":{"nr":null},"geometry":{"type":"Polygon","coordinates":[[[26.725484,47.759411],[26.724863,47.758964],[26.724825,47.758989],[26.725447,47.759437],[26.725484,47.759411]]]}},{"type":"Feature","properties":{"nr":null},"geometry":{"type":"Polygon","coordinates":[[[26.724863,47.758964],[26.725484,47.759411],[26.725665,47.759286],[26.725023,47.758857],[26.724863,47.758964]]]}},{"type":"Feature","properties":{"nr":null},"geometry":{"type":"Polygon","coordinates":[[[26.716809,47.761535],[26.717129,47.761312],[26.716469,47.760885],[26.716163,47.761108],[26.716809,47.761535]]]}},{"type":"Feature","properties":{"nr":null},"geometry":{"type":"Polygon","coordinates":[[[26.721049,47.764336],[26.72074,47.764538],[26.721353,47.764971],[26.721653,47.764767],[26.721049,47.764336]]]}},{"type":"Feature","properties":{"nr":null},"geometry":{"type":"Polygon","coordinates":[[[26.720262,47.76584],[26.719982,47.766034],[26.720795,47.766571],[26.721067,47.766381],[26.720262,47.76584]]]}},{"type":"Feature","properties":{"nr":null},"geometry":{"type":"Polygon","coordinates":[[[26.703672,47.769076],[26.703602,47.769032],[26.703293,47.769244],[26.703858,47.769555],[26.704002,47.769439],[26.703529,47.769174],[26.703672,47.769076]]]}},{"type":"Feature","properties":{"nr":null},"geometry":{"type":"Polygon","coordinates":[[[26.729002,47.759822],[26.728322,47.759399],[26.727675,47.759805],[26.728444,47.760276],[26.729002,47.759822]]]}},{"type":"Feature","properties":{"nr":null},"geometry":{"type":"Polygon","coordinates":[[[26.719947,47.769778],[26.723379,47.772039],[26.723697,47.771823],[26.718745,47.768569],[26.718453,47.768785],[26.719947,47.769778]]]}},{"type":"Feature","properties":{"nr":null},"geometry":{"type":"Polygon","coordinates":[[[26.707861,47.765895],[26.707989,47.765802],[26.706299,47.76472],[26.706187,47.764806],[26.707861,47.765895]]]}},{"type":"Feature","properties":{"nr":null},"geometry":{"type":"Polygon","coordinates":[[[26.730007,47.767543],[26.726559,47.765276],[26.72655,47.765282],[26.725873,47.764823],[26.725779,47.764882],[26.726479,47.765329],[26.72993,47.767597],[26.730007,47.767543]]]}},{"type":"Feature","properties":{"nr":null},"geometry":{"type":"Polygon","coordinates":[[[26.725873,47.764823],[26.725573,47.764618],[26.725468,47.764682],[26.725779,47.764882],[26.725873,47.764823]]]}},{"type":"Feature","properties":{"nr":null},"geometry":{"type":"Polygon","coordinates":[[[26.720215,47.758163],[26.719458,47.757649],[26.719306,47.757751],[26.720105,47.758239],[26.720215,47.758163]]]}},{"type":"Feature","properties":{"nr":null},"geometry":{"type":"Polygon","coordinates":[[[26.720105,47.758239],[26.719306,47.757751],[26.719122,47.757873],[26.719925,47.758363],[26.720105,47.758239]]]}},{"type":"Feature","properties":{"nr":null},"geometry":{"type":"Polygon","coordinates":[[[26.732492,47.759215],[26.731078,47.758368],[26.730572,47.758678],[26.731994,47.759605],[26.732492,47.759215]]]}},{"type":"Feature","properties":{"nr":null},"geometry":{"type":"Polygon","coordinates":[[[26.727432,47.778054],[26.727661,47.777919],[26.720967,47.773708],[26.720767,47.773862],[26.727432,47.778054]]]}},{"type":"Feature","properties":{"nr":null},"geometry":{"type":"Polygon","coordinates":[[[26.728655,47.784061],[26.729117,47.783899],[26.727181,47.783204],[26.727015,47.783495],[26.726956,47.783732],[26.726942,47.783939],[26.727245,47.783949],[26.727211,47.784338],[26.727619,47.784316],[26.728655,47.784061]]]}},{"type":"Feature","properties":{"nr":null},"geometry":{"type":"Polygon","coordinates":[[[26.726942,47.783939],[26.726913,47.784349],[26.727211,47.784338],[26.727245,47.783949],[26.726942,47.783939]]]}},{"type":"Feature","properties":{"nr":null},"geometry":{"type":"Polygon","coordinates":[[[26.700884,47.796483],[26.700369,47.796476],[26.700332,47.796996],[26.700411,47.797003],[26.700788,47.796695],[26.700884,47.796483]]]}},{"type":"Feature","properties":{"nr":null},"geometry":{"type":"Polygon","coordinates":[[[26.722359,47.754152],[26.722179,47.753696],[26.722096,47.753765],[26.721918,47.753824],[26.721798,47.753914],[26.72171,47.753945],[26.721583,47.753955],[26.721494,47.753942],[26.721221,47.753861],[26.720989,47.75384],[26.721452,47.754408],[26.721845,47.754283],[26.7222,47.7542],[26.722359,47.754152]]]}},{"type":"Feature","properties":{"nr":null},"geometry":{"type":"Polygon","coordinates":[[[26.726913,47.784349],[26.726942,47.783939],[26.726414,47.783922],[26.726383,47.784368],[26.726913,47.784349]]]}},{"type":"Feature","properties":{"nr":null},"geometry":{"type":"Polygon","coordinates":[[[26.726383,47.784368],[26.726414,47.783922],[26.726361,47.78392],[26.726329,47.78437],[26.726383,47.784368]]]}},{"type":"Feature","properties":{"nr":null},"geometry":{"type":"Polygon","coordinates":[[[26.726361,47.78392],[26.725886,47.783905],[26.725866,47.784387],[26.726329,47.78437],[26.726361,47.78392]]]}},{"type":"Feature","properties":{"nr":null},"geometry":{"type":"Polygon","coordinates":[[[26.719415,47.759314],[26.719739,47.759549],[26.720081,47.759326],[26.719736,47.759086],[26.719415,47.759314]]]}},{"type":"Feature","properties":{"nr":null},"geometry":{"type":"Polygon","coordinates":[[[26.727809,47.757824],[26.728107,47.757618],[26.727477,47.757201],[26.727175,47.757407],[26.727809,47.757824]]]}},{"type":"Feature","properties":{"nr":null},"geometry":{"type":"Polygon","coordinates":[[[26.700268,47.758369],[26.700455,47.758805],[26.700906,47.758722],[26.700468,47.757809],[26.700031,47.757925],[26.700268,47.758369]]]}},{"type":"Feature","properties":{"nr":null},"geometry":{"type":"Polygon","coordinates":[[[26.71057,47.763436],[26.710348,47.763225],[26.709412,47.764328],[26.709626,47.764526],[26.71057,47.763436]]]}},{"type":"Feature","properties":{"nr":null},"geometry":{"type":"Polygon","coordinates":[[[26.718841,47.762016],[26.719009,47.761898],[26.718391,47.761469],[26.718187,47.761606],[26.718841,47.762016]]]}},{"type":"Feature","properties":{"nr":null},"geometry":{"type":"Polygon","coordinates":[[[26.712296,47.763748],[26.711615,47.763276],[26.711198,47.763546],[26.711937,47.76402],[26.712296,47.763748]]]}},{"type":"Feature","properties":{"nr":null},"geometry":{"type":"Polygon","coordinates":[[[26.706931,47.768385],[26.706414,47.768783],[26.713091,47.772404],[26.713633,47.772031],[26.706931,47.768385]]]}},{"type":"Feature","properties":{"nr":null},"geometry":{"type":"Polygon","coordinates":[[[26.715553,47.761382],[26.71517,47.76112],[26.715155,47.761132],[26.715096,47.761102],[26.714877,47.761263],[26.715316,47.761556],[26.715553,47.761382]]]}},{"type":"Feature","properties":{"nr":null},"geometry":{"type":"Polygon","coordinates":[[[26.714086,47.760563],[26.713982,47.760648],[26.714673,47.761115],[26.714789,47.761033],[26.714086,47.760563]]]}},{"type":"Feature","properties":{"nr":null},"geometry":{"type":"Polygon","coordinates":[[[26.722244,47.757841],[26.721928,47.757633],[26.721768,47.757744],[26.722078,47.757955],[26.722244,47.757841]]]}},{"type":"Feature","properties":{"nr":null},"geometry":{"type":"Polygon","coordinates":[[[26.721928,47.757633],[26.721596,47.757415],[26.721442,47.757522],[26.721768,47.757744],[26.721928,47.757633]]]}},{"type":"Feature","properties":{"nr":null},"geometry":{"type":"Polygon","coordinates":[[[26.707051,47.802412],[26.70293,47.797566],[26.702832,47.797654],[26.703037,47.797926],[26.706919,47.80249],[26.707051,47.802412]]]}},{"type":"Feature","properties":{"nr":null},"geometry":{"type":"Polygon","coordinates":[[[26.702883,47.794598],[26.703566,47.794278],[26.703615,47.794221],[26.703608,47.79415],[26.703565,47.794059],[26.702776,47.794271],[26.702883,47.794598]]]}},{"type":"Feature","properties":{"nr":null},"geometry":{"type":"Polygon","coordinates":[[[26.724239,47.771482],[26.719312,47.768211],[26.719201,47.768286],[26.724129,47.771557],[26.724239,47.771482]]]}},{"type":"Feature","properties":{"nr":null},"geometry":{"type":"Polygon","coordinates":[[[26.724512,47.763226],[26.724334,47.763084],[26.724128,47.763226],[26.724328,47.763364],[26.724512,47.763226]]]}},{"type":"Feature","properties":{"nr":null},"geometry":{"type":"Polygon","coordinates":[[[26.700771,47.779135],[26.701057,47.779005],[26.696874,47.776706],[26.696637,47.77686],[26.700771,47.779135]]]}},{"type":"Feature","properties":{"nr":null},"geometry":{"type":"Polygon","coordinates":[[[26.719312,47.768211],[26.724239,47.771482],[26.724332,47.771417],[26.719406,47.768147],[26.719312,47.768211]]]}},{"type":"Feature","properties":{"nr":null},"geometry":{"type":"Polygon","coordinates":[[[26.724995,47.755954],[26.725635,47.756377],[26.725947,47.756168],[26.725303,47.755739],[26.724995,47.755954]]]}},{"type":"Feature","properties":{"nr":null},"geometry":{"type":"Polygon","coordinates":[[[26.696164,47.772781],[26.703113,47.776773],[26.703398,47.77659],[26.696503,47.772629],[26.696164,47.772781]]]}},{"type":"Feature","properties":{"nr":null},"geometry":{"type":"Polygon","coordinates":[[[26.702594,47.797868],[26.70251,47.798093],[26.706498,47.802697],[26.706747,47.802563],[26.702594,47.797868]]]}},{"type":"Feature","properties":{"nr":null},"geometry":{"type":"Polygon","coordinates":[[[26.726891,47.763037],[26.726781,47.762952],[26.726866,47.762902],[26.726391,47.762572],[26.726175,47.7627],[26.72676,47.763122],[26.726891,47.763037]]]}},{"type":"Feature","properties":{"nr":null},"geometry":{"type":"Polygon","coordinates":[[[26.725009,47.770937],[26.725269,47.770762],[26.721859,47.768518],[26.721594,47.768695],[26.72337,47.769849],[26.725009,47.770937]]]}},{"type":"Feature","properties":{"nr":null},"geometry":{"type":"Polygon","coordinates":[[[26.73282,47.794187],[26.733126,47.793769],[26.733725,47.793043],[26.732662,47.792479],[26.732449,47.792763],[26.732076,47.793107],[26.73194,47.793215],[26.731524,47.793453],[26.73282,47.794187]]]}},{"type":"Feature","properties":{"nr":null},"geometry":{"type":"Polygon","coordinates":[[[26.729801,47.75162],[26.730001,47.751595],[26.729579,47.75097],[26.729043,47.7509],[26.728666,47.750824],[26.728525,47.750787],[26.728415,47.750773],[26.728296,47.75077],[26.728148,47.750781],[26.72882,47.751725],[26.728839,47.75172],[26.728887,47.751803],[26.729563,47.751651],[26.729905,47.752142],[26.73012,47.752089],[26.729801,47.75162]]]}},{"type":"Feature","properties":{"nr":null},"geometry":{"type":"Polygon","coordinates":[[[26.698213,47.775825],[26.697945,47.776018],[26.701666,47.77803],[26.701591,47.777761],[26.701543,47.777679],[26.701292,47.777489],[26.698213,47.775825]]]}},{"type":"Feature","properties":{"nr":null},"geometry":{"type":"Polygon","coordinates":[[[26.716829,47.766117],[26.717216,47.765881],[26.71658,47.76546],[26.716195,47.765698],[26.716829,47.766117]]]}},{"type":"Feature","properties":{"nr":null},"geometry":{"type":"Polygon","coordinates":[[[26.701026,47.784657],[26.696282,47.781977],[26.696177,47.782044],[26.700934,47.784731],[26.701026,47.784657]]]}},{"type":"Feature","properties":{"nr":null},"geometry":{"type":"Polygon","coordinates":[[[26.720457,47.774051],[26.727152,47.778263],[26.72729,47.778171],[26.720592,47.773957],[26.720457,47.774051]]]}},{"type":"Feature","properties":{"nr":null},"geometry":{"type":"Polygon","coordinates":[[[26.702597,47.758525],[26.702119,47.757415],[26.702018,47.757438],[26.70249,47.758527],[26.702597,47.758525]]]}},{"type":"Feature","properties":{"nr":null},"geometry":{"type":"Polygon","coordinates":[[[26.733107,47.774583],[26.726149,47.770208],[26.72611,47.770235],[26.733077,47.774605],[26.733107,47.774583]]]}},{"type":"Feature","properties":{"nr":null},"geometry":{"type":"Polygon","coordinates":[[[26.733077,47.774605],[26.72611,47.770235],[26.726045,47.77028],[26.733012,47.77465],[26.733077,47.774605]]]}},{"type":"Feature","properties":{"nr":null},"geometry":{"type":"Polygon","coordinates":[[[26.714942,47.770976],[26.707134,47.766615],[26.706912,47.766766],[26.714733,47.771133],[26.714942,47.770976]]]}},{"type":"Feature","properties":{"nr":null},"geometry":{"type":"Polygon","coordinates":[[[26.729587,47.75856],[26.728895,47.758114],[26.728497,47.758402],[26.728676,47.758515],[26.729219,47.758829],[26.729587,47.75856]]]}},{"type":"Feature","properties":{"nr":null},"geometry":{"type":"Polygon","coordinates":[[[26.724805,47.761765],[26.724927,47.761689],[26.724258,47.76126],[26.72409,47.761372],[26.72438,47.761558],[26.724429,47.761524],[26.724805,47.761765]]]}},{"type":"Feature","properties":{"nr":null},"geometry":{"type":"Polygon","coordinates":[[[26.7232,47.762852],[26.723334,47.762941],[26.723941,47.762524],[26.723811,47.762433],[26.7232,47.762852]]]}},{"type":"Feature","properties":{"nr":null},"geometry":{"type":"Polygon","coordinates":[[[26.723334,47.762941],[26.723521,47.763066],[26.724128,47.762656],[26.723941,47.762524],[26.723334,47.762941]]]}},{"type":"Feature","properties":{"nr":null},"geometry":{"type":"Polygon","coordinates":[[[26.716021,47.763089],[26.716684,47.7635],[26.717184,47.763151],[26.716562,47.762724],[26.716021,47.763089]]]}},{"type":"Feature","properties":{"nr":null},"geometry":{"type":"Polygon","coordinates":[[[26.719516,47.767113],[26.720139,47.767506],[26.720228,47.767446],[26.719607,47.767054],[26.719516,47.767113]]]}},{"type":"Feature","properties":{"nr":null},"geometry":{"type":"Polygon","coordinates":[[[26.71121,47.753951],[26.711137,47.754005],[26.712405,47.755571],[26.712472,47.755509],[26.71121,47.753951]]]}},{"type":"Feature","properties":{"nr":null},"geometry":{"type":"Polygon","coordinates":[[[26.710988,47.754118],[26.712276,47.755691],[26.712405,47.755571],[26.711137,47.754005],[26.710988,47.754118]]]}},{"type":"Feature","properties":{"nr":null},"geometry":{"type":"Polygon","coordinates":[[[26.723798,47.763451],[26.723644,47.763554],[26.72425,47.763991],[26.724401,47.763895],[26.723798,47.763451]]]}},{"type":"Feature","properties":{"nr":null},"geometry":{"type":"Polygon","coordinates":[[[26.702072,47.769886],[26.696431,47.765589],[26.696065,47.765511],[26.701934,47.769981],[26.702072,47.769886]]]}},{"type":"Feature","properties":{"nr":null},"geometry":{"type":"Polygon","coordinates":[[[26.72093,47.781975],[26.721205,47.782414],[26.722144,47.781755],[26.721946,47.781295],[26.72093,47.781975]]]}},{"type":"Feature","properties":{"nr":null},"geometry":{"type":"Polygon","coordinates":[[[26.719966,47.763164],[26.720579,47.762754],[26.719936,47.76233],[26.719325,47.762748],[26.719966,47.763164]]]}},{"type":"Feature","properties":{"nr":null},"geometry":{"type":"Polygon","coordinates":[[[26.723459,47.764539],[26.723636,47.764406],[26.72301,47.763997],[26.722811,47.764126],[26.723459,47.764539]]]}},{"type":"Feature","properties":{"nr":null},"geometry":{"type":"Polygon","coordinates":[[[26.723168,47.782057],[26.72329,47.781754],[26.722845,47.781695],[26.722861,47.782016],[26.723168,47.782057]]]}},{"type":"Feature","properties":{"nr":null},"geometry":{"type":"Polygon","coordinates":[[[26.722553,47.781976],[26.722861,47.782016],[26.722845,47.781695],[26.7224,47.781636],[26.722553,47.781976]]]}},{"type":"Feature","properties":{"nr":null},"geometry":{"type":"Polygon","coordinates":[[[26.72646,47.760636],[26.727242,47.761168],[26.727395,47.761067],[26.726594,47.760546],[26.72646,47.760636]]]}},{"type":"Feature","properties":{"nr":null},"geometry":{"type":"Polygon","coordinates":[[[26.72183,47.760138],[26.721677,47.760038],[26.721107,47.760438],[26.721263,47.760537],[26.72183,47.760138]]]}},{"type":"Feature","properties":{"nr":null},"geometry":{"type":"Polygon","coordinates":[[[26.723948,47.763347],[26.723798,47.763451],[26.724396,47.763891],[26.724554,47.763794],[26.723948,47.763347]]]}},{"type":"Feature","properties":{"nr":null},"geometry":{"type":"Polygon","coordinates":[[[26.71095,47.77362],[26.710734,47.773508],[26.708348,47.775051],[26.708563,47.775164],[26.71095,47.77362]]]}},{"type":"Feature","properties":{"nr":null},"geometry":{"type":"Polygon","coordinates":[[[26.723305,47.765448],[26.722594,47.764971],[26.722423,47.765085],[26.723128,47.765564],[26.723305,47.765448]]]}},{"type":"Feature","properties":{"nr":null},"geometry":{"type":"Polygon","coordinates":[[[26.727159,47.769442],[26.723803,47.767244],[26.723763,47.767271],[26.727111,47.769477],[26.727159,47.769442]]]}},{"type":"Feature","properties":{"nr":null},"geometry":{"type":"Polygon","coordinates":[[[26.730011,47.767599],[26.729955,47.767641],[26.736834,47.772089],[26.736874,47.772041],[26.730011,47.767599]]]}},{"type":"Feature","properties":{"nr":null},"geometry":{"type":"Polygon","coordinates":[[[26.717735,47.763484],[26.717851,47.763565],[26.717926,47.763514],[26.71781,47.763433],[26.717735,47.763484]]]}},{"type":"Feature","properties":{"nr":null},"geometry":{"type":"Polygon","coordinates":[[[26.721324,47.76327],[26.721459,47.763366],[26.721289,47.763474],[26.721766,47.763834],[26.721988,47.763693],[26.721376,47.763241],[26.721324,47.76327]]]}},{"type":"Feature","properties":{"nr":null},"geometry":{"type":"Polygon","coordinates":[[[26.713904,47.766824],[26.714038,47.766908],[26.714378,47.766647],[26.714325,47.766475],[26.713904,47.766824]]]}},{"type":"Feature","properties":{"nr":null},"geometry":{"type":"Polygon","coordinates":[[[26.723002,47.754084],[26.72386,47.75456],[26.723985,47.754473],[26.723475,47.75414],[26.723438,47.754095],[26.723002,47.754084]]]}},{"type":"Feature","properties":{"nr":null},"geometry":{"type":"Polygon","coordinates":[[[26.714833,47.766843],[26.714903,47.766775],[26.71461,47.766585],[26.714502,47.766532],[26.714429,47.766586],[26.714434,47.766604],[26.714833,47.766843]]]}},{"type":"Feature","properties":{"nr":null},"geometry":{"type":"Polygon","coordinates":[[[26.715058,47.764948],[26.715465,47.765196],[26.715643,47.765068],[26.715237,47.764819],[26.715058,47.764948]]]}},{"type":"Feature","properties":{"nr":null},"geometry":{"type":"Polygon","coordinates":[[[26.703655,47.769221],[26.703897,47.769357],[26.704601,47.76878],[26.704251,47.76859],[26.703851,47.768862],[26.703992,47.768945],[26.703655,47.769221]]]}},{"type":"Feature","properties":{"nr":null},"geometry":{"type":"Polygon","coordinates":[[[26.717098,47.760446],[26.717778,47.760892],[26.717919,47.760785],[26.717428,47.760481],[26.71746,47.760463],[26.717253,47.76034],[26.717098,47.760446]]]}},{"type":"Feature","properties":{"nr":null},"geometry":{"type":"Polygon","coordinates":[[[26.71806,47.760679],[26.717394,47.760244],[26.717253,47.76034],[26.71746,47.760463],[26.717428,47.760481],[26.717919,47.760785],[26.71806,47.760679]]]}},{"type":"Feature","properties":{"nr":null},"geometry":{"type":"Polygon","coordinates":[[[26.710403,47.776358],[26.710589,47.776469],[26.712952,47.774926],[26.712776,47.77481],[26.710403,47.776358]]]}},{"type":"Feature","properties":{"nr":null},"geometry":{"type":"Polygon","coordinates":[[[26.713954,47.759565],[26.714277,47.759749],[26.714523,47.759877],[26.71492,47.759596],[26.714277,47.759265],[26.714086,47.759154],[26.713634,47.759431],[26.713954,47.759565]]]}},{"type":"Feature","properties":{"nr":null},"geometry":{"type":"Polygon","coordinates":[[[26.721598,47.766692],[26.721413,47.766813],[26.72199,47.767198],[26.722172,47.767082],[26.721904,47.766906],[26.721598,47.766692]]]}},{"type":"Feature","properties":{"nr":null},"geometry":{"type":"Polygon","coordinates":[[[26.722097,47.772976],[26.728847,47.777219],[26.728947,47.777155],[26.722214,47.772903],[26.722097,47.772976]]]}},{"type":"Feature","properties":{"nr":null},"geometry":{"type":"Polygon","coordinates":[[[26.705592,47.756252],[26.705178,47.755049],[26.704737,47.754992],[26.704408,47.754935],[26.704146,47.754952],[26.704478,47.756327],[26.705592,47.756252]]]}},{"type":"Feature","properties":{"nr":null},"geometry":{"type":"Polygon","coordinates":[[[26.703347,47.758529],[26.703613,47.75852],[26.703086,47.757256],[26.702821,47.757277],[26.703347,47.758529]]]}},{"type":"Feature","properties":{"nr":null},"geometry":{"type":"Polygon","coordinates":[[[26.722597,47.763238],[26.722811,47.763094],[26.722363,47.762806],[26.722332,47.762737],[26.722198,47.762643],[26.721985,47.762789],[26.722597,47.763238]]]}},{"type":"Feature","properties":{"nr":null},"geometry":{"type":"Polygon","coordinates":[[[26.702853,47.756461],[26.702507,47.755347],[26.701333,47.755722],[26.7017,47.756556],[26.702853,47.756461]]]}},{"type":"Feature","properties":{"nr":null},"geometry":{"type":"Polygon","coordinates":[[[26.704255,47.76069],[26.704461,47.760642],[26.703589,47.758556],[26.703366,47.758564],[26.704255,47.76069]]]}},{"type":"Feature","properties":{"nr":null},"geometry":{"type":"Polygon","coordinates":[[[26.704478,47.756327],[26.704146,47.754952],[26.703219,47.75518],[26.703567,47.756402],[26.704478,47.756327]]]}},{"type":"Feature","properties":{"nr":null},"geometry":{"type":"Polygon","coordinates":[[[26.72352,47.764534],[26.72337,47.764643],[26.72395,47.765001],[26.724072,47.764921],[26.723803,47.764749],[26.723833,47.764728],[26.72352,47.764534]]]}},{"type":"Feature","properties":{"nr":null},"geometry":{"type":"Polygon","coordinates":[[[26.725097,47.757789],[26.724445,47.757336],[26.724232,47.75747],[26.724896,47.757925],[26.725097,47.757789]]]}},{"type":"Feature","properties":{"nr":null},"geometry":{"type":"Polygon","coordinates":[[[26.724571,47.761055],[26.725234,47.761495],[26.725535,47.761293],[26.724876,47.760846],[26.724571,47.761055]]]}},{"type":"Feature","properties":{"nr":null},"geometry":{"type":"Polygon","coordinates":[[[26.717308,47.763077],[26.717942,47.763507],[26.718229,47.763315],[26.717588,47.76288],[26.717308,47.763077]]]}},{"type":"Feature","properties":{"nr":null},"geometry":{"type":"Polygon","coordinates":[[[26.72592,47.755315],[26.72573,47.755448],[26.726371,47.755876],[26.726569,47.755741],[26.726311,47.755582],[26.72592,47.755315]]]}},{"type":"Feature","properties":{"nr":null},"geometry":{"type":"Polygon","coordinates":[[[26.719005,47.765695],[26.718871,47.765779],[26.719501,47.766224],[26.719656,47.766115],[26.719005,47.765695]]]}},{"type":"Feature","properties":{"nr":null},"geometry":{"type":"Polygon","coordinates":[[[26.714588,47.765906],[26.714482,47.76596],[26.714753,47.766194],[26.714592,47.766272],[26.714699,47.766362],[26.714901,47.766198],[26.714736,47.766057],[26.714588,47.765906]]]}},{"type":"Feature","properties":{"nr":null},"geometry":{"type":"Polygon","coordinates":[[[26.714292,47.766022],[26.714592,47.766272],[26.714753,47.766194],[26.714482,47.76596],[26.714292,47.766022]]]}},{"type":"Feature","properties":{"nr":null},"geometry":{"type":"Polygon","coordinates":[[[26.724026,47.758508],[26.723825,47.758647],[26.724463,47.759072],[26.724688,47.758924],[26.724026,47.758508]]]}},{"type":"Feature","properties":{"nr":null},"geometry":{"type":"Polygon","coordinates":[[[26.724234,47.758363],[26.724026,47.758508],[26.724688,47.758924],[26.724903,47.758784],[26.724234,47.758363]]]}},{"type":"Feature","properties":{"nr":null},"geometry":{"type":"Polygon","coordinates":[[[26.730223,47.752243],[26.730681,47.752164],[26.730412,47.751622],[26.729856,47.751701],[26.730223,47.752243]]]}},{"type":"Feature","properties":{"nr":null},"geometry":{"type":"Polygon","coordinates":[[[26.72273,47.760263],[26.722097,47.759832],[26.72194,47.759937],[26.72257,47.760366],[26.72273,47.760263]]]}},{"type":"Feature","properties":{"nr":null},"geometry":{"type":"Polygon","coordinates":[[[26.72194,47.759937],[26.721783,47.760043],[26.722411,47.760469],[26.72257,47.760366],[26.72194,47.759937]]]}},{"type":"Feature","properties":{"nr":null},"geometry":{"type":"Polygon","coordinates":[[[26.74011,47.760565],[26.740331,47.760409],[26.738284,47.759127],[26.738078,47.759292],[26.74011,47.760565]]]}},{"type":"Feature","properties":{"nr":null},"geometry":{"type":"Polygon","coordinates":[[[26.710241,47.797029],[26.710325,47.796997],[26.708713,47.795204],[26.708635,47.795243],[26.710241,47.797029]]]}},{"type":"Feature","properties":{"nr":null},"geometry":{"type":"Polygon","coordinates":[[[26.710141,47.797067],[26.710241,47.797029],[26.708635,47.795243],[26.708543,47.795291],[26.710141,47.797067]]]}},{"type":"Feature","properties":{"nr":null},"geometry":{"type":"Polygon","coordinates":[[[26.719831,47.774473],[26.719704,47.774571],[26.726214,47.779048],[26.726356,47.77896],[26.719831,47.774473]]]}},{"type":"Feature","properties":{"nr":null},"geometry":{"type":"Polygon","coordinates":[[[26.705178,47.755049],[26.705592,47.756252],[26.705807,47.756236],[26.705397,47.755046],[26.705178,47.755049]]]}},{"type":"Feature","properties":{"nr":null},"geometry":{"type":"Polygon","coordinates":[[[26.721059,47.765173],[26.721353,47.764971],[26.720741,47.764539],[26.720444,47.764735],[26.720912,47.765074],[26.721035,47.765149],[26.721059,47.765173]]]}},{"type":"Feature","properties":{"nr":null},"geometry":{"type":"Polygon","coordinates":[[[26.738301,47.748036],[26.737963,47.748274],[26.742837,47.751796],[26.743134,47.751529],[26.738301,47.748036]]]}},{"type":"Feature","properties":{"nr":null},"geometry":{"type":"Polygon","coordinates":[[[26.743901,47.750596],[26.739242,47.747234],[26.739095,47.747357],[26.743726,47.750698],[26.743901,47.750596]]]}},{"type":"Feature","properties":{"nr":null},"geometry":{"type":"Polygon","coordinates":[[[26.723922,47.76233],[26.724148,47.762174],[26.723747,47.76191],[26.723531,47.762063],[26.723922,47.76233]]]}},{"type":"Feature","properties":{"nr":null},"geometry":{"type":"Polygon","coordinates":[[[26.723531,47.762063],[26.723747,47.76191],[26.724148,47.762174],[26.724332,47.762047],[26.723703,47.761628],[26.723303,47.761907],[26.723531,47.762063]]]}},{"type":"Feature","properties":{"nr":null},"geometry":{"type":"Polygon","coordinates":[[[26.721912,47.764736],[26.722423,47.765082],[26.722586,47.764976],[26.722085,47.76462],[26.721912,47.764736]]]}},{"type":"Feature","properties":{"nr":null},"geometry":{"type":"Polygon","coordinates":[[[26.70293,47.797566],[26.707051,47.802412],[26.7072,47.802354],[26.703037,47.797461],[26.70293,47.797566]]]}},{"type":"Feature","properties":{"nr":null},"geometry":{"type":"Polygon","coordinates":[[[26.713747,47.762659],[26.713414,47.762452],[26.713082,47.762725],[26.713387,47.762915],[26.713747,47.762659]]]}},{"type":"Feature","properties":{"nr":null},"geometry":{"type":"Polygon","coordinates":[[[26.722313,47.768288],[26.722207,47.768375],[26.725548,47.770573],[26.725654,47.770486],[26.722313,47.768288]]]}},{"type":"Feature","properties":{"nr":null},"geometry":{"type":"Polygon","coordinates":[[[26.705928,47.802918],[26.703055,47.799539],[26.703317,47.800077],[26.705778,47.802971],[26.705928,47.802918]]]}},{"type":"Feature","properties":{"nr":null},"geometry":{"type":"Polygon","coordinates":[[[26.71469,47.797561],[26.711268,47.794228],[26.711022,47.79431],[26.714491,47.797689],[26.71469,47.797561]]]}},{"type":"Feature","properties":{"nr":null},"geometry":{"type":"Polygon","coordinates":[[[26.718977,47.763827],[26.718375,47.763387],[26.718218,47.763494],[26.718845,47.763908],[26.718977,47.763827]]]}},{"type":"Feature","properties":{"nr":null},"geometry":{"type":"Polygon","coordinates":[[[26.715684,47.759306],[26.715535,47.759198],[26.715303,47.759374],[26.715968,47.759847],[26.716225,47.759662],[26.715684,47.759306]]]}},{"type":"Feature","properties":{"nr":null},"geometry":{"type":"Polygon","coordinates":[[[26.723315,47.760879],[26.723167,47.760785],[26.722408,47.761297],[26.722566,47.761405],[26.723315,47.760879]]]}},{"type":"Feature","properties":{"nr":null},"geometry":{"type":"Polygon","coordinates":[[[26.710749,47.765134],[26.710945,47.765248],[26.7112,47.764958],[26.710969,47.764866],[26.710749,47.765134]]]}},{"type":"Feature","properties":{"nr":null},"geometry":{"type":"Polygon","coordinates":[[[26.733352,47.774448],[26.726375,47.77006],[26.726322,47.770099],[26.73329,47.774481],[26.733352,47.774448]]]}},{"type":"Feature","properties":{"nr":null},"geometry":{"type":"Polygon","coordinates":[[[26.706946,47.764202],[26.705624,47.763442],[26.705567,47.763479],[26.706888,47.764245],[26.706946,47.764202]]]}},{"type":"Feature","properties":{"nr":null},"geometry":{"type":"Polygon","coordinates":[[[26.702385,47.781446],[26.699603,47.779867],[26.699404,47.779994],[26.702425,47.781709],[26.702385,47.781446]]]}},{"type":"Feature","properties":{"nr":null},"geometry":{"type":"Polygon","coordinates":[[[26.720959,47.78024],[26.720631,47.780032],[26.719748,47.780726],[26.720076,47.780934],[26.720959,47.78024]]]}},{"type":"Feature","properties":{"nr":null},"geometry":{"type":"Polygon","coordinates":[[[26.715222,47.792681],[26.717837,47.794834],[26.718246,47.794653],[26.715828,47.792733],[26.715222,47.792681]]]}},{"type":"Feature","properties":{"nr":null},"geometry":{"type":"Polygon","coordinates":[[[26.723439,47.756167],[26.723208,47.756324],[26.723851,47.756729],[26.724077,47.756579],[26.723439,47.756167]]]}},{"type":"Feature","properties":{"nr":null},"geometry":{"type":"Polygon","coordinates":[[[26.714884,47.772683],[26.718656,47.775262],[26.71886,47.77514],[26.714868,47.772452],[26.713935,47.771903],[26.713816,47.771992],[26.714884,47.772683]]]}},{"type":"Feature","properties":{"nr":null},"geometry":{"type":"Polygon","coordinates":[[[26.726718,47.756682],[26.726859,47.75659],[26.726524,47.756369],[26.726386,47.756465],[26.726718,47.756682]]]}},{"type":"Feature","properties":{"nr":null},"geometry":{"type":"Polygon","coordinates":[[[26.717187,47.776214],[26.717343,47.776106],[26.712471,47.772878],[26.712304,47.77298],[26.717187,47.776214]]]}},{"type":"Feature","properties":{"nr":null},"geometry":{"type":"Polygon","coordinates":[[[26.708363,47.775648],[26.702018,47.779901],[26.702105,47.780099],[26.708505,47.775747],[26.708363,47.775648]]]}},{"type":"Feature","properties":{"nr":null},"geometry":{"type":"Polygon","coordinates":[[[26.726386,47.756465],[26.726524,47.756369],[26.726214,47.756165],[26.726075,47.756259],[26.726386,47.756465]]]}},{"type":"Feature","properties":{"nr":null},"geometry":{"type":"Polygon","coordinates":[[[26.706908,47.76023],[26.706684,47.760304],[26.707936,47.761491],[26.708116,47.761368],[26.706908,47.76023]]]}},{"type":"Feature","properties":{"nr":null},"geometry":{"type":"Polygon","coordinates":[[[26.729312,47.753058],[26.729109,47.752756],[26.728664,47.752125],[26.728282,47.752261],[26.728772,47.752938],[26.728944,47.753164],[26.729312,47.753058]]]}},{"type":"Feature","properties":{"nr":null},"geometry":{"type":"Polygon","coordinates":[[[26.721595,47.767517],[26.720934,47.767102],[26.720762,47.767221],[26.721405,47.767655],[26.721595,47.767517]]]}},{"type":"Feature","properties":{"nr":null},"geometry":{"type":"Polygon","coordinates":[[[26.702748,47.769427],[26.698965,47.766209],[26.69881,47.766194],[26.702664,47.769482],[26.702748,47.769427]]]}},{"type":"Feature","properties":{"nr":null},"geometry":{"type":"Polygon","coordinates":[[[26.699127,47.766224],[26.698965,47.766209],[26.702748,47.769427],[26.702833,47.769372],[26.699127,47.766224]]]}},{"type":"Feature","properties":{"nr":null},"geometry":{"type":"Polygon","coordinates":[[[26.699297,47.76624],[26.699127,47.766224],[26.702833,47.769372],[26.702917,47.769316],[26.699297,47.76624]]]}},{"type":"Feature","properties":{"nr":null},"geometry":{"type":"Polygon","coordinates":[[[26.720356,47.755166],[26.720806,47.754796],[26.720566,47.754665],[26.720282,47.754496],[26.719902,47.754822],[26.720356,47.755166]]]}},{"type":"Feature","properties":{"nr":null},"geometry":{"type":"Polygon","coordinates":[[[26.701925,47.779502],[26.701925,47.779735],[26.708195,47.775531],[26.708026,47.775412],[26.701925,47.779502]]]}},{"type":"Feature","properties":{"nr":null},"geometry":{"type":"Polygon","coordinates":[[[26.718462,47.766064],[26.718207,47.76587],[26.718056,47.765765],[26.718029,47.765759],[26.71783,47.765623],[26.717594,47.76578],[26.718255,47.766203],[26.718462,47.766064]]]}},{"type":"Feature","properties":{"nr":null},"geometry":{"type":"Polygon","coordinates":[[[26.725459,47.762379],[26.725684,47.762536],[26.725798,47.762625],[26.72606,47.762473],[26.725714,47.762221],[26.725459,47.762379]]]}},{"type":"Feature","properties":{"nr":null},"geometry":{"type":"Polygon","coordinates":[[[26.742973,47.769216],[26.743006,47.769202],[26.741949,47.768579],[26.741921,47.768597],[26.742973,47.769216]]]}},{"type":"Feature","properties":{"nr":null},"geometry":{"type":"Polygon","coordinates":[[[26.724571,47.761055],[26.724258,47.76126],[26.72494,47.761698],[26.725242,47.7615],[26.724571,47.761055]]]}},{"type":"Feature","properties":{"nr":null},"geometry":{"type":"Polygon","coordinates":[[[26.726712,47.755826],[26.726392,47.756044],[26.726675,47.756231],[26.727023,47.756476],[26.727339,47.756256],[26.726938,47.755989],[26.726712,47.755826]]]}},{"type":"Feature","properties":{"nr":null},"geometry":{"type":"Polygon","coordinates":[[[26.705335,47.769638],[26.711931,47.773215],[26.712076,47.773113],[26.705471,47.769531],[26.705335,47.769638]]]}},{"type":"Feature","properties":{"nr":null},"geometry":{"type":"Polygon","coordinates":[[[26.702014,47.783638],[26.697601,47.781133],[26.697482,47.781204],[26.70191,47.783717],[26.702014,47.783638]]]}},{"type":"Feature","properties":{"nr":null},"geometry":{"type":"Polygon","coordinates":[[[26.718362,47.760474],[26.719017,47.760903],[26.719222,47.760767],[26.718574,47.760334],[26.718362,47.760474]]]}},{"type":"Feature","properties":{"nr":null},"geometry":{"type":"Polygon","coordinates":[[[26.724693,47.752756],[26.724732,47.752966],[26.727194,47.751866],[26.727221,47.751716],[26.724693,47.752756]]]}},{"type":"Feature","properties":{"nr":null},"geometry":{"type":"Polygon","coordinates":[[[26.710442,47.764959],[26.71073,47.765128],[26.711435,47.764254],[26.711305,47.764107],[26.711154,47.763982],[26.710676,47.764611],[26.710442,47.764959]]]}},{"type":"Feature","properties":{"nr":null},"geometry":{"type":"Polygon","coordinates":[[[26.708799,47.766754],[26.709039,47.766588],[26.708021,47.766008],[26.70778,47.766173],[26.708799,47.766754]]]}},{"type":"Feature","properties":{"nr":null},"geometry":{"type":"Polygon","coordinates":[[[26.729022,47.753947],[26.728745,47.753755],[26.728461,47.753977],[26.728767,47.754147],[26.729022,47.753947]]]}},{"type":"Feature","properties":{"nr":null},"geometry":{"type":"Polygon","coordinates":[[[26.708781,47.775915],[26.70853,47.775744],[26.70211,47.780109],[26.702145,47.780262],[26.708781,47.775915]]]}},{"type":"Feature","properties":{"nr":null},"geometry":{"type":"Polygon","coordinates":[[[26.731515,47.762031],[26.732897,47.762862],[26.735067,47.764138],[26.735212,47.764041],[26.733042,47.762765],[26.73166,47.761934],[26.730184,47.761025],[26.73004,47.761122],[26.731515,47.762031]]]}},{"type":"Feature","properties":{"nr":null},"geometry":{"type":"Polygon","coordinates":[[[26.719722,47.754619],[26.719891,47.754781],[26.720256,47.754482],[26.720144,47.754427],[26.719884,47.754324],[26.719631,47.754326],[26.7189,47.754654],[26.719085,47.754898],[26.719377,47.75475],[26.719722,47.754619]]]}},{"type":"Feature","properties":{"nr":null},"geometry":{"type":"Polygon","coordinates":[[[26.722847,47.772461],[26.729619,47.776739],[26.729668,47.776707],[26.722893,47.772427],[26.722847,47.772461]]]}},{"type":"Feature","properties":{"nr":null},"geometry":{"type":"Polygon","coordinates":[[[26.710907,47.775112],[26.711443,47.774769],[26.711301,47.77467],[26.710763,47.775014],[26.710907,47.775112]]]}},{"type":"Feature","properties":{"nr":null},"geometry":{"type":"Polygon","coordinates":[[[26.722925,47.772403],[26.722893,47.772427],[26.729668,47.776707],[26.729703,47.776685],[26.722925,47.772403]]]}},{"type":"Feature","properties":{"nr":null},"geometry":{"type":"Polygon","coordinates":[[[26.711643,47.794117],[26.711268,47.794228],[26.71469,47.797561],[26.714986,47.797374],[26.711643,47.794117]]]}},{"type":"Feature","properties":{"nr":null},"geometry":{"type":"Polygon","coordinates":[[[26.740334,47.760411],[26.740463,47.760328],[26.738432,47.759056],[26.738284,47.759127],[26.740334,47.760411]]]}},{"type":"Feature","properties":{"nr":null},"geometry":{"type":"Polygon","coordinates":[[[26.743656,47.762604],[26.740099,47.760618],[26.739889,47.760772],[26.74352,47.7628],[26.743656,47.762604]]]}},{"type":"Feature","properties":{"nr":null},"geometry":{"type":"Polygon","coordinates":[[[26.721291,47.75519],[26.72085,47.754844],[26.720563,47.755059],[26.720955,47.75539],[26.721166,47.755584],[26.72135,47.755768],[26.721666,47.755555],[26.721291,47.75519]]]}},{"type":"Feature","properties":{"nr":null},"geometry":{"type":"Polygon","coordinates":[[[26.730178,47.756259],[26.730752,47.756666],[26.731208,47.75634],[26.730603,47.755966],[26.730178,47.756259]]]}},{"type":"Feature","properties":{"nr":null},"geometry":{"type":"Polygon","coordinates":[[[26.736,47.786224],[26.736,47.786273],[26.737231,47.786386],[26.737245,47.786338],[26.736,47.786224]]]}},{"type":"Feature","properties":{"nr":null},"geometry":{"type":"Polygon","coordinates":[[[26.737033,47.787064],[26.73798,47.787163],[26.738339,47.785936],[26.737392,47.785834],[26.737033,47.787064]]]}},{"type":"Feature","properties":{"nr":null},"geometry":{"type":"Polygon","coordinates":[[[26.706046,47.758418],[26.705807,47.758468],[26.706025,47.759195],[26.706371,47.759131],[26.706148,47.758409],[26.706046,47.758418]]]}},{"type":"Feature","properties":{"nr":null},"geometry":{"type":"Polygon","coordinates":[[[26.718736,47.766905],[26.719942,47.76769],[26.720068,47.767593],[26.718868,47.766811],[26.718736,47.766905]]]}},{"type":"Feature","properties":{"nr":null},"geometry":{"type":"Polygon","coordinates":[[[26.724876,47.779705],[26.724974,47.779652],[26.718427,47.775463],[26.718333,47.775518],[26.724876,47.779705]]]}},{"type":"Feature","properties":{"nr":null},"geometry":{"type":"Polygon","coordinates":[[[26.697601,47.781133],[26.702014,47.783638],[26.702105,47.78355],[26.697714,47.781058],[26.697601,47.781133]]]}},{"type":"Feature","properties":{"nr":null},"geometry":{"type":"Polygon","coordinates":[[[26.725947,47.756168],[26.726059,47.756085],[26.725994,47.756067],[26.725954,47.756023],[26.725439,47.755651],[26.725306,47.755741],[26.725947,47.756168]]]}},{"type":"Feature","properties":{"nr":null},"geometry":{"type":"Polygon","coordinates":[[[26.706371,47.759131],[26.706025,47.759195],[26.706358,47.760283],[26.706703,47.760224],[26.706371,47.759131]]]}},{"type":"Feature","properties":{"nr":null},"geometry":{"type":"Polygon","coordinates":[[[26.737953,47.767343],[26.733996,47.764945],[26.733936,47.764982],[26.737829,47.767341],[26.737953,47.767343]]]}},{"type":"Feature","properties":{"nr":null},"geometry":{"type":"Polygon","coordinates":[[[26.710735,47.763492],[26.711169,47.763229],[26.710868,47.763011],[26.71047,47.763247],[26.710735,47.763492]]]}},{"type":"Feature","properties":{"nr":null},"geometry":{"type":"Polygon","coordinates":[[[26.715933,47.757802],[26.716288,47.758063],[26.716484,47.757925],[26.716092,47.757659],[26.715933,47.757802]]]}},{"type":"Feature","properties":{"nr":null},"geometry":{"type":"Polygon","coordinates":[[[26.716484,47.757925],[26.716691,47.757779],[26.716278,47.757491],[26.716092,47.757659],[26.716484,47.757925]]]}},{"type":"Feature","properties":{"nr":null},"geometry":{"type":"Polygon","coordinates":[[[26.719866,47.79994],[26.718435,47.797939],[26.718215,47.798181],[26.719507,47.799987],[26.719866,47.79994]]]}},{"type":"Feature","properties":{"nr":null},"geometry":{"type":"Polygon","coordinates":[[[26.717548,47.775966],[26.712682,47.772741],[26.712578,47.772811],[26.717446,47.776036],[26.717548,47.775966]]]}},{"type":"Feature","properties":{"nr":null},"geometry":{"type":"Polygon","coordinates":[[[26.717343,47.776106],[26.717446,47.776036],[26.712578,47.772811],[26.712471,47.772878],[26.717343,47.776106]]]}},{"type":"Feature","properties":{"nr":null},"geometry":{"type":"Polygon","coordinates":[[[26.718362,47.760473],[26.71844,47.760419],[26.717831,47.759951],[26.717698,47.760039],[26.718362,47.760473]]]}},{"type":"Feature","properties":{"nr":null},"geometry":{"type":"Polygon","coordinates":[[[26.718718,47.76023],[26.718056,47.759802],[26.717831,47.759951],[26.71844,47.760419],[26.718718,47.76023]]]}},{"type":"Feature","properties":{"nr":null},"geometry":{"type":"Polygon","coordinates":[[[26.722303,47.755908],[26.722489,47.755793],[26.721982,47.75543],[26.721807,47.75555],[26.722303,47.755908]]]}},{"type":"Feature","properties":{"nr":null},"geometry":{"type":"Polygon","coordinates":[[[26.722047,47.756067],[26.722303,47.755908],[26.721807,47.75555],[26.721557,47.755721],[26.722047,47.756067]]]}},{"type":"Feature","properties":{"nr":null},"geometry":{"type":"Polygon","coordinates":[[[26.722604,47.772585],[26.717594,47.769314],[26.71746,47.769401],[26.722472,47.772673],[26.722604,47.772585]]]}},{"type":"Feature","properties":{"nr":null},"geometry":{"type":"Polygon","coordinates":[[[26.715436,47.764381],[26.715209,47.764538],[26.715832,47.764935],[26.716044,47.764785],[26.715436,47.764381]]]}},{"type":"Feature","properties":{"nr":null},"geometry":{"type":"Polygon","coordinates":[[[26.746815,47.797729],[26.746726,47.797657],[26.742916,47.799936],[26.74297,47.800029],[26.746815,47.797729]]]}},{"type":"Feature","properties":{"nr":null},"geometry":{"type":"Polygon","coordinates":[[[26.71651,47.751358],[26.716365,47.753117],[26.716719,47.753118],[26.716851,47.751505],[26.716735,47.751435],[26.71651,47.751358]]]}},{"type":"Feature","properties":{"nr":null},"geometry":{"type":"Polygon","coordinates":[[[26.737432,47.799374],[26.735428,47.798688],[26.735297,47.799049],[26.737556,47.799822],[26.737432,47.799374]]]}},{"type":"Feature","properties":{"nr":null},"geometry":{"type":"Polygon","coordinates":[[[26.708363,47.775648],[26.708195,47.775531],[26.701975,47.779701],[26.702018,47.779901],[26.708363,47.775648]]]}},{"type":"Feature","properties":{"nr":null},"geometry":{"type":"Polygon","coordinates":[[[26.728644,47.753687],[26.728449,47.753576],[26.7282,47.753845],[26.728461,47.753977],[26.728745,47.753755],[26.728644,47.753687]]]}},{"type":"Feature","properties":{"nr":null},"geometry":{"type":"Polygon","coordinates":[[[26.717275,47.76224],[26.717897,47.762658],[26.718158,47.762478],[26.717525,47.762069],[26.717275,47.76224]]]}},{"type":"Feature","properties":{"nr":null},"geometry":{"type":"Polygon","coordinates":[[[26.718462,47.766064],[26.718876,47.765789],[26.718251,47.765346],[26.71783,47.765623],[26.718029,47.765759],[26.718056,47.765765],[26.718207,47.76587],[26.718462,47.766064]]]}},{"type":"Feature","properties":{"nr":null},"geometry":{"type":"Polygon","coordinates":[[[26.700849,47.770723],[26.701525,47.771093],[26.707157,47.774264],[26.707325,47.774159],[26.701044,47.770642],[26.700849,47.770723]]]}},{"type":"Feature","properties":{"nr":null},"geometry":{"type":"Polygon","coordinates":[[[26.718625,47.799313],[26.718349,47.799452],[26.72058,47.802607],[26.720878,47.802497],[26.718625,47.799313]]]}},{"type":"Feature","properties":{"nr":null},"geometry":{"type":"Polygon","coordinates":[[[26.741898,47.768612],[26.742939,47.769224],[26.74296,47.769208],[26.741921,47.768597],[26.741898,47.768612]]]}},{"type":"Feature","properties":{"nr":null},"geometry":{"type":"Polygon","coordinates":[[[26.714614,47.759869],[26.714548,47.759915],[26.714696,47.760004],[26.715423,47.760501],[26.715487,47.760457],[26.714614,47.759869]]]}},{"type":"Feature","properties":{"nr":null},"geometry":{"type":"Polygon","coordinates":[[[26.700209,47.77945],[26.700342,47.779378],[26.69623,47.777134],[26.696106,47.777215],[26.700209,47.77945]]]}},{"type":"Feature","properties":{"nr":null},"geometry":{"type":"Polygon","coordinates":[[[26.711443,47.774769],[26.712135,47.774372],[26.711991,47.774271],[26.711301,47.77467],[26.711443,47.774769]]]}},{"type":"Feature","properties":{"nr":null},"geometry":{"type":"Polygon","coordinates":[[[26.714527,47.76717],[26.714778,47.767393],[26.715206,47.767609],[26.715658,47.767007],[26.715012,47.766679],[26.714527,47.76717]]]}},{"type":"Feature","properties":{"nr":null},"geometry":{"type":"Polygon","coordinates":[[[26.714908,47.75966],[26.714724,47.759791],[26.715318,47.76018],[26.715376,47.760141],[26.715465,47.760204],[26.715592,47.760126],[26.714908,47.75966]]]}},{"type":"Feature","properties":{"nr":null},"geometry":{"type":"Polygon","coordinates":[[[26.718948,47.768359],[26.719105,47.768256],[26.717881,47.767415],[26.717728,47.76752],[26.718948,47.768359]]]}},{"type":"Feature","properties":{"nr":null},"geometry":{"type":"Polygon","coordinates":[[[26.706124,47.802842],[26.70636,47.80275],[26.702777,47.798613],[26.702944,47.799171],[26.706124,47.802842]]]}},{"type":"Feature","properties":{"nr":null},"geometry":{"type":"Polygon","coordinates":[[[26.731803,47.759959],[26.736795,47.762997],[26.736863,47.762951],[26.731867,47.759912],[26.731803,47.759959]]]}},{"type":"Feature","properties":{"nr":null},"geometry":{"type":"Polygon","coordinates":[[[26.732341,47.794847],[26.731105,47.794447],[26.730958,47.794684],[26.732165,47.795074],[26.732341,47.794847]]]}},{"type":"Feature","properties":{"nr":null},"geometry":{"type":"Polygon","coordinates":[[[26.700849,47.770723],[26.70066,47.770804],[26.701854,47.771468],[26.706998,47.774364],[26.707157,47.774264],[26.701525,47.771093],[26.700849,47.770723]]]}},{"type":"Feature","properties":{"nr":null},"geometry":{"type":"Polygon","coordinates":[[[26.743089,47.769144],[26.742035,47.768524],[26.742002,47.768545],[26.74306,47.769167],[26.743089,47.769144]]]}},{"type":"Feature","properties":{"nr":null},"geometry":{"type":"Polygon","coordinates":[[[26.715487,47.760457],[26.715659,47.76034],[26.715376,47.760141],[26.715318,47.76018],[26.714724,47.759791],[26.714614,47.759869],[26.715487,47.760457]]]}},{"type":"Feature","properties":{"nr":null},"geometry":{"type":"Polygon","coordinates":[[[26.724872,47.756894],[26.724947,47.756844],[26.724306,47.756416],[26.724233,47.756467],[26.724872,47.756894]]]}},{"type":"Feature","properties":{"nr":null},"geometry":{"type":"Polygon","coordinates":[[[26.730272,47.776312],[26.727291,47.774483],[26.723495,47.772039],[26.723449,47.772071],[26.727246,47.774517],[26.730227,47.776345],[26.730272,47.776312]]]}},{"type":"Feature","properties":{"nr":null},"geometry":{"type":"Polygon","coordinates":[[[26.717925,47.767445],[26.719105,47.768256],[26.719266,47.768149],[26.718074,47.767331],[26.717925,47.767445]]]}},{"type":"Feature","properties":{"nr":null},"geometry":{"type":"Polygon","coordinates":[[[26.738011,47.762259],[26.738157,47.762163],[26.733147,47.75897],[26.733007,47.759066],[26.738011,47.762259]]]}},{"type":"Feature","properties":{"nr":null},"geometry":{"type":"Polygon","coordinates":[[[26.719534,47.767973],[26.718341,47.767154],[26.718205,47.767241],[26.7194,47.768062],[26.719534,47.767973]]]}},{"type":"Feature","properties":{"nr":null},"geometry":{"type":"Polygon","coordinates":[[[26.725133,47.800268],[26.723766,47.799203],[26.723349,47.79929],[26.722883,47.799286],[26.724813,47.800789],[26.725069,47.800666],[26.725182,47.800425],[26.725133,47.800268]]]}},{"type":"Feature","properties":{"nr":null},"geometry":{"type":"Polygon","coordinates":[[[26.717934,47.775743],[26.718024,47.775681],[26.713099,47.772492],[26.713004,47.772553],[26.717934,47.775743]]]}},{"type":"Feature","properties":{"nr":null},"geometry":{"type":"Polygon","coordinates":[[[26.716971,47.762828],[26.716782,47.762683],[26.7167,47.762629],[26.716562,47.762724],[26.71684,47.762915],[26.716971,47.762828]]]}},{"type":"Feature","properties":{"nr":null},"geometry":{"type":"Polygon","coordinates":[[[26.705679,47.760436],[26.70535,47.760495],[26.705441,47.760572],[26.705785,47.760505],[26.705679,47.760436]]]}},{"type":"Feature","properties":{"nr":null},"geometry":{"type":"Polygon","coordinates":[[[26.70912,47.773016],[26.709446,47.772808],[26.708189,47.772121],[26.707867,47.772326],[26.70912,47.773016]]]}},{"type":"Feature","properties":{"nr":null},"geometry":{"type":"Polygon","coordinates":[[[26.717912,47.775757],[26.714935,47.773809],[26.714769,47.773927],[26.717721,47.775867],[26.717912,47.775757]]]}},{"type":"Feature","properties":{"nr":null},"geometry":{"type":"Polygon","coordinates":[[[26.723604,47.77196],[26.723495,47.772039],[26.727291,47.774483],[26.730272,47.776312],[26.730388,47.776237],[26.727429,47.77442],[26.723604,47.77196]]]}},{"type":"Feature","properties":{"nr":null},"geometry":{"type":"Polygon","coordinates":[[[26.718349,47.758593],[26.718669,47.758809],[26.719044,47.758566],[26.718726,47.758348],[26.718349,47.758593]]]}},{"type":"Feature","properties":{"nr":null},"geometry":{"type":"Polygon","coordinates":[[[26.728081,47.76888],[26.728014,47.768935],[26.734997,47.773453],[26.735073,47.773403],[26.728081,47.76888]]]}},{"type":"Feature","properties":{"nr":null},"geometry":{"type":"Polygon","coordinates":[[[26.733361,47.79354],[26.736264,47.794925],[26.736335,47.794679],[26.733523,47.793338],[26.733361,47.79354]]]}},{"type":"Feature","properties":{"nr":null},"geometry":{"type":"Polygon","coordinates":[[[26.72522,47.779533],[26.725255,47.779503],[26.718709,47.775289],[26.718668,47.775315],[26.72522,47.779533]]]}},{"type":"Feature","properties":{"nr":null},"geometry":{"type":"Polygon","coordinates":[[[26.704096,47.765348],[26.70417,47.765283],[26.70119,47.763858],[26.701109,47.76392],[26.704096,47.765348]]]}},{"type":"Feature","properties":{"nr":null},"geometry":{"type":"Polygon","coordinates":[[[26.718403,47.775423],[26.713609,47.772162],[26.713516,47.772216],[26.718311,47.775478],[26.718403,47.775423]]]}},{"type":"Feature","properties":{"nr":null},"geometry":{"type":"Polygon","coordinates":[[[26.718209,47.775544],[26.718311,47.775478],[26.713516,47.772216],[26.713416,47.772283],[26.718209,47.775544]]]}},{"type":"Feature","properties":{"nr":null},"geometry":{"type":"Polygon","coordinates":[[[26.72993,47.767597],[26.730007,47.767543],[26.726564,47.765279],[26.726485,47.765334],[26.72993,47.767597]]]}},{"type":"Feature","properties":{"nr":null},"geometry":{"type":"Polygon","coordinates":[[[26.726564,47.765279],[26.72655,47.765282],[26.725873,47.764823],[26.725779,47.764882],[26.726485,47.765333],[26.726564,47.765279]]]}},{"type":"Feature","properties":{"nr":null},"geometry":{"type":"Polygon","coordinates":[[[26.75086,47.776313],[26.745626,47.773087],[26.745513,47.773168],[26.75069,47.776359],[26.75086,47.776313]]]}},{"type":"Feature","properties":{"nr":null},"geometry":{"type":"Polygon","coordinates":[[[26.715498,47.764337],[26.716112,47.764733],[26.716335,47.764586],[26.715712,47.764184],[26.715498,47.764337]]]}},{"type":"Feature","properties":{"nr":null},"geometry":{"type":"Polygon","coordinates":[[[26.737141,47.750624],[26.738258,47.751574],[26.740905,47.75294],[26.741037,47.75285],[26.73848,47.751539],[26.737322,47.750548],[26.737141,47.750624]]]}},{"type":"Feature","properties":{"nr":null},"geometry":{"type":"Polygon","coordinates":[[[26.712276,47.755691],[26.710988,47.754118],[26.710859,47.754221],[26.71215,47.755796],[26.712276,47.755691]]]}},{"type":"Feature","properties":{"nr":null},"geometry":{"type":"Polygon","coordinates":[[[26.743893,47.794963],[26.745205,47.794085],[26.745006,47.794001],[26.744637,47.793898],[26.744255,47.793886],[26.743924,47.793911],[26.743719,47.793982],[26.743605,47.794095],[26.743064,47.794137],[26.741761,47.794407],[26.741792,47.794448],[26.742551,47.794434],[26.742974,47.794497],[26.743384,47.794616],[26.743893,47.794963]]]}},{"type":"Feature","properties":{"nr":null},"geometry":{"type":"Polygon","coordinates":[[[26.719737,47.798628],[26.72028,47.798324],[26.71659,47.79521],[26.716031,47.795501],[26.719737,47.798628]]]}},{"type":"Feature","properties":{"nr":null},"geometry":{"type":"Polygon","coordinates":[[[26.716734,47.76985],[26.72179,47.773106],[26.721873,47.773048],[26.716819,47.769783],[26.716734,47.76985]]]}},{"type":"Feature","properties":{"nr":null},"geometry":{"type":"Polygon","coordinates":[[[26.747215,47.780579],[26.747287,47.780528],[26.741389,47.776893],[26.741317,47.776943],[26.747215,47.780579]]]}},{"type":"Feature","properties":{"nr":null},"geometry":{"type":"Polygon","coordinates":[[[26.716074,47.763941],[26.716701,47.764345],[26.716872,47.764244],[26.716634,47.764087],[26.716672,47.764066],[26.716278,47.763815],[26.716074,47.763941]]]}},{"type":"Feature","properties":{"nr":null},"geometry":{"type":"Polygon","coordinates":[[[26.737031,47.772075],[26.730063,47.767564],[26.730011,47.767599],[26.736978,47.772109],[26.737031,47.772075]]]}},{"type":"Feature","properties":{"nr":null},"geometry":{"type":"Polygon","coordinates":[[[26.709996,47.776149],[26.710158,47.776268],[26.711778,47.775234],[26.711616,47.775114],[26.709996,47.776149]]]}},{"type":"Feature","properties":{"nr":null},"geometry":{"type":"Polygon","coordinates":[[[26.746597,47.778733],[26.746658,47.778644],[26.741915,47.775721],[26.741679,47.775889],[26.746464,47.778838],[26.746597,47.778733]]]}},{"type":"Feature","properties":{"nr":null},"geometry":{"type":"Polygon","coordinates":[[[26.719748,47.780726],[26.720631,47.780032],[26.720303,47.779824],[26.71942,47.780518],[26.719748,47.780726]]]}},{"type":"Feature","properties":{"nr":null},"geometry":{"type":"Polygon","coordinates":[[[26.738768,47.761653],[26.743489,47.764731],[26.74358,47.764669],[26.738854,47.761589],[26.738768,47.761653]]]}},{"type":"Feature","properties":{"nr":null},"geometry":{"type":"Polygon","coordinates":[[[26.720161,47.774259],[26.720082,47.77431],[26.726729,47.778487],[26.726776,47.77842],[26.720161,47.774259]]]}},{"type":"Feature","properties":{"nr":null},"geometry":{"type":"Polygon","coordinates":[[[26.718975,47.761089],[26.718822,47.761194],[26.719478,47.761617],[26.719632,47.761514],[26.718975,47.761089]]]}},{"type":"Feature","properties":{"nr":null},"geometry":{"type":"Polygon","coordinates":[[[26.719784,47.761412],[26.719125,47.760985],[26.718975,47.761089],[26.719632,47.761514],[26.719784,47.761412]]]}},{"type":"Feature","properties":{"nr":null},"geometry":{"type":"Polygon","coordinates":[[[26.718711,47.761109],[26.718077,47.760696],[26.717769,47.760905],[26.718403,47.761321],[26.718711,47.761109]]]}},{"type":"Feature","properties":{"nr":null},"geometry":{"type":"Polygon","coordinates":[[[26.716923,47.77639],[26.714486,47.774776],[26.714404,47.774833],[26.716836,47.776444],[26.716923,47.77639]]]}},{"type":"Feature","properties":{"nr":null},"geometry":{"type":"Polygon","coordinates":[[[26.714486,47.774776],[26.712051,47.773163],[26.711969,47.77322],[26.714404,47.774833],[26.714486,47.774776]]]}},{"type":"Feature","properties":{"nr":null},"geometry":{"type":"Polygon","coordinates":[[[26.724909,47.757942],[26.725526,47.758359],[26.725794,47.758182],[26.725573,47.75809],[26.725554,47.758102],[26.725109,47.757802],[26.724909,47.757942]]]}},{"type":"Feature","properties":{"nr":null},"geometry":{"type":"Polygon","coordinates":[[[26.716936,47.762321],[26.717149,47.762178],[26.716513,47.761769],[26.716294,47.761914],[26.716936,47.762321]]]}},{"type":"Feature","properties":{"nr":null},"geometry":{"type":"Polygon","coordinates":[[[26.712304,47.77298],[26.712225,47.773033],[26.717108,47.776268],[26.717187,47.776214],[26.712304,47.77298]]]}},{"type":"Feature","properties":{"nr":null},"geometry":{"type":"Polygon","coordinates":[[[26.703743,47.760812],[26.70325,47.760852],[26.703966,47.761413],[26.704272,47.761224],[26.703743,47.760812]]]}},{"type":"Feature","properties":{"nr":null},"geometry":{"type":"Polygon","coordinates":[[[26.724799,47.77972],[26.724854,47.779691],[26.718339,47.775522],[26.718288,47.775554],[26.724799,47.77972]]]}},{"type":"Feature","properties":{"nr":null},"geometry":{"type":"Polygon","coordinates":[[[26.731952,47.759847],[26.736993,47.762914],[26.737096,47.762861],[26.732037,47.759783],[26.731952,47.759847]]]}},{"type":"Feature","properties":{"nr":null},"geometry":{"type":"Polygon","coordinates":[[[26.72072,47.773834],[26.720799,47.773781],[26.715744,47.770481],[26.715658,47.77053],[26.72072,47.773834]]]}},{"type":"Feature","properties":{"nr":null},"geometry":{"type":"Polygon","coordinates":[[[26.715822,47.751233],[26.715576,47.751236],[26.715668,47.754653],[26.715913,47.754583],[26.715822,47.751233]]]}},{"type":"Feature","properties":{"nr":null},"geometry":{"type":"Polygon","coordinates":[[[26.721494,47.773315],[26.71647,47.770049],[26.716382,47.77011],[26.721405,47.773377],[26.721494,47.773315]]]}},{"type":"Feature","properties":{"nr":null},"geometry":{"type":"Polygon","coordinates":[[[26.727815,47.755626],[26.727881,47.755675],[26.728998,47.754909],[26.728929,47.754862],[26.727815,47.755626]]]}},{"type":"Feature","properties":{"nr":null},"geometry":{"type":"Polygon","coordinates":[[[26.727749,47.755576],[26.727815,47.755626],[26.728929,47.754862],[26.72886,47.754815],[26.727749,47.755576]]]}},{"type":"Feature","properties":{"nr":null},"geometry":{"type":"Polygon","coordinates":[[[26.727571,47.755068],[26.727665,47.754912],[26.727723,47.754785],[26.727736,47.754725],[26.727786,47.754642],[26.727806,47.754544],[26.727816,47.754433],[26.727244,47.75484],[26.727571,47.755068]]]}},{"type":"Feature","properties":{"nr":null},"geometry":{"type":"Polygon","coordinates":[[[26.716062,47.763933],[26.715712,47.764184],[26.716335,47.764586],[26.716701,47.764345],[26.716062,47.763933]]]}},{"type":"Feature","properties":{"nr":null},"geometry":{"type":"Polygon","coordinates":[[[26.724343,47.76484],[26.72482,47.76515],[26.725801,47.765803],[26.725983,47.765653],[26.725147,47.765103],[26.724538,47.764719],[26.724343,47.76484]]]}},{"type":"Feature","properties":{"nr":null},"geometry":{"type":"Polygon","coordinates":[[[26.720076,47.780934],[26.720233,47.781033],[26.721121,47.780343],[26.720959,47.78024],[26.720076,47.780934]]]}},{"type":"Feature","properties":{"nr":null},"geometry":{"type":"Polygon","coordinates":[[[26.717517,47.764843],[26.717795,47.76464],[26.717147,47.764221],[26.716833,47.764429],[26.717517,47.764843]]]}},{"type":"Feature","properties":{"nr":null},"geometry":{"type":"Polygon","coordinates":[[[26.712618,47.774698],[26.712427,47.774597],[26.711616,47.775114],[26.711778,47.775234],[26.712618,47.774698]]]}},{"type":"Feature","properties":{"nr":null},"geometry":{"type":"Polygon","coordinates":[[[26.747146,47.778085],[26.742564,47.775261],[26.742361,47.775404],[26.746959,47.778238],[26.747081,47.778125],[26.747146,47.778085]]]}},{"type":"Feature","properties":{"nr":null},"geometry":{"type":"Polygon","coordinates":[[[26.726392,47.756044],[26.726214,47.756165],[26.726859,47.75659],[26.727023,47.756476],[26.726675,47.756231],[26.726392,47.756044]]]}},{"type":"Feature","properties":{"nr":null},"geometry":{"type":"Polygon","coordinates":[[[26.734279,47.764722],[26.734346,47.764682],[26.729295,47.761616],[26.729235,47.76166],[26.734279,47.764722]]]}},{"type":"Feature","properties":{"nr":null},"geometry":{"type":"Polygon","coordinates":[[[26.699729,47.758158],[26.700047,47.758856],[26.700455,47.758805],[26.700268,47.758369],[26.700069,47.757997],[26.699729,47.758158]]]}},{"type":"Feature","properties":{"nr":null},"geometry":{"type":"Polygon","coordinates":[[[26.738644,47.747737],[26.738372,47.747979],[26.743148,47.751442],[26.743386,47.751188],[26.738644,47.747737]]]}},{"type":"Feature","properties":{"nr":null},"geometry":{"type":"Polygon","coordinates":[[[26.728767,47.754147],[26.728363,47.754483],[26.728544,47.754602],[26.729261,47.754099],[26.729022,47.753947],[26.728767,47.754147]]]}},{"type":"Feature","properties":{"nr":null},"geometry":{"type":"Polygon","coordinates":[[[26.702477,47.758524],[26.70165,47.756655],[26.701468,47.756682],[26.701322,47.75675],[26.702135,47.758536],[26.702477,47.758524]]]}},{"type":"Feature","properties":{"nr":null},"geometry":{"type":"Polygon","coordinates":[[[26.743354,47.768086],[26.748202,47.771074],[26.748287,47.771009],[26.743359,47.76797],[26.743354,47.768086]]]}},{"type":"Feature","properties":{"nr":null},"geometry":{"type":"Polygon","coordinates":[[[26.701882,47.778518],[26.701898,47.778611],[26.705957,47.775989],[26.705772,47.775854],[26.702264,47.778119],[26.702383,47.778204],[26.701882,47.778518]]]}},{"type":"Feature","properties":{"nr":null},"geometry":{"type":"Polygon","coordinates":[[[26.718284,47.768814],[26.717061,47.76805],[26.716925,47.768237],[26.718056,47.768943],[26.718284,47.768814]]]}},{"type":"Feature","properties":{"nr":null},"geometry":{"type":"Polygon","coordinates":[[[26.724244,47.779985],[26.724407,47.779879],[26.717965,47.775764],[26.717798,47.775867],[26.724244,47.779985]]]}},{"type":"Feature","properties":{"nr":null},"geometry":{"type":"Polygon","coordinates":[[[26.701936,47.778816],[26.706124,47.776111],[26.705957,47.775989],[26.701898,47.778611],[26.701936,47.778816]]]}},{"type":"Feature","properties":{"nr":null},"geometry":{"type":"Polygon","coordinates":[[[26.722677,47.772533],[26.717668,47.769262],[26.717594,47.769314],[26.722604,47.772585],[26.722677,47.772533]]]}},{"type":"Feature","properties":{"nr":null},"geometry":{"type":"Polygon","coordinates":[[[26.716045,47.758728],[26.716136,47.758666],[26.715731,47.758591],[26.715604,47.758732],[26.715887,47.758867],[26.716045,47.758728]]]}},{"type":"Feature","properties":{"nr":null},"geometry":{"type":"Polygon","coordinates":[[[26.716136,47.758666],[26.71623,47.758593],[26.715801,47.758514],[26.715731,47.758591],[26.716136,47.758666]]]}},{"type":"Feature","properties":{"nr":null},"geometry":{"type":"Polygon","coordinates":[[[26.713391,47.762099],[26.713266,47.762015],[26.714417,47.761252],[26.713889,47.760769],[26.713634,47.760903],[26.713299,47.761107],[26.713263,47.761309],[26.713298,47.761522],[26.712364,47.76223],[26.711764,47.761841],[26.712075,47.761489],[26.712103,47.760962],[26.711892,47.760554],[26.710834,47.761274],[26.711245,47.761549],[26.7114,47.761682],[26.711738,47.762],[26.71177,47.76202],[26.711729,47.762092],[26.711619,47.7622],[26.712227,47.762557],[26.713097,47.763167],[26.713419,47.762936],[26.713082,47.762725],[26.713414,47.762452],[26.713136,47.762278],[26.713391,47.762099]]]}},{"type":"Feature","properties":{"nr":null},"geometry":{"type":"Polygon","coordinates":[[[26.712075,47.753363],[26.711813,47.753543],[26.713044,47.755004],[26.713296,47.754819],[26.712075,47.753363]]]}},{"type":"Feature","properties":{"nr":null},"geometry":{"type":"Polygon","coordinates":[[[26.730682,47.757712],[26.730746,47.757663],[26.730112,47.75726],[26.730047,47.757308],[26.730682,47.757712]]]}},{"type":"Feature","properties":{"nr":null},"geometry":{"type":"Polygon","coordinates":[[[26.735632,47.797243],[26.731271,47.796276],[26.731073,47.79658],[26.735468,47.797704],[26.735632,47.797243]]]}},{"type":"Feature","properties":{"nr":null},"geometry":{"type":"Polygon","coordinates":[[[26.722362,47.758602],[26.721756,47.758187],[26.721421,47.758401],[26.722037,47.758819],[26.722362,47.758602]]]}},{"type":"Feature","properties":{"nr":null},"geometry":{"type":"Polygon","coordinates":[[[26.722554,47.75847],[26.721958,47.758059],[26.721756,47.758187],[26.722362,47.758602],[26.722554,47.75847]]]}},{"type":"Feature","properties":{"nr":null},"geometry":{"type":"Polygon","coordinates":[[[26.710603,47.776459],[26.710775,47.776578],[26.713124,47.775046],[26.712952,47.774926],[26.710603,47.776459]]]}},{"type":"Feature","properties":{"nr":null},"geometry":{"type":"Polygon","coordinates":[[[26.718989,47.760059],[26.719621,47.760497],[26.720062,47.760194],[26.719434,47.759766],[26.718989,47.760059]]]}},{"type":"Feature","properties":{"nr":null},"geometry":{"type":"Polygon","coordinates":[[[26.727238,47.757214],[26.727305,47.757167],[26.726664,47.756735],[26.726597,47.756782],[26.727238,47.757214]]]}},{"type":"Feature","properties":{"nr":null},"geometry":{"type":"Polygon","coordinates":[[[26.727305,47.757167],[26.727328,47.757151],[26.726687,47.75672],[26.726664,47.756735],[26.727305,47.757167]]]}},{"type":"Feature","properties":{"nr":null},"geometry":{"type":"Polygon","coordinates":[[[26.702105,47.78355],[26.702268,47.783393],[26.697925,47.780929],[26.697714,47.781058],[26.702105,47.78355]]]}},{"type":"Feature","properties":{"nr":null},"geometry":{"type":"Polygon","coordinates":[[[26.72711,47.757302],[26.727238,47.757214],[26.726597,47.756782],[26.726451,47.756884],[26.72711,47.757302]]]}},{"type":"Feature","properties":{"nr":null},"geometry":{"type":"Polygon","coordinates":[[[26.72735,47.757136],[26.727373,47.75712],[26.726731,47.756689],[26.726709,47.756704],[26.72735,47.757136]]]}},{"type":"Feature","properties":{"nr":null},"geometry":{"type":"Polygon","coordinates":[[[26.719213,47.774934],[26.719105,47.775012],[26.725594,47.779163],[26.725694,47.77908],[26.719213,47.774934]]]}},{"type":"Feature","properties":{"nr":null},"geometry":{"type":"Polygon","coordinates":[[[26.730875,47.7968],[26.731013,47.796495],[26.731109,47.796308],[26.730041,47.796031],[26.729829,47.796495],[26.730875,47.7968]]]}},{"type":"Feature","properties":{"nr":null},"geometry":{"type":"Polygon","coordinates":[[[26.735297,47.799049],[26.734979,47.799828],[26.737799,47.800794],[26.737556,47.799822],[26.735297,47.799049]]]}},{"type":"Feature","properties":{"nr":null},"geometry":{"type":"Polygon","coordinates":[[[26.726978,47.764499],[26.726786,47.764619],[26.727152,47.764854],[26.72732,47.764734],[26.726978,47.764499]]]}},{"type":"Feature","properties":{"nr":null},"geometry":{"type":"Polygon","coordinates":[[[26.72571,47.763925],[26.726786,47.764619],[26.726978,47.764499],[26.726351,47.764068],[26.725904,47.763799],[26.72571,47.763925]]]}},{"type":"Feature","properties":{"nr":null},"geometry":{"type":"Polygon","coordinates":[[[26.741272,47.776177],[26.741434,47.776062],[26.740484,47.775477],[26.740403,47.775642],[26.741272,47.776177]]]}},{"type":"Feature","properties":{"nr":null},"geometry":{"type":"Polygon","coordinates":[[[26.740986,47.77638],[26.741272,47.776177],[26.740403,47.775642],[26.740392,47.775664],[26.740208,47.775825],[26.740165,47.775874],[26.740986,47.77638]]]}},{"type":"Feature","properties":{"nr":null},"geometry":{"type":"Polygon","coordinates":[[[26.740822,47.776497],[26.740986,47.77638],[26.740165,47.775874],[26.740042,47.776015],[26.740822,47.776497]]]}},{"type":"Feature","properties":{"nr":null},"geometry":{"type":"Polygon","coordinates":[[[26.743351,47.768156],[26.748149,47.771114],[26.748202,47.771074],[26.743354,47.768086],[26.743351,47.768156]]]}},{"type":"Feature","properties":{"nr":null},"geometry":{"type":"Polygon","coordinates":[[[26.743359,47.76797],[26.748287,47.771009],[26.748321,47.770983],[26.743361,47.767925],[26.743359,47.76797]]]}},{"type":"Feature","properties":{"nr":null},"geometry":{"type":"Polygon","coordinates":[[[26.707533,47.763188],[26.706719,47.762717],[26.704092,47.760757],[26.703916,47.760791],[26.706599,47.762808],[26.707425,47.763284],[26.707533,47.763188]]]}},{"type":"Feature","properties":{"nr":null},"geometry":{"type":"Polygon","coordinates":[[[26.723365,47.772052],[26.718448,47.768786],[26.718197,47.768908],[26.723151,47.772202],[26.723365,47.772052]]]}},{"type":"Feature","properties":{"nr":null},"geometry":{"type":"Polygon","coordinates":[[[26.753294,47.7757],[26.747123,47.771896],[26.746979,47.772007],[26.753101,47.77578],[26.753294,47.7757]]]}},{"type":"Feature","properties":{"nr":null},"geometry":{"type":"Polygon","coordinates":[[[26.74689,47.772074],[26.746793,47.772148],[26.747581,47.772634],[26.747678,47.77256],[26.74689,47.772074]]]}},{"type":"Feature","properties":{"nr":null},"geometry":{"type":"Polygon","coordinates":[[[26.752776,47.775836],[26.746793,47.772148],[26.746574,47.772315],[26.752345,47.775872],[26.752776,47.775836]]]}},{"type":"Feature","properties":{"nr":null},"geometry":{"type":"Polygon","coordinates":[[[26.731867,47.759912],[26.73689,47.762968],[26.736993,47.762914],[26.731952,47.759847],[26.731867,47.759912]]]}},{"type":"Feature","properties":{"nr":null},"geometry":{"type":"Polygon","coordinates":[[[26.715264,47.762583],[26.715902,47.763019],[26.716226,47.762805],[26.715564,47.76238],[26.715264,47.762583]]]}},{"type":"Feature","properties":{"nr":null},"geometry":{"type":"Polygon","coordinates":[[[26.752177,47.775887],[26.746488,47.77238],[26.74642,47.772432],[26.752044,47.775898],[26.752177,47.775887]]]}},{"type":"Feature","properties":{"nr":null},"geometry":{"type":"Polygon","coordinates":[[[26.752044,47.775898],[26.74642,47.772432],[26.746292,47.77253],[26.751833,47.775945],[26.751891,47.775911],[26.752044,47.775898]]]}},{"type":"Feature","properties":{"nr":null},"geometry":{"type":"Polygon","coordinates":[[[26.751833,47.775945],[26.746292,47.77253],[26.746249,47.772563],[26.751783,47.775974],[26.751833,47.775945]]]}},{"type":"Feature","properties":{"nr":null},"geometry":{"type":"Polygon","coordinates":[[[26.751783,47.775974],[26.746249,47.772563],[26.746192,47.772606],[26.751718,47.776012],[26.751783,47.775974]]]}},{"type":"Feature","properties":{"nr":null},"geometry":{"type":"Polygon","coordinates":[[[26.751718,47.776012],[26.746192,47.772606],[26.746113,47.772667],[26.751627,47.776065],[26.751718,47.776012]]]}},{"type":"Feature","properties":{"nr":null},"geometry":{"type":"Polygon","coordinates":[[[26.751426,47.776163],[26.745952,47.772789],[26.74575,47.772943],[26.75111,47.776247],[26.751426,47.776163]]]}},{"type":"Feature","properties":{"nr":null},"geometry":{"type":"Polygon","coordinates":[[[26.745035,47.773488],[26.750044,47.776576],[26.750189,47.776518],[26.745142,47.773407],[26.745035,47.773488]]]}},{"type":"Feature","properties":{"nr":null},"geometry":{"type":"Polygon","coordinates":[[[26.744829,47.773646],[26.749764,47.776688],[26.749883,47.77664],[26.744916,47.773579],[26.744829,47.773646]]]}},{"type":"Feature","properties":{"nr":null},"geometry":{"type":"Polygon","coordinates":[[[26.744147,47.774137],[26.748881,47.777055],[26.749122,47.776953],[26.744336,47.774003],[26.744147,47.774137]]]}},{"type":"Feature","properties":{"nr":null},"geometry":{"type":"Polygon","coordinates":[[[26.743467,47.77462],[26.748151,47.777508],[26.748552,47.777307],[26.748778,47.777109],[26.744059,47.7742],[26.743467,47.77462]]]}},{"type":"Feature","properties":{"nr":null},"geometry":{"type":"Polygon","coordinates":[[[26.747019,47.777351],[26.746724,47.777532],[26.747384,47.777939],[26.747679,47.777757],[26.747019,47.777351]]]}},{"type":"Feature","properties":{"nr":null},"geometry":{"type":"Polygon","coordinates":[[[26.746724,47.777532],[26.747019,47.777351],[26.743059,47.77491],[26.742785,47.775104],[26.746724,47.777532]]]}},{"type":"Feature","properties":{"nr":null},"geometry":{"type":"Polygon","coordinates":[[[26.742564,47.775261],[26.747146,47.778085],[26.747384,47.777939],[26.742785,47.775104],[26.742564,47.775261]]]}},{"type":"Feature","properties":{"nr":null},"geometry":{"type":"Polygon","coordinates":[[[26.70417,47.757159],[26.70396,47.756444],[26.703136,47.756521],[26.703345,47.757228],[26.703769,47.757175],[26.70417,47.757159]]]}},{"type":"Feature","properties":{"nr":null},"geometry":{"type":"Polygon","coordinates":[[[26.742019,47.775647],[26.746725,47.778548],[26.746863,47.77835],[26.742233,47.775496],[26.742019,47.775647]]]}},{"type":"Feature","properties":{"nr":null},"geometry":{"type":"Polygon","coordinates":[[[26.741426,47.776068],[26.746227,47.779027],[26.746381,47.778904],[26.74159,47.775951],[26.741426,47.776068]]]}},{"type":"Feature","properties":{"nr":null},"geometry":{"type":"Polygon","coordinates":[[[26.741332,47.776134],[26.746139,47.779097],[26.746227,47.779027],[26.741426,47.776068],[26.741332,47.776134]]]}},{"type":"Feature","properties":{"nr":null},"geometry":{"type":"Polygon","coordinates":[[[26.741164,47.776254],[26.745981,47.779223],[26.746139,47.779097],[26.741332,47.776134],[26.741164,47.776254]]]}},{"type":"Feature","properties":{"nr":null},"geometry":{"type":"Polygon","coordinates":[[[26.741071,47.77632],[26.745893,47.779292],[26.745981,47.779223],[26.741164,47.776254],[26.741071,47.77632]]]}},{"type":"Feature","properties":{"nr":null},"geometry":{"type":"Polygon","coordinates":[[[26.740977,47.776387],[26.745805,47.779362],[26.745893,47.779292],[26.741071,47.77632],[26.740977,47.776387]]]}},{"type":"Feature","properties":{"nr":null},"geometry":{"type":"Polygon","coordinates":[[[26.727929,47.754733],[26.727802,47.754977],[26.728445,47.754537],[26.728363,47.754483],[26.728325,47.75451],[26.728002,47.754339],[26.72796,47.754326],[26.727929,47.754733]]]}},{"type":"Feature","properties":{"nr":null},"geometry":{"type":"Polygon","coordinates":[[[26.746311,47.7665],[26.750674,47.769189],[26.75075,47.769131],[26.746405,47.766453],[26.746311,47.7665]]]}},{"type":"Feature","properties":{"nr":null},"geometry":{"type":"Polygon","coordinates":[[[26.745071,47.766763],[26.749929,47.769757],[26.75,47.769703],[26.745142,47.766707],[26.745071,47.766763]]]}},{"type":"Feature","properties":{"nr":null},"geometry":{"type":"Polygon","coordinates":[[[26.74629,47.76651],[26.750657,47.769202],[26.750674,47.769189],[26.746311,47.7665],[26.74629,47.76651]]]}},{"type":"Feature","properties":{"nr":null},"geometry":{"type":"Polygon","coordinates":[[[26.74626,47.766525],[26.750633,47.76922],[26.750657,47.769202],[26.74629,47.76651],[26.74626,47.766525]]]}},{"type":"Feature","properties":{"nr":null},"geometry":{"type":"Polygon","coordinates":[[[26.746211,47.766549],[26.750593,47.76925],[26.750633,47.76922],[26.74626,47.766525],[26.746211,47.766549]]]}},{"type":"Feature","properties":{"nr":null},"geometry":{"type":"Polygon","coordinates":[[[26.745885,47.76662],[26.750397,47.769401],[26.750494,47.769326],[26.746088,47.76661],[26.746057,47.766625],[26.745966,47.766628],[26.745885,47.76662]]]}},{"type":"Feature","properties":{"nr":null},"geometry":{"type":"Polygon","coordinates":[[[26.750302,47.769473],[26.750397,47.769401],[26.745885,47.76662],[26.745628,47.766592],[26.750302,47.769473]]]}},{"type":"Feature","properties":{"nr":null},"geometry":{"type":"Polygon","coordinates":[[[26.74561,47.76659],[26.750295,47.769478],[26.750302,47.769473],[26.745628,47.766592],[26.74561,47.76659]]]}},{"type":"Feature","properties":{"nr":null},"geometry":{"type":"Polygon","coordinates":[[[26.745368,47.766619],[26.750166,47.769577],[26.750226,47.76953],[26.74547,47.766599],[26.745368,47.766619]]]}},{"type":"Feature","properties":{"nr":null},"geometry":{"type":"Polygon","coordinates":[[[26.745337,47.766627],[26.750146,47.769592],[26.750166,47.769577],[26.745368,47.766619],[26.745337,47.766627]]]}},{"type":"Feature","properties":{"nr":null},"geometry":{"type":"Polygon","coordinates":[[[26.745229,47.76667],[26.750066,47.769652],[26.750146,47.769592],[26.745337,47.766627],[26.745229,47.76667]]]}},{"type":"Feature","properties":{"nr":null},"geometry":{"type":"Polygon","coordinates":[[[26.745194,47.766684],[26.750041,47.769672],[26.750066,47.769652],[26.745229,47.76667],[26.745194,47.766684]]]}},{"type":"Feature","properties":{"nr":null},"geometry":{"type":"Polygon","coordinates":[[[26.745142,47.766707],[26.75,47.769703],[26.750015,47.769692],[26.745159,47.766698],[26.745142,47.766707]]]}},{"type":"Feature","properties":{"nr":null},"geometry":{"type":"Polygon","coordinates":[[[26.745008,47.766813],[26.749864,47.769807],[26.749929,47.769757],[26.745071,47.766763],[26.745008,47.766813]]]}},{"type":"Feature","properties":{"nr":null},"geometry":{"type":"Polygon","coordinates":[[[26.749741,47.7699],[26.749864,47.769807],[26.745008,47.766813],[26.744887,47.766908],[26.749741,47.7699]]]}},{"type":"Feature","properties":{"nr":null},"geometry":{"type":"Polygon","coordinates":[[[26.744773,47.767031],[26.749601,47.770007],[26.749666,47.769958],[26.744825,47.766974],[26.744773,47.767031]]]}},{"type":"Feature","properties":{"nr":null},"geometry":{"type":"Polygon","coordinates":[[[26.749344,47.770203],[26.749536,47.770057],[26.744694,47.767072],[26.744607,47.767115],[26.744412,47.767141],[26.744363,47.767133],[26.749344,47.770203]]]}},{"type":"Feature","properties":{"nr":null},"geometry":{"type":"Polygon","coordinates":[[[26.744013,47.767077],[26.749228,47.770292],[26.749344,47.770203],[26.744363,47.767133],[26.744013,47.767077]]]}},{"type":"Feature","properties":{"nr":null},"geometry":{"type":"Polygon","coordinates":[[[26.743854,47.767071],[26.749161,47.770343],[26.749228,47.770292],[26.744013,47.767077],[26.743879,47.767055],[26.743854,47.767071]]]}},{"type":"Feature","properties":{"nr":null},"geometry":{"type":"Polygon","coordinates":[[[26.743803,47.767102],[26.749116,47.770377],[26.749161,47.770343],[26.743854,47.767071],[26.743803,47.767102]]]}},{"type":"Feature","properties":{"nr":null},"geometry":{"type":"Polygon","coordinates":[[[26.743784,47.767113],[26.749099,47.77039],[26.749116,47.770377],[26.743803,47.767102],[26.743784,47.767113]]]}},{"type":"Feature","properties":{"nr":null},"geometry":{"type":"Polygon","coordinates":[[[26.743721,47.767151],[26.749044,47.770432],[26.749099,47.77039],[26.743784,47.767113],[26.743721,47.767151]]]}},{"type":"Feature","properties":{"nr":null},"geometry":{"type":"Polygon","coordinates":[[[26.743667,47.767242],[26.748953,47.770501],[26.749044,47.770432],[26.743721,47.767151],[26.743709,47.767159],[26.743667,47.767242]]]}},{"type":"Feature","properties":{"nr":null},"geometry":{"type":"Polygon","coordinates":[[[26.717636,47.761847],[26.717789,47.761745],[26.717554,47.761597],[26.717129,47.761312],[26.716972,47.761422],[26.717636,47.761847]]]}},{"type":"Feature","properties":{"nr":null},"geometry":{"type":"Polygon","coordinates":[[[26.748723,47.770676],[26.748953,47.770501],[26.743667,47.767242],[26.743547,47.767486],[26.748723,47.770676]]]}},{"type":"Feature","properties":{"nr":null},"geometry":{"type":"Polygon","coordinates":[[[26.743526,47.767529],[26.748683,47.770707],[26.748723,47.770676],[26.743547,47.767486],[26.743526,47.767529]]]}},{"type":"Feature","properties":{"nr":null},"geometry":{"type":"Polygon","coordinates":[[[26.743511,47.767559],[26.748654,47.77073],[26.748683,47.770707],[26.743526,47.767529],[26.743511,47.767559]]]}},{"type":"Feature","properties":{"nr":null},"geometry":{"type":"Polygon","coordinates":[[[26.74348,47.767625],[26.748592,47.770776],[26.748654,47.77073],[26.743511,47.767559],[26.74348,47.767625]]]}},{"type":"Feature","properties":{"nr":null},"geometry":{"type":"Polygon","coordinates":[[[26.748456,47.77088],[26.748592,47.770776],[26.74348,47.767625],[26.743417,47.767774],[26.748456,47.77088]]]}},{"type":"Feature","properties":{"nr":null},"geometry":{"type":"Polygon","coordinates":[[[26.74338,47.76786],[26.748377,47.770941],[26.748456,47.77088],[26.743417,47.767774],[26.74338,47.76786]]]}},{"type":"Feature","properties":{"nr":null},"geometry":{"type":"Polygon","coordinates":[[[26.743361,47.767925],[26.748321,47.770983],[26.748377,47.770941],[26.74338,47.76786],[26.743361,47.767904],[26.743361,47.767925]]]}},{"type":"Feature","properties":{"nr":null},"geometry":{"type":"Polygon","coordinates":[[[26.743347,47.768245],[26.748083,47.771164],[26.748149,47.771114],[26.743351,47.768156],[26.743347,47.768245]]]}},{"type":"Feature","properties":{"nr":null},"geometry":{"type":"Polygon","coordinates":[[[26.743339,47.768445],[26.747935,47.771277],[26.748083,47.771164],[26.743347,47.768245],[26.743339,47.768445]]]}},{"type":"Feature","properties":{"nr":null},"geometry":{"type":"Polygon","coordinates":[[[26.743353,47.76852],[26.747886,47.771315],[26.747935,47.771277],[26.743339,47.768445],[26.743338,47.768467],[26.743353,47.76852]]]}},{"type":"Feature","properties":{"nr":null},"geometry":{"type":"Polygon","coordinates":[[[26.743437,47.768819],[26.747707,47.771452],[26.747886,47.771315],[26.743353,47.76852],[26.743437,47.768819]]]}},{"type":"Feature","properties":{"nr":null},"geometry":{"type":"Polygon","coordinates":[[[26.743198,47.769177],[26.74734,47.771731],[26.747398,47.771687],[26.743268,47.769142],[26.743198,47.769177]]]}},{"type":"Feature","properties":{"nr":null},"geometry":{"type":"Polygon","coordinates":[[[26.743162,47.769194],[26.747312,47.771753],[26.74734,47.771731],[26.743198,47.769177],[26.743162,47.769194]]]}},{"type":"Feature","properties":{"nr":null},"geometry":{"type":"Polygon","coordinates":[[[26.742708,47.769445],[26.746927,47.772046],[26.747096,47.771918],[26.742889,47.769324],[26.742777,47.769377],[26.742708,47.769445]]]}},{"type":"Feature","properties":{"nr":null},"geometry":{"type":"Polygon","coordinates":[[[26.742614,47.769536],[26.746819,47.772128],[26.746883,47.77208],[26.742669,47.769482],[26.742614,47.769536]]]}},{"type":"Feature","properties":{"nr":null},"geometry":{"type":"Polygon","coordinates":[[[26.742588,47.769561],[26.74679,47.772151],[26.746819,47.772128],[26.742614,47.769536],[26.742588,47.769561]]]}},{"type":"Feature","properties":{"nr":null},"geometry":{"type":"Polygon","coordinates":[[[26.742523,47.769624],[26.746714,47.772208],[26.74679,47.772151],[26.742588,47.769561],[26.742523,47.769624]]]}},{"type":"Feature","properties":{"nr":null},"geometry":{"type":"Polygon","coordinates":[[[26.7424,47.769731],[26.746582,47.772309],[26.746714,47.772208],[26.742523,47.769624],[26.742441,47.769705],[26.7424,47.769731]]]}},{"type":"Feature","properties":{"nr":null},"geometry":{"type":"Polygon","coordinates":[[[26.742275,47.769812],[26.746467,47.772397],[26.746503,47.772369],[26.742314,47.769787],[26.742275,47.769812]]]}},{"type":"Feature","properties":{"nr":null},"geometry":{"type":"Polygon","coordinates":[[[26.742205,47.769857],[26.746404,47.772445],[26.746467,47.772397],[26.742275,47.769812],[26.742205,47.769857]]]}},{"type":"Feature","properties":{"nr":null},"geometry":{"type":"Polygon","coordinates":[[[26.742115,47.769918],[26.746319,47.772509],[26.746404,47.772445],[26.742205,47.769857],[26.742115,47.769918]]]}},{"type":"Feature","properties":{"nr":null},"geometry":{"type":"Polygon","coordinates":[[[26.746211,47.772592],[26.746319,47.772509],[26.742115,47.769918],[26.742034,47.770017],[26.746211,47.772592]]]}},{"type":"Feature","properties":{"nr":null},"geometry":{"type":"Polygon","coordinates":[[[26.714633,47.771446],[26.714104,47.771179],[26.712419,47.770273],[26.7082,47.767939],[26.706582,47.766986],[26.706522,47.767029],[26.70815,47.76798],[26.712367,47.770321],[26.714213,47.771311],[26.714585,47.771499],[26.714633,47.771446]]]}},{"type":"Feature","properties":{"nr":null},"geometry":{"type":"Polygon","coordinates":[[[26.714213,47.771311],[26.712367,47.770321],[26.70815,47.76798],[26.706522,47.767029],[26.706462,47.767072],[26.707705,47.767799],[26.712315,47.770369],[26.714158,47.77136],[26.714537,47.771552],[26.714585,47.771499],[26.714213,47.771311]]]}},{"type":"Feature","properties":{"nr":null},"geometry":{"type":"Polygon","coordinates":[[[26.741966,47.771245],[26.74424,47.772647],[26.744549,47.77235],[26.742269,47.770945],[26.742272,47.770972],[26.74213,47.77117],[26.741966,47.771245]]]}},{"type":"Feature","properties":{"nr":null},"geometry":{"type":"Polygon","coordinates":[[[26.74499,47.773523],[26.745052,47.773476],[26.741623,47.771362],[26.74158,47.77142],[26.74499,47.773523]]]}},{"type":"Feature","properties":{"nr":null},"geometry":{"type":"Polygon","coordinates":[[[26.741532,47.771487],[26.744921,47.773576],[26.74499,47.773523],[26.74158,47.77142],[26.741532,47.771487]]]}},{"type":"Feature","properties":{"nr":null},"geometry":{"type":"Polygon","coordinates":[[[26.744825,47.773649],[26.744881,47.773606],[26.741505,47.771524],[26.741421,47.771641],[26.741616,47.77176],[26.741682,47.772115],[26.741844,47.772187],[26.741945,47.772126],[26.742114,47.772093],[26.742341,47.772132],[26.742521,47.772208],[26.742571,47.772259],[26.744825,47.773649]]]}},{"type":"Feature","properties":{"nr":null},"geometry":{"type":"Polygon","coordinates":[[[26.744653,47.773778],[26.744825,47.773649],[26.742571,47.772259],[26.74265,47.772341],[26.742796,47.772554],[26.742794,47.772632],[26.744653,47.773778]]]}},{"type":"Feature","properties":{"nr":null},"geometry":{"type":"Polygon","coordinates":[[[26.744508,47.773881],[26.744653,47.773778],[26.742794,47.772632],[26.742794,47.772645],[26.74272,47.772763],[26.742702,47.772768],[26.744508,47.773881]]]}},{"type":"Feature","properties":{"nr":null},"geometry":{"type":"Polygon","coordinates":[[[26.744466,47.773911],[26.744508,47.773881],[26.742702,47.772768],[26.742638,47.772784],[26.744466,47.773911]]]}},{"type":"Feature","properties":{"nr":null},"geometry":{"type":"Polygon","coordinates":[[[26.744313,47.774019],[26.744466,47.773911],[26.742638,47.772784],[26.742406,47.772844],[26.744313,47.774019]]]}},{"type":"Feature","properties":{"nr":null},"geometry":{"type":"Polygon","coordinates":[[[26.742406,47.772844],[26.742194,47.772898],[26.741883,47.772839],[26.741867,47.772854],[26.743272,47.77372],[26.74349,47.773512],[26.742406,47.772844]]]}},{"type":"Feature","properties":{"nr":null},"geometry":{"type":"Polygon","coordinates":[[[26.741867,47.772854],[26.741733,47.772989],[26.74389,47.774319],[26.744055,47.774203],[26.741867,47.772854]]]}},{"type":"Feature","properties":{"nr":null},"geometry":{"type":"Polygon","coordinates":[[[26.741733,47.772989],[26.741643,47.773078],[26.743781,47.774397],[26.74389,47.774319],[26.741733,47.772989]]]}},{"type":"Feature","properties":{"nr":null},"geometry":{"type":"Polygon","coordinates":[[[26.742668,47.775186],[26.743039,47.774923],[26.740817,47.773554],[26.74051,47.773571],[26.74025,47.773757],[26.740241,47.773816],[26.740488,47.77382],[26.740583,47.773901],[26.742668,47.775186]]]}},{"type":"Feature","properties":{"nr":null},"geometry":{"type":"Polygon","coordinates":[[[26.742551,47.77527],[26.742668,47.775186],[26.740583,47.773901],[26.740506,47.774009],[26.742551,47.77527]]]}},{"type":"Feature","properties":{"nr":null},"geometry":{"type":"Polygon","coordinates":[[[26.741583,47.775956],[26.741798,47.775804],[26.740649,47.775096],[26.740552,47.775321],[26.741583,47.775956]]]}},{"type":"Feature","properties":{"nr":null},"geometry":{"type":"Polygon","coordinates":[[[26.715527,47.751236],[26.715478,47.751237],[26.715572,47.75468],[26.71562,47.754666],[26.715527,47.751236]]]}},{"type":"Feature","properties":{"nr":null},"geometry":{"type":"Polygon","coordinates":[[[26.727881,47.755675],[26.728017,47.75577],[26.729135,47.755004],[26.728998,47.754909],[26.727881,47.755675]]]}},{"type":"Feature","properties":{"nr":null},"geometry":{"type":"Polygon","coordinates":[[[26.711292,47.765437],[26.711484,47.765493],[26.712156,47.764794],[26.712054,47.764723],[26.711947,47.764616],[26.711839,47.764529],[26.711068,47.765331],[26.711292,47.765437]]]}},{"type":"Feature","properties":{"nr":null},"geometry":{"type":"Polygon","coordinates":[[[26.732437,47.750318],[26.733487,47.751343],[26.733696,47.751217],[26.732678,47.750218],[26.732437,47.750318]]]}},{"type":"Feature","properties":{"nr":null},"geometry":{"type":"Polygon","coordinates":[[[26.744887,47.766908],[26.74485,47.766947],[26.746899,47.76821],[26.746945,47.768177],[26.744887,47.766908]]]}},{"type":"Feature","properties":{"nr":null},"geometry":{"type":"Polygon","coordinates":[[[26.727027,47.763984],[26.726641,47.763744],[26.72636,47.76393],[26.726722,47.764156],[26.727027,47.763984]]]}},{"type":"Feature","properties":{"nr":null},"geometry":{"type":"Polygon","coordinates":[[[26.730043,47.755675],[26.730437,47.755392],[26.730805,47.755118],[26.730622,47.754989],[26.730566,47.754961],[26.730543,47.754969],[26.730215,47.755181],[26.729772,47.755511],[26.730043,47.755675]]]}},{"type":"Feature","properties":{"nr":null},"geometry":{"type":"Polygon","coordinates":[[[26.728753,47.75474],[26.729472,47.754235],[26.729261,47.754099],[26.728544,47.754602],[26.728753,47.75474]]]}},{"type":"Feature","properties":{"nr":null},"geometry":{"type":"Polygon","coordinates":[[[26.712513,47.80008],[26.710826,47.797702],[26.710653,47.797757],[26.712345,47.800143],[26.712513,47.80008]]]}},{"type":"Feature","properties":{"nr":null},"geometry":{"type":"Polygon","coordinates":[[[26.702008,47.777451],[26.696834,47.774562],[26.696671,47.774665],[26.701848,47.777556],[26.702008,47.777451]]]}},{"type":"Feature","properties":{"nr":null},"geometry":{"type":"Polygon","coordinates":[[[26.710761,47.80101],[26.711026,47.800863],[26.706947,47.796061],[26.706717,47.796244],[26.710761,47.80101]]]}},{"type":"Feature","properties":{"nr":null},"geometry":{"type":"Polygon","coordinates":[[[26.734364,47.77384],[26.734431,47.773795],[26.727478,47.769286],[26.727407,47.769328],[26.734364,47.77384]]]}},{"type":"Feature","properties":{"nr":null},"geometry":{"type":"Polygon","coordinates":[[[26.733376,47.754294],[26.732486,47.753625],[26.73199,47.753785],[26.732961,47.754515],[26.733376,47.754294]]]}},{"type":"Feature","properties":{"nr":null},"geometry":{"type":"Polygon","coordinates":[[[26.719507,47.799987],[26.718139,47.798076],[26.717829,47.798209],[26.719172,47.800086],[26.719507,47.799987]]]}},{"type":"Feature","properties":{"nr":null},"geometry":{"type":"Polygon","coordinates":[[[26.721273,47.780451],[26.721121,47.780343],[26.720233,47.781033],[26.720393,47.781135],[26.721273,47.780451]]]}},{"type":"Feature","properties":{"nr":null},"geometry":{"type":"Polygon","coordinates":[[[26.715291,47.756645],[26.713854,47.755494],[26.713663,47.755591],[26.71511,47.756779],[26.715291,47.756645]]]}},{"type":"Feature","properties":{"nr":null},"geometry":{"type":"Polygon","coordinates":[[[26.735419,47.79813],[26.73642,47.798474],[26.737437,47.794911],[26.736452,47.794511],[26.735419,47.79813]]]}},{"type":"Feature","properties":{"nr":null},"geometry":{"type":"Polygon","coordinates":[[[26.716964,47.762453],[26.717586,47.762873],[26.717728,47.762776],[26.717105,47.762356],[26.716964,47.762453]]]}},{"type":"Feature","properties":{"nr":null},"geometry":{"type":"Polygon","coordinates":[[[26.73226,47.76598],[26.730541,47.764898],[26.730425,47.764979],[26.732137,47.766056],[26.73226,47.76598]]]}},{"type":"Feature","properties":{"nr":null},"geometry":{"type":"Polygon","coordinates":[[[26.716352,47.760811],[26.715717,47.760376],[26.715455,47.760534],[26.715515,47.760583],[26.716098,47.760986],[26.716352,47.760811]]]}},{"type":"Feature","properties":{"nr":null},"geometry":{"type":"Polygon","coordinates":[[[26.730722,47.763759],[26.73214,47.764592],[26.733325,47.76531],[26.733415,47.765257],[26.731734,47.76424],[26.730727,47.763652],[26.729967,47.763188],[26.728389,47.762184],[26.728307,47.762235],[26.730722,47.763759]]]}},{"type":"Feature","properties":{"nr":null},"geometry":{"type":"Polygon","coordinates":[[[26.741428,47.754075],[26.746901,47.757231],[26.74709,47.757072],[26.741614,47.753915],[26.741428,47.754075]]]}},{"type":"Feature","properties":{"nr":null},"geometry":{"type":"Polygon","coordinates":[[[26.717789,47.761745],[26.717947,47.761642],[26.717305,47.761221],[26.717149,47.761325],[26.717554,47.761597],[26.717789,47.761745]]]}},{"type":"Feature","properties":{"nr":null},"geometry":{"type":"Polygon","coordinates":[[[26.727328,47.757151],[26.72735,47.757136],[26.726709,47.756704],[26.726687,47.75672],[26.727328,47.757151]]]}},{"type":"Feature","properties":{"nr":null},"geometry":{"type":"Polygon","coordinates":[[[26.72954,47.753009],[26.730111,47.752924],[26.729377,47.751902],[26.729002,47.752007],[26.729333,47.752588],[26.72954,47.753009]]]}},{"type":"Feature","properties":{"nr":null},"geometry":{"type":"Polygon","coordinates":[[[26.745473,47.766146],[26.738685,47.761715],[26.738626,47.761771],[26.745324,47.766147],[26.745473,47.766146]]]}},{"type":"Feature","properties":{"nr":null},"geometry":{"type":"Polygon","coordinates":[[[26.724499,47.771301],[26.724622,47.771219],[26.719652,47.767957],[26.719529,47.768039],[26.724499,47.771301]]]}},{"type":"Feature","properties":{"nr":null},"geometry":{"type":"Polygon","coordinates":[[[26.735911,47.790557],[26.735851,47.789483],[26.735039,47.789457],[26.734987,47.790508],[26.735911,47.790557]]]}},{"type":"Feature","properties":{"nr":null},"geometry":{"type":"Polygon","coordinates":[[[26.734014,47.789949],[26.733888,47.790424],[26.734849,47.790499],[26.734912,47.789723],[26.734115,47.789699],[26.734014,47.789949]]]}},{"type":"Feature","properties":{"nr":null},"geometry":{"type":"Polygon","coordinates":[[[26.734441,47.800909],[26.729111,47.799533],[26.729032,47.8001],[26.734274,47.801414],[26.734441,47.800909]]]}},{"type":"Feature","properties":{"nr":null},"geometry":{"type":"Polygon","coordinates":[[[26.706917,47.761886],[26.707914,47.762723],[26.707949,47.762678],[26.70697,47.761855],[26.705586,47.760544],[26.705516,47.760557],[26.706917,47.761886]]]}},{"type":"Feature","properties":{"nr":null},"geometry":{"type":"Polygon","coordinates":[[[26.717541,47.759998],[26.7176,47.759958],[26.716689,47.759344],[26.716485,47.759484],[26.717276,47.760014],[26.717406,47.759931],[26.717448,47.759935],[26.717541,47.759998]]]}},{"type":"Feature","properties":{"nr":null},"geometry":{"type":"Polygon","coordinates":[[[26.717448,47.759935],[26.717406,47.759931],[26.717276,47.760014],[26.716485,47.759484],[26.716323,47.759596],[26.717235,47.760207],[26.717541,47.759998],[26.717448,47.759935]]]}},{"type":"Feature","properties":{"nr":null},"geometry":{"type":"Polygon","coordinates":[[[26.702412,47.761546],[26.702247,47.761707],[26.702481,47.761837],[26.703497,47.762353],[26.703597,47.762255],[26.702412,47.761546]]]}},{"type":"Feature","properties":{"nr":null},"geometry":{"type":"Polygon","coordinates":[[[26.74156,47.759622],[26.739852,47.758546],[26.739467,47.758595],[26.741332,47.759773],[26.74156,47.759622]]]}},{"type":"Feature","properties":{"nr":null},"geometry":{"type":"Polygon","coordinates":[[[26.72576,47.765998],[26.725648,47.766087],[26.726169,47.766413],[26.728978,47.768216],[26.72909,47.768142],[26.726257,47.76631],[26.72576,47.765998]]]}},{"type":"Feature","properties":{"nr":null},"geometry":{"type":"Polygon","coordinates":[[[26.733795,47.754947],[26.734291,47.754634],[26.733642,47.754195],[26.733112,47.754484],[26.733795,47.754947]]]}},{"type":"Feature","properties":{"nr":null},"geometry":{"type":"Polygon","coordinates":[[[26.72383,47.763278],[26.724126,47.763078],[26.723826,47.76286],[26.723524,47.763063],[26.72383,47.763278]]]}},{"type":"Feature","properties":{"nr":null},"geometry":{"type":"Polygon","coordinates":[[[26.711967,47.757807],[26.713693,47.759296],[26.713817,47.759219],[26.713397,47.758825],[26.712079,47.757725],[26.711967,47.757807]]]}},{"type":"Feature","properties":{"nr":null},"geometry":{"type":"Polygon","coordinates":[[[26.725098,47.763293],[26.724933,47.76319],[26.724322,47.763621],[26.724449,47.763713],[26.725098,47.763293]]]}},{"type":"Feature","properties":{"nr":null},"geometry":{"type":"Polygon","coordinates":[[[26.736087,47.795633],[26.732902,47.79423],[26.732709,47.794525],[26.735993,47.795955],[26.736087,47.795633]]]}},{"type":"Feature","properties":{"nr":null},"geometry":{"type":"Polygon","coordinates":[[[26.722857,47.760576],[26.722415,47.760877],[26.722101,47.761091],[26.722369,47.761271],[26.723128,47.760759],[26.722857,47.760576]]]}},{"type":"Feature","properties":{"nr":null},"geometry":{"type":"Polygon","coordinates":[[[26.718049,47.799335],[26.715532,47.79584],[26.715268,47.795951],[26.717776,47.799433],[26.718049,47.799335]]]}},{"type":"Feature","properties":{"nr":null},"geometry":{"type":"Polygon","coordinates":[[[26.717406,47.800768],[26.717766,47.800655],[26.717233,47.79991],[26.716872,47.800022],[26.717406,47.800768]]]}},{"type":"Feature","properties":{"nr":null},"geometry":{"type":"Polygon","coordinates":[[[26.717383,47.79987],[26.717651,47.799784],[26.714992,47.796077],[26.714757,47.796197],[26.717383,47.79987]]]}},{"type":"Feature","properties":{"nr":null},"geometry":{"type":"Polygon","coordinates":[[[26.712176,47.793881],[26.711643,47.794117],[26.713592,47.796016],[26.71462,47.795579],[26.712674,47.793696],[26.712176,47.793881]]]}},{"type":"Feature","properties":{"nr":null},"geometry":{"type":"Polygon","coordinates":[[[26.711882,47.757848],[26.711134,47.757035],[26.71044,47.757406],[26.711266,47.758303],[26.711882,47.757848]]]}},{"type":"Feature","properties":{"nr":null},"geometry":{"type":"Polygon","coordinates":[[[26.721461,47.76168],[26.722466,47.762318],[26.723009,47.761933],[26.722048,47.761279],[26.721461,47.76168]]]}},{"type":"Feature","properties":{"nr":null},"geometry":{"type":"Polygon","coordinates":[[[26.71435,47.799477],[26.714116,47.799578],[26.715194,47.801195],[26.71543,47.801096],[26.71435,47.799477]]]}},{"type":"Feature","properties":{"nr":null},"geometry":{"type":"Polygon","coordinates":[[[26.725061,47.760562],[26.725493,47.760277],[26.724869,47.759845],[26.724434,47.760143],[26.725061,47.760562]]]}},{"type":"Feature","properties":{"nr":null},"geometry":{"type":"Polygon","coordinates":[[[26.725493,47.760277],[26.725693,47.760144],[26.725037,47.759729],[26.724869,47.759845],[26.725493,47.760277]]]}},{"type":"Feature","properties":{"nr":null},"geometry":{"type":"Polygon","coordinates":[[[26.72711,47.757302],[26.727373,47.75712],[26.726731,47.756689],[26.726451,47.756884],[26.72711,47.757302]]]}},{"type":"Feature","properties":{"nr":null},"geometry":{"type":"Polygon","coordinates":[[[26.704673,47.758483],[26.705377,47.760472],[26.705703,47.760402],[26.705038,47.758484],[26.704673,47.758483]]]}},{"type":"Feature","properties":{"nr":null},"geometry":{"type":"Polygon","coordinates":[[[26.705377,47.760472],[26.704673,47.758483],[26.704441,47.758494],[26.705154,47.760517],[26.705377,47.760472]]]}},{"type":"Feature","properties":{"nr":null},"geometry":{"type":"Polygon","coordinates":[[[26.705154,47.760517],[26.704441,47.758494],[26.704333,47.758499],[26.705051,47.760535],[26.705154,47.760517]]]}},{"type":"Feature","properties":{"nr":null},"geometry":{"type":"Polygon","coordinates":[[[26.718526,47.759327],[26.717875,47.758896],[26.717566,47.759088],[26.718219,47.759532],[26.718526,47.759327]]]}},{"type":"Feature","properties":{"nr":null},"geometry":{"type":"Polygon","coordinates":[[[26.704262,47.758473],[26.704431,47.758465],[26.703973,47.757167],[26.703804,47.757173],[26.704262,47.758473]]]}},{"type":"Feature","properties":{"nr":null},"geometry":{"type":"Polygon","coordinates":[[[26.704663,47.758454],[26.704205,47.757157],[26.703973,47.757167],[26.704431,47.758465],[26.704663,47.758454]]]}},{"type":"Feature","properties":{"nr":null},"geometry":{"type":"Polygon","coordinates":[[[26.708374,47.763352],[26.709342,47.762765],[26.708606,47.762193],[26.707949,47.762678],[26.707822,47.762836],[26.707742,47.763141],[26.70774,47.763703],[26.708374,47.763352]]]}},{"type":"Feature","properties":{"nr":null},"geometry":{"type":"Polygon","coordinates":[[[26.719974,47.757494],[26.720168,47.757352],[26.719669,47.757],[26.719483,47.757126],[26.719974,47.757494]]]}},{"type":"Feature","properties":{"nr":null},"geometry":{"type":"Polygon","coordinates":[[[26.729745,47.767773],[26.729571,47.767893],[26.736565,47.772427],[26.736687,47.772274],[26.729745,47.767773]]]}},{"type":"Feature","properties":{"nr":null},"geometry":{"type":"Polygon","coordinates":[[[26.721728,47.77957],[26.72139,47.779349],[26.720734,47.779812],[26.72107,47.780031],[26.721728,47.77957]]]}},{"type":"Feature","properties":{"nr":null},"geometry":{"type":"Polygon","coordinates":[[[26.72139,47.779349],[26.721189,47.779217],[26.720531,47.779681],[26.720734,47.779812],[26.72139,47.779349]]]}},{"type":"Feature","properties":{"nr":null},"geometry":{"type":"Polygon","coordinates":[[[26.721055,47.779129],[26.720397,47.779594],[26.720531,47.779681],[26.721189,47.779217],[26.721055,47.779129]]]}},{"type":"Feature","properties":{"nr":null},"geometry":{"type":"Polygon","coordinates":[[[26.718226,47.799271],[26.717776,47.799433],[26.718379,47.800277],[26.718849,47.800159],[26.718226,47.799271]]]}},{"type":"Feature","properties":{"nr":null},"geometry":{"type":"Polygon","coordinates":[[[26.738248,47.787459],[26.738837,47.785627],[26.735924,47.785342],[26.735771,47.785446],[26.735916,47.785597],[26.735996,47.78587],[26.736,47.786224],[26.737245,47.786338],[26.737393,47.785834],[26.738339,47.785936],[26.73798,47.787163],[26.737033,47.787064],[26.737231,47.786386],[26.736,47.786273],[26.735995,47.787239],[26.738248,47.787459]]]}},{"type":"Feature","properties":{"nr":null},"geometry":{"type":"Polygon","coordinates":[[[26.730971,47.796815],[26.730797,47.797193],[26.735323,47.79835],[26.735414,47.797951],[26.730971,47.796815]]]}},{"type":"Feature","properties":{"nr":null},"geometry":{"type":"Polygon","coordinates":[[[26.714562,47.77602],[26.714386,47.7759],[26.712036,47.777411],[26.712217,47.777527],[26.714562,47.77602]]]}},{"type":"Feature","properties":{"nr":null},"geometry":{"type":"Polygon","coordinates":[[[26.724892,47.771015],[26.719937,47.76777],[26.719835,47.767836],[26.724785,47.77108],[26.724892,47.771015]]]}},{"type":"Feature","properties":{"nr":null},"geometry":{"type":"Polygon","coordinates":[[[26.728097,47.75397],[26.728026,47.754086],[26.728575,47.754306],[26.728767,47.754147],[26.728403,47.753946],[26.7282,47.753845],[26.728097,47.75397]]]}},{"type":"Feature","properties":{"nr":null},"geometry":{"type":"Polygon","coordinates":[[[26.728325,47.75451],[26.728575,47.754306],[26.728026,47.754086],[26.728022,47.754094],[26.727992,47.754262],[26.728005,47.754341],[26.728325,47.75451]]]}},{"type":"Feature","properties":{"nr":null},"geometry":{"type":"Polygon","coordinates":[[[26.731044,47.757452],[26.731639,47.757826],[26.731771,47.757728],[26.73118,47.757357],[26.731044,47.757452]]]}},{"type":"Feature","properties":{"nr":null},"geometry":{"type":"Polygon","coordinates":[[[26.722944,47.758201],[26.722811,47.758113],[26.722749,47.75815],[26.722568,47.758018],[26.722521,47.758045],[26.722823,47.758282],[26.722944,47.758201]]]}},{"type":"Feature","properties":{"nr":null},"geometry":{"type":"Polygon","coordinates":[[[26.719504,47.766832],[26.719608,47.766903],[26.719777,47.766789],[26.720408,47.767187],[26.720468,47.767147],[26.720516,47.76718],[26.720388,47.767265],[26.720488,47.767329],[26.720638,47.767229],[26.720487,47.767133],[26.719715,47.766689],[26.719504,47.766832]]]}},{"type":"Feature","properties":{"nr":null},"geometry":{"type":"Polygon","coordinates":[[[26.717588,47.762872],[26.718241,47.763302],[26.718523,47.763112],[26.717866,47.76268],[26.717588,47.762872]]]}},{"type":"Feature","properties":{"nr":null},"geometry":{"type":"Polygon","coordinates":[[[26.726567,47.762469],[26.727154,47.762868],[26.727286,47.762779],[26.726707,47.762385],[26.726567,47.762469]]]}},{"type":"Feature","properties":{"nr":null},"geometry":{"type":"Polygon","coordinates":[[[26.726852,47.762302],[26.726707,47.762385],[26.727286,47.762779],[26.727426,47.762687],[26.726852,47.762302]]]}},{"type":"Feature","properties":{"nr":null},"geometry":{"type":"Polygon","coordinates":[[[26.695785,47.782322],[26.700616,47.785049],[26.700807,47.784881],[26.696007,47.782171],[26.695785,47.782322]]]}},{"type":"Feature","properties":{"nr":null},"geometry":{"type":"Polygon","coordinates":[[[26.735912,47.796222],[26.735993,47.795955],[26.732668,47.794507],[26.73248,47.794728],[26.735912,47.796222]]]}},{"type":"Feature","properties":{"nr":null},"geometry":{"type":"Polygon","coordinates":[[[26.722987,47.758172],[26.722675,47.757954],[26.722568,47.758018],[26.722749,47.75815],[26.722811,47.758113],[26.722944,47.758201],[26.722987,47.758172]]]}},{"type":"Feature","properties":{"nr":null},"geometry":{"type":"Polygon","coordinates":[[[26.706294,47.764724],[26.704517,47.763832],[26.704439,47.763901],[26.706202,47.764794],[26.706294,47.764724]]]}},{"type":"Feature","properties":{"nr":null},"geometry":{"type":"Polygon","coordinates":[[[26.717028,47.76034],[26.716134,47.759729],[26.715999,47.75983],[26.716883,47.76044],[26.717028,47.76034]]]}},{"type":"Feature","properties":{"nr":null},"geometry":{"type":"Polygon","coordinates":[[[26.713227,47.760471],[26.712285,47.759916],[26.711436,47.76045],[26.71057,47.761079],[26.710834,47.761274],[26.711892,47.760554],[26.712103,47.760962],[26.712075,47.761489],[26.711764,47.761841],[26.712364,47.76223],[26.713298,47.761522],[26.713263,47.761309],[26.713299,47.761107],[26.713634,47.760903],[26.713889,47.760769],[26.713349,47.760371],[26.713227,47.760471]]]}},{"type":"Feature","properties":{"nr":null},"geometry":{"type":"Polygon","coordinates":[[[26.72655,47.754875],[26.726218,47.755108],[26.726528,47.755313],[26.726849,47.755088],[26.72655,47.754875]]]}},{"type":"Feature","properties":{"nr":null},"geometry":{"type":"Polygon","coordinates":[[[26.730745,47.797316],[26.730673,47.797454],[26.735203,47.79878],[26.735244,47.798634],[26.730745,47.797316]]]}},{"type":"Feature","properties":{"nr":null},"geometry":{"type":"Polygon","coordinates":[[[26.722554,47.75847],[26.72272,47.758353],[26.722116,47.757935],[26.721958,47.758059],[26.722554,47.75847]]]}},{"type":"Feature","properties":{"nr":null},"geometry":{"type":"Polygon","coordinates":[[[26.708003,47.765811],[26.708158,47.765706],[26.70645,47.764618],[26.706299,47.76472],[26.708003,47.765811]]]}},{"type":"Feature","properties":{"nr":null},"geometry":{"type":"Polygon","coordinates":[[[26.703655,47.767299],[26.703762,47.767172],[26.700494,47.765383],[26.700426,47.765531],[26.703655,47.767299]]]}},{"type":"Feature","properties":{"nr":null},"geometry":{"type":"Polygon","coordinates":[[[26.725891,47.754949],[26.726287,47.754697],[26.726125,47.754586],[26.725731,47.754819],[26.725891,47.754949]]]}},{"type":"Feature","properties":{"nr":null},"geometry":{"type":"Polygon","coordinates":[[[26.72655,47.754875],[26.726287,47.754697],[26.725913,47.754936],[26.726192,47.755126],[26.72655,47.754875]]]}},{"type":"Feature","properties":{"nr":null},"geometry":{"type":"Polygon","coordinates":[[[26.735468,47.797704],[26.731072,47.79658],[26.730971,47.796815],[26.735414,47.797951],[26.735468,47.797704]]]}},{"type":"Feature","properties":{"nr":null},"geometry":{"type":"Polygon","coordinates":[[[26.728642,47.768471],[26.728774,47.76838],[26.723784,47.765185],[26.723658,47.765278],[26.728642,47.768471]]]}},{"type":"Feature","properties":{"nr":null},"geometry":{"type":"Polygon","coordinates":[[[26.717713,47.761939],[26.717538,47.76206],[26.718171,47.762471],[26.718354,47.762356],[26.717713,47.761939]]]}},{"type":"Feature","properties":{"nr":null},"geometry":{"type":"Polygon","coordinates":[[[26.727516,47.758363],[26.727957,47.758638],[26.728194,47.75846],[26.727732,47.758174],[26.727514,47.75803],[26.727189,47.758269],[26.727433,47.758423],[26.727516,47.758363]]]}},{"type":"Feature","properties":{"nr":null},"geometry":{"type":"Polygon","coordinates":[[[26.710974,47.75686],[26.710286,47.757239],[26.710419,47.757383],[26.711106,47.757004],[26.710974,47.75686]]]}},{"type":"Feature","properties":{"nr":null},"geometry":{"type":"Polygon","coordinates":[[[26.717148,47.762178],[26.717335,47.76205],[26.716716,47.761632],[26.716515,47.76176],[26.717148,47.762178]]]}},{"type":"Feature","properties":{"nr":null},"geometry":{"type":"Polygon","coordinates":[[[26.734462,47.758385],[26.734453,47.758213],[26.734471,47.75803],[26.734166,47.758233],[26.73403,47.758314],[26.733452,47.758623],[26.733205,47.758765],[26.732838,47.758998],[26.732467,47.759247],[26.731777,47.759765],[26.731763,47.759782],[26.731227,47.760153],[26.731175,47.760173],[26.73071,47.760504],[26.729775,47.761114],[26.729343,47.761407],[26.729349,47.761414],[26.729247,47.761491],[26.728765,47.761814],[26.728426,47.762024],[26.728125,47.762224],[26.728077,47.762246],[26.727154,47.762868],[26.725922,47.76367],[26.726017,47.76372],[26.726983,47.76311],[26.727907,47.762484],[26.728119,47.762357],[26.728854,47.761886],[26.731633,47.759996],[26.731944,47.759777],[26.732482,47.759379],[26.732931,47.759068],[26.733556,47.758685],[26.734052,47.758443],[26.734157,47.758429],[26.734264,47.758436],[26.734482,47.758483],[26.734462,47.758385]]]}},{"type":"Feature","properties":{"nr":null},"geometry":{"type":"Polygon","coordinates":[[[26.736928,47.772008],[26.736924,47.771904],[26.730141,47.767508],[26.730063,47.767564],[26.736928,47.772008]]]}},{"type":"Feature","properties":{"nr":null},"geometry":{"type":"Polygon","coordinates":[[[26.725507,47.76395],[26.725035,47.763623],[26.724929,47.763698],[26.725386,47.764032],[26.725507,47.76395]]]}},{"type":"Feature","properties":{"nr":null},"geometry":{"type":"Polygon","coordinates":[[[26.725386,47.764032],[26.724929,47.763698],[26.724761,47.763816],[26.725216,47.764147],[26.725386,47.764032]]]}},{"type":"Feature","properties":{"nr":null},"geometry":{"type":"Polygon","coordinates":[[[26.738022,47.798237],[26.738512,47.798099],[26.739325,47.795474],[26.738878,47.795481],[26.738022,47.798237]]]}},{"type":"Feature","properties":{"nr":null},"geometry":{"type":"Polygon","coordinates":[[[26.722058,47.756068],[26.722709,47.756505],[26.722894,47.756375],[26.722244,47.755946],[26.722058,47.756068]]]}},{"type":"Feature","properties":{"nr":null},"geometry":{"type":"Polygon","coordinates":[[[26.722709,47.756505],[26.722058,47.756068],[26.721952,47.756139],[26.722583,47.756593],[26.722709,47.756505]]]}},{"type":"Feature","properties":{"nr":null},"geometry":{"type":"Polygon","coordinates":[[[26.704405,47.763883],[26.704482,47.763815],[26.701119,47.762113],[26.701069,47.762195],[26.704405,47.763883]]]}},{"type":"Feature","properties":{"nr":null},"geometry":{"type":"Polygon","coordinates":[[[26.728603,47.76854],[26.728542,47.768586],[26.735516,47.773141],[26.735584,47.773101],[26.728603,47.76854]]]}},{"type":"Feature","properties":{"nr":null},"geometry":{"type":"Polygon","coordinates":[[[26.704432,47.769871],[26.705304,47.769155],[26.705009,47.768994],[26.704137,47.769709],[26.704432,47.769871]]]}},{"type":"Feature","properties":{"nr":null},"geometry":{"type":"Polygon","coordinates":[[[26.731418,47.766533],[26.731548,47.766425],[26.731639,47.766363],[26.7283,47.764238],[26.728063,47.764397],[26.731418,47.766533]]]}},{"type":"Feature","properties":{"nr":null},"geometry":{"type":"Polygon","coordinates":[[[26.71525,47.761767],[26.715683,47.762058],[26.715864,47.762162],[26.715937,47.762108],[26.716293,47.761889],[26.715659,47.761473],[26.715496,47.761582],[26.71525,47.761767]]]}},{"type":"Feature","properties":{"nr":null},"geometry":{"type":"Polygon","coordinates":[[[26.696511,47.776927],[26.696406,47.777015],[26.700538,47.779269],[26.700643,47.779181],[26.696511,47.776927]]]}},{"type":"Feature","properties":{"nr":null},"geometry":{"type":"Polygon","coordinates":[[[26.69583,47.772934],[26.702805,47.776941],[26.70309,47.776759],[26.696164,47.772781],[26.69583,47.772934]]]}},{"type":"Feature","properties":{"nr":null},"geometry":{"type":"Polygon","coordinates":[[[26.7193,47.774896],[26.71922,47.774938],[26.725711,47.779091],[26.725779,47.779041],[26.7193,47.774896]]]}},{"type":"Feature","properties":{"nr":null},"geometry":{"type":"Polygon","coordinates":[[[26.72124,47.763173],[26.720713,47.762845],[26.720436,47.76304],[26.720941,47.763383],[26.72124,47.763173]]]}},{"type":"Feature","properties":{"nr":null},"geometry":{"type":"Polygon","coordinates":[[[26.710947,47.776697],[26.711119,47.776818],[26.713468,47.775286],[26.713297,47.775165],[26.710947,47.776697]]]}},{"type":"Feature","properties":{"nr":null},"geometry":{"type":"Polygon","coordinates":[[[26.702498,47.758572],[26.703529,47.760754],[26.703634,47.76075],[26.702614,47.75857],[26.702498,47.758572]]]}},{"type":"Feature","properties":{"nr":null},"geometry":{"type":"Polygon","coordinates":[[[26.738296,47.76211],[26.738145,47.762206],[26.744183,47.766148],[26.744244,47.766134],[26.74287,47.765225],[26.743025,47.765121],[26.738296,47.76211]]]}},{"type":"Feature","properties":{"nr":null},"geometry":{"type":"Polygon","coordinates":[[[26.702498,47.758572],[26.702153,47.75858],[26.703216,47.76079],[26.703539,47.760775],[26.702498,47.758572]]]}},{"type":"Feature","properties":{"nr":null},"geometry":{"type":"Polygon","coordinates":[[[26.72873,47.753666],[26.728924,47.753584],[26.729362,47.753393],[26.729172,47.753213],[26.728778,47.753355],[26.728596,47.753451],[26.728514,47.753509],[26.728535,47.753546],[26.72873,47.753666]]]}},{"type":"Feature","properties":{"nr":null},"geometry":{"type":"Polygon","coordinates":[[[26.736339,47.793141],[26.73616,47.792595],[26.73605,47.792019],[26.734662,47.791929],[26.734475,47.792482],[26.736366,47.793194],[26.736339,47.793141]]]}},{"type":"Feature","properties":{"nr":null},"geometry":{"type":"Polygon","coordinates":[[[26.74063,47.766691],[26.740502,47.766719],[26.742629,47.767947],[26.74268,47.767876],[26.74063,47.766691]]]}},{"type":"Feature","properties":{"nr":null},"geometry":{"type":"Polygon","coordinates":[[[26.723915,47.762335],[26.724194,47.762538],[26.724465,47.762363],[26.724173,47.762157],[26.723915,47.762335]]]}},{"type":"Feature","properties":{"nr":null},"geometry":{"type":"Polygon","coordinates":[[[26.721244,47.773547],[26.727969,47.777746],[26.728108,47.777658],[26.721381,47.773458],[26.721244,47.773547]]]}},{"type":"Feature","properties":{"nr":null},"geometry":{"type":"Polygon","coordinates":[[[26.745587,47.773068],[26.750855,47.776314],[26.750983,47.77628],[26.745669,47.773005],[26.745587,47.773068]]]}},{"type":"Feature","properties":{"nr":null},"geometry":{"type":"Polygon","coordinates":[[[26.72416,47.782189],[26.724449,47.781471],[26.723536,47.781349],[26.723247,47.782068],[26.72416,47.782189]]]}},{"type":"Feature","properties":{"nr":null},"geometry":{"type":"Polygon","coordinates":[[[26.723536,47.781349],[26.72419,47.781436],[26.724286,47.781199],[26.723634,47.781104],[26.723536,47.781349]]]}},{"type":"Feature","properties":{"nr":null},"geometry":{"type":"Polygon","coordinates":[[[26.724069,47.75574],[26.723756,47.755949],[26.724379,47.756356],[26.724673,47.756159],[26.724069,47.75574]]]}},{"type":"Feature","properties":{"nr":null},"geometry":{"type":"Polygon","coordinates":[[[26.719107,47.766516],[26.719505,47.766229],[26.718874,47.765797],[26.718469,47.766064],[26.719107,47.766516]]]}},{"type":"Feature","properties":{"nr":null},"geometry":{"type":"Polygon","coordinates":[[[26.703567,47.756402],[26.703219,47.75518],[26.702507,47.755347],[26.702852,47.75646],[26.703567,47.756402]]]}},{"type":"Feature","properties":{"nr":null},"geometry":{"type":"Polygon","coordinates":[[[26.696282,47.781977],[26.701069,47.784681],[26.701118,47.784588],[26.696412,47.781918],[26.696282,47.781977]]]}},{"type":"Feature","properties":{"nr":null},"geometry":{"type":"Polygon","coordinates":[[[26.723516,47.763483],[26.723824,47.763273],[26.723186,47.762849],[26.722888,47.763058],[26.723516,47.763483]]]}},{"type":"Feature","properties":{"nr":null},"geometry":{"type":"Polygon","coordinates":[[[26.721405,47.767655],[26.722317,47.768268],[26.722476,47.768177],[26.721543,47.767555],[26.721405,47.767655]]]}},{"type":"Feature","properties":{"nr":null},"geometry":{"type":"Polygon","coordinates":[[[26.72519,47.78087],[26.724981,47.781391],[26.725575,47.781478],[26.725755,47.780952],[26.72519,47.78087]]]}},{"type":"Feature","properties":{"nr":null},"geometry":{"type":"Polygon","coordinates":[[[26.724367,47.759298],[26.725034,47.759722],[26.725227,47.75959],[26.724617,47.759131],[26.724367,47.759298]]]}},{"type":"Feature","properties":{"nr":null},"geometry":{"type":"Polygon","coordinates":[[[26.721981,47.763686],[26.722292,47.763489],[26.721673,47.763032],[26.721376,47.763241],[26.721981,47.763686]]]}},{"type":"Feature","properties":{"nr":null},"geometry":{"type":"Polygon","coordinates":[[[26.717043,47.778708],[26.71671,47.778489],[26.716587,47.77858],[26.716926,47.778796],[26.717043,47.778708]]]}},{"type":"Feature","properties":{"nr":null},"geometry":{"type":"Polygon","coordinates":[[[26.72381,47.762429],[26.72317,47.761988],[26.722876,47.762192],[26.723503,47.762631],[26.72381,47.762429]]]}},{"type":"Feature","properties":{"nr":null},"geometry":{"type":"Polygon","coordinates":[[[26.721204,47.76233],[26.720846,47.762104],[26.720685,47.762214],[26.72064,47.762184],[26.720672,47.762161],[26.720613,47.762121],[26.720703,47.76206],[26.720514,47.761938],[26.720365,47.762038],[26.721021,47.762456],[26.721204,47.76233]]]}},{"type":"Feature","properties":{"nr":null},"geometry":{"type":"Polygon","coordinates":[[[26.720242,47.76212],[26.720895,47.762543],[26.721021,47.762456],[26.720365,47.762038],[26.720242,47.76212]]]}},{"type":"Feature","properties":{"nr":null},"geometry":{"type":"Polygon","coordinates":[[[26.695583,47.782444],[26.695481,47.782508],[26.700278,47.785364],[26.700372,47.785294],[26.695583,47.782444]]]}},{"type":"Feature","properties":{"nr":null},"geometry":{"type":"Polygon","coordinates":[[[26.720195,47.760801],[26.72073,47.760441],[26.720558,47.760325],[26.720018,47.7607],[26.720195,47.760801]]]}},{"type":"Feature","properties":{"nr":null},"geometry":{"type":"Polygon","coordinates":[[[26.725523,47.757523],[26.724819,47.757081],[26.724628,47.757211],[26.725308,47.757666],[26.725523,47.757523]]]}},{"type":"Feature","properties":{"nr":null},"geometry":{"type":"Polygon","coordinates":[[[26.725954,47.756023],[26.725994,47.756067],[26.726059,47.756085],[26.726177,47.756003],[26.725547,47.755577],[26.725435,47.755649],[26.725954,47.756023]]]}},{"type":"Feature","properties":{"nr":null},"geometry":{"type":"Polygon","coordinates":[[[26.720165,47.759269],[26.720803,47.759686],[26.721011,47.759542],[26.720364,47.759129],[26.720165,47.759269]]]}},{"type":"Feature","properties":{"nr":null},"geometry":{"type":"Polygon","coordinates":[[[26.724908,47.781573],[26.724833,47.781759],[26.725448,47.781848],[26.725513,47.78166],[26.724908,47.781573]]]}},{"type":"Feature","properties":{"nr":null},"geometry":{"type":"Polygon","coordinates":[[[26.723469,47.757839],[26.723677,47.757702],[26.723058,47.757267],[26.722853,47.757408],[26.723469,47.757839]]]}},{"type":"Feature","properties":{"nr":null},"geometry":{"type":"Polygon","coordinates":[[[26.721893,47.753715],[26.722139,47.751077],[26.72194,47.75115],[26.721675,47.753799],[26.721893,47.753715]]]}},{"type":"Feature","properties":{"nr":null},"geometry":{"type":"Polygon","coordinates":[[[26.713776,47.772022],[26.713843,47.771971],[26.707061,47.768281],[26.706998,47.768334],[26.713776,47.772022]]]}},{"type":"Feature","properties":{"nr":null},"geometry":{"type":"Polygon","coordinates":[[[26.724845,47.781523],[26.724972,47.781207],[26.724321,47.781112],[26.72419,47.781436],[26.724845,47.781523]]]}},{"type":"Feature","properties":{"nr":null},"geometry":{"type":"Polygon","coordinates":[[[26.719417,47.759312],[26.719736,47.759086],[26.719444,47.758872],[26.719107,47.759109],[26.719417,47.759312]]]}},{"type":"Feature","properties":{"nr":null},"geometry":{"type":"Polygon","coordinates":[[[26.731075,47.757399],[26.731403,47.757152],[26.730792,47.756767],[26.730451,47.75701],[26.731075,47.757399]]]}},{"type":"Feature","properties":{"nr":null},"geometry":{"type":"Polygon","coordinates":[[[26.716587,47.77858],[26.716531,47.778621],[26.71687,47.778838],[26.716926,47.778796],[26.716587,47.77858]]]}},{"type":"Feature","properties":{"nr":null},"geometry":{"type":"Polygon","coordinates":[[[26.717519,47.776022],[26.723927,47.780223],[26.724036,47.78016],[26.717619,47.775952],[26.717519,47.776022]]]}},{"type":"Feature","properties":{"nr":null},"geometry":{"type":"Polygon","coordinates":[[[26.724833,47.781759],[26.72476,47.781941],[26.725385,47.782032],[26.725448,47.781848],[26.724833,47.781759]]]}},{"type":"Feature","properties":{"nr":null},"geometry":{"type":"Polygon","coordinates":[[[26.719448,47.758875],[26.719739,47.759087],[26.720084,47.759324],[26.720213,47.759229],[26.719584,47.758784],[26.719448,47.758875]]]}},{"type":"Feature","properties":{"nr":null},"geometry":{"type":"Polygon","coordinates":[[[26.740036,47.766736],[26.735473,47.763947],[26.735382,47.764005],[26.739905,47.766769],[26.740036,47.766736]]]}},{"type":"Feature","properties":{"nr":null},"geometry":{"type":"Polygon","coordinates":[[[26.739942,47.766808],[26.742302,47.768282],[26.742381,47.768224],[26.740064,47.766776],[26.739942,47.766808]]]}},{"type":"Feature","properties":{"nr":null},"geometry":{"type":"Polygon","coordinates":[[[26.706703,47.760223],[26.706757,47.760216],[26.706196,47.758398],[26.706148,47.758409],[26.706703,47.760223]]]}},{"type":"Feature","properties":{"nr":null},"geometry":{"type":"Polygon","coordinates":[[[26.722251,47.799388],[26.721686,47.799571],[26.721377,47.79964],[26.723624,47.80139],[26.72435,47.801023],[26.722251,47.799388]]]}},{"type":"Feature","properties":{"nr":null},"geometry":{"type":"Polygon","coordinates":[[[26.727152,47.778263],[26.720472,47.774061],[26.720378,47.774118],[26.727035,47.778342],[26.727152,47.778263]]]}},{"type":"Feature","properties":{"nr":null},"geometry":{"type":"Polygon","coordinates":[[[26.7358,47.763769],[26.740466,47.76669],[26.740588,47.766667],[26.735884,47.763722],[26.7358,47.763769]]]}},{"type":"Feature","properties":{"nr":null},"geometry":{"type":"Polygon","coordinates":[[[26.721983,47.767776],[26.725918,47.77031],[26.726099,47.770179],[26.722173,47.76765],[26.721983,47.767776]]]}},{"type":"Feature","properties":{"nr":null},"geometry":{"type":"Polygon","coordinates":[[[26.707276,47.766315],[26.706711,47.765947],[26.70652,47.766102],[26.707083,47.766445],[26.707276,47.766315]]]}},{"type":"Feature","properties":{"nr":null},"geometry":{"type":"Polygon","coordinates":[[[26.705952,47.758384],[26.705549,47.757138],[26.70539,47.757142],[26.705802,47.758413],[26.705952,47.758384]]]}},{"type":"Feature","properties":{"nr":null},"geometry":{"type":"Polygon","coordinates":[[[26.704601,47.76878],[26.70388,47.76937],[26.704002,47.769439],[26.703858,47.769555],[26.704088,47.769682],[26.704979,47.768984],[26.704601,47.76878]]]}},{"type":"Feature","properties":{"nr":null},"geometry":{"type":"Polygon","coordinates":[[[26.70388,47.76937],[26.703897,47.769357],[26.703655,47.769221],[26.703992,47.768945],[26.703851,47.768862],[26.703602,47.769032],[26.703672,47.769076],[26.703529,47.769174],[26.70388,47.76937]]]}},{"type":"Feature","properties":{"nr":null},"geometry":{"type":"Polygon","coordinates":[[[26.6977,47.772108],[26.697568,47.772165],[26.704344,47.775984],[26.704457,47.775916],[26.6977,47.772108]]]}},{"type":"Feature","properties":{"nr":null},"geometry":{"type":"Polygon","coordinates":[[[26.724389,47.77143],[26.729066,47.774296],[26.729486,47.774268],[26.724553,47.771312],[26.724389,47.77143]]]}},{"type":"Feature","properties":{"nr":null},"geometry":{"type":"Polygon","coordinates":[[[26.705549,47.757138],[26.705952,47.758384],[26.706151,47.75834],[26.705753,47.75711],[26.705549,47.757138]]]}},{"type":"Feature","properties":{"nr":null},"geometry":{"type":"Polygon","coordinates":[[[26.721176,47.761476],[26.72247,47.762284],[26.723038,47.761926],[26.721746,47.761067],[26.721176,47.761476]]]}},{"type":"Feature","properties":{"nr":null},"geometry":{"type":"Polygon","coordinates":[[[26.70536,47.757143],[26.705338,47.757144],[26.705753,47.758423],[26.705773,47.758419],[26.70536,47.757143]]]}},{"type":"Feature","properties":{"nr":null},"geometry":{"type":"Polygon","coordinates":[[[26.708543,47.795291],[26.70834,47.795353],[26.709941,47.797134],[26.710455,47.797826],[26.712161,47.800229],[26.712345,47.800143],[26.710653,47.797757],[26.710141,47.797067],[26.708543,47.795291]]]}},{"type":"Feature","properties":{"nr":null},"geometry":{"type":"Polygon","coordinates":[[[26.717066,47.769568],[26.709229,47.765189],[26.709192,47.765215],[26.717029,47.769594],[26.717066,47.769568]]]}},{"type":"Feature","properties":{"nr":null},"geometry":{"type":"Polygon","coordinates":[[[26.722059,47.779786],[26.721397,47.780253],[26.721512,47.780333],[26.721705,47.780484],[26.722388,47.780001],[26.722059,47.779786]]]}},{"type":"Feature","properties":{"nr":null},"geometry":{"type":"Polygon","coordinates":[[[26.729196,47.757902],[26.728895,47.758114],[26.729588,47.75856],[26.729897,47.758316],[26.729417,47.758039],[26.729196,47.757902]]]}},{"type":"Feature","properties":{"nr":null},"geometry":{"type":"Polygon","coordinates":[[[26.732587,47.794405],[26.731286,47.793981],[26.731258,47.794014],[26.732561,47.794439],[26.732587,47.794405]]]}},{"type":"Feature","properties":{"nr":null},"geometry":{"type":"Polygon","coordinates":[[[26.718359,47.778245],[26.719017,47.777803],[26.718824,47.777677],[26.718167,47.778118],[26.718359,47.778245]]]}},{"type":"Feature","properties":{"nr":null},"geometry":{"type":"Polygon","coordinates":[[[26.719038,47.778695],[26.719726,47.77915],[26.720367,47.77868],[26.719702,47.778248],[26.719038,47.778695]]]}},{"type":"Feature","properties":{"nr":null},"geometry":{"type":"Polygon","coordinates":[[[26.721725,47.779567],[26.721066,47.780032],[26.721397,47.780253],[26.722059,47.779786],[26.721725,47.779567]]]}},{"type":"Feature","properties":{"nr":null},"geometry":{"type":"Polygon","coordinates":[[[26.730818,47.752045],[26.73119,47.752009],[26.73132,47.75198],[26.731501,47.751914],[26.731878,47.751743],[26.73109,47.750966],[26.730511,47.75117],[26.730818,47.752045]]]}},{"type":"Feature","properties":{"nr":null},"geometry":{"type":"Polygon","coordinates":[[[26.733526,47.756556],[26.733367,47.756677],[26.734884,47.757556],[26.735043,47.757435],[26.733526,47.756556]]]}},{"type":"Feature","properties":{"nr":null},"geometry":{"type":"Polygon","coordinates":[[[26.718359,47.778245],[26.719039,47.778695],[26.719704,47.778247],[26.719017,47.777803],[26.718359,47.778245]]]}},{"type":"Feature","properties":{"nr":null},"geometry":{"type":"Polygon","coordinates":[[[26.706234,47.760302],[26.706285,47.760294],[26.705738,47.75847],[26.705685,47.758472],[26.706234,47.760302]]]}},{"type":"Feature","properties":{"nr":null},"geometry":{"type":"Polygon","coordinates":[[[26.7217,47.773246],[26.721565,47.773336],[26.728331,47.777518],[26.72847,47.77743],[26.7217,47.773246]]]}},{"type":"Feature","properties":{"nr":null},"geometry":{"type":"Polygon","coordinates":[[[26.71687,47.778838],[26.716531,47.778621],[26.716426,47.778698],[26.716762,47.778918],[26.71687,47.778838]]]}},{"type":"Feature","properties":{"nr":null},"geometry":{"type":"Polygon","coordinates":[[[26.716909,47.778442],[26.716782,47.778538],[26.717043,47.778708],[26.717163,47.778618],[26.716998,47.778521],[26.716943,47.778463],[26.716909,47.778442]]]}},{"type":"Feature","properties":{"nr":null},"geometry":{"type":"Polygon","coordinates":[[[26.723651,47.759623],[26.723959,47.759411],[26.723674,47.759213],[26.723368,47.759424],[26.723651,47.759623]]]}},{"type":"Feature","properties":{"nr":null},"geometry":{"type":"Polygon","coordinates":[[[26.730902,47.752832],[26.730689,47.752909],[26.731157,47.753266],[26.731469,47.753459],[26.731657,47.753392],[26.730902,47.752832]]]}},{"type":"Feature","properties":{"nr":null},"geometry":{"type":"Polygon","coordinates":[[[26.710776,47.776578],[26.710948,47.776698],[26.713297,47.775165],[26.713124,47.775046],[26.710776,47.776578]]]}},{"type":"Feature","properties":{"nr":null},"geometry":{"type":"Polygon","coordinates":[[[26.724832,47.757089],[26.725503,47.757511],[26.725704,47.757379],[26.725035,47.756955],[26.724832,47.757089]]]}},{"type":"Feature","properties":{"nr":null},"geometry":{"type":"Polygon","coordinates":[[[26.725385,47.782032],[26.72476,47.781941],[26.724688,47.782121],[26.725323,47.782213],[26.725385,47.782032]]]}},{"type":"Feature","properties":{"nr":null},"geometry":{"type":"Polygon","coordinates":[[[26.724323,47.756419],[26.724943,47.756838],[26.725106,47.75673],[26.724471,47.756313],[26.724323,47.756419]]]}},{"type":"Feature","properties":{"nr":null},"geometry":{"type":"Polygon","coordinates":[[[26.723809,47.780669],[26.723799,47.780695],[26.72419,47.780752],[26.724198,47.780726],[26.723809,47.780669]]]}},{"type":"Feature","properties":{"nr":null},"geometry":{"type":"Polygon","coordinates":[[[26.723799,47.780695],[26.723634,47.781104],[26.724025,47.781161],[26.72419,47.780752],[26.723799,47.780695]]]}},{"type":"Feature","properties":{"nr":null},"geometry":{"type":"Polygon","coordinates":[[[26.72416,47.782189],[26.724556,47.782242],[26.724845,47.781523],[26.724449,47.781471],[26.72416,47.782189]]]}},{"type":"Feature","properties":{"nr":null},"geometry":{"type":"Polygon","coordinates":[[[26.731761,47.753677],[26.731333,47.753423],[26.73075,47.753644],[26.731216,47.75389],[26.731761,47.753677]]]}},{"type":"Feature","properties":{"nr":null},"geometry":{"type":"Polygon","coordinates":[[[26.724981,47.781391],[26.724908,47.781573],[26.725513,47.78166],[26.725575,47.781478],[26.724981,47.781391]]]}},{"type":"Feature","properties":{"nr":null},"geometry":{"type":"Polygon","coordinates":[[[26.717284,47.77853],[26.716973,47.778345],[26.716903,47.778376],[26.716842,47.778429],[26.716885,47.778454],[26.716909,47.778442],[26.716943,47.778463],[26.716998,47.778521],[26.717163,47.778618],[26.717284,47.77853]]]}},{"type":"Feature","properties":{"nr":null},"geometry":{"type":"Polygon","coordinates":[[[26.724025,47.781161],[26.724286,47.781199],[26.724461,47.780764],[26.7242,47.780726],[26.724025,47.781161]]]}},{"type":"Feature","properties":{"nr":null},"geometry":{"type":"Polygon","coordinates":[[[26.724303,47.760492],[26.724609,47.760269],[26.724433,47.76014],[26.724097,47.760372],[26.724303,47.760492]]]}},{"type":"Feature","properties":{"nr":null},"geometry":{"type":"Polygon","coordinates":[[[26.722373,47.759624],[26.722656,47.759422],[26.721994,47.759004],[26.721723,47.759194],[26.722373,47.759624]]]}},{"type":"Feature","properties":{"nr":null},"geometry":{"type":"Polygon","coordinates":[[[26.719119,47.757867],[26.718833,47.758077],[26.719614,47.758584],[26.719947,47.758371],[26.719119,47.757867]]]}},{"type":"Feature","properties":{"nr":null},"geometry":{"type":"Polygon","coordinates":[[[26.704867,47.76587],[26.704965,47.765763],[26.701109,47.76392],[26.701024,47.764037],[26.704867,47.76587]]]}},{"type":"Feature","properties":{"nr":null},"geometry":{"type":"Polygon","coordinates":[[[26.729333,47.752588],[26.728839,47.75172],[26.728469,47.751825],[26.729036,47.752649],[26.729333,47.752588]]]}},{"type":"Feature","properties":{"nr":null},"geometry":{"type":"Polygon","coordinates":[[[26.72954,47.753009],[26.729333,47.752588],[26.729036,47.752649],[26.729319,47.753049],[26.72954,47.753009]]]}},{"type":"Feature","properties":{"nr":null},"geometry":{"type":"Polygon","coordinates":[[[26.742068,47.768448],[26.739567,47.7669],[26.739422,47.766924],[26.741964,47.768523],[26.742068,47.768448]]]}},{"type":"Feature","properties":{"nr":null},"geometry":{"type":"Polygon","coordinates":[[[26.735027,47.764215],[26.73497,47.764263],[26.739231,47.76686],[26.739288,47.766804],[26.735027,47.764215]]]}},{"type":"Feature","properties":{"nr":null},"geometry":{"type":"Polygon","coordinates":[[[26.720323,47.763393],[26.719967,47.763167],[26.719639,47.76339],[26.71999,47.763635],[26.720323,47.763393]]]}},{"type":"Feature","properties":{"nr":null},"geometry":{"type":"Polygon","coordinates":[[[26.722883,47.799286],[26.722331,47.799363],[26.722251,47.799388],[26.72435,47.801023],[26.724813,47.800789],[26.722883,47.799286]]]}},{"type":"Feature","properties":{"nr":null},"geometry":{"type":"Polygon","coordinates":[[[26.740106,47.753385],[26.746672,47.757209],[26.746756,47.757147],[26.740091,47.753304],[26.740106,47.753385]]]}},{"type":"Feature","properties":{"nr":null},"geometry":{"type":"Polygon","coordinates":[[[26.720989,47.773719],[26.727705,47.777913],[26.727786,47.777862],[26.721065,47.773665],[26.720989,47.773719]]]}},{"type":"Feature","properties":{"nr":null},"geometry":{"type":"Polygon","coordinates":[[[26.706151,47.75834],[26.706271,47.75831],[26.705877,47.757091],[26.705753,47.75711],[26.706151,47.75834]]]}},{"type":"Feature","properties":{"nr":null},"geometry":{"type":"Polygon","coordinates":[[[26.725227,47.75959],[26.725447,47.759437],[26.724825,47.758989],[26.724617,47.759131],[26.725227,47.75959]]]}},{"type":"Feature","properties":{"nr":null},"geometry":{"type":"Polygon","coordinates":[[[26.731591,47.760076],[26.731514,47.76013],[26.73656,47.763148],[26.736637,47.763093],[26.731591,47.760076]]]}},{"type":"Feature","properties":{"nr":null},"geometry":{"type":"Polygon","coordinates":[[[26.724222,47.76482],[26.723946,47.764654],[26.723803,47.764749],[26.724069,47.764919],[26.724222,47.76482]]]}},{"type":"Feature","properties":{"nr":null},"geometry":{"type":"Polygon","coordinates":[[[26.732676,47.765726],[26.732919,47.76557],[26.729401,47.763468],[26.729157,47.763623],[26.732676,47.765726]]]}},{"type":"Feature","properties":{"nr":null},"geometry":{"type":"Polygon","coordinates":[[[26.727907,47.762484],[26.727669,47.762648],[26.729152,47.763626],[26.729426,47.763452],[26.728403,47.762808],[26.727907,47.762484]]]}},{"type":"Feature","properties":{"nr":null},"geometry":{"type":"Polygon","coordinates":[[[26.727669,47.762648],[26.72743,47.762812],[26.727819,47.763057],[26.728049,47.7629],[26.727669,47.762648]]]}},{"type":"Feature","properties":{"nr":null},"geometry":{"type":"Polygon","coordinates":[[[26.714873,47.765642],[26.714291,47.765198],[26.714166,47.765375],[26.713968,47.76568],[26.713833,47.765842],[26.714044,47.765854],[26.714343,47.765855],[26.714517,47.76581],[26.714705,47.765741],[26.714873,47.765642]]]}},{"type":"Feature","properties":{"nr":null},"geometry":{"type":"Polygon","coordinates":[[[26.708773,47.765495],[26.71001,47.766211],[26.71661,47.769883],[26.716698,47.769819],[26.708863,47.765433],[26.708773,47.765495]]]}},{"type":"Feature","properties":{"nr":null},"geometry":{"type":"Polygon","coordinates":[[[26.700753,47.796403],[26.701002,47.796406],[26.701083,47.796302],[26.701263,47.796122],[26.701267,47.795871],[26.700753,47.795866],[26.700753,47.796403]]]}},{"type":"Feature","properties":{"nr":null},"geometry":{"type":"Polygon","coordinates":[[[26.72494,47.75599],[26.724307,47.75556],[26.724058,47.755732],[26.724677,47.756162],[26.724804,47.756085],[26.72494,47.75599]]]}},{"type":"Feature","properties":{"nr":null},"geometry":{"type":"Polygon","coordinates":[[[26.738859,47.761574],[26.740821,47.762757],[26.745899,47.765701],[26.745908,47.765462],[26.741403,47.762817],[26.740528,47.762312],[26.739003,47.761459],[26.738859,47.761574]]]}},{"type":"Feature","properties":{"nr":null},"geometry":{"type":"Polygon","coordinates":[[[26.708084,47.774968],[26.70953,47.774036],[26.709503,47.774017],[26.708056,47.774948],[26.708084,47.774968]]]}},{"type":"Feature","properties":{"nr":null},"geometry":{"type":"Polygon","coordinates":[[[26.701958,47.778912],[26.708084,47.774968],[26.708056,47.774948],[26.709503,47.774017],[26.709347,47.773907],[26.710308,47.773289],[26.710277,47.773271],[26.706002,47.776022],[26.706124,47.776111],[26.701936,47.778816],[26.701958,47.778912]]]}},{"type":"Feature","properties":{"nr":null},"geometry":{"type":"Polygon","coordinates":[[[26.715885,47.795603],[26.720918,47.799851],[26.721082,47.799763],[26.716048,47.795515],[26.715885,47.795603]]]}},{"type":"Feature","properties":{"nr":null},"geometry":{"type":"Polygon","coordinates":[[[26.71659,47.79521],[26.7217,47.799522],[26.721908,47.799464],[26.716763,47.795122],[26.71659,47.79521]]]}},{"type":"Feature","properties":{"nr":null},"geometry":{"type":"Polygon","coordinates":[[[26.704137,47.796865],[26.708358,47.801828],[26.708468,47.801795],[26.704247,47.796832],[26.704137,47.796865]]]}},{"type":"Feature","properties":{"nr":null},"geometry":{"type":"Polygon","coordinates":[[[26.706789,47.760213],[26.706222,47.758396],[26.706196,47.758398],[26.706757,47.760216],[26.706789,47.760213]]]}},{"type":"Feature","properties":{"nr":null},"geometry":{"type":"Polygon","coordinates":[[[26.74709,47.757072],[26.747111,47.757055],[26.741635,47.753898],[26.741614,47.753915],[26.74709,47.757072]]]}},{"type":"Feature","properties":{"nr":null},"geometry":{"type":"Polygon","coordinates":[[[26.701554,47.763447],[26.705374,47.765381],[26.705472,47.765299],[26.701602,47.763341],[26.701554,47.763447]]]}},{"type":"Feature","properties":{"nr":null},"geometry":{"type":"Polygon","coordinates":[[[26.726973,47.778544],[26.727,47.778517],[26.720191,47.774234],[26.720156,47.774256],[26.726973,47.778544]]]}},{"type":"Feature","properties":{"nr":null},"geometry":{"type":"Polygon","coordinates":[[[26.744194,47.766231],[26.738094,47.762247],[26.73797,47.762316],[26.743995,47.766253],[26.744194,47.766231]]]}},{"type":"Feature","properties":{"nr":null},"geometry":{"type":"Polygon","coordinates":[[[26.725935,47.770366],[26.732896,47.774732],[26.733012,47.77465],[26.726045,47.77028],[26.725935,47.770366]]]}},{"type":"Feature","properties":{"nr":null},"geometry":{"type":"Polygon","coordinates":[[[26.704344,47.775984],[26.697568,47.772165],[26.697437,47.772224],[26.704232,47.776053],[26.704344,47.775984]]]}},{"type":"Feature","properties":{"nr":null},"geometry":{"type":"Polygon","coordinates":[[[26.740741,47.79462],[26.739753,47.797811],[26.740189,47.797627],[26.74112,47.79462],[26.740741,47.79462]]]}},{"type":"Feature","properties":{"nr":null},"geometry":{"type":"Polygon","coordinates":[[[26.722596,47.764126],[26.721988,47.763693],[26.721882,47.76376],[26.722378,47.764167],[26.722459,47.764222],[26.722596,47.764126]]]}},{"type":"Feature","properties":{"nr":null},"geometry":{"type":"Polygon","coordinates":[[[26.695193,47.765704],[26.701379,47.770298],[26.701428,47.770264],[26.69525,47.765677],[26.695193,47.765704]]]}},{"type":"Feature","properties":{"nr":null},"geometry":{"type":"Polygon","coordinates":[[[26.711785,47.765685],[26.711544,47.766043],[26.712152,47.766375],[26.712937,47.76688],[26.713438,47.766519],[26.713061,47.76629],[26.712506,47.766009],[26.712005,47.765781],[26.711942,47.765705],[26.711785,47.765685]]]}},{"type":"Feature","properties":{"nr":null},"geometry":{"type":"Polygon","coordinates":[[[26.710176,47.79459],[26.712065,47.796659],[26.713232,47.798076],[26.714168,47.799493],[26.714263,47.799461],[26.71333,47.798046],[26.712158,47.796625],[26.710264,47.794551],[26.710176,47.79459]]]}},{"type":"Feature","properties":{"nr":null},"geometry":{"type":"Polygon","coordinates":[[[26.729756,47.761318],[26.729648,47.761398],[26.734681,47.764452],[26.734785,47.76437],[26.729756,47.761318]]]}},{"type":"Feature","properties":{"nr":null},"geometry":{"type":"Polygon","coordinates":[[[26.72016,47.767527],[26.719569,47.767148],[26.719482,47.767211],[26.720068,47.767593],[26.72016,47.767527]]]}},{"type":"Feature","properties":{"nr":null},"geometry":{"type":"Polygon","coordinates":[[[26.719482,47.767211],[26.719569,47.767148],[26.718947,47.76675],[26.718865,47.76681],[26.719482,47.767211]]]}},{"type":"Feature","properties":{"nr":null},"geometry":{"type":"Polygon","coordinates":[[[26.725497,47.754612],[26.725812,47.754401],[26.725187,47.753974],[26.725058,47.753914],[26.724982,47.7539],[26.724506,47.753959],[26.725268,47.75447],[26.725497,47.754612]]]}},{"type":"Feature","properties":{"nr":null},"geometry":{"type":"Polygon","coordinates":[[[26.716433,47.800885],[26.716616,47.800889],[26.714572,47.79773],[26.714426,47.797788],[26.716433,47.800885]]]}},{"type":"Feature","properties":{"nr":null},"geometry":{"type":"Polygon","coordinates":[[[26.709747,47.794761],[26.71164,47.796835],[26.712748,47.798166],[26.713731,47.799651],[26.713825,47.799617],[26.712847,47.798139],[26.711731,47.796799],[26.709841,47.794726],[26.709747,47.794761]]]}},{"type":"Feature","properties":{"nr":null},"geometry":{"type":"Polygon","coordinates":[[[26.713098,47.799928],[26.714075,47.801337],[26.714697,47.801268],[26.713628,47.799739],[26.713098,47.799928]]]}},{"type":"Feature","properties":{"nr":null},"geometry":{"type":"Polygon","coordinates":[[[26.725687,47.770536],[26.732629,47.774885],[26.732686,47.774847],[26.725742,47.770496],[26.725687,47.770536]]]}},{"type":"Feature","properties":{"nr":null},"geometry":{"type":"Polygon","coordinates":[[[26.724499,47.771301],[26.719547,47.768051],[26.719406,47.768147],[26.722944,47.770496],[26.72434,47.771412],[26.724499,47.771301]]]}},{"type":"Feature","properties":{"nr":null},"geometry":{"type":"Polygon","coordinates":[[[26.732586,47.76579],[26.732676,47.765726],[26.729157,47.763623],[26.729067,47.763687],[26.732586,47.76579]]]}},{"type":"Feature","properties":{"nr":null},"geometry":{"type":"Polygon","coordinates":[[[26.708921,47.765395],[26.71007,47.766055],[26.716753,47.769778],[26.716839,47.769713],[26.709007,47.765336],[26.708921,47.765395]]]}},{"type":"Feature","properties":{"nr":null},"geometry":{"type":"Polygon","coordinates":[[[26.73012,47.752089],[26.729822,47.751652],[26.729583,47.75168],[26.729905,47.752142],[26.73012,47.752089]]]}},{"type":"Feature","properties":{"nr":null},"geometry":{"type":"Polygon","coordinates":[[[26.730001,47.751595],[26.729579,47.75097],[26.729043,47.7509],[26.728666,47.750824],[26.728525,47.750787],[26.728415,47.750773],[26.728296,47.75077],[26.728148,47.750781],[26.72882,47.751725],[26.728839,47.75172],[26.728887,47.751803],[26.729563,47.751651],[26.729583,47.75168],[26.729822,47.751652],[26.729801,47.75162],[26.730001,47.751595]]]}},{"type":"Feature","properties":{"nr":null},"geometry":{"type":"Polygon","coordinates":[[[26.724909,47.757942],[26.724234,47.758363],[26.724903,47.758784],[26.725526,47.758359],[26.724909,47.757942]]]}},{"type":"Feature","properties":{"nr":null},"geometry":{"type":"Polygon","coordinates":[[[26.695103,47.782767],[26.699846,47.785583],[26.700085,47.78547],[26.695303,47.782632],[26.695103,47.782767]]]}},{"type":"Feature","properties":{"nr":null},"geometry":{"type":"Polygon","coordinates":[[[26.726666,47.757739],[26.726266,47.758019],[26.726912,47.758463],[26.727303,47.758177],[26.726666,47.757739]]]}},{"type":"Feature","properties":{"nr":null},"geometry":{"type":"Polygon","coordinates":[[[26.725132,47.782832],[26.725285,47.782411],[26.724194,47.782268],[26.724036,47.782706],[26.725132,47.782832]]]}},{"type":"Feature","properties":{"nr":null},"geometry":{"type":"Polygon","coordinates":[[[26.724712,47.782145],[26.724637,47.782329],[26.725285,47.782411],[26.725347,47.782241],[26.724712,47.782145]]]}},{"type":"Feature","properties":{"nr":null},"geometry":{"type":"Polygon","coordinates":[[[26.719406,47.764403],[26.719695,47.764212],[26.719047,47.763783],[26.718751,47.763966],[26.719198,47.764253],[26.719406,47.764403]]]}},{"type":"Feature","properties":{"nr":null},"geometry":{"type":"Polygon","coordinates":[[[26.741682,47.745255],[26.741549,47.745166],[26.740964,47.745559],[26.740756,47.74572],[26.738926,47.747208],[26.738714,47.747371],[26.738446,47.747593],[26.738439,47.747588],[26.738086,47.747891],[26.737188,47.748629],[26.736867,47.748946],[26.73654,47.749347],[26.736224,47.74971],[26.736032,47.749886],[26.735964,47.749924],[26.735693,47.750112],[26.734132,47.751002],[26.733696,47.751217],[26.733487,47.751343],[26.730796,47.752761],[26.7306,47.752834],[26.730001,47.752955],[26.729953,47.752953],[26.729312,47.753058],[26.728944,47.753164],[26.728946,47.75317],[26.728602,47.753326],[26.728314,47.753511],[26.728176,47.753664],[26.727988,47.75391],[26.727854,47.754105],[26.727826,47.754246],[26.727806,47.754544],[26.727786,47.754642],[26.727736,47.754725],[26.727723,47.754785],[26.727665,47.754912],[26.727571,47.755068],[26.727262,47.755255],[26.727187,47.755318],[26.725947,47.756168],[26.72425,47.757312],[26.723471,47.75785],[26.722823,47.758282],[26.722358,47.758611],[26.721633,47.759104],[26.720262,47.760058],[26.720558,47.760325],[26.721623,47.761018],[26.720826,47.761548],[26.719065,47.762741],[26.718257,47.763302],[26.717926,47.763514],[26.716866,47.76424],[26.716872,47.764244],[26.716701,47.764345],[26.716112,47.764733],[26.715169,47.765411],[26.714986,47.765565],[26.714849,47.765665],[26.714707,47.765744],[26.714517,47.76581],[26.714343,47.765855],[26.714044,47.765854],[26.713833,47.765842],[26.713203,47.765727],[26.712616,47.765632],[26.712132,47.765567],[26.711484,47.765493],[26.711292,47.765437],[26.711068,47.765331],[26.710442,47.764959],[26.710106,47.764826],[26.709871,47.76476],[26.709784,47.764761],[26.70946,47.764851],[26.709265,47.764947],[26.708834,47.765243],[26.708747,47.765314],[26.708409,47.76554],[26.707686,47.766044],[26.706928,47.76655],[26.705451,47.767572],[26.704391,47.768281],[26.703157,47.769127],[26.702917,47.769316],[26.70121,47.77044],[26.700895,47.770555],[26.700218,47.77086],[26.698806,47.771474],[26.696398,47.772518],[26.695892,47.77273],[26.69498,47.773165],[26.694448,47.773465],[26.694317,47.773547],[26.694169,47.77362],[26.69297,47.774405],[26.691936,47.775052],[26.691455,47.775371],[26.691468,47.775378],[26.689448,47.776672],[26.689294,47.77678],[26.688914,47.777018],[26.686257,47.77875],[26.685667,47.779125],[26.684855,47.779677],[26.682664,47.781085],[26.679238,47.783329],[26.678792,47.7836],[26.678362,47.783884],[26.678111,47.784066],[26.67764,47.784349],[26.677524,47.784436],[26.676346,47.785238],[26.674988,47.786136],[26.673863,47.786867],[26.672898,47.787509],[26.671822,47.78826],[26.67116,47.788675],[26.667673,47.790917],[26.664926,47.792616],[26.664698,47.792705],[26.664764,47.792892],[26.665129,47.792653],[26.665856,47.792226],[26.668777,47.790382],[26.670121,47.789504],[26.670963,47.788977],[26.671279,47.788762],[26.671949,47.788342],[26.672635,47.787889],[26.673985,47.78696],[26.675123,47.786228],[26.677557,47.784633],[26.677883,47.784409],[26.67851,47.784005],[26.680295,47.782811],[26.68126,47.782179],[26.683333,47.780828],[26.685456,47.779458],[26.68683,47.778547],[26.688333,47.777564],[26.690191,47.776375],[26.690716,47.776017],[26.69099,47.775856],[26.691117,47.775767],[26.691386,47.775607],[26.693168,47.774442],[26.694396,47.773667],[26.694451,47.77364],[26.694621,47.77352],[26.695227,47.773212],[26.695931,47.77287],[26.696485,47.772621],[26.698338,47.771832],[26.700476,47.770896],[26.700665,47.770797],[26.701044,47.770642],[26.70132,47.77054],[26.7017,47.770302],[26.702724,47.769607],[26.70313,47.769355],[26.706173,47.767278],[26.706582,47.766986],[26.709052,47.765302],[26.709511,47.765009],[26.709653,47.764952],[26.709785,47.76494],[26.709974,47.764958],[26.710116,47.764993],[26.710375,47.765111],[26.710524,47.7652],[26.710863,47.765422],[26.711163,47.76558],[26.711466,47.765646],[26.713134,47.765854],[26.71348,47.765912],[26.713793,47.765953],[26.714125,47.765971],[26.714191,47.766005],[26.714356,47.766],[26.714549,47.765947],[26.714775,47.765848],[26.71499,47.765743],[26.715265,47.765551],[26.7162,47.764864],[26.716389,47.764735],[26.716491,47.764654],[26.717763,47.763807],[26.721754,47.761091],[26.721793,47.761099],[26.721928,47.760973],[26.72051,47.760046],[26.724228,47.757499],[26.726712,47.755826],[26.727714,47.755119],[26.727802,47.754977],[26.727929,47.754733],[26.72796,47.754326],[26.72803,47.754077],[26.728097,47.75397],[26.7282,47.753845],[26.728345,47.753678],[26.728514,47.753509],[26.728596,47.753451],[26.728778,47.753355],[26.729172,47.753213],[26.72951,47.75312],[26.729971,47.753069],[26.730706,47.752927],[26.730912,47.752838],[26.731497,47.752534],[26.731802,47.752398],[26.733054,47.751761],[26.733285,47.751628],[26.734193,47.751155],[26.736113,47.750067],[26.736162,47.750012],[26.736421,47.749779],[26.736739,47.749428],[26.737092,47.748992],[26.737348,47.748737],[26.737705,47.748426],[26.739103,47.747306],[26.739961,47.746587],[26.740918,47.745805],[26.741093,47.745674],[26.741501,47.745415],[26.741682,47.745255]]]}},{"type":"Feature","properties":{"nr":null},"geometry":{"type":"Polygon","coordinates":[[[26.74108,47.771085],[26.739764,47.770274],[26.739645,47.770373],[26.740978,47.771195],[26.74108,47.771085]]]}},{"type":"Feature","properties":{"nr":null},"geometry":{"type":"Polygon","coordinates":[[[26.714608,47.762155],[26.715252,47.762591],[26.71542,47.762477],[26.714782,47.762049],[26.714608,47.762155]]]}},{"type":"Feature","properties":{"nr":null},"geometry":{"type":"Polygon","coordinates":[[[26.715959,47.75984],[26.715325,47.759389],[26.71508,47.759543],[26.715336,47.759745],[26.715757,47.760003],[26.715832,47.75995],[26.715959,47.75984]]]}},{"type":"Feature","properties":{"nr":null},"geometry":{"type":"Polygon","coordinates":[[[26.706253,47.796572],[26.706076,47.796672],[26.710089,47.801296],[26.710298,47.801233],[26.706253,47.796572]]]}},{"type":"Feature","properties":{"nr":null},"geometry":{"type":"Polygon","coordinates":[[[26.713683,47.775425],[26.7113,47.776958],[26.71147,47.777077],[26.71386,47.77554],[26.713683,47.775425]]]}},{"type":"Feature","properties":{"nr":null},"geometry":{"type":"Polygon","coordinates":[[[26.728049,47.7629],[26.727819,47.763057],[26.728988,47.763793],[26.729174,47.763641],[26.728049,47.7629]]]}},{"type":"Feature","properties":{"nr":null},"geometry":{"type":"Polygon","coordinates":[[[26.729648,47.761398],[26.729597,47.761436],[26.734632,47.764491],[26.734681,47.764452],[26.729648,47.761398]]]}},{"type":"Feature","properties":{"nr":null},"geometry":{"type":"Polygon","coordinates":[[[26.720751,47.76724],[26.72061,47.767347],[26.721246,47.76777],[26.721383,47.767666],[26.720751,47.76724]]]}},{"type":"Feature","properties":{"nr":null},"geometry":{"type":"Polygon","coordinates":[[[26.734334,47.767306],[26.732336,47.765992],[26.732191,47.766092],[26.733925,47.767232],[26.734334,47.767306]]]}},{"type":"Feature","properties":{"nr":null},"geometry":{"type":"Polygon","coordinates":[[[26.69611,47.777217],[26.695927,47.777348],[26.700008,47.779571],[26.700209,47.77945],[26.69611,47.777217]]]}},{"type":"Feature","properties":{"nr":null},"geometry":{"type":"Polygon","coordinates":[[[26.72229,47.772777],[26.717329,47.769538],[26.717162,47.769659],[26.72212,47.772896],[26.72229,47.772777]]]}},{"type":"Feature","properties":{"nr":null},"geometry":{"type":"Polygon","coordinates":[[[26.740104,47.769157],[26.740212,47.769058],[26.737824,47.767414],[26.737603,47.767427],[26.740104,47.769157]]]}},{"type":"Feature","properties":{"nr":null},"geometry":{"type":"Polygon","coordinates":[[[26.730656,47.75494],[26.730602,47.754979],[26.730755,47.755078],[26.731123,47.755339],[26.731475,47.755544],[26.731841,47.755792],[26.731862,47.755816],[26.732018,47.755902],[26.73258,47.756288],[26.733234,47.756714],[26.733309,47.756644],[26.732608,47.756176],[26.732414,47.756031],[26.731553,47.755499],[26.731278,47.755343],[26.730656,47.75494]]]}},{"type":"Feature","properties":{"nr":null},"geometry":{"type":"Polygon","coordinates":[[[26.73151,47.753529],[26.731545,47.753501],[26.731329,47.753371],[26.730989,47.753138],[26.73071,47.752925],[26.730635,47.752936],[26.730921,47.753144],[26.731385,47.753454],[26.73151,47.753529]]]}},{"type":"Feature","properties":{"nr":null},"geometry":{"type":"Polygon","coordinates":[[[26.727446,47.764804],[26.727577,47.764714],[26.72681,47.764208],[26.726291,47.763885],[26.72597,47.763697],[26.725859,47.763768],[26.726384,47.764088],[26.726691,47.764302],[26.727446,47.764804]]]}},{"type":"Feature","properties":{"nr":null},"geometry":{"type":"Polygon","coordinates":[[[26.719673,47.765483],[26.720133,47.76579],[26.720453,47.765572],[26.719985,47.765257],[26.719673,47.765483]]]}},{"type":"Feature","properties":{"nr":null},"geometry":{"type":"Polygon","coordinates":[[[26.721997,47.759899],[26.721348,47.759471],[26.721134,47.759617],[26.721781,47.760044],[26.721997,47.759899]]]}},{"type":"Feature","properties":{"nr":null},"geometry":{"type":"Polygon","coordinates":[[[26.73692,47.772143],[26.736861,47.772168],[26.736831,47.772196],[26.739393,47.773767],[26.739488,47.773718],[26.73692,47.772143]]]}},{"type":"Feature","properties":{"nr":null},"geometry":{"type":"Polygon","coordinates":[[[26.725486,47.764074],[26.726203,47.764534],[26.726422,47.764389],[26.72571,47.763925],[26.725486,47.764074]]]}},{"type":"Feature","properties":{"nr":null},"geometry":{"type":"Polygon","coordinates":[[[26.726203,47.764534],[26.726916,47.764997],[26.727145,47.764852],[26.726422,47.764389],[26.726203,47.764534]]]}},{"type":"Feature","properties":{"nr":null},"geometry":{"type":"Polygon","coordinates":[[[26.74126,47.759862],[26.741072,47.759981],[26.743424,47.76128],[26.743533,47.761208],[26.74126,47.759862]]]}},{"type":"Feature","properties":{"nr":null},"geometry":{"type":"Polygon","coordinates":[[[26.741582,47.759656],[26.741392,47.759778],[26.743467,47.761013],[26.743633,47.760903],[26.741582,47.759656]]]}},{"type":"Feature","properties":{"nr":null},"geometry":{"type":"Polygon","coordinates":[[[26.729829,47.796495],[26.729571,47.796998],[26.730602,47.797298],[26.730875,47.7968],[26.729829,47.796495]]]}},{"type":"Feature","properties":{"nr":null},"geometry":{"type":"Polygon","coordinates":[[[26.734847,47.799825],[26.73488,47.799699],[26.730236,47.798339],[26.730167,47.798454],[26.734847,47.799825]]]}},{"type":"Feature","properties":{"nr":null},"geometry":{"type":"Polygon","coordinates":[[[26.740928,47.760067],[26.740785,47.760161],[26.745904,47.762962],[26.746079,47.762842],[26.740928,47.760067]]]}},{"type":"Feature","properties":{"nr":null},"geometry":{"type":"Polygon","coordinates":[[[26.723584,47.75607],[26.723442,47.756169],[26.724077,47.756579],[26.724229,47.756467],[26.723584,47.75607]]]}},{"type":"Feature","properties":{"nr":null},"geometry":{"type":"Polygon","coordinates":[[[26.706106,47.774909],[26.702858,47.773081],[26.70262,47.773225],[26.705868,47.775053],[26.706106,47.774909]]]}},{"type":"Feature","properties":{"nr":null},"geometry":{"type":"Polygon","coordinates":[[[26.69963,47.771263],[26.699352,47.771385],[26.70262,47.773225],[26.702858,47.773081],[26.69963,47.771263]]]}},{"type":"Feature","properties":{"nr":null},"geometry":{"type":"Polygon","coordinates":[[[26.714782,47.762049],[26.71542,47.762477],[26.715564,47.76238],[26.715226,47.762167],[26.715151,47.762104],[26.714935,47.761956],[26.714782,47.762049]]]}},{"type":"Feature","properties":{"nr":null},"geometry":{"type":"Polygon","coordinates":[[[26.71864,47.752762],[26.718541,47.752745],[26.718155,47.752571],[26.717729,47.752312],[26.717533,47.753144],[26.717913,47.753248],[26.718025,47.753265],[26.718268,47.75334],[26.718383,47.753406],[26.71862,47.753458],[26.719133,47.753548],[26.719339,47.752487],[26.719335,47.752466],[26.719249,47.752497],[26.719169,47.752542],[26.719012,47.752652],[26.718895,47.752709],[26.718749,47.75275],[26.71864,47.752762]]]}},{"type":"Feature","properties":{"nr":null},"geometry":{"type":"Polygon","coordinates":[[[26.717494,47.763814],[26.716886,47.763365],[26.716688,47.763503],[26.717323,47.763933],[26.717494,47.763814]]]}},{"type":"Feature","properties":{"nr":null},"geometry":{"type":"Polygon","coordinates":[[[26.737612,47.77191],[26.737692,47.771844],[26.730623,47.767196],[26.730531,47.767254],[26.737612,47.77191]]]}},{"type":"Feature","properties":{"nr":null},"geometry":{"type":"Polygon","coordinates":[[[26.710386,47.763184],[26.71039,47.763167],[26.71088,47.762804],[26.711378,47.762415],[26.711729,47.762092],[26.71177,47.76202],[26.711729,47.761992],[26.711713,47.762037],[26.711314,47.762428],[26.711033,47.762624],[26.710907,47.762683],[26.710666,47.762917],[26.710344,47.763141],[26.710386,47.763184]]]}},{"type":"Feature","properties":{"nr":null},"geometry":{"type":"Polygon","coordinates":[[[26.720352,47.778691],[26.719728,47.779151],[26.720396,47.779594],[26.721056,47.779128],[26.720352,47.778691]]]}},{"type":"Feature","properties":{"nr":null},"geometry":{"type":"Polygon","coordinates":[[[26.730466,47.75489],[26.730144,47.755115],[26.728688,47.75619],[26.728797,47.756257],[26.729088,47.756034],[26.729261,47.755879],[26.729585,47.755625],[26.729772,47.755511],[26.730215,47.755181],[26.730495,47.754996],[26.730576,47.754957],[26.730466,47.75489]]]}},{"type":"Feature","properties":{"nr":null},"geometry":{"type":"Polygon","coordinates":[[[26.733745,47.765103],[26.737478,47.767362],[26.737691,47.767351],[26.733859,47.765033],[26.733745,47.765103]]]}},{"type":"Feature","properties":{"nr":null},"geometry":{"type":"Polygon","coordinates":[[[26.741072,47.759981],[26.740928,47.760067],[26.742834,47.761094],[26.742928,47.761006],[26.741072,47.759981]]]}},{"type":"Feature","properties":{"nr":null},"geometry":{"type":"Polygon","coordinates":[[[26.716894,47.763357],[26.717494,47.763814],[26.717851,47.763565],[26.717735,47.763484],[26.71781,47.763433],[26.717296,47.763078],[26.716894,47.763357]]]}},{"type":"Feature","properties":{"nr":null},"geometry":{"type":"Polygon","coordinates":[[[26.75075,47.769131],[26.751711,47.768398],[26.751607,47.768409],[26.751493,47.768394],[26.751386,47.768352],[26.75127,47.768283],[26.751145,47.768148],[26.750831,47.767551],[26.75077,47.767404],[26.750658,47.767245],[26.750577,47.767109],[26.750111,47.766251],[26.750069,47.76616],[26.750014,47.765928],[26.749978,47.765852],[26.749929,47.765807],[26.74987,47.765788],[26.749783,47.765794],[26.749653,47.76583],[26.749491,47.765896],[26.749217,47.766038],[26.749011,47.766165],[26.748803,47.766267],[26.748577,47.76634],[26.748334,47.766379],[26.747737,47.766425],[26.747425,47.766491],[26.747215,47.766509],[26.747009,47.766497],[26.746661,47.766407],[26.74629,47.766266],[26.746284,47.76628],[26.746415,47.766374],[26.746405,47.766453],[26.75075,47.769131]]]}},{"type":"Feature","properties":{"nr":null},"geometry":{"type":"Polygon","coordinates":[[[26.732154,47.755871],[26.732919,47.755357],[26.732536,47.755106],[26.73176,47.755627],[26.732154,47.755871]]]}},{"type":"Feature","properties":{"nr":null},"geometry":{"type":"Polygon","coordinates":[[[26.732469,47.753139],[26.732702,47.753067],[26.732354,47.75274],[26.732139,47.752848],[26.732469,47.753139]]]}},{"type":"Feature","properties":{"nr":null},"geometry":{"type":"Polygon","coordinates":[[[26.722597,47.764127],[26.7228,47.763985],[26.722192,47.763553],[26.721979,47.763687],[26.722597,47.764127]]]}},{"type":"Feature","properties":{"nr":null},"geometry":{"type":"Polygon","coordinates":[[[26.722671,47.75944],[26.722872,47.75931],[26.72223,47.758867],[26.722034,47.759001],[26.722671,47.75944]]]}},{"type":"Feature","properties":{"nr":null},"geometry":{"type":"Polygon","coordinates":[[[26.700791,47.795293],[26.700881,47.795287],[26.700874,47.794784],[26.700784,47.794786],[26.700791,47.794853],[26.700791,47.795293]]]}},{"type":"Feature","properties":{"nr":null},"geometry":{"type":"Polygon","coordinates":[[[26.721136,47.766971],[26.721655,47.767327],[26.722323,47.767742],[26.722418,47.767674],[26.72179,47.767262],[26.721423,47.767008],[26.721412,47.767014],[26.721366,47.766983],[26.721261,47.766893],[26.721136,47.766971]]]}},{"type":"Feature","properties":{"nr":null},"geometry":{"type":"Polygon","coordinates":[[[26.725271,47.756624],[26.725635,47.756377],[26.724983,47.755966],[26.724628,47.756196],[26.725271,47.756624]]]}},{"type":"Feature","properties":{"nr":null},"geometry":{"type":"Polygon","coordinates":[[[26.723602,47.757931],[26.724239,47.75836],[26.724529,47.758177],[26.723862,47.757751],[26.723602,47.757931]]]}},{"type":"Feature","properties":{"nr":null},"geometry":{"type":"Polygon","coordinates":[[[26.697437,47.772224],[26.697262,47.772302],[26.704083,47.776146],[26.704232,47.776053],[26.697437,47.772224]]]}},{"type":"Feature","properties":{"nr":null},"geometry":{"type":"Polygon","coordinates":[[[26.744694,47.767072],[26.749536,47.770057],[26.749601,47.770007],[26.744773,47.767031],[26.744694,47.767072]]]}},{"type":"Feature","properties":{"nr":null},"geometry":{"type":"Polygon","coordinates":[[[26.725078,47.756926],[26.725035,47.756955],[26.725704,47.757379],[26.725503,47.75751],[26.725523,47.757523],[26.725736,47.757374],[26.725078,47.756926]]]}},{"type":"Feature","properties":{"nr":null},"geometry":{"type":"Polygon","coordinates":[[[26.714403,47.775886],[26.714075,47.775634],[26.71167,47.777187],[26.711841,47.777305],[26.711899,47.777268],[26.712074,47.777387],[26.714403,47.775886]]]}},{"type":"Feature","properties":{"nr":null},"geometry":{"type":"Polygon","coordinates":[[[26.72606,47.762473],[26.725777,47.762637],[26.725986,47.762821],[26.7263,47.762626],[26.72606,47.762473]]]}},{"type":"Feature","properties":{"nr":null},"geometry":{"type":"Polygon","coordinates":[[[26.706888,47.764245],[26.705567,47.763479],[26.704801,47.763044],[26.703475,47.762382],[26.70214,47.761699],[26.701225,47.76121],[26.701139,47.761348],[26.704984,47.763354],[26.706747,47.764351],[26.706888,47.764245]]]}},{"type":"Feature","properties":{"nr":null},"geometry":{"type":"Polygon","coordinates":[[[26.72504,47.753802],[26.724696,47.753323],[26.724154,47.753434],[26.724401,47.753882],[26.72504,47.753802]]]}},{"type":"Feature","properties":{"nr":null},"geometry":{"type":"Polygon","coordinates":[[[26.704611,47.775818],[26.704757,47.775728],[26.698053,47.771953],[26.697878,47.772028],[26.704611,47.775818]]]}},{"type":"Feature","properties":{"nr":null},"geometry":{"type":"Polygon","coordinates":[[[26.737783,47.800524],[26.742733,47.799285],[26.742401,47.79878],[26.737644,47.79997],[26.737783,47.800524]]]}},{"type":"Feature","properties":{"nr":null},"geometry":{"type":"Polygon","coordinates":[[[26.720235,47.774147],[26.715462,47.770932],[26.715373,47.770998],[26.720142,47.77421],[26.720235,47.774147]]]}},{"type":"Feature","properties":{"nr":null},"geometry":{"type":"Polygon","coordinates":[[[26.720142,47.77421],[26.715373,47.770998],[26.715295,47.771056],[26.720059,47.774265],[26.720142,47.77421]]]}},{"type":"Feature","properties":{"nr":null},"geometry":{"type":"Polygon","coordinates":[[[26.712944,47.799937],[26.708968,47.795068],[26.708859,47.795128],[26.712819,47.799976],[26.712944,47.799937]]]}},{"type":"Feature","properties":{"nr":null},"geometry":{"type":"Polygon","coordinates":[[[26.700751,47.794705],[26.700849,47.794704],[26.700869,47.794014],[26.700883,47.793998],[26.700762,47.793992],[26.700767,47.794086],[26.700751,47.794705]]]}},{"type":"Feature","properties":{"nr":null},"geometry":{"type":"Polygon","coordinates":[[[26.720667,47.762707],[26.721032,47.762945],[26.721145,47.763006],[26.721186,47.763034],[26.721174,47.763043],[26.721298,47.763125],[26.721378,47.763071],[26.720742,47.762655],[26.720667,47.762707]]]}},{"type":"Feature","properties":{"nr":null},"geometry":{"type":"Polygon","coordinates":[[[26.743976,47.75052],[26.742977,47.749821],[26.741922,47.749056],[26.740348,47.747893],[26.73933,47.747124],[26.739265,47.747177],[26.740271,47.747937],[26.74185,47.749103],[26.742907,47.74987],[26.743907,47.75057],[26.744669,47.751141],[26.744742,47.751094],[26.743976,47.75052]]]}},{"type":"Feature","properties":{"nr":null},"geometry":{"type":"Polygon","coordinates":[[[26.720262,47.760058],[26.719017,47.760903],[26.718984,47.760932],[26.718711,47.761109],[26.717949,47.76164],[26.717335,47.76205],[26.716716,47.762478],[26.715845,47.763059],[26.715776,47.763102],[26.715744,47.763109],[26.715423,47.763323],[26.715267,47.763437],[26.715093,47.763594],[26.714884,47.76373],[26.714596,47.763898],[26.713509,47.764717],[26.713552,47.764745],[26.713849,47.764548],[26.714123,47.764332],[26.714707,47.763917],[26.714969,47.763783],[26.715123,47.763686],[26.715937,47.763138],[26.716021,47.763089],[26.718822,47.761194],[26.720351,47.760138],[26.720262,47.760058]]]}},{"type":"Feature","properties":{"nr":null},"geometry":{"type":"Polygon","coordinates":[[[26.71768,47.758377],[26.717887,47.758269],[26.717911,47.758199],[26.719088,47.757403],[26.719476,47.757126],[26.720297,47.756566],[26.72059,47.756354],[26.720825,47.756209],[26.722814,47.754873],[26.722638,47.754656],[26.722379,47.754232],[26.722258,47.754293],[26.722332,47.754318],[26.722487,47.754577],[26.722635,47.754796],[26.722656,47.754849],[26.722645,47.754885],[26.722619,47.754916],[26.721825,47.755445],[26.721066,47.755971],[26.720951,47.756036],[26.72039,47.756417],[26.720378,47.756411],[26.720121,47.756592],[26.720126,47.756601],[26.719762,47.756841],[26.71903,47.757344],[26.718694,47.757602],[26.718247,47.757871],[26.7177,47.758251],[26.717572,47.758299],[26.71726,47.75839],[26.716882,47.758519],[26.716788,47.758544],[26.716732,47.758549],[26.716398,47.758524],[26.715938,47.758459],[26.715364,47.758313],[26.715356,47.758386],[26.715873,47.75852],[26.716346,47.758581],[26.716732,47.758609],[26.716788,47.758608],[26.716892,47.758583],[26.717621,47.758375],[26.71768,47.758377]]]}},{"type":"Feature","properties":{"nr":null},"geometry":{"type":"Polygon","coordinates":[[[26.711095,47.773696],[26.710263,47.774222],[26.710347,47.774283],[26.711193,47.773748],[26.711095,47.773696]]]}},{"type":"Feature","properties":{"nr":null},"geometry":{"type":"Polygon","coordinates":[[[26.712395,47.772835],[26.712539,47.772733],[26.705948,47.769145],[26.705811,47.769253],[26.712395,47.772835]]]}},{"type":"Feature","properties":{"nr":null},"geometry":{"type":"Polygon","coordinates":[[[26.704062,47.768505],[26.703051,47.767787],[26.702397,47.768227],[26.703157,47.769127],[26.704062,47.768505]]]}},{"type":"Feature","properties":{"nr":null},"geometry":{"type":"Polygon","coordinates":[[[26.71882,47.759128],[26.718979,47.759017],[26.718349,47.758593],[26.717887,47.758269],[26.71768,47.758377],[26.717761,47.75838],[26.718199,47.758687],[26.718818,47.759097],[26.71882,47.759128]]]}},{"type":"Feature","properties":{"nr":null},"geometry":{"type":"Polygon","coordinates":[[[26.724895,47.771017],[26.724994,47.770948],[26.720049,47.767709],[26.719937,47.76777],[26.724895,47.771017]]]}},{"type":"Feature","properties":{"nr":null},"geometry":{"type":"Polygon","coordinates":[[[26.71508,47.759543],[26.71491,47.759662],[26.715592,47.760126],[26.715768,47.76001],[26.715336,47.759745],[26.71508,47.759543]]]}},{"type":"Feature","properties":{"nr":null},"geometry":{"type":"Polygon","coordinates":[[[26.712827,47.765201],[26.71291,47.765174],[26.713089,47.765091],[26.713552,47.764745],[26.713509,47.764717],[26.713247,47.764899],[26.713013,47.765081],[26.712885,47.765122],[26.712735,47.765125],[26.712827,47.765201]]]}},{"type":"Feature","properties":{"nr":null},"geometry":{"type":"Polygon","coordinates":[[[26.7228,47.763985],[26.722821,47.76397],[26.722827,47.763954],[26.723219,47.76369],[26.722634,47.763273],[26.722192,47.763553],[26.7228,47.763985]]]}},{"type":"Feature","properties":{"nr":null},"geometry":{"type":"Polygon","coordinates":[[[26.721793,47.760877],[26.72204,47.7607],[26.721675,47.760469],[26.721441,47.760652],[26.721793,47.760877]]]}},{"type":"Feature","properties":{"nr":null},"geometry":{"type":"Polygon","coordinates":[[[26.725494,47.75461],[26.724821,47.754196],[26.724619,47.754352],[26.724944,47.754555],[26.725055,47.754486],[26.725376,47.754683],[26.725494,47.75461]]]}},{"type":"Feature","properties":{"nr":null},"geometry":{"type":"Polygon","coordinates":[[[26.717026,47.758061],[26.716951,47.758113],[26.716618,47.758346],[26.716841,47.758486],[26.716882,47.758519],[26.717407,47.758343],[26.717026,47.758061]]]}},{"type":"Feature","properties":{"nr":null},"geometry":{"type":"Polygon","coordinates":[[[26.716618,47.758346],[26.717026,47.758061],[26.716725,47.757837],[26.716291,47.758135],[26.716618,47.758346]]]}},{"type":"Feature","properties":{"nr":null},"geometry":{"type":"Polygon","coordinates":[[[26.736747,47.767483],[26.739693,47.769435],[26.739771,47.769369],[26.736893,47.767463],[26.736747,47.767483]]]}},{"type":"Feature","properties":{"nr":null},"geometry":{"type":"Polygon","coordinates":[[[26.714548,47.759915],[26.71508,47.759543],[26.715325,47.759389],[26.715303,47.759374],[26.715737,47.759044],[26.716285,47.758613],[26.716346,47.758581],[26.716251,47.758565],[26.71622,47.758605],[26.716045,47.758728],[26.715887,47.758867],[26.715873,47.75886],[26.71492,47.759596],[26.714524,47.759877],[26.714548,47.759915]]]}},{"type":"Feature","properties":{"nr":null},"geometry":{"type":"Polygon","coordinates":[[[26.722051,47.760706],[26.72235,47.760506],[26.72197,47.760257],[26.72167,47.760466],[26.722051,47.760706]]]}},{"type":"Feature","properties":{"nr":null},"geometry":{"type":"Polygon","coordinates":[[[26.71749,47.7677],[26.717438,47.767731],[26.718671,47.768624],[26.718745,47.768569],[26.719406,47.768147],[26.719547,47.768051],[26.719529,47.768039],[26.719835,47.767836],[26.719937,47.76777],[26.720086,47.767689],[26.720388,47.767497],[26.72061,47.767347],[26.720751,47.76724],[26.720762,47.767221],[26.721018,47.767043],[26.721897,47.766483],[26.722271,47.766219],[26.723195,47.765595],[26.723784,47.765185],[26.724166,47.764958],[26.724699,47.764614],[26.725521,47.76405],[26.725904,47.763799],[26.725813,47.763737],[26.724605,47.764578],[26.724118,47.764888],[26.723542,47.76527],[26.723305,47.765448],[26.722928,47.765702],[26.72178,47.766444],[26.72097,47.76699],[26.720638,47.767229],[26.720376,47.767404],[26.720358,47.7674],[26.720157,47.767544],[26.720068,47.767593],[26.719942,47.76769],[26.7194,47.768062],[26.718948,47.768359],[26.718663,47.768527],[26.71749,47.7677]]]}},{"type":"Feature","properties":{"nr":null},"geometry":{"type":"Polygon","coordinates":[[[26.713526,47.765786],[26.713547,47.765752],[26.713598,47.765732],[26.713144,47.765401],[26.712795,47.76518],[26.71249,47.764879],[26.712268,47.764762],[26.71212,47.764706],[26.711678,47.76434],[26.711646,47.764288],[26.71136,47.764081],[26.710944,47.763733],[26.710728,47.763495],[26.71047,47.763247],[26.710394,47.763193],[26.710229,47.763016],[26.709747,47.762593],[26.710136,47.762295],[26.710264,47.76221],[26.710234,47.76219],[26.709676,47.762611],[26.709918,47.762819],[26.710348,47.763225],[26.71057,47.763436],[26.711015,47.763881],[26.711154,47.763982],[26.711305,47.764107],[26.711435,47.764254],[26.711567,47.764308],[26.711947,47.764616],[26.712054,47.764723],[26.712214,47.764773],[26.712397,47.764873],[26.7126,47.765089],[26.7129,47.765318],[26.713107,47.765427],[26.713353,47.765619],[26.713463,47.765729],[26.713437,47.765769],[26.713526,47.765786]]]}},{"type":"Feature","properties":{"nr":null},"geometry":{"type":"Polygon","coordinates":[[[26.718129,47.75844],[26.718349,47.758593],[26.718683,47.758376],[26.718463,47.758225],[26.718129,47.75844]]]}},{"type":"Feature","properties":{"nr":null},"geometry":{"type":"Polygon","coordinates":[[[26.734945,47.799444],[26.734978,47.799315],[26.730447,47.797988],[26.730376,47.798106],[26.734945,47.799444]]]}},{"type":"Feature","properties":{"nr":null},"geometry":{"type":"Polygon","coordinates":[[[26.738885,47.751405],[26.741483,47.753086],[26.741511,47.753006],[26.738984,47.75137],[26.736648,47.749576],[26.736558,47.749671],[26.738777,47.751459],[26.738885,47.751405]]]}},{"type":"Feature","properties":{"nr":null},"geometry":{"type":"Polygon","coordinates":[[[26.725467,47.756667],[26.725347,47.756748],[26.726007,47.757177],[26.726119,47.7571],[26.725467,47.756667]]]}},{"type":"Feature","properties":{"nr":null},"geometry":{"type":"Polygon","coordinates":[[[26.719795,47.76517],[26.719167,47.76473],[26.71886,47.764936],[26.719501,47.765383],[26.719795,47.76517]]]}},{"type":"Feature","properties":{"nr":null},"geometry":{"type":"Polygon","coordinates":[[[26.720101,47.764947],[26.719475,47.764525],[26.719167,47.76473],[26.719795,47.76517],[26.720101,47.764947]]]}},{"type":"Feature","properties":{"nr":null},"geometry":{"type":"Polygon","coordinates":[[[26.723023,47.75921],[26.722375,47.758767],[26.722266,47.758841],[26.722933,47.759269],[26.723023,47.75921]]]}},{"type":"Feature","properties":{"nr":null},"geometry":{"type":"Polygon","coordinates":[[[26.704757,47.775728],[26.70498,47.775591],[26.69833,47.771836],[26.698053,47.771953],[26.704757,47.775728]]]}},{"type":"Feature","properties":{"nr":null},"geometry":{"type":"Polygon","coordinates":[[[26.72385,47.758681],[26.723702,47.758785],[26.724326,47.759182],[26.724462,47.759088],[26.724469,47.759076],[26.72385,47.758681]]]}},{"type":"Feature","properties":{"nr":null},"geometry":{"type":"Polygon","coordinates":[[[26.720388,47.759966],[26.720102,47.75978],[26.720053,47.759757],[26.719739,47.759549],[26.719417,47.759312],[26.719104,47.759107],[26.718974,47.759206],[26.720257,47.760061],[26.720388,47.759966]]]}},{"type":"Feature","properties":{"nr":null},"geometry":{"type":"Polygon","coordinates":[[[26.707758,47.800167],[26.704935,47.79677],[26.70459,47.7968],[26.707496,47.800297],[26.707758,47.800167]]]}},{"type":"Feature","properties":{"nr":null},"geometry":{"type":"Polygon","coordinates":[[[26.727219,47.769402],[26.722311,47.766197],[26.722217,47.766261],[26.723761,47.767272],[26.723803,47.767244],[26.727159,47.769442],[26.727219,47.769402]]]}},{"type":"Feature","properties":{"nr":null},"geometry":{"type":"Polygon","coordinates":[[[26.73794,47.770781],[26.73227,47.767069],[26.732121,47.767056],[26.737882,47.770828],[26.73794,47.770781]]]}},{"type":"Feature","properties":{"nr":null},"geometry":{"type":"Polygon","coordinates":[[[26.699178,47.771462],[26.698996,47.771542],[26.705546,47.775248],[26.705703,47.775153],[26.699178,47.771462]]]}},{"type":"Feature","properties":{"nr":null},"geometry":{"type":"Polygon","coordinates":[[[26.719695,47.764212],[26.719979,47.764018],[26.71934,47.763595],[26.719047,47.763783],[26.719695,47.764212]]]}},{"type":"Feature","properties":{"nr":null},"geometry":{"type":"Polygon","coordinates":[[[26.732902,47.79423],[26.736087,47.795633],[26.736125,47.795497],[26.73299,47.794117],[26.732902,47.79423]]]}},{"type":"Feature","properties":{"nr":null},"geometry":{"type":"Polygon","coordinates":[[[26.708204,47.773599],[26.701917,47.770157],[26.701759,47.770263],[26.708032,47.773697],[26.708204,47.773599]]]}},{"type":"Feature","properties":{"nr":null},"geometry":{"type":"Polygon","coordinates":[[[26.742285,47.798603],[26.737597,47.799776],[26.737646,47.799969],[26.742401,47.79878],[26.742285,47.798603]]]}},{"type":"Feature","properties":{"nr":null},"geometry":{"type":"Polygon","coordinates":[[[26.737411,47.799104],[26.737467,47.799303],[26.742,47.798169],[26.741879,47.797986],[26.737411,47.799104]]]}},{"type":"Feature","properties":{"nr":null},"geometry":{"type":"Polygon","coordinates":[[[26.712969,47.767857],[26.71284,47.767948],[26.714686,47.768984],[26.71624,47.769832],[26.716363,47.769745],[26.712969,47.767857]]]}},{"type":"Feature","properties":{"nr":null},"geometry":{"type":"Polygon","coordinates":[[[26.703517,47.776506],[26.696681,47.772537],[26.696487,47.77262],[26.703398,47.77659],[26.703517,47.776506]]]}},{"type":"Feature","properties":{"nr":null},"geometry":{"type":"Polygon","coordinates":[[[26.742314,47.769787],[26.746503,47.772369],[26.746582,47.772309],[26.7424,47.769731],[26.742314,47.769787]]]}},{"type":"Feature","properties":{"nr":null},"geometry":{"type":"Polygon","coordinates":[[[26.717298,47.75679],[26.717116,47.756907],[26.717524,47.757195],[26.717695,47.75707],[26.717298,47.75679]]]}},{"type":"Feature","properties":{"nr":null},"geometry":{"type":"Polygon","coordinates":[[[26.753101,47.77578],[26.746979,47.772007],[26.74689,47.772074],[26.752968,47.77582],[26.753101,47.77578]]]}},{"type":"Feature","properties":{"nr":null},"geometry":{"type":"Polygon","coordinates":[[[26.716093,47.764748],[26.715853,47.764597],[26.715481,47.764346],[26.715436,47.764381],[26.716044,47.764785],[26.716093,47.764748]]]}},{"type":"Feature","properties":{"nr":null},"geometry":{"type":"Polygon","coordinates":[[[26.731514,47.759953],[26.731763,47.759782],[26.731305,47.759486],[26.731052,47.759658],[26.731514,47.759953]]]}},{"type":"Feature","properties":{"nr":null},"geometry":{"type":"Polygon","coordinates":[[[26.728945,47.763829],[26.732415,47.765902],[26.732586,47.76579],[26.729096,47.763704],[26.728945,47.763829]]]}},{"type":"Feature","properties":{"nr":null},"geometry":{"type":"Polygon","coordinates":[[[26.73383,47.756321],[26.733523,47.756554],[26.735103,47.75747],[26.735409,47.757238],[26.73383,47.756321]]]}},{"type":"Feature","properties":{"nr":null},"geometry":{"type":"Polygon","coordinates":[[[26.727262,47.755255],[26.726955,47.755045],[26.726009,47.754439],[26.72593,47.754483],[26.726125,47.754586],[26.72655,47.754875],[26.726936,47.755153],[26.727186,47.755318],[26.727262,47.755255]]]}},{"type":"Feature","properties":{"nr":null},"geometry":{"type":"Polygon","coordinates":[[[26.724944,47.754555],[26.724619,47.754352],[26.724821,47.754196],[26.72454,47.754265],[26.724414,47.754333],[26.725181,47.754805],[26.725376,47.754683],[26.725055,47.754486],[26.724944,47.754555]]]}},{"type":"Feature","properties":{"nr":null},"geometry":{"type":"Polygon","coordinates":[[[26.723922,47.76233],[26.723301,47.761908],[26.723923,47.761477],[26.724571,47.761054],[26.725805,47.760224],[26.726694,47.759603],[26.727042,47.759392],[26.728133,47.758647],[26.728258,47.75858],[26.728308,47.758536],[26.729396,47.757753],[26.730107,47.757263],[26.730792,47.756767],[26.731032,47.756572],[26.731949,47.755903],[26.732018,47.755902],[26.731862,47.755816],[26.731862,47.755832],[26.73183,47.755889],[26.731406,47.75618],[26.731208,47.75634],[26.730042,47.757177],[26.729268,47.757709],[26.72801,47.758602],[26.72754,47.758909],[26.727337,47.759026],[26.727106,47.759177],[26.726929,47.759315],[26.726105,47.759872],[26.72576,47.760094],[26.7243,47.761068],[26.723185,47.761825],[26.721928,47.760973],[26.721793,47.761099],[26.723038,47.761926],[26.722863,47.762037],[26.720941,47.763383],[26.718389,47.765082],[26.717663,47.765578],[26.717315,47.765803],[26.717216,47.765881],[26.716262,47.76645],[26.716089,47.766519],[26.716229,47.7666],[26.717594,47.76578],[26.718251,47.765346],[26.720439,47.763874],[26.721852,47.762904],[26.721985,47.762789],[26.722198,47.762643],[26.722417,47.762511],[26.72317,47.761988],[26.72381,47.762429],[26.724428,47.762869],[26.722827,47.763954],[26.722821,47.76397],[26.722357,47.764293],[26.719656,47.766115],[26.719107,47.766516],[26.719078,47.766522],[26.717911,47.76731],[26.717683,47.767444],[26.717673,47.767506],[26.71739,47.767692],[26.717399,47.767702],[26.717438,47.767731],[26.71749,47.7677],[26.717728,47.76752],[26.717881,47.767415],[26.71886,47.766806],[26.720262,47.76584],[26.72105,47.765305],[26.722469,47.764364],[26.724544,47.762943],[26.724709,47.763033],[26.725213,47.763368],[26.725563,47.763567],[26.725671,47.763654],[26.725859,47.763768],[26.72597,47.763697],[26.725705,47.763536],[26.725118,47.763154],[26.724676,47.762884],[26.72465,47.762852],[26.725459,47.762379],[26.726051,47.762008],[26.727218,47.761304],[26.727441,47.761177],[26.727937,47.760835],[26.728202,47.760635],[26.728633,47.76024],[26.729255,47.759707],[26.730329,47.758856],[26.730519,47.758734],[26.730563,47.758699],[26.730572,47.758678],[26.731231,47.758274],[26.731975,47.757656],[26.7327,47.757146],[26.733284,47.756749],[26.733233,47.756715],[26.731922,47.757614],[26.731358,47.758066],[26.73116,47.758235],[26.731053,47.758292],[26.7305,47.758644],[26.730043,47.759015],[26.729002,47.759822],[26.728444,47.760276],[26.728238,47.760469],[26.728196,47.760483],[26.728075,47.760599],[26.727684,47.760882],[26.727669,47.760903],[26.727469,47.76102],[26.727012,47.761318],[26.725967,47.761947],[26.725119,47.762477],[26.724588,47.762783],[26.724561,47.762791],[26.724194,47.762538],[26.723915,47.762335],[26.723922,47.76233]]]}},{"type":"Feature","properties":{"nr":null},"geometry":{"type":"Polygon","coordinates":[[[26.711836,47.773296],[26.716708,47.776526],[26.71675,47.776498],[26.711876,47.773266],[26.711836,47.773296]]]}},{"type":"Feature","properties":{"nr":null},"geometry":{"type":"Polygon","coordinates":[[[26.7026,47.77708],[26.702739,47.776989],[26.695745,47.772971],[26.695575,47.773044],[26.7026,47.77708]]]}},{"type":"Feature","properties":{"nr":null},"geometry":{"type":"Polygon","coordinates":[[[26.716505,47.776655],[26.716708,47.776526],[26.711836,47.773296],[26.71165,47.773437],[26.716505,47.776655]]]}},{"type":"Feature","properties":{"nr":null},"geometry":{"type":"Polygon","coordinates":[[[26.725692,47.760144],[26.726104,47.759872],[26.725726,47.759617],[26.725694,47.759602],[26.725474,47.759442],[26.725049,47.759737],[26.725692,47.760144]]]}},{"type":"Feature","properties":{"nr":null},"geometry":{"type":"Polygon","coordinates":[[[26.724454,47.757176],[26.724558,47.757106],[26.723924,47.756684],[26.72382,47.756753],[26.724454,47.757176]]]}},{"type":"Feature","properties":{"nr":null},"geometry":{"type":"Polygon","coordinates":[[[26.728797,47.756257],[26.728681,47.756186],[26.727988,47.75669],[26.727943,47.756706],[26.727373,47.75712],[26.726773,47.757535],[26.726142,47.757945],[26.724997,47.758721],[26.724479,47.759062],[26.724462,47.759088],[26.72438,47.759147],[26.722889,47.760159],[26.722351,47.760505],[26.721788,47.760881],[26.721927,47.760973],[26.722681,47.76046],[26.723412,47.759944],[26.723703,47.759755],[26.725023,47.758857],[26.725233,47.758705],[26.725887,47.758273],[26.726259,47.758015],[26.726266,47.758019],[26.726751,47.757681],[26.727175,47.757407],[26.727477,47.757201],[26.727853,47.75693],[26.728297,47.756633],[26.728405,47.756545],[26.728797,47.756257]]]}},{"type":"Feature","properties":{"nr":null},"geometry":{"type":"Polygon","coordinates":[[[26.731513,47.775483],[26.731721,47.775345],[26.724749,47.771166],[26.724553,47.771312],[26.731513,47.775483]]]}},{"type":"Feature","properties":{"nr":null},"geometry":{"type":"Polygon","coordinates":[[[26.714947,47.756956],[26.714897,47.756993],[26.715792,47.757752],[26.71583,47.757706],[26.714947,47.756956]]]}},{"type":"Feature","properties":{"nr":null},"geometry":{"type":"Polygon","coordinates":[[[26.739257,47.76122],[26.739356,47.761124],[26.737839,47.760203],[26.73685,47.759517],[26.736519,47.759453],[26.737763,47.760293],[26.739257,47.76122]]]}},{"type":"Feature","properties":{"nr":null},"geometry":{"type":"Polygon","coordinates":[[[26.711365,47.773599],[26.71171,47.773337],[26.705155,47.76978],[26.704818,47.770046],[26.711365,47.773599]]]}},{"type":"Feature","properties":{"nr":null},"geometry":{"type":"Polygon","coordinates":[[[26.708654,47.765581],[26.709447,47.766043],[26.71284,47.767948],[26.712969,47.767857],[26.71001,47.766211],[26.708775,47.765496],[26.708654,47.765581]]]}},{"type":"Feature","properties":{"nr":null},"geometry":{"type":"Polygon","coordinates":[[[26.730043,47.755675],[26.729772,47.755511],[26.729585,47.755625],[26.730085,47.755937],[26.730281,47.755803],[26.730043,47.755675]]]}},{"type":"Feature","properties":{"nr":null},"geometry":{"type":"Polygon","coordinates":[[[26.697411,47.794861],[26.697582,47.794853],[26.697661,47.794862],[26.698424,47.794797],[26.698901,47.794773],[26.699184,47.794779],[26.699302,47.794797],[26.699478,47.794779],[26.700784,47.794786],[26.702546,47.79477],[26.702602,47.794813],[26.702673,47.794707],[26.702106,47.794712],[26.700003,47.794701],[26.698585,47.794737],[26.697591,47.794804],[26.697388,47.794809],[26.697411,47.794861]]]}},{"type":"Feature","properties":{"nr":null},"geometry":{"type":"Polygon","coordinates":[[[26.693806,47.7953],[26.693841,47.795375],[26.693965,47.795354],[26.694165,47.795347],[26.695482,47.795346],[26.696341,47.795354],[26.696723,47.795345],[26.696722,47.79534],[26.697085,47.795346],[26.697086,47.795356],[26.697612,47.795359],[26.698082,47.795352],[26.698082,47.795343],[26.69917,47.795333],[26.69919,47.795344],[26.699294,47.795337],[26.699663,47.795345],[26.701899,47.795356],[26.701944,47.795372],[26.701953,47.795392],[26.702114,47.795322],[26.701942,47.795304],[26.701372,47.795309],[26.700881,47.795287],[26.700308,47.795299],[26.699183,47.795279],[26.698091,47.795286],[26.69671,47.795274],[26.696395,47.795283],[26.696323,47.795277],[26.694173,47.795271],[26.693954,47.795273],[26.693806,47.7953]]]}},{"type":"Feature","properties":{"nr":null},"geometry":{"type":"Polygon","coordinates":[[[26.715676,47.758005],[26.716073,47.75822],[26.716174,47.758147],[26.715776,47.757905],[26.715676,47.758005]]]}},{"type":"Feature","properties":{"nr":null},"geometry":{"type":"Polygon","coordinates":[[[26.701886,47.756648],[26.702148,47.757338],[26.702969,47.757274],[26.702702,47.75657],[26.701886,47.756648]]]}},{"type":"Feature","properties":{"nr":null},"geometry":{"type":"Polygon","coordinates":[[[26.725945,47.760129],[26.725621,47.760348],[26.726246,47.760778],[26.726454,47.760637],[26.72656,47.760553],[26.726013,47.760169],[26.725945,47.760129]]]}},{"type":"Feature","properties":{"nr":null},"geometry":{"type":"Polygon","coordinates":[[[26.7139,47.771741],[26.714039,47.771637],[26.707417,47.768026],[26.707278,47.76813],[26.7139,47.771741]]]}},{"type":"Feature","properties":{"nr":null},"geometry":{"type":"Polygon","coordinates":[[[26.73642,47.798474],[26.736942,47.798479],[26.738051,47.794591],[26.737563,47.794469],[26.73642,47.798474]]]}},{"type":"Feature","properties":{"nr":null},"geometry":{"type":"Polygon","coordinates":[[[26.731686,47.75245],[26.732139,47.752848],[26.732354,47.75274],[26.731921,47.752337],[26.731686,47.75245]]]}},{"type":"Feature","properties":{"nr":null},"geometry":{"type":"Polygon","coordinates":[[[26.715792,47.757752],[26.714897,47.756993],[26.714848,47.757029],[26.715752,47.757796],[26.715792,47.757752]]]}},{"type":"Feature","properties":{"nr":null},"geometry":{"type":"Polygon","coordinates":[[[26.72933,47.754083],[26.729658,47.754294],[26.730474,47.753932],[26.730299,47.753812],[26.730161,47.753703],[26.72933,47.754083]]]}},{"type":"Feature","properties":{"nr":null},"geometry":{"type":"Polygon","coordinates":[[[26.710209,47.765783],[26.710061,47.765884],[26.7104,47.766073],[26.710547,47.765972],[26.710209,47.765783]]]}},{"type":"Feature","properties":{"nr":null},"geometry":{"type":"Polygon","coordinates":[[[26.7104,47.766073],[26.710739,47.766263],[26.710886,47.766162],[26.710547,47.765972],[26.7104,47.766073]]]}},{"type":"Feature","properties":{"nr":null},"geometry":{"type":"Polygon","coordinates":[[[26.733474,47.758611],[26.733567,47.75856],[26.732063,47.757595],[26.731981,47.757652],[26.733474,47.758611]]]}},{"type":"Feature","properties":{"nr":null},"geometry":{"type":"Polygon","coordinates":[[[26.721708,47.766046],[26.720826,47.765458],[26.720548,47.765649],[26.721685,47.76641],[26.721786,47.766341],[26.721522,47.766165],[26.721708,47.766046]]]}},{"type":"Feature","properties":{"nr":null},"geometry":{"type":"Polygon","coordinates":[[[26.728304,47.756451],[26.727939,47.756217],[26.727972,47.756194],[26.727685,47.756008],[26.727339,47.756256],[26.727977,47.756681],[26.728304,47.756451]]]}},{"type":"Feature","properties":{"nr":null},"geometry":{"type":"Polygon","coordinates":[[[26.727685,47.756008],[26.727972,47.756194],[26.727939,47.756217],[26.728304,47.756451],[26.728391,47.75639],[26.728239,47.756293],[26.72819,47.756328],[26.72809,47.756265],[26.728139,47.75623],[26.727735,47.755972],[26.727685,47.756008]]]}},{"type":"Feature","properties":{"nr":null},"geometry":{"type":"Polygon","coordinates":[[[26.695745,47.772971],[26.702739,47.776989],[26.702809,47.776943],[26.69583,47.772934],[26.695745,47.772971]]]}},{"type":"Feature","properties":{"nr":null},"geometry":{"type":"Polygon","coordinates":[[[26.718624,47.76699],[26.719803,47.767775],[26.719934,47.767685],[26.718736,47.766905],[26.718624,47.76699]]]}},{"type":"Feature","properties":{"nr":null},"geometry":{"type":"Polygon","coordinates":[[[26.699281,47.796394],[26.696336,47.796352],[26.695486,47.79636],[26.694482,47.796352],[26.69452,47.796433],[26.696718,47.796437],[26.697455,47.796449],[26.697544,47.796465],[26.698048,47.796453],[26.700947,47.79649],[26.700983,47.796413],[26.700406,47.796399],[26.699281,47.796394]]]}},{"type":"Feature","properties":{"nr":null},"geometry":{"type":"Polygon","coordinates":[[[26.706931,47.772534],[26.705342,47.771665],[26.705192,47.77176],[26.706781,47.77263],[26.706931,47.772534]]]}},{"type":"Feature","properties":{"nr":null},"geometry":{"type":"Polygon","coordinates":[[[26.74547,47.766599],[26.750226,47.76953],[26.750295,47.769478],[26.74561,47.76659],[26.745549,47.766583],[26.74547,47.766599]]]}},{"type":"Feature","properties":{"nr":null},"geometry":{"type":"Polygon","coordinates":[[[26.72638,47.759823],[26.727038,47.760255],[26.7272,47.760147],[26.726538,47.759712],[26.72638,47.759823]]]}},{"type":"Feature","properties":{"nr":null},"geometry":{"type":"Polygon","coordinates":[[[26.721873,47.773048],[26.722063,47.772932],[26.717086,47.769717],[26.716916,47.769846],[26.721873,47.773048]]]}},{"type":"Feature","properties":{"nr":null},"geometry":{"type":"Polygon","coordinates":[[[26.733259,47.765388],[26.736707,47.767459],[26.736854,47.767439],[26.733351,47.765334],[26.733259,47.765388]]]}},{"type":"Feature","properties":{"nr":null},"geometry":{"type":"Polygon","coordinates":[[[26.716279,47.761607],[26.716103,47.761486],[26.715856,47.761334],[26.715659,47.761473],[26.716078,47.761749],[26.716279,47.761607]]]}},{"type":"Feature","properties":{"nr":null},"geometry":{"type":"Polygon","coordinates":[[[26.711381,47.773847],[26.711193,47.773748],[26.710347,47.774283],[26.710336,47.774275],[26.708773,47.775283],[26.708956,47.775387],[26.711381,47.773847]]]}},{"type":"Feature","properties":{"nr":null},"geometry":{"type":"Polygon","coordinates":[[[26.725651,47.762144],[26.725354,47.761967],[26.724927,47.761689],[26.724749,47.761797],[26.725477,47.762251],[26.725651,47.762144]]]}},{"type":"Feature","properties":{"nr":null},"geometry":{"type":"Polygon","coordinates":[[[26.722617,47.766018],[26.727501,47.769193],[26.727572,47.769147],[26.722681,47.765973],[26.722617,47.766018]]]}},{"type":"Feature","properties":{"nr":null},"geometry":{"type":"Polygon","coordinates":[[[26.727366,47.760044],[26.726694,47.759603],[26.726538,47.759712],[26.7272,47.760147],[26.727366,47.760044]]]}},{"type":"Feature","properties":{"nr":null},"geometry":{"type":"Polygon","coordinates":[[[26.741767,47.759543],[26.741582,47.759656],[26.743729,47.760961],[26.743872,47.760866],[26.743435,47.760592],[26.743244,47.760458],[26.742314,47.759895],[26.742141,47.759801],[26.741975,47.759699],[26.741767,47.759543]]]}},{"type":"Feature","properties":{"nr":null},"geometry":{"type":"Polygon","coordinates":[[[26.725271,47.763777],[26.725563,47.763567],[26.725306,47.763416],[26.725042,47.763604],[26.725271,47.763777]]]}},{"type":"Feature","properties":{"nr":null},"geometry":{"type":"Polygon","coordinates":[[[26.720979,47.762486],[26.721215,47.762634],[26.721619,47.762904],[26.721845,47.762747],[26.721527,47.762531],[26.721212,47.76233],[26.720979,47.762486]]]}},{"type":"Feature","properties":{"nr":null},"geometry":{"type":"Polygon","coordinates":[[[26.714423,47.758417],[26.714032,47.758553],[26.713953,47.758572],[26.713815,47.758562],[26.713678,47.758616],[26.713807,47.758642],[26.713951,47.75864],[26.714046,47.758618],[26.714489,47.758478],[26.714936,47.758308],[26.715056,47.758293],[26.715142,47.758302],[26.715254,47.758353],[26.715304,47.758268],[26.715194,47.758244],[26.715014,47.758231],[26.714817,47.758248],[26.714423,47.758417]]]}},{"type":"Feature","properties":{"nr":null},"geometry":{"type":"Polygon","coordinates":[[[26.714178,47.758576],[26.713951,47.75864],[26.713754,47.75866],[26.713667,47.758694],[26.713987,47.759086],[26.714459,47.758851],[26.714178,47.758576]]]}},{"type":"Feature","properties":{"nr":null},"geometry":{"type":"Polygon","coordinates":[[[26.723506,47.765298],[26.722972,47.764945],[26.722763,47.765085],[26.723305,47.765448],[26.723506,47.765298]]]}},{"type":"Feature","properties":{"nr":null},"geometry":{"type":"Polygon","coordinates":[[[26.723516,47.76529],[26.722845,47.764829],[26.722854,47.764823],[26.722311,47.764469],[26.722084,47.764619],[26.722763,47.765085],[26.722972,47.764945],[26.723506,47.765298],[26.723516,47.76529]]]}},{"type":"Feature","properties":{"nr":null},"geometry":{"type":"Polygon","coordinates":[[[26.722986,47.756475],[26.722841,47.756584],[26.723448,47.757006],[26.723598,47.756902],[26.722986,47.756475]]]}},{"type":"Feature","properties":{"nr":null},"geometry":{"type":"Polygon","coordinates":[[[26.753812,47.764244],[26.7539,47.764059],[26.754134,47.763692],[26.754359,47.763462],[26.754541,47.763337],[26.754696,47.763284],[26.754886,47.763266],[26.755299,47.763259],[26.75556,47.763223],[26.756176,47.76312],[26.755727,47.763055],[26.755283,47.762905],[26.755086,47.762781],[26.75466,47.762643],[26.75445,47.762507],[26.754255,47.762205],[26.754095,47.762004],[26.75402,47.761851],[26.753936,47.76171],[26.753647,47.761449],[26.753627,47.761469],[26.75323,47.761707],[26.752425,47.762269],[26.751685,47.762894],[26.75138,47.763162],[26.751222,47.763314],[26.750712,47.763732],[26.750387,47.763974],[26.749726,47.764454],[26.749297,47.764728],[26.748934,47.764972],[26.748705,47.765107],[26.748231,47.765463],[26.747978,47.765673],[26.74777,47.765832],[26.747486,47.766085],[26.747239,47.766268],[26.747055,47.766363],[26.746945,47.766401],[26.746843,47.766416],[26.747024,47.766463],[26.747211,47.766473],[26.747414,47.766456],[26.747723,47.76639],[26.748327,47.766343],[26.748557,47.766307],[26.748776,47.766236],[26.748976,47.766138],[26.749182,47.766011],[26.74946,47.765867],[26.749631,47.765797],[26.749773,47.765759],[26.749879,47.765751],[26.749965,47.765779],[26.750027,47.765838],[26.750066,47.765918],[26.750122,47.766153],[26.750162,47.76624],[26.750627,47.767096],[26.750708,47.767231],[26.750819,47.76739],[26.750882,47.767541],[26.751195,47.768134],[26.751309,47.768257],[26.75142,47.768324],[26.751512,47.76836],[26.751608,47.768373],[26.751698,47.768357],[26.75242,47.767782],[26.75263,47.76759],[26.752812,47.767353],[26.752914,47.767191],[26.753053,47.76691],[26.753277,47.766581],[26.753338,47.766345],[26.753483,47.765925],[26.75348,47.765468],[26.753508,47.765358],[26.753644,47.765068],[26.753724,47.764799],[26.75379,47.764463],[26.753812,47.764244]]]}},{"type":"Feature","properties":{"nr":null},"geometry":{"type":"Polygon","coordinates":[[[26.747937,47.76565],[26.74819,47.76544],[26.748668,47.765081],[26.747423,47.764575],[26.747235,47.76461],[26.747047,47.764859],[26.747054,47.764962],[26.747015,47.765045],[26.746941,47.765145],[26.74693,47.765202],[26.747021,47.765318],[26.746957,47.765468],[26.746842,47.765627],[26.746347,47.766199],[26.746304,47.766236],[26.746617,47.766367],[26.746804,47.766385],[26.746927,47.766367],[26.747027,47.766332],[26.747203,47.766242],[26.747445,47.766062],[26.747728,47.76581],[26.747937,47.76565]]]}},{"type":"Feature","properties":{"nr":null},"geometry":{"type":"Polygon","coordinates":[[[26.730531,47.767254],[26.730469,47.767289],[26.73745,47.77188],[26.737501,47.771837],[26.730531,47.767254]]]}},{"type":"Feature","properties":{"nr":null},"geometry":{"type":"Polygon","coordinates":[[[26.713693,47.759296],[26.711967,47.757807],[26.711713,47.757986],[26.713435,47.759472],[26.713693,47.759296]]]}},{"type":"Feature","properties":{"nr":null},"geometry":{"type":"Polygon","coordinates":[[[26.741625,47.759586],[26.741773,47.759506],[26.740338,47.758291],[26.740285,47.758323],[26.74019,47.758412],[26.739986,47.75849],[26.741625,47.759586]]]}},{"type":"Feature","properties":{"nr":null},"geometry":{"type":"Polygon","coordinates":[[[26.700955,47.764381],[26.700876,47.764551],[26.703728,47.765965],[26.70382,47.765801],[26.700955,47.764381]]]}},{"type":"Feature","properties":{"nr":null},"geometry":{"type":"Polygon","coordinates":[[[26.708486,47.773418],[26.708514,47.773401],[26.706931,47.772534],[26.706781,47.77263],[26.707396,47.772967],[26.707518,47.772888],[26.708486,47.773418]]]}},{"type":"Feature","properties":{"nr":null},"geometry":{"type":"Polygon","coordinates":[[[26.707518,47.772888],[26.707396,47.772967],[26.708364,47.773497],[26.708486,47.773418],[26.707518,47.772888]]]}},{"type":"Feature","properties":{"nr":null},"geometry":{"type":"Polygon","coordinates":[[[26.699667,47.758022],[26.699476,47.757672],[26.699233,47.757779],[26.699832,47.75889],[26.700047,47.758855],[26.699667,47.758022]]]}},{"type":"Feature","properties":{"nr":null},"geometry":{"type":"Polygon","coordinates":[[[26.708773,47.775283],[26.710336,47.774275],[26.710263,47.774222],[26.711095,47.773696],[26.710993,47.773643],[26.71017,47.77416],[26.710179,47.774166],[26.708579,47.775173],[26.708773,47.775283]]]}},{"type":"Feature","properties":{"nr":null},"geometry":{"type":"Polygon","coordinates":[[[26.730805,47.755118],[26.730279,47.755508],[26.730059,47.755664],[26.730265,47.755792],[26.730706,47.755453],[26.730561,47.755374],[26.730858,47.755154],[26.730805,47.755118]]]}},{"type":"Feature","properties":{"nr":null},"geometry":{"type":"Polygon","coordinates":[[[26.704164,47.766787],[26.704029,47.766971],[26.705208,47.767734],[26.705451,47.767572],[26.704164,47.766787]]]}},{"type":"Feature","properties":{"nr":null},"geometry":{"type":"Polygon","coordinates":[[[26.703694,47.76732],[26.704723,47.768057],[26.705208,47.767734],[26.704029,47.766971],[26.703882,47.767167],[26.703694,47.76732]]]}},{"type":"Feature","properties":{"nr":null},"geometry":{"type":"Polygon","coordinates":[[[26.718167,47.778118],[26.718824,47.777677],[26.718767,47.777641],[26.718116,47.778084],[26.718167,47.778118]]]}},{"type":"Feature","properties":{"nr":null},"geometry":{"type":"Polygon","coordinates":[[[26.725986,47.762821],[26.725777,47.762637],[26.725798,47.762625],[26.725761,47.762596],[26.725491,47.762769],[26.725756,47.762969],[26.725986,47.762821]]]}},{"type":"Feature","properties":{"nr":null},"geometry":{"type":"Polygon","coordinates":[[[26.73076,47.756063],[26.731208,47.75634],[26.731406,47.75618],[26.73183,47.755889],[26.731862,47.755832],[26.731862,47.755816],[26.731841,47.755792],[26.731477,47.755545],[26.73076,47.756063]]]}},{"type":"Feature","properties":{"nr":null},"geometry":{"type":"Polygon","coordinates":[[[26.725563,47.763567],[26.725271,47.763777],[26.725504,47.763938],[26.72579,47.763724],[26.725671,47.763654],[26.725563,47.763567]]]}},{"type":"Feature","properties":{"nr":null},"geometry":{"type":"Polygon","coordinates":[[[26.72176,47.76646],[26.722049,47.766274],[26.721708,47.766046],[26.721522,47.766165],[26.721786,47.766341],[26.721685,47.76641],[26.72176,47.76646]]]}},{"type":"Feature","properties":{"nr":null},"geometry":{"type":"Polygon","coordinates":[[[26.715833,47.798972],[26.717039,47.800836],[26.717231,47.800803],[26.716012,47.798919],[26.715833,47.798972]]]}},{"type":"Feature","properties":{"nr":null},"geometry":{"type":"Polygon","coordinates":[[[26.72632,47.759722],[26.726928,47.759315],[26.726304,47.758891],[26.725677,47.759289],[26.72632,47.759722]]]}},{"type":"Feature","properties":{"nr":null},"geometry":{"type":"Polygon","coordinates":[[[26.7211,47.755935],[26.721351,47.755769],[26.721166,47.755584],[26.720955,47.75539],[26.720563,47.755059],[26.72027,47.755278],[26.720779,47.755669],[26.7211,47.755935]]]}},{"type":"Feature","properties":{"nr":null},"geometry":{"type":"Polygon","coordinates":[[[26.700981,47.756917],[26.701399,47.757694],[26.701565,47.757663],[26.701141,47.756834],[26.700981,47.756917]]]}},{"type":"Feature","properties":{"nr":null},"geometry":{"type":"Polygon","coordinates":[[[26.700913,47.756799],[26.701083,47.756717],[26.700672,47.755912],[26.700472,47.755977],[26.700913,47.756799]]]}},{"type":"Feature","properties":{"nr":null},"geometry":{"type":"Polygon","coordinates":[[[26.705703,47.775153],[26.705868,47.775053],[26.702682,47.77326],[26.702525,47.773355],[26.705703,47.775153]]]}},{"type":"Feature","properties":{"nr":null},"geometry":{"type":"Polygon","coordinates":[[[26.702682,47.77326],[26.699353,47.771385],[26.699178,47.771462],[26.702525,47.773355],[26.702682,47.77326]]]}},{"type":"Feature","properties":{"nr":null},"geometry":{"type":"Polygon","coordinates":[[[26.719823,47.77948],[26.71886,47.780213],[26.719305,47.780497],[26.720268,47.779764],[26.719823,47.77948]]]}},{"type":"Feature","properties":{"nr":null},"geometry":{"type":"Polygon","coordinates":[[[26.728351,47.75299],[26.728069,47.752618],[26.727313,47.752971],[26.726117,47.753559],[26.72665,47.754025],[26.727287,47.753651],[26.728351,47.75299]]]}},{"type":"Feature","properties":{"nr":null},"geometry":{"type":"Polygon","coordinates":[[[26.740977,47.776387],[26.740489,47.776733],[26.745352,47.779752],[26.745593,47.779531],[26.745805,47.779362],[26.740977,47.776387]]]}},{"type":"Feature","properties":{"nr":null},"geometry":{"type":"Polygon","coordinates":[[[26.718055,47.756871],[26.717888,47.756988],[26.718678,47.757611],[26.718873,47.757465],[26.718055,47.756871]]]}},{"type":"Feature","properties":{"nr":null},"geometry":{"type":"Polygon","coordinates":[[[26.728681,47.756186],[26.728434,47.756039],[26.728017,47.75577],[26.727713,47.755548],[26.727405,47.755339],[26.727321,47.755398],[26.727949,47.75582],[26.728361,47.756081],[26.72858,47.75626],[26.728681,47.756186]]]}},{"type":"Feature","properties":{"nr":null},"geometry":{"type":"Polygon","coordinates":[[[26.708871,47.76396],[26.708911,47.763936],[26.708342,47.76337],[26.708175,47.763462],[26.708048,47.763556],[26.708666,47.764123],[26.708913,47.764],[26.708871,47.76396]]]}},{"type":"Feature","properties":{"nr":null},"geometry":{"type":"Polygon","coordinates":[[[26.708911,47.763936],[26.70911,47.76381],[26.708535,47.763254],[26.708342,47.76337],[26.708911,47.763936]]]}},{"type":"Feature","properties":{"nr":null},"geometry":{"type":"Polygon","coordinates":[[[26.708913,47.764],[26.708666,47.764123],[26.708931,47.764366],[26.709176,47.764248],[26.708913,47.764]]]}},{"type":"Feature","properties":{"nr":null},"geometry":{"type":"Polygon","coordinates":[[[26.709443,47.7645],[26.709176,47.764248],[26.708931,47.764366],[26.709203,47.764616],[26.709443,47.7645]]]}},{"type":"Feature","properties":{"nr":null},"geometry":{"type":"Polygon","coordinates":[[[26.727857,47.761645],[26.727551,47.76185],[26.728125,47.762224],[26.728443,47.762014],[26.727857,47.761645]]]}},{"type":"Feature","properties":{"nr":null},"geometry":{"type":"Polygon","coordinates":[[[26.720815,47.756896],[26.721477,47.757332],[26.72186,47.757076],[26.72119,47.756646],[26.720815,47.756896]]]}},{"type":"Feature","properties":{"nr":null},"geometry":{"type":"Polygon","coordinates":[[[26.705342,47.771665],[26.703744,47.77079],[26.703601,47.770889],[26.705192,47.77176],[26.705342,47.771665]]]}},{"type":"Feature","properties":{"nr":null},"geometry":{"type":"Polygon","coordinates":[[[26.728313,47.757478],[26.727678,47.757057],[26.727477,47.757201],[26.728107,47.757618],[26.728313,47.757478]]]}},{"type":"Feature","properties":{"nr":null},"geometry":{"type":"Polygon","coordinates":[[[26.728461,47.757375],[26.72782,47.756955],[26.727678,47.757057],[26.728314,47.757478],[26.728461,47.757375]]]}},{"type":"Feature","properties":{"nr":null},"geometry":{"type":"Polygon","coordinates":[[[26.732109,47.759686],[26.735124,47.761528],[26.737196,47.762754],[26.737355,47.762632],[26.735283,47.761406],[26.732267,47.759563],[26.732109,47.759686]]]}},{"type":"Feature","properties":{"nr":null},"geometry":{"type":"Polygon","coordinates":[[[26.7186,47.756487],[26.718396,47.756631],[26.719087,47.757088],[26.719157,47.757041],[26.719303,47.757158],[26.719441,47.757063],[26.7186,47.756487]]]}},{"type":"Feature","properties":{"nr":null},"geometry":{"type":"Polygon","coordinates":[[[26.722055,47.764491],[26.721532,47.764096],[26.721313,47.76425],[26.721851,47.764631],[26.722055,47.764491]]]}},{"type":"Feature","properties":{"nr":null},"geometry":{"type":"Polygon","coordinates":[[[26.708525,47.773394],[26.703755,47.770783],[26.703744,47.77079],[26.708514,47.773401],[26.708525,47.773394]]]}},{"type":"Feature","properties":{"nr":null},"geometry":{"type":"Polygon","coordinates":[[[26.72186,47.757076],[26.722103,47.756912],[26.721456,47.756473],[26.72119,47.756646],[26.72186,47.757076]]]}},{"type":"Feature","properties":{"nr":null},"geometry":{"type":"Polygon","coordinates":[[[26.728312,47.756455],[26.727939,47.756232],[26.72798,47.756205],[26.727688,47.756018],[26.727332,47.756271],[26.727988,47.75669],[26.728312,47.756455]]]}},{"type":"Feature","properties":{"nr":null},"geometry":{"type":"Polygon","coordinates":[[[26.72798,47.756205],[26.727939,47.756232],[26.728312,47.756455],[26.728401,47.756393],[26.728247,47.756298],[26.728195,47.756337],[26.728094,47.756275],[26.728146,47.756236],[26.727737,47.755983],[26.727688,47.756018],[26.72798,47.756205]]]}},{"type":"Feature","properties":{"nr":null},"geometry":{"type":"Polygon","coordinates":[[[26.702627,47.777096],[26.695583,47.773049],[26.695465,47.773103],[26.702524,47.777159],[26.702627,47.777096]]]}},{"type":"Feature","properties":{"nr":null},"geometry":{"type":"Polygon","coordinates":[[[26.747111,47.757055],[26.747195,47.756994],[26.74172,47.753837],[26.741635,47.753898],[26.747111,47.757055]]]}},{"type":"Feature","properties":{"nr":null},"geometry":{"type":"Polygon","coordinates":[[[26.70833,47.762397],[26.70856,47.762227],[26.706544,47.760322],[26.706143,47.760331],[26.70833,47.762397]]]}},{"type":"Feature","properties":{"nr":null},"geometry":{"type":"Polygon","coordinates":[[[26.735037,47.799304],[26.735128,47.799029],[26.733784,47.798636],[26.733693,47.79891],[26.735037,47.799304]]]}},{"type":"Feature","properties":{"nr":null},"geometry":{"type":"Polygon","coordinates":[[[26.733518,47.798558],[26.731277,47.797901],[26.73112,47.798157],[26.733361,47.798813],[26.733518,47.798558]]]}},{"type":"Feature","properties":{"nr":null},"geometry":{"type":"Polygon","coordinates":[[[26.746088,47.76661],[26.750494,47.769326],[26.750593,47.76925],[26.746211,47.766549],[26.746088,47.76661]]]}},{"type":"Feature","properties":{"nr":null},"geometry":{"type":"Polygon","coordinates":[[[26.722101,47.761091],[26.722857,47.760576],[26.722681,47.76046],[26.721928,47.760972],[26.722101,47.761091]]]}},{"type":"Feature","properties":{"nr":null},"geometry":{"type":"Polygon","coordinates":[[[26.742023,47.753174],[26.741952,47.753213],[26.746406,47.755848],[26.746479,47.75581],[26.742023,47.753174]]]}},{"type":"Feature","properties":{"nr":null},"geometry":{"type":"Polygon","coordinates":[[[26.738468,47.772105],[26.740737,47.773504],[26.740984,47.77349],[26.741116,47.773444],[26.741404,47.773171],[26.741526,47.773099],[26.741584,47.773042],[26.739137,47.771533],[26.738468,47.772105]]]}},{"type":"Feature","properties":{"nr":null},"geometry":{"type":"Polygon","coordinates":[[[26.716709,47.762474],[26.716939,47.762324],[26.71628,47.761923],[26.716078,47.762059],[26.716709,47.762474]]]}},{"type":"Feature","properties":{"nr":null},"geometry":{"type":"Polygon","coordinates":[[[26.714951,47.766207],[26.715243,47.766021],[26.714914,47.765777],[26.714662,47.765898],[26.714951,47.766207]]]}},{"type":"Feature","properties":{"nr":null},"geometry":{"type":"Polygon","coordinates":[[[26.717454,47.764015],[26.718092,47.764418],[26.718379,47.764208],[26.717763,47.763807],[26.717454,47.764015]]]}},{"type":"Feature","properties":{"nr":null},"geometry":{"type":"Polygon","coordinates":[[[26.745573,47.750035],[26.746471,47.750585],[26.746728,47.750339],[26.746828,47.750184],[26.74685,47.750059],[26.746804,47.749835],[26.74685,47.749639],[26.74702,47.749341],[26.747132,47.749174],[26.747197,47.749007],[26.747286,47.748662],[26.745573,47.750035]]]}},{"type":"Feature","properties":{"nr":null},"geometry":{"type":"Polygon","coordinates":[[[26.723769,47.757502],[26.723847,47.757553],[26.723838,47.757561],[26.723863,47.757577],[26.723937,47.757525],[26.723291,47.757115],[26.723063,47.75727],[26.723574,47.75763],[26.723769,47.757502]]]}},{"type":"Feature","properties":{"nr":null},"geometry":{"type":"Polygon","coordinates":[[[26.717504,47.758319],[26.7177,47.758251],[26.71773,47.75823],[26.716902,47.757686],[26.71674,47.757817],[26.717504,47.758319]]]}},{"type":"Feature","properties":{"nr":null},"geometry":{"type":"Polygon","coordinates":[[[26.696411,47.781917],[26.701118,47.784588],[26.701168,47.784489],[26.696514,47.781847],[26.696411,47.781917]]]}},{"type":"Feature","properties":{"nr":null},"geometry":{"type":"Polygon","coordinates":[[[26.723082,47.765691],[26.722937,47.765788],[26.724403,47.766719],[26.724557,47.766629],[26.723082,47.765691]]]}},{"type":"Feature","properties":{"nr":null},"geometry":{"type":"Polygon","coordinates":[[[26.745573,47.750035],[26.744642,47.750765],[26.745677,47.751382],[26.745828,47.751107],[26.745951,47.750981],[26.74615,47.750877],[26.746299,47.750757],[26.746471,47.750585],[26.745573,47.750035]]]}},{"type":"Feature","properties":{"nr":null},"geometry":{"type":"Polygon","coordinates":[[[26.71459,47.760824],[26.714911,47.761007],[26.715155,47.761132],[26.71517,47.76112],[26.715553,47.761382],[26.715771,47.761222],[26.715313,47.76089],[26.714857,47.76062],[26.71459,47.760824]]]}},{"type":"Feature","properties":{"nr":null},"geometry":{"type":"Polygon","coordinates":[[[26.721032,47.762945],[26.720667,47.762707],[26.720591,47.762759],[26.721235,47.763169],[26.721298,47.763125],[26.721174,47.763043],[26.721186,47.763034],[26.721145,47.763006],[26.721032,47.762945]]]}},{"type":"Feature","properties":{"nr":null},"geometry":{"type":"Polygon","coordinates":[[[26.736054,47.7728],[26.729069,47.768222],[26.729001,47.768264],[26.735981,47.772839],[26.736054,47.7728]]]}},{"type":"Feature","properties":{"nr":null},"geometry":{"type":"Polygon","coordinates":[[[26.747195,47.756994],[26.747272,47.756929],[26.741796,47.753772],[26.74172,47.753837],[26.747195,47.756994]]]}},{"type":"Feature","properties":{"nr":null},"geometry":{"type":"Polygon","coordinates":[[[26.721132,47.759618],[26.720926,47.759759],[26.721369,47.760051],[26.721568,47.759907],[26.721132,47.759618]]]}},{"type":"Feature","properties":{"nr":null},"geometry":{"type":"Polygon","coordinates":[[[26.717574,47.762867],[26.716962,47.762451],[26.716875,47.762511],[26.717009,47.762601],[26.71706,47.762648],[26.717087,47.762689],[26.717058,47.762709],[26.717435,47.762962],[26.717574,47.762867]]]}},{"type":"Feature","properties":{"nr":null},"geometry":{"type":"Polygon","coordinates":[[[26.717435,47.762962],[26.717058,47.762709],[26.717087,47.762689],[26.71706,47.762648],[26.717009,47.762601],[26.716875,47.762511],[26.7167,47.762629],[26.716782,47.762683],[26.716971,47.762828],[26.71684,47.762915],[26.71717,47.763142],[26.717435,47.762962]]]}},{"type":"Feature","properties":{"nr":null},"geometry":{"type":"Polygon","coordinates":[[[26.717957,47.765377],[26.718144,47.76525],[26.717672,47.764932],[26.717482,47.765059],[26.717957,47.765377]]]}},{"type":"Feature","properties":{"nr":null},"geometry":{"type":"Polygon","coordinates":[[[26.718428,47.765057],[26.718253,47.76495],[26.717795,47.76464],[26.717517,47.764843],[26.717335,47.764956],[26.717482,47.765059],[26.717672,47.764932],[26.718144,47.76525],[26.718428,47.765057]]]}},{"type":"Feature","properties":{"nr":null},"geometry":{"type":"Polygon","coordinates":[[[26.715239,47.766024],[26.71495,47.766208],[26.71461,47.766433],[26.714876,47.766605],[26.715481,47.766218],[26.715421,47.766163],[26.715239,47.766024]]]}},{"type":"Feature","properties":{"nr":null},"geometry":{"type":"Polygon","coordinates":[[[26.714829,47.761888],[26.714489,47.761678],[26.714154,47.761437],[26.713844,47.761641],[26.714301,47.761924],[26.714541,47.762089],[26.714829,47.761888]]]}},{"type":"Feature","properties":{"nr":null},"geometry":{"type":"Polygon","coordinates":[[[26.710107,47.764826],[26.710212,47.764868],[26.711003,47.763869],[26.710931,47.763798],[26.710369,47.764479],[26.710107,47.764826]]]}},{"type":"Feature","properties":{"nr":null},"geometry":{"type":"Polygon","coordinates":[[[26.713984,47.762109],[26.714259,47.76229],[26.714399,47.76219],[26.71436,47.762164],[26.714324,47.762187],[26.714262,47.762143],[26.714295,47.762121],[26.714127,47.762011],[26.713984,47.762109]]]}},{"type":"Feature","properties":{"nr":null},"geometry":{"type":"Polygon","coordinates":[[[26.700869,47.794014],[26.700849,47.794704],[26.701227,47.794706],[26.701226,47.793979],[26.700883,47.793998],[26.700869,47.794014]]]}},{"type":"Feature","properties":{"nr":null},"geometry":{"type":"Polygon","coordinates":[[[26.715908,47.756236],[26.714544,47.755145],[26.714349,47.755238],[26.715739,47.756349],[26.715908,47.756236]]]}},{"type":"Feature","properties":{"nr":null},"geometry":{"type":"Polygon","coordinates":[[[26.72965,47.756643],[26.730031,47.756359],[26.729261,47.755879],[26.729165,47.755965],[26.729509,47.756188],[26.729261,47.756381],[26.72965,47.756643]]]}},{"type":"Feature","properties":{"nr":null},"geometry":{"type":"Polygon","coordinates":[[[26.716434,47.800886],[26.7153,47.799136],[26.715,47.799213],[26.716074,47.800871],[26.716434,47.800886]]]}},{"type":"Feature","properties":{"nr":null},"geometry":{"type":"Polygon","coordinates":[[[26.733713,47.751437],[26.734846,47.752461],[26.73512,47.752332],[26.733969,47.751291],[26.733713,47.751437]]]}},{"type":"Feature","properties":{"nr":null},"geometry":{"type":"Polygon","coordinates":[[[26.722076,47.755276],[26.721295,47.754567],[26.721046,47.754687],[26.721356,47.755007],[26.721619,47.755259],[26.721825,47.755444],[26.722076,47.755276]]]}},{"type":"Feature","properties":{"nr":null},"geometry":{"type":"Polygon","coordinates":[[[26.712778,47.774809],[26.712618,47.774698],[26.710247,47.776212],[26.710431,47.77634],[26.712778,47.774809]]]}},{"type":"Feature","properties":{"nr":null},"geometry":{"type":"Polygon","coordinates":[[[26.730856,47.758863],[26.730572,47.758678],[26.730563,47.758699],[26.730519,47.758734],[26.730344,47.758846],[26.730656,47.759027],[26.730856,47.758863]]]}},{"type":"Feature","properties":{"nr":null},"geometry":{"type":"Polygon","coordinates":[[[26.731994,47.759605],[26.730856,47.758863],[26.730656,47.759027],[26.730344,47.758846],[26.730315,47.758867],[26.730831,47.759179],[26.731765,47.75978],[26.731994,47.759605]]]}},{"type":"Feature","properties":{"nr":null},"geometry":{"type":"Polygon","coordinates":[[[26.732149,47.766989],[26.731476,47.766549],[26.731313,47.766657],[26.731738,47.766935],[26.732149,47.766989]]]}},{"type":"Feature","properties":{"nr":null},"geometry":{"type":"Polygon","coordinates":[[[26.743039,47.774923],[26.743781,47.774397],[26.741643,47.773078],[26.741587,47.773135],[26.741464,47.773207],[26.74117,47.773486],[26.741006,47.773543],[26.740817,47.773554],[26.743039,47.774923]]]}},{"type":"Feature","properties":{"nr":null},"geometry":{"type":"Polygon","coordinates":[[[26.708468,47.801795],[26.708584,47.801761],[26.704366,47.796816],[26.704261,47.796848],[26.708468,47.801795]]]}},{"type":"Feature","properties":{"nr":null},"geometry":{"type":"Polygon","coordinates":[[[26.726761,47.763123],[26.726175,47.7627],[26.725756,47.762969],[26.726201,47.763288],[26.726357,47.763388],[26.726761,47.763123]]]}},{"type":"Feature","properties":{"nr":null},"geometry":{"type":"Polygon","coordinates":[[[26.733745,47.765103],[26.733675,47.765149],[26.737356,47.767376],[26.73749,47.767369],[26.733745,47.765103]]]}},{"type":"Feature","properties":{"nr":null},"geometry":{"type":"Polygon","coordinates":[[[26.740104,47.769157],[26.737582,47.767412],[26.737438,47.767421],[26.740019,47.769207],[26.740104,47.769157]]]}},{"type":"Feature","properties":{"nr":null},"geometry":{"type":"Polygon","coordinates":[[[26.71608,47.75612],[26.714743,47.755051],[26.714544,47.755145],[26.715908,47.756236],[26.71608,47.75612]]]}},{"type":"Feature","properties":{"nr":null},"geometry":{"type":"Polygon","coordinates":[[[26.713592,47.76758],[26.709268,47.765164],[26.709229,47.765189],[26.713553,47.767605],[26.713592,47.76758]]]}},{"type":"Feature","properties":{"nr":null},"geometry":{"type":"Polygon","coordinates":[[[26.699937,47.758039],[26.700069,47.757997],[26.700029,47.757925],[26.700132,47.757897],[26.699898,47.757464],[26.699683,47.75757],[26.699937,47.758039]]]}},{"type":"Feature","properties":{"nr":null},"geometry":{"type":"Polygon","coordinates":[[[26.700132,47.757897],[26.700351,47.757837],[26.700121,47.757355],[26.699898,47.757464],[26.700132,47.757897]]]}},{"type":"Feature","properties":{"nr":null},"geometry":{"type":"Polygon","coordinates":[[[26.733314,47.75292],[26.733115,47.752983],[26.735848,47.7549],[26.736002,47.754805],[26.733314,47.75292]]]}},{"type":"Feature","properties":{"nr":null},"geometry":{"type":"Polygon","coordinates":[[[26.721049,47.755967],[26.720828,47.755767],[26.720232,47.755309],[26.720036,47.755453],[26.720757,47.756005],[26.720833,47.755956],[26.72095,47.756034],[26.721049,47.755967]]]}},{"type":"Feature","properties":{"nr":null},"geometry":{"type":"Polygon","coordinates":[[[26.694322,47.766221],[26.700364,47.770794],[26.700447,47.770757],[26.694396,47.766177],[26.694322,47.766221]]]}},{"type":"Feature","properties":{"nr":null},"geometry":{"type":"Polygon","coordinates":[[[26.723626,47.763567],[26.723312,47.763786],[26.723381,47.763839],[26.723959,47.764182],[26.724233,47.76398],[26.723626,47.763567]]]}},{"type":"Feature","properties":{"nr":null},"geometry":{"type":"Polygon","coordinates":[[[26.700751,47.794705],[26.700767,47.794086],[26.700763,47.794002],[26.700378,47.794018],[26.700371,47.794247],[26.700382,47.794419],[26.700378,47.794638],[26.70037,47.794701],[26.700751,47.794705]]]}},{"type":"Feature","properties":{"nr":null},"geometry":{"type":"Polygon","coordinates":[[[26.717094,47.760451],[26.716672,47.760743],[26.717333,47.761171],[26.717741,47.760887],[26.717094,47.760451]]]}},{"type":"Feature","properties":{"nr":null},"geometry":{"type":"Polygon","coordinates":[[[26.697782,47.776138],[26.697436,47.776345],[26.701625,47.778631],[26.701708,47.778538],[26.701738,47.778441],[26.701713,47.778283],[26.697782,47.776138]]]}},{"type":"Feature","properties":{"nr":null},"geometry":{"type":"Polygon","coordinates":[[[26.697436,47.776345],[26.697069,47.776575],[26.701252,47.778857],[26.701625,47.778631],[26.697436,47.776345]]]}},{"type":"Feature","properties":{"nr":null},"geometry":{"type":"Polygon","coordinates":[[[26.723179,47.767548],[26.723146,47.76757],[26.72661,47.769817],[26.726643,47.769794],[26.723179,47.767548]]]}},{"type":"Feature","properties":{"nr":null},"geometry":{"type":"Polygon","coordinates":[[[26.720405,47.76474],[26.719756,47.764293],[26.719455,47.76451],[26.720095,47.764943],[26.720405,47.76474]]]}},{"type":"Feature","properties":{"nr":null},"geometry":{"type":"Polygon","coordinates":[[[26.72058,47.773919],[26.720646,47.773875],[26.715658,47.77053],[26.715588,47.77057],[26.72058,47.773919]]]}},{"type":"Feature","properties":{"nr":null},"geometry":{"type":"Polygon","coordinates":[[[26.702229,47.769947],[26.708535,47.77338],[26.708686,47.773284],[26.702389,47.769836],[26.702229,47.769947]]]}},{"type":"Feature","properties":{"nr":null},"geometry":{"type":"Polygon","coordinates":[[[26.723257,47.767494],[26.723215,47.767523],[26.726678,47.769769],[26.72672,47.76974],[26.723257,47.767494]]]}},{"type":"Feature","properties":{"nr":null},"geometry":{"type":"Polygon","coordinates":[[[26.723215,47.767523],[26.723179,47.767548],[26.726643,47.769794],[26.726678,47.769769],[26.723215,47.767523]]]}},{"type":"Feature","properties":{"nr":null},"geometry":{"type":"Polygon","coordinates":[[[26.703086,47.757256],[26.703613,47.75852],[26.703793,47.758507],[26.703265,47.757239],[26.703086,47.757256]]]}},{"type":"Feature","properties":{"nr":null},"geometry":{"type":"Polygon","coordinates":[[[26.733876,47.790503],[26.733672,47.791164],[26.735932,47.791329],[26.735909,47.79065],[26.733876,47.790503]]]}},{"type":"Feature","properties":{"nr":null},"geometry":{"type":"Polygon","coordinates":[[[26.725819,47.756428],[26.726455,47.756862],[26.726723,47.756687],[26.726072,47.756261],[26.725819,47.756428]]]}},{"type":"Feature","properties":{"nr":null},"geometry":{"type":"Polygon","coordinates":[[[26.706684,47.760304],[26.706544,47.760322],[26.708545,47.762212],[26.7086,47.762121],[26.706684,47.760304]]]}},{"type":"Feature","properties":{"nr":null},"geometry":{"type":"Polygon","coordinates":[[[26.711492,47.765811],[26.711132,47.76563],[26.710524,47.7652],[26.710375,47.765111],[26.710116,47.764993],[26.709974,47.764958],[26.709785,47.76494],[26.709653,47.764952],[26.709514,47.765007],[26.710255,47.765443],[26.710371,47.765523],[26.711291,47.766036],[26.711492,47.765811]]]}},{"type":"Feature","properties":{"nr":null},"geometry":{"type":"Polygon","coordinates":[[[26.715587,47.759085],[26.71567,47.75902],[26.714923,47.758662],[26.714843,47.758715],[26.715587,47.759085]]]}},{"type":"Feature","properties":{"nr":null},"geometry":{"type":"Polygon","coordinates":[[[26.701014,47.770027],[26.695193,47.765704],[26.695049,47.765786],[26.700961,47.770176],[26.701014,47.770027]]]}},{"type":"Feature","properties":{"nr":null},"geometry":{"type":"Polygon","coordinates":[[[26.7014,47.770314],[26.701014,47.770027],[26.70093,47.770261],[26.701193,47.770446],[26.7014,47.770314]]]}},{"type":"Feature","properties":{"nr":null},"geometry":{"type":"Polygon","coordinates":[[[26.724379,47.762664],[26.724645,47.762489],[26.724641,47.762479],[26.724468,47.762365],[26.724194,47.762538],[26.724379,47.762664]]]}},{"type":"Feature","properties":{"nr":null},"geometry":{"type":"Polygon","coordinates":[[[26.728497,47.758402],[26.728308,47.758536],[26.728555,47.758694],[26.728623,47.758754],[26.728692,47.758802],[26.729006,47.759001],[26.729223,47.758837],[26.728856,47.758624],[26.728497,47.758402]]]}},{"type":"Feature","properties":{"nr":null},"geometry":{"type":"Polygon","coordinates":[[[26.73149,47.766964],[26.738019,47.771272],[26.738029,47.771216],[26.731602,47.766976],[26.73149,47.766964]]]}},{"type":"Feature","properties":{"nr":null},"geometry":{"type":"Polygon","coordinates":[[[26.731149,47.766739],[26.731404,47.766907],[26.731559,47.766921],[26.731225,47.766701],[26.731149,47.766739]]]}},{"type":"Feature","properties":{"nr":null},"geometry":{"type":"Polygon","coordinates":[[[26.72031,47.760166],[26.72006,47.760339],[26.720305,47.7605],[26.720554,47.760327],[26.72031,47.760166]]]}},{"type":"Feature","properties":{"nr":null},"geometry":{"type":"Polygon","coordinates":[[[26.720305,47.7605],[26.72006,47.760339],[26.719983,47.760393],[26.720229,47.760554],[26.720305,47.7605]]]}},{"type":"Feature","properties":{"nr":null},"geometry":{"type":"Polygon","coordinates":[[[26.727498,47.774407],[26.723656,47.771926],[26.723604,47.77196],[26.727429,47.77442],[26.730388,47.776237],[26.730442,47.776204],[26.727498,47.774407]]]}},{"type":"Feature","properties":{"nr":null},"geometry":{"type":"Polygon","coordinates":[[[26.708739,47.765305],[26.709265,47.764947],[26.708375,47.764218],[26.707922,47.76386],[26.707437,47.764266],[26.707844,47.764583],[26.708739,47.765305]]]}},{"type":"Feature","properties":{"nr":null},"geometry":{"type":"Polygon","coordinates":[[[26.706769,47.802545],[26.706902,47.80247],[26.703037,47.797926],[26.702806,47.797619],[26.702692,47.797751],[26.706769,47.802545]]]}},{"type":"Feature","properties":{"nr":null},"geometry":{"type":"Polygon","coordinates":[[[26.724379,47.762664],[26.724561,47.762791],[26.724588,47.762783],[26.724982,47.762558],[26.724725,47.762383],[26.724607,47.762453],[26.724645,47.762489],[26.724379,47.762664]]]}},{"type":"Feature","properties":{"nr":null},"geometry":{"type":"Polygon","coordinates":[[[26.723344,47.767433],[26.723257,47.767494],[26.72672,47.76974],[26.726788,47.769693],[26.723344,47.767433]]]}},{"type":"Feature","properties":{"nr":null},"geometry":{"type":"Polygon","coordinates":[[[26.728638,47.761894],[26.728873,47.761741],[26.728625,47.761572],[26.728388,47.761722],[26.728638,47.761894]]]}},{"type":"Feature","properties":{"nr":null},"geometry":{"type":"Polygon","coordinates":[[[26.707061,47.768281],[26.713843,47.771971],[26.713912,47.77192],[26.707125,47.768228],[26.707061,47.768281]]]}},{"type":"Feature","properties":{"nr":null},"geometry":{"type":"Polygon","coordinates":[[[26.721773,47.766561],[26.721739,47.766582],[26.723196,47.767536],[26.723228,47.767514],[26.721773,47.766561]]]}},{"type":"Feature","properties":{"nr":null},"geometry":{"type":"Polygon","coordinates":[[[26.744765,47.750669],[26.744841,47.750609],[26.739619,47.746942],[26.739544,47.747002],[26.744765,47.750669]]]}},{"type":"Feature","properties":{"nr":null},"geometry":{"type":"Polygon","coordinates":[[[26.704669,47.760835],[26.704845,47.760798],[26.704663,47.760627],[26.704484,47.760661],[26.704669,47.760835]]]}},{"type":"Feature","properties":{"nr":null},"geometry":{"type":"Polygon","coordinates":[[[26.722168,47.755312],[26.721982,47.75543],[26.722489,47.755793],[26.722694,47.755676],[26.722168,47.755312]]]}},{"type":"Feature","properties":{"nr":null},"geometry":{"type":"Polygon","coordinates":[[[26.728638,47.761894],[26.728069,47.761503],[26.727857,47.761645],[26.728443,47.762014],[26.728638,47.761894]]]}},{"type":"Feature","properties":{"nr":null},"geometry":{"type":"Polygon","coordinates":[[[26.703589,47.758556],[26.704461,47.760642],[26.704653,47.760607],[26.703789,47.758541],[26.703589,47.758556]]]}},{"type":"Feature","properties":{"nr":null},"geometry":{"type":"Polygon","coordinates":[[[26.711099,47.766187],[26.711786,47.766571],[26.712009,47.766429],[26.711315,47.766049],[26.711099,47.766187]]]}},{"type":"Feature","properties":{"nr":null},"geometry":{"type":"Polygon","coordinates":[[[26.711786,47.766571],[26.713592,47.76758],[26.713553,47.767605],[26.714468,47.768117],[26.71431,47.767302],[26.713207,47.766685],[26.712937,47.76688],[26.712454,47.766571],[26.712433,47.766661],[26.712009,47.766429],[26.711786,47.766571]]]}},{"type":"Feature","properties":{"nr":null},"geometry":{"type":"Polygon","coordinates":[[[26.72579,47.763585],[26.726224,47.763303],[26.726202,47.763287],[26.725766,47.763571],[26.72579,47.763585]]]}},{"type":"Feature","properties":{"nr":null},"geometry":{"type":"Polygon","coordinates":[[[26.72579,47.763585],[26.725922,47.76367],[26.726357,47.763388],[26.726224,47.763303],[26.72579,47.763585]]]}},{"type":"Feature","properties":{"nr":null},"geometry":{"type":"Polygon","coordinates":[[[26.724128,47.762656],[26.723826,47.76286],[26.724126,47.763078],[26.724428,47.762869],[26.724128,47.762656]]]}},{"type":"Feature","properties":{"nr":null},"geometry":{"type":"Polygon","coordinates":[[[26.728388,47.761722],[26.728625,47.761572],[26.727739,47.760972],[26.727518,47.761125],[26.728388,47.761722]]]}},{"type":"Feature","properties":{"nr":null},"geometry":{"type":"Polygon","coordinates":[[[26.704228,47.764102],[26.704136,47.764184],[26.705836,47.765088],[26.705942,47.765013],[26.704228,47.764102]]]}},{"type":"Feature","properties":{"nr":null},"geometry":{"type":"Polygon","coordinates":[[[26.727448,47.778064],[26.720758,47.773857],[26.720685,47.773901],[26.727378,47.778111],[26.727448,47.778064]]]}},{"type":"Feature","properties":{"nr":null},"geometry":{"type":"Polygon","coordinates":[[[26.697069,47.776575],[26.696934,47.776665],[26.70111,47.778944],[26.701252,47.778857],[26.697069,47.776575]]]}},{"type":"Feature","properties":{"nr":null},"geometry":{"type":"Polygon","coordinates":[[[26.70416,47.757123],[26.705007,47.757059],[26.704803,47.756366],[26.70396,47.756444],[26.70416,47.757123]]]}},{"type":"Feature","properties":{"nr":null},"geometry":{"type":"Polygon","coordinates":[[[26.699443,47.763879],[26.697417,47.763914],[26.697495,47.764146],[26.697653,47.764426],[26.697969,47.764817],[26.698524,47.76533],[26.698939,47.765642],[26.699311,47.765855],[26.699545,47.765935],[26.699999,47.765019],[26.700117,47.764731],[26.700121,47.764596],[26.700026,47.764284],[26.700005,47.763819],[26.699795,47.763521],[26.699574,47.763068],[26.69958,47.762694],[26.699642,47.762475],[26.699203,47.762469],[26.699075,47.763599],[26.69949,47.763591],[26.699443,47.763879]]]}},{"type":"Feature","properties":{"nr":null},"geometry":{"type":"Polygon","coordinates":[[[26.728291,47.764233],[26.731639,47.766363],[26.731805,47.766253],[26.728437,47.76412],[26.728291,47.764233]]]}},{"type":"Feature","properties":{"nr":null},"geometry":{"type":"Polygon","coordinates":[[[26.694988,47.773334],[26.694803,47.773427],[26.702008,47.777451],[26.702095,47.777424],[26.694988,47.773334]]]}},{"type":"Feature","properties":{"nr":null},"geometry":{"type":"Polygon","coordinates":[[[26.725504,47.754745],[26.725299,47.75488],[26.725567,47.755064],[26.725767,47.754932],[26.725504,47.754745]]]}},{"type":"Feature","properties":{"nr":null},"geometry":{"type":"Polygon","coordinates":[[[26.732001,47.766126],[26.728654,47.764026],[26.728547,47.764107],[26.731881,47.766199],[26.732001,47.766126]]]}},{"type":"Feature","properties":{"nr":null},"geometry":{"type":"Polygon","coordinates":[[[26.725484,47.762717],[26.72572,47.762564],[26.725459,47.762379],[26.725202,47.762528],[26.725484,47.762717]]]}},{"type":"Feature","properties":{"nr":null},"geometry":{"type":"Polygon","coordinates":[[[26.738072,47.767398],[26.737976,47.767412],[26.740824,47.769373],[26.740889,47.769337],[26.738072,47.767398]]]}},{"type":"Feature","properties":{"nr":null},"geometry":{"type":"Polygon","coordinates":[[[26.711959,47.800294],[26.712161,47.800229],[26.710455,47.797826],[26.710048,47.797277],[26.709927,47.797452],[26.710255,47.797895],[26.711959,47.800294]]]}},{"type":"Feature","properties":{"nr":null},"geometry":{"type":"Polygon","coordinates":[[[26.739428,47.747094],[26.744648,47.75076],[26.744765,47.750669],[26.739544,47.747002],[26.739428,47.747094]]]}},{"type":"Feature","properties":{"nr":null},"geometry":{"type":"Polygon","coordinates":[[[26.709669,47.757621],[26.710229,47.758327],[26.710575,47.758238],[26.709989,47.757579],[26.709669,47.757621]]]}},{"type":"Feature","properties":{"nr":null},"geometry":{"type":"Polygon","coordinates":[[[26.726194,47.755127],[26.725913,47.754936],[26.725891,47.754949],[26.725731,47.754819],[26.725601,47.754683],[26.725504,47.754745],[26.725767,47.754932],[26.725567,47.755064],[26.725926,47.755311],[26.726194,47.755127]]]}},{"type":"Feature","properties":{"nr":null},"geometry":{"type":"Polygon","coordinates":[[[26.725731,47.754819],[26.726125,47.754586],[26.725927,47.754483],[26.725601,47.754683],[26.725731,47.754819]]]}},{"type":"Feature","properties":{"nr":null},"geometry":{"type":"Polygon","coordinates":[[[26.736,47.791333],[26.734389,47.791223],[26.734303,47.791633],[26.735981,47.791748],[26.736,47.791333]]]}},{"type":"Feature","properties":{"nr":null},"geometry":{"type":"Polygon","coordinates":[[[26.733859,47.765033],[26.737691,47.767351],[26.737799,47.767344],[26.733933,47.764985],[26.733859,47.765033]]]}},{"type":"Feature","properties":{"nr":null},"geometry":{"type":"Polygon","coordinates":[[[26.737963,47.767403],[26.737824,47.767414],[26.740241,47.769078],[26.74032,47.769026],[26.737963,47.767403]]]}},{"type":"Feature","properties":{"nr":null},"geometry":{"type":"Polygon","coordinates":[[[26.730451,47.767244],[26.729446,47.766612],[26.729201,47.766772],[26.730199,47.767407],[26.730451,47.767244]]]}},{"type":"Feature","properties":{"nr":null},"geometry":{"type":"Polygon","coordinates":[[[26.7041,47.764166],[26.704186,47.764082],[26.700962,47.762431],[26.700977,47.76252],[26.7041,47.764166]]]}},{"type":"Feature","properties":{"nr":null},"geometry":{"type":"Polygon","coordinates":[[[26.735516,47.773141],[26.728542,47.768586],[26.72841,47.768672],[26.735377,47.773223],[26.735516,47.773141]]]}},{"type":"Feature","properties":{"nr":null},"geometry":{"type":"Polygon","coordinates":[[[26.712419,47.770273],[26.714104,47.771179],[26.714633,47.771446],[26.714749,47.771309],[26.706742,47.766879],[26.706582,47.766986],[26.7082,47.767939],[26.712419,47.770273]]]}},{"type":"Feature","properties":{"nr":null},"geometry":{"type":"Polygon","coordinates":[[[26.700591,47.757116],[26.701002,47.757772],[26.701153,47.757742],[26.700759,47.75703],[26.700591,47.757116]]]}},{"type":"Feature","properties":{"nr":null},"geometry":{"type":"Polygon","coordinates":[[[26.723201,47.762851],[26.723035,47.762731],[26.722815,47.762591],[26.722565,47.762411],[26.722256,47.762621],[26.722902,47.763048],[26.723201,47.762851]]]}},{"type":"Feature","properties":{"nr":null},"geometry":{"type":"Polygon","coordinates":[[[26.700516,47.756993],[26.700697,47.756905],[26.700255,47.756077],[26.700018,47.756202],[26.700516,47.756993]]]}},{"type":"Feature","properties":{"nr":null},"geometry":{"type":"Polygon","coordinates":[[[26.747476,47.771628],[26.743353,47.769087],[26.743268,47.769142],[26.747398,47.771687],[26.747476,47.771628]]]}},{"type":"Feature","properties":{"nr":null},"geometry":{"type":"Polygon","coordinates":[[[26.721633,47.759104],[26.722036,47.758831],[26.721415,47.758416],[26.721013,47.758685],[26.721309,47.758878],[26.721633,47.759104]]]}},{"type":"Feature","properties":{"nr":null},"geometry":{"type":"Polygon","coordinates":[[[26.716508,47.769978],[26.714686,47.768984],[26.709447,47.766043],[26.708654,47.765581],[26.708524,47.765669],[26.716358,47.770067],[26.716508,47.769978]]]}},{"type":"Feature","properties":{"nr":null},"geometry":{"type":"Polygon","coordinates":[[[26.716358,47.770067],[26.708524,47.765669],[26.708136,47.76593],[26.715925,47.770325],[26.716358,47.770067]]]}},{"type":"Feature","properties":{"nr":null},"geometry":{"type":"Polygon","coordinates":[[[26.707751,47.766193],[26.707687,47.766237],[26.715075,47.770447],[26.715137,47.770401],[26.707751,47.766193]]]}},{"type":"Feature","properties":{"nr":null},"geometry":{"type":"Polygon","coordinates":[[[26.742837,47.751796],[26.737928,47.748248],[26.737779,47.748367],[26.742698,47.751922],[26.742837,47.751796]]]}},{"type":"Feature","properties":{"nr":null},"geometry":{"type":"Polygon","coordinates":[[[26.734499,47.800754],[26.734551,47.800615],[26.729362,47.799276],[26.729244,47.799397],[26.734499,47.800754]]]}},{"type":"Feature","properties":{"nr":null},"geometry":{"type":"Polygon","coordinates":[[[26.737067,47.749023],[26.741825,47.752719],[26.74199,47.752569],[26.73722,47.748865],[26.737067,47.749023]]]}},{"type":"Feature","properties":{"nr":null},"geometry":{"type":"Polygon","coordinates":[[[26.706742,47.766879],[26.714749,47.771309],[26.714778,47.771276],[26.706794,47.766844],[26.706742,47.766879]]]}},{"type":"Feature","properties":{"nr":null},"geometry":{"type":"Polygon","coordinates":[[[26.700951,47.7642],[26.701023,47.764411],[26.703822,47.765745],[26.703943,47.765644],[26.703042,47.765197],[26.700951,47.7642]]]}},{"type":"Feature","properties":{"nr":null},"geometry":{"type":"Polygon","coordinates":[[[26.700951,47.7642],[26.702966,47.765161],[26.703117,47.765035],[26.701024,47.764037],[26.700951,47.7642]]]}},{"type":"Feature","properties":{"nr":null},"geometry":{"type":"Polygon","coordinates":[[[26.732622,47.756185],[26.733309,47.756644],[26.733422,47.756563],[26.73273,47.756101],[26.732622,47.756185]]]}},{"type":"Feature","properties":{"nr":null},"geometry":{"type":"Polygon","coordinates":[[[26.714232,47.765192],[26.714568,47.764957],[26.713849,47.764548],[26.713548,47.764748],[26.714232,47.765192]]]}},{"type":"Feature","properties":{"nr":null},"geometry":{"type":"Polygon","coordinates":[[[26.724924,47.760639],[26.724601,47.760427],[26.724455,47.760542],[26.72479,47.760733],[26.724924,47.760639]]]}},{"type":"Feature","properties":{"nr":null},"geometry":{"type":"Polygon","coordinates":[[[26.699883,47.756266],[26.700405,47.757047],[26.700466,47.757017],[26.699945,47.756237],[26.699883,47.756266]]]}},{"type":"Feature","properties":{"nr":null},"geometry":{"type":"Polygon","coordinates":[[[26.73488,47.799699],[26.734912,47.799572],[26.730306,47.798223],[26.730236,47.798339],[26.73488,47.799699]]]}},{"type":"Feature","properties":{"nr":null},"geometry":{"type":"Polygon","coordinates":[[[26.715462,47.770932],[26.720235,47.774147],[26.720327,47.774085],[26.71555,47.770867],[26.715462,47.770932]]]}},{"type":"Feature","properties":{"nr":null},"geometry":{"type":"Polygon","coordinates":[[[26.737281,47.751723],[26.738323,47.752444],[26.738498,47.752344],[26.737565,47.751702],[26.737281,47.751723]]]}},{"type":"Feature","properties":{"nr":null},"geometry":{"type":"Polygon","coordinates":[[[26.702392,47.783013],[26.702443,47.782747],[26.702453,47.782637],[26.698646,47.780478],[26.698309,47.780696],[26.702392,47.783013]]]}},{"type":"Feature","properties":{"nr":null},"geometry":{"type":"Polygon","coordinates":[[[26.728312,47.753304],[26.728278,47.753322],[26.728447,47.753423],[26.728602,47.753326],[26.728494,47.753176],[26.728415,47.753048],[26.72815,47.753177],[26.728312,47.753304]]]}},{"type":"Feature","properties":{"nr":null},"geometry":{"type":"Polygon","coordinates":[[[26.743092,47.799831],[26.746618,47.797721],[26.746336,47.797507],[26.742911,47.799556],[26.743092,47.799831]]]}},{"type":"Feature","properties":{"nr":null},"geometry":{"type":"Polygon","coordinates":[[[26.696722,47.781705],[26.701277,47.78429],[26.701402,47.784118],[26.696921,47.781574],[26.696722,47.781705]]]}},{"type":"Feature","properties":{"nr":null},"geometry":{"type":"Polygon","coordinates":[[[26.699536,47.759492],[26.699397,47.759874],[26.700069,47.759963],[26.700077,47.759797],[26.700103,47.759594],[26.699536,47.759492]]]}},{"type":"Feature","properties":{"nr":null},"geometry":{"type":"Polygon","coordinates":[[[26.700069,47.759963],[26.699397,47.759874],[26.699299,47.760147],[26.698773,47.760173],[26.698722,47.760376],[26.698667,47.760919],[26.698659,47.761064],[26.698678,47.761077],[26.698642,47.761333],[26.698581,47.761599],[26.698557,47.7619],[26.699697,47.761892],[26.699975,47.761466],[26.700013,47.761292],[26.700069,47.759963]]]}},{"type":"Feature","properties":{"nr":null},"geometry":{"type":"Polygon","coordinates":[[[26.700812,47.764727],[26.700771,47.764852],[26.702427,47.765648],[26.702518,47.765572],[26.700812,47.764727]]]}},{"type":"Feature","properties":{"nr":null},"geometry":{"type":"Polygon","coordinates":[[[26.726666,47.757739],[26.727303,47.758177],[26.727507,47.758027],[26.726866,47.757607],[26.726666,47.757739]]]}},{"type":"Feature","properties":{"nr":null},"geometry":{"type":"Polygon","coordinates":[[[26.702552,47.765589],[26.70246,47.765664],[26.704299,47.766548],[26.704377,47.766459],[26.702552,47.765589]]]}},{"type":"Feature","properties":{"nr":null},"geometry":{"type":"Polygon","coordinates":[[[26.718116,47.778084],[26.718767,47.777641],[26.718559,47.777506],[26.71791,47.777948],[26.718116,47.778084]]]}},{"type":"Feature","properties":{"nr":null},"geometry":{"type":"Polygon","coordinates":[[[26.718559,47.777506],[26.718322,47.777352],[26.717672,47.777791],[26.71791,47.777948],[26.718559,47.777506]]]}},{"type":"Feature","properties":{"nr":null},"geometry":{"type":"Polygon","coordinates":[[[26.710582,47.758641],[26.711793,47.760225],[26.71183,47.760202],[26.710626,47.758628],[26.710582,47.758641]]]}},{"type":"Feature","properties":{"nr":null},"geometry":{"type":"Polygon","coordinates":[[[26.738258,47.751574],[26.736291,47.749896],[26.736162,47.750012],[26.737862,47.751545],[26.741308,47.753365],[26.74141,47.753201],[26.738258,47.751574]]]}},{"type":"Feature","properties":{"nr":null},"geometry":{"type":"Polygon","coordinates":[[[26.700174,47.764593],[26.700079,47.76428],[26.700058,47.763811],[26.699845,47.763507],[26.699628,47.763063],[26.699634,47.762698],[26.699694,47.762482],[26.699747,47.762181],[26.69975,47.761899],[26.700026,47.761476],[26.700066,47.761294],[26.70013,47.759799],[26.700247,47.758896],[26.700194,47.758893],[26.700077,47.759797],[26.700013,47.761292],[26.699975,47.761466],[26.699697,47.761892],[26.699692,47.762172],[26.699642,47.762475],[26.69958,47.762694],[26.699574,47.763068],[26.699795,47.763521],[26.700005,47.763819],[26.700026,47.764284],[26.700121,47.764596],[26.700117,47.764731],[26.699999,47.765019],[26.699545,47.765935],[26.699611,47.765957],[26.700051,47.765029],[26.70017,47.764736],[26.700174,47.764593]]]}},{"type":"Feature","properties":{"nr":null},"geometry":{"type":"Polygon","coordinates":[[[26.720775,47.763493],[26.720113,47.763068],[26.719967,47.763167],[26.720629,47.76359],[26.720775,47.763493]]]}},{"type":"Feature","properties":{"nr":null},"geometry":{"type":"Polygon","coordinates":[[[26.711678,47.76434],[26.71212,47.764706],[26.712268,47.764762],[26.71241,47.764837],[26.712735,47.764608],[26.711939,47.76408],[26.711677,47.764249],[26.711657,47.764278],[26.711678,47.76434]]]}},{"type":"Feature","properties":{"nr":null},"geometry":{"type":"Polygon","coordinates":[[[26.707229,47.76655],[26.707503,47.766705],[26.707528,47.766684],[26.707585,47.766715],[26.707555,47.766739],[26.715229,47.771057],[26.715332,47.770981],[26.708365,47.767033],[26.70735,47.766467],[26.707229,47.76655]]]}},{"type":"Feature","properties":{"nr":null},"geometry":{"type":"Polygon","coordinates":[[[26.732979,47.755907],[26.733719,47.756349],[26.733939,47.756188],[26.733198,47.755746],[26.732979,47.755907]]]}},{"type":"Feature","properties":{"nr":null},"geometry":{"type":"Polygon","coordinates":[[[26.703439,47.76745],[26.701727,47.766371],[26.701104,47.76677],[26.701544,47.76732],[26.702372,47.768167],[26.703439,47.76745]]]}},{"type":"Feature","properties":{"nr":null},"geometry":{"type":"Polygon","coordinates":[[[26.745238,47.773334],[26.74529,47.773294],[26.741966,47.771245],[26.741899,47.771276],[26.745238,47.773334]]]}},{"type":"Feature","properties":{"nr":null},"geometry":{"type":"Polygon","coordinates":[[[26.700626,47.758817],[26.701198,47.759873],[26.701489,47.759835],[26.700917,47.758778],[26.700626,47.758817]]]}},{"type":"Feature","properties":{"nr":null},"geometry":{"type":"Polygon","coordinates":[[[26.701683,47.760771],[26.701939,47.760666],[26.701489,47.759835],[26.701198,47.759873],[26.701683,47.760771]]]}},{"type":"Feature","properties":{"nr":null},"geometry":{"type":"Polygon","coordinates":[[[26.731883,47.753353],[26.732277,47.753686],[26.733115,47.753424],[26.732708,47.753088],[26.731883,47.753353]]]}},{"type":"Feature","properties":{"nr":null},"geometry":{"type":"Polygon","coordinates":[[[26.719741,47.763317],[26.719968,47.763165],[26.719325,47.762748],[26.719101,47.762897],[26.719741,47.763317]]]}},{"type":"Feature","properties":{"nr":null},"geometry":{"type":"Polygon","coordinates":[[[26.71882,47.759128],[26.717798,47.759809],[26.7176,47.759958],[26.717028,47.76034],[26.716098,47.760986],[26.715997,47.761061],[26.71597,47.761092],[26.715738,47.761246],[26.715316,47.761556],[26.715128,47.761688],[26.715071,47.761718],[26.714258,47.762291],[26.713915,47.762582],[26.71371,47.762714],[26.712778,47.763412],[26.712609,47.763505],[26.712503,47.763588],[26.712196,47.763854],[26.711586,47.764249],[26.711646,47.764288],[26.711677,47.764249],[26.712232,47.763884],[26.712635,47.763554],[26.712705,47.763528],[26.71285,47.76343],[26.713133,47.763203],[26.713689,47.762805],[26.713738,47.762788],[26.714125,47.76254],[26.71461,47.76214],[26.715094,47.761871],[26.71525,47.761767],[26.715496,47.761582],[26.715659,47.761473],[26.716626,47.760775],[26.71667,47.760734],[26.717698,47.760039],[26.718978,47.759203],[26.719104,47.759107],[26.719444,47.758872],[26.719705,47.758703],[26.721706,47.75734],[26.722882,47.756556],[26.723044,47.756434],[26.723442,47.756169],[26.723752,47.755946],[26.724069,47.75574],[26.724058,47.755732],[26.724909,47.755137],[26.725504,47.754745],[26.725909,47.754495],[26.725812,47.754401],[26.725495,47.754619],[26.724986,47.754931],[26.724566,47.755214],[26.723323,47.756087],[26.722479,47.756664],[26.722355,47.756733],[26.722216,47.756837],[26.721477,47.757332],[26.721133,47.757574],[26.720479,47.758005],[26.719947,47.758371],[26.719614,47.758584],[26.71882,47.759128]]]}},{"type":"Feature","properties":{"nr":null},"geometry":{"type":"Polygon","coordinates":[[[26.70735,47.766467],[26.708365,47.767033],[26.715332,47.770981],[26.71556,47.770811],[26.708608,47.766868],[26.707592,47.766302],[26.70735,47.766467]]]}},{"type":"Feature","properties":{"nr":null},"geometry":{"type":"Polygon","coordinates":[[[26.718024,47.775681],[26.718114,47.775618],[26.713193,47.772432],[26.713099,47.772492],[26.718024,47.775681]]]}},{"type":"Feature","properties":{"nr":null},"geometry":{"type":"Polygon","coordinates":[[[26.696921,47.781574],[26.701402,47.784118],[26.701493,47.784046],[26.697021,47.781509],[26.696921,47.781574]]]}},{"type":"Feature","properties":{"nr":null},"geometry":{"type":"Polygon","coordinates":[[[26.718411,47.762316],[26.718238,47.762428],[26.718877,47.762871],[26.719064,47.762742],[26.718411,47.762316]]]}},{"type":"Feature","properties":{"nr":null},"geometry":{"type":"Polygon","coordinates":[[[26.718238,47.762428],[26.718147,47.762487],[26.71879,47.762932],[26.718877,47.762871],[26.718238,47.762428]]]}},{"type":"Feature","properties":{"nr":null},"geometry":{"type":"Polygon","coordinates":[[[26.723448,47.757006],[26.72325,47.756868],[26.723029,47.757022],[26.723232,47.757155],[26.723448,47.757006]]]}},{"type":"Feature","properties":{"nr":null},"geometry":{"type":"Polygon","coordinates":[[[26.702266,47.765836],[26.704125,47.766755],[26.704227,47.766638],[26.702375,47.765741],[26.702266,47.765836]]]}},{"type":"Feature","properties":{"nr":null},"geometry":{"type":"Polygon","coordinates":[[[26.715062,47.770439],[26.707687,47.766237],[26.707592,47.766302],[26.708608,47.766868],[26.714994,47.77049],[26.715062,47.770439]]]}},{"type":"Feature","properties":{"nr":null},"geometry":{"type":"Polygon","coordinates":[[[26.74763,47.77151],[26.747707,47.771452],[26.743437,47.768819],[26.743426,47.768918],[26.74763,47.77151]]]}},{"type":"Feature","properties":{"nr":null},"geometry":{"type":"Polygon","coordinates":[[[26.720398,47.756412],[26.720036,47.756101],[26.719861,47.756195],[26.720224,47.756519],[26.720378,47.756411],[26.72039,47.756417],[26.720398,47.756412]]]}},{"type":"Feature","properties":{"nr":null},"geometry":{"type":"Polygon","coordinates":[[[26.719536,47.763458],[26.718885,47.763042],[26.71869,47.763173],[26.719027,47.763382],[26.719342,47.763589],[26.719536,47.763458]]]}},{"type":"Feature","properties":{"nr":null},"geometry":{"type":"Polygon","coordinates":[[[26.711906,47.800335],[26.709884,47.797506],[26.708124,47.795457],[26.707891,47.795473],[26.709748,47.797638],[26.711736,47.800411],[26.711906,47.800335]]]}},{"type":"Feature","properties":{"nr":null},"geometry":{"type":"Polygon","coordinates":[[[26.723029,47.757022],[26.72325,47.756868],[26.722841,47.756584],[26.722603,47.756742],[26.723029,47.757022]]]}},{"type":"Feature","properties":{"nr":null},"geometry":{"type":"Polygon","coordinates":[[[26.719741,47.763317],[26.719101,47.762897],[26.718885,47.763042],[26.719536,47.763458],[26.719741,47.763317]]]}},{"type":"Feature","properties":{"nr":null},"geometry":{"type":"Polygon","coordinates":[[[26.705821,47.76508],[26.704136,47.764184],[26.700977,47.76252],[26.701011,47.762609],[26.701378,47.762823],[26.701437,47.762882],[26.705715,47.765159],[26.705821,47.76508]]]}},{"type":"Feature","properties":{"nr":null},"geometry":{"type":"Polygon","coordinates":[[[26.723744,47.757307],[26.723982,47.757141],[26.723603,47.7569],[26.723291,47.757115],[26.723938,47.757525],[26.724006,47.757482],[26.723744,47.757307]]]}},{"type":"Feature","properties":{"nr":null},"geometry":{"type":"Polygon","coordinates":[[[26.69833,47.771836],[26.70498,47.775591],[26.705209,47.77545],[26.6986,47.771717],[26.69833,47.771836]]]}},{"type":"Feature","properties":{"nr":null},"geometry":{"type":"Polygon","coordinates":[[[26.731078,47.758368],[26.732081,47.758969],[26.732419,47.75869],[26.731432,47.758101],[26.731231,47.758274],[26.731078,47.758368]]]}},{"type":"Feature","properties":{"nr":null},"geometry":{"type":"Polygon","coordinates":[[[26.71386,47.77554],[26.713104,47.776026],[26.711549,47.777026],[26.711727,47.77715],[26.714036,47.775659],[26.71386,47.77554]]]}},{"type":"Feature","properties":{"nr":null},"geometry":{"type":"Polygon","coordinates":[[[26.733998,47.758469],[26.738953,47.761455],[26.739257,47.76122],[26.737763,47.760293],[26.736519,47.759453],[26.735868,47.759321],[26.735352,47.759139],[26.735127,47.759028],[26.734913,47.758902],[26.734157,47.758429],[26.734052,47.758443],[26.733998,47.758469]]]}},{"type":"Feature","properties":{"nr":null},"geometry":{"type":"Polygon","coordinates":[[[26.707168,47.766592],[26.709268,47.767756],[26.712352,47.76953],[26.71517,47.771104],[26.715229,47.771057],[26.70767,47.766804],[26.707632,47.766835],[26.70746,47.766739],[26.707503,47.766705],[26.707229,47.76655],[26.707168,47.766592]]]}},{"type":"Feature","properties":{"nr":null},"geometry":{"type":"Polygon","coordinates":[[[26.741267,47.771659],[26.74128,47.771609],[26.739481,47.770514],[26.739438,47.770546],[26.741267,47.771659]]]}},{"type":"Feature","properties":{"nr":null},"geometry":{"type":"Polygon","coordinates":[[[26.730991,47.760516],[26.730822,47.760657],[26.735835,47.763692],[26.736024,47.763563],[26.730991,47.760516]]]}},{"type":"Feature","properties":{"nr":null},"geometry":{"type":"Polygon","coordinates":[[[26.72093,47.763385],[26.720274,47.762961],[26.72012,47.763063],[26.720776,47.763485],[26.72093,47.763385]]]}},{"type":"Feature","properties":{"nr":null},"geometry":{"type":"Polygon","coordinates":[[[26.711695,47.756057],[26.711821,47.755985],[26.710536,47.754351],[26.710397,47.754408],[26.711695,47.756057]]]}},{"type":"Feature","properties":{"nr":null},"geometry":{"type":"Polygon","coordinates":[[[26.718427,47.775463],[26.724914,47.779614],[26.725028,47.779531],[26.71856,47.775392],[26.718427,47.775463]]]}},{"type":"Feature","properties":{"nr":null},"geometry":{"type":"Polygon","coordinates":[[[26.741949,47.769893],[26.742002,47.769851],[26.741033,47.769267],[26.740967,47.769301],[26.741949,47.769893]]]}},{"type":"Feature","properties":{"nr":null},"geometry":{"type":"Polygon","coordinates":[[[26.727564,47.760962],[26.727867,47.760751],[26.727069,47.760234],[26.726756,47.760435],[26.727149,47.760678],[26.727564,47.760962]]]}},{"type":"Feature","properties":{"nr":null},"geometry":{"type":"Polygon","coordinates":[[[26.732277,47.753686],[26.731883,47.753353],[26.73152,47.753481],[26.731956,47.753785],[26.732277,47.753686]]]}},{"type":"Feature","properties":{"nr":null},"geometry":{"type":"Polygon","coordinates":[[[26.736327,47.772601],[26.73636,47.772576],[26.729381,47.768042],[26.729345,47.768065],[26.736327,47.772601]]]}},{"type":"Feature","properties":{"nr":null},"geometry":{"type":"Polygon","coordinates":[[[26.709358,47.775382],[26.711583,47.77397],[26.711392,47.773847],[26.709179,47.775252],[26.709358,47.775382]]]}},{"type":"Feature","properties":{"nr":null},"geometry":{"type":"Polygon","coordinates":[[[26.717698,47.760039],[26.717548,47.760143],[26.717684,47.760241],[26.71821,47.760576],[26.718362,47.760473],[26.717698,47.760039]]]}},{"type":"Feature","properties":{"nr":null},"geometry":{"type":"Polygon","coordinates":[[[26.70066,47.76504],[26.702235,47.76582],[26.702324,47.765733],[26.700716,47.764936],[26.70066,47.76504]]]}},{"type":"Feature","properties":{"nr":null},"geometry":{"type":"Polygon","coordinates":[[[26.733626,47.752777],[26.733378,47.752536],[26.732964,47.752683],[26.733201,47.752924],[26.733626,47.752777]]]}},{"type":"Feature","properties":{"nr":null},"geometry":{"type":"Polygon","coordinates":[[[26.712296,47.76695],[26.712149,47.76705],[26.712488,47.76724],[26.712636,47.767139],[26.712296,47.76695]]]}},{"type":"Feature","properties":{"nr":null},"geometry":{"type":"Polygon","coordinates":[[[26.74299,47.752529],[26.742898,47.752606],[26.749577,47.756354],[26.749701,47.756295],[26.74299,47.752529]]]}},{"type":"Feature","properties":{"nr":null},"geometry":{"type":"Polygon","coordinates":[[[26.716902,47.757686],[26.71773,47.75823],[26.717806,47.758178],[26.716979,47.757635],[26.716902,47.757686]]]}},{"type":"Feature","properties":{"nr":null},"geometry":{"type":"Polygon","coordinates":[[[26.738296,47.76211],[26.744679,47.766175],[26.74496,47.766162],[26.738451,47.762015],[26.738296,47.76211]]]}},{"type":"Feature","properties":{"nr":null},"geometry":{"type":"Polygon","coordinates":[[[26.721747,47.757316],[26.721596,47.757415],[26.722247,47.757831],[26.722368,47.757734],[26.721747,47.757316]]]}},{"type":"Feature","properties":{"nr":null},"geometry":{"type":"Polygon","coordinates":[[[26.721893,47.757218],[26.721747,47.757316],[26.722368,47.757734],[26.722511,47.757641],[26.721893,47.757218]]]}},{"type":"Feature","properties":{"nr":null},"geometry":{"type":"Polygon","coordinates":[[[26.747476,47.771628],[26.747553,47.771568],[26.74339,47.769002],[26.743353,47.769087],[26.747476,47.771628]]]}},{"type":"Feature","properties":{"nr":null},"geometry":{"type":"Polygon","coordinates":[[[26.726311,47.758887],[26.725639,47.758434],[26.725438,47.758567],[26.726106,47.759017],[26.726311,47.758887]]]}},{"type":"Feature","properties":{"nr":null},"geometry":{"type":"Polygon","coordinates":[[[26.725438,47.758567],[26.725023,47.758857],[26.725674,47.759291],[26.726106,47.759017],[26.725438,47.758567]]]}},{"type":"Feature","properties":{"nr":null},"geometry":{"type":"Polygon","coordinates":[[[26.700044,47.794783],[26.700037,47.795291],[26.700408,47.795297],[26.700407,47.795153],[26.700418,47.795017],[26.700404,47.794934],[26.70041,47.794783],[26.700044,47.794783]]]}},{"type":"Feature","properties":{"nr":null},"geometry":{"type":"Polygon","coordinates":[[[26.724558,47.757106],[26.724719,47.756997],[26.724084,47.756574],[26.723921,47.756682],[26.724558,47.757106]]]}},{"type":"Feature","properties":{"nr":null},"geometry":{"type":"Polygon","coordinates":[[[26.70316,47.765056],[26.703009,47.765181],[26.703943,47.765644],[26.704085,47.765497],[26.70316,47.765056]]]}},{"type":"Feature","properties":{"nr":null},"geometry":{"type":"Polygon","coordinates":[[[26.697021,47.781509],[26.701493,47.784046],[26.701583,47.783975],[26.697121,47.781442],[26.697021,47.781509]]]}},{"type":"Feature","properties":{"nr":null},"geometry":{"type":"Polygon","coordinates":[[[26.710739,47.766263],[26.711078,47.766452],[26.711225,47.766351],[26.710886,47.766162],[26.710739,47.766263]]]}},{"type":"Feature","properties":{"nr":null},"geometry":{"type":"Polygon","coordinates":[[[26.711078,47.766452],[26.711756,47.766831],[26.711903,47.76673],[26.711225,47.766351],[26.711078,47.766452]]]}},{"type":"Feature","properties":{"nr":null},"geometry":{"type":"Polygon","coordinates":[[[26.694161,47.766313],[26.700203,47.770833],[26.700288,47.770796],[26.694237,47.766269],[26.694161,47.766313]]]}},{"type":"Feature","properties":{"nr":null},"geometry":{"type":"Polygon","coordinates":[[[26.72337,47.772113],[26.723303,47.772158],[26.730045,47.776458],[26.730113,47.776414],[26.72337,47.772113]]]}},{"type":"Feature","properties":{"nr":null},"geometry":{"type":"Polygon","coordinates":[[[26.730144,47.755115],[26.730466,47.75489],[26.730283,47.754729],[26.730134,47.754641],[26.729347,47.755201],[26.729699,47.755447],[26.730144,47.755115]]]}},{"type":"Feature","properties":{"nr":null},"geometry":{"type":"Polygon","coordinates":[[[26.7253,47.783758],[26.725844,47.783769],[26.725869,47.782996],[26.725323,47.782937],[26.7253,47.783758]]]}},{"type":"Feature","properties":{"nr":null},"geometry":{"type":"Polygon","coordinates":[[[26.726588,47.765295],[26.730007,47.767543],[26.730046,47.767516],[26.726626,47.765268],[26.726588,47.765295]]]}},{"type":"Feature","properties":{"nr":null},"geometry":{"type":"Polygon","coordinates":[[[26.72314,47.757943],[26.722631,47.75756],[26.722575,47.757598],[26.723164,47.758052],[26.72322,47.758013],[26.72314,47.757943]]]}},{"type":"Feature","properties":{"nr":null},"geometry":{"type":"Polygon","coordinates":[[[26.743059,47.77491],[26.747679,47.777757],[26.747791,47.777689],[26.748151,47.777508],[26.743467,47.77462],[26.743059,47.77491]]]}},{"type":"Feature","properties":{"nr":null},"geometry":{"type":"Polygon","coordinates":[[[26.741909,47.752643],[26.747019,47.75564],[26.747203,47.755516],[26.742063,47.752502],[26.741909,47.752643]]]}},{"type":"Feature","properties":{"nr":null},"geometry":{"type":"Polygon","coordinates":[[[26.723764,47.765125],[26.723784,47.765112],[26.723309,47.764812],[26.72323,47.764866],[26.722873,47.764636],[26.722781,47.764702],[26.723365,47.765089],[26.723534,47.76497],[26.723764,47.765125]]]}},{"type":"Feature","properties":{"nr":null},"geometry":{"type":"Polygon","coordinates":[[[26.723784,47.765112],[26.72395,47.765001],[26.723462,47.764704],[26.723309,47.764812],[26.723784,47.765112]]]}},{"type":"Feature","properties":{"nr":null},"geometry":{"type":"Polygon","coordinates":[[[26.720806,47.781481],[26.721058,47.78167],[26.721374,47.781464],[26.721236,47.781373],[26.721799,47.780986],[26.72168,47.780813],[26.720806,47.781481]]]}},{"type":"Feature","properties":{"nr":null},"geometry":{"type":"Polygon","coordinates":[[[26.740611,47.783631],[26.740611,47.783616],[26.739959,47.784954],[26.740051,47.785748],[26.740184,47.786243],[26.740178,47.78685],[26.740093,47.787535],[26.739756,47.788332],[26.739437,47.788948],[26.739179,47.789149],[26.739707,47.789403],[26.739847,47.789855],[26.739986,47.790025],[26.740412,47.790368],[26.74056,47.790969],[26.74051,47.791198],[26.740381,47.791397],[26.740536,47.791357],[26.740704,47.791296],[26.740829,47.791034],[26.741496,47.790765],[26.741765,47.790719],[26.742158,47.790796],[26.742607,47.790831],[26.742934,47.790774],[26.742996,47.790589],[26.743359,47.790206],[26.743577,47.790123],[26.743858,47.789876],[26.743995,47.789645],[26.744317,47.789425],[26.744642,47.789299],[26.745714,47.789189],[26.745975,47.788998],[26.746264,47.788876],[26.746943,47.788756],[26.747193,47.788608],[26.747396,47.788384],[26.747678,47.788179],[26.748131,47.788054],[26.748709,47.787926],[26.7494,47.787688],[26.749862,47.787591],[26.750426,47.787279],[26.751611,47.786355],[26.751511,47.786395],[26.750834,47.786492],[26.749791,47.786662],[26.749216,47.786691],[26.748696,47.786669],[26.74822,47.786628],[26.747673,47.786549],[26.746618,47.786255],[26.745611,47.785916],[26.744704,47.785649],[26.74325,47.785206],[26.742495,47.784908],[26.741595,47.784487],[26.741479,47.784402],[26.741361,47.784277],[26.741249,47.78412],[26.740976,47.783876],[26.740611,47.783631]]]}},{"type":"Feature","properties":{"nr":null},"geometry":{"type":"Polygon","coordinates":[[[26.720979,47.757838],[26.72083,47.757939],[26.721158,47.758154],[26.721488,47.758358],[26.721632,47.758266],[26.721463,47.758149],[26.720979,47.757838]]]}},{"type":"Feature","properties":{"nr":null},"geometry":{"type":"Polygon","coordinates":[[[26.725167,47.784094],[26.725125,47.784281],[26.725846,47.784363],[26.725845,47.784196],[26.725461,47.784156],[26.725167,47.784094]]]}},{"type":"Feature","properties":{"nr":null},"geometry":{"type":"Polygon","coordinates":[[[26.725439,47.784038],[26.725845,47.784093],[26.725844,47.783769],[26.725452,47.783761],[26.725439,47.784038]]]}},{"type":"Feature","properties":{"nr":null},"geometry":{"type":"Polygon","coordinates":[[[26.721493,47.781385],[26.721426,47.781244],[26.721236,47.781373],[26.721374,47.781464],[26.721493,47.781385]]]}},{"type":"Feature","properties":{"nr":null},"geometry":{"type":"Polygon","coordinates":[[[26.721493,47.781385],[26.721858,47.781142],[26.721785,47.780996],[26.721426,47.781244],[26.721493,47.781385]]]}},{"type":"Feature","properties":{"nr":null},"geometry":{"type":"Polygon","coordinates":[[[26.700891,47.757793],[26.700954,47.757781],[26.700528,47.757148],[26.700475,47.757175],[26.700891,47.757793]]]}},{"type":"Feature","properties":{"nr":null},"geometry":{"type":"Polygon","coordinates":[[[26.718055,47.760678],[26.71821,47.760576],[26.717684,47.760241],[26.717548,47.760143],[26.717384,47.760251],[26.718055,47.760678]]]}},{"type":"Feature","properties":{"nr":null},"geometry":{"type":"Polygon","coordinates":[[[26.705948,47.769145],[26.712539,47.772733],[26.712694,47.772636],[26.706085,47.769039],[26.705948,47.769145]]]}},{"type":"Feature","properties":{"nr":null},"geometry":{"type":"Polygon","coordinates":[[[26.711756,47.766831],[26.712149,47.76705],[26.712296,47.76695],[26.711903,47.76673],[26.711756,47.766831]]]}},{"type":"Feature","properties":{"nr":null},"geometry":{"type":"Polygon","coordinates":[[[26.709044,47.795036],[26.713016,47.7999],[26.713135,47.799856],[26.709157,47.794984],[26.709044,47.795036]]]}},{"type":"Feature","properties":{"nr":null},"geometry":{"type":"Polygon","coordinates":[[[26.7274,47.753581],[26.727934,47.753984],[26.728176,47.753664],[26.728011,47.753571],[26.727741,47.753369],[26.7274,47.753581]]]}},{"type":"Feature","properties":{"nr":null},"geometry":{"type":"Polygon","coordinates":[[[26.71387,47.771898],[26.71394,47.771846],[26.707193,47.768175],[26.707125,47.768228],[26.71387,47.771898]]]}},{"type":"Feature","properties":{"nr":null},"geometry":{"type":"Polygon","coordinates":[[[26.729502,47.75768],[26.729196,47.757902],[26.729417,47.758039],[26.729897,47.758316],[26.730144,47.758121],[26.729502,47.75768]]]}},{"type":"Feature","properties":{"nr":null},"geometry":{"type":"Polygon","coordinates":[[[26.742056,47.769809],[26.74211,47.769767],[26.741146,47.769186],[26.74109,47.769227],[26.742056,47.769809]]]}},{"type":"Feature","properties":{"nr":null},"geometry":{"type":"Polygon","coordinates":[[[26.719861,47.756195],[26.720036,47.756101],[26.71961,47.755775],[26.719305,47.755992],[26.719746,47.756385],[26.720037,47.756657],[26.720126,47.756601],[26.720121,47.756592],[26.720224,47.756519],[26.719861,47.756195]]]}},{"type":"Feature","properties":{"nr":null},"geometry":{"type":"Polygon","coordinates":[[[26.72503,47.783698],[26.725022,47.783978],[26.725439,47.784038],[26.725452,47.783761],[26.7253,47.783758],[26.725301,47.783717],[26.72503,47.783698]]]}},{"type":"Feature","properties":{"nr":null},"geometry":{"type":"Polygon","coordinates":[[[26.70269,47.794047],[26.702482,47.794039],[26.702541,47.79471],[26.702673,47.794707],[26.702844,47.794627],[26.702801,47.794467],[26.702792,47.794397],[26.702726,47.79421],[26.70269,47.794047]]]}},{"type":"Feature","properties":{"nr":null},"geometry":{"type":"Polygon","coordinates":[[[26.716583,47.770122],[26.721494,47.773315],[26.721582,47.773252],[26.71667,47.770058],[26.716583,47.770122]]]}},{"type":"Feature","properties":{"nr":null},"geometry":{"type":"Polygon","coordinates":[[[26.707891,47.795473],[26.707776,47.795499],[26.709653,47.797686],[26.711641,47.80046],[26.711736,47.800411],[26.709748,47.797638],[26.707891,47.795473]]]}},{"type":"Feature","properties":{"nr":null},"geometry":{"type":"Polygon","coordinates":[[[26.705155,47.76978],[26.71171,47.773337],[26.711876,47.773245],[26.705292,47.769672],[26.705155,47.76978]]]}},{"type":"Feature","properties":{"nr":null},"geometry":{"type":"Polygon","coordinates":[[[26.705546,47.763672],[26.705021,47.763374],[26.70494,47.763451],[26.705462,47.763747],[26.705546,47.763672]]]}},{"type":"Feature","properties":{"nr":null},"geometry":{"type":"Polygon","coordinates":[[[26.73273,47.756101],[26.733422,47.756563],[26.733534,47.756482],[26.732838,47.756017],[26.73273,47.756101]]]}},{"type":"Feature","properties":{"nr":null},"geometry":{"type":"Polygon","coordinates":[[[26.69976,47.756325],[26.700283,47.757107],[26.700344,47.757077],[26.699823,47.756298],[26.69976,47.756325]]]}},{"type":"Feature","properties":{"nr":null},"geometry":{"type":"Polygon","coordinates":[[[26.742002,47.769851],[26.742056,47.769809],[26.74109,47.769227],[26.741033,47.769267],[26.742002,47.769851]]]}},{"type":"Feature","properties":{"nr":null},"geometry":{"type":"Polygon","coordinates":[[[26.730046,47.767516],[26.730086,47.76749],[26.726664,47.76524],[26.726626,47.765268],[26.730046,47.767516]]]}},{"type":"Feature","properties":{"nr":null},"geometry":{"type":"Polygon","coordinates":[[[26.740901,47.769334],[26.741896,47.769934],[26.741949,47.769893],[26.740967,47.769301],[26.740901,47.769334]]]}},{"type":"Feature","properties":{"nr":null},"geometry":{"type":"Polygon","coordinates":[[[26.725058,47.760546],[26.724739,47.760319],[26.724601,47.760427],[26.724924,47.760639],[26.725058,47.760546]]]}},{"type":"Feature","properties":{"nr":null},"geometry":{"type":"Polygon","coordinates":[[[26.700366,47.757231],[26.700764,47.757823],[26.700827,47.757806],[26.700421,47.757202],[26.700366,47.757231]]]}},{"type":"Feature","properties":{"nr":null},"geometry":{"type":"Polygon","coordinates":[[[26.71227,47.763901],[26.713505,47.764716],[26.713721,47.764555],[26.712467,47.763727],[26.71227,47.763901]]]}},{"type":"Feature","properties":{"nr":null},"geometry":{"type":"Polygon","coordinates":[[[26.713721,47.764555],[26.713825,47.764477],[26.712561,47.763644],[26.712467,47.763727],[26.713721,47.764555]]]}},{"type":"Feature","properties":{"nr":null},"geometry":{"type":"Polygon","coordinates":[[[26.747553,47.771568],[26.74763,47.77151],[26.743426,47.768918],[26.74339,47.769002],[26.747553,47.771568]]]}},{"type":"Feature","properties":{"nr":null},"geometry":{"type":"Polygon","coordinates":[[[26.72094,47.781995],[26.721956,47.781313],[26.721875,47.781131],[26.720821,47.781825],[26.72094,47.781995]]]}},{"type":"Feature","properties":{"nr":null},"geometry":{"type":"Polygon","coordinates":[[[26.729345,47.768065],[26.729309,47.768088],[26.736292,47.772625],[26.736324,47.772599],[26.729345,47.768065]]]}},{"type":"Feature","properties":{"nr":null},"geometry":{"type":"Polygon","coordinates":[[[26.70498,47.763352],[26.703559,47.762612],[26.70136,47.761463],[26.701324,47.76157],[26.704894,47.763428],[26.70498,47.763352]]]}},{"type":"Feature","properties":{"nr":null},"geometry":{"type":"Polygon","coordinates":[[[26.700124,47.764849],[26.700623,47.765018],[26.700732,47.764794],[26.700907,47.764463],[26.70094,47.764342],[26.700881,47.764143],[26.701407,47.763574],[26.701529,47.763391],[26.701546,47.763232],[26.70145,47.762938],[26.701324,47.762831],[26.700944,47.7626],[26.700873,47.762416],[26.701069,47.76219],[26.701227,47.761864],[26.70136,47.761463],[26.701139,47.761348],[26.701225,47.76121],[26.701275,47.761156],[26.701625,47.760911],[26.701683,47.760771],[26.700635,47.758832],[26.700247,47.758896],[26.70013,47.759799],[26.700066,47.761294],[26.700026,47.761476],[26.69975,47.761899],[26.699747,47.762181],[26.699694,47.762482],[26.699634,47.762698],[26.699628,47.763063],[26.699845,47.763507],[26.700058,47.763811],[26.700079,47.76428],[26.700174,47.764593],[26.70017,47.764736],[26.700124,47.764849]]]}},{"type":"Feature","properties":{"nr":null},"geometry":{"type":"Polygon","coordinates":[[[26.709722,47.765694],[26.710061,47.765884],[26.710209,47.765783],[26.709869,47.765593],[26.709722,47.765694]]]}},{"type":"Feature","properties":{"nr":null},"geometry":{"type":"Polygon","coordinates":[[[26.721057,47.765172],[26.720441,47.764735],[26.720193,47.764891],[26.720591,47.765188],[26.720409,47.765321],[26.720618,47.765464],[26.721057,47.765172]]]}},{"type":"Feature","properties":{"nr":null},"geometry":{"type":"Polygon","coordinates":[[[26.696008,47.802391],[26.696042,47.802502],[26.700705,47.799557],[26.700676,47.799444],[26.696008,47.802391]]]}},{"type":"Feature","properties":{"nr":null},"geometry":{"type":"Polygon","coordinates":[[[26.708422,47.75951],[26.70838,47.759542],[26.710148,47.761359],[26.710194,47.761331],[26.708422,47.75951]]]}},{"type":"Feature","properties":{"nr":null},"geometry":{"type":"Polygon","coordinates":[[[26.705715,47.765159],[26.701503,47.762918],[26.701546,47.763047],[26.705634,47.765223],[26.705715,47.765159]]]}},{"type":"Feature","properties":{"nr":null},"geometry":{"type":"Polygon","coordinates":[[[26.704272,47.761224],[26.704412,47.761164],[26.703916,47.760791],[26.703743,47.760812],[26.704272,47.761224]]]}},{"type":"Feature","properties":{"nr":null},"geometry":{"type":"Polygon","coordinates":[[[26.737857,47.800813],[26.742907,47.799549],[26.742792,47.799375],[26.737808,47.800621],[26.737857,47.800813]]]}},{"type":"Feature","properties":{"nr":null},"geometry":{"type":"Polygon","coordinates":[[[26.700494,47.765383],[26.701864,47.766134],[26.702,47.766023],[26.700595,47.765253],[26.700494,47.765383]]]}},{"type":"Feature","properties":{"nr":null},"geometry":{"type":"Polygon","coordinates":[[[26.702776,47.758526],[26.702919,47.758527],[26.702452,47.757314],[26.702313,47.757325],[26.702776,47.758526]]]}},{"type":"Feature","properties":{"nr":null},"geometry":{"type":"Polygon","coordinates":[[[26.742911,47.799556],[26.746475,47.797424],[26.74612,47.797123],[26.742669,47.799187],[26.742911,47.799556]]]}},{"type":"Feature","properties":{"nr":null},"geometry":{"type":"Polygon","coordinates":[[[26.714077,47.771808],[26.718932,47.775089],[26.719016,47.77503],[26.714144,47.771738],[26.714077,47.771808]]]}},{"type":"Feature","properties":{"nr":null},"geometry":{"type":"Polygon","coordinates":[[[26.752345,47.775872],[26.746574,47.772315],[26.746488,47.77238],[26.752177,47.775887],[26.752345,47.775872]]]}},{"type":"Feature","properties":{"nr":null},"geometry":{"type":"Polygon","coordinates":[[[26.732005,47.759763],[26.737096,47.762861],[26.737158,47.762815],[26.732064,47.759716],[26.732005,47.759763]]]}},{"type":"Feature","properties":{"nr":null},"geometry":{"type":"Polygon","coordinates":[[[26.720082,47.77431],[26.720046,47.774331],[26.723957,47.776788],[26.723987,47.776764],[26.720082,47.77431]]]}},{"type":"Feature","properties":{"nr":null},"geometry":{"type":"Polygon","coordinates":[[[26.730797,47.797193],[26.730745,47.797316],[26.735244,47.798634],[26.735317,47.79838],[26.730797,47.797193]]]}},{"type":"Feature","properties":{"nr":null},"geometry":{"type":"Polygon","coordinates":[[[26.739267,47.761243],[26.739246,47.76126],[26.746806,47.765476],[26.746824,47.765458],[26.739267,47.761243]]]}},{"type":"Feature","properties":{"nr":null},"geometry":{"type":"Polygon","coordinates":[[[26.730862,47.75216],[26.73049,47.751102],[26.730307,47.75112],[26.730504,47.751624],[26.730769,47.752196],[26.730862,47.75216]]]}},{"type":"Feature","properties":{"nr":null},"geometry":{"type":"Polygon","coordinates":[[[26.742974,47.799651],[26.742907,47.799549],[26.737857,47.800813],[26.737885,47.800924],[26.742974,47.799651]]]}},{"type":"Feature","properties":{"nr":null},"geometry":{"type":"Polygon","coordinates":[[[26.735584,47.773101],[26.735643,47.773062],[26.728662,47.768501],[26.728603,47.76854],[26.735584,47.773101]]]}},{"type":"Feature","properties":{"nr":null},"geometry":{"type":"Polygon","coordinates":[[[26.732633,47.756323],[26.732018,47.755902],[26.731949,47.755903],[26.731758,47.756043],[26.732423,47.756499],[26.732633,47.756323]]]}},{"type":"Feature","properties":{"nr":null},"geometry":{"type":"Polygon","coordinates":[[[26.71555,47.770867],[26.720327,47.774085],[26.720418,47.774029],[26.71563,47.770803],[26.71555,47.770867]]]}},{"type":"Feature","properties":{"nr":null},"geometry":{"type":"Polygon","coordinates":[[[26.723544,47.765362],[26.728477,47.76856],[26.7286,47.768471],[26.723666,47.765283],[26.723544,47.765362]]]}},{"type":"Feature","properties":{"nr":null},"geometry":{"type":"Polygon","coordinates":[[[26.736432,47.793561],[26.734357,47.792626],[26.73407,47.792915],[26.736496,47.794205],[26.736432,47.793561]]]}},{"type":"Feature","properties":{"nr":null},"geometry":{"type":"Polygon","coordinates":[[[26.710538,47.773418],[26.709143,47.774325],[26.70817,47.774926],[26.708395,47.775051],[26.709285,47.774485],[26.710749,47.773534],[26.710538,47.773418]]]}},{"type":"Feature","properties":{"nr":null},"geometry":{"type":"Polygon","coordinates":[[[26.719342,47.763589],[26.719027,47.763382],[26.718689,47.763173],[26.718375,47.763387],[26.718977,47.763827],[26.719342,47.763589]]]}},{"type":"Feature","properties":{"nr":null},"geometry":{"type":"Polygon","coordinates":[[[26.722097,47.772976],[26.721819,47.773154],[26.728563,47.777393],[26.728847,47.777219],[26.722097,47.772976]]]}},{"type":"Feature","properties":{"nr":null},"geometry":{"type":"Polygon","coordinates":[[[26.728894,47.755585],[26.728577,47.755807],[26.728342,47.75598],[26.728688,47.75619],[26.729207,47.755805],[26.728894,47.755585]]]}},{"type":"Feature","properties":{"nr":null},"geometry":{"type":"Polygon","coordinates":[[[26.71024,47.761304],[26.708463,47.759478],[26.708422,47.75951],[26.710194,47.761331],[26.71024,47.761304]]]}},{"type":"Feature","properties":{"nr":null},"geometry":{"type":"Polygon","coordinates":[[[26.716163,47.756586],[26.716733,47.757083],[26.717278,47.756736],[26.716704,47.756278],[26.716163,47.756586]]]}},{"type":"Feature","properties":{"nr":null},"geometry":{"type":"Polygon","coordinates":[[[26.729115,47.755431],[26.728894,47.755585],[26.729207,47.755805],[26.729422,47.755646],[26.729115,47.755431]]]}},{"type":"Feature","properties":{"nr":null},"geometry":{"type":"Polygon","coordinates":[[[26.729699,47.755447],[26.729396,47.755234],[26.729115,47.755431],[26.729422,47.755646],[26.729699,47.755447]]]}},{"type":"Feature","properties":{"nr":null},"geometry":{"type":"Polygon","coordinates":[[[26.751627,47.776065],[26.746113,47.772667],[26.746083,47.772689],[26.751592,47.776085],[26.751627,47.776065]]]}},{"type":"Feature","properties":{"nr":null},"geometry":{"type":"Polygon","coordinates":[[[26.735707,47.773019],[26.735754,47.772987],[26.728776,47.768428],[26.728728,47.768459],[26.735707,47.773019]]]}},{"type":"Feature","properties":{"nr":null},"geometry":{"type":"Polygon","coordinates":[[[26.723349,47.75985],[26.722948,47.759584],[26.722828,47.759666],[26.723226,47.759932],[26.723349,47.75985]]]}},{"type":"Feature","properties":{"nr":null},"geometry":{"type":"Polygon","coordinates":[[[26.731995,47.753274],[26.732228,47.7532],[26.731498,47.752534],[26.731294,47.752646],[26.731715,47.752999],[26.73172,47.753012],[26.731995,47.753274]]]}},{"type":"Feature","properties":{"nr":null},"geometry":{"type":"Polygon","coordinates":[[[26.706227,47.796543],[26.710298,47.801233],[26.710478,47.801146],[26.706405,47.796453],[26.706227,47.796543]]]}},{"type":"Feature","properties":{"nr":null},"geometry":{"type":"Polygon","coordinates":[[[26.712488,47.76724],[26.713332,47.767711],[26.713479,47.767611],[26.712636,47.767139],[26.712488,47.76724]]]}},{"type":"Feature","properties":{"nr":null},"geometry":{"type":"Polygon","coordinates":[[[26.713332,47.767711],[26.716883,47.769696],[26.717029,47.769594],[26.713479,47.767611],[26.713332,47.767711]]]}},{"type":"Feature","properties":{"nr":null},"geometry":{"type":"Polygon","coordinates":[[[26.751592,47.776085],[26.746083,47.772689],[26.745952,47.772789],[26.751426,47.776163],[26.751485,47.776147],[26.751592,47.776085]]]}},{"type":"Feature","properties":{"nr":null},"geometry":{"type":"Polygon","coordinates":[[[26.728179,47.768819],[26.735172,47.773343],[26.735226,47.773311],[26.728229,47.768784],[26.728179,47.768819]]]}},{"type":"Feature","properties":{"nr":null},"geometry":{"type":"Polygon","coordinates":[[[26.717088,47.776258],[26.712218,47.773038],[26.712051,47.773163],[26.716915,47.776385],[26.717088,47.776258]]]}},{"type":"Feature","properties":{"nr":null},"geometry":{"type":"Polygon","coordinates":[[[26.737941,47.753568],[26.737921,47.753591],[26.73932,47.754638],[26.739349,47.754622],[26.737941,47.753568]]]}},{"type":"Feature","properties":{"nr":null},"geometry":{"type":"Polygon","coordinates":[[[26.717524,47.757195],[26.717132,47.756918],[26.717084,47.756947],[26.71748,47.757227],[26.717524,47.757195]]]}},{"type":"Feature","properties":{"nr":null},"geometry":{"type":"Polygon","coordinates":[[[26.70191,47.766159],[26.703762,47.767172],[26.703856,47.767035],[26.702047,47.766048],[26.70191,47.766159]]]}},{"type":"Feature","properties":{"nr":null},"geometry":{"type":"Polygon","coordinates":[[[26.717602,47.767552],[26.717673,47.767506],[26.717683,47.767444],[26.717616,47.767478],[26.717294,47.767257],[26.716709,47.766905],[26.716229,47.7666],[26.716089,47.766519],[26.715909,47.766449],[26.715845,47.766415],[26.71499,47.765743],[26.714914,47.765777],[26.715243,47.766021],[26.715239,47.766024],[26.715778,47.76645],[26.715907,47.766515],[26.716012,47.766557],[26.716157,47.766643],[26.716648,47.766956],[26.717246,47.767301],[26.717536,47.767493],[26.717602,47.767552]]]}},{"type":"Feature","properties":{"nr":null},"geometry":{"type":"Polygon","coordinates":[[[26.696042,47.802502],[26.696119,47.802757],[26.697454,47.801816],[26.700738,47.799785],[26.700737,47.799674],[26.700705,47.799557],[26.696042,47.802502]]]}},{"type":"Feature","properties":{"nr":null},"geometry":{"type":"Polygon","coordinates":[[[26.730879,47.767035],[26.730713,47.767144],[26.737252,47.771432],[26.737402,47.771312],[26.730879,47.767035]]]}},{"type":"Feature","properties":{"nr":null},"geometry":{"type":"Polygon","coordinates":[[[26.745159,47.766698],[26.750015,47.769692],[26.750041,47.769672],[26.745194,47.766684],[26.745159,47.766698]]]}},{"type":"Feature","properties":{"nr":null},"geometry":{"type":"Polygon","coordinates":[[[26.739246,47.76126],[26.739211,47.76129],[26.746139,47.765154],[26.746176,47.765125],[26.739246,47.76126]]]}},{"type":"Feature","properties":{"nr":null},"geometry":{"type":"Polygon","coordinates":[[[26.737885,47.800924],[26.737956,47.801199],[26.742927,47.799956],[26.742916,47.799936],[26.743092,47.799831],[26.742974,47.799651],[26.737885,47.800924]]]}},{"type":"Feature","properties":{"nr":null},"geometry":{"type":"Polygon","coordinates":[[[26.714547,47.761366],[26.714297,47.76154],[26.714829,47.761888],[26.715071,47.761718],[26.715128,47.761688],[26.714907,47.761548],[26.714846,47.761584],[26.714547,47.761366]]]}},{"type":"Feature","properties":{"nr":null},"geometry":{"type":"Polygon","coordinates":[[[26.724738,47.753164],[26.724784,47.753317],[26.727233,47.752143],[26.72726,47.751954],[26.724738,47.753164]]]}},{"type":"Feature","properties":{"nr":null},"geometry":{"type":"Polygon","coordinates":[[[26.702383,47.778204],[26.702264,47.778119],[26.705772,47.775854],[26.705627,47.775746],[26.701806,47.778214],[26.701882,47.778518],[26.702383,47.778204]]]}},{"type":"Feature","properties":{"nr":null},"geometry":{"type":"Polygon","coordinates":[[[26.733815,47.765026],[26.733901,47.764969],[26.728825,47.761905],[26.728737,47.761961],[26.733815,47.765026]]]}},{"type":"Feature","properties":{"nr":null},"geometry":{"type":"Polygon","coordinates":[[[26.706177,47.767064],[26.70599,47.766955],[26.705799,47.767091],[26.705794,47.76715],[26.705906,47.767259],[26.706177,47.767064]]]}},{"type":"Feature","properties":{"nr":null},"geometry":{"type":"Polygon","coordinates":[[[26.723349,47.759852],[26.723506,47.759742],[26.722866,47.759316],[26.722703,47.759421],[26.723349,47.759852]]]}},{"type":"Feature","properties":{"nr":null},"geometry":{"type":"Polygon","coordinates":[[[26.728176,47.753664],[26.72828,47.753548],[26.727931,47.753283],[26.727746,47.753373],[26.728011,47.753571],[26.728176,47.753664]]]}},{"type":"Feature","properties":{"nr":null},"geometry":{"type":"Polygon","coordinates":[[[26.723887,47.771763],[26.73076,47.776004],[26.730902,47.775898],[26.724032,47.771662],[26.723887,47.771763]]]}},{"type":"Feature","properties":{"nr":null},"geometry":{"type":"Polygon","coordinates":[[[26.737956,47.801199],[26.73823,47.802266],[26.73866,47.802092],[26.739302,47.801858],[26.739528,47.801753],[26.739869,47.801519],[26.740022,47.801398],[26.740182,47.801238],[26.740243,47.801157],[26.740309,47.801099],[26.740436,47.801014],[26.7406,47.800929],[26.74097,47.80076],[26.741387,47.800587],[26.74185,47.800423],[26.741969,47.800374],[26.742234,47.800231],[26.742634,47.800106],[26.74297,47.800029],[26.742927,47.799956],[26.737956,47.801199]]]}},{"type":"Feature","properties":{"nr":null},"geometry":{"type":"Polygon","coordinates":[[[26.72953,47.75766],[26.730168,47.758098],[26.730379,47.757953],[26.72974,47.757515],[26.72953,47.75766]]]}},{"type":"Feature","properties":{"nr":null},"geometry":{"type":"Polygon","coordinates":[[[26.737449,47.755796],[26.737994,47.756144],[26.738302,47.755865],[26.739064,47.755411],[26.739178,47.755318],[26.739635,47.754901],[26.739193,47.754618],[26.738197,47.755297],[26.737449,47.755796]]]}},{"type":"Feature","properties":{"nr":null},"geometry":{"type":"Polygon","coordinates":[[[26.733696,47.751217],[26.73384,47.751146],[26.732829,47.750155],[26.732678,47.750218],[26.733696,47.751217]]]}},{"type":"Feature","properties":{"nr":null},"geometry":{"type":"Polygon","coordinates":[[[26.705304,47.769183],[26.704652,47.76972],[26.704887,47.769857],[26.705569,47.769329],[26.705304,47.769183]]]}},{"type":"Feature","properties":{"nr":null},"geometry":{"type":"Polygon","coordinates":[[[26.724001,47.754467],[26.724429,47.75473],[26.724519,47.754663],[26.724805,47.754821],[26.724973,47.75494],[26.724991,47.754928],[26.724111,47.754387],[26.724001,47.754467]]]}},{"type":"Feature","properties":{"nr":null},"geometry":{"type":"Polygon","coordinates":[[[26.720036,47.756101],[26.720398,47.756412],[26.720716,47.756192],[26.720383,47.755897],[26.719915,47.755544],[26.71961,47.755775],[26.720036,47.756101]]]}},{"type":"Feature","properties":{"nr":null},"geometry":{"type":"Polygon","coordinates":[[[26.72174,47.764558],[26.721239,47.7642],[26.721045,47.764333],[26.721654,47.764768],[26.721852,47.764631],[26.72174,47.764558]]]}},{"type":"Feature","properties":{"nr":null},"geometry":{"type":"Polygon","coordinates":[[[26.736631,47.754747],[26.733789,47.752793],[26.733683,47.752831],[26.736555,47.754806],[26.736631,47.754747]]]}},{"type":"Feature","properties":{"nr":null},"geometry":{"type":"Polygon","coordinates":[[[26.704793,47.770043],[26.705651,47.769374],[26.706031,47.76905],[26.706025,47.769046],[26.70749,47.767931],[26.707687,47.767789],[26.706924,47.767342],[26.706835,47.767353],[26.706414,47.767105],[26.706173,47.767278],[26.70653,47.767495],[26.704826,47.76882],[26.705661,47.769248],[26.705569,47.769329],[26.704713,47.769997],[26.704793,47.770043]]]}},{"type":"Feature","properties":{"nr":null},"geometry":{"type":"Polygon","coordinates":[[[26.706048,47.796639],[26.705858,47.796724],[26.709875,47.801352],[26.710089,47.801296],[26.706048,47.796639]]]}},{"type":"Feature","properties":{"nr":null},"geometry":{"type":"Polygon","coordinates":[[[26.700005,47.7711],[26.706407,47.774706],[26.706647,47.774557],[26.700283,47.770978],[26.700005,47.7711]]]}},{"type":"Feature","properties":{"nr":null},"geometry":{"type":"Polygon","coordinates":[[[26.723937,47.755653],[26.724241,47.755442],[26.723087,47.754699],[26.722765,47.7549],[26.723187,47.755181],[26.723937,47.755653]]]}},{"type":"Feature","properties":{"nr":null},"geometry":{"type":"Polygon","coordinates":[[[26.734033,47.767303],[26.733779,47.767263],[26.738965,47.770663],[26.739058,47.770598],[26.734033,47.767303]]]}},{"type":"Feature","properties":{"nr":null},"geometry":{"type":"Polygon","coordinates":[[[26.721144,47.763389],[26.721274,47.763483],[26.72144,47.763378],[26.721305,47.763279],[26.721144,47.763389]]]}},{"type":"Feature","properties":{"nr":null},"geometry":{"type":"Polygon","coordinates":[[[26.7251,47.753787],[26.725109,47.753795],[26.72514,47.753779],[26.725177,47.753811],[26.725145,47.753828],[26.725346,47.753969],[26.726117,47.753559],[26.727313,47.752971],[26.727727,47.752778],[26.727588,47.752639],[26.7251,47.753787]]]}},{"type":"Feature","properties":{"nr":null},"geometry":{"type":"Polygon","coordinates":[[[26.710972,47.762653],[26.711033,47.762624],[26.710814,47.762441],[26.710723,47.762346],[26.710014,47.761824],[26.709976,47.761873],[26.710761,47.762541],[26.710972,47.762653]]]}},{"type":"Feature","properties":{"nr":null},"geometry":{"type":"Polygon","coordinates":[[[26.726694,47.759603],[26.727359,47.760039],[26.727523,47.759931],[26.726865,47.759499],[26.726694,47.759603]]]}},{"type":"Feature","properties":{"nr":null},"geometry":{"type":"Polygon","coordinates":[[[26.725056,47.755365],[26.725157,47.755307],[26.724915,47.755133],[26.72482,47.755203],[26.725056,47.755365]]]}},{"type":"Feature","properties":{"nr":null},"geometry":{"type":"Polygon","coordinates":[[[26.724288,47.754256],[26.724233,47.754303],[26.72512,47.754848],[26.725186,47.754808],[26.724288,47.754256]]]}},{"type":"Feature","properties":{"nr":null},"geometry":{"type":"Polygon","coordinates":[[[26.721587,47.76495],[26.721421,47.765065],[26.72264,47.765887],[26.722807,47.765778],[26.721587,47.76495]]]}},{"type":"Feature","properties":{"nr":null},"geometry":{"type":"Polygon","coordinates":[[[26.721752,47.764841],[26.721587,47.76495],[26.722807,47.765778],[26.722971,47.765669],[26.721752,47.764841]]]}},{"type":"Feature","properties":{"nr":null},"geometry":{"type":"Polygon","coordinates":[[[26.71563,47.770803],[26.720418,47.774029],[26.720506,47.773971],[26.715707,47.770738],[26.71563,47.770803]]]}},{"type":"Feature","properties":{"nr":null},"geometry":{"type":"Polygon","coordinates":[[[26.725149,47.75543],[26.725248,47.755374],[26.725157,47.755307],[26.725056,47.755365],[26.725149,47.75543]]]}},{"type":"Feature","properties":{"nr":null},"geometry":{"type":"Polygon","coordinates":[[[26.725057,47.754888],[26.724173,47.754345],[26.724111,47.754387],[26.724991,47.754928],[26.725057,47.754888]]]}},{"type":"Feature","properties":{"nr":null},"geometry":{"type":"Polygon","coordinates":[[[26.707264,47.795762],[26.707074,47.795916],[26.711187,47.800758],[26.711393,47.800622],[26.707264,47.795762]]]}},{"type":"Feature","properties":{"nr":null},"geometry":{"type":"Polygon","coordinates":[[[26.720826,47.765458],[26.722049,47.766274],[26.722304,47.766103],[26.721077,47.765287],[26.720826,47.765458]]]}},{"type":"Feature","properties":{"nr":null},"geometry":{"type":"Polygon","coordinates":[[[26.697556,47.760325],[26.698834,47.759741],[26.698905,47.759694],[26.699074,47.7595],[26.699175,47.759364],[26.699534,47.759059],[26.699643,47.759009],[26.699877,47.758941],[26.700097,47.75891],[26.701177,47.758724],[26.701493,47.75866],[26.702018,47.758589],[26.702614,47.75857],[26.703084,47.758575],[26.703954,47.758545],[26.704299,47.7585],[26.704673,47.758483],[26.705236,47.758487],[26.705685,47.758472],[26.706321,47.758344],[26.708056,47.757866],[26.708715,47.757745],[26.71001,47.757581],[26.710354,47.757457],[26.711134,47.757035],[26.711528,47.756851],[26.711934,47.756638],[26.712377,47.756283],[26.713663,47.755591],[26.714349,47.755238],[26.714743,47.755051],[26.715149,47.754872],[26.715598,47.754718],[26.715947,47.754631],[26.717367,47.754549],[26.717946,47.754455],[26.718687,47.754289],[26.71904,47.754224],[26.719314,47.754238],[26.719579,47.754273],[26.719664,47.754222],[26.718996,47.754183],[26.718683,47.754242],[26.717947,47.7544],[26.71737,47.754496],[26.715967,47.754577],[26.715572,47.75468],[26.715123,47.754831],[26.715035,47.754883],[26.714805,47.754997],[26.714712,47.755028],[26.714426,47.755162],[26.714215,47.755245],[26.713621,47.755556],[26.712326,47.756254],[26.71187,47.756608],[26.710419,47.757383],[26.710111,47.7575],[26.709937,47.757547],[26.708662,47.757705],[26.708004,47.757828],[26.70713,47.758079],[26.706271,47.75831],[26.705753,47.758423],[26.704663,47.758454],[26.704227,47.758474],[26.703613,47.75852],[26.703347,47.758529],[26.702597,47.758525],[26.701982,47.758546],[26.70116,47.758668],[26.700682,47.758768],[26.700455,47.758805],[26.700047,47.758855],[26.699832,47.75889],[26.699661,47.758936],[26.699468,47.75903],[26.699167,47.759265],[26.699073,47.759346],[26.699003,47.759419],[26.698918,47.759547],[26.698787,47.759684],[26.697872,47.760116],[26.697601,47.760222],[26.697006,47.760485],[26.697059,47.760561],[26.697556,47.760325]]]}},{"type":"Feature","properties":{"nr":null},"geometry":{"type":"Polygon","coordinates":[[[26.720739,47.763669],[26.720306,47.763963],[26.720945,47.764401],[26.721365,47.764114],[26.720739,47.763669]]]}},{"type":"Feature","properties":{"nr":null},"geometry":{"type":"Polygon","coordinates":[[[26.701508,47.770243],[26.701646,47.770151],[26.695453,47.765552],[26.69531,47.76564],[26.701508,47.770243]]]}},{"type":"Feature","properties":{"nr":null},"geometry":{"type":"Polygon","coordinates":[[[26.723074,47.756256],[26.723323,47.756087],[26.722698,47.755674],[26.72243,47.755831],[26.723074,47.756256]]]}},{"type":"Feature","properties":{"nr":null},"geometry":{"type":"Polygon","coordinates":[[[26.733788,47.752793],[26.736556,47.754695],[26.736674,47.754637],[26.733933,47.752754],[26.733788,47.752793]]]}},{"type":"Feature","properties":{"nr":null},"geometry":{"type":"Polygon","coordinates":[[[26.704458,47.769877],[26.704698,47.770007],[26.704887,47.769857],[26.704651,47.769719],[26.704458,47.769877]]]}},{"type":"Feature","properties":{"nr":null},"geometry":{"type":"Polygon","coordinates":[[[26.720071,47.767706],[26.720759,47.768164],[26.721049,47.767937],[26.720398,47.76749],[26.720071,47.767706]]]}},{"type":"Feature","properties":{"nr":null},"geometry":{"type":"Polygon","coordinates":[[[26.720398,47.76749],[26.721049,47.767937],[26.721256,47.767776],[26.720882,47.767528],[26.720714,47.767643],[26.720444,47.767457],[26.720398,47.76749]]]}},{"type":"Feature","properties":{"nr":null},"geometry":{"type":"Polygon","coordinates":[[[26.720444,47.767457],[26.720714,47.767643],[26.720882,47.767528],[26.72061,47.767347],[26.720444,47.767457]]]}},{"type":"Feature","properties":{"nr":null},"geometry":{"type":"Polygon","coordinates":[[[26.69905,47.79853],[26.699146,47.798464],[26.699586,47.798377],[26.699667,47.798205],[26.69992,47.797997],[26.700161,47.79788],[26.700478,47.797689],[26.700776,47.797454],[26.70072,47.797448],[26.700605,47.797454],[26.700519,47.797349],[26.700567,47.797256],[26.70114,47.796942],[26.701107,47.796897],[26.701184,47.79637],[26.700947,47.79649],[26.700854,47.796705],[26.700475,47.797002],[26.699807,47.797348],[26.699313,47.797583],[26.69912,47.79761],[26.6991,47.797675],[26.698898,47.797762],[26.698269,47.798],[26.698045,47.798036],[26.69769,47.798026],[26.697225,47.797976],[26.696966,47.797973],[26.695926,47.798049],[26.696413,47.798081],[26.69669,47.79812],[26.696942,47.798175],[26.69771,47.798282],[26.69838,47.798406],[26.698598,47.798267],[26.698486,47.798139],[26.699107,47.797895],[26.69922,47.798026],[26.698599,47.798268],[26.698382,47.798406],[26.69905,47.79853]]]}},{"type":"Feature","properties":{"nr":null},"geometry":{"type":"Polygon","coordinates":[[[26.72512,47.754848],[26.724233,47.754303],[26.724173,47.754345],[26.725057,47.754888],[26.72512,47.754848]]]}},{"type":"Feature","properties":{"nr":null},"geometry":{"type":"Polygon","coordinates":[[[26.721263,47.760537],[26.721421,47.760639],[26.721982,47.760249],[26.721821,47.760144],[26.721263,47.760537]]]}},{"type":"Feature","properties":{"nr":null},"geometry":{"type":"Polygon","coordinates":[[[26.741107,47.769163],[26.741648,47.769489],[26.741923,47.769282],[26.741382,47.768956],[26.741107,47.769163]]]}},{"type":"Feature","properties":{"nr":null},"geometry":{"type":"Polygon","coordinates":[[[26.72721,47.762958],[26.727676,47.763254],[26.728716,47.763954],[26.728942,47.763791],[26.727436,47.762807],[26.72721,47.762958]]]}},{"type":"Feature","properties":{"nr":null},"geometry":{"type":"Polygon","coordinates":[[[26.725183,47.760639],[26.725528,47.760896],[26.725783,47.760714],[26.725436,47.76047],[26.725183,47.760639]]]}},{"type":"Feature","properties":{"nr":null},"geometry":{"type":"Polygon","coordinates":[[[26.725,47.755081],[26.725628,47.75552],[26.725923,47.755313],[26.725299,47.75488],[26.725,47.755081]]]}},{"type":"Feature","properties":{"nr":null},"geometry":{"type":"Polygon","coordinates":[[[26.732905,47.756941],[26.733234,47.756714],[26.732701,47.756367],[26.732374,47.756595],[26.732905,47.756941]]]}},{"type":"Feature","properties":{"nr":null},"geometry":{"type":"Polygon","coordinates":[[[26.721633,47.759104],[26.721013,47.758686],[26.72091,47.758748],[26.72069,47.758905],[26.72131,47.759329],[26.721633,47.759104]]]}},{"type":"Feature","properties":{"nr":null},"geometry":{"type":"Polygon","coordinates":[[[26.737265,47.793882],[26.73712,47.79439],[26.737563,47.794469],[26.738051,47.794591],[26.738686,47.794713],[26.738466,47.795423],[26.738878,47.795481],[26.739175,47.795477],[26.739458,47.794562],[26.739059,47.794535],[26.738734,47.794469],[26.738388,47.794357],[26.737265,47.793882]]]}},{"type":"Feature","properties":{"nr":null},"geometry":{"type":"Polygon","coordinates":[[[26.70548,47.765303],[26.705604,47.765215],[26.703926,47.764366],[26.703823,47.764465],[26.70548,47.765303]]]}},{"type":"Feature","properties":{"nr":null},"geometry":{"type":"Polygon","coordinates":[[[26.726985,47.76311],[26.727538,47.763464],[26.727572,47.763436],[26.728558,47.764069],[26.728716,47.763954],[26.727676,47.763254],[26.72721,47.762958],[26.726985,47.76311]]]}},{"type":"Feature","properties":{"nr":null},"geometry":{"type":"Polygon","coordinates":[[[26.704141,47.789592],[26.703744,47.789214],[26.703007,47.788613],[26.702067,47.787993],[26.701585,47.787698],[26.701294,47.787497],[26.701129,47.787338],[26.701049,47.787221],[26.700982,47.787055],[26.700068,47.787034],[26.699841,47.787583],[26.699496,47.788082],[26.699427,47.788766],[26.699179,47.78949],[26.698686,47.791269],[26.698226,47.792559],[26.700005,47.79274],[26.700781,47.792617],[26.701154,47.792468],[26.70166,47.792047],[26.702964,47.792171],[26.703819,47.792302],[26.704313,47.792231],[26.704741,47.792304],[26.70477,47.792463],[26.703949,47.79265],[26.703907,47.792842],[26.704289,47.792947],[26.705202,47.79267],[26.705904,47.792361],[26.706844,47.792369],[26.707536,47.792649],[26.70754,47.792701],[26.707693,47.792695],[26.707628,47.792637],[26.70757,47.792634],[26.707526,47.792556],[26.707479,47.792515],[26.707306,47.792405],[26.70701,47.792245],[26.706451,47.792034],[26.706186,47.791904],[26.706068,47.791795],[26.705774,47.791364],[26.705292,47.790756],[26.704541,47.790052],[26.704335,47.789829],[26.704141,47.789592]]]}},{"type":"Feature","properties":{"nr":null},"geometry":{"type":"Polygon","coordinates":[[[26.710906,47.762683],[26.710972,47.762653],[26.710761,47.762541],[26.710008,47.761901],[26.709933,47.76196],[26.710433,47.762346],[26.71061,47.762498],[26.710906,47.762683]]]}},{"type":"Feature","properties":{"nr":null},"geometry":{"type":"Polygon","coordinates":[[[26.73118,47.757357],[26.731771,47.757728],[26.731896,47.757635],[26.731307,47.757264],[26.73118,47.757357]]]}},{"type":"Feature","properties":{"nr":null},"geometry":{"type":"Polygon","coordinates":[[[26.701542,47.798945],[26.702023,47.798602],[26.702577,47.798326],[26.70251,47.798093],[26.702594,47.797868],[26.702686,47.797749],[26.702169,47.798323],[26.701542,47.798945]]]}},{"type":"Feature","properties":{"nr":null},"geometry":{"type":"Polygon","coordinates":[[[26.724851,47.753431],[26.724906,47.753525],[26.727348,47.752399],[26.727266,47.752317],[26.724851,47.753431]]]}},{"type":"Feature","properties":{"nr":null},"geometry":{"type":"Polygon","coordinates":[[[26.704315,47.768544],[26.704826,47.76882],[26.705483,47.768309],[26.705024,47.768061],[26.704315,47.768544]]]}},{"type":"Feature","properties":{"nr":null},"geometry":{"type":"Polygon","coordinates":[[[26.705483,47.768309],[26.70653,47.767495],[26.706173,47.767278],[26.705024,47.768061],[26.705483,47.768309]]]}},{"type":"Feature","properties":{"nr":null},"geometry":{"type":"Polygon","coordinates":[[[26.724915,47.755133],[26.725541,47.755581],[26.725628,47.75552],[26.725,47.755081],[26.724915,47.755133]]]}},{"type":"Feature","properties":{"nr":null},"geometry":{"type":"Polygon","coordinates":[[[26.704083,47.776146],[26.69725,47.772295],[26.697073,47.77237],[26.703932,47.776236],[26.704083,47.776146]]]}},{"type":"Feature","properties":{"nr":null},"geometry":{"type":"Polygon","coordinates":[[[26.725752,47.762966],[26.725612,47.762858],[26.725335,47.76303],[26.725118,47.763154],[26.725273,47.763255],[26.725752,47.762966]]]}},{"type":"Feature","properties":{"nr":null},"geometry":{"type":"Polygon","coordinates":[[[26.724906,47.753525],[26.724964,47.753616],[26.727428,47.752479],[26.727348,47.752399],[26.724906,47.753525]]]}},{"type":"Feature","properties":{"nr":null},"geometry":{"type":"Polygon","coordinates":[[[26.711554,47.762979],[26.711403,47.763072],[26.711243,47.763188],[26.710743,47.763512],[26.710944,47.763733],[26.711198,47.763546],[26.711615,47.763276],[26.711817,47.763108],[26.711554,47.762979]]]}},{"type":"Feature","properties":{"nr":null},"geometry":{"type":"Polygon","coordinates":[[[26.703782,47.764444],[26.703892,47.764343],[26.701606,47.763187],[26.701615,47.763209],[26.701602,47.763341],[26.703782,47.764444]]]}},{"type":"Feature","properties":{"nr":null},"geometry":{"type":"Polygon","coordinates":[[[26.724065,47.75761],[26.724368,47.757816],[26.724529,47.757695],[26.724228,47.757499],[26.724065,47.75761]]]}},{"type":"Feature","properties":{"nr":null},"geometry":{"type":"Polygon","coordinates":[[[26.723862,47.757751],[26.724098,47.757895],[26.724516,47.758168],[26.724879,47.757921],[26.724529,47.757695],[26.724368,47.757816],[26.724065,47.75761],[26.723862,47.757751]]]}},{"type":"Feature","properties":{"nr":null},"geometry":{"type":"Polygon","coordinates":[[[26.724964,47.753616],[26.725052,47.753741],[26.7251,47.753787],[26.727588,47.752639],[26.727428,47.752479],[26.724964,47.753616]]]}},{"type":"Feature","properties":{"nr":null},"geometry":{"type":"Polygon","coordinates":[[[26.71853,47.759496],[26.719146,47.759923],[26.719387,47.759765],[26.718964,47.759472],[26.718885,47.759523],[26.718693,47.75939],[26.71853,47.759496]]]}},{"type":"Feature","properties":{"nr":null},"geometry":{"type":"Polygon","coordinates":[[[26.729972,47.760967],[26.729295,47.760525],[26.729183,47.760602],[26.728617,47.760255],[26.728502,47.760361],[26.729046,47.760696],[26.729,47.760728],[26.729686,47.761175],[26.729972,47.760967]]]}},{"type":"Feature","properties":{"nr":null},"geometry":{"type":"Polygon","coordinates":[[[26.718693,47.75939],[26.718885,47.759523],[26.718964,47.759472],[26.719408,47.75978],[26.719626,47.759638],[26.719067,47.759268],[26.718944,47.759359],[26.718988,47.759405],[26.71883,47.759477],[26.718791,47.759438],[26.718848,47.759413],[26.718841,47.759405],[26.718909,47.759366],[26.718821,47.759306],[26.718693,47.75939]]]}},{"type":"Feature","properties":{"nr":null},"geometry":{"type":"Polygon","coordinates":[[[26.720741,47.764539],[26.720098,47.764102],[26.719787,47.764311],[26.720427,47.764747],[26.720741,47.764539]]]}},{"type":"Feature","properties":{"nr":null},"geometry":{"type":"Polygon","coordinates":[[[26.744336,47.774003],[26.750623,47.777878],[26.750849,47.777711],[26.744567,47.773839],[26.744336,47.774003]]]}},{"type":"Feature","properties":{"nr":null},"geometry":{"type":"Polygon","coordinates":[[[26.707628,47.792637],[26.707578,47.792542],[26.707522,47.792493],[26.707341,47.792378],[26.707046,47.792218],[26.706732,47.792004],[26.706359,47.791787],[26.706271,47.79171],[26.706212,47.791629],[26.70621,47.791517],[26.706243,47.791468],[26.70645,47.79133],[26.706474,47.791251],[26.706459,47.791126],[26.70642,47.791027],[26.705992,47.790701],[26.705475,47.790321],[26.704887,47.789997],[26.704769,47.78994],[26.704703,47.78988],[26.704641,47.789798],[26.704586,47.789676],[26.704541,47.789513],[26.704494,47.789388],[26.704431,47.789278],[26.704349,47.789179],[26.70408,47.78891],[26.703963,47.788821],[26.703841,47.788747],[26.703354,47.788523],[26.703267,47.788471],[26.70307,47.788337],[26.702861,47.788162],[26.702583,47.787973],[26.702335,47.787825],[26.701658,47.787467],[26.701406,47.787362],[26.701269,47.787298],[26.70119,47.78725],[26.701124,47.787183],[26.701049,47.78708],[26.701017,47.787008],[26.701,47.786934],[26.70098,47.786654],[26.700985,47.786335],[26.70099,47.786203],[26.701012,47.786086],[26.701051,47.785956],[26.701146,47.785702],[26.701348,47.785311],[26.701439,47.785099],[26.701595,47.784771],[26.701929,47.784194],[26.702319,47.783403],[26.702445,47.783018],[26.702496,47.78275],[26.702517,47.782541],[26.702524,47.78231],[26.70251,47.782019],[26.702484,47.781824],[26.702419,47.781456],[26.702309,47.780904],[26.70222,47.780662],[26.702087,47.78044],[26.702038,47.780324],[26.70202,47.780242],[26.701766,47.778278],[26.701719,47.778025],[26.701643,47.777751],[26.701616,47.777695],[26.701589,47.77766],[26.701463,47.777564],[26.701358,47.777494],[26.701238,47.777427],[26.700533,47.777034],[26.698872,47.776135],[26.697716,47.775499],[26.694621,47.773769],[26.694437,47.773646],[26.694396,47.773667],[26.694388,47.773673],[26.694585,47.773796],[26.697682,47.775526],[26.698839,47.776163],[26.700502,47.777062],[26.701322,47.777521],[26.701543,47.777679],[26.701591,47.777761],[26.701666,47.77803],[26.701713,47.778283],[26.701967,47.780247],[26.701986,47.780332],[26.702036,47.780451],[26.702169,47.780674],[26.702256,47.78091],[26.702366,47.781461],[26.702431,47.781828],[26.702457,47.782021],[26.702471,47.782311],[26.702464,47.782539],[26.702443,47.782747],[26.702392,47.783013],[26.702268,47.783393],[26.701879,47.784182],[26.701544,47.784759],[26.701297,47.7853],[26.701095,47.785692],[26.700999,47.785948],[26.700959,47.78608],[26.700937,47.7862],[26.700932,47.786334],[26.700927,47.786655],[26.700947,47.786937],[26.700965,47.787016],[26.700999,47.787093],[26.701077,47.787201],[26.70115,47.787273],[26.701236,47.787326],[26.701376,47.787392],[26.701627,47.787496],[26.702301,47.787853],[26.702546,47.787999],[26.702821,47.788186],[26.70303,47.788361],[26.70323,47.788497],[26.703321,47.788551],[26.703808,47.788775],[26.703925,47.788846],[26.704038,47.788932],[26.704304,47.789198],[26.704383,47.789293],[26.704444,47.789399],[26.704489,47.789521],[26.704534,47.789685],[26.704591,47.789811],[26.704657,47.789899],[26.704731,47.789966],[26.704854,47.790026],[26.705438,47.790347],[26.706372,47.791044],[26.706406,47.791132],[26.70642,47.791249],[26.706401,47.791313],[26.706198,47.791447],[26.706157,47.791508],[26.706153,47.791576],[26.70616,47.791639],[26.706225,47.791729],[26.70632,47.791812],[26.706695,47.79203],[26.70701,47.792245],[26.707306,47.792405],[26.707479,47.792515],[26.707526,47.792556],[26.70757,47.792634],[26.707628,47.792637]]]}},{"type":"Feature","properties":{"nr":null},"geometry":{"type":"Polygon","coordinates":[[[26.732191,47.766092],[26.731969,47.766222],[26.733418,47.767175],[26.733925,47.767232],[26.732191,47.766092]]]}},{"type":"Feature","properties":{"nr":null},"geometry":{"type":"Polygon","coordinates":[[[26.721623,47.761018],[26.720734,47.760443],[26.720186,47.760817],[26.721044,47.761402],[26.721623,47.761018]]]}},{"type":"Feature","properties":{"nr":null},"geometry":{"type":"Polygon","coordinates":[[[26.724679,47.755302],[26.725299,47.75574],[26.725541,47.755581],[26.725248,47.755374],[26.725149,47.75543],[26.72482,47.755203],[26.724679,47.755302]]]}},{"type":"Feature","properties":{"nr":null},"geometry":{"type":"Polygon","coordinates":[[[26.727732,47.758174],[26.728199,47.758463],[26.728785,47.75805],[26.728453,47.757846],[26.72811,47.75762],[26.72751,47.758027],[26.727732,47.758174]]]}},{"type":"Feature","properties":{"nr":null},"geometry":{"type":"Polygon","coordinates":[[[26.725819,47.756428],[26.725643,47.756546],[26.726287,47.756983],[26.726455,47.756862],[26.725819,47.756428]]]}},{"type":"Feature","properties":{"nr":null},"geometry":{"type":"Polygon","coordinates":[[[26.728348,47.76864],[26.72485,47.766386],[26.724834,47.766398],[26.728331,47.768651],[26.728348,47.76864]]]}},{"type":"Feature","properties":{"nr":null},"geometry":{"type":"Polygon","coordinates":[[[26.729023,47.761772],[26.734102,47.764837],[26.734234,47.764752],[26.729152,47.761684],[26.729023,47.761772]]]}},{"type":"Feature","properties":{"nr":null},"geometry":{"type":"Polygon","coordinates":[[[26.744733,47.773719],[26.749635,47.77674],[26.749764,47.776688],[26.744829,47.773646],[26.744733,47.773719]]]}},{"type":"Feature","properties":{"nr":null},"geometry":{"type":"Polygon","coordinates":[[[26.731016,47.775826],[26.724137,47.771584],[26.724093,47.771617],[26.730967,47.775857],[26.731016,47.775826]]]}},{"type":"Feature","properties":{"nr":null},"geometry":{"type":"Polygon","coordinates":[[[26.716375,47.770266],[26.716261,47.770345],[26.721167,47.773534],[26.721282,47.773457],[26.716375,47.770266]]]}},{"type":"Feature","properties":{"nr":null},"geometry":{"type":"Polygon","coordinates":[[[26.728662,47.768501],[26.735643,47.773062],[26.735707,47.773019],[26.728728,47.768459],[26.728662,47.768501]]]}},{"type":"Feature","properties":{"nr":null},"geometry":{"type":"Polygon","coordinates":[[[26.742028,47.794648],[26.741283,47.797056],[26.742397,47.796318],[26.742882,47.794752],[26.742615,47.794682],[26.742028,47.794648]]]}},{"type":"Feature","properties":{"nr":null},"geometry":{"type":"Polygon","coordinates":[[[26.724865,47.766374],[26.72485,47.766386],[26.728348,47.76864],[26.728365,47.768628],[26.724865,47.766374]]]}},{"type":"Feature","properties":{"nr":null},"geometry":{"type":"Polygon","coordinates":[[[26.716488,47.770188],[26.716375,47.770266],[26.721282,47.773457],[26.721397,47.773379],[26.716488,47.770188]]]}},{"type":"Feature","properties":{"nr":null},"geometry":{"type":"Polygon","coordinates":[[[26.718746,47.764845],[26.718094,47.764417],[26.717797,47.764637],[26.718426,47.765057],[26.718746,47.764845]]]}},{"type":"Feature","properties":{"nr":null},"geometry":{"type":"Polygon","coordinates":[[[26.71471,47.754156],[26.71335,47.752474],[26.713128,47.752623],[26.71459,47.754433],[26.71471,47.754156]]]}},{"type":"Feature","properties":{"nr":null},"geometry":{"type":"Polygon","coordinates":[[[26.741127,47.7946],[26.74106,47.794814],[26.741145,47.79482],[26.74126,47.794603],[26.741127,47.7946]]]}},{"type":"Feature","properties":{"nr":null},"geometry":{"type":"Polygon","coordinates":[[[26.720926,47.759759],[26.720719,47.759901],[26.721159,47.760187],[26.721361,47.760048],[26.720926,47.759759]]]}},{"type":"Feature","properties":{"nr":null},"geometry":{"type":"Polygon","coordinates":[[[26.729023,47.761772],[26.728924,47.761838],[26.734002,47.764903],[26.734102,47.764837],[26.729023,47.761772]]]}},{"type":"Feature","properties":{"nr":null},"geometry":{"type":"Polygon","coordinates":[[[26.720563,47.756373],[26.721057,47.756733],[26.721178,47.756654],[26.720685,47.756293],[26.720563,47.756373]]]}},{"type":"Feature","properties":{"nr":null},"geometry":{"type":"Polygon","coordinates":[[[26.733933,47.752754],[26.736739,47.754682],[26.736916,47.754496],[26.734264,47.752673],[26.733933,47.752754]]]}},{"type":"Feature","properties":{"nr":null},"geometry":{"type":"Polygon","coordinates":[[[26.739325,47.795474],[26.738512,47.798099],[26.739177,47.797945],[26.740219,47.794578],[26.739973,47.794573],[26.739703,47.795445],[26.739325,47.795474]]]}},{"type":"Feature","properties":{"nr":null},"geometry":{"type":"Polygon","coordinates":[[[26.722864,47.759315],[26.723506,47.759742],[26.723666,47.759633],[26.723027,47.759209],[26.722864,47.759315]]]}},{"type":"Feature","properties":{"nr":null},"geometry":{"type":"Polygon","coordinates":[[[26.704205,47.757157],[26.704302,47.757433],[26.704641,47.757405],[26.704544,47.757131],[26.704205,47.757157]]]}},{"type":"Feature","properties":{"nr":null},"geometry":{"type":"Polygon","coordinates":[[[26.716261,47.770345],[26.716147,47.770423],[26.721051,47.773612],[26.721167,47.773534],[26.716261,47.770345]]]}},{"type":"Feature","properties":{"nr":null},"geometry":{"type":"Polygon","coordinates":[[[26.702917,47.769316],[26.702997,47.769253],[26.702703,47.768942],[26.701213,47.767264],[26.700869,47.766914],[26.700592,47.766717],[26.700164,47.76649],[26.702917,47.769316]]]}},{"type":"Feature","properties":{"nr":null},"geometry":{"type":"Polygon","coordinates":[[[26.722728,47.76474],[26.722869,47.764633],[26.722472,47.764362],[26.722311,47.764469],[26.722728,47.76474]]]}},{"type":"Feature","properties":{"nr":null},"geometry":{"type":"Polygon","coordinates":[[[26.723851,47.765721],[26.723746,47.765802],[26.72476,47.766456],[26.724865,47.766374],[26.723851,47.765721]]]}},{"type":"Feature","properties":{"nr":null},"geometry":{"type":"Polygon","coordinates":[[[26.741434,47.776062],[26.741583,47.775956],[26.74077,47.775455],[26.740621,47.775561],[26.741434,47.776062]]]}},{"type":"Feature","properties":{"nr":null},"geometry":{"type":"Polygon","coordinates":[[[26.71796,47.769051],[26.717876,47.769098],[26.722877,47.772401],[26.722949,47.772346],[26.71796,47.769051]]]}},{"type":"Feature","properties":{"nr":null},"geometry":{"type":"Polygon","coordinates":[[[26.708963,47.794078],[26.708252,47.794236],[26.708313,47.79435],[26.70859,47.794757],[26.708841,47.795097],[26.709021,47.794999],[26.709286,47.794883],[26.710016,47.794607],[26.709805,47.7941],[26.709717,47.794061],[26.708963,47.794078]]]}},{"type":"Feature","properties":{"nr":null},"geometry":{"type":"Polygon","coordinates":[[[26.724749,47.753232],[26.724757,47.753267],[26.724851,47.753431],[26.727266,47.752317],[26.727215,47.752267],[26.727242,47.752082],[26.724749,47.753232]]]}},{"type":"Feature","properties":{"nr":null},"geometry":{"type":"Polygon","coordinates":[[[26.72476,47.766456],[26.723746,47.765802],[26.723636,47.765887],[26.724659,47.766534],[26.72476,47.766456]]]}},{"type":"Feature","properties":{"nr":null},"geometry":{"type":"Polygon","coordinates":[[[26.716015,47.75674],[26.716412,47.757086],[26.71664,47.757002],[26.716204,47.756622],[26.716015,47.75674]]]}},{"type":"Feature","properties":{"nr":null},"geometry":{"type":"Polygon","coordinates":[[[26.721582,47.773252],[26.721673,47.773193],[26.716639,47.76992],[26.716554,47.769983],[26.721582,47.773252]]]}},{"type":"Feature","properties":{"nr":null},"geometry":{"type":"Polygon","coordinates":[[[26.722939,47.772408],[26.729737,47.776683],[26.729772,47.776662],[26.722972,47.772385],[26.722939,47.772408]]]}},{"type":"Feature","properties":{"nr":null},"geometry":{"type":"Polygon","coordinates":[[[26.724922,47.762692],[26.72465,47.762852],[26.724678,47.762865],[26.724664,47.762874],[26.724676,47.762884],[26.725116,47.763152],[26.725612,47.762858],[26.725527,47.762792],[26.72533,47.762914],[26.725153,47.762842],[26.724922,47.762692]]]}},{"type":"Feature","properties":{"nr":null},"geometry":{"type":"Polygon","coordinates":[[[26.716742,47.757091],[26.71664,47.757002],[26.716412,47.757086],[26.716514,47.757175],[26.716742,47.757091]]]}},{"type":"Feature","properties":{"nr":null},"geometry":{"type":"Polygon","coordinates":[[[26.730744,47.760455],[26.729366,47.75962],[26.729244,47.759726],[26.73059,47.760542],[26.730744,47.760455]]]}},{"type":"Feature","properties":{"nr":null},"geometry":{"type":"Polygon","coordinates":[[[26.715874,47.756334],[26.715684,47.756452],[26.716015,47.75674],[26.716204,47.756622],[26.715874,47.756334]]]}},{"type":"Feature","properties":{"nr":null},"geometry":{"type":"Polygon","coordinates":[[[26.73418,47.773948],[26.72715,47.769507],[26.726966,47.769629],[26.733991,47.774067],[26.73418,47.773948]]]}},{"type":"Feature","properties":{"nr":null},"geometry":{"type":"Polygon","coordinates":[[[26.74126,47.759862],[26.743686,47.761299],[26.743811,47.761219],[26.741392,47.759778],[26.74126,47.759862]]]}},{"type":"Feature","properties":{"nr":null},"geometry":{"type":"Polygon","coordinates":[[[26.722626,47.764261],[26.722473,47.764363],[26.722926,47.764672],[26.723227,47.764864],[26.723384,47.764758],[26.722626,47.764261]]]}},{"type":"Feature","properties":{"nr":null},"geometry":{"type":"Polygon","coordinates":[[[26.71332,47.766257],[26.713562,47.766043],[26.713625,47.765931],[26.713481,47.765913],[26.713187,47.766179],[26.71332,47.766257]]]}},{"type":"Feature","properties":{"nr":null},"geometry":{"type":"Polygon","coordinates":[[[26.713625,47.765931],[26.713562,47.766043],[26.713224,47.766342],[26.71321,47.766374],[26.713757,47.76672],[26.714147,47.766067],[26.714125,47.765971],[26.713793,47.765953],[26.713625,47.765931]]]}},{"type":"Feature","properties":{"nr":null},"geometry":{"type":"Polygon","coordinates":[[[26.727833,47.754211],[26.727854,47.754105],[26.727934,47.753984],[26.7274,47.753581],[26.727136,47.75374],[26.727833,47.754211]]]}},{"type":"Feature","properties":{"nr":null},"geometry":{"type":"Polygon","coordinates":[[[26.71875,47.764847],[26.719095,47.76461],[26.718442,47.764173],[26.718381,47.764206],[26.718095,47.764418],[26.71875,47.764847]]]}},{"type":"Feature","properties":{"nr":null},"geometry":{"type":"Polygon","coordinates":[[[26.727261,47.751954],[26.727151,47.752011],[26.725833,47.752619],[26.724734,47.753143],[26.724749,47.753232],[26.727242,47.752082],[26.727261,47.751954]]]}},{"type":"Feature","properties":{"nr":null},"geometry":{"type":"Polygon","coordinates":[[[26.70206,47.769877],[26.702136,47.769827],[26.696639,47.76564],[26.696431,47.765589],[26.70206,47.769877]]]}},{"type":"Feature","properties":{"nr":null},"geometry":{"type":"Polygon","coordinates":[[[26.724001,47.754467],[26.723887,47.754555],[26.724105,47.75469],[26.724581,47.754958],[26.72477,47.755077],[26.724973,47.75494],[26.724805,47.754821],[26.724519,47.754663],[26.724429,47.75473],[26.724001,47.754467]]]}},{"type":"Feature","properties":{"nr":null},"geometry":{"type":"Polygon","coordinates":[[[26.747096,47.771918],[26.747312,47.771753],[26.743162,47.769194],[26.742889,47.769324],[26.747096,47.771918]]]}},{"type":"Feature","properties":{"nr":null},"geometry":{"type":"Polygon","coordinates":[[[26.727573,47.754035],[26.726524,47.75477],[26.726665,47.754863],[26.727714,47.754131],[26.727573,47.754035]]]}},{"type":"Feature","properties":{"nr":null},"geometry":{"type":"Polygon","coordinates":[[[26.719348,47.764441],[26.718688,47.763998],[26.718442,47.764173],[26.719095,47.76461],[26.719348,47.764441]]]}},{"type":"Feature","properties":{"nr":null},"geometry":{"type":"Polygon","coordinates":[[[26.713825,47.799617],[26.71389,47.799594],[26.712911,47.798118],[26.711791,47.796775],[26.709902,47.794701],[26.709841,47.794726],[26.711731,47.796799],[26.712847,47.798139],[26.713825,47.799617]]]}},{"type":"Feature","properties":{"nr":null},"geometry":{"type":"Polygon","coordinates":[[[26.734541,47.750955],[26.736034,47.752069],[26.73641,47.751961],[26.737116,47.751684],[26.737556,47.751655],[26.737838,47.751538],[26.737714,47.751498],[26.737617,47.751443],[26.736113,47.750067],[26.734541,47.750955]]]}},{"type":"Feature","properties":{"nr":null},"geometry":{"type":"Polygon","coordinates":[[[26.70192,47.76997],[26.696065,47.765511],[26.695833,47.765467],[26.695696,47.765425],[26.695653,47.765455],[26.701739,47.77009],[26.70192,47.76997]]]}},{"type":"Feature","properties":{"nr":null},"geometry":{"type":"Polygon","coordinates":[[[26.724036,47.782706],[26.724194,47.782268],[26.723535,47.782179],[26.72337,47.782646],[26.724036,47.782706]]]}},{"type":"Feature","properties":{"nr":null},"geometry":{"type":"Polygon","coordinates":[[[26.722789,47.758483],[26.722375,47.758767],[26.723023,47.75921],[26.723433,47.758936],[26.722789,47.758483]]]}},{"type":"Feature","properties":{"nr":null},"geometry":{"type":"Polygon","coordinates":[[[26.722992,47.758344],[26.722789,47.758483],[26.723433,47.758936],[26.723634,47.758798],[26.723025,47.758374],[26.722992,47.758344]]]}},{"type":"Feature","properties":{"nr":null},"geometry":{"type":"Polygon","coordinates":[[[26.716365,47.753117],[26.71651,47.751358],[26.716259,47.751313],[26.716112,47.753107],[26.716365,47.753117]]]}},{"type":"Feature","properties":{"nr":null},"geometry":{"type":"Polygon","coordinates":[[[26.722863,47.7826],[26.722976,47.78261],[26.722937,47.782578],[26.72272,47.782096],[26.722746,47.782071],[26.722618,47.782054],[26.722863,47.7826]]]}},{"type":"Feature","properties":{"nr":null},"geometry":{"type":"Polygon","coordinates":[[[26.72665,47.765215],[26.726713,47.765165],[26.725259,47.764228],[26.725122,47.764323],[26.725427,47.764525],[26.725442,47.764516],[26.725581,47.764622],[26.72588,47.764822],[26.725962,47.764772],[26.72665,47.765215]]]}},{"type":"Feature","properties":{"nr":null},"geometry":{"type":"Polygon","coordinates":[[[26.721994,47.780782],[26.722052,47.780869],[26.722115,47.780992],[26.722975,47.780386],[26.722757,47.780243],[26.721994,47.780782]]]}},{"type":"Feature","properties":{"nr":null},"geometry":{"type":"Polygon","coordinates":[[[26.718664,47.775312],[26.718644,47.775325],[26.725175,47.779529],[26.725197,47.779517],[26.718664,47.775312]]]}},{"type":"Feature","properties":{"nr":null},"geometry":{"type":"Polygon","coordinates":[[[26.706067,47.764892],[26.706116,47.764852],[26.701075,47.762253],[26.701035,47.762297],[26.706067,47.764892]]]}},{"type":"Feature","properties":{"nr":null},"geometry":{"type":"Polygon","coordinates":[[[26.721213,47.766829],[26.720804,47.766565],[26.720562,47.766734],[26.72097,47.76699],[26.721213,47.766829]]]}},{"type":"Feature","properties":{"nr":null},"geometry":{"type":"Polygon","coordinates":[[[26.732473,47.759422],[26.732451,47.759437],[26.737433,47.762576],[26.737454,47.76256],[26.732473,47.759422]]]}},{"type":"Feature","properties":{"nr":null},"geometry":{"type":"Polygon","coordinates":[[[26.726606,47.763723],[26.727027,47.763984],[26.727224,47.763873],[26.726786,47.7636],[26.726606,47.763723]]]}},{"type":"Feature","properties":{"nr":null},"geometry":{"type":"Polygon","coordinates":[[[26.72638,47.759823],[26.72618,47.759959],[26.726817,47.760396],[26.727032,47.760251],[26.72638,47.759823]]]}},{"type":"Feature","properties":{"nr":null},"geometry":{"type":"Polygon","coordinates":[[[26.721719,47.756289],[26.72235,47.756733],[26.722395,47.756703],[26.722263,47.756602],[26.722451,47.756498],[26.72196,47.756145],[26.721719,47.756289]]]}},{"type":"Feature","properties":{"nr":null},"geometry":{"type":"Polygon","coordinates":[[[26.706002,47.776022],[26.710277,47.773271],[26.70985,47.773026],[26.705595,47.775722],[26.706002,47.776022]]]}},{"type":"Feature","properties":{"nr":null},"geometry":{"type":"Polygon","coordinates":[[[26.721456,47.756473],[26.722094,47.756906],[26.72235,47.756733],[26.721719,47.756289],[26.721456,47.756473]]]}},{"type":"Feature","properties":{"nr":null},"geometry":{"type":"Polygon","coordinates":[[[26.73003,47.753143],[26.730668,47.752964],[26.729974,47.753072],[26.73003,47.753143]]]}},{"type":"Feature","properties":{"nr":null},"geometry":{"type":"Polygon","coordinates":[[[26.720685,47.756293],[26.721178,47.756654],[26.721322,47.75656],[26.720829,47.756206],[26.720685,47.756293]]]}},{"type":"Feature","properties":{"nr":null},"geometry":{"type":"Polygon","coordinates":[[[26.737559,47.762485],[26.732582,47.759348],[26.732473,47.759422],[26.737454,47.76256],[26.737559,47.762485]]]}},{"type":"Feature","properties":{"nr":null},"geometry":{"type":"Polygon","coordinates":[[[26.727209,47.7649],[26.727116,47.764962],[26.730583,47.767164],[26.730676,47.767101],[26.727209,47.7649]]]}},{"type":"Feature","properties":{"nr":null},"geometry":{"type":"Polygon","coordinates":[[[26.721135,47.755997],[26.721649,47.756334],[26.721873,47.756194],[26.721357,47.755854],[26.721135,47.755997]]]}},{"type":"Feature","properties":{"nr":null},"geometry":{"type":"Polygon","coordinates":[[[26.733779,47.767263],[26.733594,47.767239],[26.739127,47.770866],[26.739204,47.77082],[26.733779,47.767263]]]}},{"type":"Feature","properties":{"nr":null},"geometry":{"type":"Polygon","coordinates":[[[26.723072,47.77231],[26.729848,47.77659],[26.729896,47.776559],[26.723121,47.772279],[26.723072,47.77231]]]}},{"type":"Feature","properties":{"nr":null},"geometry":{"type":"Polygon","coordinates":[[[26.73577,47.79676],[26.735793,47.796671],[26.73163,47.795813],[26.731566,47.795893],[26.73577,47.79676]]]}},{"type":"Feature","properties":{"nr":null},"geometry":{"type":"Polygon","coordinates":[[[26.734017,47.752695],[26.734557,47.752588],[26.733468,47.751533],[26.733285,47.751628],[26.733054,47.751761],[26.734017,47.752695]]]}},{"type":"Feature","properties":{"nr":null},"geometry":{"type":"Polygon","coordinates":[[[26.735992,47.788535],[26.736169,47.791229],[26.736212,47.791775],[26.736332,47.792541],[26.739414,47.792496],[26.73983,47.791848],[26.73924,47.791147],[26.738677,47.788601],[26.735992,47.788535]]]}},{"type":"Feature","properties":{"nr":null},"geometry":{"type":"Polygon","coordinates":[[[26.726731,47.75858],[26.727342,47.759023],[26.72754,47.758909],[26.726918,47.758458],[26.726731,47.75858]]]}},{"type":"Feature","properties":{"nr":null},"geometry":{"type":"Polygon","coordinates":[[[26.725301,47.783717],[26.725322,47.782969],[26.722838,47.782702],[26.723,47.783024],[26.723218,47.783529],[26.723378,47.783835],[26.72342,47.7839],[26.723513,47.783974],[26.723618,47.78404],[26.723755,47.784092],[26.723977,47.784137],[26.725125,47.784281],[26.725167,47.784094],[26.725461,47.784156],[26.725845,47.784196],[26.725845,47.784093],[26.725023,47.78398],[26.725018,47.783973],[26.72503,47.783698],[26.725301,47.783717]]]}},{"type":"Feature","properties":{"nr":null},"geometry":{"type":"Polygon","coordinates":[[[26.725126,47.782857],[26.722863,47.782614],[26.722814,47.782655],[26.722838,47.782702],[26.725322,47.782969],[26.725323,47.782937],[26.725106,47.782922],[26.725126,47.782857]]]}},{"type":"Feature","properties":{"nr":null},"geometry":{"type":"Polygon","coordinates":[[[26.716857,47.757085],[26.716457,47.757328],[26.716881,47.757642],[26.717266,47.757374],[26.716857,47.757085]]]}},{"type":"Feature","properties":{"nr":null},"geometry":{"type":"Polygon","coordinates":[[[26.717084,47.756947],[26.716857,47.757085],[26.717266,47.757374],[26.71748,47.757227],[26.717084,47.756947]]]}},{"type":"Feature","properties":{"nr":null},"geometry":{"type":"Polygon","coordinates":[[[26.725035,47.759725],[26.724367,47.759298],[26.724064,47.759505],[26.724735,47.759933],[26.725035,47.759725]]]}},{"type":"Feature","properties":{"nr":null},"geometry":{"type":"Polygon","coordinates":[[[26.714257,47.776458],[26.714741,47.776146],[26.71457,47.776014],[26.714077,47.776331],[26.714257,47.776458]]]}},{"type":"Feature","properties":{"nr":null},"geometry":{"type":"Polygon","coordinates":[[[26.720063,47.759749],[26.720473,47.759474],[26.720165,47.759269],[26.719766,47.759546],[26.720063,47.759749]]]}},{"type":"Feature","properties":{"nr":null},"geometry":{"type":"Polygon","coordinates":[[[26.738177,47.771021],[26.732101,47.767043],[26.731798,47.767002],[26.738097,47.771126],[26.738177,47.771021]]]}},{"type":"Feature","properties":{"nr":null},"geometry":{"type":"Polygon","coordinates":[[[26.711084,47.758428],[26.710912,47.758508],[26.712382,47.759855],[26.712537,47.759758],[26.711084,47.758428]]]}},{"type":"Feature","properties":{"nr":null},"geometry":{"type":"Polygon","coordinates":[[[26.736195,47.772697],[26.729198,47.768151],[26.729126,47.76819],[26.736133,47.772742],[26.736195,47.772697]]]}},{"type":"Feature","properties":{"nr":null},"geometry":{"type":"Polygon","coordinates":[[[26.71312,47.765712],[26.713184,47.765568],[26.713162,47.765511],[26.713096,47.765445],[26.713018,47.765405],[26.712897,47.765369],[26.712858,47.765349],[26.712617,47.76563],[26.71312,47.765712]]]}},{"type":"Feature","properties":{"nr":null},"geometry":{"type":"Polygon","coordinates":[[[26.699817,47.771181],[26.706252,47.774805],[26.70633,47.774756],[26.699911,47.771141],[26.699817,47.771181]]]}},{"type":"Feature","properties":{"nr":null},"geometry":{"type":"Polygon","coordinates":[[[26.70633,47.774756],[26.706407,47.774706],[26.700005,47.7711],[26.699911,47.771141],[26.70633,47.774756]]]}},{"type":"Feature","properties":{"nr":null},"geometry":{"type":"Polygon","coordinates":[[[26.701374,47.79587],[26.701578,47.795876],[26.701653,47.795812],[26.701922,47.795476],[26.701951,47.795404],[26.701944,47.795372],[26.701899,47.795356],[26.70137,47.795354],[26.701374,47.79587]]]}},{"type":"Feature","properties":{"nr":null},"geometry":{"type":"Polygon","coordinates":[[[26.723149,47.772201],[26.720671,47.770564],[26.720471,47.77071],[26.722949,47.772346],[26.723149,47.772201]]]}},{"type":"Feature","properties":{"nr":null},"geometry":{"type":"Polygon","coordinates":[[[26.720471,47.77071],[26.720671,47.770564],[26.718197,47.768931],[26.71799,47.769071],[26.720471,47.77071]]]}},{"type":"Feature","properties":{"nr":null},"geometry":{"type":"Polygon","coordinates":[[[26.731476,47.766549],[26.732149,47.766989],[26.732527,47.767044],[26.731618,47.766449],[26.731476,47.766549]]]}},{"type":"Feature","properties":{"nr":null},"geometry":{"type":"Polygon","coordinates":[[[26.703797,47.776316],[26.697032,47.772388],[26.696856,47.772463],[26.703651,47.776408],[26.703797,47.776316]]]}},{"type":"Feature","properties":{"nr":null},"geometry":{"type":"Polygon","coordinates":[[[26.702771,47.758572],[26.703798,47.760765],[26.703945,47.760741],[26.702931,47.758573],[26.702771,47.758572]]]}},{"type":"Feature","properties":{"nr":null},"geometry":{"type":"Polygon","coordinates":[[[26.726579,47.76529],[26.72667,47.765228],[26.725962,47.764772],[26.725876,47.764825],[26.726579,47.76529]]]}},{"type":"Feature","properties":{"nr":null},"geometry":{"type":"Polygon","coordinates":[[[26.727947,47.758632],[26.727516,47.758363],[26.727433,47.758423],[26.727205,47.758279],[26.726939,47.758472],[26.727346,47.758761],[26.72754,47.758909],[26.727947,47.758632]]]}},{"type":"Feature","properties":{"nr":null},"geometry":{"type":"Polygon","coordinates":[[[26.725296,47.764433],[26.72512,47.764322],[26.724985,47.76442],[26.725317,47.764639],[26.725454,47.764545],[26.725296,47.764433]]]}},{"type":"Feature","properties":{"nr":null},"geometry":{"type":"Polygon","coordinates":[[[26.741864,47.757022],[26.739202,47.755356],[26.739025,47.755488],[26.738691,47.755688],[26.741548,47.757475],[26.741625,47.75741],[26.741864,47.757022]]]}},{"type":"Feature","properties":{"nr":null},"geometry":{"type":"Polygon","coordinates":[[[26.7025,47.760554],[26.701584,47.758648],[26.701511,47.758658],[26.702436,47.760579],[26.703001,47.76101],[26.703042,47.760966],[26.7025,47.760554]]]}},{"type":"Feature","properties":{"nr":null},"geometry":{"type":"Polygon","coordinates":[[[26.731513,47.775483],[26.729486,47.774268],[26.729232,47.774285],[26.731379,47.775572],[26.731513,47.775483]]]}},{"type":"Feature","properties":{"nr":null},"geometry":{"type":"Polygon","coordinates":[[[26.742669,47.769482],[26.746883,47.77208],[26.746927,47.772046],[26.742708,47.769445],[26.742669,47.769482]]]}},{"type":"Feature","properties":{"nr":null},"geometry":{"type":"Polygon","coordinates":[[[26.741896,47.769934],[26.740901,47.769334],[26.740861,47.769355],[26.741864,47.769959],[26.741896,47.769934]]]}},{"type":"Feature","properties":{"nr":null},"geometry":{"type":"Polygon","coordinates":[[[26.705315,47.775621],[26.709614,47.772897],[26.70945,47.772809],[26.709167,47.773016],[26.70839,47.77352],[26.706999,47.774382],[26.705958,47.775039],[26.705164,47.775526],[26.705315,47.775621]]]}},{"type":"Feature","properties":{"nr":null},"geometry":{"type":"Polygon","coordinates":[[[26.721488,47.758358],[26.721158,47.758154],[26.72083,47.757939],[26.720593,47.758098],[26.720763,47.758237],[26.720872,47.758177],[26.721318,47.758476],[26.721488,47.758358]]]}},{"type":"Feature","properties":{"nr":null},"geometry":{"type":"Polygon","coordinates":[[[26.705389,47.775667],[26.709693,47.77294],[26.709614,47.772897],[26.705315,47.775621],[26.705389,47.775667]]]}},{"type":"Feature","properties":{"nr":null},"geometry":{"type":"Polygon","coordinates":[[[26.733438,47.765291],[26.733358,47.765338],[26.736854,47.767439],[26.736979,47.767422],[26.733438,47.765291]]]}},{"type":"Feature","properties":{"nr":null},"geometry":{"type":"Polygon","coordinates":[[[26.705536,47.775759],[26.70985,47.773026],[26.709771,47.772983],[26.705462,47.775713],[26.705536,47.775759]]]}},{"type":"Feature","properties":{"nr":null},"geometry":{"type":"Polygon","coordinates":[[[26.727735,47.755972],[26.728139,47.75623],[26.72809,47.756265],[26.72819,47.756328],[26.728239,47.756293],[26.728391,47.75639],[26.728578,47.756259],[26.728457,47.756164],[26.727945,47.755822],[26.727735,47.755972]]]}},{"type":"Feature","properties":{"nr":null},"geometry":{"type":"Polygon","coordinates":[[[26.726008,47.765679],[26.725909,47.765754],[26.729333,47.768007],[26.72944,47.767938],[26.726008,47.765679]]]}},{"type":"Feature","properties":{"nr":null},"geometry":{"type":"Polygon","coordinates":[[[26.701556,47.758589],[26.70121,47.757746],[26.701145,47.757759],[26.701491,47.758602],[26.701556,47.758589]]]}},{"type":"Feature","properties":{"nr":null},"geometry":{"type":"Polygon","coordinates":[[[26.705462,47.775713],[26.709771,47.772983],[26.709693,47.77294],[26.705389,47.775667],[26.705462,47.775713]]]}},{"type":"Feature","properties":{"nr":null},"geometry":{"type":"Polygon","coordinates":[[[26.741548,47.757475],[26.738691,47.755688],[26.738447,47.755841],[26.737949,47.756301],[26.737506,47.756726],[26.737088,47.757012],[26.736415,47.75742],[26.736044,47.757748],[26.735594,47.758093],[26.735041,47.758423],[26.734673,47.758675],[26.734737,47.758733],[26.735401,47.759109],[26.735902,47.759287],[26.736856,47.759485],[26.737066,47.759517],[26.737307,47.759516],[26.737543,47.759481],[26.737692,47.75944],[26.737849,47.759375],[26.73804,47.759258],[26.738292,47.759075],[26.738471,47.758956],[26.738697,47.758836],[26.739338,47.758568],[26.739484,47.758535],[26.739834,47.758503],[26.739986,47.75846],[26.740141,47.758392],[26.740394,47.758175],[26.741001,47.757871],[26.741187,47.757754],[26.741548,47.757475]]]}},{"type":"Feature","properties":{"nr":null},"geometry":{"type":"Polygon","coordinates":[[[26.743995,47.766253],[26.73797,47.762316],[26.737911,47.762349],[26.743902,47.766263],[26.743995,47.766253]]]}},{"type":"Feature","properties":{"nr":null},"geometry":{"type":"Polygon","coordinates":[[[26.707822,47.757183],[26.708366,47.757188],[26.707863,47.756042],[26.707345,47.756098],[26.707822,47.757183]]]}},{"type":"Feature","properties":{"nr":null},"geometry":{"type":"Polygon","coordinates":[[[26.734773,47.755607],[26.735527,47.755101],[26.734692,47.754516],[26.733946,47.755016],[26.734773,47.755607]]]}},{"type":"Feature","properties":{"nr":null},"geometry":{"type":"Polygon","coordinates":[[[26.742088,47.756658],[26.739593,47.755096],[26.739534,47.75511],[26.739202,47.755356],[26.741864,47.757022],[26.742088,47.756658]]]}},{"type":"Feature","properties":{"nr":null},"geometry":{"type":"Polygon","coordinates":[[[26.696119,47.802757],[26.696249,47.803309],[26.696358,47.803687],[26.696421,47.804152],[26.69665,47.804883],[26.696795,47.805225],[26.698109,47.804469],[26.698341,47.804768],[26.698543,47.805105],[26.698552,47.805243],[26.69839,47.80547],[26.697917,47.806629],[26.69811,47.806922],[26.697995,47.807125],[26.697804,47.807314],[26.698039,47.807535],[26.698276,47.807724],[26.698512,47.807616],[26.698749,47.807703],[26.699036,47.808018],[26.699689,47.807765],[26.699885,47.807701],[26.700289,47.807513],[26.702518,47.806577],[26.703519,47.806137],[26.703769,47.806036],[26.704459,47.805796],[26.7047,47.805681],[26.705192,47.805394],[26.705503,47.805265],[26.70457,47.803423],[26.704213,47.802417],[26.703574,47.800933],[26.703176,47.799984],[26.702968,47.799566],[26.702483,47.798373],[26.702023,47.798602],[26.701542,47.798945],[26.701137,47.799049],[26.70045,47.7991],[26.700564,47.799195],[26.700676,47.799444],[26.700737,47.799674],[26.700738,47.799785],[26.697454,47.801816],[26.696119,47.802757]]]}},{"type":"Feature","properties":{"nr":null},"geometry":{"type":"Polygon","coordinates":[[[26.723471,47.75785],[26.722859,47.757412],[26.722635,47.757563],[26.72314,47.757943],[26.72322,47.758013],[26.723471,47.75785]]]}},{"type":"Feature","properties":{"nr":null},"geometry":{"type":"Polygon","coordinates":[[[26.70572,47.766745],[26.706215,47.767038],[26.706724,47.766689],[26.706197,47.76637],[26.70572,47.766745]]]}},{"type":"Feature","properties":{"nr":null},"geometry":{"type":"Polygon","coordinates":[[[26.705684,47.766773],[26.706177,47.767064],[26.706215,47.767038],[26.70572,47.766745],[26.705684,47.766773]]]}},{"type":"Feature","properties":{"nr":null},"geometry":{"type":"Polygon","coordinates":[[[26.737039,47.76745],[26.736902,47.767468],[26.739771,47.769369],[26.739852,47.769313],[26.737039,47.76745]]]}},{"type":"Feature","properties":{"nr":null},"geometry":{"type":"Polygon","coordinates":[[[26.724122,47.761186],[26.724444,47.76097],[26.723834,47.760568],[26.723519,47.760779],[26.723838,47.760986],[26.724122,47.761186]]]}},{"type":"Feature","properties":{"nr":null},"geometry":{"type":"Polygon","coordinates":[[[26.69958,47.774044],[26.699404,47.774119],[26.703506,47.7765],[26.703651,47.776408],[26.69958,47.774044]]]}},{"type":"Feature","properties":{"nr":null},"geometry":{"type":"Polygon","coordinates":[[[26.737467,47.799303],[26.737501,47.799426],[26.742074,47.798282],[26.742,47.798169],[26.737467,47.799303]]]}},{"type":"Feature","properties":{"nr":null},"geometry":{"type":"Polygon","coordinates":[[[26.702348,47.760625],[26.701406,47.758678],[26.701373,47.758685],[26.702316,47.760637],[26.702919,47.761096],[26.70294,47.761075],[26.702348,47.760625]]]}},{"type":"Feature","properties":{"nr":null},"geometry":{"type":"Polygon","coordinates":[[[26.702536,47.765555],[26.70266,47.765436],[26.700876,47.764551],[26.70082,47.764705],[26.702536,47.765555]]]}},{"type":"Feature","properties":{"nr":null},"geometry":{"type":"Polygon","coordinates":[[[26.702694,47.765453],[26.702568,47.765574],[26.70365,47.766112],[26.703728,47.765965],[26.702694,47.765453]]]}},{"type":"Feature","properties":{"nr":null},"geometry":{"type":"Polygon","coordinates":[[[26.715915,47.758365],[26.715467,47.758206],[26.715364,47.758313],[26.715855,47.758441],[26.715915,47.758365]]]}},{"type":"Feature","properties":{"nr":null},"geometry":{"type":"Polygon","coordinates":[[[26.72909,47.777091],[26.722331,47.772823],[26.722318,47.772832],[26.729076,47.7771],[26.72909,47.777091]]]}},{"type":"Feature","properties":{"nr":null},"geometry":{"type":"Polygon","coordinates":[[[26.709112,47.757541],[26.70862,47.75761],[26.708662,47.757705],[26.709157,47.757643],[26.709112,47.757541]]]}},{"type":"Feature","properties":{"nr":null},"geometry":{"type":"Polygon","coordinates":[[[26.701491,47.758602],[26.701145,47.757759],[26.701079,47.757771],[26.701426,47.758614],[26.701491,47.758602]]]}},{"type":"Feature","properties":{"nr":null},"geometry":{"type":"Polygon","coordinates":[[[26.702091,47.757349],[26.702597,47.758525],[26.702744,47.758527],[26.702232,47.757337],[26.702091,47.757349]]]}},{"type":"Feature","properties":{"nr":null},"geometry":{"type":"Polygon","coordinates":[[[26.701426,47.758614],[26.701079,47.757771],[26.701047,47.757778],[26.701393,47.75862],[26.701426,47.758614]]]}},{"type":"Feature","properties":{"nr":null},"geometry":{"type":"Polygon","coordinates":[[[26.709929,47.758729],[26.709176,47.757688],[26.708679,47.757751],[26.709216,47.759025],[26.709348,47.758925],[26.709609,47.758802],[26.709825,47.758745],[26.709929,47.758729]]]}},{"type":"Feature","properties":{"nr":null},"geometry":{"type":"Polygon","coordinates":[[[26.720787,47.758416],[26.720459,47.758189],[26.720364,47.758254],[26.721011,47.758686],[26.721107,47.758622],[26.720787,47.758416]]]}},{"type":"Feature","properties":{"nr":null},"geometry":{"type":"Polygon","coordinates":[[[26.704353,47.765058],[26.704464,47.764956],[26.701518,47.763505],[26.701485,47.763559],[26.701432,47.76362],[26.704353,47.765058]]]}},{"type":"Feature","properties":{"nr":null},"geometry":{"type":"Polygon","coordinates":[[[26.740939,47.760025],[26.738944,47.758763],[26.738896,47.758784],[26.740898,47.76005],[26.740939,47.760025]]]}},{"type":"Feature","properties":{"nr":null},"geometry":{"type":"Polygon","coordinates":[[[26.711495,47.756223],[26.71014,47.754512],[26.709926,47.754685],[26.711275,47.756389],[26.711495,47.756223]]]}},{"type":"Feature","properties":{"nr":null},"geometry":{"type":"Polygon","coordinates":[[[26.721649,47.756334],[26.721135,47.755997],[26.720829,47.756206],[26.721322,47.75656],[26.721649,47.756334]]]}},{"type":"Feature","properties":{"nr":null},"geometry":{"type":"Polygon","coordinates":[[[26.718633,47.758146],[26.718308,47.757925],[26.718161,47.758027],[26.718429,47.758218],[26.71848,47.758246],[26.718633,47.758146]]]}},{"type":"Feature","properties":{"nr":null},"geometry":{"type":"Polygon","coordinates":[[[26.702614,47.75857],[26.70322,47.759864],[26.703384,47.759881],[26.702771,47.758572],[26.702614,47.75857]]]}},{"type":"Feature","properties":{"nr":null},"geometry":{"type":"Polygon","coordinates":[[[26.703384,47.759881],[26.70322,47.759864],[26.703652,47.760788],[26.703798,47.760765],[26.703384,47.759881]]]}},{"type":"Feature","properties":{"nr":null},"geometry":{"type":"Polygon","coordinates":[[[26.715644,47.757859],[26.714753,47.757096],[26.714702,47.757131],[26.715595,47.757896],[26.715644,47.757859]]]}},{"type":"Feature","properties":{"nr":null},"geometry":{"type":"Polygon","coordinates":[[[26.703001,47.76101],[26.702436,47.760579],[26.701511,47.758658],[26.701441,47.758671],[26.702376,47.760608],[26.702961,47.761053],[26.703001,47.76101]]]}},{"type":"Feature","properties":{"nr":null},"geometry":{"type":"Polygon","coordinates":[[[26.71856,47.757756],[26.718957,47.758026],[26.719317,47.757754],[26.719462,47.757654],[26.719077,47.7574],[26.71856,47.757756]]]}},{"type":"Feature","properties":{"nr":null},"geometry":{"type":"Polygon","coordinates":[[[26.718633,47.758146],[26.718788,47.758042],[26.718871,47.758093],[26.718957,47.758026],[26.71856,47.757756],[26.718308,47.757925],[26.718633,47.758146]]]}},{"type":"Feature","properties":{"nr":null},"geometry":{"type":"Polygon","coordinates":[[[26.701397,47.75863],[26.701047,47.757778],[26.701015,47.757784],[26.701365,47.758635],[26.701397,47.75863]]]}},{"type":"Feature","properties":{"nr":null},"geometry":{"type":"Polygon","coordinates":[[[26.714136,47.77169],[26.714195,47.771544],[26.707528,47.767908],[26.707392,47.768012],[26.714136,47.77169]]]}},{"type":"Feature","properties":{"nr":null},"geometry":{"type":"Polygon","coordinates":[[[26.724425,47.760135],[26.72412,47.759945],[26.723946,47.760062],[26.723584,47.759835],[26.723415,47.75995],[26.724083,47.760371],[26.724425,47.760135]]]}},{"type":"Feature","properties":{"nr":null},"geometry":{"type":"Polygon","coordinates":[[[26.700649,47.785068],[26.695785,47.782322],[26.695671,47.782391],[26.700558,47.785151],[26.700649,47.785068]]]}},{"type":"Feature","properties":{"nr":null},"geometry":{"type":"Polygon","coordinates":[[[26.742669,47.799187],[26.745949,47.797225],[26.745824,47.797116],[26.742582,47.799055],[26.742669,47.799187]]]}},{"type":"Feature","properties":{"nr":null},"geometry":{"type":"Polygon","coordinates":[[[26.724854,47.764408],[26.724224,47.764021],[26.724018,47.764157],[26.724641,47.764553],[26.724854,47.764408]]]}},{"type":"Feature","properties":{"nr":null},"geometry":{"type":"Polygon","coordinates":[[[26.702961,47.761053],[26.702376,47.760608],[26.701441,47.758671],[26.701406,47.758678],[26.702348,47.760625],[26.70294,47.761075],[26.702961,47.761053]]]}},{"type":"Feature","properties":{"nr":null},"geometry":{"type":"Polygon","coordinates":[[[26.730858,47.755154],[26.730561,47.755374],[26.730831,47.755522],[26.731099,47.755322],[26.730858,47.755154]]]}},{"type":"Feature","properties":{"nr":null},"geometry":{"type":"Polygon","coordinates":[[[26.719901,47.754277],[26.719667,47.754221],[26.719579,47.754273],[26.719213,47.754458],[26.718909,47.754583],[26.718433,47.754839],[26.718154,47.75494],[26.717709,47.755202],[26.717391,47.755301],[26.71685,47.755605],[26.714386,47.757266],[26.713295,47.757899],[26.713538,47.758484],[26.713612,47.758561],[26.713678,47.758616],[26.713815,47.758562],[26.713704,47.758515],[26.713635,47.758448],[26.713426,47.757937],[26.71382,47.757686],[26.714432,47.757319],[26.715313,47.756698],[26.71612,47.756145],[26.716899,47.755633],[26.717415,47.755341],[26.717761,47.755231],[26.718186,47.754969],[26.718475,47.754862],[26.718838,47.754661],[26.719249,47.754486],[26.719628,47.754293],[26.719884,47.754324],[26.720144,47.754427],[26.720256,47.754482],[26.720623,47.754694],[26.720832,47.754732],[26.72103,47.754695],[26.721446,47.754494],[26.72186,47.75434],[26.722258,47.754293],[26.722379,47.754232],[26.722639,47.754166],[26.722952,47.754109],[26.723014,47.754105],[26.723002,47.754084],[26.723438,47.754095],[26.723458,47.754112],[26.723974,47.754053],[26.724506,47.753959],[26.724982,47.7539],[26.725058,47.753914],[26.725187,47.753974],[26.725813,47.754401],[26.725909,47.754495],[26.726009,47.754439],[26.725897,47.75437],[26.72567,47.754209],[26.725602,47.754149],[26.725173,47.753847],[26.725001,47.753812],[26.724401,47.753882],[26.723633,47.754036],[26.723314,47.754044],[26.722852,47.75404],[26.722623,47.754107],[26.722043,47.754232],[26.721845,47.754283],[26.721452,47.754408],[26.721095,47.754597],[26.720965,47.754653],[26.720855,47.754669],[26.720736,47.754656],[26.720649,47.75463],[26.720152,47.754372],[26.719901,47.754277]]]}},{"type":"Feature","properties":{"nr":null},"geometry":{"type":"Polygon","coordinates":[[[26.71224,47.774485],[26.709875,47.775993],[26.710053,47.776111],[26.712416,47.774602],[26.71224,47.774485]]]}},{"type":"Feature","properties":{"nr":null},"geometry":{"type":"Polygon","coordinates":[[[26.717203,47.764014],[26.716937,47.763826],[26.716922,47.763831],[26.716548,47.763596],[26.716426,47.763687],[26.71707,47.764101],[26.717203,47.764014]]]}},{"type":"Feature","properties":{"nr":null},"geometry":{"type":"Polygon","coordinates":[[[26.701088,47.766682],[26.701582,47.766337],[26.701436,47.766235],[26.700971,47.76655],[26.701088,47.766682]]]}},{"type":"Feature","properties":{"nr":null},"geometry":{"type":"Polygon","coordinates":[[[26.702541,47.79471],[26.702482,47.794039],[26.702487,47.793894],[26.702344,47.793897],[26.702347,47.794483],[26.70234,47.79471],[26.702541,47.79471]]]}},{"type":"Feature","properties":{"nr":null},"geometry":{"type":"Polygon","coordinates":[[[26.723759,47.759717],[26.723584,47.759835],[26.723946,47.760062],[26.72412,47.759945],[26.723759,47.759717]]]}},{"type":"Feature","properties":{"nr":null},"geometry":{"type":"Polygon","coordinates":[[[26.739356,47.761124],[26.739721,47.760846],[26.737522,47.759511],[26.737335,47.759535],[26.737156,47.759539],[26.73685,47.759517],[26.737839,47.760203],[26.739356,47.761124]]]}},{"type":"Feature","properties":{"nr":null},"geometry":{"type":"Polygon","coordinates":[[[26.710449,47.756862],[26.710717,47.756733],[26.709685,47.755282],[26.709455,47.755465],[26.710449,47.756862]]]}},{"type":"Feature","properties":{"nr":null},"geometry":{"type":"Polygon","coordinates":[[[26.714126,47.776784],[26.714913,47.776278],[26.714741,47.776146],[26.713946,47.776657],[26.714126,47.776784]]]}},{"type":"Feature","properties":{"nr":null},"geometry":{"type":"Polygon","coordinates":[[[26.713879,47.776943],[26.714126,47.776784],[26.713946,47.776657],[26.713698,47.776816],[26.713879,47.776943]]]}},{"type":"Feature","properties":{"nr":null},"geometry":{"type":"Polygon","coordinates":[[[26.72423,47.764023],[26.724859,47.764405],[26.725006,47.7643],[26.724387,47.763923],[26.72423,47.764023]]]}},{"type":"Feature","properties":{"nr":null},"geometry":{"type":"Polygon","coordinates":[[[26.724387,47.763923],[26.725006,47.7643],[26.725216,47.764147],[26.724763,47.763818],[26.724664,47.763883],[26.724566,47.763809],[26.724387,47.763923]]]}},{"type":"Feature","properties":{"nr":null},"geometry":{"type":"Polygon","coordinates":[[[26.740898,47.76005],[26.738896,47.758784],[26.738669,47.758894],[26.740687,47.760176],[26.740898,47.76005]]]}},{"type":"Feature","properties":{"nr":null},"geometry":{"type":"Polygon","coordinates":[[[26.730601,47.758579],[26.730234,47.758351],[26.730296,47.758299],[26.730091,47.758163],[26.72985,47.758354],[26.730442,47.758692],[26.7305,47.758644],[26.730601,47.758579]]]}},{"type":"Feature","properties":{"nr":null},"geometry":{"type":"Polygon","coordinates":[[[26.730764,47.758473],[26.73018,47.758092],[26.730091,47.758163],[26.730296,47.758299],[26.730234,47.758351],[26.730601,47.758579],[26.730764,47.758473]]]}},{"type":"Feature","properties":{"nr":null},"geometry":{"type":"Polygon","coordinates":[[[26.729652,47.767791],[26.729803,47.767685],[26.726355,47.765444],[26.726202,47.765548],[26.729652,47.767791]]]}},{"type":"Feature","properties":{"nr":null},"geometry":{"type":"Polygon","coordinates":[[[26.711067,47.7626],[26.711314,47.762428],[26.711188,47.762321],[26.711108,47.762365],[26.711133,47.762422],[26.710977,47.76247],[26.711067,47.7626]]]}},{"type":"Feature","properties":{"nr":null},"geometry":{"type":"Polygon","coordinates":[[[26.700971,47.76655],[26.701436,47.766235],[26.701289,47.766132],[26.700855,47.76642],[26.700971,47.76655]]]}},{"type":"Feature","properties":{"nr":null},"geometry":{"type":"Polygon","coordinates":[[[26.702994,47.76109],[26.702833,47.761239],[26.705771,47.763464],[26.705904,47.763294],[26.702994,47.76109]]]}},{"type":"Feature","properties":{"nr":null},"geometry":{"type":"Polygon","coordinates":[[[26.717212,47.760209],[26.716308,47.759602],[26.716142,47.759721],[26.717029,47.760338],[26.717212,47.760209]]]}},{"type":"Feature","properties":{"nr":null},"geometry":{"type":"Polygon","coordinates":[[[26.726091,47.758132],[26.726727,47.758582],[26.726815,47.758525],[26.726175,47.758073],[26.726091,47.758132]]]}},{"type":"Feature","properties":{"nr":null},"geometry":{"type":"Polygon","coordinates":[[[26.726641,47.75864],[26.726727,47.758582],[26.726091,47.758132],[26.726005,47.758191],[26.726641,47.75864]]]}},{"type":"Feature","properties":{"nr":null},"geometry":{"type":"Polygon","coordinates":[[[26.718521,47.758901],[26.718199,47.758687],[26.71788,47.758895],[26.718198,47.759108],[26.718521,47.758901]]]}},{"type":"Feature","properties":{"nr":null},"geometry":{"type":"Polygon","coordinates":[[[26.72223,47.758867],[26.722872,47.75931],[26.722933,47.759269],[26.722266,47.758841],[26.72223,47.758867]]]}},{"type":"Feature","properties":{"nr":null},"geometry":{"type":"Polygon","coordinates":[[[26.702345,47.794175],[26.702344,47.793897],[26.70197,47.793905],[26.701979,47.794183],[26.702345,47.794175]]]}},{"type":"Feature","properties":{"nr":null},"geometry":{"type":"Polygon","coordinates":[[[26.713331,47.799771],[26.713451,47.799737],[26.709547,47.79484],[26.709435,47.794878],[26.713331,47.799771]]]}},{"type":"Feature","properties":{"nr":null},"geometry":{"type":"Polygon","coordinates":[[[26.700545,47.779273],[26.696406,47.777015],[26.69623,47.777134],[26.700363,47.779389],[26.700545,47.779273]]]}},{"type":"Feature","properties":{"nr":null},"geometry":{"type":"Polygon","coordinates":[[[26.707475,47.764873],[26.706767,47.764357],[26.706638,47.764434],[26.707511,47.76508],[26.70828,47.76563],[26.70841,47.76554],[26.708098,47.765303],[26.707475,47.764873]]]}},{"type":"Feature","properties":{"nr":null},"geometry":{"type":"Polygon","coordinates":[[[26.701638,47.795306],[26.701629,47.794778],[26.700874,47.794784],[26.700881,47.795287],[26.701372,47.795309],[26.701638,47.795306]]]}},{"type":"Feature","properties":{"nr":null},"geometry":{"type":"Polygon","coordinates":[[[26.726498,47.763836],[26.726161,47.76363],[26.726017,47.76372],[26.72636,47.763928],[26.726498,47.763836]]]}},{"type":"Feature","properties":{"nr":null},"geometry":{"type":"Polygon","coordinates":[[[26.726161,47.76363],[26.726498,47.763836],[26.726638,47.763743],[26.726308,47.763537],[26.726161,47.76363]]]}},{"type":"Feature","properties":{"nr":null},"geometry":{"type":"Polygon","coordinates":[[[26.713507,47.777182],[26.713879,47.776943],[26.713698,47.776816],[26.713327,47.777055],[26.713507,47.777182]]]}},{"type":"Feature","properties":{"nr":null},"geometry":{"type":"Polygon","coordinates":[[[26.696524,47.776934],[26.700672,47.779197],[26.700763,47.779139],[26.696613,47.776875],[26.696524,47.776934]]]}},{"type":"Feature","properties":{"nr":null},"geometry":{"type":"Polygon","coordinates":[[[26.724749,47.771166],[26.731721,47.775345],[26.731783,47.775314],[26.724803,47.77113],[26.724749,47.771166]]]}},{"type":"Feature","properties":{"nr":null},"geometry":{"type":"Polygon","coordinates":[[[26.730929,47.760479],[26.736024,47.763563],[26.736265,47.763369],[26.731191,47.760297],[26.730929,47.760479]]]}},{"type":"Feature","properties":{"nr":null},"geometry":{"type":"Polygon","coordinates":[[[26.708605,47.757612],[26.70966,47.757464],[26.709017,47.755964],[26.708897,47.755794],[26.707934,47.756046],[26.708605,47.757612]]]}},{"type":"Feature","properties":{"nr":null},"geometry":{"type":"Polygon","coordinates":[[[26.730265,47.755792],[26.730492,47.755935],[26.731197,47.755391],[26.731099,47.755322],[26.730831,47.755522],[26.730706,47.755453],[26.730265,47.755792]]]}},{"type":"Feature","properties":{"nr":null},"geometry":{"type":"Polygon","coordinates":[[[26.701969,47.794221],[26.701964,47.79471],[26.70234,47.79471],[26.702345,47.794213],[26.701969,47.794221]]]}},{"type":"Feature","properties":{"nr":null},"geometry":{"type":"Polygon","coordinates":[[[26.744916,47.773579],[26.749883,47.77664],[26.750044,47.776576],[26.745035,47.773488],[26.744916,47.773579]]]}},{"type":"Feature","properties":{"nr":null},"geometry":{"type":"Polygon","coordinates":[[[26.718048,47.758004],[26.717328,47.757401],[26.717058,47.757582],[26.717882,47.758124],[26.718048,47.758004]]]}},{"type":"Feature","properties":{"nr":null},"geometry":{"type":"Polygon","coordinates":[[[26.73214,47.764592],[26.73198,47.764696],[26.733156,47.76541],[26.733325,47.76531],[26.73214,47.764592]]]}},{"type":"Feature","properties":{"nr":null},"geometry":{"type":"Polygon","coordinates":[[[26.71685,47.755605],[26.717166,47.755427],[26.716403,47.754603],[26.715947,47.754631],[26.71685,47.755605]]]}},{"type":"Feature","properties":{"nr":null},"geometry":{"type":"Polygon","coordinates":[[[26.717328,47.757401],[26.718048,47.758004],[26.718245,47.757872],[26.717556,47.757237],[26.717328,47.757401]]]}},{"type":"Feature","properties":{"nr":null},"geometry":{"type":"Polygon","coordinates":[[[26.733652,47.758638],[26.738586,47.761782],[26.738711,47.761671],[26.733822,47.758555],[26.733652,47.758638]]]}},{"type":"Feature","properties":{"nr":null},"geometry":{"type":"Polygon","coordinates":[[[26.715186,47.764156],[26.714785,47.763915],[26.714164,47.764342],[26.714834,47.764771],[26.715209,47.764538],[26.715479,47.764347],[26.715186,47.764156]]]}},{"type":"Feature","properties":{"nr":null},"geometry":{"type":"Polygon","coordinates":[[[26.705572,47.775782],[26.705318,47.775623],[26.701701,47.777958],[26.701759,47.778244],[26.705572,47.775782]]]}},{"type":"Feature","properties":{"nr":null},"geometry":{"type":"Polygon","coordinates":[[[26.717841,47.762698],[26.717634,47.762558],[26.71752,47.762636],[26.717728,47.762776],[26.717841,47.762698]]]}},{"type":"Feature","properties":{"nr":null},"geometry":{"type":"Polygon","coordinates":[[[26.717219,47.762279],[26.717634,47.762558],[26.71769,47.762519],[26.717275,47.76224],[26.717219,47.762279]]]}},{"type":"Feature","properties":{"nr":null},"geometry":{"type":"Polygon","coordinates":[[[26.717841,47.762698],[26.717897,47.762658],[26.71769,47.762519],[26.717634,47.762558],[26.717841,47.762698]]]}},{"type":"Feature","properties":{"nr":null},"geometry":{"type":"Polygon","coordinates":[[[26.713327,47.777055],[26.713698,47.776816],[26.713518,47.77669],[26.713147,47.776929],[26.713327,47.777055]]]}},{"type":"Feature","properties":{"nr":null},"geometry":{"type":"Polygon","coordinates":[[[26.726524,47.75477],[26.727573,47.754035],[26.727434,47.753942],[26.726814,47.75437],[26.726647,47.754496],[26.726383,47.754679],[26.726524,47.75477]]]}},{"type":"Feature","properties":{"nr":null},"geometry":{"type":"Polygon","coordinates":[[[26.699661,47.794706],[26.700003,47.794701],[26.700003,47.794088],[26.699653,47.794183],[26.699668,47.794383],[26.699661,47.794706]]]}},{"type":"Feature","properties":{"nr":null},"geometry":{"type":"Polygon","coordinates":[[[26.73842,47.761981],[26.738509,47.761851],[26.738586,47.761782],[26.733652,47.758638],[26.733556,47.758685],[26.733399,47.758781],[26.73842,47.761981]]]}},{"type":"Feature","properties":{"nr":null},"geometry":{"type":"Polygon","coordinates":[[[26.724287,47.762091],[26.724982,47.762558],[26.725119,47.762477],[26.724413,47.762005],[26.724287,47.762091]]]}},{"type":"Feature","properties":{"nr":null},"geometry":{"type":"Polygon","coordinates":[[[26.724724,47.762383],[26.724277,47.762085],[26.724173,47.762157],[26.724465,47.762363],[26.724607,47.762453],[26.724724,47.762383]]]}},{"type":"Feature","properties":{"nr":null},"geometry":{"type":"Polygon","coordinates":[[[26.730058,47.754596],[26.729812,47.75445],[26.729084,47.754968],[26.729135,47.755004],[26.729287,47.755145],[26.730058,47.754596]]]}},{"type":"Feature","properties":{"nr":null},"geometry":{"type":"Polygon","coordinates":[[[26.708897,47.755794],[26.709017,47.755964],[26.709521,47.75714],[26.709875,47.757091],[26.710124,47.75702],[26.709107,47.755715],[26.708897,47.755794]]]}},{"type":"Feature","properties":{"nr":null},"geometry":{"type":"Polygon","coordinates":[[[26.728883,47.754831],[26.729084,47.754968],[26.729812,47.75445],[26.729603,47.754326],[26.728883,47.754831]]]}},{"type":"Feature","properties":{"nr":null},"geometry":{"type":"Polygon","coordinates":[[[26.722675,47.757954],[26.722377,47.757747],[26.72224,47.757845],[26.722521,47.758045],[26.722675,47.757954]]]}},{"type":"Feature","properties":{"nr":null},"geometry":{"type":"Polygon","coordinates":[[[26.73096,47.758336],[26.731159,47.758203],[26.73055,47.757834],[26.730371,47.757964],[26.73096,47.758336]]]}},{"type":"Feature","properties":{"nr":null},"geometry":{"type":"Polygon","coordinates":[[[26.701371,47.770583],[26.707503,47.77402],[26.707848,47.773805],[26.701656,47.770334],[26.701371,47.770583]]]}},{"type":"Feature","properties":{"nr":null},"geometry":{"type":"Polygon","coordinates":[[[26.712132,47.765567],[26.7126,47.765089],[26.712397,47.764934],[26.712209,47.764819],[26.711553,47.765502],[26.712132,47.765567]]]}},{"type":"Feature","properties":{"nr":null},"geometry":{"type":"Polygon","coordinates":[[[26.703297,47.769241],[26.703157,47.769127],[26.70243,47.768227],[26.701544,47.76732],[26.701104,47.76677],[26.700622,47.766419],[26.700429,47.766293],[26.700255,47.7662],[26.699872,47.766042],[26.699311,47.765855],[26.698939,47.765642],[26.698524,47.76533],[26.697969,47.764817],[26.697653,47.764426],[26.697495,47.764146],[26.697417,47.763914],[26.697366,47.763729],[26.697327,47.763471],[26.697318,47.763353],[26.697323,47.762944],[26.697343,47.762572],[26.697355,47.762118],[26.697381,47.761809],[26.697396,47.761423],[26.697397,47.761218],[26.697384,47.761097],[26.697376,47.761041],[26.697302,47.760891],[26.697266,47.760858],[26.697117,47.760643],[26.696946,47.760509],[26.696779,47.760398],[26.696382,47.760187],[26.695637,47.759814],[26.695682,47.759795],[26.695161,47.759542],[26.694935,47.759451],[26.694705,47.759318],[26.694174,47.758967],[26.693923,47.758779],[26.693516,47.758439],[26.693165,47.758125],[26.692986,47.758218],[26.693337,47.758532],[26.693631,47.758781],[26.694008,47.759072],[26.694834,47.759591],[26.695143,47.759764],[26.695793,47.760077],[26.696409,47.760388],[26.69662,47.760519],[26.696882,47.760704],[26.696979,47.760799],[26.697036,47.760873],[26.697091,47.760974],[26.697133,47.761112],[26.697156,47.761206],[26.697168,47.761344],[26.697159,47.761424],[26.697163,47.761768],[26.697147,47.761877],[26.697144,47.762204],[26.697132,47.762364],[26.697097,47.762577],[26.697083,47.763233],[26.697091,47.763469],[26.69716,47.763827],[26.697238,47.764069],[26.697359,47.76431],[26.69749,47.764533],[26.697623,47.764699],[26.697882,47.764982],[26.698072,47.765163],[26.698457,47.765497],[26.698625,47.765629],[26.69884,47.765776],[26.699068,47.76591],[26.699241,47.765989],[26.700027,47.766279],[26.70028,47.766408],[26.700459,47.766525],[26.700736,47.766731],[26.700921,47.766893],[26.701184,47.767176],[26.702704,47.768936],[26.702997,47.769253],[26.703142,47.769347],[26.703506,47.769559],[26.703698,47.769661],[26.703879,47.769795],[26.704269,47.77],[26.704389,47.77003],[26.708203,47.772092],[26.709622,47.772867],[26.710329,47.773303],[26.710749,47.773534],[26.71154,47.774004],[26.711709,47.774117],[26.711696,47.774128],[26.712416,47.774603],[26.712592,47.774711],[26.712929,47.774942],[26.713297,47.775165],[26.714394,47.77589],[26.71457,47.776014],[26.715024,47.776283],[26.717271,47.777789],[26.719823,47.77948],[26.720268,47.779764],[26.720307,47.779818],[26.721278,47.780448],[26.72168,47.780813],[26.721799,47.780986],[26.721875,47.78113],[26.721951,47.781316],[26.722105,47.781604],[26.722254,47.781801],[26.723071,47.783657],[26.723185,47.783883],[26.723297,47.784019],[26.72349,47.784149],[26.723631,47.784203],[26.723934,47.784265],[26.724215,47.784306],[26.725711,47.784486],[26.726175,47.78451],[26.726915,47.784495],[26.727349,47.784474],[26.727676,47.78445],[26.727996,47.784403],[26.728327,47.784327],[26.728889,47.784144],[26.729394,47.783967],[26.729648,47.783894],[26.729887,47.783855],[26.730143,47.78385],[26.730302,47.783859],[26.730548,47.783894],[26.73076,47.783934],[26.731733,47.784148],[26.731741,47.784134],[26.731792,47.784023],[26.730713,47.783783],[26.730343,47.783723],[26.730069,47.783709],[26.729779,47.783727],[26.729568,47.783765],[26.729445,47.783798],[26.728439,47.784144],[26.728129,47.784233],[26.727776,47.784299],[26.727256,47.784343],[26.72642,47.784372],[26.726052,47.784372],[26.725846,47.784363],[26.725125,47.784281],[26.723977,47.784137],[26.723755,47.784092],[26.723618,47.78404],[26.723513,47.783974],[26.72342,47.7839],[26.723378,47.783835],[26.723218,47.783529],[26.723,47.783024],[26.722814,47.782655],[26.72235,47.781445],[26.72225,47.781221],[26.722115,47.780992],[26.722052,47.780869],[26.72197,47.780746],[26.721819,47.780586],[26.721705,47.780484],[26.721512,47.780333],[26.721214,47.780128],[26.719807,47.779211],[26.719728,47.779151],[26.717672,47.777791],[26.717013,47.777383],[26.712573,47.774426],[26.711336,47.773621],[26.710892,47.773367],[26.709732,47.77273],[26.704692,47.770005],[26.703297,47.769241]]]}},{"type":"Feature","properties":{"nr":null},"geometry":{"type":"Polygon","coordinates":[[[26.722889,47.760159],[26.723084,47.760026],[26.722444,47.7596],[26.722256,47.75973],[26.722889,47.760159]]]}},{"type":"Feature","properties":{"nr":null},"geometry":{"type":"Polygon","coordinates":[[[26.722801,47.772494],[26.72957,47.77677],[26.729619,47.776739],[26.722847,47.772461],[26.722801,47.772494]]]}},{"type":"Feature","properties":{"nr":null},"geometry":{"type":"Polygon","coordinates":[[[26.723084,47.760026],[26.723226,47.759932],[26.722828,47.759666],[26.722948,47.759584],[26.722703,47.759421],[26.722444,47.7596],[26.723084,47.760026]]]}},{"type":"Feature","properties":{"nr":null},"geometry":{"type":"Polygon","coordinates":[[[26.732079,47.784224],[26.733428,47.784521],[26.733804,47.784618],[26.734011,47.78468],[26.734344,47.784806],[26.734514,47.784883],[26.734994,47.785129],[26.735334,47.785319],[26.735498,47.785422],[26.735621,47.785516],[26.735715,47.785618],[26.735796,47.785761],[26.735826,47.785874],[26.735837,47.786029],[26.735824,47.78842],[26.735838,47.788645],[26.735851,47.789483],[26.735911,47.790557],[26.736027,47.792021],[26.736082,47.79235],[26.736154,47.792658],[26.736252,47.793002],[26.736322,47.793194],[26.736393,47.793334],[26.736456,47.793432],[26.736525,47.793512],[26.736625,47.793602],[26.736746,47.793679],[26.736911,47.793755],[26.737265,47.793882],[26.738388,47.794357],[26.738734,47.794469],[26.739059,47.794535],[26.739458,47.794562],[26.741682,47.794612],[26.742251,47.794638],[26.742598,47.79466],[26.742805,47.794702],[26.742979,47.794764],[26.743117,47.794832],[26.743318,47.794973],[26.745482,47.796673],[26.74612,47.797123],[26.746475,47.797424],[26.746726,47.797657],[26.746815,47.797729],[26.746931,47.797871],[26.747027,47.798026],[26.747073,47.798175],[26.747086,47.798329],[26.747039,47.798698],[26.747013,47.799145],[26.747064,47.799952],[26.747071,47.800277],[26.747058,47.800375],[26.746869,47.801006],[26.746823,47.801215],[26.746819,47.801408],[26.746796,47.801573],[26.746844,47.80177],[26.747061,47.802008],[26.747607,47.802352],[26.748484,47.802606],[26.748734,47.802743],[26.749053,47.803347],[26.749125,47.803416],[26.749129,47.803339],[26.749221,47.803115],[26.749076,47.802823],[26.748984,47.802678],[26.748853,47.802545],[26.748767,47.802492],[26.74859,47.802418],[26.747981,47.802278],[26.747716,47.802179],[26.74758,47.802113],[26.747467,47.802041],[26.747338,47.801938],[26.747216,47.801803],[26.747149,47.801697],[26.747106,47.801604],[26.747041,47.801324],[26.74706,47.801178],[26.74716,47.80082],[26.74728,47.800452],[26.747298,47.800282],[26.747287,47.799849],[26.747248,47.799493],[26.747223,47.799364],[26.747245,47.799208],[26.747277,47.798376],[26.747273,47.798226],[26.747256,47.798079],[26.747183,47.797873],[26.746975,47.797654],[26.746622,47.797352],[26.74396,47.795265],[26.743461,47.79485],[26.743264,47.794716],[26.743135,47.794651],[26.742997,47.794595],[26.742784,47.794535],[26.742536,47.794498],[26.742259,47.794486],[26.741345,47.794472],[26.739421,47.794411],[26.738505,47.794244],[26.738163,47.794121],[26.737171,47.793655],[26.736821,47.793506],[26.736694,47.793382],[26.736568,47.793188],[26.736332,47.792541],[26.736212,47.791775],[26.736169,47.791229],[26.735992,47.788535],[26.735996,47.78587],[26.735916,47.785597],[26.735771,47.785446],[26.735521,47.785251],[26.734951,47.784934],[26.7346,47.784757],[26.73431,47.784633],[26.733934,47.784505],[26.73353,47.784404],[26.732135,47.784093],[26.732079,47.784224]]]}},{"type":"Feature","properties":{"nr":null},"geometry":{"type":"Polygon","coordinates":[[[26.717882,47.758124],[26.717058,47.757582],[26.716979,47.757635],[26.717806,47.758178],[26.717882,47.758124]]]}},{"type":"Feature","properties":{"nr":null},"geometry":{"type":"Polygon","coordinates":[[[26.727977,47.762442],[26.732979,47.765521],[26.733045,47.765481],[26.728044,47.762402],[26.727977,47.762442]]]}},{"type":"Feature","properties":{"nr":null},"geometry":{"type":"Polygon","coordinates":[[[26.718161,47.758027],[26.717911,47.758199],[26.717887,47.758269],[26.71812,47.758434],[26.718444,47.758226],[26.718161,47.758027]]]}},{"type":"Feature","properties":{"nr":null},"geometry":{"type":"Polygon","coordinates":[[[26.717888,47.756988],[26.717544,47.757226],[26.718245,47.757872],[26.718678,47.757611],[26.717888,47.756988]]]}},{"type":"Feature","properties":{"nr":null},"geometry":{"type":"Polygon","coordinates":[[[26.729362,47.799276],[26.734551,47.800615],[26.734631,47.800401],[26.729546,47.799089],[26.729362,47.799276]]]}},{"type":"Feature","properties":{"nr":null},"geometry":{"type":"Polygon","coordinates":[[[26.701173,47.758725],[26.702132,47.760708],[26.702795,47.761213],[26.702836,47.761174],[26.702192,47.760685],[26.701239,47.758712],[26.701173,47.758725]]]}},{"type":"Feature","properties":{"nr":null},"geometry":{"type":"Polygon","coordinates":[[[26.701239,47.758712],[26.702192,47.760685],[26.702836,47.761174],[26.702877,47.761135],[26.702254,47.760661],[26.701305,47.758698],[26.701239,47.758712]]]}},{"type":"Feature","properties":{"nr":null},"geometry":{"type":"Polygon","coordinates":[[[26.720795,47.766571],[26.719981,47.766034],[26.719749,47.766196],[26.720562,47.766734],[26.720795,47.766571]]]}},{"type":"Feature","properties":{"nr":null},"geometry":{"type":"Polygon","coordinates":[[[26.724641,47.764553],[26.724018,47.764157],[26.723795,47.764295],[26.724111,47.764485],[26.724426,47.764688],[26.724641,47.764553]]]}},{"type":"Feature","properties":{"nr":null},"geometry":{"type":"Polygon","coordinates":[[[26.71747,47.765701],[26.716842,47.765277],[26.716613,47.765431],[26.717207,47.765869],[26.71747,47.765701]]]}},{"type":"Feature","properties":{"nr":null},"geometry":{"type":"Polygon","coordinates":[[[26.726308,47.763537],[26.726606,47.763723],[26.726748,47.763625],[26.726464,47.763438],[26.726308,47.763537]]]}},{"type":"Feature","properties":{"nr":null},"geometry":{"type":"Polygon","coordinates":[[[26.726786,47.7636],[26.726503,47.763413],[26.726464,47.763438],[26.726748,47.763625],[26.726786,47.7636]]]}},{"type":"Feature","properties":{"nr":null},"geometry":{"type":"Polygon","coordinates":[[[26.699892,47.759201],[26.700154,47.759197],[26.700194,47.758893],[26.699896,47.758942],[26.699892,47.759201]]]}},{"type":"Feature","properties":{"nr":null},"geometry":{"type":"Polygon","coordinates":[[[26.700103,47.759594],[26.700154,47.759197],[26.699892,47.759201],[26.699888,47.759465],[26.699257,47.759314],[26.699199,47.759393],[26.699536,47.759492],[26.700103,47.759594]]]}},{"type":"Feature","properties":{"nr":null},"geometry":{"type":"Polygon","coordinates":[[[26.700821,47.757821],[26.701168,47.758666],[26.701234,47.758656],[26.700886,47.757809],[26.700821,47.757821]]]}},{"type":"Feature","properties":{"nr":null},"geometry":{"type":"Polygon","coordinates":[[[26.712076,47.773113],[26.712204,47.773002],[26.705603,47.769422],[26.705471,47.769531],[26.712076,47.773113]]]}},{"type":"Feature","properties":{"nr":null},"geometry":{"type":"Polygon","coordinates":[[[26.729999,47.756383],[26.730591,47.756781],[26.730752,47.756666],[26.730178,47.756259],[26.729999,47.756383]]]}},{"type":"Feature","properties":{"nr":null},"geometry":{"type":"Polygon","coordinates":[[[26.726899,47.758471],[26.726259,47.758015],[26.726175,47.758073],[26.726815,47.758525],[26.726899,47.758471]]]}},{"type":"Feature","properties":{"nr":null},"geometry":{"type":"Polygon","coordinates":[[[26.729272,47.761602],[26.734346,47.764682],[26.734381,47.76466],[26.729305,47.76158],[26.729272,47.761602]]]}},{"type":"Feature","properties":{"nr":null},"geometry":{"type":"Polygon","coordinates":[[[26.736265,47.763369],[26.736382,47.763281],[26.731313,47.760212],[26.731191,47.760297],[26.736265,47.763369]]]}},{"type":"Feature","properties":{"nr":null},"geometry":{"type":"Polygon","coordinates":[[[26.728785,47.75805],[26.72907,47.757852],[26.7284,47.757419],[26.728108,47.757618],[26.728453,47.757846],[26.728785,47.75805]]]}},{"type":"Feature","properties":{"nr":null},"geometry":{"type":"Polygon","coordinates":[[[26.700886,47.757809],[26.701234,47.758656],[26.701299,47.758645],[26.700951,47.757796],[26.700886,47.757809]]]}},{"type":"Feature","properties":{"nr":null},"geometry":{"type":"Polygon","coordinates":[[[26.738094,47.762247],[26.744194,47.766231],[26.74426,47.766224],[26.738129,47.762219],[26.738094,47.762247]]]}},{"type":"Feature","properties":{"nr":null},"geometry":{"type":"Polygon","coordinates":[[[26.746284,47.76628],[26.746268,47.766299],[26.746115,47.76625],[26.745944,47.766452],[26.745892,47.766485],[26.745799,47.766493],[26.745662,47.766472],[26.745517,47.766466],[26.745345,47.766475],[26.745289,47.766496],[26.745212,47.766535],[26.744794,47.766852],[26.744691,47.766993],[26.744612,47.767038],[26.744499,47.767038],[26.74436,47.767021],[26.744136,47.766973],[26.743892,47.766933],[26.743743,47.766963],[26.743635,47.767024],[26.743593,47.767087],[26.74347,47.767417],[26.743301,47.767786],[26.743263,47.767927],[26.74324,47.768167],[26.743222,47.768516],[26.74332,47.768803],[26.743337,47.768905],[26.743302,47.769011],[26.743221,47.769086],[26.743089,47.769144],[26.74306,47.769167],[26.74296,47.769208],[26.742741,47.769327],[26.742398,47.769622],[26.742292,47.769694],[26.742253,47.769763],[26.742151,47.769843],[26.742062,47.769893],[26.741974,47.769959],[26.741882,47.770054],[26.741854,47.770129],[26.741861,47.770195],[26.741907,47.77036],[26.741971,47.770495],[26.741948,47.770637],[26.741971,47.770686],[26.742021,47.770731],[26.742151,47.770891],[26.742158,47.770982],[26.742133,47.771047],[26.741975,47.771149],[26.741869,47.771203],[26.741709,47.771239],[26.741542,47.771315],[26.741399,47.771457],[26.7413,47.771542],[26.741267,47.771659],[26.741309,47.771697],[26.741381,47.771739],[26.741475,47.77178],[26.74153,47.771831],[26.74155,47.771919],[26.741567,47.772059],[26.741583,47.772109],[26.741606,47.772147],[26.741688,47.772191],[26.741784,47.772271],[26.741864,47.772283],[26.74193,47.772262],[26.74207,47.77215],[26.74214,47.772148],[26.742225,47.772156],[26.742481,47.772284],[26.74253,47.772364],[26.742612,47.772463],[26.742639,47.772516],[26.742656,47.772598],[26.742656,47.772651],[26.742633,47.772709],[26.742463,47.77276],[26.742269,47.772801],[26.74217,47.772801],[26.742069,47.772776],[26.742,47.772746],[26.741939,47.772742],[26.741859,47.772769],[26.741768,47.772838],[26.741526,47.773099],[26.741404,47.773171],[26.741116,47.773444],[26.740984,47.77349],[26.740737,47.773504],[26.740552,47.773476],[26.740392,47.77349],[26.740241,47.773553],[26.740134,47.773694],[26.740102,47.77377],[26.740121,47.773829],[26.740173,47.773858],[26.740271,47.773872],[26.74037,47.773866],[26.74043,47.773887],[26.740428,47.773945],[26.740362,47.774079],[26.740312,47.774143],[26.740235,47.774188],[26.740113,47.77423],[26.740012,47.774296],[26.74,47.774358],[26.740041,47.774396],[26.740037,47.774399],[26.740082,47.774385],[26.740164,47.774266],[26.740328,47.774258],[26.740586,47.773898],[26.740488,47.77382],[26.740241,47.773816],[26.74025,47.773757],[26.74051,47.773571],[26.741006,47.773543],[26.74117,47.773486],[26.741464,47.773207],[26.741587,47.773135],[26.741883,47.772839],[26.742194,47.772898],[26.74272,47.772763],[26.742794,47.772645],[26.742796,47.772554],[26.742746,47.77248],[26.742523,47.77221],[26.742252,47.772104],[26.742124,47.772087],[26.74195,47.772117],[26.741847,47.77219],[26.741652,47.772078],[26.741644,47.771911],[26.741619,47.771772],[26.741464,47.771657],[26.74148,47.771534],[26.741621,47.771363],[26.741878,47.771286],[26.74213,47.77117],[26.742272,47.770972],[26.742265,47.770907],[26.742067,47.770657],[26.742081,47.770548],[26.742079,47.770498],[26.74206,47.77044],[26.741985,47.77033],[26.741926,47.770174],[26.741944,47.770072],[26.742034,47.770017],[26.742119,47.769912],[26.742441,47.769705],[26.742777,47.769377],[26.743258,47.769148],[26.743353,47.769087],[26.743431,47.768907],[26.743437,47.768819],[26.743338,47.768467],[26.743361,47.767904],[26.743492,47.767598],[26.743709,47.767159],[26.743879,47.767055],[26.744412,47.767141],[26.744607,47.767115],[26.74477,47.767035],[26.744881,47.766913],[26.745147,47.766703],[26.745349,47.766623],[26.745549,47.766583],[26.745966,47.766628],[26.746057,47.766625],[26.746405,47.766453],[26.746415,47.766374],[26.746284,47.76628]]]}},{"type":"Feature","properties":{"nr":null},"geometry":{"type":"Polygon","coordinates":[[[26.739957,47.774409],[26.740041,47.774396],[26.74,47.774358],[26.739929,47.774367],[26.739829,47.774419],[26.739788,47.774502],[26.739731,47.774589],[26.739623,47.774799],[26.739599,47.774927],[26.739596,47.775088],[26.739487,47.775233],[26.739531,47.775272],[26.739661,47.7751],[26.739666,47.774929],[26.739688,47.774811],[26.739794,47.774605],[26.739886,47.774446],[26.739957,47.774409]]]}},{"type":"Feature","properties":{"nr":null},"geometry":{"type":"Polygon","coordinates":[[[26.732135,47.784093],[26.731792,47.784023],[26.731733,47.784148],[26.732079,47.784224],[26.732135,47.784093]]]}},{"type":"Feature","properties":{"nr":null},"geometry":{"type":"Polygon","coordinates":[[[26.735084,47.78885],[26.734993,47.78886],[26.734943,47.789116],[26.734945,47.789381],[26.734841,47.790573],[26.734979,47.790583],[26.735039,47.789457],[26.735074,47.78928],[26.73507,47.789048],[26.735084,47.78885]]]}},{"type":"Feature","properties":{"nr":null},"geometry":{"type":"Polygon","coordinates":[[[26.718634,47.768597],[26.717438,47.767731],[26.717061,47.76805],[26.718284,47.768814],[26.718634,47.768597]]]}},{"type":"Feature","properties":{"nr":null},"geometry":{"type":"Polygon","coordinates":[[[26.723697,47.771823],[26.723834,47.771738],[26.71888,47.768483],[26.718745,47.768569],[26.723697,47.771823]]]}},{"type":"Feature","properties":{"nr":null},"geometry":{"type":"Polygon","coordinates":[[[26.739531,47.775272],[26.739487,47.775233],[26.739355,47.775371],[26.739121,47.775593],[26.738726,47.775947],[26.738507,47.776109],[26.738173,47.776374],[26.737954,47.776454],[26.737451,47.776691],[26.737197,47.776786],[26.737028,47.776892],[26.736904,47.776958],[26.736863,47.777012],[26.73676,47.777069],[26.736482,47.777128],[26.736401,47.777212],[26.736292,47.777293],[26.736213,47.777333],[26.735869,47.777334],[26.735706,47.777355],[26.735535,47.777447],[26.735164,47.77748],[26.734928,47.777472],[26.734738,47.777429],[26.734464,47.777421],[26.734271,47.777424],[26.733991,47.777547],[26.73387,47.777628],[26.733784,47.777755],[26.73377,47.777908],[26.733905,47.778125],[26.733933,47.778416],[26.733835,47.778464],[26.733642,47.778475],[26.733221,47.778522],[26.733111,47.778542],[26.732931,47.778625],[26.732812,47.7787],[26.732639,47.778895],[26.732616,47.778931],[26.732654,47.778985],[26.732698,47.778916],[26.732865,47.778728],[26.732973,47.77866],[26.73314,47.778583],[26.733235,47.778566],[26.733651,47.77852],[26.733859,47.778508],[26.734,47.778438],[26.733997,47.77834],[26.733971,47.778114],[26.733837,47.777901],[26.73385,47.777766],[26.733926,47.777654],[26.734032,47.777583],[26.734292,47.777469],[26.734725,47.777474],[26.734915,47.777516],[26.735166,47.777525],[26.73556,47.77749],[26.735736,47.777397],[26.735875,47.77738],[26.736236,47.777378],[26.736337,47.777326],[26.736454,47.777239],[26.736525,47.777165],[26.736791,47.77711],[26.736916,47.77704],[26.736956,47.776987],[26.737071,47.776926],[26.737236,47.776822],[26.737486,47.776729],[26.737989,47.776492],[26.738216,47.776409],[26.738557,47.776139],[26.738778,47.775975],[26.739175,47.77562],[26.739531,47.775272]]]}},{"type":"Feature","properties":{"nr":null},"geometry":{"type":"Polygon","coordinates":[[[26.746268,47.766299],[26.746304,47.766236],[26.746164,47.766186],[26.746115,47.76625],[26.746268,47.766299]]]}},{"type":"Feature","properties":{"nr":null},"geometry":{"type":"Polygon","coordinates":[[[26.730118,47.78675],[26.731058,47.786445],[26.731193,47.786364],[26.731288,47.786297],[26.731459,47.786062],[26.731569,47.785832],[26.731704,47.785332],[26.731835,47.784789],[26.731871,47.784715],[26.73191,47.784599],[26.732079,47.784224],[26.731733,47.784148],[26.731712,47.78432],[26.731634,47.784682],[26.731532,47.785371],[26.731435,47.785891],[26.731299,47.786174],[26.731232,47.786272],[26.73102,47.786407],[26.730086,47.786711],[26.729737,47.786846],[26.728775,47.787143],[26.728153,47.787355],[26.727429,47.787578],[26.725435,47.788227],[26.724161,47.788628],[26.723654,47.788811],[26.723211,47.788981],[26.722872,47.789135],[26.722574,47.789291],[26.722296,47.789473],[26.721772,47.789758],[26.72152,47.789913],[26.721429,47.789983],[26.721349,47.79003],[26.72118,47.790075],[26.721113,47.790064],[26.721066,47.789986],[26.721009,47.789926],[26.720909,47.789896],[26.720799,47.789904],[26.720694,47.789951],[26.720619,47.789997],[26.720615,47.790072],[26.720654,47.790162],[26.720649,47.79023],[26.720628,47.790327],[26.720444,47.790491],[26.720114,47.790669],[26.719928,47.790745],[26.719605,47.790866],[26.719314,47.790958],[26.719096,47.791041],[26.718965,47.79112],[26.718876,47.791198],[26.718743,47.791262],[26.718414,47.791341],[26.718218,47.791402],[26.717752,47.791573],[26.716125,47.7921],[26.715805,47.792186],[26.715174,47.792288],[26.715042,47.792347],[26.714895,47.792394],[26.714346,47.792473],[26.714147,47.792542],[26.713886,47.792714],[26.713625,47.792837],[26.713462,47.792871],[26.713326,47.792878],[26.713198,47.792868],[26.712884,47.792809],[26.712798,47.792785],[26.712736,47.79275],[26.712695,47.792694],[26.71259,47.792681],[26.712438,47.7927],[26.712245,47.792791],[26.712017,47.792845],[26.711906,47.792899],[26.711815,47.792973],[26.711634,47.793149],[26.711548,47.793215],[26.711468,47.79327],[26.711351,47.793323],[26.711163,47.793386],[26.711099,47.793393],[26.711033,47.793391],[26.710818,47.793351],[26.710721,47.793373],[26.710676,47.793424],[26.710594,47.793495],[26.710484,47.793539],[26.710365,47.793574],[26.710259,47.793589],[26.710268,47.793633],[26.710385,47.793617],[26.710515,47.793579],[26.710639,47.79353],[26.710731,47.79345],[26.710766,47.79341],[26.710822,47.793398],[26.71102,47.793436],[26.711103,47.793438],[26.711182,47.793429],[26.711385,47.793362],[26.711511,47.793304],[26.711597,47.793246],[26.711686,47.793177],[26.711868,47.793],[26.711952,47.792932],[26.712048,47.792886],[26.712279,47.79283],[26.712465,47.792742],[26.712589,47.792726],[26.71265,47.792734],[26.712683,47.792778],[26.712763,47.792824],[26.712863,47.792852],[26.713185,47.792912],[26.713324,47.792923],[26.713475,47.792915],[26.713654,47.792878],[26.713929,47.792748],[26.714186,47.79258],[26.714368,47.792516],[26.714917,47.792437],[26.715075,47.792386],[26.715201,47.79233],[26.715826,47.792229],[26.716152,47.792141],[26.717782,47.791613],[26.718249,47.791442],[26.71844,47.791382],[26.718773,47.791303],[26.718923,47.791231],[26.719014,47.791151],[26.719135,47.791078],[26.719343,47.790998],[26.719636,47.790906],[26.719962,47.790784],[26.720151,47.790706],[26.720492,47.790522],[26.720692,47.790344],[26.720716,47.790234],[26.720721,47.790156],[26.720682,47.790067],[26.720685,47.790017],[26.720823,47.789947],[26.720898,47.789942],[26.720964,47.789961],[26.721007,47.790007],[26.721064,47.790103],[26.721182,47.790121],[26.721285,47.7901],[26.721385,47.790067],[26.721476,47.790015],[26.721567,47.789945],[26.721816,47.789792],[26.722341,47.789507],[26.722618,47.789325],[26.722911,47.789171],[26.723247,47.789019],[26.723687,47.78885],[26.724191,47.788668],[26.725464,47.788268],[26.727457,47.787619],[26.728182,47.787396],[26.728804,47.787184],[26.729768,47.786886],[26.730118,47.78675]]]}},{"type":"Feature","properties":{"nr":null},"geometry":{"type":"Polygon","coordinates":[[[26.732268,47.794823],[26.732089,47.79505],[26.732165,47.795074],[26.732341,47.794847],[26.732268,47.794823]]]}},{"type":"Feature","properties":{"nr":null},"geometry":{"type":"Polygon","coordinates":[[[26.709441,47.793667],[26.70934,47.793669],[26.709345,47.79375],[26.709445,47.793749],[26.709441,47.793667]]]}},{"type":"Feature","properties":{"nr":null},"geometry":{"type":"Polygon","coordinates":[[[26.727714,47.755549],[26.728807,47.754783],[26.728714,47.754719],[26.72762,47.755486],[26.727714,47.755549]]]}},{"type":"Feature","properties":{"nr":null},"geometry":{"type":"Polygon","coordinates":[[[26.733672,47.791164],[26.733658,47.791249],[26.734296,47.791295],[26.734315,47.791211],[26.733672,47.791164]]]}},{"type":"Feature","properties":{"nr":null},"geometry":{"type":"Polygon","coordinates":[[[26.722846,47.757418],[26.722227,47.756993],[26.721905,47.75721],[26.722117,47.757359],[26.722531,47.757627],[26.722846,47.757418]]]}},{"type":"Feature","properties":{"nr":null},"geometry":{"type":"Polygon","coordinates":[[[26.739886,47.746746],[26.745544,47.750058],[26.745666,47.749961],[26.740007,47.746648],[26.739886,47.746746]]]}},{"type":"Feature","properties":{"nr":null},"geometry":{"type":"Polygon","coordinates":[[[26.716666,47.763509],[26.716009,47.763096],[26.715769,47.763252],[26.715972,47.763381],[26.716005,47.763358],[26.716481,47.763646],[26.716666,47.763509]]]}},{"type":"Feature","properties":{"nr":null},"geometry":{"type":"Polygon","coordinates":[[[26.719016,47.77503],[26.719182,47.774909],[26.714381,47.771664],[26.7142,47.771775],[26.719016,47.77503]]]}},{"type":"Feature","properties":{"nr":null},"geometry":{"type":"Polygon","coordinates":[[[26.705615,47.758474],[26.706165,47.760309],[26.706234,47.760302],[26.705685,47.758472],[26.705615,47.758474]]]}},{"type":"Feature","properties":{"nr":null},"geometry":{"type":"Polygon","coordinates":[[[26.732486,47.753625],[26.733376,47.754294],[26.733448,47.754253],[26.732575,47.753597],[26.732486,47.753625]]]}},{"type":"Feature","properties":{"nr":null},"geometry":{"type":"Polygon","coordinates":[[[26.698996,47.771542],[26.698637,47.7717],[26.70524,47.775438],[26.705546,47.775248],[26.698996,47.771542]]]}},{"type":"Feature","properties":{"nr":null},"geometry":{"type":"Polygon","coordinates":[[[26.728973,47.783022],[26.728471,47.783667],[26.729117,47.783899],[26.729415,47.783795],[26.729425,47.783775],[26.729347,47.783747],[26.729684,47.783276],[26.728973,47.783022]]]}},{"type":"Feature","properties":{"nr":null},"geometry":{"type":"Polygon","coordinates":[[[26.731015,47.789045],[26.730084,47.789953],[26.729481,47.790286],[26.728584,47.790722],[26.727704,47.791126],[26.726917,47.791731],[26.728912,47.792374],[26.730873,47.793032],[26.7309,47.793062],[26.730761,47.793251],[26.731103,47.793348],[26.731515,47.793399],[26.731792,47.793233],[26.732026,47.793078],[26.732193,47.792949],[26.732314,47.792829],[26.732582,47.792476],[26.732779,47.792274],[26.733132,47.791866],[26.733321,47.79171],[26.733428,47.791598],[26.733506,47.791486],[26.733563,47.791367],[26.733613,47.791187],[26.733818,47.790559],[26.734001,47.789842],[26.734184,47.789376],[26.731513,47.788723],[26.731015,47.789045]]]}},{"type":"Feature","properties":{"nr":null},"geometry":{"type":"Polygon","coordinates":[[[26.694768,47.765937],[26.694396,47.766177],[26.700447,47.770757],[26.700879,47.770562],[26.694768,47.765937]]]}},{"type":"Feature","properties":{"nr":null},"geometry":{"type":"Polygon","coordinates":[[[26.723483,47.760314],[26.72384,47.760538],[26.72392,47.760481],[26.723588,47.760271],[26.723639,47.760237],[26.723616,47.760223],[26.723483,47.760314]]]}},{"type":"Feature","properties":{"nr":null},"geometry":{"type":"Polygon","coordinates":[[[26.71189,47.774255],[26.711695,47.774128],[26.70947,47.77554],[26.709668,47.775664],[26.711102,47.774745],[26.71189,47.774255]]]}},{"type":"Feature","properties":{"nr":null},"geometry":{"type":"Polygon","coordinates":[[[26.707345,47.756098],[26.70679,47.756172],[26.707202,47.757111],[26.707822,47.757183],[26.707345,47.756098]]]}},{"type":"Feature","properties":{"nr":null},"geometry":{"type":"Polygon","coordinates":[[[26.723028,47.760215],[26.722932,47.760281],[26.723603,47.760695],[26.723815,47.760556],[26.723458,47.760332],[26.72334,47.760412],[26.723163,47.760309],[26.723028,47.760215]]]}},{"type":"Feature","properties":{"nr":null},"geometry":{"type":"Polygon","coordinates":[[[26.72334,47.760412],[26.723458,47.760332],[26.723139,47.760137],[26.723028,47.760215],[26.723163,47.760309],[26.72334,47.760412]]]}},{"type":"Feature","properties":{"nr":null},"geometry":{"type":"Polygon","coordinates":[[[26.727153,47.762867],[26.726567,47.762469],[26.726391,47.762572],[26.726979,47.76298],[26.727153,47.762867]]]}},{"type":"Feature","properties":{"nr":null},"geometry":{"type":"Polygon","coordinates":[[[26.726866,47.762902],[26.726781,47.762952],[26.726891,47.763037],[26.726979,47.76298],[26.726866,47.762902]]]}},{"type":"Feature","properties":{"nr":null},"geometry":{"type":"Polygon","coordinates":[[[26.694621,47.77352],[26.69444,47.773645],[26.694924,47.773927],[26.701689,47.777654],[26.701844,47.777554],[26.694621,47.77352]]]}},{"type":"Feature","properties":{"nr":null},"geometry":{"type":"Polygon","coordinates":[[[26.726713,47.755826],[26.727338,47.756252],[26.727944,47.755821],[26.727315,47.755403],[26.726713,47.755826]]]}},{"type":"Feature","properties":{"nr":null},"geometry":{"type":"Polygon","coordinates":[[[26.748402,47.763105],[26.748705,47.763021],[26.74917,47.762392],[26.749321,47.762047],[26.749177,47.761817],[26.749166,47.76161],[26.749308,47.7614],[26.749324,47.761331],[26.749259,47.761263],[26.749123,47.761233],[26.74903,47.761189],[26.748918,47.761079],[26.748862,47.761001],[26.748901,47.760928],[26.748927,47.76085],[26.748934,47.760761],[26.748908,47.760535],[26.74885,47.760426],[26.748734,47.760355],[26.748605,47.76034],[26.748338,47.760359],[26.748218,47.760343],[26.747911,47.760357],[26.747818,47.760336],[26.747768,47.760309],[26.747714,47.760252],[26.747669,47.760073],[26.747666,47.759983],[26.747725,47.759835],[26.74778,47.759798],[26.747937,47.759805],[26.748008,47.759798],[26.748103,47.759839],[26.748219,47.759837],[26.748311,47.759826],[26.748376,47.759804],[26.748566,47.759714],[26.748653,47.759687],[26.748749,47.759669],[26.74882,47.759641],[26.748867,47.759596],[26.748869,47.759525],[26.748803,47.759416],[26.748799,47.759365],[26.748829,47.759342],[26.748903,47.75933],[26.748999,47.759302],[26.749151,47.759239],[26.749566,47.75894],[26.74966,47.758895],[26.749729,47.75889],[26.749773,47.758901],[26.749856,47.758949],[26.749962,47.758954],[26.750055,47.758946],[26.75045,47.758849],[26.750601,47.758796],[26.750807,47.758763],[26.750923,47.758761],[26.75102,47.758735],[26.751039,47.758636],[26.750985,47.758548],[26.750877,47.758465],[26.750689,47.758353],[26.750567,47.758198],[26.750563,47.758076],[26.750586,47.757977],[26.750621,47.757897],[26.750612,47.757784],[26.750503,47.757703],[26.75033,47.757684],[26.750215,47.757626],[26.750159,47.757581],[26.750123,47.757443],[26.750169,47.757354],[26.750278,47.757284],[26.750502,47.757118],[26.750446,47.757094],[26.75023,47.757252],[26.750111,47.757329],[26.750054,47.757439],[26.750097,47.7576],[26.750169,47.757659],[26.750304,47.757726],[26.750469,47.757745],[26.750547,47.757803],[26.750554,47.757892],[26.750521,47.757967],[26.750496,47.758073],[26.750501,47.758209],[26.750567,47.758302],[26.750637,47.758382],[26.75083,47.758497],[26.750928,47.758572],[26.75097,47.758642],[26.750958,47.758703],[26.75091,47.758716],[26.750798,47.758718],[26.750578,47.758753],[26.750422,47.758808],[26.750039,47.758902],[26.74996,47.758909],[26.749883,47.758905],[26.749807,47.758862],[26.749738,47.758844],[26.749636,47.758851],[26.749522,47.758906],[26.749108,47.759205],[26.74897,47.759262],[26.748882,47.759287],[26.748793,47.759301],[26.74873,47.759349],[26.748737,47.759427],[26.748802,47.759533],[26.748801,47.759582],[26.748774,47.759607],[26.748724,47.759627],[26.74863,47.759644],[26.748534,47.759675],[26.74829,47.759783],[26.748122,47.759794],[26.748023,47.759751],[26.747937,47.759759],[26.747752,47.759753],[26.747666,47.759811],[26.747631,47.759884],[26.747599,47.759978],[26.747602,47.760077],[26.747651,47.76027],[26.747718,47.76034],[26.747786,47.760376],[26.7479,47.760402],[26.748215,47.760389],[26.748334,47.760405],[26.748604,47.760385],[26.748704,47.760397],[26.748793,47.760452],[26.748842,47.760545],[26.748859,47.760646],[26.748867,47.760761],[26.748861,47.760844],[26.748837,47.760915],[26.74879,47.761003],[26.748859,47.761102],[26.748982,47.761221],[26.749093,47.761273],[26.749215,47.761301],[26.749254,47.761341],[26.749241,47.761397],[26.749175,47.761478],[26.749109,47.761528],[26.749091,47.761599],[26.749097,47.761654],[26.749072,47.761724],[26.749075,47.761798],[26.749125,47.761853],[26.749204,47.761999],[26.749196,47.762138],[26.749128,47.762247],[26.748987,47.762522],[26.74896,47.76256],[26.748883,47.762608],[26.748845,47.762678],[26.748817,47.762802],[26.748784,47.762876],[26.748744,47.762937],[26.74871,47.762963],[26.748517,47.762974],[26.748368,47.763044],[26.748302,47.763114],[26.748243,47.763198],[26.748182,47.763347],[26.748154,47.763493],[26.748167,47.763591],[26.748148,47.763686],[26.748121,47.763769],[26.748049,47.763823],[26.747954,47.763942],[26.747868,47.764081],[26.747795,47.764173],[26.747681,47.76428],[26.747415,47.764502],[26.747365,47.764524],[26.747259,47.764544],[26.747142,47.76458],[26.7471,47.764636],[26.747056,47.764745],[26.747014,47.764769],[26.746964,47.764833],[26.746945,47.764972],[26.746926,47.765032],[26.746883,47.765087],[26.746855,47.765147],[26.746843,47.765221],[26.746866,47.765282],[26.746919,47.765322],[26.746917,47.765373],[26.746898,47.765433],[26.746845,47.765511],[26.746621,47.765678],[26.746497,47.765744],[26.746413,47.765817],[26.746331,47.76593],[26.746289,47.766022],[26.746164,47.766186],[26.746304,47.766236],[26.746347,47.766199],[26.746842,47.765627],[26.746957,47.765468],[26.747021,47.765318],[26.74693,47.765202],[26.746941,47.765145],[26.747015,47.765045],[26.747054,47.764962],[26.747047,47.764859],[26.747235,47.76461],[26.747423,47.764575],[26.747896,47.764169],[26.748208,47.763778],[26.748261,47.763341],[26.748402,47.763105]]]}},{"type":"Feature","properties":{"nr":null},"geometry":{"type":"Polygon","coordinates":[[[26.733422,47.79357],[26.733361,47.79354],[26.733523,47.793338],[26.733585,47.793368],[26.733746,47.793168],[26.73407,47.792915],[26.734357,47.792626],[26.734475,47.792482],[26.734662,47.791929],[26.734795,47.791666],[26.734617,47.791654],[26.73451,47.791948],[26.734378,47.79245],[26.734274,47.792599],[26.734092,47.792761],[26.733725,47.793043],[26.733126,47.793769],[26.73282,47.794187],[26.732587,47.794405],[26.732268,47.794823],[26.732341,47.794847],[26.732165,47.795074],[26.732089,47.79505],[26.731337,47.795991],[26.731109,47.796308],[26.731013,47.796495],[26.730875,47.7968],[26.730602,47.797298],[26.730407,47.797694],[26.729937,47.798496],[26.729698,47.798756],[26.728936,47.799315],[26.727219,47.800508],[26.72664,47.800886],[26.726186,47.801151],[26.725916,47.801269],[26.725146,47.801539],[26.723028,47.802245],[26.722515,47.802376],[26.722071,47.802472],[26.71933,47.803157],[26.717382,47.803608],[26.717047,47.803734],[26.715344,47.804505],[26.714416,47.804909],[26.713519,47.805338],[26.713249,47.805457],[26.712751,47.805773],[26.712611,47.80595],[26.7125,47.806137],[26.712397,47.806284],[26.712145,47.806502],[26.711835,47.806612],[26.711751,47.806631],[26.711326,47.806889],[26.710549,47.807238],[26.710336,47.807348],[26.710244,47.807443],[26.710187,47.807561],[26.710154,47.807691],[26.710093,47.807849],[26.710016,47.807955],[26.709735,47.808233],[26.709548,47.808506],[26.709421,47.808612],[26.709301,47.808729],[26.709194,47.808811],[26.709024,47.808896],[26.708862,47.809007],[26.708752,47.809112],[26.708646,47.809249],[26.708566,47.809406],[26.708436,47.809583],[26.70829,47.809828],[26.708161,47.810068],[26.707984,47.81051],[26.707823,47.810814],[26.707468,47.811397],[26.707286,47.811614],[26.707027,47.811996],[26.706912,47.812109],[26.706815,47.812232],[26.70668,47.812353],[26.70656,47.812476],[26.706131,47.81288],[26.706062,47.812981],[26.705941,47.81312],[26.705861,47.813188],[26.705774,47.813296],[26.705708,47.813399],[26.705587,47.813524],[26.70561,47.813548],[26.705661,47.813501],[26.705744,47.813412],[26.70581,47.813308],[26.705894,47.813203],[26.705974,47.813135],[26.706097,47.812994],[26.706166,47.812893],[26.706848,47.812247],[26.707131,47.811949],[26.707451,47.811505],[26.707521,47.811378],[26.707861,47.810823],[26.708022,47.810518],[26.708272,47.809953],[26.708434,47.809682],[26.708576,47.809479],[26.708675,47.809313],[26.708832,47.809104],[26.708973,47.808988],[26.70921,47.808865],[26.709557,47.80858],[26.709754,47.808319],[26.709942,47.808121],[26.710073,47.808032],[26.71021,47.80775],[26.710289,47.807487],[26.71037,47.807392],[26.711225,47.80699],[26.711662,47.806749],[26.711976,47.806639],[26.712117,47.806601],[26.712291,47.806483],[26.712455,47.806321],[26.712586,47.806157],[26.712789,47.805823],[26.712868,47.805765],[26.713128,47.805628],[26.713271,47.805518],[26.71364,47.805367],[26.713893,47.805226],[26.716562,47.804025],[26.717146,47.803782],[26.717635,47.803645],[26.718301,47.803486],[26.719046,47.803295],[26.721716,47.802659],[26.722443,47.802471],[26.723155,47.802264],[26.725102,47.801618],[26.725818,47.801365],[26.72613,47.801247],[26.726634,47.800962],[26.726932,47.800782],[26.727322,47.800532],[26.727959,47.800074],[26.728467,47.799752],[26.729027,47.799368],[26.729476,47.799039],[26.72987,47.79871],[26.730042,47.798482],[26.730431,47.797846],[26.730548,47.797688],[26.730745,47.797316],[26.731072,47.79658],[26.731271,47.796276],[26.73163,47.795813],[26.732069,47.795279],[26.73248,47.794728],[26.732668,47.794507],[26.73271,47.794525],[26.732902,47.79423],[26.733422,47.79357]]]}},{"type":"Feature","properties":{"nr":null},"geometry":{"type":"Polygon","coordinates":[[[26.667266,47.800111],[26.667379,47.800195],[26.667557,47.800014],[26.668043,47.799597],[26.668322,47.799479],[26.668544,47.799472],[26.668708,47.799512],[26.669014,47.799616],[26.669433,47.799869],[26.669508,47.799936],[26.669848,47.800097],[26.670057,47.800161],[26.670299,47.800186],[26.670683,47.800168],[26.671003,47.800137],[26.671256,47.800069],[26.671338,47.800034],[26.67153,47.799985],[26.671763,47.799911],[26.67226,47.79974],[26.672434,47.799672],[26.672613,47.79959],[26.67278,47.799531],[26.673118,47.799448],[26.67326,47.799385],[26.673395,47.799277],[26.673461,47.799186],[26.673573,47.799092],[26.673747,47.79897],[26.674051,47.798716],[26.674143,47.798685],[26.674446,47.79865],[26.674585,47.798645],[26.674683,47.798621],[26.675178,47.798449],[26.67537,47.798368],[26.6755,47.798291],[26.675646,47.798011],[26.675752,47.797965],[26.676132,47.797657],[26.67625,47.797587],[26.676651,47.79739],[26.676756,47.797377],[26.677146,47.797277],[26.677526,47.797106],[26.678398,47.796653],[26.678963,47.796246],[26.679595,47.79587],[26.680616,47.795546],[26.682691,47.795167],[26.684083,47.795021],[26.685768,47.794893],[26.686921,47.794877],[26.688408,47.794786],[26.689482,47.794666],[26.691397,47.794431],[26.692575,47.794345],[26.695433,47.793871],[26.697064,47.79364],[26.698675,47.793531],[26.700771,47.793327],[26.702355,47.793218],[26.703993,47.793211],[26.705379,47.793294],[26.706636,47.793328],[26.707605,47.793412],[26.707601,47.793366],[26.706642,47.793283],[26.705384,47.793249],[26.703996,47.793166],[26.702352,47.793173],[26.700763,47.793282],[26.698667,47.793486],[26.697054,47.793596],[26.695418,47.793827],[26.692563,47.794301],[26.691388,47.794387],[26.689471,47.794622],[26.688399,47.794741],[26.686917,47.794832],[26.685764,47.794848],[26.684074,47.794976],[26.682677,47.795123],[26.680593,47.795504],[26.679558,47.795832],[26.678916,47.796213],[26.678353,47.796619],[26.677487,47.79707],[26.677115,47.797237],[26.676738,47.797334],[26.676625,47.797348],[26.676208,47.797551],[26.676085,47.797626],[26.675971,47.797712],[26.675708,47.797931],[26.67559,47.797981],[26.675443,47.798265],[26.67533,47.798332],[26.675145,47.79841],[26.674655,47.798579],[26.674572,47.798601],[26.674437,47.798606],[26.674121,47.798642],[26.674007,47.798681],[26.673697,47.79894],[26.673523,47.799063],[26.673404,47.799162],[26.673338,47.799252],[26.673215,47.799351],[26.673087,47.799408],[26.672754,47.799489],[26.672579,47.799551],[26.672229,47.799701],[26.671733,47.79987],[26.671504,47.799944],[26.671308,47.799993],[26.671182,47.800047],[26.671003,47.800091],[26.670675,47.800123],[26.670302,47.800141],[26.670077,47.800117],[26.669881,47.800058],[26.669556,47.799904],[26.669483,47.799839],[26.669052,47.799579],[26.668734,47.79947],[26.66856,47.799428],[26.668341,47.799409],[26.668193,47.799431],[26.668014,47.799517],[26.667671,47.799786],[26.667446,47.799989],[26.667266,47.800111]]]}},{"type":"Feature","properties":{"nr":null},"geometry":{"type":"Polygon","coordinates":[[[26.70934,47.793669],[26.709193,47.793669],[26.708965,47.793599],[26.7088,47.793571],[26.708742,47.793552],[26.708604,47.793447],[26.708562,47.793406],[26.708454,47.793388],[26.708334,47.793391],[26.708272,47.793383],[26.70818,47.793348],[26.708056,47.793355],[26.708011,47.793365],[26.708015,47.793411],[26.70807,47.793399],[26.708165,47.793394],[26.708248,47.793426],[26.708329,47.793436],[26.708447,47.793433],[26.708521,47.793446],[26.708701,47.793588],[26.708779,47.793614],[26.708865,47.793623],[26.70894,47.793641],[26.709174,47.793712],[26.709345,47.79375],[26.70934,47.793669]]]}},{"type":"Feature","properties":{"nr":null},"geometry":{"type":"Polygon","coordinates":[[[26.734979,47.790583],[26.734841,47.790573],[26.734774,47.791249],[26.734617,47.791654],[26.734795,47.791666],[26.734913,47.791254],[26.734979,47.790583]]]}},{"type":"Feature","properties":{"nr":null},"geometry":{"type":"Polygon","coordinates":[[[26.735084,47.78885],[26.735097,47.788686],[26.7351,47.788425],[26.735054,47.788303],[26.734882,47.788161],[26.733864,47.787834],[26.733446,47.787744],[26.732029,47.787377],[26.731291,47.787205],[26.730946,47.787101],[26.730868,47.787015],[26.730828,47.786869],[26.730818,47.78662],[26.730795,47.786532],[26.730724,47.786555],[26.730746,47.786863],[26.730786,47.787015],[26.730873,47.787138],[26.730984,47.787185],[26.732934,47.787685],[26.733625,47.78785],[26.733941,47.787913],[26.734836,47.788226],[26.734927,47.788296],[26.735008,47.788416],[26.735017,47.788629],[26.734993,47.78886],[26.735084,47.78885]]]}},{"type":"Feature","properties":{"nr":null},"geometry":{"type":"Polygon","coordinates":[[[26.732786,47.750119],[26.732724,47.750064],[26.731859,47.75043],[26.730678,47.750943],[26.730351,47.750986],[26.730337,47.751039],[26.730566,47.751032],[26.730863,47.750953],[26.731644,47.750588],[26.732786,47.750119]]]}},{"type":"Feature","properties":{"nr":null},"geometry":{"type":"Polygon","coordinates":[[[26.733585,47.793368],[26.733523,47.793338],[26.733361,47.79354],[26.733422,47.79357],[26.733585,47.793368]]]}},{"type":"Feature","properties":{"nr":null},"geometry":{"type":"Polygon","coordinates":[[[26.710268,47.793633],[26.710259,47.793589],[26.709911,47.793637],[26.709441,47.793667],[26.709445,47.793749],[26.710268,47.793633]]]}},{"type":"Feature","properties":{"nr":null},"geometry":{"type":"Polygon","coordinates":[[[26.71825,47.763104],[26.718289,47.763078],[26.718205,47.763019],[26.718073,47.763107],[26.718128,47.763146],[26.718156,47.763127],[26.718186,47.763148],[26.718224,47.763122],[26.71824,47.763133],[26.718266,47.763116],[26.71825,47.763104]]]}},{"type":"Feature","properties":{"nr":null},"geometry":{"type":"Polygon","coordinates":[[[26.720022,47.76254],[26.719948,47.762489],[26.719841,47.76256],[26.719915,47.762611],[26.720022,47.76254]]]}},{"type":"Feature","properties":{"nr":null},"geometry":{"type":"Polygon","coordinates":[[[26.720183,47.762544],[26.720151,47.762516],[26.720036,47.76258],[26.720068,47.762607],[26.720183,47.762544]]]}},{"type":"Feature","properties":{"nr":null},"geometry":{"type":"Polygon","coordinates":[[[26.723955,47.763667],[26.724029,47.763621],[26.723948,47.763561],[26.723874,47.763607],[26.723955,47.763667]]]}},{"type":"Feature","properties":{"nr":null},"geometry":{"type":"Polygon","coordinates":[[[26.72404,47.763429],[26.723966,47.763376],[26.723831,47.763464],[26.723904,47.763515],[26.72404,47.763429]]]}},{"type":"Feature","properties":{"nr":null},"geometry":{"type":"Polygon","coordinates":[[[26.724008,47.763499],[26.724085,47.763449],[26.724048,47.763423],[26.723971,47.763473],[26.724008,47.763499]]]}},{"type":"Feature","properties":{"nr":null},"geometry":{"type":"Polygon","coordinates":[[[26.703751,47.769228],[26.703864,47.769291],[26.704478,47.768786],[26.704364,47.768724],[26.703751,47.769228]]]}},{"type":"Feature","properties":{"nr":null},"geometry":{"type":"Polygon","coordinates":[[[26.727196,47.761013],[26.727148,47.761042],[26.727221,47.761096],[26.727318,47.76103],[26.727245,47.760976],[26.727214,47.760995],[26.727199,47.760982],[26.727175,47.760996],[26.727196,47.761013]]]}},{"type":"Feature","properties":{"nr":null},"geometry":{"type":"Polygon","coordinates":[[[26.727142,47.760968],[26.727172,47.76094],[26.727135,47.760915],[26.727104,47.760943],[26.727142,47.760968]]]}},{"type":"Feature","properties":{"nr":null},"geometry":{"type":"Polygon","coordinates":[[[26.727028,47.760953],[26.726973,47.760982],[26.726995,47.760999],[26.72705,47.76097],[26.727028,47.760953]]]}},{"type":"Feature","properties":{"nr":null},"geometry":{"type":"Polygon","coordinates":[[[26.722719,47.76649],[26.722688,47.766474],[26.72264,47.766511],[26.722671,47.766527],[26.722719,47.76649]]]}},{"type":"Feature","properties":{"nr":null},"geometry":{"type":"Polygon","coordinates":[[[26.721366,47.760453],[26.721468,47.760379],[26.721372,47.760319],[26.721269,47.760393],[26.721366,47.760453]]]}},{"type":"Feature","properties":{"nr":null},"geometry":{"type":"Polygon","coordinates":[[[26.723948,47.763561],[26.724029,47.763621],[26.724103,47.763576],[26.724022,47.763516],[26.723948,47.763561]]]}},{"type":"Feature","properties":{"nr":null},"geometry":{"type":"Polygon","coordinates":[[[26.727335,47.75518],[26.727385,47.755147],[26.727316,47.755098],[26.727204,47.755168],[26.727261,47.755211],[26.727322,47.75517],[26.727335,47.75518]]]}},{"type":"Feature","properties":{"nr":null},"geometry":{"type":"Polygon","coordinates":[[[26.727481,47.755122],[26.727542,47.755086],[26.727509,47.755055],[26.727446,47.755092],[26.727481,47.755122]]]}},{"type":"Feature","properties":{"nr":null},"geometry":{"type":"Polygon","coordinates":[[[26.726202,47.754722],[26.726117,47.754656],[26.72598,47.754737],[26.726065,47.754803],[26.726202,47.754722]]]}},{"type":"Feature","properties":{"nr":null},"geometry":{"type":"Polygon","coordinates":[[[26.719569,47.759005],[26.719495,47.759063],[26.719598,47.759126],[26.719671,47.75907],[26.719569,47.759005]]]}},{"type":"Feature","properties":{"nr":null},"geometry":{"type":"Polygon","coordinates":[[[26.719465,47.759144],[26.719413,47.759104],[26.71933,47.759153],[26.719383,47.759193],[26.719465,47.759144]]]}},{"type":"Feature","properties":{"nr":null},"geometry":{"type":"Polygon","coordinates":[[[26.72602,47.783752],[26.726013,47.783832],[26.726132,47.783836],[26.726138,47.783756],[26.72602,47.783752]]]}},{"type":"Feature","properties":{"nr":null},"geometry":{"type":"Polygon","coordinates":[[[26.716863,47.766341],[26.71695,47.766298],[26.716902,47.766254],[26.716818,47.766296],[26.716863,47.766341]]]}},{"type":"Feature","properties":{"nr":null},"geometry":{"type":"Polygon","coordinates":[[[26.720782,47.759606],[26.720809,47.75959],[26.720801,47.759584],[26.720903,47.759527],[26.72086,47.759493],[26.720759,47.759551],[26.720739,47.759535],[26.720712,47.75955],[26.720782,47.759606]]]}},{"type":"Feature","properties":{"nr":null},"geometry":{"type":"Polygon","coordinates":[[[26.720752,47.759653],[26.720791,47.759626],[26.720709,47.759573],[26.720695,47.759583],[26.720654,47.759557],[26.720629,47.759575],[26.720752,47.759653]]]}},{"type":"Feature","properties":{"nr":null},"geometry":{"type":"Polygon","coordinates":[[[26.717218,47.760502],[26.717293,47.760551],[26.717398,47.760487],[26.717374,47.760471],[26.717394,47.760459],[26.717343,47.760425],[26.717218,47.760502]]]}},{"type":"Feature","properties":{"nr":null},"geometry":{"type":"Polygon","coordinates":[[[26.717141,47.760458],[26.717192,47.760495],[26.717211,47.760483],[26.71716,47.760445],[26.717141,47.760458]]]}},{"type":"Feature","properties":{"nr":null},"geometry":{"type":"Polygon","coordinates":[[[26.714574,47.766051],[26.714422,47.766112],[26.714456,47.766151],[26.714608,47.76609],[26.714574,47.766051]]]}},{"type":"Feature","properties":{"nr":null},"geometry":{"type":"Polygon","coordinates":[[[26.714366,47.766018],[26.714319,47.766043],[26.714374,47.76609],[26.714422,47.766064],[26.714366,47.766018]]]}},{"type":"Feature","properties":{"nr":null},"geometry":{"type":"Polygon","coordinates":[[[26.714474,47.765977],[26.714396,47.766007],[26.71441,47.766023],[26.714487,47.765993],[26.714474,47.765977]]]}},{"type":"Feature","properties":{"nr":null},"geometry":{"type":"Polygon","coordinates":[[[26.722531,47.760387],[26.72247,47.760331],[26.722352,47.760389],[26.722413,47.760446],[26.722531,47.760387]]]}},{"type":"Feature","properties":{"nr":null},"geometry":{"type":"Polygon","coordinates":[[[26.72266,47.760298],[26.722621,47.760271],[26.722538,47.760323],[26.722578,47.760352],[26.72266,47.760298]]]}},{"type":"Feature","properties":{"nr":null},"geometry":{"type":"Polygon","coordinates":[[[26.717752,47.763482],[26.717837,47.763537],[26.717882,47.763504],[26.717797,47.763449],[26.717752,47.763482]]]}},{"type":"Feature","properties":{"nr":null},"geometry":{"type":"Polygon","coordinates":[[[26.714679,47.759704],[26.714781,47.759639],[26.714734,47.759605],[26.714636,47.759671],[26.714679,47.759704]]]}},{"type":"Feature","properties":{"nr":null},"geometry":{"type":"Polygon","coordinates":[[[26.714532,47.759768],[26.714584,47.759806],[26.714641,47.759772],[26.714585,47.759733],[26.714532,47.759768]]]}},{"type":"Feature","properties":{"nr":null},"geometry":{"type":"Polygon","coordinates":[[[26.714534,47.759694],[26.714585,47.759733],[26.714642,47.759704],[26.714613,47.759684],[26.714626,47.759676],[26.7146,47.759657],[26.714534,47.759694]]]}},{"type":"Feature","properties":{"nr":null},"geometry":{"type":"Polygon","coordinates":[[[26.72453,47.759016],[26.724635,47.758947],[26.724588,47.758915],[26.724483,47.758984],[26.72453,47.759016]]]}},{"type":"Feature","properties":{"nr":null},"geometry":{"type":"Polygon","coordinates":[[[26.721574,47.766908],[26.721633,47.766946],[26.721755,47.766876],[26.721718,47.766845],[26.721707,47.766851],[26.721691,47.766838],[26.721649,47.766863],[26.72163,47.76685],[26.721599,47.766869],[26.721618,47.766881],[26.721574,47.766908]]]}},{"type":"Feature","properties":{"nr":null},"geometry":{"type":"Polygon","coordinates":[[[26.721551,47.766849],[26.721454,47.766784],[26.721422,47.766808],[26.721519,47.766873],[26.721551,47.766849]]]}},{"type":"Feature","properties":{"nr":null},"geometry":{"type":"Polygon","coordinates":[[[26.72319,47.762152],[26.723116,47.762102],[26.723004,47.762176],[26.723083,47.762226],[26.72319,47.762152]]]}},{"type":"Feature","properties":{"nr":null},"geometry":{"type":"Polygon","coordinates":[[[26.723059,47.762275],[26.722972,47.762215],[26.722942,47.762235],[26.723026,47.762295],[26.723059,47.762275]]]}},{"type":"Feature","properties":{"nr":null},"geometry":{"type":"Polygon","coordinates":[[[26.707756,47.765774],[26.707839,47.765716],[26.707728,47.765645],[26.707646,47.765702],[26.707756,47.765774]]]}},{"type":"Feature","properties":{"nr":null},"geometry":{"type":"Polygon","coordinates":[[[26.719255,47.766396],[26.719194,47.766355],[26.719056,47.766446],[26.719116,47.766487],[26.719255,47.766396]]]}},{"type":"Feature","properties":{"nr":null},"geometry":{"type":"Polygon","coordinates":[[[26.719023,47.766428],[26.719075,47.766393],[26.718981,47.766329],[26.718929,47.766364],[26.719023,47.766428]]]}},{"type":"Feature","properties":{"nr":null},"geometry":{"type":"Polygon","coordinates":[[[26.720026,47.758214],[26.719945,47.758162],[26.719839,47.758237],[26.719919,47.758289],[26.720026,47.758214]]]}},{"type":"Feature","properties":{"nr":null},"geometry":{"type":"Polygon","coordinates":[[[26.720159,47.758195],[26.720205,47.758164],[26.72016,47.758133],[26.720112,47.758162],[26.720159,47.758195]]]}},{"type":"Feature","properties":{"nr":null},"geometry":{"type":"Polygon","coordinates":[[[26.723866,47.761246],[26.723889,47.761263],[26.723973,47.761208],[26.723912,47.761165],[26.723837,47.761214],[26.723812,47.761196],[26.723773,47.761221],[26.723836,47.761265],[26.723866,47.761246]]]}},{"type":"Feature","properties":{"nr":null},"geometry":{"type":"Polygon","coordinates":[[[26.723679,47.761299],[26.723699,47.761312],[26.723691,47.761317],[26.723764,47.761365],[26.723817,47.761329],[26.723744,47.761281],[26.723736,47.761286],[26.723716,47.761273],[26.723679,47.761299]]]}},{"type":"Feature","properties":{"nr":null},"geometry":{"type":"Polygon","coordinates":[[[26.723326,47.761392],[26.723307,47.76139],[26.72317,47.761415],[26.723158,47.761387],[26.723113,47.761395],[26.723125,47.761423],[26.723112,47.761425],[26.723134,47.761481],[26.723189,47.761471],[26.723192,47.761478],[26.723332,47.761452],[26.723329,47.761445],[26.723346,47.761442],[26.723364,47.761424],[26.723357,47.761407],[26.723326,47.761392]]]}},{"type":"Feature","properties":{"nr":null},"geometry":{"type":"Polygon","coordinates":[[[26.723488,47.761372],[26.723601,47.761461],[26.723713,47.761396],[26.723498,47.761228],[26.723436,47.761264],[26.723481,47.761299],[26.723472,47.761304],[26.723529,47.761349],[26.723488,47.761372]]]}},{"type":"Feature","properties":{"nr":null},"geometry":{"type":"Polygon","coordinates":[[[26.723207,47.761306],[26.723241,47.761335],[26.723282,47.761314],[26.723248,47.761285],[26.723207,47.761306]]]}},{"type":"Feature","properties":{"nr":null},"geometry":{"type":"Polygon","coordinates":[[[26.71947,47.757347],[26.719572,47.757294],[26.719502,47.757233],[26.7194,47.757287],[26.71947,47.757347]]]}},{"type":"Feature","properties":{"nr":null},"geometry":{"type":"Polygon","coordinates":[[[26.719477,47.75743],[26.719514,47.75741],[26.719459,47.757366],[26.719423,47.757387],[26.719477,47.75743]]]}},{"type":"Feature","properties":{"nr":null},"geometry":{"type":"Polygon","coordinates":[[[26.719651,47.757333],[26.719711,47.757297],[26.719675,47.75727],[26.719615,47.757306],[26.719651,47.757333]]]}},{"type":"Feature","properties":{"nr":null},"geometry":{"type":"Polygon","coordinates":[[[26.726507,47.758064],[26.726603,47.758002],[26.726567,47.757976],[26.72647,47.758039],[26.726507,47.758064]]]}},{"type":"Feature","properties":{"nr":null},"geometry":{"type":"Polygon","coordinates":[[[26.721713,47.757521],[26.721628,47.757458],[26.721519,47.757528],[26.721604,47.75759],[26.721713,47.757521]]]}},{"type":"Feature","properties":{"nr":null},"geometry":{"type":"Polygon","coordinates":[[[26.721688,47.757659],[26.721747,47.757626],[26.721712,47.757599],[26.721652,47.757632],[26.721688,47.757659]]]}},{"type":"Feature","properties":{"nr":null},"geometry":{"type":"Polygon","coordinates":[[[26.715105,47.761247],[26.715153,47.761294],[26.715259,47.761245],[26.715238,47.761224],[26.715221,47.761232],[26.715195,47.761206],[26.715105,47.761247]]]}},{"type":"Feature","properties":{"nr":null},"geometry":{"type":"Polygon","coordinates":[[[26.715054,47.76132],[26.715095,47.7613],[26.715042,47.761249],[26.715,47.761268],[26.715054,47.76132]]]}},{"type":"Feature","properties":{"nr":null},"geometry":{"type":"Polygon","coordinates":[[[26.722219,47.756444],[26.722096,47.756353],[26.72195,47.75644],[26.722076,47.756528],[26.722219,47.756444]]]}},{"type":"Feature","properties":{"nr":null},"geometry":{"type":"Polygon","coordinates":[[[26.722207,47.756723],[26.722154,47.756676],[26.722073,47.756717],[26.722124,47.756763],[26.722207,47.756723]]]}},{"type":"Feature","properties":{"nr":null},"geometry":{"type":"Polygon","coordinates":[[[26.718517,47.761635],[26.718432,47.761692],[26.7185,47.761738],[26.718585,47.761681],[26.718517,47.761635]]]}},{"type":"Feature","properties":{"nr":null},"geometry":{"type":"Polygon","coordinates":[[[26.724868,47.757312],[26.725004,47.757223],[26.724946,47.757182],[26.724815,47.757272],[26.724868,47.757312]]]}},{"type":"Feature","properties":{"nr":null},"geometry":{"type":"Polygon","coordinates":[[[26.724729,47.75727],[26.724768,47.757247],[26.724689,47.757194],[26.724652,47.75722],[26.724729,47.75727]]]}},{"type":"Feature","properties":{"nr":null},"geometry":{"type":"Polygon","coordinates":[[[26.724941,47.757414],[26.725026,47.757354],[26.725009,47.757339],[26.724922,47.757402],[26.724941,47.757414]]]}},{"type":"Feature","properties":{"nr":null},"geometry":{"type":"Polygon","coordinates":[[[26.720579,47.760464],[26.72053,47.760427],[26.720461,47.760468],[26.720509,47.760506],[26.720579,47.760464]]]}},{"type":"Feature","properties":{"nr":null},"geometry":{"type":"Polygon","coordinates":[[[26.728872,47.759883],[26.728833,47.759861],[26.728769,47.759904],[26.728806,47.759932],[26.728872,47.759883]]]}},{"type":"Feature","properties":{"nr":null},"geometry":{"type":"Polygon","coordinates":[[[26.730726,47.75701],[26.730794,47.756953],[26.730722,47.756914],[26.730653,47.75697],[26.730726,47.75701]]]}},{"type":"Feature","properties":{"nr":null},"geometry":{"type":"Polygon","coordinates":[[[26.730616,47.757067],[26.730671,47.757027],[26.730638,47.757006],[26.730583,47.757047],[26.730616,47.757067]]]}},{"type":"Feature","properties":{"nr":null},"geometry":{"type":"Polygon","coordinates":[[[26.703801,47.769439],[26.703829,47.769416],[26.703569,47.769275],[26.703492,47.769337],[26.703753,47.769479],[26.703761,47.769472],[26.703788,47.769487],[26.703828,47.769454],[26.703801,47.769439]]]}},{"type":"Feature","properties":{"nr":null},"geometry":{"type":"Polygon","coordinates":[[[26.703843,47.769474],[26.703903,47.769508],[26.703988,47.769439],[26.703928,47.769405],[26.703843,47.769474]]]}},{"type":"Feature","properties":{"nr":null},"geometry":{"type":"Polygon","coordinates":[[[26.725511,47.764296],[26.725552,47.764276],[26.725521,47.764252],[26.72555,47.764238],[26.725508,47.764201],[26.725362,47.764273],[26.725439,47.764332],[26.725473,47.764315],[26.725498,47.764334],[26.725535,47.764315],[26.725511,47.764296]]]}},{"type":"Feature","properties":{"nr":null},"geometry":{"type":"Polygon","coordinates":[[[26.721366,47.764834],[26.721466,47.764771],[26.721421,47.764738],[26.721433,47.76473],[26.721401,47.764707],[26.721289,47.764777],[26.721366,47.764834]]]}},{"type":"Feature","properties":{"nr":null},"geometry":{"type":"Polygon","coordinates":[[[26.721362,47.764956],[26.721406,47.764926],[26.72131,47.764862],[26.721266,47.764892],[26.721362,47.764956]]]}},{"type":"Feature","properties":{"nr":null},"geometry":{"type":"Polygon","coordinates":[[[26.723873,47.75604],[26.72382,47.756007],[26.723672,47.756115],[26.723726,47.756149],[26.723873,47.75604]]]}},{"type":"Feature","properties":{"nr":null},"geometry":{"type":"Polygon","coordinates":[[[26.716495,47.761066],[26.716578,47.761017],[26.716503,47.760959],[26.716388,47.761026],[26.716443,47.761068],[26.716474,47.76105],[26.716495,47.761066]]]}},{"type":"Feature","properties":{"nr":null},"geometry":{"type":"Polygon","coordinates":[[[26.72705,47.759474],[26.726969,47.759528],[26.727079,47.759602],[26.72716,47.759548],[26.72705,47.759474]]]}},{"type":"Feature","properties":{"nr":null},"geometry":{"type":"Polygon","coordinates":[[[26.71871,47.76484],[26.718644,47.764792],[26.718556,47.764844],[26.718624,47.764893],[26.71871,47.76484]]]}},{"type":"Feature","properties":{"nr":null},"geometry":{"type":"Polygon","coordinates":[[[26.718497,47.764919],[26.718442,47.76488],[26.718401,47.764903],[26.718459,47.764944],[26.718497,47.764919]]]}},{"type":"Feature","properties":{"nr":null},"geometry":{"type":"Polygon","coordinates":[[[26.720249,47.766068],[26.720366,47.76599],[26.720304,47.765948],[26.720188,47.766026],[26.720249,47.766068]]]}},{"type":"Feature","properties":{"nr":null},"geometry":{"type":"Polygon","coordinates":[[[26.7201,47.766033],[26.720046,47.766068],[26.720113,47.766114],[26.720167,47.766078],[26.7201,47.766033]]]}},{"type":"Feature","properties":{"nr":null},"geometry":{"type":"Polygon","coordinates":[[[26.728881,47.7583],[26.72899,47.758223],[26.728934,47.758188],[26.728825,47.758264],[26.728881,47.7583]]]}},{"type":"Feature","properties":{"nr":null},"geometry":{"type":"Polygon","coordinates":[[[26.728819,47.758315],[26.728724,47.758379],[26.72879,47.758416],[26.728884,47.758353],[26.728819,47.758315]]]}},{"type":"Feature","properties":{"nr":null},"geometry":{"type":"Polygon","coordinates":[[[26.724003,47.755941],[26.723959,47.755912],[26.723871,47.755974],[26.723915,47.756003],[26.724003,47.755941]]]}},{"type":"Feature","properties":{"nr":null},"geometry":{"type":"Polygon","coordinates":[[[26.724114,47.755847],[26.724071,47.75582],[26.723984,47.755881],[26.724027,47.755908],[26.724114,47.755847]]]}},{"type":"Feature","properties":{"nr":null},"geometry":{"type":"Polygon","coordinates":[[[26.719866,47.759404],[26.71981,47.759366],[26.719683,47.759449],[26.719741,47.759486],[26.719866,47.759404]]]}},{"type":"Feature","properties":{"nr":null},"geometry":{"type":"Polygon","coordinates":[[[26.725994,47.756067],[26.726072,47.756034],[26.726032,47.755991],[26.725954,47.756023],[26.725994,47.756067]]]}},{"type":"Feature","properties":{"nr":null},"geometry":{"type":"Polygon","coordinates":[[[26.726158,47.784056],[26.72619,47.784056],[26.726191,47.783984],[26.726044,47.783983],[26.726044,47.784018],[26.726018,47.784018],[26.726016,47.784081],[26.726157,47.784083],[26.726158,47.784056]]]}},{"type":"Feature","properties":{"nr":null},"geometry":{"type":"Polygon","coordinates":[[[26.700469,47.796643],[26.70058,47.796644],[26.700582,47.796555],[26.700473,47.796554],[26.700469,47.796643]]]}},{"type":"Feature","properties":{"nr":null},"geometry":{"type":"Polygon","coordinates":[[[26.700593,47.796679],[26.7007,47.796691],[26.700709,47.796656],[26.700601,47.796644],[26.700593,47.796679]]]}},{"type":"Feature","properties":{"nr":null},"geometry":{"type":"Polygon","coordinates":[[[26.73007,47.752699],[26.730129,47.752777],[26.730237,47.752737],[26.730178,47.75266],[26.73007,47.752699]]]}},{"type":"Feature","properties":{"nr":null},"geometry":{"type":"Polygon","coordinates":[[[26.727328,47.757439],[26.72738,47.757476],[26.727448,47.757433],[26.727396,47.757396],[26.727328,47.757439]]]}},{"type":"Feature","properties":{"nr":null},"geometry":{"type":"Polygon","coordinates":[[[26.72372,47.763291],[26.72367,47.763258],[26.723559,47.763332],[26.72361,47.763366],[26.72372,47.763291]]]}},{"type":"Feature","properties":{"nr":null},"geometry":{"type":"Polygon","coordinates":[[[26.723488,47.76335],[26.72352,47.76333],[26.723462,47.763286],[26.723429,47.763306],[26.723488,47.76335]]]}},{"type":"Feature","properties":{"nr":null},"geometry":{"type":"Polygon","coordinates":[[[26.717869,47.76343],[26.717928,47.763389],[26.717847,47.763336],[26.717788,47.763377],[26.717869,47.76343]]]}},{"type":"Feature","properties":{"nr":null},"geometry":{"type":"Polygon","coordinates":[[[26.720118,47.767393],[26.72003,47.767338],[26.720039,47.767332],[26.72002,47.767319],[26.719961,47.767359],[26.71998,47.767371],[26.719966,47.767381],[26.720054,47.767436],[26.720118,47.767393]]]}},{"type":"Feature","properties":{"nr":null},"geometry":{"type":"Polygon","coordinates":[[[26.724449,47.757613],[26.724563,47.757542],[26.724492,47.75749],[26.724378,47.757561],[26.724449,47.757613]]]}},{"type":"Feature","properties":{"nr":null},"geometry":{"type":"Polygon","coordinates":[[[26.724329,47.757528],[26.724372,47.757501],[26.724299,47.757448],[26.724257,47.757475],[26.724329,47.757528]]]}},{"type":"Feature","properties":{"nr":null},"geometry":{"type":"Polygon","coordinates":[[[26.724663,47.75757],[26.724633,47.757546],[26.724548,47.757593],[26.724578,47.757618],[26.724663,47.75757]]]}},{"type":"Feature","properties":{"nr":null},"geometry":{"type":"Polygon","coordinates":[[[26.724847,47.761022],[26.724829,47.76101],[26.724804,47.761027],[26.72486,47.761064],[26.724884,47.761048],[26.724896,47.761056],[26.724991,47.760992],[26.724941,47.760959],[26.724847,47.761022]]]}},{"type":"Feature","properties":{"nr":null},"geometry":{"type":"Polygon","coordinates":[[[26.724713,47.761137],[26.72475,47.761112],[26.724655,47.761049],[26.724617,47.761074],[26.724713,47.761137]]]}},{"type":"Feature","properties":{"nr":null},"geometry":{"type":"Polygon","coordinates":[[[26.716597,47.762957],[26.716631,47.762981],[26.716731,47.76291],[26.716697,47.762887],[26.716597,47.762957]]]}},{"type":"Feature","properties":{"nr":null},"geometry":{"type":"Polygon","coordinates":[[[26.716482,47.762988],[26.71653,47.762954],[26.716494,47.762929],[26.716446,47.762963],[26.716482,47.762988]]]}},{"type":"Feature","properties":{"nr":null},"geometry":{"type":"Polygon","coordinates":[[[26.716819,47.77872],[26.716867,47.778685],[26.716774,47.778627],[26.716726,47.778662],[26.716819,47.77872]]]}},{"type":"Feature","properties":{"nr":null},"geometry":{"type":"Polygon","coordinates":[[[26.723155,47.764123],[26.723085,47.764074],[26.723016,47.764119],[26.723086,47.764168],[26.723155,47.764123]]]}},{"type":"Feature","properties":{"nr":null},"geometry":{"type":"Polygon","coordinates":[[[26.722897,47.764086],[26.722836,47.764126],[26.722932,47.764194],[26.722975,47.764166],[26.722906,47.764118],[26.722925,47.764106],[26.722897,47.764086]]]}},{"type":"Feature","properties":{"nr":null},"geometry":{"type":"Polygon","coordinates":[[[26.723958,47.762653],[26.723881,47.762706],[26.723956,47.762755],[26.724032,47.762702],[26.723958,47.762653]]]}},{"type":"Feature","properties":{"nr":null},"geometry":{"type":"Polygon","coordinates":[[[26.723909,47.762753],[26.72388,47.762734],[26.723793,47.762791],[26.723822,47.762811],[26.723909,47.762753]]]}},{"type":"Feature","properties":{"nr":null},"geometry":{"type":"Polygon","coordinates":[[[26.723774,47.762777],[26.723797,47.762763],[26.723816,47.762776],[26.723902,47.76272],[26.723881,47.762706],[26.72386,47.76272],[26.72378,47.762664],[26.723693,47.762721],[26.723774,47.762777]]]}},{"type":"Feature","properties":{"nr":null},"geometry":{"type":"Polygon","coordinates":[[[26.723848,47.76256],[26.723752,47.762494],[26.72365,47.762562],[26.723746,47.762627],[26.723848,47.76256]]]}},{"type":"Feature","properties":{"nr":null},"geometry":{"type":"Polygon","coordinates":[[[26.726718,47.783049],[26.726803,47.78306],[26.726873,47.78282],[26.726788,47.782808],[26.726718,47.783049]]]}},{"type":"Feature","properties":{"nr":null},"geometry":{"type":"Polygon","coordinates":[[[26.727261,47.783116],[26.727274,47.78307],[26.726817,47.783013],[26.726803,47.78306],[26.727261,47.783116]]]}},{"type":"Feature","properties":{"nr":null},"geometry":{"type":"Polygon","coordinates":[[[26.727261,47.783116],[26.727401,47.783134],[26.727445,47.782977],[26.727305,47.782958],[26.727261,47.783116]]]}},{"type":"Feature","properties":{"nr":null},"geometry":{"type":"Polygon","coordinates":[[[26.722256,47.762849],[26.722162,47.762781],[26.722075,47.762842],[26.722169,47.76291],[26.722256,47.762849]]]}},{"type":"Feature","properties":{"nr":null},"geometry":{"type":"Polygon","coordinates":[[[26.722256,47.762774],[26.722328,47.762734],[26.722286,47.762704],[26.722217,47.762744],[26.722256,47.762774]]]}},{"type":"Feature","properties":{"nr":null},"geometry":{"type":"Polygon","coordinates":[[[26.724316,47.761361],[26.724286,47.76138],[26.724303,47.761392],[26.724225,47.761442],[26.72429,47.761489],[26.724399,47.761419],[26.724316,47.761361]]]}},{"type":"Feature","properties":{"nr":null},"geometry":{"type":"Polygon","coordinates":[[[26.717085,47.765863],[26.716955,47.765767],[26.716866,47.765822],[26.716996,47.765918],[26.717085,47.765863]]]}},{"type":"Feature","properties":{"nr":null},"geometry":{"type":"Polygon","coordinates":[[[26.72559,47.756338],[26.725686,47.756275],[26.725633,47.756239],[26.725537,47.756301],[26.72559,47.756338]]]}},{"type":"Feature","properties":{"nr":null},"geometry":{"type":"Polygon","coordinates":[[[26.72579,47.75626],[26.725851,47.756221],[26.725804,47.75619],[26.725742,47.756228],[26.72579,47.75626]]]}},{"type":"Feature","properties":{"nr":null},"geometry":{"type":"Polygon","coordinates":[[[26.728862,47.758474],[26.728907,47.758497],[26.728994,47.758422],[26.728917,47.758382],[26.728886,47.758408],[26.728871,47.758401],[26.72885,47.758418],[26.728843,47.758415],[26.728795,47.758455],[26.728849,47.758484],[26.728862,47.758474]]]}},{"type":"Feature","properties":{"nr":null},"geometry":{"type":"Polygon","coordinates":[[[26.725917,47.756099],[26.725994,47.756067],[26.725954,47.756023],[26.725877,47.756056],[26.725917,47.756099]]]}},{"type":"Feature","properties":{"nr":null},"geometry":{"type":"Polygon","coordinates":[[[26.725847,47.756053],[26.72586,47.756046],[26.725808,47.756001],[26.725764,47.756024],[26.725833,47.756084],[26.725864,47.756068],[26.725847,47.756053]]]}},{"type":"Feature","properties":{"nr":null},"geometry":{"type":"Polygon","coordinates":[[[26.717784,47.761595],[26.717683,47.761667],[26.717785,47.761732],[26.717796,47.761713],[26.717866,47.761663],[26.717813,47.761629],[26.717824,47.761621],[26.717784,47.761595]]]}},{"type":"Feature","properties":{"nr":null},"geometry":{"type":"Polygon","coordinates":[[[26.721405,47.755567],[26.721456,47.755615],[26.72149,47.755598],[26.721504,47.755611],[26.721596,47.755566],[26.721525,47.755501],[26.721405,47.755567]]]}},{"type":"Feature","properties":{"nr":null},"geometry":{"type":"Polygon","coordinates":[[[26.721356,47.755757],[26.721412,47.755718],[26.721379,47.755696],[26.721323,47.755736],[26.721356,47.755757]]]}},{"type":"Feature","properties":{"nr":null},"geometry":{"type":"Polygon","coordinates":[[[26.726205,47.756338],[26.726277,47.75638],[26.726364,47.756313],[26.72638,47.756322],[26.726408,47.7563],[26.726313,47.756244],[26.726285,47.756266],[26.726292,47.75627],[26.726205,47.756338]]]}},{"type":"Feature","properties":{"nr":null},"geometry":{"type":"Polygon","coordinates":[[[26.724262,47.763225],[26.724327,47.763272],[26.724406,47.763221],[26.724342,47.763175],[26.724262,47.763225]]]}},{"type":"Feature","properties":{"nr":null},"geometry":{"type":"Polygon","coordinates":[[[26.718961,47.760844],[26.719003,47.760873],[26.719118,47.760798],[26.719077,47.760769],[26.718961,47.760844]]]}},{"type":"Feature","properties":{"nr":null},"geometry":{"type":"Polygon","coordinates":[[[26.718905,47.760815],[26.718947,47.760786],[26.718843,47.760719],[26.718802,47.760749],[26.718905,47.760815]]]}},{"type":"Feature","properties":{"nr":null},"geometry":{"type":"Polygon","coordinates":[[[26.72339,47.756348],[26.723425,47.756375],[26.723546,47.756304],[26.723476,47.75625],[26.723375,47.756308],[26.72341,47.756336],[26.72339,47.756348]]]}},{"type":"Feature","properties":{"nr":null},"geometry":{"type":"Polygon","coordinates":[[[26.721517,47.761314],[26.721624,47.761394],[26.721871,47.761243],[26.721764,47.761163],[26.721517,47.761314]]]}},{"type":"Feature","properties":{"nr":null},"geometry":{"type":"Polygon","coordinates":[[[26.710675,47.763399],[26.710735,47.763356],[26.710646,47.763299],[26.710586,47.763342],[26.710675,47.763399]]]}},{"type":"Feature","properties":{"nr":null},"geometry":{"type":"Polygon","coordinates":[[[26.710558,47.763262],[26.710645,47.763211],[26.710607,47.763185],[26.71052,47.763236],[26.710558,47.763262]]]}},{"type":"Feature","properties":{"nr":null},"geometry":{"type":"Polygon","coordinates":[[[26.726754,47.755915],[26.726662,47.755976],[26.726762,47.756044],[26.726854,47.755983],[26.726754,47.755915]]]}},{"type":"Feature","properties":{"nr":null},"geometry":{"type":"Polygon","coordinates":[[[26.721975,47.755691],[26.721921,47.755651],[26.721822,47.755711],[26.721876,47.755751],[26.721975,47.755691]]]}},{"type":"Feature","properties":{"nr":null},"geometry":{"type":"Polygon","coordinates":[[[26.72172,47.755744],[26.721689,47.755764],[26.721742,47.755802],[26.721774,47.755782],[26.72172,47.755744]]]}},{"type":"Feature","properties":{"nr":null},"geometry":{"type":"Polygon","coordinates":[[[26.718021,47.759953],[26.717925,47.76001],[26.718,47.760067],[26.718096,47.760011],[26.718021,47.759953]]]}},{"type":"Feature","properties":{"nr":null},"geometry":{"type":"Polygon","coordinates":[[[26.716471,47.757896],[26.716552,47.757842],[26.716508,47.757812],[26.716427,47.757867],[26.716471,47.757896]]]}},{"type":"Feature","properties":{"nr":null},"geometry":{"type":"Polygon","coordinates":[[[26.725167,47.763927],[26.725082,47.763985],[26.725157,47.764038],[26.725241,47.763979],[26.725167,47.763927]]]}},{"type":"Feature","properties":{"nr":null},"geometry":{"type":"Polygon","coordinates":[[[26.728246,47.75407],[26.728284,47.754085],[26.728357,47.754],[26.728259,47.753962],[26.728175,47.754059],[26.728236,47.754083],[26.728246,47.75407]]]}},{"type":"Feature","properties":{"nr":null},"geometry":{"type":"Polygon","coordinates":[[[26.728033,47.754089],[26.728078,47.754102],[26.728129,47.754021],[26.728084,47.754008],[26.728033,47.754089]]]}},{"type":"Feature","properties":{"nr":null},"geometry":{"type":"Polygon","coordinates":[[[26.704463,47.769586],[26.704576,47.769648],[26.705086,47.769228],[26.704975,47.769167],[26.704463,47.769586]]]}},{"type":"Feature","properties":{"nr":null},"geometry":{"type":"Polygon","coordinates":[[[26.711665,47.774611],[26.711771,47.774549],[26.711752,47.774535],[26.711733,47.774533],[26.711701,47.774508],[26.711605,47.774564],[26.711665,47.774611]]]}},{"type":"Feature","properties":{"nr":null},"geometry":{"type":"Polygon","coordinates":[[[26.711419,47.774743],[26.711461,47.774721],[26.711397,47.774664],[26.711354,47.774686],[26.711419,47.774743]]]}},{"type":"Feature","properties":{"nr":null},"geometry":{"type":"Polygon","coordinates":[[[26.720663,47.754779],[26.720588,47.754733],[26.720477,47.754812],[26.720552,47.754857],[26.720663,47.754779]]]}},{"type":"Feature","properties":{"nr":null},"geometry":{"type":"Polygon","coordinates":[[[26.720404,47.754915],[26.720443,47.75489],[26.720362,47.754832],[26.720352,47.754839],[26.72034,47.75483],[26.720312,47.754849],[26.720404,47.754915]]]}},{"type":"Feature","properties":{"nr":null},"geometry":{"type":"Polygon","coordinates":[[[26.708068,47.766305],[26.708179,47.766367],[26.708335,47.766242],[26.708224,47.76618],[26.708068,47.766305]]]}},{"type":"Feature","properties":{"nr":null},"geometry":{"type":"Polygon","coordinates":[[[26.70817,47.766223],[26.708224,47.76618],[26.708163,47.766145],[26.708109,47.766189],[26.70817,47.766223]]]}},{"type":"Feature","properties":{"nr":null},"geometry":{"type":"Polygon","coordinates":[[[26.729446,47.75283],[26.729331,47.752865],[26.729361,47.75291],[26.729476,47.752875],[26.729446,47.75283]]]}},{"type":"Feature","properties":{"nr":null},"geometry":{"type":"Polygon","coordinates":[[[26.729341,47.752939],[26.729275,47.752956],[26.729318,47.75303],[26.729384,47.753013],[26.729341,47.752939]]]}},{"type":"Feature","properties":{"nr":null},"geometry":{"type":"Polygon","coordinates":[[[26.719728,47.758423],[26.71966,47.75838],[26.719566,47.758444],[26.719633,47.758488],[26.719728,47.758423]]]}},{"type":"Feature","properties":{"nr":null},"geometry":{"type":"Polygon","coordinates":[[[26.719568,47.75847],[26.719474,47.758409],[26.719432,47.758439],[26.719524,47.758502],[26.719568,47.75847]]]}},{"type":"Feature","properties":{"nr":null},"geometry":{"type":"Polygon","coordinates":[[[26.723653,47.759511],[26.723762,47.759445],[26.723673,47.759378],[26.723564,47.759445],[26.723653,47.759511]]]}},{"type":"Feature","properties":{"nr":null},"geometry":{"type":"Polygon","coordinates":[[[26.72383,47.759412],[26.723876,47.759383],[26.723786,47.759318],[26.72374,47.759346],[26.72383,47.759412]]]}},{"type":"Feature","properties":{"nr":null},"geometry":{"type":"Polygon","coordinates":[[[26.71695,47.778621],[26.717037,47.778553],[26.716961,47.778509],[26.716874,47.778576],[26.71695,47.778621]]]}},{"type":"Feature","properties":{"nr":null},"geometry":{"type":"Polygon","coordinates":[[[26.71684,47.778534],[26.716878,47.778548],[26.716898,47.778526],[26.71686,47.778511],[26.71684,47.778534]]]}},{"type":"Feature","properties":{"nr":null},"geometry":{"type":"Polygon","coordinates":[[[26.716615,47.77878],[26.71668,47.778826],[26.716757,47.778776],[26.716693,47.77873],[26.716615,47.77878]]]}},{"type":"Feature","properties":{"nr":null},"geometry":{"type":"Polygon","coordinates":[[[26.724386,47.761322],[26.724436,47.761356],[26.724543,47.761284],[26.724493,47.76125],[26.724386,47.761322]]]}},{"type":"Feature","properties":{"nr":null},"geometry":{"type":"Polygon","coordinates":[[[26.722566,47.76126],[26.722494,47.761315],[26.72258,47.761366],[26.722672,47.761299],[26.722639,47.761278],[26.722621,47.761292],[26.722566,47.76126]]]}},{"type":"Feature","properties":{"nr":null},"geometry":{"type":"Polygon","coordinates":[[[26.725854,47.754728],[26.726,47.754636],[26.725931,47.754587],[26.725785,47.754679],[26.725854,47.754728]]]}},{"type":"Feature","properties":{"nr":null},"geometry":{"type":"Polygon","coordinates":[[[26.725707,47.754727],[26.725757,47.754697],[26.725703,47.754657],[26.725654,47.754687],[26.725707,47.754727]]]}},{"type":"Feature","properties":{"nr":null},"geometry":{"type":"Polygon","coordinates":[[[26.72212,47.755472],[26.722159,47.755448],[26.722085,47.755395],[26.722047,47.75542],[26.72212,47.755472]]]}},{"type":"Feature","properties":{"nr":null},"geometry":{"type":"Polygon","coordinates":[[[26.717048,47.778537],[26.717145,47.778475],[26.717077,47.778427],[26.71698,47.778488],[26.717048,47.778537]]]}},{"type":"Feature","properties":{"nr":null},"geometry":{"type":"Polygon","coordinates":[[[26.717419,47.760068],[26.717516,47.760008],[26.717444,47.759957],[26.717346,47.760019],[26.717419,47.760068]]]}},{"type":"Feature","properties":{"nr":null},"geometry":{"type":"Polygon","coordinates":[[[26.717209,47.759939],[26.717284,47.759985],[26.717334,47.759951],[26.71726,47.759905],[26.717209,47.759939]]]}},{"type":"Feature","properties":{"nr":null},"geometry":{"type":"Polygon","coordinates":[[[26.717378,47.759893],[26.71739,47.759883],[26.717409,47.759895],[26.717423,47.759885],[26.717403,47.759873],[26.717427,47.759855],[26.717379,47.759825],[26.717329,47.759863],[26.717378,47.759893]]]}},{"type":"Feature","properties":{"nr":null},"geometry":{"type":"Polygon","coordinates":[[[26.731188,47.753586],[26.731328,47.753534],[26.731292,47.753488],[26.731151,47.75354],[26.731188,47.753586]]]}},{"type":"Feature","properties":{"nr":null},"geometry":{"type":"Polygon","coordinates":[[[26.731067,47.753653],[26.731138,47.75362],[26.731093,47.753576],[26.731021,47.753609],[26.731067,47.753653]]]}},{"type":"Feature","properties":{"nr":null},"geometry":{"type":"Polygon","coordinates":[[[26.724942,47.756804],[26.725001,47.756768],[26.72496,47.756738],[26.724902,47.756774],[26.724942,47.756804]]]}},{"type":"Feature","properties":{"nr":null},"geometry":{"type":"Polygon","coordinates":[[[26.725016,47.7571],[26.725046,47.757117],[26.725085,47.757105],[26.725112,47.757119],[26.725189,47.757072],[26.725143,47.757045],[26.725077,47.757081],[26.724997,47.757029],[26.724902,47.757087],[26.724965,47.757131],[26.725016,47.7571]]]}},{"type":"Feature","properties":{"nr":null},"geometry":{"type":"Polygon","coordinates":[[[26.72517,47.754739],[26.725259,47.754672],[26.725186,47.754628],[26.725097,47.754694],[26.72517,47.754739]]]}},{"type":"Feature","properties":{"nr":null},"geometry":{"type":"Polygon","coordinates":[[[26.716667,47.764224],[26.716582,47.764163],[26.716531,47.764193],[26.716616,47.764253],[26.716667,47.764224]]]}},{"type":"Feature","properties":{"nr":null},"geometry":{"type":"Polygon","coordinates":[[[26.731105,47.753351],[26.730947,47.753414],[26.730996,47.753464],[26.731154,47.7534],[26.731105,47.753351]]]}},{"type":"Feature","properties":{"nr":null},"geometry":{"type":"Polygon","coordinates":[[[26.730974,47.753344],[26.730938,47.753309],[26.730916,47.753317],[26.730895,47.753295],[26.730845,47.753316],[26.730903,47.753373],[26.730974,47.753344]]]}},{"type":"Feature","properties":{"nr":null},"geometry":{"type":"Polygon","coordinates":[[[26.717059,47.764486],[26.717168,47.764418],[26.717098,47.764367],[26.716988,47.764435],[26.717059,47.764486]]]}},{"type":"Feature","properties":{"nr":null},"geometry":{"type":"Polygon","coordinates":[[[26.717168,47.764365],[26.717227,47.764401],[26.717293,47.764352],[26.717235,47.764316],[26.717168,47.764365]]]}},{"type":"Feature","properties":{"nr":null},"geometry":{"type":"Polygon","coordinates":[[[26.717616,47.7616],[26.717696,47.761647],[26.717745,47.76161],[26.717695,47.761581],[26.717722,47.76156],[26.717692,47.761542],[26.717616,47.7616]]]}},{"type":"Feature","properties":{"nr":null},"geometry":{"type":"Polygon","coordinates":[[[26.724818,47.764925],[26.724783,47.7649],[26.724697,47.764953],[26.724732,47.764979],[26.724818,47.764925]]]}},{"type":"Feature","properties":{"nr":null},"geometry":{"type":"Polygon","coordinates":[[[26.714766,47.759934],[26.714811,47.759958],[26.714881,47.759899],[26.714836,47.759875],[26.714766,47.759934]]]}},{"type":"Feature","properties":{"nr":null},"geometry":{"type":"Polygon","coordinates":[[[26.715017,47.759977],[26.71507,47.760012],[26.71517,47.759937],[26.715116,47.759902],[26.715017,47.759977]]]}},{"type":"Feature","properties":{"nr":null},"geometry":{"type":"Polygon","coordinates":[[[26.727843,47.758269],[26.727789,47.758241],[26.727676,47.758334],[26.72773,47.758362],[26.727843,47.758269]]]}},{"type":"Feature","properties":{"nr":null},"geometry":{"type":"Polygon","coordinates":[[[26.727658,47.758452],[26.727696,47.758423],[26.727608,47.758368],[26.72757,47.758397],[26.727658,47.758452]]]}},{"type":"Feature","properties":{"nr":null},"geometry":{"type":"Polygon","coordinates":[[[26.723567,47.759921],[26.723486,47.759976],[26.723535,47.760009],[26.723616,47.759954],[26.723567,47.759921]]]}},{"type":"Feature","properties":{"nr":null},"geometry":{"type":"Polygon","coordinates":[[[26.718879,47.764743],[26.718956,47.764691],[26.71887,47.764646],[26.718802,47.764692],[26.718879,47.764743]]]}},{"type":"Feature","properties":{"nr":null},"geometry":{"type":"Polygon","coordinates":[[[26.718738,47.764768],[26.718775,47.764742],[26.718691,47.764687],[26.718653,47.764712],[26.718738,47.764768]]]}},{"type":"Feature","properties":{"nr":null},"geometry":{"type":"Polygon","coordinates":[[[26.728733,47.754102],[26.728763,47.754119],[26.728879,47.754027],[26.728848,47.75401],[26.728733,47.754102]]]}},{"type":"Feature","properties":{"nr":null},"geometry":{"type":"Polygon","coordinates":[[[26.729023,47.752995],[26.72893,47.753026],[26.728981,47.753095],[26.729074,47.753065],[26.729023,47.752995]]]}},{"type":"Feature","properties":{"nr":null},"geometry":{"type":"Polygon","coordinates":[[[26.718593,47.758677],[26.718659,47.758722],[26.718763,47.758652],[26.718734,47.758633],[26.718707,47.758651],[26.71867,47.758626],[26.718593,47.758677]]]}},{"type":"Feature","properties":{"nr":null},"geometry":{"type":"Polygon","coordinates":[[[26.718213,47.765531],[26.718275,47.765588],[26.718405,47.765521],[26.718343,47.765464],[26.718213,47.765531]]]}},{"type":"Feature","properties":{"nr":null},"geometry":{"type":"Polygon","coordinates":[[[26.717641,47.765786],[26.717704,47.765826],[26.717743,47.765802],[26.71768,47.765762],[26.717641,47.765786]]]}},{"type":"Feature","properties":{"nr":null},"geometry":{"type":"Polygon","coordinates":[[[26.726617,47.763969],[26.726736,47.763893],[26.726706,47.763871],[26.726684,47.763885],[26.726678,47.763881],[26.72658,47.763943],[26.726617,47.763969]]]}},{"type":"Feature","properties":{"nr":null},"geometry":{"type":"Polygon","coordinates":[[[26.730047,47.755592],[26.73017,47.755498],[26.730128,47.755473],[26.730007,47.755566],[26.730047,47.755592]]]}},{"type":"Feature","properties":{"nr":null},"geometry":{"type":"Polygon","coordinates":[[[26.729868,47.755457],[26.729907,47.75548],[26.729987,47.75542],[26.729947,47.755395],[26.729868,47.755457]]]}},{"type":"Feature","properties":{"nr":null},"geometry":{"type":"Polygon","coordinates":[[[26.716063,47.760778],[26.716144,47.760839],[26.716244,47.760778],[26.716163,47.760717],[26.716063,47.760778]]]}},{"type":"Feature","properties":{"nr":null},"geometry":{"type":"Polygon","coordinates":[[[26.715996,47.760853],[26.716037,47.760828],[26.715956,47.760768],[26.715996,47.760744],[26.715954,47.760712],[26.715874,47.760761],[26.715996,47.760853]]]}},{"type":"Feature","properties":{"nr":null},"geometry":{"type":"Polygon","coordinates":[[[26.715998,47.758753],[26.715952,47.758727],[26.715865,47.758796],[26.71591,47.758821],[26.715998,47.758753]]]}},{"type":"Feature","properties":{"nr":null},"geometry":{"type":"Polygon","coordinates":[[[26.715855,47.758846],[26.715894,47.758817],[26.71578,47.758753],[26.715741,47.758783],[26.715855,47.758846]]]}},{"type":"Feature","properties":{"nr":null},"geometry":{"type":"Polygon","coordinates":[[[26.716012,47.762843],[26.716047,47.762869],[26.716172,47.762794],[26.716137,47.762768],[26.716012,47.762843]]]}},{"type":"Feature","properties":{"nr":null},"geometry":{"type":"Polygon","coordinates":[[[26.715851,47.762784],[26.715882,47.762806],[26.715974,47.762746],[26.715943,47.762724],[26.715851,47.762784]]]}},{"type":"Feature","properties":{"nr":null},"geometry":{"type":"Polygon","coordinates":[[[26.728083,47.754505],[26.72813,47.75454],[26.728209,47.754492],[26.728159,47.754455],[26.728083,47.754505]]]}},{"type":"Feature","properties":{"nr":null},"geometry":{"type":"Polygon","coordinates":[[[26.719639,47.760362],[26.719683,47.760403],[26.719861,47.760316],[26.719817,47.760275],[26.719639,47.760362]]]}},{"type":"Feature","properties":{"nr":null},"geometry":{"type":"Polygon","coordinates":[[[26.719624,47.760494],[26.719701,47.760441],[26.719664,47.760415],[26.719586,47.760468],[26.719624,47.760494]]]}},{"type":"Feature","properties":{"nr":null},"geometry":{"type":"Polygon","coordinates":[[[26.719549,47.760324],[26.719571,47.760346],[26.719603,47.760331],[26.719581,47.760309],[26.719549,47.760324]]]}},{"type":"Feature","properties":{"nr":null},"geometry":{"type":"Polygon","coordinates":[[[26.719516,47.760418],[26.719555,47.760446],[26.719578,47.760429],[26.71954,47.760402],[26.719516,47.760418]]]}},{"type":"Feature","properties":{"nr":null},"geometry":{"type":"Polygon","coordinates":[[[26.72588,47.764032],[26.725928,47.764065],[26.726052,47.763987],[26.726004,47.763953],[26.72588,47.764032]]]}},{"type":"Feature","properties":{"nr":null},"geometry":{"type":"Polygon","coordinates":[[[26.726179,47.763971],[26.726143,47.763949],[26.726088,47.763985],[26.726124,47.764007],[26.726179,47.763971]]]}},{"type":"Feature","properties":{"nr":null},"geometry":{"type":"Polygon","coordinates":[[[26.729726,47.752866],[26.72951,47.752913],[26.729533,47.752962],[26.729601,47.752948],[26.729609,47.752966],[26.729723,47.752942],[26.729714,47.752923],[26.72975,47.752915],[26.729726,47.752866]]]}},{"type":"Feature","properties":{"nr":null},"geometry":{"type":"Polygon","coordinates":[[[26.729538,47.752869],[26.729485,47.752777],[26.729448,47.752786],[26.729501,47.752879],[26.729538,47.752869]]]}},{"type":"Feature","properties":{"nr":null},"geometry":{"type":"Polygon","coordinates":[[[26.722412,47.758514],[26.722489,47.758463],[26.722396,47.758398],[26.722319,47.758449],[26.722412,47.758514]]]}},{"type":"Feature","properties":{"nr":null},"geometry":{"type":"Polygon","coordinates":[[[26.722098,47.758711],[26.722232,47.758634],[26.722171,47.758586],[26.722037,47.758663],[26.722098,47.758711]]]}},{"type":"Feature","properties":{"nr":null},"geometry":{"type":"Polygon","coordinates":[[[26.725616,47.758217],[26.725606,47.758223],[26.725566,47.758194],[26.725463,47.758258],[26.725527,47.758305],[26.725641,47.758235],[26.725616,47.758217]]]}},{"type":"Feature","properties":{"nr":null},"geometry":{"type":"Polygon","coordinates":[[[26.725364,47.758186],[26.725326,47.75821],[26.725377,47.758248],[26.725416,47.758224],[26.725364,47.758186]]]}},{"type":"Feature","properties":{"nr":null},"geometry":{"type":"Polygon","coordinates":[[[26.722339,47.761186],[26.722471,47.761097],[26.722418,47.761061],[26.722287,47.761151],[26.722339,47.761186]]]}},{"type":"Feature","properties":{"nr":null},"geometry":{"type":"Polygon","coordinates":[[[26.722277,47.761052],[26.722344,47.760993],[26.7223,47.760965],[26.722224,47.76102],[26.722277,47.761052]]]}},{"type":"Feature","properties":{"nr":null},"geometry":{"type":"Polygon","coordinates":[[[26.722338,47.760937],[26.7223,47.760965],[26.722344,47.760993],[26.722382,47.760965],[26.722338,47.760937]]]}},{"type":"Feature","properties":{"nr":null},"geometry":{"type":"Polygon","coordinates":[[[26.718349,47.761199],[26.718425,47.761248],[26.718497,47.761197],[26.718422,47.761148],[26.718349,47.761199]]]}},{"type":"Feature","properties":{"nr":null},"geometry":{"type":"Polygon","coordinates":[[[26.719048,47.761115],[26.719118,47.761162],[26.719157,47.761135],[26.719181,47.761151],[26.719224,47.761121],[26.71913,47.761059],[26.719048,47.761115]]]}},{"type":"Feature","properties":{"nr":null},"geometry":{"type":"Polygon","coordinates":[[[26.721238,47.764927],[26.721108,47.765009],[26.721153,47.765042],[26.721283,47.76496],[26.721238,47.764927]]]}},{"type":"Feature","properties":{"nr":null},"geometry":{"type":"Polygon","coordinates":[[[26.721027,47.765112],[26.721061,47.765135],[26.721139,47.765081],[26.721106,47.765059],[26.721027,47.765112]]]}},{"type":"Feature","properties":{"nr":null},"geometry":{"type":"Polygon","coordinates":[[[26.723677,47.761878],[26.723579,47.761947],[26.723627,47.761978],[26.723726,47.761909],[26.723677,47.761878]]]}},{"type":"Feature","properties":{"nr":null},"geometry":{"type":"Polygon","coordinates":[[[26.72343,47.761979],[26.723523,47.762044],[26.723563,47.762018],[26.723471,47.761953],[26.72343,47.761979]]]}},{"type":"Feature","properties":{"nr":null},"geometry":{"type":"Polygon","coordinates":[[[26.716763,47.778761],[26.716811,47.778724],[26.71672,47.778671],[26.716672,47.778708],[26.716763,47.778761]]]}},{"type":"Feature","properties":{"nr":null},"geometry":{"type":"Polygon","coordinates":[[[26.722149,47.764848],[26.722216,47.764891],[26.722274,47.76485],[26.722208,47.764807],[26.722149,47.764848]]]}},{"type":"Feature","properties":{"nr":null},"geometry":{"type":"Polygon","coordinates":[[[26.722117,47.764813],[26.722227,47.764745],[26.722154,47.764691],[26.722058,47.76475],[26.722102,47.764783],[26.722088,47.764791],[26.722117,47.764813]]]}},{"type":"Feature","properties":{"nr":null},"geometry":{"type":"Polygon","coordinates":[[[26.726326,47.755824],[26.726416,47.755756],[26.726359,47.755722],[26.726376,47.755709],[26.726351,47.755694],[26.726244,47.755775],[26.726326,47.755824]]]}},{"type":"Feature","properties":{"nr":null},"geometry":{"type":"Polygon","coordinates":[[[26.700779,47.796284],[26.700781,47.796353],[26.70097,47.796349],[26.700967,47.796281],[26.700779,47.796284]]]}},{"type":"Feature","properties":{"nr":null},"geometry":{"type":"Polygon","coordinates":[[[26.729217,47.753283],[26.729098,47.753337],[26.72914,47.753375],[26.729259,47.753321],[26.729217,47.753283]]]}},{"type":"Feature","properties":{"nr":null},"geometry":{"type":"Polygon","coordinates":[[[26.729011,47.753376],[26.728934,47.753409],[26.728965,47.753441],[26.729082,47.75339],[26.729043,47.753349],[26.729003,47.753367],[26.729011,47.753376]]]}},{"type":"Feature","properties":{"nr":null},"geometry":{"type":"Polygon","coordinates":[[[26.728839,47.753362],[26.7289,47.753417],[26.728932,47.753403],[26.728871,47.753347],[26.728839,47.753362]]]}},{"type":"Feature","properties":{"nr":null},"geometry":{"type":"Polygon","coordinates":[[[26.721208,47.759634],[26.72128,47.759685],[26.721395,47.759618],[26.721323,47.759567],[26.721208,47.759634]]]}},{"type":"Feature","properties":{"nr":null},"geometry":{"type":"Polygon","coordinates":[[[26.72019,47.765568],[26.720306,47.765486],[26.72022,47.76543],[26.720147,47.765481],[26.720167,47.765494],[26.720123,47.765524],[26.72019,47.765568]]]}},{"type":"Feature","properties":{"nr":null},"geometry":{"type":"Polygon","coordinates":[[[26.720117,47.765521],[26.720085,47.765543],[26.720158,47.76559],[26.72019,47.765568],[26.720117,47.765521]]]}},{"type":"Feature","properties":{"nr":null},"geometry":{"type":"Polygon","coordinates":[[[26.720132,47.779016],[26.720192,47.779051],[26.72022,47.779051],[26.720241,47.779062],[26.720268,47.779043],[26.720292,47.779046],[26.720304,47.779038],[26.720295,47.779022],[26.720328,47.778996],[26.720232,47.77894],[26.720132,47.779016]]]}},{"type":"Feature","properties":{"nr":null},"geometry":{"type":"Polygon","coordinates":[[[26.720006,47.779009],[26.720064,47.778966],[26.720029,47.778943],[26.719971,47.778985],[26.720006,47.779009]]]}},{"type":"Feature","properties":{"nr":null},"geometry":{"type":"Polygon","coordinates":[[[26.722249,47.759005],[26.722165,47.759068],[26.722297,47.759148],[26.722327,47.759125],[26.722309,47.759114],[26.722331,47.759097],[26.722307,47.759083],[26.722357,47.759046],[26.722323,47.759026],[26.722305,47.759039],[26.722249,47.759005]]]}},{"type":"Feature","properties":{"nr":null},"geometry":{"type":"Polygon","coordinates":[[[26.722285,47.759177],[26.722347,47.759219],[26.722381,47.759197],[26.722319,47.759154],[26.722285,47.759177]]]}},{"type":"Feature","properties":{"nr":null},"geometry":{"type":"Polygon","coordinates":[[[26.723875,47.763073],[26.723964,47.763134],[26.724051,47.763077],[26.723981,47.763029],[26.723947,47.763052],[26.723927,47.763039],[26.723875,47.763073]]]}},{"type":"Feature","properties":{"nr":null},"geometry":{"type":"Polygon","coordinates":[[[26.72387,47.763057],[26.723904,47.763035],[26.723859,47.763003],[26.723825,47.763025],[26.72387,47.763057]]]}},{"type":"Feature","properties":{"nr":null},"geometry":{"type":"Polygon","coordinates":[[[26.721123,47.76312],[26.720995,47.763201],[26.721045,47.763237],[26.721173,47.763157],[26.721123,47.76312]]]}},{"type":"Feature","properties":{"nr":null},"geometry":{"type":"Polygon","coordinates":[[[26.727894,47.762761],[26.727942,47.762794],[26.728045,47.762724],[26.727998,47.762692],[26.727894,47.762761]]]}},{"type":"Feature","properties":{"nr":null},"geometry":{"type":"Polygon","coordinates":[[[26.721918,47.760749],[26.721933,47.760761],[26.721977,47.760728],[26.721966,47.760718],[26.721987,47.760703],[26.721922,47.760649],[26.721808,47.76072],[26.72188,47.760772],[26.721918,47.760749]]]}},{"type":"Feature","properties":{"nr":null},"geometry":{"type":"Polygon","coordinates":[[[26.71912,47.764839],[26.71919,47.764889],[26.719296,47.764821],[26.719225,47.764771],[26.71912,47.764839]]]}},{"type":"Feature","properties":{"nr":null},"geometry":{"type":"Polygon","coordinates":[[[26.719292,47.764915],[26.719333,47.764944],[26.719405,47.764897],[26.719364,47.764868],[26.719292,47.764915]]]}},{"type":"Feature","properties":{"nr":null},"geometry":{"type":"Polygon","coordinates":[[[26.725776,47.762366],[26.725735,47.762335],[26.725717,47.762346],[26.725663,47.762306],[26.725613,47.762339],[26.725711,47.762407],[26.725776,47.762366]]]}},{"type":"Feature","properties":{"nr":null},"geometry":{"type":"Polygon","coordinates":[[[26.725702,47.7624],[26.725613,47.762339],[26.725576,47.762363],[26.725662,47.762425],[26.725702,47.7624]]]}},{"type":"Feature","properties":{"nr":null},"geometry":{"type":"Polygon","coordinates":[[[26.70654,47.766104],[26.706716,47.766205],[26.706888,47.766074],[26.706713,47.765973],[26.70654,47.766104]]]}},{"type":"Feature","properties":{"nr":null},"geometry":{"type":"Polygon","coordinates":[[[26.725714,47.762511],[26.725813,47.762466],[26.725775,47.762434],[26.725676,47.762479],[26.725714,47.762511]]]}},{"type":"Feature","properties":{"nr":null},"geometry":{"type":"Polygon","coordinates":[[[26.725744,47.762413],[26.725796,47.762381],[26.725776,47.762366],[26.725724,47.762399],[26.725744,47.762413]]]}},{"type":"Feature","properties":{"nr":null},"geometry":{"type":"Polygon","coordinates":[[[26.704239,47.769497],[26.704849,47.768993],[26.704735,47.768932],[26.704123,47.769437],[26.704239,47.769497]]]}},{"type":"Feature","properties":{"nr":null},"geometry":{"type":"Polygon","coordinates":[[[26.728212,47.760347],[26.728306,47.760397],[26.728333,47.760369],[26.728238,47.760319],[26.728212,47.760347]]]}},{"type":"Feature","properties":{"nr":null},"geometry":{"type":"Polygon","coordinates":[[[26.72263,47.756426],[26.72273,47.756361],[26.722661,47.756312],[26.722561,47.756377],[26.72263,47.756426]]]}},{"type":"Feature","properties":{"nr":null},"geometry":{"type":"Polygon","coordinates":[[[26.725527,47.754527],[26.725691,47.754443],[26.72565,47.754408],[26.725524,47.754469],[26.7255,47.754448],[26.725461,47.754469],[26.725527,47.754527]]]}},{"type":"Feature","properties":{"nr":null},"geometry":{"type":"Polygon","coordinates":[[[26.725202,47.758507],[26.72511,47.758459],[26.725046,47.758515],[26.725138,47.758563],[26.725202,47.758507]]]}},{"type":"Feature","properties":{"nr":null},"geometry":{"type":"Polygon","coordinates":[[[26.725069,47.758382],[26.725128,47.758415],[26.725209,47.75835],[26.725151,47.758316],[26.725069,47.758382]]]}},{"type":"Feature","properties":{"nr":null},"geometry":{"type":"Polygon","coordinates":[[[26.724937,47.758578],[26.725028,47.758516],[26.724994,47.758494],[26.724904,47.758556],[26.724937,47.758578]]]}},{"type":"Feature","properties":{"nr":null},"geometry":{"type":"Polygon","coordinates":[[[26.713325,47.766107],[26.713398,47.766146],[26.713498,47.76606],[26.713424,47.766022],[26.713325,47.766107]]]}},{"type":"Feature","properties":{"nr":null},"geometry":{"type":"Polygon","coordinates":[[[26.721809,47.764471],[26.721818,47.764464],[26.721785,47.764442],[26.721695,47.764502],[26.721784,47.764562],[26.721864,47.764508],[26.721809,47.764471]]]}},{"type":"Feature","properties":{"nr":null},"geometry":{"type":"Polygon","coordinates":[[[26.72187,47.764379],[26.72183,47.764349],[26.7218,47.764367],[26.72177,47.764345],[26.721735,47.764366],[26.721765,47.764388],[26.721735,47.764406],[26.721775,47.764436],[26.72187,47.764379]]]}},{"type":"Feature","properties":{"nr":null},"geometry":{"type":"Polygon","coordinates":[[[26.722839,47.763848],[26.722884,47.763887],[26.723026,47.763807],[26.722982,47.76377],[26.722839,47.763848]]]}},{"type":"Feature","properties":{"nr":null},"geometry":{"type":"Polygon","coordinates":[[[26.723076,47.763726],[26.723121,47.763756],[26.723219,47.76369],[26.723176,47.763661],[26.723076,47.763726]]]}},{"type":"Feature","properties":{"nr":null},"geometry":{"type":"Polygon","coordinates":[[[26.722795,47.76381],[26.722823,47.763835],[26.722899,47.763793],[26.722871,47.76377],[26.722795,47.76381]]]}},{"type":"Feature","properties":{"nr":null},"geometry":{"type":"Polygon","coordinates":[[[26.724199,47.762471],[26.72431,47.762407],[26.724248,47.762359],[26.724138,47.762422],[26.724199,47.762471]]]}},{"type":"Feature","properties":{"nr":null},"geometry":{"type":"Polygon","coordinates":[[[26.72406,47.762425],[26.724106,47.762396],[26.724071,47.762372],[26.724095,47.762357],[26.724033,47.762313],[26.723963,47.762357],[26.72406,47.762425]]]}},{"type":"Feature","properties":{"nr":null},"geometry":{"type":"Polygon","coordinates":[[[26.724387,47.757107],[26.724469,47.75705],[26.724366,47.75698],[26.724282,47.757038],[26.724387,47.757107]]]}},{"type":"Feature","properties":{"nr":null},"geometry":{"type":"Polygon","coordinates":[[[26.727637,47.762913],[26.727712,47.762877],[26.727649,47.762813],[26.72757,47.762851],[26.727637,47.762913]]]}},{"type":"Feature","properties":{"nr":null},"geometry":{"type":"Polygon","coordinates":[[[26.727787,47.762879],[26.727859,47.762836],[26.727823,47.762809],[26.727752,47.762852],[26.727787,47.762879]]]}},{"type":"Feature","properties":{"nr":null},"geometry":{"type":"Polygon","coordinates":[[[26.722417,47.764187],[26.72249,47.764139],[26.722457,47.764117],[26.722384,47.764165],[26.722417,47.764187]]]}},{"type":"Feature","properties":{"nr":null},"geometry":{"type":"Polygon","coordinates":[[[26.72129,47.767064],[26.721356,47.767106],[26.721444,47.767044],[26.721378,47.767001],[26.72129,47.767064]]]}},{"type":"Feature","properties":{"nr":null},"geometry":{"type":"Polygon","coordinates":[[[26.722922,47.760401],[26.723031,47.760473],[26.723118,47.760415],[26.723009,47.760343],[26.722922,47.760401]]]}},{"type":"Feature","properties":{"nr":null},"geometry":{"type":"Polygon","coordinates":[[[26.723065,47.760524],[26.723104,47.760548],[26.723196,47.76049],[26.723157,47.760465],[26.723065,47.760524]]]}},{"type":"Feature","properties":{"nr":null},"geometry":{"type":"Polygon","coordinates":[[[26.7257,47.764072],[26.725755,47.764027],[26.725657,47.763969],[26.725602,47.764014],[26.7257,47.764072]]]}},{"type":"Feature","properties":{"nr":null},"geometry":{"type":"Polygon","coordinates":[[[26.725746,47.764099],[26.725793,47.764129],[26.725857,47.764084],[26.72581,47.764053],[26.725746,47.764099]]]}},{"type":"Feature","properties":{"nr":null},"geometry":{"type":"Polygon","coordinates":[[[26.717343,47.763818],[26.717402,47.763787],[26.717373,47.763763],[26.717394,47.763752],[26.717338,47.763713],[26.717303,47.763731],[26.717274,47.763708],[26.717223,47.763736],[26.71725,47.763758],[26.717209,47.76378],[26.717266,47.76382],[26.717314,47.763794],[26.717343,47.763818]]]}},{"type":"Feature","properties":{"nr":null},"geometry":{"type":"Polygon","coordinates":[[[26.717134,47.763681],[26.717183,47.763716],[26.717275,47.763665],[26.717227,47.76363],[26.717134,47.763681]]]}},{"type":"Feature","properties":{"nr":null},"geometry":{"type":"Polygon","coordinates":[[[26.729101,47.75809],[26.729069,47.758113],[26.729055,47.758103],[26.728988,47.758149],[26.729037,47.758181],[26.729136,47.758113],[26.729101,47.75809]]]}},{"type":"Feature","properties":{"nr":null},"geometry":{"type":"Polygon","coordinates":[[[26.724098,47.764863],[26.724162,47.76482],[26.724142,47.764806],[26.724157,47.764796],[26.724059,47.764735],[26.723978,47.764789],[26.724098,47.764863]]]}},{"type":"Feature","properties":{"nr":null},"geometry":{"type":"Polygon","coordinates":[[[26.723864,47.764708],[26.723904,47.764732],[26.723962,47.764694],[26.723923,47.764669],[26.723864,47.764708]]]}},{"type":"Feature","properties":{"nr":null},"geometry":{"type":"Polygon","coordinates":[[[26.723875,47.764754],[26.723916,47.764784],[26.723939,47.76477],[26.723898,47.76474],[26.723875,47.764754]]]}},{"type":"Feature","properties":{"nr":null},"geometry":{"type":"Polygon","coordinates":[[[26.709108,47.765679],[26.709229,47.765748],[26.709264,47.765719],[26.709143,47.765651],[26.709108,47.765679]]]}},{"type":"Feature","properties":{"nr":null},"geometry":{"type":"Polygon","coordinates":[[[26.709416,47.765857],[26.70948,47.765806],[26.709341,47.765723],[26.709276,47.765775],[26.709416,47.765857]]]}},{"type":"Feature","properties":{"nr":null},"geometry":{"type":"Polygon","coordinates":[[[26.736001,47.749956],[26.736081,47.75003],[26.736138,47.749994],[26.73606,47.749923],[26.736001,47.749956]]]}},{"type":"Feature","properties":{"nr":null},"geometry":{"type":"Polygon","coordinates":[[[26.727764,47.754737],[26.727879,47.754776],[26.727903,47.754725],[26.727794,47.754683],[26.727764,47.754737]]]}},{"type":"Feature","properties":{"nr":null},"geometry":{"type":"Polygon","coordinates":[[[26.700925,47.770587],[26.700993,47.770654],[26.701021,47.770641],[26.700954,47.770575],[26.700925,47.770587]]]}},{"type":"Feature","properties":{"nr":null},"geometry":{"type":"Polygon","coordinates":[[[26.724212,47.755816],[26.724311,47.755752],[26.724263,47.755719],[26.724164,47.755782],[26.724212,47.755816]]]}},{"type":"Feature","properties":{"nr":null},"geometry":{"type":"Polygon","coordinates":[[[26.724415,47.755716],[26.724466,47.755754],[26.724518,47.755723],[26.724467,47.755685],[26.724415,47.755716]]]}},{"type":"Feature","properties":{"nr":null},"geometry":{"type":"Polygon","coordinates":[[[26.722732,47.758009],[26.722708,47.758023],[26.722689,47.758009],[26.722625,47.758048],[26.722739,47.758133],[26.722827,47.75808],[26.722732,47.758009]]]}},{"type":"Feature","properties":{"nr":null},"geometry":{"type":"Polygon","coordinates":[[[26.72657,47.75506],[26.72663,47.755101],[26.726734,47.755036],[26.726675,47.754995],[26.72657,47.75506]]]}},{"type":"Feature","properties":{"nr":null},"geometry":{"type":"Polygon","coordinates":[[[26.720388,47.767265],[26.720428,47.767291],[26.720546,47.767213],[26.720507,47.767186],[26.720388,47.767265]]]}},{"type":"Feature","properties":{"nr":null},"geometry":{"type":"Polygon","coordinates":[[[26.72726,47.762693],[26.727297,47.762719],[26.727373,47.762668],[26.727336,47.762643],[26.72726,47.762693]]]}},{"type":"Feature","properties":{"nr":null},"geometry":{"type":"Polygon","coordinates":[[[26.727083,47.762759],[26.727058,47.762745],[26.727032,47.762766],[26.72716,47.762837],[26.727237,47.762775],[26.727134,47.762718],[26.727083,47.762759]]]}},{"type":"Feature","properties":{"nr":null},"geometry":{"type":"Polygon","coordinates":[[[26.715874,47.761854],[26.715832,47.761816],[26.715692,47.761887],[26.715734,47.761925],[26.715874,47.761854]]]}},{"type":"Feature","properties":{"nr":null},"geometry":{"type":"Polygon","coordinates":[[[26.715614,47.76199],[26.715652,47.761968],[26.715591,47.76192],[26.715553,47.761942],[26.715614,47.76199]]]}},{"type":"Feature","properties":{"nr":null},"geometry":{"type":"Polygon","coordinates":[[[26.707881,47.765571],[26.70776,47.765495],[26.707655,47.765571],[26.707776,47.765647],[26.707881,47.765571]]]}},{"type":"Feature","properties":{"nr":null},"geometry":{"type":"Polygon","coordinates":[[[26.71678,47.760303],[26.716658,47.760219],[26.716619,47.760245],[26.716742,47.760328],[26.71678,47.760303]]]}},{"type":"Feature","properties":{"nr":null},"geometry":{"type":"Polygon","coordinates":[[[26.724185,47.762923],[26.724282,47.762856],[26.724205,47.762809],[26.724153,47.762844],[26.724137,47.762834],[26.724093,47.762867],[26.724185,47.762923]]]}},{"type":"Feature","properties":{"nr":null},"geometry":{"type":"Polygon","coordinates":[[[26.724028,47.762768],[26.724066,47.762742],[26.724043,47.762724],[26.724005,47.76275],[26.724028,47.762768]]]}},{"type":"Feature","properties":{"nr":null},"geometry":{"type":"Polygon","coordinates":[[[26.722232,47.755508],[26.722288,47.755559],[26.722385,47.75551],[26.722329,47.755459],[26.722232,47.755508]]]}},{"type":"Feature","properties":{"nr":null},"geometry":{"type":"Polygon","coordinates":[[[26.700127,47.794913],[26.700201,47.794911],[26.700203,47.794936],[26.700357,47.794931],[26.700353,47.794869],[26.700125,47.794876],[26.700127,47.794913]]]}},{"type":"Feature","properties":{"nr":null},"geometry":{"type":"Polygon","coordinates":[[[26.700053,47.79489],[26.7001,47.79489],[26.700099,47.79479],[26.700052,47.79479],[26.700053,47.79489]]]}},{"type":"Feature","properties":{"nr":null},"geometry":{"type":"Polygon","coordinates":[[[26.721623,47.756894],[26.721678,47.756856],[26.721618,47.756819],[26.721563,47.756859],[26.721623,47.756894]]]}},{"type":"Feature","properties":{"nr":null},"geometry":{"type":"Polygon","coordinates":[[[26.721456,47.756494],[26.721386,47.756542],[26.721457,47.756588],[26.721529,47.756539],[26.721456,47.756494]]]}},{"type":"Feature","properties":{"nr":null},"geometry":{"type":"Polygon","coordinates":[[[26.723926,47.757899],[26.723871,47.757865],[26.723773,47.757936],[26.723831,47.757971],[26.723885,47.75793],[26.723913,47.757946],[26.723946,47.757921],[26.723919,47.757904],[26.723926,47.757899]]]}},{"type":"Feature","properties":{"nr":null},"geometry":{"type":"Polygon","coordinates":[[[26.723985,47.757865],[26.723925,47.757825],[26.723888,47.757846],[26.723948,47.757889],[26.723985,47.757865]]]}},{"type":"Feature","properties":{"nr":null},"geometry":{"type":"Polygon","coordinates":[[[26.721145,47.763006],[26.721186,47.763034],[26.721228,47.763006],[26.721187,47.762978],[26.721145,47.763006]]]}},{"type":"Feature","properties":{"nr":null},"geometry":{"type":"Polygon","coordinates":[[[26.714382,47.76206],[26.714436,47.762026],[26.714404,47.762003],[26.71435,47.762037],[26.714382,47.76206]]]}},{"type":"Feature","properties":{"nr":null},"geometry":{"type":"Polygon","coordinates":[[[26.72777,47.757103],[26.727833,47.757144],[26.727893,47.757101],[26.72783,47.757061],[26.72777,47.757103]]]}},{"type":"Feature","properties":{"nr":null},"geometry":{"type":"Polygon","coordinates":[[[26.722026,47.761029],[26.722072,47.761067],[26.72221,47.760991],[26.722163,47.760953],[26.722026,47.761029]]]}},{"type":"Feature","properties":{"nr":null},"geometry":{"type":"Polygon","coordinates":[[[26.722197,47.760944],[26.722239,47.760978],[26.722322,47.760931],[26.722279,47.760897],[26.722197,47.760944]]]}},{"type":"Feature","properties":{"nr":null},"geometry":{"type":"Polygon","coordinates":[[[26.718123,47.765141],[26.718173,47.765178],[26.718313,47.765094],[26.718263,47.765057],[26.718201,47.765095],[26.718191,47.765087],[26.718161,47.765105],[26.718171,47.765113],[26.718123,47.765141]]]}},{"type":"Feature","properties":{"nr":null},"geometry":{"type":"Polygon","coordinates":[[[26.717783,47.763935],[26.71765,47.764013],[26.717704,47.764051],[26.717838,47.763974],[26.717783,47.763935]]]}},{"type":"Feature","properties":{"nr":null},"geometry":{"type":"Polygon","coordinates":[[[26.717477,47.76402],[26.717569,47.764082],[26.71761,47.764052],[26.71752,47.763989],[26.717477,47.76402]]]}},{"type":"Feature","properties":{"nr":null},"geometry":{"type":"Polygon","coordinates":[[[26.728094,47.758043],[26.728181,47.757969],[26.728175,47.757966],[26.728196,47.757948],[26.72815,47.757923],[26.728042,47.758016],[26.728094,47.758043]]]}},{"type":"Feature","properties":{"nr":null},"geometry":{"type":"Polygon","coordinates":[[[26.728184,47.758055],[26.728265,47.7581],[26.728297,47.758074],[26.728217,47.758029],[26.728184,47.758055]]]}},{"type":"Feature","properties":{"nr":null},"geometry":{"type":"Polygon","coordinates":[[[26.719447,47.763058],[26.719469,47.763073],[26.719575,47.762998],[26.719492,47.762946],[26.719414,47.763002],[26.719473,47.76304],[26.719447,47.763058]]]}},{"type":"Feature","properties":{"nr":null},"geometry":{"type":"Polygon","coordinates":[[[26.724683,47.762645],[26.72483,47.762574],[26.724787,47.762534],[26.72464,47.762605],[26.724683,47.762645]]]}},{"type":"Feature","properties":{"nr":null},"geometry":{"type":"Polygon","coordinates":[[[26.724698,47.762491],[26.724757,47.762463],[26.72473,47.762438],[26.724672,47.762468],[26.724698,47.762491]]]}},{"type":"Feature","properties":{"nr":null},"geometry":{"type":"Polygon","coordinates":[[[26.717642,47.760208],[26.717721,47.760258],[26.717817,47.760201],[26.717791,47.760182],[26.717799,47.760177],[26.717752,47.760143],[26.717642,47.760208]]]}},{"type":"Feature","properties":{"nr":null},"geometry":{"type":"Polygon","coordinates":[[[26.731513,47.758208],[26.731471,47.758254],[26.731502,47.758267],[26.731489,47.758281],[26.731536,47.7583],[26.731592,47.758239],[26.731513,47.758208]]]}},{"type":"Feature","properties":{"nr":null},"geometry":{"type":"Polygon","coordinates":[[[26.731321,47.758324],[26.731381,47.758352],[26.731407,47.758325],[26.731347,47.758297],[26.731321,47.758324]]]}},{"type":"Feature","properties":{"nr":null},"geometry":{"type":"Polygon","coordinates":[[[26.711807,47.764391],[26.711885,47.764441],[26.71195,47.764392],[26.711873,47.764342],[26.711807,47.764391]]]}},{"type":"Feature","properties":{"nr":null},"geometry":{"type":"Polygon","coordinates":[[[26.723447,47.757532],[26.723515,47.757579],[26.723587,47.757532],[26.723519,47.757485],[26.723447,47.757532]]]}},{"type":"Feature","properties":{"nr":null},"geometry":{"type":"Polygon","coordinates":[[[26.721328,47.762642],[26.721455,47.762724],[26.721587,47.762634],[26.721506,47.76258],[26.721516,47.762572],[26.721471,47.762543],[26.721328,47.762642]]]}},{"type":"Feature","properties":{"nr":null},"geometry":{"type":"Polygon","coordinates":[[[26.721826,47.762759],[26.721716,47.762685],[26.72167,47.762717],[26.72178,47.762791],[26.721826,47.762759]]]}},{"type":"Feature","properties":{"nr":null},"geometry":{"type":"Polygon","coordinates":[[[26.72808,47.756573],[26.728156,47.756513],[26.728048,47.756452],[26.728009,47.756483],[26.727987,47.75647],[26.727951,47.756499],[26.72808,47.756573]]]}},{"type":"Feature","properties":{"nr":null},"geometry":{"type":"Polygon","coordinates":[[[26.727939,47.756524],[26.727791,47.756439],[26.727755,47.756468],[26.727902,47.756553],[26.727939,47.756524]]]}},{"type":"Feature","properties":{"nr":null},"geometry":{"type":"Polygon","coordinates":[[[26.720256,47.760395],[26.720345,47.760453],[26.720484,47.760356],[26.720395,47.760298],[26.720256,47.760395]]]}},{"type":"Feature","properties":{"nr":null},"geometry":{"type":"Polygon","coordinates":[[[26.719579,47.764816],[26.71964,47.764774],[26.719564,47.764724],[26.719533,47.764745],[26.719519,47.764736],[26.719475,47.764767],[26.719489,47.764776],[26.71947,47.764789],[26.719484,47.764799],[26.71945,47.764823],[26.719523,47.76487],[26.71959,47.764823],[26.719579,47.764816]]]}},{"type":"Feature","properties":{"nr":null},"geometry":{"type":"Polygon","coordinates":[[[26.70097,47.794621],[26.701176,47.794582],[26.701161,47.794532],[26.701117,47.794539],[26.70112,47.794548],[26.700956,47.794575],[26.70097,47.794621]]]}},{"type":"Feature","properties":{"nr":null},"geometry":{"type":"Polygon","coordinates":[[[26.72872,47.756068],[26.728774,47.756101],[26.728899,47.756005],[26.728851,47.755977],[26.728759,47.756047],[26.728751,47.756043],[26.72872,47.756068]]]}},{"type":"Feature","properties":{"nr":null},"geometry":{"type":"Polygon","coordinates":[[[26.728719,47.756085],[26.728631,47.756155],[26.728675,47.756181],[26.728764,47.756111],[26.728719,47.756085]]]}},{"type":"Feature","properties":{"nr":null},"geometry":{"type":"Polygon","coordinates":[[[26.721155,47.759901],[26.721254,47.759836],[26.721165,47.759776],[26.721067,47.759841],[26.721155,47.759901]]]}},{"type":"Feature","properties":{"nr":null},"geometry":{"type":"Polygon","coordinates":[[[26.721234,47.759894],[26.721282,47.759856],[26.721254,47.759836],[26.721155,47.759901],[26.721306,47.76],[26.721348,47.759971],[26.721234,47.759894]]]}},{"type":"Feature","properties":{"nr":null},"geometry":{"type":"Polygon","coordinates":[[[26.721092,47.763042],[26.721133,47.76307],[26.721186,47.763034],[26.721145,47.763006],[26.721092,47.763042]]]}},{"type":"Feature","properties":{"nr":null},"geometry":{"type":"Polygon","coordinates":[[[26.71701,47.76269],[26.716998,47.762669],[26.717028,47.762654],[26.716987,47.762611],[26.716961,47.762623],[26.716967,47.762629],[26.716839,47.76269],[26.716863,47.762713],[26.716849,47.762719],[26.716886,47.762752],[26.71701,47.76269]]]}},{"type":"Feature","properties":{"nr":null},"geometry":{"type":"Polygon","coordinates":[[[26.719082,47.757167],[26.71915,47.757223],[26.719232,47.757177],[26.719165,47.757121],[26.719082,47.757167]]]}},{"type":"Feature","properties":{"nr":null},"geometry":{"type":"Polygon","coordinates":[[[26.71893,47.75721],[26.719031,47.757269],[26.719076,47.757234],[26.718976,47.757175],[26.71893,47.75721]]]}},{"type":"Feature","properties":{"nr":null},"geometry":{"type":"Polygon","coordinates":[[[26.721124,47.755765],[26.721206,47.755719],[26.721155,47.755677],[26.721073,47.755723],[26.721124,47.755765]]]}},{"type":"Feature","properties":{"nr":null},"geometry":{"type":"Polygon","coordinates":[[[26.725454,47.763783],[26.725634,47.763829],[26.72567,47.763776],[26.725526,47.763739],[26.725538,47.763718],[26.725499,47.763708],[26.725454,47.763783]]]}},{"type":"Feature","properties":{"nr":null},"geometry":{"type":"Polygon","coordinates":[[[26.703673,47.768695],[26.703481,47.768559],[26.703434,47.768589],[26.703627,47.768725],[26.703673,47.768695]]]}},{"type":"Feature","properties":{"nr":null},"geometry":{"type":"Polygon","coordinates":[[[26.708645,47.765873],[26.708741,47.765926],[26.708811,47.765869],[26.708715,47.765816],[26.708645,47.765873]]]}},{"type":"Feature","properties":{"nr":null},"geometry":{"type":"Polygon","coordinates":[[[26.718279,47.757837],[26.718347,47.757797],[26.718318,47.757773],[26.718284,47.75779],[26.718226,47.757743],[26.718188,47.757766],[26.718279,47.757837]]]}},{"type":"Feature","properties":{"nr":null},"geometry":{"type":"Polygon","coordinates":[[[26.72238,47.758234],[26.722427,47.758203],[26.722335,47.758139],[26.722253,47.758193],[26.72222,47.75817],[26.72218,47.758197],[26.722273,47.75826],[26.722306,47.758238],[26.722338,47.75826],[26.72235,47.758253],[26.722368,47.758266],[26.722398,47.758246],[26.72238,47.758234]]]}},{"type":"Feature","properties":{"nr":null},"geometry":{"type":"Polygon","coordinates":[[[26.715952,47.761484],[26.715857,47.761422],[26.715779,47.761477],[26.715874,47.761539],[26.715952,47.761484]]]}},{"type":"Feature","properties":{"nr":null},"geometry":{"type":"Polygon","coordinates":[[[26.705953,47.767963],[26.705702,47.768154],[26.705807,47.768217],[26.706059,47.768026],[26.705953,47.767963]]]}},{"type":"Feature","properties":{"nr":null},"geometry":{"type":"Polygon","coordinates":[[[26.726847,47.757863],[26.726886,47.757838],[26.726779,47.757759],[26.72676,47.757771],[26.726774,47.757781],[26.726756,47.757797],[26.726847,47.757863]]]}},{"type":"Feature","properties":{"nr":null},"geometry":{"type":"Polygon","coordinates":[[[26.721522,47.757148],[26.721654,47.757068],[26.721602,47.757029],[26.721469,47.757111],[26.721522,47.757148]]]}},{"type":"Feature","properties":{"nr":null},"geometry":{"type":"Polygon","coordinates":[[[26.721441,47.757242],[26.721385,47.757202],[26.721339,47.757231],[26.721397,47.757271],[26.721441,47.757242]]]}},{"type":"Feature","properties":{"nr":null},"geometry":{"type":"Polygon","coordinates":[[[26.726413,47.7633],[26.726491,47.763251],[26.726436,47.763212],[26.726358,47.763261],[26.726413,47.7633]]]}},{"type":"Feature","properties":{"nr":null},"geometry":{"type":"Polygon","coordinates":[[[26.726298,47.763284],[26.726223,47.763233],[26.726185,47.763258],[26.72626,47.763309],[26.726298,47.763284]]]}},{"type":"Feature","properties":{"nr":null},"geometry":{"type":"Polygon","coordinates":[[[26.72187,47.755289],[26.721765,47.755359],[26.721814,47.755395],[26.721919,47.755325],[26.72187,47.755289]]]}},{"type":"Feature","properties":{"nr":null},"geometry":{"type":"Polygon","coordinates":[[[26.721999,47.755325],[26.722075,47.755275],[26.722013,47.755217],[26.72198,47.755235],[26.722013,47.755264],[26.721961,47.755296],[26.721999,47.755325]]]}},{"type":"Feature","properties":{"nr":null},"geometry":{"type":"Polygon","coordinates":[[[26.714324,47.762187],[26.714438,47.762116],[26.714375,47.762071],[26.714262,47.762143],[26.714324,47.762187]]]}},{"type":"Feature","properties":{"nr":null},"geometry":{"type":"Polygon","coordinates":[[[26.72558,47.762126],[26.725501,47.762071],[26.72551,47.762065],[26.725431,47.762012],[26.725405,47.762028],[26.725456,47.762065],[26.725396,47.762103],[26.725504,47.762175],[26.72558,47.762126]]]}},{"type":"Feature","properties":{"nr":null},"geometry":{"type":"Polygon","coordinates":[[[26.725373,47.762075],[26.725225,47.76197],[26.725179,47.761999],[26.725327,47.762105],[26.725373,47.762075]]]}},{"type":"Feature","properties":{"nr":null},"geometry":{"type":"Polygon","coordinates":[[[26.726397,47.759501],[26.726295,47.759561],[26.726343,47.759597],[26.726445,47.759538],[26.726397,47.759501]]]}},{"type":"Feature","properties":{"nr":null},"geometry":{"type":"Polygon","coordinates":[[[26.726321,47.759689],[26.726362,47.759663],[26.726262,47.759597],[26.726222,47.759623],[26.726321,47.759689]]]}},{"type":"Feature","properties":{"nr":null},"geometry":{"type":"Polygon","coordinates":[[[26.722303,47.764736],[26.722415,47.764674],[26.722376,47.764642],[26.722264,47.764703],[26.722303,47.764736]]]}},{"type":"Feature","properties":{"nr":null},"geometry":{"type":"Polygon","coordinates":[[[26.709113,47.765836],[26.709176,47.765785],[26.70912,47.765754],[26.70912,47.76574],[26.709105,47.765731],[26.709032,47.765791],[26.709113,47.765836]]]}},{"type":"Feature","properties":{"nr":null},"geometry":{"type":"Polygon","coordinates":[[[26.72036,47.758491],[26.72046,47.75843],[26.720418,47.758396],[26.720318,47.758457],[26.72036,47.758491]]]}},{"type":"Feature","properties":{"nr":null},"geometry":{"type":"Polygon","coordinates":[[[26.720245,47.758555],[26.720334,47.758499],[26.7203,47.758474],[26.720211,47.75853],[26.720245,47.758555]]]}},{"type":"Feature","properties":{"nr":null},"geometry":{"type":"Polygon","coordinates":[[[26.72075,47.758692],[26.720867,47.758614],[26.720749,47.758534],[26.720632,47.758612],[26.72075,47.758692]]]}},{"type":"Feature","properties":{"nr":null},"geometry":{"type":"Polygon","coordinates":[[[26.728558,47.758621],[26.7286,47.758647],[26.728718,47.758565],[26.72866,47.758527],[26.728629,47.758548],[26.728646,47.758559],[26.728558,47.758621]]]}},{"type":"Feature","properties":{"nr":null},"geometry":{"type":"Polygon","coordinates":[[[26.72838,47.758584],[26.72854,47.758674],[26.728576,47.758648],[26.728416,47.758558],[26.72838,47.758584]]]}},{"type":"Feature","properties":{"nr":null},"geometry":{"type":"Polygon","coordinates":[[[26.723433,47.759743],[26.723387,47.759707],[26.723269,47.759776],[26.723316,47.759813],[26.723433,47.759743]]]}},{"type":"Feature","properties":{"nr":null},"geometry":{"type":"Polygon","coordinates":[[[26.725778,47.760325],[26.725882,47.760398],[26.725964,47.760343],[26.72586,47.760271],[26.725778,47.760325]]]}},{"type":"Feature","properties":{"nr":null},"geometry":{"type":"Polygon","coordinates":[[[26.725904,47.760445],[26.725942,47.760467],[26.72598,47.760438],[26.726005,47.760452],[26.726037,47.760428],[26.725976,47.760392],[26.725904,47.760445]]]}},{"type":"Feature","properties":{"nr":null},"geometry":{"type":"Polygon","coordinates":[[[26.72572,47.76041],[26.725759,47.760384],[26.725733,47.760366],[26.725694,47.760392],[26.72572,47.76041]]]}},{"type":"Feature","properties":{"nr":null},"geometry":{"type":"Polygon","coordinates":[[[26.724333,47.762269],[26.724255,47.762314],[26.724333,47.762375],[26.724351,47.762365],[26.724379,47.762387],[26.72444,47.762352],[26.724333,47.762269]]]}},{"type":"Feature","properties":{"nr":null},"geometry":{"type":"Polygon","coordinates":[[[26.723468,47.763871],[26.723589,47.763792],[26.723544,47.76376],[26.723422,47.763839],[26.723468,47.763871]]]}},{"type":"Feature","properties":{"nr":null},"geometry":{"type":"Polygon","coordinates":[[[26.723412,47.763809],[26.723357,47.763768],[26.723323,47.763789],[26.723378,47.76383],[26.723412,47.763809]]]}},{"type":"Feature","properties":{"nr":null},"geometry":{"type":"Polygon","coordinates":[[[26.728124,47.762051],[26.728196,47.762105],[26.728318,47.762034],[26.728307,47.762036],[26.728283,47.762023],[26.728289,47.762017],[26.728239,47.761979],[26.728124,47.762051]]]}},{"type":"Feature","properties":{"nr":null},"geometry":{"type":"Polygon","coordinates":[[[26.728149,47.762146],[26.728085,47.762187],[26.728122,47.762214],[26.728187,47.762174],[26.728149,47.762146]]]}},{"type":"Feature","properties":{"nr":null},"geometry":{"type":"Polygon","coordinates":[[[26.728022,47.762044],[26.727981,47.762067],[26.728042,47.762118],[26.728083,47.762096],[26.728022,47.762044]]]}},{"type":"Feature","properties":{"nr":null},"geometry":{"type":"Polygon","coordinates":[[[26.725767,47.759944],[26.725697,47.759989],[26.725732,47.760011],[26.725718,47.760022],[26.725743,47.760038],[26.725827,47.759982],[26.725767,47.759944]]]}},{"type":"Feature","properties":{"nr":null},"geometry":{"type":"Polygon","coordinates":[[[26.725548,47.759991],[26.725515,47.760016],[26.725585,47.760057],[26.725617,47.760033],[26.725548,47.759991]]]}},{"type":"Feature","properties":{"nr":null},"geometry":{"type":"Polygon","coordinates":[[[26.725705,47.759906],[26.725735,47.759881],[26.725689,47.759854],[26.725658,47.759879],[26.725705,47.759906]]]}},{"type":"Feature","properties":{"nr":null},"geometry":{"type":"Polygon","coordinates":[[[26.727998,47.753732],[26.728065,47.753761],[26.728152,47.753671],[26.728085,47.753642],[26.727998,47.753732]]]}},{"type":"Feature","properties":{"nr":null},"geometry":{"type":"Polygon","coordinates":[[[26.728033,47.753824],[26.728067,47.753791],[26.727973,47.753748],[26.72794,47.753781],[26.728033,47.753824]]]}},{"type":"Feature","properties":{"nr":null},"geometry":{"type":"Polygon","coordinates":[[[26.721518,47.760344],[26.721632,47.760263],[26.721574,47.760225],[26.721459,47.760307],[26.721518,47.760344]]]}},{"type":"Feature","properties":{"nr":null},"geometry":{"type":"Polygon","coordinates":[[[26.724128,47.757707],[26.723965,47.7578],[26.724054,47.757863],[26.724211,47.757773],[26.724128,47.757707]]]}},{"type":"Feature","properties":{"nr":null},"geometry":{"type":"Polygon","coordinates":[[[26.724428,47.757835],[26.724485,47.757788],[26.724444,47.757764],[26.724386,47.757811],[26.724428,47.757835]]]}},{"type":"Feature","properties":{"nr":null},"geometry":{"type":"Polygon","coordinates":[[[26.708646,47.765111],[26.708741,47.765064],[26.708677,47.765004],[26.708581,47.765051],[26.708646,47.765111]]]}},{"type":"Feature","properties":{"nr":null},"geometry":{"type":"Polygon","coordinates":[[[26.70876,47.765223],[26.70864,47.765124],[26.708581,47.765155],[26.708744,47.765289],[26.708834,47.765241],[26.708793,47.765206],[26.70876,47.765223]]]}},{"type":"Feature","properties":{"nr":null},"geometry":{"type":"Polygon","coordinates":[[[26.725309,47.754881],[26.725368,47.754921],[26.725379,47.754914],[26.725468,47.754975],[26.725571,47.754918],[26.725471,47.754849],[26.725414,47.754887],[26.725354,47.754846],[26.725309,47.754881]]]}},{"type":"Feature","properties":{"nr":null},"geometry":{"type":"Polygon","coordinates":[[[26.725542,47.754962],[26.725582,47.754991],[26.725636,47.754957],[26.725596,47.754928],[26.725542,47.754962]]]}},{"type":"Feature","properties":{"nr":null},"geometry":{"type":"Polygon","coordinates":[[[26.717302,47.763562],[26.717351,47.763526],[26.717263,47.763478],[26.717215,47.763514],[26.717302,47.763562]]]}},{"type":"Feature","properties":{"nr":null},"geometry":{"type":"Polygon","coordinates":[[[26.717341,47.763479],[26.717391,47.763509],[26.717477,47.763445],[26.717427,47.763415],[26.717341,47.763479]]]}},{"type":"Feature","properties":{"nr":null},"geometry":{"type":"Polygon","coordinates":[[[26.722207,47.755013],[26.722248,47.755051],[26.722333,47.755011],[26.722291,47.754973],[26.722207,47.755013]]]}},{"type":"Feature","properties":{"nr":null},"geometry":{"type":"Polygon","coordinates":[[[26.722463,47.754987],[26.722411,47.754952],[26.722372,47.754977],[26.722386,47.754987],[26.722372,47.754996],[26.722406,47.755022],[26.722463,47.754987]]]}},{"type":"Feature","properties":{"nr":null},"geometry":{"type":"Polygon","coordinates":[[[26.722301,47.754916],[26.722348,47.754948],[26.7224,47.754921],[26.722354,47.754889],[26.722301,47.754916]]]}},{"type":"Feature","properties":{"nr":null},"geometry":{"type":"Polygon","coordinates":[[[26.725278,47.756532],[26.725335,47.756492],[26.725203,47.756408],[26.725147,47.756448],[26.725278,47.756532]]]}},{"type":"Feature","properties":{"nr":null},"geometry":{"type":"Polygon","coordinates":[[[26.725337,47.756577],[26.725368,47.756556],[26.725311,47.756518],[26.725281,47.75654],[26.725337,47.756577]]]}},{"type":"Feature","properties":{"nr":null},"geometry":{"type":"Polygon","coordinates":[[[26.725912,47.763632],[26.726018,47.763566],[26.725976,47.763533],[26.72587,47.763599],[26.725912,47.763632]]]}},{"type":"Feature","properties":{"nr":null},"geometry":{"type":"Polygon","coordinates":[[[26.726018,47.756513],[26.72607,47.756544],[26.726181,47.75646],[26.72613,47.756429],[26.726018,47.756513]]]}},{"type":"Feature","properties":{"nr":null},"geometry":{"type":"Polygon","coordinates":[[[26.725839,47.756439],[26.725934,47.756506],[26.725974,47.756481],[26.72588,47.756414],[26.725839,47.756439]]]}},{"type":"Feature","properties":{"nr":null},"geometry":{"type":"Polygon","coordinates":[[[26.716684,47.762423],[26.716755,47.762379],[26.716697,47.762337],[26.716627,47.76238],[26.716684,47.762423]]]}},{"type":"Feature","properties":{"nr":null},"geometry":{"type":"Polygon","coordinates":[[[26.716674,47.762321],[26.716767,47.762259],[26.716664,47.762189],[26.716572,47.76225],[26.716674,47.762321]]]}},{"type":"Feature","properties":{"nr":null},"geometry":{"type":"Polygon","coordinates":[[[26.716876,47.760739],[26.716947,47.76079],[26.716998,47.760758],[26.716927,47.760707],[26.716876,47.760739]]]}},{"type":"Feature","properties":{"nr":null},"geometry":{"type":"Polygon","coordinates":[[[26.716927,47.760707],[26.716998,47.760758],[26.717047,47.760727],[26.716974,47.760677],[26.716927,47.760707]]]}},{"type":"Feature","properties":{"nr":null},"geometry":{"type":"Polygon","coordinates":[[[26.716898,47.760632],[26.716929,47.76065],[26.716971,47.760621],[26.71694,47.760602],[26.716898,47.760632]]]}},{"type":"Feature","properties":{"nr":null},"geometry":{"type":"Polygon","coordinates":[[[26.729059,47.754204],[26.728938,47.754128],[26.728833,47.754203],[26.728898,47.754246],[26.728928,47.754225],[26.728966,47.754249],[26.729003,47.754223],[26.729035,47.754221],[26.729059,47.754204]]]}},{"type":"Feature","properties":{"nr":null},"geometry":{"type":"Polygon","coordinates":[[[26.727254,47.760708],[26.727338,47.76065],[26.72727,47.760606],[26.727187,47.760664],[26.727254,47.760708]]]}},{"type":"Feature","properties":{"nr":null},"geometry":{"type":"Polygon","coordinates":[[[26.727192,47.760642],[26.727221,47.760616],[26.727195,47.760601],[26.727166,47.760628],[26.727192,47.760642]]]}},{"type":"Feature","properties":{"nr":null},"geometry":{"type":"Polygon","coordinates":[[[26.727344,47.760555],[26.727358,47.760563],[26.72742,47.760515],[26.727329,47.76046],[26.727209,47.760553],[26.727286,47.760599],[26.727344,47.760555]]]}},{"type":"Feature","properties":{"nr":null},"geometry":{"type":"Polygon","coordinates":[[[26.700719,47.794643],[26.700714,47.794598],[26.700673,47.7946],[26.700669,47.794572],[26.700524,47.794581],[26.700534,47.79466],[26.700679,47.794652],[26.700678,47.794646],[26.700719,47.794643]]]}},{"type":"Feature","properties":{"nr":null},"geometry":{"type":"Polygon","coordinates":[[[26.700446,47.794562],[26.700445,47.794508],[26.700392,47.794508],[26.700392,47.794562],[26.700446,47.794562]]]}},{"type":"Feature","properties":{"nr":null},"geometry":{"type":"Polygon","coordinates":[[[26.726748,47.762929],[26.726619,47.762835],[26.726501,47.762909],[26.72663,47.763002],[26.726748,47.762929]]]}},{"type":"Feature","properties":{"nr":null},"geometry":{"type":"Polygon","coordinates":[[[26.725516,47.762596],[26.725638,47.76253],[26.72559,47.76249],[26.725481,47.762549],[26.725469,47.762538],[26.725426,47.76256],[26.725506,47.762625],[26.725532,47.76261],[26.725516,47.762596]]]}},{"type":"Feature","properties":{"nr":null},"geometry":{"type":"Polygon","coordinates":[[[26.725487,47.762688],[26.725438,47.762653],[26.725413,47.76267],[26.725463,47.762703],[26.725487,47.762688]]]}},{"type":"Feature","properties":{"nr":null},"geometry":{"type":"Polygon","coordinates":[[[26.720995,47.755928],[26.720902,47.755851],[26.720824,47.755902],[26.720912,47.755974],[26.720995,47.755928]]]}},{"type":"Feature","properties":{"nr":null},"geometry":{"type":"Polygon","coordinates":[[[26.718602,47.763338],[26.718641,47.763365],[26.718621,47.763378],[26.718659,47.763404],[26.718781,47.763316],[26.718751,47.763296],[26.71874,47.763303],[26.718697,47.763275],[26.718602,47.763338]]]}},{"type":"Feature","properties":{"nr":null},"geometry":{"type":"Polygon","coordinates":[[[26.718717,47.76341],[26.718746,47.763434],[26.718798,47.763406],[26.71877,47.763382],[26.718717,47.76341]]]}},{"type":"Feature","properties":{"nr":null},"geometry":{"type":"Polygon","coordinates":[[[26.721822,47.765004],[26.7219,47.765055],[26.721955,47.765017],[26.721909,47.764986],[26.72192,47.764979],[26.721888,47.764958],[26.721822,47.765004]]]}},{"type":"Feature","properties":{"nr":null},"geometry":{"type":"Polygon","coordinates":[[[26.731728,47.752882],[26.731762,47.752915],[26.731841,47.752879],[26.731807,47.752846],[26.731728,47.752882]]]}},{"type":"Feature","properties":{"nr":null},"geometry":{"type":"Polygon","coordinates":[[[26.731788,47.752941],[26.731728,47.752882],[26.731707,47.752892],[26.73172,47.752904],[26.731693,47.752916],[26.731739,47.752963],[26.731788,47.752941]]]}},{"type":"Feature","properties":{"nr":null},"geometry":{"type":"Polygon","coordinates":[[[26.722931,47.756768],[26.722904,47.75674],[26.722875,47.756754],[26.722838,47.756717],[26.722761,47.756753],[26.722826,47.756817],[26.722931,47.756768]]]}},{"type":"Feature","properties":{"nr":null},"geometry":{"type":"Polygon","coordinates":[[[26.722997,47.756926],[26.723099,47.756874],[26.723066,47.756844],[26.723039,47.756858],[26.723007,47.756829],[26.722931,47.756867],[26.722997,47.756926]]]}},{"type":"Feature","properties":{"nr":null},"geometry":{"type":"Polygon","coordinates":[[[26.722797,47.756824],[26.722745,47.756789],[26.72271,47.756808],[26.722762,47.756843],[26.722797,47.756824]]]}},{"type":"Feature","properties":{"nr":null},"geometry":{"type":"Polygon","coordinates":[[[26.714924,47.761721],[26.714997,47.761659],[26.714952,47.761633],[26.714914,47.761665],[26.714905,47.76166],[26.714881,47.76168],[26.714891,47.761685],[26.714878,47.761696],[26.714924,47.761721]]]}},{"type":"Feature","properties":{"nr":null},"geometry":{"type":"Polygon","coordinates":[[[26.720084,47.756578],[26.720201,47.756504],[26.720146,47.756464],[26.72003,47.756538],[26.720084,47.756578]]]}},{"type":"Feature","properties":{"nr":null},"geometry":{"type":"Polygon","coordinates":[[[26.720024,47.756551],[26.719949,47.756494],[26.719906,47.756519],[26.719981,47.756576],[26.720024,47.756551]]]}},{"type":"Feature","properties":{"nr":null},"geometry":{"type":"Polygon","coordinates":[[[26.721051,47.757973],[26.720987,47.757928],[26.72091,47.757979],[26.720974,47.758024],[26.721051,47.757973]]]}},{"type":"Feature","properties":{"nr":null},"geometry":{"type":"Polygon","coordinates":[[[26.72111,47.758005],[26.721149,47.758028],[26.7212,47.75799],[26.721162,47.757967],[26.72111,47.758005]]]}},{"type":"Feature","properties":{"nr":null},"geometry":{"type":"Polygon","coordinates":[[[26.721792,47.758953],[26.72175,47.758915],[26.721634,47.758972],[26.721673,47.759009],[26.721741,47.758976],[26.721765,47.758998],[26.721828,47.758963],[26.721808,47.758945],[26.721792,47.758953]]]}},{"type":"Feature","properties":{"nr":null},"geometry":{"type":"Polygon","coordinates":[[[26.723201,47.759882],[26.723274,47.759827],[26.723169,47.759764],[26.723134,47.759791],[26.723157,47.759805],[26.723119,47.759833],[26.723201,47.759882]]]}},{"type":"Feature","properties":{"nr":null},"geometry":{"type":"Polygon","coordinates":[[[26.723307,47.759868],[26.723333,47.759847],[26.723292,47.759824],[26.723266,47.759845],[26.723307,47.759868]]]}},{"type":"Feature","properties":{"nr":null},"geometry":{"type":"Polygon","coordinates":[[[26.720736,47.765266],[26.72062,47.765334],[26.720687,47.765386],[26.720803,47.765318],[26.720736,47.765266]]]}},{"type":"Feature","properties":{"nr":null},"geometry":{"type":"Polygon","coordinates":[[[26.720842,47.765263],[26.720876,47.765286],[26.720963,47.765228],[26.720929,47.765205],[26.720842,47.765263]]]}},{"type":"Feature","properties":{"nr":null},"geometry":{"type":"Polygon","coordinates":[[[26.724403,47.756954],[26.724499,47.757022],[26.724591,47.756964],[26.724496,47.756897],[26.724403,47.756954]]]}},{"type":"Feature","properties":{"nr":null},"geometry":{"type":"Polygon","coordinates":[[[26.702792,47.794397],[26.702647,47.794407],[26.702653,47.794458],[26.702799,47.794448],[26.702792,47.794397]]]}},{"type":"Feature","properties":{"nr":null},"geometry":{"type":"Polygon","coordinates":[[[26.702514,47.794244],[26.702523,47.79428],[26.702566,47.794276],[26.702558,47.79424],[26.702514,47.794244]]]}},{"type":"Feature","properties":{"nr":null},"geometry":{"type":"Polygon","coordinates":[[[26.726823,47.757743],[26.726892,47.757793],[26.726945,47.757764],[26.726959,47.757773],[26.727017,47.757739],[26.726986,47.75771],[26.726974,47.757717],[26.726927,47.757683],[26.726823,47.757743]]]}},{"type":"Feature","properties":{"nr":null},"geometry":{"type":"Polygon","coordinates":[[[26.720096,47.758564],[26.719974,47.758631],[26.720055,47.758697],[26.720176,47.758629],[26.720096,47.758564]]]}},{"type":"Feature","properties":{"nr":null},"geometry":{"type":"Polygon","coordinates":[[[26.719878,47.758635],[26.719842,47.758655],[26.719898,47.758704],[26.719936,47.758684],[26.719901,47.758653],[26.719916,47.758645],[26.7199,47.758632],[26.719885,47.75864],[26.719878,47.758635]]]}},{"type":"Feature","properties":{"nr":null},"geometry":{"type":"Polygon","coordinates":[[[26.720088,47.75849],[26.720049,47.758516],[26.720106,47.758554],[26.720144,47.758529],[26.720088,47.75849]]]}},{"type":"Feature","properties":{"nr":null},"geometry":{"type":"Polygon","coordinates":[[[26.720939,47.763879],[26.720844,47.763802],[26.720778,47.763839],[26.720769,47.763832],[26.720741,47.763848],[26.72075,47.763855],[26.7207,47.763885],[26.720781,47.76395],[26.720814,47.76393],[26.720832,47.763944],[26.720939,47.763879]]]}},{"type":"Feature","properties":{"nr":null},"geometry":{"type":"Polygon","coordinates":[[[26.720742,47.763966],[26.720711,47.763939],[26.720645,47.763973],[26.720677,47.764],[26.720742,47.763966]]]}},{"type":"Feature","properties":{"nr":null},"geometry":{"type":"Polygon","coordinates":[[[26.716291,47.779141],[26.716431,47.779036],[26.716416,47.779026],[26.716449,47.779002],[26.716356,47.778946],[26.716323,47.778971],[26.716307,47.778961],[26.716247,47.779005],[26.716264,47.779015],[26.716164,47.779091],[26.716224,47.779127],[26.716243,47.779112],[26.716291,47.779141]]]}},{"type":"Feature","properties":{"nr":null},"geometry":{"type":"Polygon","coordinates":[[[26.714829,47.780268],[26.715444,47.779806],[26.715269,47.7797],[26.714653,47.780161],[26.714829,47.780268]]]}},{"type":"Feature","properties":{"nr":null},"geometry":{"type":"Polygon","coordinates":[[[26.714397,47.779849],[26.714734,47.779613],[26.7145,47.779461],[26.714163,47.779698],[26.714397,47.779849]]]}},{"type":"Feature","properties":{"nr":null},"geometry":{"type":"Polygon","coordinates":[[[26.714009,47.779598],[26.714533,47.779241],[26.714475,47.779205],[26.713952,47.779561],[26.714009,47.779598]]]}},{"type":"Feature","properties":{"nr":null},"geometry":{"type":"Polygon","coordinates":[[[26.71337,47.780196],[26.713492,47.780271],[26.713999,47.779895],[26.713878,47.77982],[26.71337,47.780196]]]}},{"type":"Feature","properties":{"nr":null},"geometry":{"type":"Polygon","coordinates":[[[26.715401,47.779604],[26.715568,47.779481],[26.715476,47.779424],[26.715448,47.779445],[26.715432,47.779435],[26.715416,47.779447],[26.715432,47.779456],[26.715382,47.779493],[26.715371,47.779486],[26.715385,47.779475],[26.715368,47.779465],[26.715353,47.779476],[26.715341,47.779468],[26.715211,47.779561],[26.715313,47.779628],[26.715371,47.779586],[26.715401,47.779604]]]}},{"type":"Feature","properties":{"nr":null},"geometry":{"type":"Polygon","coordinates":[[[26.715581,47.779432],[26.715519,47.779392],[26.715476,47.779424],[26.715538,47.779463],[26.715581,47.779432]]]}},{"type":"Feature","properties":{"nr":null},"geometry":{"type":"Polygon","coordinates":[[[26.715729,47.779782],[26.715912,47.779644],[26.715883,47.779626],[26.715704,47.779767],[26.715729,47.779782]]]}},{"type":"Feature","properties":{"nr":null},"geometry":{"type":"Polygon","coordinates":[[[26.715835,47.779598],[26.716015,47.779466],[26.715988,47.779449],[26.715784,47.779603],[26.715856,47.779647],[26.715883,47.779626],[26.715835,47.779598]]]}},{"type":"Feature","properties":{"nr":null},"geometry":{"type":"Polygon","coordinates":[[[26.716089,47.779509],[26.716166,47.77945],[26.716132,47.779428],[26.716076,47.779471],[26.716012,47.779432],[26.715988,47.779449],[26.716089,47.779509]]]}},{"type":"Feature","properties":{"nr":null},"geometry":{"type":"Polygon","coordinates":[[[26.717581,47.778156],[26.717319,47.777997],[26.717213,47.778077],[26.717475,47.778235],[26.717581,47.778156]]]}},{"type":"Feature","properties":{"nr":null},"geometry":{"type":"Polygon","coordinates":[[[26.705939,47.767178],[26.706115,47.767054],[26.706036,47.767005],[26.705861,47.767129],[26.705939,47.767178]]]}},{"type":"Feature","properties":{"nr":null},"geometry":{"type":"Polygon","coordinates":[[[26.719343,47.76329],[26.719448,47.763217],[26.719422,47.7632],[26.719461,47.763171],[26.719417,47.763143],[26.719396,47.763157],[26.719355,47.763131],[26.719295,47.763171],[26.719279,47.76316],[26.719255,47.763177],[26.719272,47.763187],[26.719211,47.763229],[26.719255,47.763259],[26.719275,47.763245],[26.719343,47.76329]]]}},{"type":"Feature","properties":{"nr":null},"geometry":{"type":"Polygon","coordinates":[[[26.706574,47.768028],[26.706832,47.768181],[26.707308,47.767815],[26.707051,47.767663],[26.706574,47.768028]]]}},{"type":"Feature","properties":{"nr":null},"geometry":{"type":"Polygon","coordinates":[[[26.707566,47.767753],[26.707111,47.767479],[26.706994,47.767567],[26.707097,47.76763],[26.707053,47.767664],[26.707307,47.767814],[26.707349,47.767781],[26.707449,47.767841],[26.707566,47.767753]]]}},{"type":"Feature","properties":{"nr":null},"geometry":{"type":"Polygon","coordinates":[[[26.70687,47.767494],[26.706901,47.767513],[26.706982,47.767451],[26.706798,47.767342],[26.706733,47.767392],[26.706716,47.767382],[26.706686,47.767405],[26.706855,47.767506],[26.70687,47.767494]]]}},{"type":"Feature","properties":{"nr":null},"geometry":{"type":"Polygon","coordinates":[[[26.724919,47.760227],[26.724871,47.760258],[26.725039,47.760376],[26.725089,47.760345],[26.725045,47.760314],[26.725057,47.760305],[26.725038,47.760292],[26.725054,47.760281],[26.72503,47.760264],[26.724991,47.760278],[26.724919,47.760227]]]}},{"type":"Feature","properties":{"nr":null},"geometry":{"type":"Polygon","coordinates":[[[26.724972,47.760165],[26.725026,47.760133],[26.725003,47.760115],[26.724934,47.760159],[26.72497,47.760185],[26.724985,47.760175],[26.724972,47.760165]]]}},{"type":"Feature","properties":{"nr":null},"geometry":{"type":"Polygon","coordinates":[[[26.724856,47.760248],[26.724903,47.760216],[26.724874,47.760195],[26.724826,47.760228],[26.724856,47.760248]]]}},{"type":"Feature","properties":{"nr":null},"geometry":{"type":"Polygon","coordinates":[[[26.722597,47.762628],[26.722617,47.762617],[26.722631,47.762628],[26.722751,47.762562],[26.722698,47.762515],[26.722555,47.762592],[26.722597,47.762628]]]}},{"type":"Feature","properties":{"nr":null},"geometry":{"type":"Polygon","coordinates":[[[26.722537,47.762597],[26.722434,47.762536],[26.722357,47.762596],[26.72246,47.762656],[26.722537,47.762597]]]}},{"type":"Feature","properties":{"nr":null},"geometry":{"type":"Polygon","coordinates":[[[26.72836,47.753363],[26.728421,47.753398],[26.728569,47.75332],[26.728519,47.75329],[26.728469,47.753316],[26.728459,47.753311],[26.72844,47.75332],[26.72845,47.753326],[26.728411,47.753347],[26.728401,47.753341],[26.72836,47.753363]]]}},{"type":"Feature","properties":{"nr":null},"geometry":{"type":"Polygon","coordinates":[[[26.728381,47.753391],[26.728296,47.753448],[26.72834,47.753476],[26.728423,47.753418],[26.728381,47.753391]]]}},{"type":"Feature","properties":{"nr":null},"geometry":{"type":"Polygon","coordinates":[[[26.710549,47.78122],[26.711181,47.780734],[26.710853,47.780532],[26.710772,47.780595],[26.711011,47.780737],[26.71054,47.781099],[26.710298,47.780957],[26.710217,47.781019],[26.710549,47.78122]]]}},{"type":"Feature","properties":{"nr":null},"geometry":{"type":"Polygon","coordinates":[[[26.711168,47.781429],[26.711682,47.781044],[26.711593,47.780992],[26.711079,47.781377],[26.711168,47.781429]]]}},{"type":"Feature","properties":{"nr":null},"geometry":{"type":"Polygon","coordinates":[[[26.711588,47.781679],[26.712102,47.781295],[26.71208,47.781281],[26.712091,47.781273],[26.712066,47.781258],[26.712056,47.781265],[26.712032,47.781252],[26.711517,47.781637],[26.711588,47.781679]]]}},{"type":"Feature","properties":{"nr":null},"geometry":{"type":"Polygon","coordinates":[[[26.71237,47.782153],[26.712728,47.781884],[26.712628,47.781824],[26.71227,47.782092],[26.71237,47.782153]]]}},{"type":"Feature","properties":{"nr":null},"geometry":{"type":"Polygon","coordinates":[[[26.712086,47.780743],[26.712754,47.780245],[26.712682,47.780201],[26.712014,47.780699],[26.712086,47.780743]]]}},{"type":"Feature","properties":{"nr":null},"geometry":{"type":"Polygon","coordinates":[[[26.712505,47.780995],[26.713171,47.780499],[26.713101,47.780456],[26.712435,47.780953],[26.712505,47.780995]]]}},{"type":"Feature","properties":{"nr":null},"geometry":{"type":"Polygon","coordinates":[[[26.71324,47.78111],[26.713329,47.781045],[26.713322,47.78104],[26.713655,47.780793],[26.71357,47.78074],[26.713235,47.780988],[26.713216,47.780976],[26.713127,47.781042],[26.713147,47.781054],[26.712849,47.781275],[26.712935,47.781327],[26.713233,47.781106],[26.71324,47.78111]]]}},{"type":"Feature","properties":{"nr":null},"geometry":{"type":"Polygon","coordinates":[[[26.713697,47.781805],[26.714428,47.781263],[26.714296,47.781183],[26.713565,47.781724],[26.713697,47.781805]]]}},{"type":"Feature","properties":{"nr":null},"geometry":{"type":"Polygon","coordinates":[[[26.714242,47.781844],[26.714753,47.781465],[26.714644,47.781398],[26.714133,47.781778],[26.714242,47.781844]]]}},{"type":"Feature","properties":{"nr":null},"geometry":{"type":"Polygon","coordinates":[[[26.712797,47.7798],[26.713342,47.779402],[26.713224,47.77933],[26.71268,47.779727],[26.712797,47.7798]]]}},{"type":"Feature","properties":{"nr":null},"geometry":{"type":"Polygon","coordinates":[[[26.713929,47.780346],[26.714277,47.780073],[26.714177,47.780012],[26.713826,47.780283],[26.713929,47.780346]]]}},{"type":"Feature","properties":{"nr":null},"geometry":{"type":"Polygon","coordinates":[[[26.714514,47.780424],[26.714331,47.780317],[26.714171,47.780438],[26.714353,47.780548],[26.714514,47.780424]]]}},{"type":"Feature","properties":{"nr":null},"geometry":{"type":"Polygon","coordinates":[[[26.714687,47.78126],[26.715224,47.780857],[26.715019,47.780733],[26.714482,47.781137],[26.714687,47.78126]]]}},{"type":"Feature","properties":{"nr":null},"geometry":{"type":"Polygon","coordinates":[[[26.715164,47.781554],[26.715704,47.781149],[26.715496,47.781023],[26.714955,47.781427],[26.715164,47.781554]]]}},{"type":"Feature","properties":{"nr":null},"geometry":{"type":"Polygon","coordinates":[[[26.715398,47.780606],[26.716002,47.780156],[26.715881,47.780081],[26.715804,47.780138],[26.71575,47.780106],[26.71522,47.780502],[26.715398,47.780606]]]}},{"type":"Feature","properties":{"nr":null},"geometry":{"type":"Polygon","coordinates":[[[26.715971,47.780946],[26.716561,47.780503],[26.71639,47.780401],[26.715801,47.780842],[26.715971,47.780946]]]}},{"type":"Feature","properties":{"nr":null},"geometry":{"type":"Polygon","coordinates":[[[26.716686,47.780907],[26.71683,47.780794],[26.716721,47.780735],[26.716578,47.780848],[26.716686,47.780907]]]}},{"type":"Feature","properties":{"nr":null},"geometry":{"type":"Polygon","coordinates":[[[26.716853,47.780555],[26.71689,47.780524],[26.716855,47.780506],[26.716752,47.780593],[26.716787,47.780612],[26.716819,47.780585],[26.716869,47.780614],[26.716906,47.780585],[26.716853,47.780555]]]}},{"type":"Feature","properties":{"nr":null},"geometry":{"type":"Polygon","coordinates":[[[26.717302,47.780328],[26.717455,47.780196],[26.717354,47.780144],[26.717203,47.780275],[26.717302,47.780328]]]}},{"type":"Feature","properties":{"nr":null},"geometry":{"type":"Polygon","coordinates":[[[26.716851,47.779333],[26.716804,47.779307],[26.716812,47.779301],[26.716774,47.77928],[26.716766,47.779286],[26.71672,47.77926],[26.716678,47.779292],[26.716669,47.779288],[26.716601,47.779343],[26.716664,47.779378],[26.716675,47.779369],[26.716698,47.779382],[26.716687,47.779391],[26.71675,47.779426],[26.716818,47.779372],[26.71681,47.779366],[26.716851,47.779333]]]}},{"type":"Feature","properties":{"nr":null},"geometry":{"type":"Polygon","coordinates":[[[26.717697,47.78],[26.717896,47.779831],[26.717824,47.779792],[26.717625,47.779961],[26.717697,47.78]]]}},{"type":"Feature","properties":{"nr":null},"geometry":{"type":"Polygon","coordinates":[[[26.717782,47.780182],[26.718215,47.779839],[26.718126,47.779787],[26.717692,47.780131],[26.717782,47.780182]]]}},{"type":"Feature","properties":{"nr":null},"geometry":{"type":"Polygon","coordinates":[[[26.717597,47.779231],[26.717645,47.779195],[26.717498,47.779106],[26.717391,47.779173],[26.717425,47.779194],[26.717231,47.779336],[26.717329,47.779396],[26.717524,47.779254],[26.717557,47.779274],[26.717607,47.779237],[26.717597,47.779231]]]}},{"type":"Feature","properties":{"nr":null},"geometry":{"type":"Polygon","coordinates":[[[26.714477,47.7799],[26.71465,47.780011],[26.714834,47.77988],[26.714661,47.779769],[26.714477,47.7799]]]}},{"type":"Feature","properties":{"nr":null},"geometry":{"type":"Polygon","coordinates":[[[26.717982,47.779782],[26.717848,47.77971],[26.717809,47.779743],[26.717942,47.779815],[26.717982,47.779782]]]}},{"type":"Feature","properties":{"nr":null},"geometry":{"type":"Polygon","coordinates":[[[26.717953,47.779304],[26.717908,47.779279],[26.717885,47.779297],[26.71793,47.779322],[26.717953,47.779304]]]}},{"type":"Feature","properties":{"nr":null},"geometry":{"type":"Polygon","coordinates":[[[26.718134,47.779279],[26.718356,47.7791],[26.718265,47.779049],[26.718045,47.779229],[26.718134,47.779279]]]}},{"type":"Feature","properties":{"nr":null},"geometry":{"type":"Polygon","coordinates":[[[26.718696,47.779482],[26.718666,47.779464],[26.718631,47.779492],[26.71866,47.77951],[26.718696,47.779482]]]}},{"type":"Feature","properties":{"nr":null},"geometry":{"type":"Polygon","coordinates":[[[26.717991,47.778263],[26.71795,47.778233],[26.717899,47.77827],[26.717944,47.778298],[26.717991,47.778263]]]}},{"type":"Feature","properties":{"nr":null},"geometry":{"type":"Polygon","coordinates":[[[26.718137,47.77878],[26.718201,47.778732],[26.718042,47.778637],[26.717984,47.778679],[26.717974,47.778673],[26.717927,47.778707],[26.717981,47.778738],[26.71779,47.778884],[26.717837,47.778912],[26.717805,47.778937],[26.717876,47.778979],[26.718099,47.778809],[26.718115,47.778819],[26.718153,47.77879],[26.718137,47.77878]]]}},{"type":"Feature","properties":{"nr":null},"geometry":{"type":"Polygon","coordinates":[[[26.718919,47.779416],[26.718808,47.779355],[26.718783,47.779375],[26.718894,47.779437],[26.718919,47.779416]]]}},{"type":"Feature","properties":{"nr":null},"geometry":{"type":"Polygon","coordinates":[[[26.712014,47.779467],[26.712036,47.77949],[26.712079,47.779488],[26.712102,47.779458],[26.712079,47.779436],[26.712031,47.779439],[26.712014,47.779467]]]}},{"type":"Feature","properties":{"nr":null},"geometry":{"type":"Polygon","coordinates":[[[26.721218,47.763426],[26.721264,47.763458],[26.721397,47.763366],[26.721349,47.763335],[26.721218,47.763426]]]}},{"type":"Feature","properties":{"nr":null},"geometry":{"type":"Polygon","coordinates":[[[26.721274,47.763451],[26.721296,47.763466],[26.721419,47.76338],[26.721397,47.763366],[26.721274,47.763451]]]}},{"type":"Feature","properties":{"nr":null},"geometry":{"type":"Polygon","coordinates":[[[26.704761,47.769783],[26.704852,47.769835],[26.705466,47.769332],[26.705375,47.769279],[26.704761,47.769783]]]}},{"type":"Feature","properties":{"nr":null},"geometry":{"type":"Polygon","coordinates":[[[26.725215,47.763185],[26.725279,47.763229],[26.725359,47.76318],[26.725295,47.763136],[26.725215,47.763185]]]}},{"type":"Feature","properties":{"nr":null},"geometry":{"type":"Polygon","coordinates":[[[26.71759,47.760296],[26.717625,47.76032],[26.71769,47.760276],[26.717655,47.760252],[26.71759,47.760296]]]}},{"type":"Feature","properties":{"nr":null},"geometry":{"type":"Polygon","coordinates":[[[26.707795,47.766809],[26.707801,47.766812],[26.707768,47.766839],[26.70792,47.766926],[26.708005,47.766858],[26.707847,47.766768],[26.707795,47.766809]]]}},{"type":"Feature","properties":{"nr":null},"geometry":{"type":"Polygon","coordinates":[[[26.724606,47.764985],[26.72471,47.764913],[26.724603,47.764843],[26.724499,47.764914],[26.724606,47.764985]]]}},{"type":"Feature","properties":{"nr":null},"geometry":{"type":"Polygon","coordinates":[[[26.718103,47.759262],[26.717979,47.759344],[26.718123,47.759443],[26.718176,47.759407],[26.718191,47.759418],[26.718262,47.759371],[26.718103,47.759262]]]}},{"type":"Feature","properties":{"nr":null},"geometry":{"type":"Polygon","coordinates":[[[26.718191,47.759206],[26.71824,47.759174],[26.718195,47.759143],[26.718146,47.759175],[26.718191,47.759206]]]}},{"type":"Feature","properties":{"nr":null},"geometry":{"type":"Polygon","coordinates":[[[26.701423,47.771207],[26.701659,47.771341],[26.701748,47.771268],[26.701511,47.771134],[26.701423,47.771207]]]}},{"type":"Feature","properties":{"nr":null},"geometry":{"type":"Polygon","coordinates":[[[26.722384,47.764494],[26.722472,47.764556],[26.722538,47.764511],[26.722513,47.764496],[26.722529,47.764485],[26.722462,47.764441],[26.722384,47.764494]]]}},{"type":"Feature","properties":{"nr":null},"geometry":{"type":"Polygon","coordinates":[[[26.722563,47.764576],[26.72261,47.764542],[26.722577,47.764522],[26.722531,47.764555],[26.722563,47.764576]]]}},{"type":"Feature","properties":{"nr":null},"geometry":{"type":"Polygon","coordinates":[[[26.724401,47.764602],[26.72446,47.764558],[26.724384,47.764512],[26.724325,47.764556],[26.724401,47.764602]]]}},{"type":"Feature","properties":{"nr":null},"geometry":{"type":"Polygon","coordinates":[[[26.719773,47.757165],[26.7197,47.757109],[26.71962,47.757158],[26.719693,47.757214],[26.719773,47.757165]]]}},{"type":"Feature","properties":{"nr":null},"geometry":{"type":"Polygon","coordinates":[[[26.719604,47.757168],[26.719572,47.757186],[26.719617,47.757221],[26.719649,47.757202],[26.719604,47.757168]]]}},{"type":"Feature","properties":{"nr":null},"geometry":{"type":"Polygon","coordinates":[[[26.715944,47.763238],[26.715989,47.763271],[26.716114,47.763195],[26.716069,47.763163],[26.715944,47.763238]]]}},{"type":"Feature","properties":{"nr":null},"geometry":{"type":"Polygon","coordinates":[[[26.716007,47.763297],[26.71594,47.76334],[26.715979,47.763365],[26.716043,47.763322],[26.716007,47.763297]]]}},{"type":"Feature","properties":{"nr":null},"geometry":{"type":"Polygon","coordinates":[[[26.719524,47.756956],[26.719476,47.756921],[26.719342,47.757005],[26.719389,47.75704],[26.719524,47.756956]]]}},{"type":"Feature","properties":{"nr":null},"geometry":{"type":"Polygon","coordinates":[[[26.725037,47.762484],[26.724912,47.762395],[26.724843,47.762439],[26.724968,47.762529],[26.725037,47.762484]]]}},{"type":"Feature","properties":{"nr":null},"geometry":{"type":"Polygon","coordinates":[[[26.720963,47.76578],[26.721075,47.765705],[26.721031,47.765676],[26.721044,47.765667],[26.721018,47.765649],[26.721004,47.765658],[26.720969,47.765634],[26.720858,47.765708],[26.720963,47.76578]]]}},{"type":"Feature","properties":{"nr":null},"geometry":{"type":"Polygon","coordinates":[[[26.722789,47.764262],[26.722825,47.764235],[26.722883,47.764269],[26.722919,47.764242],[26.722839,47.764194],[26.722766,47.764248],[26.722789,47.764262]]]}},{"type":"Feature","properties":{"nr":null},"geometry":{"type":"Polygon","coordinates":[[[26.721519,47.764664],[26.72157,47.764701],[26.721672,47.764636],[26.721621,47.764599],[26.721519,47.764664]]]}},{"type":"Feature","properties":{"nr":null},"geometry":{"type":"Polygon","coordinates":[[[26.721474,47.764552],[26.721512,47.764578],[26.721575,47.764535],[26.721594,47.764548],[26.721629,47.764524],[26.721572,47.764486],[26.721474,47.764552]]]}},{"type":"Feature","properties":{"nr":null},"geometry":{"type":"Polygon","coordinates":[[[26.717902,47.758009],[26.717945,47.757975],[26.717886,47.75794],[26.717842,47.757975],[26.717902,47.758009]]]}},{"type":"Feature","properties":{"nr":null},"geometry":{"type":"Polygon","coordinates":[[[26.717429,47.75757],[26.717502,47.757633],[26.717561,47.757602],[26.717488,47.75754],[26.717429,47.75757]]]}},{"type":"Feature","properties":{"nr":null},"geometry":{"type":"Polygon","coordinates":[[[26.726932,47.755821],[26.72697,47.755847],[26.727083,47.75577],[26.727045,47.755745],[26.726932,47.755821]]]}},{"type":"Feature","properties":{"nr":null},"geometry":{"type":"Polygon","coordinates":[[[26.727109,47.755734],[26.727156,47.755764],[26.727208,47.755726],[26.727162,47.755696],[26.727109,47.755734]]]}},{"type":"Feature","properties":{"nr":null},"geometry":{"type":"Polygon","coordinates":[[[26.721101,47.765512],[26.721162,47.765475],[26.721195,47.7655],[26.721248,47.765468],[26.721212,47.765441],[26.721199,47.765449],[26.721152,47.765414],[26.721052,47.765475],[26.721101,47.765512]]]}},{"type":"Feature","properties":{"nr":null},"geometry":{"type":"Polygon","coordinates":[[[26.720955,47.765532],[26.721016,47.765572],[26.721049,47.765548],[26.720988,47.765508],[26.720955,47.765532]]]}},{"type":"Feature","properties":{"nr":null},"geometry":{"type":"Polygon","coordinates":[[[26.718583,47.7579],[26.718444,47.757982],[26.718511,47.758033],[26.71865,47.757952],[26.718583,47.7579]]]}},{"type":"Feature","properties":{"nr":null},"geometry":{"type":"Polygon","coordinates":[[[26.718527,47.758043],[26.718559,47.75807],[26.718629,47.758032],[26.718597,47.758005],[26.718527,47.758043]]]}},{"type":"Feature","properties":{"nr":null},"geometry":{"type":"Polygon","coordinates":[[[26.723797,47.759892],[26.723895,47.759823],[26.723822,47.759776],[26.723741,47.759832],[26.723782,47.759859],[26.723764,47.759871],[26.723797,47.759892]]]}},{"type":"Feature","properties":{"nr":null},"geometry":{"type":"Polygon","coordinates":[[[26.722655,47.758746],[26.7227,47.75878],[26.72285,47.758696],[26.722787,47.758649],[26.722758,47.758665],[26.722776,47.758679],[26.722655,47.758746]]]}},{"type":"Feature","properties":{"nr":null},"geometry":{"type":"Polygon","coordinates":[[[26.722774,47.758784],[26.722686,47.758838],[26.722717,47.758862],[26.722805,47.758808],[26.722774,47.758784]]]}},{"type":"Feature","properties":{"nr":null},"geometry":{"type":"Polygon","coordinates":[[[26.722851,47.758605],[26.722814,47.758631],[26.722878,47.758673],[26.722916,47.758647],[26.722851,47.758605]]]}},{"type":"Feature","properties":{"nr":null},"geometry":{"type":"Polygon","coordinates":[[[26.723067,47.758425],[26.722957,47.758494],[26.723029,47.758547],[26.723138,47.758478],[26.723067,47.758425]]]}},{"type":"Feature","properties":{"nr":null},"geometry":{"type":"Polygon","coordinates":[[[26.714812,47.764053],[26.714877,47.764002],[26.714831,47.763976],[26.714763,47.764025],[26.714812,47.764053]]]}},{"type":"Feature","properties":{"nr":null},"geometry":{"type":"Polygon","coordinates":[[[26.714609,47.764066],[26.714777,47.764158],[26.714821,47.764123],[26.714654,47.764031],[26.714609,47.764066]]]}},{"type":"Feature","properties":{"nr":null},"geometry":{"type":"Polygon","coordinates":[[[26.722043,47.757272],[26.722086,47.757311],[26.72224,47.757233],[26.722196,47.757194],[26.722043,47.757272]]]}},{"type":"Feature","properties":{"nr":null},"geometry":{"type":"Polygon","coordinates":[[[26.722357,47.757178],[26.722374,47.75719],[26.722432,47.757153],[26.722386,47.757125],[26.722335,47.757158],[26.722319,47.757146],[26.722253,47.757181],[26.722288,47.757213],[26.722357,47.757178]]]}},{"type":"Feature","properties":{"nr":null},"geometry":{"type":"Polygon","coordinates":[[[26.716942,47.760224],[26.716991,47.760262],[26.717107,47.760194],[26.717059,47.760156],[26.716942,47.760224]]]}},{"type":"Feature","properties":{"nr":null},"geometry":{"type":"Polygon","coordinates":[[[26.716786,47.760161],[26.716852,47.760205],[26.716887,47.760181],[26.716823,47.760137],[26.716786,47.760161]]]}},{"type":"Feature","properties":{"nr":null},"geometry":{"type":"Polygon","coordinates":[[[26.718275,47.758968],[26.718326,47.759002],[26.718421,47.758941],[26.71837,47.758907],[26.718275,47.758968]]]}},{"type":"Feature","properties":{"nr":null},"geometry":{"type":"Polygon","coordinates":[[[26.718121,47.758964],[26.71818,47.759008],[26.718214,47.758986],[26.718156,47.758942],[26.718121,47.758964]]]}},{"type":"Feature","properties":{"nr":null},"geometry":{"type":"Polygon","coordinates":[[[26.724286,47.759614],[26.724397,47.759539],[26.724295,47.75947],[26.724183,47.759545],[26.724286,47.759614]]]}},{"type":"Feature","properties":{"nr":null},"geometry":{"type":"Polygon","coordinates":[[[26.722825,47.764235],[26.722789,47.764262],[26.722872,47.76431],[26.722939,47.76426],[26.722915,47.764245],[26.722883,47.764269],[26.722825,47.764235]]]}},{"type":"Feature","properties":{"nr":null},"geometry":{"type":"Polygon","coordinates":[[[26.722893,47.764403],[26.722919,47.76442],[26.722975,47.764381],[26.722948,47.764364],[26.722893,47.764403]]]}},{"type":"Feature","properties":{"nr":null},"geometry":{"type":"Polygon","coordinates":[[[26.725184,47.763099],[26.725305,47.763027],[26.725272,47.763002],[26.725251,47.763015],[26.725215,47.762988],[26.725116,47.763047],[26.725184,47.763099]]]}},{"type":"Feature","properties":{"nr":null},"geometry":{"type":"Polygon","coordinates":[[[26.725318,47.763025],[26.725392,47.76298],[26.725357,47.762954],[26.725283,47.762999],[26.725318,47.763025]]]}},{"type":"Feature","properties":{"nr":null},"geometry":{"type":"Polygon","coordinates":[[[26.725033,47.763087],[26.725093,47.763041],[26.724987,47.762979],[26.724927,47.763026],[26.725033,47.763087]]]}},{"type":"Feature","properties":{"nr":null},"geometry":{"type":"Polygon","coordinates":[[[26.724813,47.762957],[26.724874,47.762994],[26.724906,47.762971],[26.724845,47.762933],[26.724813,47.762957]]]}},{"type":"Feature","properties":{"nr":null},"geometry":{"type":"Polygon","coordinates":[[[26.724907,47.764212],[26.725,47.764272],[26.725058,47.764232],[26.724964,47.764171],[26.724907,47.764212]]]}},{"type":"Feature","properties":{"nr":null},"geometry":{"type":"Polygon","coordinates":[[[26.710618,47.76605],[26.710546,47.766109],[26.710735,47.766215],[26.710763,47.766193],[26.710747,47.766183],[26.710773,47.766163],[26.710662,47.766096],[26.710677,47.766083],[26.710618,47.76605]]]}},{"type":"Feature","properties":{"nr":null},"geometry":{"type":"Polygon","coordinates":[[[26.71377,47.766064],[26.713669,47.766016],[26.713599,47.766083],[26.713728,47.766144],[26.713761,47.766113],[26.713733,47.766099],[26.71377,47.766064]]]}},{"type":"Feature","properties":{"nr":null},"geometry":{"type":"Polygon","coordinates":[[[26.713801,47.766179],[26.713759,47.766211],[26.713894,47.766292],[26.713936,47.76626],[26.713801,47.766179]]]}},{"type":"Feature","properties":{"nr":null},"geometry":{"type":"Polygon","coordinates":[[[26.727341,47.758834],[26.72725,47.758902],[26.727336,47.758954],[26.727414,47.758896],[26.727362,47.758864],[26.727375,47.758854],[26.727341,47.758834]]]}},{"type":"Feature","properties":{"nr":null},"geometry":{"type":"Polygon","coordinates":[[[26.727276,47.758812],[26.727194,47.758863],[26.727216,47.758879],[26.727298,47.758828],[26.727276,47.758812]]]}},{"type":"Feature","properties":{"nr":null},"geometry":{"type":"Polygon","coordinates":[[[26.727346,47.75878],[26.727313,47.758805],[26.727358,47.758831],[26.72739,47.758806],[26.727346,47.75878]]]}},{"type":"Feature","properties":{"nr":null},"geometry":{"type":"Polygon","coordinates":[[[26.716984,47.757528],[26.717138,47.757425],[26.717074,47.757381],[26.71692,47.757484],[26.716984,47.757528]]]}},{"type":"Feature","properties":{"nr":null},"geometry":{"type":"Polygon","coordinates":[[[26.726406,47.759941],[26.726299,47.760014],[26.7264,47.760082],[26.726431,47.760061],[26.726411,47.760048],[26.726518,47.759976],[26.726462,47.759938],[26.726432,47.759958],[26.726406,47.759941]]]}},{"type":"Feature","properties":{"nr":null},"geometry":{"type":"Polygon","coordinates":[[[26.711098,47.762439],[26.710984,47.762475],[26.711033,47.762547],[26.711126,47.762518],[26.71111,47.762494],[26.711131,47.762488],[26.711098,47.762439]]]}},{"type":"Feature","properties":{"nr":null},"geometry":{"type":"Polygon","coordinates":[[[26.711221,47.762437],[26.711259,47.762416],[26.711178,47.76235],[26.71114,47.762371],[26.711158,47.762386],[26.711143,47.762395],[26.711172,47.762418],[26.711187,47.762409],[26.711221,47.762437]]]}},{"type":"Feature","properties":{"nr":null},"geometry":{"type":"Polygon","coordinates":[[[26.725219,47.755014],[26.725275,47.755053],[26.725398,47.754972],[26.725349,47.754938],[26.725249,47.755004],[26.725242,47.754999],[26.725219,47.755014]]]}},{"type":"Feature","properties":{"nr":null},"geometry":{"type":"Polygon","coordinates":[[[26.701556,47.795459],[26.701555,47.795395],[26.701437,47.795396],[26.701438,47.795467],[26.701529,47.795467],[26.701529,47.7955],[26.70159,47.795499],[26.701589,47.795458],[26.701556,47.795459]]]}},{"type":"Feature","properties":{"nr":null},"geometry":{"type":"Polygon","coordinates":[[[26.70145,47.795583],[26.701449,47.795498],[26.701387,47.795498],[26.701388,47.795584],[26.70145,47.795583]]]}},{"type":"Feature","properties":{"nr":null},"geometry":{"type":"Polygon","coordinates":[[[26.719928,47.759473],[26.720081,47.759577],[26.720201,47.759496],[26.720048,47.759393],[26.719928,47.759473]]]}},{"type":"Feature","properties":{"nr":null},"geometry":{"type":"Polygon","coordinates":[[[26.728352,47.756347],[26.728418,47.75629],[26.728341,47.756243],[26.728273,47.756298],[26.728352,47.756347]]]}},{"type":"Feature","properties":{"nr":null},"geometry":{"type":"Polygon","coordinates":[[[26.72819,47.756328],[26.728242,47.75629],[26.728143,47.756227],[26.72809,47.756265],[26.72819,47.756328]]]}},{"type":"Feature","properties":{"nr":null},"geometry":{"type":"Polygon","coordinates":[[[26.725144,47.755356],[26.725202,47.755396],[26.725241,47.755369],[26.725184,47.75533],[26.725144,47.755356]]]}},{"type":"Feature","properties":{"nr":null},"geometry":{"type":"Polygon","coordinates":[[[26.725846,47.756535],[26.725745,47.756611],[26.725797,47.756645],[26.725902,47.756571],[26.725846,47.756535]]]}},{"type":"Feature","properties":{"nr":null},"geometry":{"type":"Polygon","coordinates":[[[26.725779,47.75651],[26.725831,47.756477],[26.7258,47.756454],[26.725747,47.756486],[26.725779,47.75651]]]}},{"type":"Feature","properties":{"nr":null},"geometry":{"type":"Polygon","coordinates":[[[26.72136,47.759184],[26.721487,47.759123],[26.721444,47.759081],[26.721317,47.759142],[26.72136,47.759184]]]}},{"type":"Feature","properties":{"nr":null},"geometry":{"type":"Polygon","coordinates":[[[26.726077,47.754962],[26.726132,47.754995],[26.726158,47.754976],[26.726176,47.754987],[26.72615,47.755007],[26.726213,47.755043],[26.726342,47.754944],[26.726206,47.754863],[26.726077,47.754962]]]}},{"type":"Feature","properties":{"nr":null},"geometry":{"type":"Polygon","coordinates":[[[26.726148,47.754802],[26.7262,47.754838],[26.726338,47.754748],[26.726286,47.754712],[26.726148,47.754802]]]}},{"type":"Feature","properties":{"nr":null},"geometry":{"type":"Polygon","coordinates":[[[26.725367,47.76061],[26.725414,47.760649],[26.725441,47.760635],[26.725455,47.760647],[26.725538,47.760601],[26.725488,47.76056],[26.725405,47.760606],[26.725393,47.760596],[26.725367,47.76061]]]}},{"type":"Feature","properties":{"nr":null},"geometry":{"type":"Polygon","coordinates":[[[26.724841,47.755405],[26.724881,47.755378],[26.724913,47.755399],[26.724979,47.755349],[26.724892,47.75529],[26.724779,47.755364],[26.724841,47.755405]]]}},{"type":"Feature","properties":{"nr":null},"geometry":{"type":"Polygon","coordinates":[[[26.72099,47.759931],[26.720969,47.759918],[26.720913,47.759965],[26.721005,47.760023],[26.721023,47.76001],[26.721054,47.76003],[26.721106,47.759992],[26.721074,47.759972],[26.721101,47.759953],[26.721025,47.759905],[26.72099,47.759931]]]}},{"type":"Feature","properties":{"nr":null},"geometry":{"type":"Polygon","coordinates":[[[26.721081,47.760074],[26.721023,47.76004],[26.720988,47.760066],[26.721047,47.760101],[26.721081,47.760074]]]}},{"type":"Feature","properties":{"nr":null},"geometry":{"type":"Polygon","coordinates":[[[26.720804,47.761136],[26.720674,47.761052],[26.720613,47.761096],[26.720743,47.761179],[26.720804,47.761136]]]}},{"type":"Feature","properties":{"nr":null},"geometry":{"type":"Polygon","coordinates":[[[26.720676,47.761022],[26.72061,47.760978],[26.720558,47.761014],[26.720623,47.761058],[26.720676,47.761022]]]}},{"type":"Feature","properties":{"nr":null},"geometry":{"type":"Polygon","coordinates":[[[26.727498,47.762874],[26.727401,47.762936],[26.727474,47.762987],[26.727507,47.762966],[26.727535,47.762983],[26.727597,47.762944],[26.727498,47.762874]]]}},{"type":"Feature","properties":{"nr":null},"geometry":{"type":"Polygon","coordinates":[[[26.720699,47.767915],[26.720787,47.767861],[26.720727,47.767819],[26.720639,47.767874],[26.720699,47.767915]]]}},{"type":"Feature","properties":{"nr":null},"geometry":{"type":"Polygon","coordinates":[[[26.720751,47.767694],[26.720811,47.767737],[26.720864,47.7677],[26.720805,47.767659],[26.720751,47.767694]]]}},{"type":"Feature","properties":{"nr":null},"geometry":{"type":"Polygon","coordinates":[[[26.723095,47.765276],[26.723251,47.765384],[26.723312,47.765343],[26.723277,47.765319],[26.72333,47.765284],[26.723208,47.7652],[26.723095,47.765276]]]}},{"type":"Feature","properties":{"nr":null},"geometry":{"type":"Polygon","coordinates":[[[26.720955,47.761233],[26.721281,47.760997],[26.721296,47.761007],[26.721322,47.760988],[26.721306,47.760979],[26.721366,47.760936],[26.721216,47.760842],[26.72113,47.760903],[26.721187,47.76094],[26.720863,47.761175],[26.720925,47.761214],[26.720909,47.761225],[26.720932,47.76124],[26.720948,47.761228],[26.720955,47.761233]]]}},{"type":"Feature","properties":{"nr":null},"geometry":{"type":"Polygon","coordinates":[[[26.72036,47.75638],[26.720501,47.756305],[26.720454,47.756265],[26.720343,47.756324],[26.720333,47.756314],[26.720302,47.75633],[26.72036,47.75638]]]}},{"type":"Feature","properties":{"nr":null},"geometry":{"type":"Polygon","coordinates":[[[26.718232,47.758285],[26.7181,47.758369],[26.718154,47.75841],[26.71829,47.758325],[26.718232,47.758285]]]}},{"type":"Feature","properties":{"nr":null},"geometry":{"type":"Polygon","coordinates":[[[26.71799,47.758327],[26.71804,47.758297],[26.717981,47.758251],[26.717927,47.75828],[26.71799,47.758327]]]}},{"type":"Feature","properties":{"nr":null},"geometry":{"type":"Polygon","coordinates":[[[26.727651,47.758586],[26.727548,47.758534],[26.727411,47.758658],[26.727518,47.758719],[26.727611,47.758635],[26.727602,47.758631],[26.727651,47.758586]]]}},{"type":"Feature","properties":{"nr":null},"geometry":{"type":"Polygon","coordinates":[[[26.721725,47.76046],[26.721783,47.760498],[26.721925,47.7604],[26.721867,47.760362],[26.721725,47.76046]]]}},{"type":"Feature","properties":{"nr":null},"geometry":{"type":"Polygon","coordinates":[[[26.722083,47.760362],[26.72197,47.760289],[26.721867,47.760362],[26.721925,47.7604],[26.721981,47.760361],[26.722036,47.760395],[26.722083,47.760362]]]}},{"type":"Feature","properties":{"nr":null},"geometry":{"type":"Polygon","coordinates":[[[26.722083,47.760362],[26.722007,47.760415],[26.722195,47.760537],[26.722271,47.760485],[26.722083,47.760362]]]}},{"type":"Feature","properties":{"nr":null},"geometry":{"type":"Polygon","coordinates":[[[26.727177,47.763205],[26.72725,47.763255],[26.727363,47.763182],[26.727341,47.763166],[26.727326,47.763175],[26.727276,47.76314],[26.727177,47.763205]]]}},{"type":"Feature","properties":{"nr":null},"geometry":{"type":"Polygon","coordinates":[[[26.727506,47.763175],[26.727445,47.763137],[26.72738,47.763184],[26.727408,47.763203],[26.727397,47.763212],[26.72743,47.763231],[26.727506,47.763175]]]}},{"type":"Feature","properties":{"nr":null},"geometry":{"type":"Polygon","coordinates":[[[26.72427,47.761045],[26.724395,47.760956],[26.724342,47.760922],[26.72422,47.76101],[26.72427,47.761045]]]}},{"type":"Feature","properties":{"nr":null},"geometry":{"type":"Polygon","coordinates":[[[26.724199,47.761106],[26.724239,47.761077],[26.724159,47.761026],[26.724119,47.761054],[26.724199,47.761106]]]}},{"type":"Feature","properties":{"nr":null},"geometry":{"type":"Polygon","coordinates":[[[26.724923,47.755257],[26.725006,47.755315],[26.725043,47.75529],[26.725057,47.755299],[26.725095,47.755274],[26.724999,47.755206],[26.724923,47.755257]]]}},{"type":"Feature","properties":{"nr":null},"geometry":{"type":"Polygon","coordinates":[[[26.724915,47.755224],[26.724853,47.755181],[26.724823,47.755203],[26.724884,47.755244],[26.724915,47.755224]]]}},{"type":"Feature","properties":{"nr":null},"geometry":{"type":"Polygon","coordinates":[[[26.724907,47.754978],[26.724835,47.75492],[26.724749,47.754969],[26.724821,47.755027],[26.724907,47.754978]]]}},{"type":"Feature","properties":{"nr":null},"geometry":{"type":"Polygon","coordinates":[[[26.724691,47.754944],[26.724723,47.754923],[26.724669,47.754889],[26.724638,47.75491],[26.724691,47.754944]]]}},{"type":"Feature","properties":{"nr":null},"geometry":{"type":"Polygon","coordinates":[[[26.700958,47.794334],[26.700954,47.794428],[26.700981,47.794428],[26.700979,47.794493],[26.701087,47.794494],[26.701092,47.79438],[26.70111,47.79438],[26.701111,47.79434],[26.700958,47.794334]]]}},{"type":"Feature","properties":{"nr":null},"geometry":{"type":"Polygon","coordinates":[[[26.717218,47.762682],[26.717137,47.762732],[26.71722,47.762794],[26.717268,47.762764],[26.717292,47.762781],[26.717323,47.762761],[26.717218,47.762682]]]}},{"type":"Feature","properties":{"nr":null},"geometry":{"type":"Polygon","coordinates":[[[26.725205,47.764556],[26.725306,47.764495],[26.725276,47.764473],[26.725256,47.764485],[26.725201,47.764444],[26.72512,47.764492],[26.725205,47.764556]]]}},{"type":"Feature","properties":{"nr":null},"geometry":{"type":"Polygon","coordinates":[[[26.723874,47.755305],[26.723797,47.755353],[26.723866,47.755404],[26.723943,47.755356],[26.723874,47.755305]]]}},{"type":"Feature","properties":{"nr":null},"geometry":{"type":"Polygon","coordinates":[[[26.725359,47.764362],[26.725267,47.7643],[26.725188,47.764348],[26.725281,47.76441],[26.725359,47.764362]]]}},{"type":"Feature","properties":{"nr":null},"geometry":{"type":"Polygon","coordinates":[[[26.725535,47.764459],[26.725494,47.76443],[26.725455,47.764452],[26.725498,47.764483],[26.725535,47.764459]]]}},{"type":"Feature","properties":{"nr":null},"geometry":{"type":"Polygon","coordinates":[[[26.721278,47.756078],[26.72137,47.756019],[26.721343,47.756001],[26.721321,47.756015],[26.721269,47.755978],[26.7212,47.756022],[26.721278,47.756078]]]}},{"type":"Feature","properties":{"nr":null},"geometry":{"type":"Polygon","coordinates":[[[26.721379,47.755951],[26.721351,47.755971],[26.721401,47.756001],[26.721428,47.755981],[26.721379,47.755951]]]}},{"type":"Feature","properties":{"nr":null},"geometry":{"type":"Polygon","coordinates":[[[26.702014,47.794106],[26.702017,47.794157],[26.702055,47.794156],[26.702056,47.794178],[26.702158,47.794176],[26.702153,47.794085],[26.702034,47.794088],[26.702035,47.794105],[26.702014,47.794106]]]}},{"type":"Feature","properties":{"nr":null},"geometry":{"type":"Polygon","coordinates":[[[26.719102,47.759365],[26.719052,47.759325],[26.719007,47.759352],[26.719026,47.759367],[26.719014,47.759374],[26.719043,47.759399],[26.719102,47.759365]]]}},{"type":"Feature","properties":{"nr":null},"geometry":{"type":"Polygon","coordinates":[[[26.730785,47.755412],[26.730876,47.755336],[26.730913,47.755305],[26.730823,47.755257],[26.730696,47.755363],[26.730785,47.755412]]]}},{"type":"Feature","properties":{"nr":null},"geometry":{"type":"Polygon","coordinates":[[[26.715579,47.763459],[26.715638,47.76349],[26.71562,47.763504],[26.71565,47.76352],[26.715749,47.763438],[26.715716,47.76342],[26.715702,47.763431],[26.71565,47.763405],[26.715579,47.763459]]]}},{"type":"Feature","properties":{"nr":null},"geometry":{"type":"Polygon","coordinates":[[[26.717869,47.765895],[26.717934,47.765845],[26.717963,47.765863],[26.718022,47.765818],[26.717985,47.765795],[26.717947,47.765824],[26.717917,47.765806],[26.717947,47.765783],[26.717897,47.765753],[26.717779,47.765842],[26.717869,47.765895]]]}},{"type":"Feature","properties":{"nr":null},"geometry":{"type":"Polygon","coordinates":[[[26.724221,47.757645],[26.724317,47.757709],[26.724404,47.75765],[26.724307,47.757586],[26.724221,47.757645]]]}},{"type":"Feature","properties":{"nr":null},"geometry":{"type":"Polygon","coordinates":[[[26.703703,47.758885],[26.703644,47.758731],[26.703481,47.758759],[26.70354,47.758914],[26.703703,47.758885]]]}},{"type":"Feature","properties":{"nr":null},"geometry":{"type":"Polygon","coordinates":[[[26.718387,47.757646],[26.718294,47.757714],[26.718332,47.757737],[26.718316,47.757749],[26.718353,47.757772],[26.718369,47.75776],[26.718386,47.757771],[26.718479,47.757703],[26.718387,47.757646]]]}},{"type":"Feature","properties":{"nr":null},"geometry":{"type":"Polygon","coordinates":[[[26.706176,47.766859],[26.706229,47.76689],[26.706217,47.766899],[26.706276,47.766934],[26.706383,47.766858],[26.706274,47.766788],[26.706176,47.766859]]]}},{"type":"Feature","properties":{"nr":null},"geometry":{"type":"Polygon","coordinates":[[[26.720736,47.758215],[26.720789,47.758186],[26.720757,47.758158],[26.720772,47.758149],[26.72072,47.758103],[26.720648,47.758143],[26.720736,47.758215]]]}},{"type":"Feature","properties":{"nr":null},"geometry":{"type":"Polygon","coordinates":[[[26.713025,47.765568],[26.712973,47.765665],[26.713077,47.765693],[26.713096,47.765657],[26.713122,47.765663],[26.713132,47.765644],[26.713106,47.765638],[26.713129,47.765595],[26.713025,47.765568]]]}},{"type":"Feature","properties":{"nr":null},"geometry":{"type":"Polygon","coordinates":[[[26.713083,47.765557],[26.713124,47.765569],[26.713149,47.765524],[26.713107,47.765512],[26.713083,47.765557]]]}},{"type":"Feature","properties":{"nr":null},"geometry":{"type":"Polygon","coordinates":[[[26.721079,47.756218],[26.72119,47.756148],[26.721163,47.756124],[26.721145,47.756135],[26.721097,47.756101],[26.721001,47.756163],[26.721079,47.756218]]]}},{"type":"Feature","properties":{"nr":null},"geometry":{"type":"Polygon","coordinates":[[[26.721309,47.7562],[26.721272,47.756172],[26.721193,47.75622],[26.721188,47.756217],[26.721097,47.75628],[26.721169,47.756331],[26.721331,47.756227],[26.721303,47.756204],[26.721309,47.7562]]]}},{"type":"Feature","properties":{"nr":null},"geometry":{"type":"Polygon","coordinates":[[[26.716898,47.763971],[26.716999,47.764041],[26.717076,47.763991],[26.716974,47.76392],[26.716898,47.763971]]]}},{"type":"Feature","properties":{"nr":null},"geometry":{"type":"Polygon","coordinates":[[[26.71688,47.763973],[26.716919,47.763944],[26.716785,47.763862],[26.716746,47.76389],[26.71688,47.763973]]]}},{"type":"Feature","properties":{"nr":null},"geometry":{"type":"Polygon","coordinates":[[[26.716919,47.763829],[26.716828,47.763769],[26.716749,47.763824],[26.71684,47.763884],[26.716919,47.763829]]]}},{"type":"Feature","properties":{"nr":null},"geometry":{"type":"Polygon","coordinates":[[[26.707504,47.767013],[26.707541,47.767034],[26.707521,47.767049],[26.707574,47.767079],[26.707677,47.766996],[26.7076,47.766952],[26.707553,47.766991],[26.70754,47.766984],[26.707504,47.767013]]]}},{"type":"Feature","properties":{"nr":null},"geometry":{"type":"Polygon","coordinates":[[[26.707627,47.767135],[26.707721,47.767182],[26.707763,47.767145],[26.707668,47.767098],[26.707627,47.767135]]]}},{"type":"Feature","properties":{"nr":null},"geometry":{"type":"Polygon","coordinates":[[[26.715552,47.76361],[26.715631,47.763548],[26.715561,47.763508],[26.715524,47.763538],[26.715535,47.763544],[26.715494,47.763577],[26.715552,47.76361]]]}},{"type":"Feature","properties":{"nr":null},"geometry":{"type":"Polygon","coordinates":[[[26.715827,47.763776],[26.715918,47.763697],[26.71574,47.7636],[26.715649,47.763678],[26.715827,47.763776]]]}},{"type":"Feature","properties":{"nr":null},"geometry":{"type":"Polygon","coordinates":[[[26.723095,47.760259],[26.723164,47.760309],[26.723262,47.760251],[26.723196,47.760199],[26.723095,47.760259]]]}},{"type":"Feature","properties":{"nr":null},"geometry":{"type":"Polygon","coordinates":[[[26.722997,47.760312],[26.723116,47.760383],[26.723148,47.760358],[26.7231,47.760325],[26.72311,47.760317],[26.723045,47.760277],[26.722997,47.760312]]]}},{"type":"Feature","properties":{"nr":null},"geometry":{"type":"Polygon","coordinates":[[[26.726927,47.762889],[26.726968,47.76292],[26.727075,47.762855],[26.727034,47.762825],[26.726927,47.762889]]]}},{"type":"Feature","properties":{"nr":null},"geometry":{"type":"Polygon","coordinates":[[[26.726833,47.762993],[26.726905,47.762951],[26.72687,47.762924],[26.726799,47.762966],[26.726833,47.762993]]]}},{"type":"Feature","properties":{"nr":null},"geometry":{"type":"Polygon","coordinates":[[[26.726878,47.762815],[26.726921,47.762789],[26.7269,47.762774],[26.726857,47.762799],[26.726878,47.762815]]]}},{"type":"Feature","properties":{"nr":null},"geometry":{"type":"Polygon","coordinates":[[[26.726476,47.763642],[26.726591,47.763563],[26.726485,47.763495],[26.726372,47.763571],[26.726476,47.763642]]]}},{"type":"Feature","properties":{"nr":null},"geometry":{"type":"Polygon","coordinates":[[[26.708041,47.765382],[26.707991,47.765416],[26.70808,47.765476],[26.708167,47.765417],[26.708096,47.765369],[26.708059,47.765394],[26.708041,47.765382]]]}},{"type":"Feature","properties":{"nr":null},"geometry":{"type":"Polygon","coordinates":[[[26.701248,47.794914],[26.701247,47.794896],[26.701256,47.794896],[26.701252,47.794842],[26.701058,47.794848],[26.701061,47.794896],[26.70105,47.794896],[26.701051,47.794923],[26.701248,47.794914]]]}},{"type":"Feature","properties":{"nr":null},"geometry":{"type":"Polygon","coordinates":[[[26.700937,47.794818],[26.700886,47.79482],[26.700895,47.794891],[26.700943,47.794889],[26.700937,47.794818]]]}},{"type":"Feature","properties":{"nr":null},"geometry":{"type":"Polygon","coordinates":[[[26.700943,47.794889],[26.700885,47.794892],[26.700888,47.794968],[26.700948,47.794965],[26.700943,47.794889]]]}},{"type":"Feature","properties":{"nr":null},"geometry":{"type":"Polygon","coordinates":[[[26.700972,47.794964],[26.700888,47.794968],[26.70089,47.795002],[26.700973,47.794997],[26.700972,47.794964]]]}},{"type":"Feature","properties":{"nr":null},"geometry":{"type":"Polygon","coordinates":[[[26.702009,47.794617],[26.702169,47.794616],[26.702169,47.794565],[26.702009,47.794566],[26.702009,47.794617]]]}},{"type":"Feature","properties":{"nr":null},"geometry":{"type":"Polygon","coordinates":[[[26.726243,47.763844],[26.726332,47.763776],[26.72625,47.763727],[26.72616,47.763796],[26.726243,47.763844]]]}},{"type":"Feature","properties":{"nr":null},"geometry":{"type":"Polygon","coordinates":[[[26.72652,47.763818],[26.726615,47.763754],[26.726578,47.763729],[26.726483,47.763792],[26.72652,47.763818]]]}},{"type":"Feature","properties":{"nr":null},"geometry":{"type":"Polygon","coordinates":[[[26.722849,47.760056],[26.722893,47.760089],[26.722973,47.760041],[26.722928,47.760008],[26.722849,47.760056]]]}},{"type":"Feature","properties":{"nr":null},"geometry":{"type":"Polygon","coordinates":[[[26.722768,47.759956],[26.722817,47.759991],[26.722868,47.759958],[26.722819,47.759923],[26.722768,47.759956]]]}},{"type":"Feature","properties":{"nr":null},"geometry":{"type":"Polygon","coordinates":[[[26.714936,47.762117],[26.715029,47.762178],[26.715104,47.762124],[26.715013,47.762063],[26.714936,47.762117]]]}},{"type":"Feature","properties":{"nr":null},"geometry":{"type":"Polygon","coordinates":[[[26.719558,47.756811],[26.719497,47.756855],[26.719613,47.756929],[26.719706,47.756863],[26.719621,47.756808],[26.719589,47.756831],[26.719558,47.756811]]]}},{"type":"Feature","properties":{"nr":null},"geometry":{"type":"Polygon","coordinates":[[[26.728926,47.757928],[26.729041,47.757846],[26.728967,47.757799],[26.728852,47.757881],[26.728926,47.757928]]]}},{"type":"Feature","properties":{"nr":null},"geometry":{"type":"Polygon","coordinates":[[[26.728746,47.757767],[26.728831,47.757804],[26.728897,47.757751],[26.72882,47.757708],[26.728746,47.757767]]]}},{"type":"Feature","properties":{"nr":null},"geometry":{"type":"Polygon","coordinates":[[[26.729187,47.758262],[26.72929,47.75819],[26.729185,47.758123],[26.729083,47.758196],[26.729187,47.758262]]]}},{"type":"Feature","properties":{"nr":null},"geometry":{"type":"Polygon","coordinates":[[[26.717245,47.765687],[26.71732,47.76575],[26.717403,47.765706],[26.717328,47.765643],[26.717245,47.765687]]]}},{"type":"Feature","properties":{"nr":null},"geometry":{"type":"Polygon","coordinates":[[[26.717017,47.765719],[26.717146,47.765808],[26.717212,47.765765],[26.717083,47.765676],[26.717017,47.765719]]]}},{"type":"Feature","properties":{"nr":null},"geometry":{"type":"Polygon","coordinates":[[[26.716965,47.765681],[26.716996,47.765703],[26.717063,47.76566],[26.717032,47.765639],[26.716965,47.765681]]]}},{"type":"Feature","properties":{"nr":null},"geometry":{"type":"Polygon","coordinates":[[[26.745708,47.751846],[26.745497,47.752182],[26.74605,47.752473],[26.746345,47.752245],[26.74642,47.75222],[26.745708,47.751846]]]}},{"type":"Feature","properties":{"nr":null},"geometry":{"type":"Polygon","coordinates":[[[26.746533,47.752353],[26.746264,47.752585],[26.74835,47.753682],[26.748625,47.753379],[26.746614,47.752322],[26.746533,47.752353]]]}},{"type":"Feature","properties":{"nr":null},"geometry":{"type":"Polygon","coordinates":[[[26.74881,47.753177],[26.745849,47.75162],[26.745708,47.751846],[26.74642,47.75222],[26.746694,47.752132],[26.746845,47.752235],[26.746614,47.752322],[26.748625,47.753379],[26.74881,47.753177]]]}},{"type":"Feature","properties":{"nr":null},"geometry":{"type":"Polygon","coordinates":[[[26.746896,47.749949],[26.749963,47.750542],[26.755557,47.751608],[26.755679,47.751504],[26.746912,47.74981],[26.746896,47.749949]]]}},{"type":"Feature","properties":{"nr":null},"geometry":{"type":"Polygon","coordinates":[[[26.746898,47.749996],[26.746889,47.750046],[26.755488,47.751708],[26.75553,47.751664],[26.746898,47.749996]]]}},{"type":"Feature","properties":{"nr":null},"geometry":{"type":"Polygon","coordinates":[[[26.746385,47.75073],[26.746332,47.750777],[26.752356,47.751977],[26.752405,47.751929],[26.746385,47.75073]]]}},{"type":"Feature","properties":{"nr":null},"geometry":{"type":"Polygon","coordinates":[[[26.746889,47.750046],[26.746875,47.750132],[26.755363,47.751794],[26.755471,47.751726],[26.755488,47.751708],[26.746889,47.750046]]]}},{"type":"Feature","properties":{"nr":null},"geometry":{"type":"Polygon","coordinates":[[[26.746447,47.750675],[26.746385,47.75073],[26.752405,47.751929],[26.75248,47.751856],[26.746447,47.750675]]]}},{"type":"Feature","properties":{"nr":null},"geometry":{"type":"Polygon","coordinates":[[[26.746852,47.750272],[26.746762,47.750384],[26.753442,47.751692],[26.753551,47.751609],[26.755211,47.751924],[26.755243,47.751896],[26.746858,47.750254],[26.746852,47.750272]]]}},{"type":"Feature","properties":{"nr":null},"geometry":{"type":"Polygon","coordinates":[[[26.746858,47.750254],[26.755243,47.751896],[26.755363,47.751794],[26.746905,47.750138],[26.746858,47.750254]]]}},{"type":"Feature","properties":{"nr":null},"geometry":{"type":"Polygon","coordinates":[[[26.746762,47.750384],[26.746702,47.750459],[26.752829,47.751659],[26.753091,47.751624],[26.746762,47.750384]]]}},{"type":"Feature","properties":{"nr":null},"geometry":{"type":"Polygon","coordinates":[[[26.745553,47.795836],[26.745009,47.79531],[26.744562,47.794853],[26.74395,47.795257],[26.746622,47.797352],[26.746975,47.797654],[26.74704,47.797717],[26.747107,47.797797],[26.74709,47.7977],[26.747049,47.797302],[26.74694,47.797094],[26.746823,47.796974],[26.746634,47.796817],[26.746344,47.796555],[26.745553,47.795836]]]}}]}