{"type":"FeatureCollection","name":"PUG_Municipiul_Suceava","features":[{"type":"Feature","properties":{"UTR":"M2","utr":"M2","DENUMIRE":"Mixt comercial","denumire":"Mixt comercial","POT":65,"CUT":3.0,"RH":"P+5-P+6","FUNCTIUNE":"Mixt comercial","functiune":"Mixt comercial","c":"#F87171","sursa":"PUG Suceava HCL 162/2017 - vectorizat TSS·FG","id":1},"geometry":{"type":"Polygon","coordinates":[[[26.2189476,47.6282764],[26.2185224,47.6287647],[26.21807,47.628598],[26.2180522,47.6286066],[26.2180125,47.6285923],[26.2177716,47.6284771],[26.2177134,47.62844],[26.2173815,47.6281987],[26.2179087,47.6279094],[26.2181965,47.6281253],[26.2184654,47.6278303],[26.2187437,47.6280247],[26.2186293,47.6281557],[26.2189476,47.6282764]]]}},{"type":"Feature","properties":{"UTR":"L1A","utr":"L1A","DENUMIRE":"Locuinte individuale tip A","denumire":"Locuinte individuale tip A","POT":30,"CUT":0.9,"RH":"P+1-P+2","FUNCTIUNE":"Locuinte individuale tip A","functiune":"Locuinte individuale tip A","c":"#FDE68A","sursa":"PUG Suceava HCL 162/2017 - vectorizat TSS·FG","id":2},"geometry":{"type":"Polygon","coordinates":[[[26.2179087,47.6279094],[26.218852,47.6273915],[26.2194772,47.6277752],[26.219379,47.6278142],[26.2193098,47.6278603],[26.2189476,47.6282764],[26.2186293,47.6281557],[26.2187437,47.6280247],[26.2184654,47.6278303],[26.2181965,47.6281253],[26.2179087,47.6279094]]]}},{"type":"Feature","properties":{"UTR":"M2","utr":"M2","DENUMIRE":"Mixt comercial","denumire":"Mixt comercial","POT":65,"CUT":3.0,"RH":"P+5-P+6","FUNCTIUNE":"Mixt comercial","functiune":"Mixt comercial","c":"#F87171","sursa":"PUG Suceava HCL 162/2017 - vectorizat TSS·FG","id":3},"geometry":{"type":"Polygon","coordinates":[[[26.2224248,47.6291639],[26.2234371,47.6297583],[26.223266,47.6298806],[26.2227058,47.630251],[26.2220905,47.6300172],[26.2204643,47.6294416],[26.2204637,47.6294253],[26.2209289,47.6289064],[26.2209622,47.6289214],[26.2209622,47.6289214],[26.2209622,47.6289214],[26.2212472,47.6290408],[26.2214602,47.6291231],[26.2214478,47.6291384],[26.2218392,47.6292964],[26.2221373,47.6294106],[26.2224248,47.6291639]]]}},{"type":"Feature","properties":{"UTR":"G2","utr":"G2","DENUMIRE":"Gospodarire comunala tip 2","denumire":"Gospodarire comunala tip 2","POT":55,"CUT":2.0,"RH":"P+2-P+3","FUNCTIUNE":"Gospodarire comunala tip 2","functiune":"Gospodarire comunala tip 2","c":"#3B82F6","sursa":"PUG Suceava HCL 162/2017 - vectorizat TSS·FG","id":4},"geometry":{"type":"Polygon","coordinates":[[[26.2203892,47.6293853],[26.2185224,47.6287647],[26.2189476,47.6282764],[26.2193098,47.6278603],[26.219379,47.6278142],[26.2194772,47.6277752],[26.2195947,47.627784],[26.2212849,47.6283724],[26.2204509,47.629339],[26.2203892,47.6293853]]]}},{"type":"Feature","properties":{"UTR":"L1A","utr":"L1A","DENUMIRE":"Locuinte individuale tip A","denumire":"Locuinte individuale tip A","POT":30,"CUT":0.9,"RH":"P+1-P+2","FUNCTIUNE":"Locuinte individuale tip A","functiune":"Locuinte individuale tip A","c":"#FDE68A","sursa":"PUG Suceava HCL 162/2017 - vectorizat TSS·FG","id":5},"geometry":{"type":"Polygon","coordinates":[[[26.2209622,47.6289214],[26.2211811,47.6286619],[26.2211473,47.628648],[26.2213602,47.6283951],[26.2218987,47.6285932],[26.2221185,47.6286754],[26.2226885,47.628921],[26.2224248,47.6291639],[26.2221373,47.6294106],[26.2218392,47.6292964],[26.2214478,47.6291384],[26.2214602,47.6291231],[26.2212472,47.6290408],[26.2209622,47.6289214],[26.2209622,47.6289214]]]}},{"type":"Feature","properties":{"UTR":"L1A","utr":"L1A","DENUMIRE":"Locuinte individuale tip A","denumire":"Locuinte individuale tip A","POT":30,"CUT":0.9,"RH":"P+1-P+2","FUNCTIUNE":"Locuinte individuale tip A","functiune":"Locuinte individuale tip A","c":"#FDE68A","sursa":"PUG Suceava HCL 162/2017 - vectorizat TSS·FG","id":6},"geometry":{"type":"Polygon","coordinates":[[[26.2292738,47.6270219],[26.2303877,47.6275287],[26.2277956,47.6310484],[26.2266891,47.6305274],[26.2281176,47.6285727],[26.2292738,47.6270219]]]}},{"type":"Feature","properties":{"UTR":"M2","utr":"M2","DENUMIRE":"Mixt comercial","denumire":"Mixt comercial","POT":65,"CUT":3.0,"RH":"P+5-P+6","FUNCTIUNE":"Mixt comercial","functiune":"Mixt comercial","c":"#F87171","sursa":"PUG Suceava HCL 162/2017 - vectorizat TSS·FG","id":7},"geometry":{"type":"Polygon","coordinates":[[[26.2310522,47.6263171],[26.2333543,47.6260621],[26.2333882,47.6261482],[26.2349849,47.6259754],[26.2350385,47.6259743],[26.2351205,47.626074],[26.2342114,47.626709],[26.2335519,47.6271049],[26.2331098,47.62734],[26.2325864,47.6276656],[26.2320906,47.6279978],[26.2318566,47.62812],[26.2315573,47.628321],[26.2312983,47.6285454],[26.2291006,47.6315436],[26.2284708,47.6313044],[26.2279015,47.6310716],[26.2304815,47.6275564],[26.2304241,47.627463],[26.2304294,47.6273518],[26.2312114,47.6267352],[26.231135,47.626633],[26.2310522,47.6263171]]]}},{"type":"Feature","properties":{"UTR":"M2","utr":"M2","DENUMIRE":"Mixt comercial","denumire":"Mixt comercial","POT":65,"CUT":3.0,"RH":"P+5-P+6","FUNCTIUNE":"Mixt comercial","functiune":"Mixt comercial","c":"#F87171","sursa":"PUG Suceava HCL 162/2017 - vectorizat TSS·FG","id":8},"geometry":{"type":"Polygon","coordinates":[[[26.2275634,47.6312649],[26.2276017,47.631224],[26.227103,47.6310056],[26.2270538,47.6310578],[26.2260113,47.6306605],[26.2262063,47.6304181],[26.2275125,47.6309873],[26.2277485,47.6310903],[26.2290418,47.6316181],[26.2289097,47.6317957],[26.2282612,47.6326273],[26.2278943,47.6325887],[26.2268021,47.6320779],[26.2275378,47.6312923],[26.2277014,47.6313616],[26.2275316,47.6315604],[26.2278868,47.6317154],[26.2281046,47.6315001],[26.2275634,47.6312649]]]}},{"type":"Feature","properties":{"UTR":"M2","utr":"M2","DENUMIRE":"Mixt comercial","denumire":"Mixt comercial","POT":65,"CUT":3.0,"RH":"P+5-P+6","FUNCTIUNE":"Mixt comercial","functiune":"Mixt comercial","c":"#F87171","sursa":"PUG Suceava HCL 162/2017 - vectorizat TSS·FG","id":9},"geometry":{"type":"Polygon","coordinates":[[[26.2292076,47.6269119],[26.2300194,47.6267884],[26.2299761,47.6267525],[26.2277299,47.6271024],[26.2276876,47.6270066],[26.2276952,47.6268529],[26.230971,47.6263548],[26.2310509,47.6267618],[26.2302828,47.6273877],[26.2292076,47.6269119]]]}},{"type":"Feature","properties":{"UTR":"M2","utr":"M2","DENUMIRE":"Mixt comercial","denumire":"Mixt comercial","POT":65,"CUT":3.0,"RH":"P+5-P+6","FUNCTIUNE":"Mixt comercial","functiune":"Mixt comercial","c":"#F87171","sursa":"PUG Suceava HCL 162/2017 - vectorizat TSS·FG","id":10},"geometry":{"type":"Polygon","coordinates":[[[26.2265877,47.6304956],[26.2259243,47.6301943],[26.2258377,47.6302627],[26.2261378,47.6303923],[26.2253525,47.631414],[26.2249248,47.6311842],[26.2241069,47.630818],[26.223497,47.630562],[26.2230869,47.63039],[26.2227905,47.6302839],[26.2230753,47.630108],[26.223415,47.6298802],[26.2236914,47.6297125],[26.224475,47.6300851],[26.2243944,47.6301726],[26.2244295,47.6301887],[26.2243517,47.6302613],[26.225133,47.6305743],[26.2259785,47.6299171],[26.2260349,47.6299401],[26.226503,47.6295433],[26.2263331,47.6294643],[26.2264957,47.6293287],[26.2267788,47.6294534],[26.2270801,47.6291923],[26.226953,47.6291301],[26.2272435,47.6287778],[26.2274036,47.6285807],[26.2276899,47.6281648],[26.2281387,47.6274362],[26.2276807,47.6271953],[26.2278001,47.6271238],[26.2281188,47.6270781],[26.2290806,47.6269353],[26.2292049,47.6269873],[26.2265877,47.6304956]]]}},{"type":"Feature","properties":{"UTR":"G2","utr":"G2","DENUMIRE":"Gospodarire comunala tip 2","denumire":"Gospodarire comunala tip 2","POT":55,"CUT":2.0,"RH":"P+2-P+3","FUNCTIUNE":"Gospodarire comunala tip 2","functiune":"Gospodarire comunala tip 2","c":"#3B82F6","sursa":"PUG Suceava HCL 162/2017 - vectorizat TSS·FG","id":11},"geometry":{"type":"Polygon","coordinates":[[[26.243185,47.6179013],[26.2440417,47.61814],[26.2443678,47.6176111],[26.2456865,47.6179785],[26.2453536,47.6185213],[26.2455684,47.6185864],[26.2447882,47.619778],[26.2442478,47.6196285],[26.2436748,47.620549],[26.2427195,47.6202749],[26.2427831,47.6201816],[26.2427624,47.6201645],[26.2426527,47.6201173],[26.242872,47.6197648],[26.2423571,47.6196241],[26.2421179,47.6195348],[26.2419635,47.6194693],[26.2426613,47.6186021],[26.242672,47.6186909],[26.2426959,47.618699],[26.243185,47.6179013]]]}},{"type":"Feature","properties":{"UTR":"C2A","utr":"C2A","DENUMIRE":"Comercial tip A","denumire":"Comercial tip A","POT":60,"CUT":2.4,"RH":"P+3-P+5","FUNCTIUNE":"Comercial tip A","functiune":"Comercial tip A","c":"#FDBA74","sursa":"PUG Suceava HCL 162/2017 - vectorizat TSS·FG","id":12},"geometry":{"type":"Polygon","coordinates":[[[26.2268021,47.6320779],[26.2254158,47.6314432],[26.2260113,47.6306605],[26.2270538,47.6310578],[26.227103,47.6310056],[26.2276017,47.631224],[26.2275634,47.6312649],[26.2275378,47.6312923],[26.2268021,47.6320779]]]}},{"type":"Feature","properties":{"UTR":"F","utr":"F","DENUMIRE":"Institutii publice","denumire":"Institutii publice","POT":45,"CUT":1.5,"RH":"P+2-P+4","FUNCTIUNE":"Institutii publice","functiune":"Institutii publice","c":"#93C5FD","sursa":"PUG Suceava HCL 162/2017 - vectorizat TSS·FG","id":13},"geometry":{"type":"Polygon","coordinates":[[[26.2275378,47.6312923],[26.2275634,47.6312649],[26.2281046,47.6315001],[26.2278868,47.6317154],[26.2275316,47.6315604],[26.2277014,47.6313616],[26.2275378,47.6312923]]]}},{"type":"Feature","properties":{"UTR":"L2","utr":"L2","DENUMIRE":"Locuinte colective mici","denumire":"Locuinte colective mici","POT":40,"CUT":1.6,"RH":"P+3-P+4","FUNCTIUNE":"Locuinte colective mici","functiune":"Locuinte colective mici","c":"#FCD34D","sursa":"PUG Suceava HCL 162/2017 - vectorizat TSS·FG","id":14},"geometry":{"type":"Polygon","coordinates":[[[26.2293072,47.637877],[26.2276611,47.6369378],[26.2282861,47.6365371],[26.2288525,47.6368022],[26.228505,47.6370921],[26.2289489,47.6373323],[26.2293869,47.6375347],[26.2295304,47.6373739],[26.2291403,47.6371805],[26.2289572,47.6373245],[26.2286699,47.6371622],[26.2289778,47.6368412],[26.2284102,47.6364683],[26.2290472,47.636045],[26.2307316,47.6368076],[26.2294395,47.6378474],[26.2293072,47.637877]]]}},{"type":"Feature","properties":{"UTR":"M2","utr":"M2","DENUMIRE":"Mixt comercial","denumire":"Mixt comercial","POT":65,"CUT":3.0,"RH":"P+5-P+6","FUNCTIUNE":"Mixt comercial","functiune":"Mixt comercial","c":"#F87171","sursa":"PUG Suceava HCL 162/2017 - vectorizat TSS·FG","id":15},"geometry":{"type":"Polygon","coordinates":[[[26.234996,47.638731],[26.2340078,47.6396856],[26.2322516,47.6391381],[26.2313573,47.6388309],[26.2312947,47.6387586],[26.2309421,47.6385403],[26.2321205,47.6374639],[26.2339104,47.6382244],[26.2342219,47.6383473],[26.2344688,47.6384587],[26.234996,47.638731]]]}},{"type":"Feature","properties":{"UTR":"L2","utr":"L2","DENUMIRE":"Locuinte colective mici","denumire":"Locuinte colective mici","POT":40,"CUT":1.6,"RH":"P+3-P+4","FUNCTIUNE":"Locuinte colective mici","functiune":"Locuinte colective mici","c":"#FCD34D","sursa":"PUG Suceava HCL 162/2017 - vectorizat TSS·FG","id":16},"geometry":{"type":"Polygon","coordinates":[[[26.2257793,47.6380463],[26.2251002,47.638485],[26.2246913,47.6382792],[26.2246538,47.6382816],[26.22437,47.6381284],[26.2243717,47.6381055],[26.2243545,47.6380974],[26.2243228,47.6381168],[26.22412,47.637988],[26.2238665,47.6378014],[26.2241732,47.6376053],[26.2238202,47.6374394],[26.2238545,47.6374088],[26.2237481,47.6373563],[26.2236115,47.6373543],[26.2233021,47.6376216],[26.2233722,47.637677],[26.223061,47.6378929],[26.2226293,47.6375849],[26.2228841,47.6373733],[26.2230872,47.6372038],[26.2231501,47.6372299],[26.2235178,47.6369513],[26.2257423,47.6379716],[26.2257793,47.6380463]]]}},{"type":"Feature","properties":{"UTR":"L2","utr":"L2","DENUMIRE":"Locuinte colective mici","denumire":"Locuinte colective mici","POT":40,"CUT":1.6,"RH":"P+3-P+4","FUNCTIUNE":"Locuinte colective mici","functiune":"Locuinte colective mici","c":"#FCD34D","sursa":"PUG Suceava HCL 162/2017 - vectorizat TSS·FG","id":17},"geometry":{"type":"Polygon","coordinates":[[[26.2261033,47.6379801],[26.2261429,47.6379313],[26.2275016,47.6370599],[26.2291982,47.6380184],[26.2280536,47.6388669],[26.2263436,47.6381203],[26.2261235,47.6380177],[26.2261033,47.6379801]]]}},{"type":"Feature","properties":{"UTR":"M2","utr":"M2","DENUMIRE":"Mixt comercial","denumire":"Mixt comercial","POT":65,"CUT":3.0,"RH":"P+5-P+6","FUNCTIUNE":"Mixt comercial","functiune":"Mixt comercial","c":"#F87171","sursa":"PUG Suceava HCL 162/2017 - vectorizat TSS·FG","id":18},"geometry":{"type":"Polygon","coordinates":[[[26.2304191,47.6344915],[26.2298748,47.6342279],[26.2299436,47.634145],[26.2299176,47.634107],[26.2297151,47.6339806],[26.2295515,47.633956],[26.2295311,47.6339452],[26.2291064,47.6343593],[26.2285105,47.6339703],[26.2284233,47.6340706],[26.2281936,47.6339814],[26.2281054,47.6339306],[26.2280284,47.6339831],[26.227938,47.6339417],[26.2278493,47.6340133],[26.2277371,47.6339489],[26.2276634,47.6340069],[26.2274246,47.6338935],[26.2281873,47.6333756],[26.2285822,47.6331422],[26.2307822,47.6341265],[26.2304506,47.6344598],[26.2304191,47.6344915]]]}},{"type":"Feature","properties":{"UTR":"L2","utr":"L2","DENUMIRE":"Locuinte colective mici","denumire":"Locuinte colective mici","POT":40,"CUT":1.6,"RH":"P+3-P+4","FUNCTIUNE":"Locuinte colective mici","functiune":"Locuinte colective mici","c":"#FCD34D","sursa":"PUG Suceava HCL 162/2017 - vectorizat TSS·FG","id":19},"geometry":{"type":"Polygon","coordinates":[[[26.2364791,47.6382028],[26.232999,47.6365704],[26.2337481,47.6358928],[26.2347814,47.6363472],[26.2348402,47.6362831],[26.2351755,47.6364357],[26.235103,47.6364846],[26.2366432,47.6371897],[26.2367247,47.6370951],[26.2368923,47.63715],[26.2368697,47.6373209],[26.2369105,47.6374583],[26.2370373,47.6376018],[26.2368561,47.6378398],[26.2365299,47.638084],[26.2364791,47.6382028]]]}},{"type":"Feature","properties":{"UTR":"M1","utr":"M1","DENUMIRE":"Mixt rezidential-tertiar","denumire":"Mixt rezidential-tertiar","POT":55,"CUT":2.4,"RH":"P+4-P+5","FUNCTIUNE":"Mixt rezidential-tertiar","functiune":"Mixt rezidential-tertiar","c":"#FCA5A1","sursa":"PUG Suceava HCL 162/2017 - vectorizat TSS·FG","id":20},"geometry":{"type":"Polygon","coordinates":[[[26.236258,47.638215],[26.2366972,47.6384091],[26.2349863,47.6400763],[26.2340984,47.6397192],[26.2343724,47.6394586],[26.2347406,47.6396346],[26.2348285,47.6395705],[26.2347666,47.6395377],[26.235912,47.6384206],[26.2359127,47.6383183],[26.2360524,47.6383893],[26.236258,47.638215]]]}},{"type":"Feature","properties":{"UTR":"L2","utr":"L2","DENUMIRE":"Locuinte colective mici","denumire":"Locuinte colective mici","POT":40,"CUT":1.6,"RH":"P+3-P+4","FUNCTIUNE":"Locuinte colective mici","functiune":"Locuinte colective mici","c":"#FCD34D","sursa":"PUG Suceava HCL 162/2017 - vectorizat TSS·FG","id":21},"geometry":{"type":"Polygon","coordinates":[[[26.233825,47.6375474],[26.234177,47.6372212],[26.2357481,47.6379753],[26.2350622,47.6386688],[26.2345353,47.6384238],[26.2349274,47.6380505],[26.2347553,47.6379772],[26.2346496,47.638079],[26.2343778,47.6379589],[26.2344926,47.6378571],[26.2344442,47.6378348],[26.234411,47.6378571],[26.2339037,47.6376231],[26.2339369,47.6375926],[26.233825,47.6375474]]]}},{"type":"Feature","properties":{"UTR":"M1","utr":"M1","DENUMIRE":"Mixt rezidential-tertiar","denumire":"Mixt rezidential-tertiar","POT":55,"CUT":2.4,"RH":"P+4-P+5","FUNCTIUNE":"Mixt rezidential-tertiar","functiune":"Mixt rezidential-tertiar","c":"#FCA5A1","sursa":"PUG Suceava HCL 162/2017 - vectorizat TSS·FG","id":22},"geometry":{"type":"Polygon","coordinates":[[[26.2337481,47.6358928],[26.2341117,47.6355639],[26.2375662,47.6371277],[26.2377089,47.6372875],[26.2376871,47.6374928],[26.2367798,47.6383439],[26.2364791,47.6382028],[26.2365299,47.638084],[26.2368561,47.6378398],[26.2370373,47.6376018],[26.2369105,47.6374583],[26.2368697,47.6373209],[26.2368923,47.63715],[26.2367247,47.6370951],[26.2366432,47.6371897],[26.235103,47.6364846],[26.2351755,47.6364357],[26.2348402,47.6362831],[26.2347814,47.6363472],[26.2337481,47.6358928]]]}},{"type":"Feature","properties":{"UTR":"L2","utr":"L2","DENUMIRE":"Locuinte colective mici","denumire":"Locuinte colective mici","POT":40,"CUT":1.6,"RH":"P+3-P+4","FUNCTIUNE":"Locuinte colective mici","functiune":"Locuinte colective mici","c":"#FCD34D","sursa":"PUG Suceava HCL 162/2017 - vectorizat TSS·FG","id":23},"geometry":{"type":"Polygon","coordinates":[[[26.2343724,47.6394586],[26.2358629,47.6380404],[26.236258,47.638215],[26.2360524,47.6383893],[26.2359127,47.6383183],[26.235912,47.6384206],[26.2347666,47.6395377],[26.2348285,47.6395705],[26.2347406,47.6396346],[26.2343724,47.6394586]]]}},{"type":"Feature","properties":{"UTR":"M2","utr":"M2","DENUMIRE":"Mixt comercial","denumire":"Mixt comercial","POT":65,"CUT":3.0,"RH":"P+5-P+6","FUNCTIUNE":"Mixt comercial","functiune":"Mixt comercial","c":"#F87171","sursa":"PUG Suceava HCL 162/2017 - vectorizat TSS·FG","id":24},"geometry":{"type":"Polygon","coordinates":[[[26.2339141,47.6373169],[26.2333314,47.6378744],[26.232206,47.6373784],[26.2326592,47.6369471],[26.2331064,47.6371622],[26.2332725,47.6370096],[26.2339141,47.6373169]]]}},{"type":"Feature","properties":{"UTR":"F","utr":"F","DENUMIRE":"Institutii publice","denumire":"Institutii publice","POT":45,"CUT":1.5,"RH":"P+2-P+4","FUNCTIUNE":"Institutii publice","functiune":"Institutii publice","c":"#93C5FD","sursa":"PUG Suceava HCL 162/2017 - vectorizat TSS·FG","id":25},"geometry":{"type":"Polygon","coordinates":[[[26.2326592,47.6369471],[26.2329614,47.6366596],[26.2340652,47.6371724],[26.2339141,47.6373169],[26.2332725,47.6370096],[26.2331064,47.6371622],[26.2326592,47.6369471]]]}},{"type":"Feature","properties":{"UTR":"M2","utr":"M2","DENUMIRE":"Mixt comercial","denumire":"Mixt comercial","POT":65,"CUT":3.0,"RH":"P+5-P+6","FUNCTIUNE":"Mixt comercial","functiune":"Mixt comercial","c":"#F87171","sursa":"PUG Suceava HCL 162/2017 - vectorizat TSS·FG","id":26},"geometry":{"type":"Polygon","coordinates":[[[26.2345353,47.6384238],[26.2334325,47.6379111],[26.233825,47.6375474],[26.2339369,47.6375926],[26.2339037,47.6376231],[26.234411,47.6378571],[26.2344442,47.6378348],[26.2344926,47.6378571],[26.2343778,47.6379589],[26.2346496,47.638079],[26.2347553,47.6379772],[26.2349274,47.6380505],[26.2345353,47.6384238]]]}},{"type":"Feature","properties":{"UTR":"L2","utr":"L2","DENUMIRE":"Locuinte colective mici","denumire":"Locuinte colective mici","POT":40,"CUT":1.6,"RH":"P+3-P+4","FUNCTIUNE":"Locuinte colective mici","functiune":"Locuinte colective mici","c":"#FCD34D","sursa":"PUG Suceava HCL 162/2017 - vectorizat TSS·FG","id":27},"geometry":{"type":"Polygon","coordinates":[[[26.2259822,47.6378897],[26.2257043,47.6378585],[26.2237535,47.6369388],[26.2242498,47.636466],[26.2240856,47.6363907],[26.2242781,47.6362125],[26.2244554,47.6363052],[26.2244748,47.6362965],[26.2246779,47.6363979],[26.2247392,47.6363451],[26.2248956,47.6364171],[26.2251047,47.6362241],[26.224468,47.6358222],[26.22476,47.635638],[26.2273835,47.6370025],[26.2259822,47.6378897]]]}},{"type":"Feature","properties":{"UTR":"L2","utr":"L2","DENUMIRE":"Locuinte colective mici","denumire":"Locuinte colective mici","POT":40,"CUT":1.6,"RH":"P+3-P+4","FUNCTIUNE":"Locuinte colective mici","functiune":"Locuinte colective mici","c":"#FCD34D","sursa":"PUG Suceava HCL 162/2017 - vectorizat TSS·FG","id":28},"geometry":{"type":"Polygon","coordinates":[[[26.2293914,47.6381002],[26.2303111,47.6384899],[26.2303512,47.6385484],[26.2296694,47.6391236],[26.2293124,47.6391525],[26.2286583,47.6391225],[26.2281734,47.6388911],[26.2292426,47.6381324],[26.2293914,47.6381002]]]}},{"type":"Feature","properties":{"UTR":"L2","utr":"L2","DENUMIRE":"Locuinte colective mici","denumire":"Locuinte colective mici","POT":40,"CUT":1.6,"RH":"P+3-P+4","FUNCTIUNE":"Locuinte colective mici","functiune":"Locuinte colective mici","c":"#FCD34D","sursa":"PUG Suceava HCL 162/2017 - vectorizat TSS·FG","id":29},"geometry":{"type":"Polygon","coordinates":[[[26.2250954,47.6353908],[26.2272776,47.6339681],[26.2292262,47.6349336],[26.228634,47.6354924],[26.228663,47.6355594],[26.2292596,47.6358033],[26.2291631,47.6358835],[26.2275491,47.6369116],[26.2255292,47.6358259],[26.2257018,47.6356636],[26.2254428,47.6355496],[26.2255399,47.6354567],[26.2254177,47.6354064],[26.2253151,47.6354902],[26.2250954,47.6353908]]]}},{"type":"Feature","properties":{"UTR":"M2","utr":"M2","DENUMIRE":"Mixt comercial","denumire":"Mixt comercial","POT":65,"CUT":3.0,"RH":"P+5-P+6","FUNCTIUNE":"Mixt comercial","functiune":"Mixt comercial","c":"#F87171","sursa":"PUG Suceava HCL 162/2017 - vectorizat TSS·FG","id":30},"geometry":{"type":"Polygon","coordinates":[[[26.2291692,47.6359957],[26.2301328,47.6353473],[26.2326898,47.6365823],[26.2319573,47.6372556],[26.2291692,47.6359957]]]}},{"type":"Feature","properties":{"UTR":"L1C","utr":"L1C","DENUMIRE":"Locuinte individuale tip C","denumire":"Locuinte individuale tip C","POT":40,"CUT":1.3,"RH":"P+2","FUNCTIUNE":"Locuinte individuale tip C","functiune":"Locuinte individuale tip C","c":"#F59E0B","sursa":"PUG Suceava HCL 162/2017 - vectorizat TSS·FG","id":31},"geometry":{"type":"Polygon","coordinates":[[[26.2476837,47.6357398],[26.2475034,47.6357855],[26.247308,47.6357656],[26.246867,47.635184],[26.2470818,47.6349966],[26.2468761,47.6347433],[26.2469879,47.6340062],[26.2465532,47.6333992],[26.2458157,47.6328384],[26.2472849,47.6318213],[26.2487049,47.6308381],[26.2487316,47.6307478],[26.2499086,47.6298401],[26.2554297,47.6333036],[26.2546397,47.6339348],[26.2575599,47.6355766],[26.2594019,47.6342878],[26.2599323,47.6355153],[26.2592301,47.6359346],[26.2600705,47.6365807],[26.2610536,47.6359929],[26.2614446,47.6362658],[26.2633163,47.6350356],[26.2647378,47.6340635],[26.2651707,47.6340885],[26.2650108,47.6342079],[26.2655761,47.6345665],[26.2655026,47.6346345],[26.2649668,47.6344175],[26.2644087,47.6347782],[26.2650416,47.6350612],[26.2648019,47.6352831],[26.2649876,47.635364],[26.264287,47.6358279],[26.2641858,47.636164],[26.2639335,47.6363572],[26.263747,47.6364329],[26.2634744,47.6362843],[26.2631345,47.636685],[26.2628896,47.6366605],[26.2627249,47.6369745],[26.2626361,47.637061],[26.2624404,47.6370195],[26.262418,47.6370333],[26.2623738,47.6370131],[26.2615791,47.6367948],[26.2614202,47.6370836],[26.2616149,47.6375546],[26.2617237,47.6376213],[26.2623286,47.6377373],[26.2621697,47.6378069],[26.2620826,47.6378128],[26.2612273,47.6376423],[26.2611592,47.6375448],[26.2610893,47.6374949],[26.2608769,47.6375333],[26.2606709,47.6372142],[26.2605004,47.6372568],[26.2602964,47.6369929],[26.2605881,47.6369011],[26.2604524,47.6366722],[26.2601617,47.6367556],[26.2602287,47.6368922],[26.2595723,47.6371147],[26.2595074,47.6370343],[26.259267,47.6371133],[26.2591001,47.6368811],[26.2590264,47.6369052],[26.2591157,47.6370259],[26.2580572,47.6373402],[26.2569386,47.6374302],[26.2545337,47.6373724],[26.2546013,47.6371619],[26.2535498,47.6369041],[26.2534732,47.6370696],[26.2530137,47.6369623],[26.2530667,47.6368166],[26.2524025,47.6371721],[26.2523959,47.6372353],[26.252264,47.6372374],[26.2519147,47.6374894],[26.2518106,47.6374886],[26.2514282,47.6372309],[26.2514835,47.6371891],[26.252001,47.6368361],[26.2515362,47.6365129],[26.2509517,47.6369083],[26.2502504,47.6364731],[26.2495847,47.6361317],[26.2492436,47.6355125],[26.2491771,47.6355047],[26.2487944,47.6346578],[26.2483318,47.6347075],[26.2481155,47.6340278],[26.247773,47.6340663],[26.2477632,47.6339455],[26.2475914,47.6337368],[26.2476091,47.6335832],[26.2475361,47.6337126],[26.2473418,47.6338264],[26.2474444,47.633978],[26.2473802,47.6342018],[26.247277,47.6342202],[26.2473678,47.6350576],[26.2476837,47.6357398]]]}},{"type":"Feature","properties":{"UTR":"L1C","utr":"L1C","DENUMIRE":"Locuinte individuale tip C","denumire":"Locuinte individuale tip C","POT":40,"CUT":1.3,"RH":"P+2","FUNCTIUNE":"Locuinte individuale tip C","functiune":"Locuinte individuale tip C","c":"#F59E0B","sursa":"PUG Suceava HCL 162/2017 - vectorizat TSS·FG","id":32},"geometry":{"type":"Polygon","coordinates":[[[26.2609853,47.6858686],[26.26091,47.686063],[26.2607259,47.6865448],[26.2605333,47.6867026],[26.2604371,47.6868885],[26.260571,47.6870857],[26.2608598,47.6872632],[26.2608263,47.6875534],[26.2606631,47.6879619],[26.2603994,47.6882267],[26.2601525,47.6882858],[26.2597424,47.6889394],[26.2595708,47.6891005],[26.2572511,47.689008],[26.2553127,47.6888412],[26.2515546,47.6887256],[26.2508056,47.6887488],[26.2496908,47.6888613],[26.2498737,47.6893181],[26.2493789,47.6893166],[26.2491976,47.6886949],[26.2491603,47.688957],[26.2485161,47.689438],[26.2460375,47.6894801],[26.2460007,47.6894374],[26.2448064,47.6893686],[26.2441322,47.6893267],[26.2437614,47.6894222],[26.2423788,47.6895059],[26.2423771,47.689506],[26.2420838,47.6894638],[26.2418091,47.688469],[26.2416386,47.6878575],[26.241437,47.6872009],[26.2408732,47.6850682],[26.2460187,47.6848464],[26.2457836,47.6839536],[26.2462527,47.6839399],[26.2461348,47.6835071],[26.2465059,47.6834948],[26.2462763,47.6827518],[26.2466581,47.6827335],[26.2467861,47.6827532],[26.247346,47.6829308],[26.2477543,47.6828377],[26.2478064,47.6827686],[26.2478546,47.6825079],[26.2479631,47.6824453],[26.24802,47.6823365],[26.2479189,47.6821866],[26.247898,47.6820462],[26.2483362,47.6818071],[26.248543,47.6813617],[26.2487095,47.6812192],[26.2490242,47.681028],[26.24884,47.680376],[26.249191,47.6800249],[26.2492071,47.6798628],[26.2492798,47.6796762],[26.2493035,47.6791957],[26.2494143,47.6788676],[26.2494316,47.6786649],[26.2493129,47.6786646],[26.2491736,47.6782647],[26.2491844,47.6777841],[26.2491472,47.6776751],[26.2489818,47.6774967],[26.2498419,47.6774873],[26.2498216,47.6776629],[26.2498517,47.6776834],[26.2506281,47.6778115],[26.2507286,47.6781653],[26.250669,47.6781597],[26.2506966,47.6783186],[26.2510269,47.678315],[26.251028,47.6785781],[26.2510732,47.6785793],[26.2510741,47.6786621],[26.2509844,47.6786643],[26.2509863,47.6787638],[26.2512358,47.67876],[26.2512363,47.6788595],[26.2511233,47.6788606],[26.2511186,47.6790351],[26.2510065,47.6790408],[26.2510141,47.6794501],[26.2511169,47.6794541],[26.2511264,47.6796637],[26.2513814,47.6796602],[26.2513813,47.6798303],[26.2512302,47.6798277],[26.251242,47.680002],[26.2512892,47.6802951],[26.2512784,47.6804498],[26.2514324,47.6804507],[26.2514388,47.6806118],[26.2512859,47.6806128],[26.2512916,47.680758],[26.2511155,47.680763],[26.2511193,47.6810081],[26.2515258,47.6810026],[26.2515396,47.6813495],[26.2512835,47.681352],[26.2512505,47.6818751],[26.2515187,47.6818768],[26.2515254,47.6820342],[26.251642,47.682038],[26.2516451,47.6822166],[26.2514329,47.6822064],[26.2513966,47.6829007],[26.2515044,47.6829087],[26.2514849,47.6831717],[26.2517359,47.6831857],[26.251748,47.6833907],[26.2518121,47.6834933],[26.2517802,47.6836906],[26.2517093,47.6836844],[26.2516895,47.6838526],[26.2522234,47.6838728],[26.2522978,47.6837677],[26.2529147,47.6837742],[26.2529258,47.6836427],[26.2525447,47.683629],[26.2525722,47.6833171],[26.2529176,47.6833171],[26.2529285,47.6830453],[26.252806,47.6830449],[26.2528049,47.6828478],[26.2531701,47.6828432],[26.2531727,47.6827401],[26.2527434,47.6827519],[26.2527289,47.6826505],[26.2542904,47.6826041],[26.2542727,47.6823941],[26.2525379,47.6824567],[26.252523,47.682305],[26.2525756,47.6823024],[26.2525605,47.6820489],[26.252873,47.6820342],[26.2528714,47.6819278],[26.2525935,47.6819395],[26.2525381,47.6816311],[26.2526752,47.6816213],[26.2526579,47.6814787],[26.2529304,47.6814528],[26.2529142,47.6813196],[26.252601,47.6813473],[26.2525462,47.6808822],[26.2523118,47.6808937],[26.2522848,47.6806675],[26.2523844,47.6806625],[26.2523534,47.6803896],[26.2525551,47.6803826],[26.2525217,47.6802165],[26.2523,47.6802179],[26.2522744,47.6800438],[26.2525082,47.6800319],[26.2524315,47.679362],[26.2522459,47.6793735],[26.2521832,47.6790287],[26.2522294,47.6790251],[26.2522041,47.6788183],[26.2523864,47.6787604],[26.2523613,47.6786467],[26.2521754,47.678659],[26.2521515,47.6784702],[26.2520657,47.6784748],[26.2520262,47.6780745],[26.2537801,47.6779368],[26.2540367,47.6786222],[26.2535064,47.6786664],[26.2535531,47.6789138],[26.2541239,47.6788654],[26.2542411,47.679201],[26.2546605,47.6791914],[26.2583186,47.678747],[26.2601809,47.6832123],[26.261085,47.6857801],[26.2609853,47.6858686]]]}},{"type":"Feature","properties":{"UTR":"V4","utr":"V4","DENUMIRE":"Spatii verzi rezidential","denumire":"Spatii verzi rezidential","POT":3,"CUT":0.03,"RH":"-","FUNCTIUNE":"Spatii verzi rezidential","functiune":"Spatii verzi rezidential","c":"#86EFAC","sursa":"PUG Suceava HCL 162/2017 - vectorizat TSS·FG","id":33},"geometry":{"type":"Polygon","coordinates":[[[26.2969465,47.7032806],[26.2975363,47.7042648],[26.2970862,47.7059609],[26.2954197,47.706031],[26.2947501,47.7058732],[26.2940581,47.705295],[26.2935158,47.7042778],[26.2940022,47.7048035],[26.2941849,47.7047167],[26.2939807,47.7044491],[26.2945772,47.7041526],[26.2940801,47.7034008],[26.2932163,47.7037155],[26.2931151,47.7035263],[26.2937643,47.7004983],[26.294459,47.6990972],[26.2959273,47.7015402],[26.2945839,47.7020822],[26.2956064,47.70311],[26.296018,47.7035844],[26.296589,47.703385],[26.2969465,47.7032806]]]}},{"type":"Feature","properties":{"UTR":"M1","utr":"M1","DENUMIRE":"Mixt rezidential-tertiar","denumire":"Mixt rezidential-tertiar","POT":55,"CUT":2.4,"RH":"P+4-P+5","FUNCTIUNE":"Mixt rezidential-tertiar","functiune":"Mixt rezidential-tertiar","c":"#FCA5A1","sursa":"PUG Suceava HCL 162/2017 - vectorizat TSS·FG","id":34},"geometry":{"type":"Polygon","coordinates":[[[26.2308467,47.6368597],[26.2318852,47.6373299],[26.2313143,47.6378634],[26.2302576,47.6373593],[26.2308467,47.6368597]]]}},{"type":"Feature","properties":{"UTR":"C1","utr":"C1","DENUMIRE":"Centru civic intensiv","denumire":"Centru civic intensiv","POT":80,"CUT":4.0,"RH":"P+6-P+8","FUNCTIUNE":"Centru civic intensiv","functiune":"Centru civic intensiv","c":"#F97316","sursa":"PUG Suceava HCL 162/2017 - vectorizat TSS·FG","id":35},"geometry":{"type":"Polygon","coordinates":[[[26.2307016,47.6375712],[26.2313143,47.6378634],[26.2306875,47.6384492],[26.230199,47.6382839],[26.2301862,47.638278],[26.2305935,47.6379296],[26.230529,47.6379061],[26.2306176,47.6378282],[26.230494,47.6377667],[26.2307016,47.6375712]]]}},{"type":"Feature","properties":{"UTR":"M2","utr":"M2","DENUMIRE":"Mixt comercial","denumire":"Mixt comercial","POT":65,"CUT":3.0,"RH":"P+5-P+6","FUNCTIUNE":"Mixt comercial","functiune":"Mixt comercial","c":"#F87171","sursa":"PUG Suceava HCL 162/2017 - vectorizat TSS·FG","id":36},"geometry":{"type":"Polygon","coordinates":[[[26.2751595,47.6357353],[26.2729434,47.6367433],[26.2716107,47.6376427],[26.2711419,47.6370572],[26.2703386,47.6360304],[26.2719458,47.6352648],[26.2704169,47.633155],[26.2710416,47.6324482],[26.2711511,47.6323257],[26.2710451,47.6324684],[26.2720515,47.6333608],[26.272221,47.6333322],[26.2732803,47.6337391],[26.2732079,47.6338569],[26.2731427,47.6339102],[26.274114,47.6348025],[26.274249,47.6348204],[26.2751595,47.6357353]]]}},{"type":"Feature","properties":{"UTR":"C2A","utr":"C2A","DENUMIRE":"Comercial tip A","denumire":"Comercial tip A","POT":60,"CUT":2.4,"RH":"P+3-P+5","FUNCTIUNE":"Comercial tip A","functiune":"Comercial tip A","c":"#FDBA74","sursa":"PUG Suceava HCL 162/2017 - vectorizat TSS·FG","id":37},"geometry":{"type":"Polygon","coordinates":[[[26.2935158,47.7042778],[26.2932163,47.7037155],[26.2940801,47.7034008],[26.2945772,47.7041526],[26.2939807,47.7044491],[26.2941849,47.7047167],[26.2940022,47.7048035],[26.2935158,47.7042778]]]}},{"type":"Feature","properties":{"UTR":"C2A","utr":"C2A","DENUMIRE":"Comercial tip A","denumire":"Comercial tip A","POT":60,"CUT":2.4,"RH":"P+3-P+5","FUNCTIUNE":"Comercial tip A","functiune":"Comercial tip A","c":"#FDBA74","sursa":"PUG Suceava HCL 162/2017 - vectorizat TSS·FG","id":38},"geometry":{"type":"Polygon","coordinates":[[[26.2959273,47.7015402],[26.2969465,47.7032806],[26.296589,47.703385],[26.296018,47.7035844],[26.2956064,47.70311],[26.2945839,47.7020822],[26.2959273,47.7015402]]]}},{"type":"Feature","properties":{"UTR":"L1B","utr":"L1B","DENUMIRE":"Locuinte individuale tip B","denumire":"Locuinte individuale tip B","POT":35,"CUT":1.1,"RH":"P+1-P+2","FUNCTIUNE":"Locuinte individuale tip B","functiune":"Locuinte individuale tip B","c":"#FCD34D","sursa":"PUG Suceava HCL 162/2017 - vectorizat TSS·FG","id":39},"geometry":{"type":"Polygon","coordinates":[[[26.2905288,47.6962452],[26.2870776,47.6992453],[26.2869548,47.6995758],[26.2874235,47.7002893],[26.2875137,47.7008834],[26.285996,47.7005612],[26.2858455,47.7008289],[26.2851975,47.7008116],[26.2848299,47.7008976],[26.2849589,47.7011724],[26.2851313,47.7011337],[26.2853296,47.7011146],[26.2859278,47.7011261],[26.2860766,47.7016281],[26.2862432,47.7017619],[26.2864366,47.7018125],[26.2869342,47.7018064],[26.2869135,47.7018234],[26.2862223,47.7026531],[26.2840137,47.7028697],[26.2833139,47.7016683],[26.2808573,47.6976155],[26.2826616,47.6963265],[26.2834306,47.6959377],[26.2835122,47.6957824],[26.2837569,47.6955953],[26.2836995,47.6954784],[26.2846451,47.6950507],[26.2850213,47.6947651],[26.2850341,47.6947708],[26.285335,47.6949046],[26.2851362,47.6951433],[26.2852598,47.6952193],[26.2861411,47.6953423],[26.2864366,47.695505],[26.2865656,47.6953857],[26.2867053,47.6953459],[26.2868021,47.6954255],[26.2875329,47.6948793],[26.2881455,47.6941885],[26.2881724,47.6937761],[26.2889354,47.6937906],[26.2888924,47.6935555],[26.288752,47.6935419],[26.2887527,47.6934253],[26.2888877,47.6933457],[26.2887547,47.6932191],[26.2890362,47.6930866],[26.2890671,47.6931169],[26.289274,47.6930378],[26.2893868,47.6931685],[26.289542,47.693097],[26.2899316,47.6934361],[26.2902809,47.6932951],[26.2904132,47.6934],[26.2908646,47.6931793],[26.2906174,47.6929985],[26.2905207,47.6930563],[26.2900122,47.6925721],[26.2895272,47.6927132],[26.2894345,47.6926047],[26.2889462,47.692771],[26.2887299,47.6924921],[26.2892061,47.6923266],[26.2890859,47.6921738],[26.2893969,47.6921498],[26.2893868,47.6920544],[26.2897442,47.6920503],[26.2897354,47.6919545],[26.2896938,47.6919509],[26.2896978,47.6918387],[26.2895756,47.6918369],[26.2895749,47.6916493],[26.2887097,47.6915986],[26.2888219,47.6913072],[26.2887232,47.6911815],[26.288742,47.6909584],[26.2890789,47.6909967],[26.2890988,47.6910448],[26.2895824,47.6910637],[26.2895856,47.6909864],[26.2896348,47.6909041],[26.2896421,47.6908517],[26.2895319,47.6908463],[26.2895214,47.6907336],[26.2892364,47.6907052],[26.2892296,47.6905261],[26.2895077,47.6905632],[26.2895453,47.6903679],[26.2894379,47.6903498],[26.2894634,47.6898099],[26.2889005,47.6897764],[26.2889112,47.6896571],[26.2888091,47.6896444],[26.2887903,47.6897222],[26.2885646,47.6897168],[26.2885757,47.6894595],[26.2881858,47.6893677],[26.2883134,47.6890864],[26.2882113,47.6890412],[26.2882113,47.6889363],[26.2879883,47.6888947],[26.2881307,47.688542],[26.2878889,47.6884986],[26.2880703,47.6882644],[26.2877317,47.6881079],[26.2878634,47.6879488],[26.2871836,47.6876639],[26.2872373,47.6875463],[26.2867456,47.6873582],[26.2864299,47.6875617],[26.2861653,47.6878104],[26.2858026,47.6876847],[26.2857112,47.6877968],[26.2856507,47.6877914],[26.2856279,47.6878131],[26.2853565,47.6877634],[26.2853028,47.6878936],[26.2853337,47.6881378],[26.2853262,47.6883377],[26.2845058,47.6878324],[26.2850415,47.687178],[26.2854185,47.6874084],[26.2858489,47.6866591],[26.2863621,47.6866637],[26.2867369,47.6866976],[26.2868927,47.686753],[26.2873871,47.686991],[26.2886701,47.6878038],[26.2888837,47.6878301],[26.2892404,47.6877376],[26.290702,47.6876904],[26.2907054,47.688103],[26.290035,47.6896557],[26.2899879,47.690646],[26.290301,47.6920142],[26.2907551,47.692649],[26.2912374,47.6930966],[26.2916163,47.6933371],[26.2916163,47.6933371],[26.2915728,47.6933469],[26.2915886,47.6936645],[26.2910988,47.6954431],[26.2908461,47.6958685],[26.2905048,47.696196],[26.2905288,47.6962452]]]}},{"type":"Feature","properties":{"UTR":"F","utr":"F","DENUMIRE":"Institutii publice","denumire":"Institutii publice","POT":45,"CUT":1.5,"RH":"P+2-P+4","FUNCTIUNE":"Institutii publice","functiune":"Institutii publice","c":"#93C5FD","sursa":"PUG Suceava HCL 162/2017 - vectorizat TSS·FG","id":40},"geometry":{"type":"Polygon","coordinates":[[[26.2875137,47.7008834],[26.2875342,47.7010187],[26.2874039,47.7014202],[26.2869342,47.7018064],[26.2864366,47.7018125],[26.2862432,47.7017619],[26.2860766,47.7016281],[26.2859278,47.7011261],[26.2853296,47.7011146],[26.2851313,47.7011337],[26.2849589,47.7011724],[26.2848299,47.7008976],[26.2851975,47.7008116],[26.2858455,47.7008289],[26.285996,47.7005612],[26.2875137,47.7008834]]]}},{"type":"Feature","properties":{"UTR":"L1C","utr":"L1C","DENUMIRE":"Locuinte individuale tip C","denumire":"Locuinte individuale tip C","POT":40,"CUT":1.3,"RH":"P+2","FUNCTIUNE":"Locuinte individuale tip C","functiune":"Locuinte individuale tip C","c":"#F59E0B","sursa":"PUG Suceava HCL 162/2017 - vectorizat TSS·FG","id":41},"geometry":{"type":"Polygon","coordinates":[[[26.2850213,47.6947651],[26.2858574,47.6941927],[26.2853515,47.6883533],[26.2853262,47.6883377],[26.2853337,47.6881378],[26.2853028,47.6878936],[26.2853565,47.6877634],[26.2856279,47.6878131],[26.2856507,47.6877914],[26.2857112,47.6877968],[26.2858026,47.6876847],[26.2861653,47.6878104],[26.2864299,47.6875617],[26.2867456,47.6873582],[26.2872373,47.6875463],[26.2871836,47.6876639],[26.2878634,47.6879488],[26.2877317,47.6881079],[26.2880703,47.6882644],[26.2878889,47.6884986],[26.2881307,47.688542],[26.2879883,47.6888947],[26.2882113,47.6889363],[26.2882113,47.6890412],[26.2883134,47.6890864],[26.2881858,47.6893677],[26.2885757,47.6894595],[26.2885646,47.6897168],[26.2887903,47.6897222],[26.2888091,47.6896444],[26.2889112,47.6896571],[26.2889005,47.6897764],[26.2894634,47.6898099],[26.2894379,47.6903498],[26.2895453,47.6903679],[26.2895077,47.6905632],[26.2892296,47.6905261],[26.2892364,47.6907052],[26.2895214,47.6907336],[26.2895319,47.6908463],[26.2896421,47.6908517],[26.2896348,47.6909041],[26.2895856,47.6909864],[26.2895824,47.6910637],[26.2890988,47.6910448],[26.2890789,47.6909967],[26.288742,47.6909584],[26.2887232,47.6911815],[26.2888219,47.6913072],[26.2887097,47.6915986],[26.2895749,47.6916493],[26.2895756,47.6918369],[26.2896978,47.6918387],[26.2896938,47.6919509],[26.2897354,47.6919545],[26.2897442,47.6920503],[26.2893868,47.6920544],[26.2893969,47.6921498],[26.2890859,47.6921738],[26.2892061,47.6923266],[26.2887299,47.6924921],[26.2889462,47.692771],[26.2894345,47.6926047],[26.2895272,47.6927132],[26.2900122,47.6925721],[26.2905207,47.6930563],[26.2906174,47.6929985],[26.2908646,47.6931793],[26.2904132,47.6934],[26.2902809,47.6932951],[26.2899316,47.6934361],[26.289542,47.693097],[26.2893868,47.6931685],[26.289274,47.6930378],[26.2890671,47.6931169],[26.2890362,47.6930866],[26.2887547,47.6932191],[26.2888877,47.6933457],[26.2887527,47.6934253],[26.288752,47.6935419],[26.2888924,47.6935555],[26.2889354,47.6937906],[26.2881724,47.6937761],[26.2881455,47.6941885],[26.2875329,47.6948793],[26.2868021,47.6954255],[26.2867053,47.6953459],[26.2865656,47.6953857],[26.2864366,47.695505],[26.2861411,47.6953423],[26.2852598,47.6952193],[26.2851362,47.6951433],[26.285335,47.6949046],[26.2850341,47.6947708],[26.2850213,47.6947651]]]}},{"type":"Feature","properties":{"UTR":"L1C","utr":"L1C","DENUMIRE":"Locuinte individuale tip C","denumire":"Locuinte individuale tip C","POT":40,"CUT":1.3,"RH":"P+2","FUNCTIUNE":"Locuinte individuale tip C","functiune":"Locuinte individuale tip C","c":"#F59E0B","sursa":"PUG Suceava HCL 162/2017 - vectorizat TSS·FG","id":42},"geometry":{"type":"Polygon","coordinates":[[[26.2929744,47.6957837],[26.292738,47.6955315],[26.2925352,47.6952114],[26.2922571,47.6942254],[26.2927723,47.6939839],[26.292733,47.6938718],[26.2925776,47.6938503],[26.2924934,47.6937609],[26.2924334,47.693776],[26.2923005,47.6935869],[26.2923717,47.693568],[26.2922714,47.6933945],[26.2922322,47.6932141],[26.2926054,47.6930812],[26.2928518,47.6930166],[26.2929123,47.693113],[26.2930911,47.6930732],[26.2930714,47.6930104],[26.2933094,47.6929236],[26.2933581,47.6929785],[26.2935106,47.6929714],[26.2934554,47.6927484],[26.2937749,47.6926563],[26.2938302,47.6927714],[26.2941701,47.6926815],[26.2941247,47.6925218],[26.2945324,47.692343],[26.2944844,47.6922252],[26.2946994,47.6921748],[26.2946718,47.6920911],[26.2948434,47.692046],[26.2947428,47.6918322],[26.2951469,47.6916805],[26.2948973,47.6913557],[26.295107,47.691145],[26.2952334,47.6911271],[26.2951613,47.6908187],[26.2953355,47.690785],[26.2955574,47.6906812],[26.2953977,47.6905057],[26.2958049,47.6903272],[26.2958947,47.6904056],[26.29607,47.6903377],[26.2960567,47.6903063],[26.2961488,47.6902719],[26.2961311,47.6902391],[26.2963119,47.6901517],[26.2963497,47.6901734],[26.2966026,47.690083],[26.2965338,47.6899769],[26.2968112,47.6898881],[26.2968545,47.6899314],[26.2970365,47.6898544],[26.297042,47.6897461],[26.2973128,47.6896812],[26.2972735,47.6895766],[26.2976536,47.6894254],[26.2977285,47.6894922],[26.2980018,47.689317],[26.2981067,47.6895048],[26.2979213,47.6899056],[26.2977678,47.68999],[26.2977491,47.6904349],[26.2976798,47.6905622],[26.2973222,47.6907891],[26.2972,47.6909331],[26.298626,47.6913882],[26.2988177,47.6913995],[26.2991316,47.6914648],[26.2992327,47.691245],[26.2995929,47.691313],[26.2996855,47.6911287],[26.2989867,47.6909895],[26.2990391,47.6909239],[26.2994903,47.6910235],[26.2996813,47.6906706],[26.2997506,47.690687],[26.2998264,47.6905326],[26.2996813,47.6904866],[26.2997544,47.6903347],[26.2998854,47.6902219],[26.2998864,47.6899598],[26.3001504,47.6900184],[26.3001859,47.6899755],[26.3010301,47.6901334],[26.3011703,47.6898952],[26.301329,47.6899371],[26.3015272,47.6894825],[26.3016684,47.6895052],[26.3016754,47.6893483],[26.3017526,47.6893436],[26.3018207,47.6891876],[26.3018207,47.6891876],[26.301913,47.6893853],[26.3020964,47.6894065],[26.3019957,47.6894304],[26.3009736,47.6909701],[26.3012706,47.6911994],[26.301773,47.6929923],[26.303863,47.6945459],[26.3043014,47.6945219],[26.3039868,47.6952518],[26.3021853,47.6953146],[26.3012516,47.6949143],[26.301055,47.6950307],[26.2973701,47.6953577],[26.2946876,47.6959813],[26.2930209,47.6953949],[26.2931473,47.6957182],[26.2929744,47.6957837]]]}},{"type":"Feature","properties":{"UTR":"M3","utr":"M3","DENUMIRE":"Mixt dotari","denumire":"Mixt dotari","POT":60,"CUT":2.8,"RH":"P+4-P+5","FUNCTIUNE":"Mixt dotari","functiune":"Mixt dotari","c":"#FDA4AF","sursa":"PUG Suceava HCL 162/2017 - vectorizat TSS·FG","id":43},"geometry":{"type":"Polygon","coordinates":[[[26.3013769,47.6605339],[26.3023371,47.6624124],[26.3023246,47.6624196],[26.2987848,47.663993],[26.2985249,47.6638679],[26.2985217,47.6638634],[26.2981917,47.6633974],[26.2983959,47.6629124],[26.2991783,47.6622882],[26.3013769,47.6605339]]]}},{"type":"Feature","properties":{"UTR":"M4","utr":"M4","DENUMIRE":"Mixt servicii","denumire":"Mixt servicii","POT":60,"CUT":2.8,"RH":"P+4-P+6","FUNCTIUNE":"Mixt servicii","functiune":"Mixt servicii","c":"#FB7185","sursa":"PUG Suceava HCL 162/2017 - vectorizat TSS·FG","id":44},"geometry":{"type":"Polygon","coordinates":[[[26.2985694,47.6549923],[26.2989348,47.6554524],[26.3012548,47.6602414],[26.301236,47.6603645],[26.2999704,47.6614249],[26.2996695,47.6615371],[26.2989333,47.6621017],[26.2964184,47.6607336],[26.297246,47.6600677],[26.2972567,47.6599229],[26.296701,47.6594523],[26.2943334,47.6574472],[26.2985694,47.6549923]]]}},{"type":"Feature","properties":{"UTR":"L1B","utr":"L1B","DENUMIRE":"Locuinte individuale tip B","denumire":"Locuinte individuale tip B","POT":35,"CUT":1.1,"RH":"P+1-P+2","FUNCTIUNE":"Locuinte individuale tip B","functiune":"Locuinte individuale tip B","c":"#FCD34D","sursa":"PUG Suceava HCL 162/2017 - vectorizat TSS·FG","id":45},"geometry":{"type":"Polygon","coordinates":[[[26.2922234,47.6831674],[26.2920291,47.6831277],[26.291887,47.6830303],[26.2916315,47.6830479],[26.2916315,47.6830479],[26.2916315,47.6830479],[26.2916193,47.6830119],[26.292009,47.6829752],[26.2920103,47.6828841],[26.2919218,47.6828823],[26.2918928,47.6824788],[26.2924886,47.6824204],[26.2931438,47.6823937],[26.2935627,47.6824277],[26.2937538,47.6823383],[26.292921,47.6816624],[26.291942,47.6808],[26.292234,47.6806639],[26.2920528,47.6804925],[26.2921092,47.680466],[26.2920928,47.6803736],[26.2919761,47.6803835],[26.2919714,47.6803502],[26.2918488,47.6803573],[26.2916722,47.6803879],[26.2915445,47.6801889],[26.2916158,47.6798248],[26.2915441,47.6796214],[26.291378,47.6796471],[26.2913109,47.6792603],[26.2910558,47.679242],[26.2910138,47.6787577],[26.290956,47.6785384],[26.2908379,47.6780813],[26.2908932,47.6780821],[26.2918068,47.6782028],[26.2921466,47.67822],[26.2923289,47.6782533],[26.292438,47.6783018],[26.2925285,47.6784],[26.2925595,47.6786858],[26.2926602,47.6790206],[26.2937299,47.6792696],[26.2944824,47.6793523],[26.2951107,47.6793773],[26.2951899,47.6794094],[26.2953248,47.6794319],[26.2962553,47.679322],[26.296776,47.6786735],[26.2968096,47.6781948],[26.2968738,47.6780292],[26.2969365,47.677943],[26.2969467,47.6778589],[26.2970436,47.6776962],[26.2972492,47.6774272],[26.2975562,47.6772082],[26.298158,47.6769543],[26.2994662,47.6765689],[26.3000952,47.676265],[26.3005316,47.6765347],[26.3012474,47.6768335],[26.302699,47.6776009],[26.3029016,47.6777212],[26.3030722,47.6779572],[26.3031815,47.6782157],[26.3032241,47.6786482],[26.3034667,47.6792495],[26.3059666,47.6788383],[26.3060218,47.6789813],[26.303663,47.6793672],[26.303524,47.679381],[26.3036517,47.6796849],[26.3037389,47.6802449],[26.3036907,47.6807034],[26.3029069,47.6807895],[26.3026389,47.6810891],[26.3012475,47.6813004],[26.3014525,47.6818911],[26.3018592,47.6826057],[26.302155,47.6830139],[26.302411,47.6831372],[26.3020361,47.6832964],[26.3027217,47.6838274],[26.3031953,47.6843109],[26.3020161,47.6847806],[26.3020161,47.6847806],[26.3018207,47.6842512],[26.3013267,47.6845049],[26.3010639,47.6843808],[26.3008489,47.6841257],[26.3011731,47.6840224],[26.3010298,47.6838454],[26.3011834,47.6837811],[26.3008762,47.6835398],[26.3009358,47.6834939],[26.3005111,47.6828471],[26.3003786,47.6828839],[26.3002108,47.682683],[26.2997274,47.6829431],[26.299154,47.6831912],[26.2989735,47.6832137],[26.2990175,47.6833434],[26.299107,47.6833352],[26.2991358,47.6834598],[26.2993982,47.6833985],[26.2997431,47.6837696],[26.2990196,47.6842016],[26.2988613,47.6841093],[26.298118,47.6839776],[26.2982454,47.6837539],[26.2978981,47.6835527],[26.2981059,47.6833766],[26.2977517,47.6832673],[26.2976963,47.6833419],[26.2972033,47.6832209],[26.2970332,47.6835307],[26.2970911,47.6836549],[26.2972109,47.6837733],[26.2973308,47.6838009],[26.2974946,47.6839357],[26.2976811,47.6839694],[26.2974986,47.6841617],[26.2971642,47.6844776],[26.2974096,47.6846237],[26.2969991,47.6849582],[26.2972741,47.6851352],[26.2974299,47.6850426],[26.2974925,47.6850699],[26.297622,47.6849786],[26.297711,47.6850209],[26.2976867,47.6850508],[26.2978586,47.6851475],[26.2980568,47.6850249],[26.2984269,47.685236],[26.2982287,47.6854035],[26.2984006,47.6854647],[26.2981869,47.6857143],[26.2990869,47.6861201],[26.2993054,47.6858845],[26.2994732,47.685924],[26.2994651,47.6860792],[26.2997058,47.6860697],[26.2997099,47.6858727],[26.3002251,47.6858171],[26.3000712,47.6859626],[26.2999561,47.6861269],[26.3002777,47.6862453],[26.3003328,47.6861078],[26.3007575,47.6863202],[26.301025,47.6864019],[26.3011772,47.6864012],[26.3015564,47.6862835],[26.3016029,47.6864734],[26.3012409,47.6866197],[26.3013501,47.6867123],[26.3015291,47.6867137],[26.3015463,47.6868587],[26.3011519,47.6868679],[26.3010139,47.6869006],[26.3008273,47.6870609],[26.3008743,47.6872202],[26.3004602,47.6871589],[26.3005087,47.6872212],[26.3003965,47.687517],[26.3002145,47.6874812],[26.3000173,47.687472],[26.3000385,47.6876987],[26.3008015,47.6877273],[26.3008015,47.687809],[26.3006589,47.687807],[26.300671,47.687904],[26.3009031,47.6879111],[26.3009122,47.6882787],[26.30085,47.6884431],[26.2999247,47.6884053],[26.2999338,47.6887035],[26.3010537,47.6888059],[26.3010305,47.6890394],[26.3001386,47.6890343],[26.2994608,47.6888932],[26.2994416,47.6884643],[26.299301,47.688457],[26.2985918,47.6888018],[26.2980797,47.6887585],[26.2977038,47.6886545],[26.2975518,47.688604],[26.2971428,47.688403],[26.2962702,47.6871541],[26.2957879,47.6868363],[26.2963801,47.6867594],[26.2965939,47.686984],[26.2965336,47.6870237],[26.2971314,47.6875561],[26.2970536,47.6875778],[26.2972158,47.6877384],[26.2974973,47.6878972],[26.2977104,47.6881223],[26.2977801,47.6880966],[26.2981394,47.6884016],[26.2985898,47.6882284],[26.2986957,47.6883267],[26.2989235,47.6882446],[26.2988364,47.6880614],[26.2988578,47.6880028],[26.2989745,47.6880064],[26.2986883,47.6873409],[26.2983867,47.6874681],[26.2982272,47.6872886],[26.2986092,47.6870887],[26.2981756,47.6866781],[26.298195,47.6866596],[26.2978693,47.6864052],[26.2979135,47.6863637],[26.2976052,47.6861868],[26.2976816,47.6861119],[26.2973787,47.6859757],[26.2972339,47.6861913],[26.2970825,47.6861444],[26.2971736,47.6859838],[26.296876,47.6858818],[26.2969323,47.6857862],[26.2967661,47.6857356],[26.2961093,47.6854288],[26.2958761,47.6857338],[26.29573,47.6856986],[26.2955839,47.6859405],[26.296118,47.686009],[26.2961314,47.686716],[26.2957064,47.6867712],[26.2956643,47.6867427],[26.2956298,47.6866145],[26.2955038,47.686213],[26.2951606,47.6857934],[26.2950544,47.6858067],[26.2950391,47.685767],[26.2947054,47.6858209],[26.2944199,47.685867],[26.2946047,47.6855803],[26.2946298,47.6854648],[26.2941379,47.6854054],[26.2941564,47.685209],[26.294576,47.6852517],[26.2945767,47.684805],[26.2949508,47.684806],[26.2949472,47.6847452],[26.2950066,47.6847497],[26.2950131,47.6845452],[26.2947172,47.6845515],[26.2947336,47.6846364],[26.2935495,47.6846246],[26.293637,47.6841399],[26.2933521,47.6840675],[26.2935805,47.6837449],[26.2938111,47.6838301],[26.2942415,47.6839113],[26.294366,47.6839139],[26.294247,47.6837046],[26.294321,47.6836925],[26.2942789,47.6836032],[26.2940899,47.6835975],[26.2939255,47.6832629],[26.2937706,47.6832656],[26.2936313,47.683452],[26.2924414,47.6832389],[26.2922234,47.6831674]]]}},{"type":"Feature","properties":{"UTR":"C2A","utr":"C2A","DENUMIRE":"Comercial tip A","denumire":"Comercial tip A","POT":60,"CUT":2.4,"RH":"P+3-P+5","FUNCTIUNE":"Comercial tip A","functiune":"Comercial tip A","c":"#FDBA74","sursa":"PUG Suceava HCL 162/2017 - vectorizat TSS·FG","id":46},"geometry":{"type":"Polygon","coordinates":[[[26.2804665,47.6736742],[26.2804664,47.6736742],[26.2802703,47.6738353],[26.2801467,47.6738624],[26.2801469,47.6738637],[26.2801158,47.6738615],[26.2797907,47.6740696],[26.2792103,47.6737986],[26.2790236,47.6739063],[26.2789604,47.6738524],[26.2788825,47.6738968],[26.2780646,47.6733882],[26.2785125,47.6730856],[26.278773,47.6732269],[26.2791989,47.6729031],[26.2793319,47.6729809],[26.2794972,47.6728804],[26.2793655,47.6727891],[26.2795155,47.6726759],[26.2800466,47.6729908],[26.2803233,47.672799],[26.2811164,47.6732456],[26.2810844,47.6733644],[26.2806393,47.6736848],[26.2805415,47.6736288],[26.2804665,47.6736742],[26.2804665,47.6736742]]]}},{"type":"Feature","properties":{"UTR":"F","utr":"F","DENUMIRE":"Institutii publice","denumire":"Institutii publice","POT":45,"CUT":1.5,"RH":"P+2-P+4","FUNCTIUNE":"Institutii publice","functiune":"Institutii publice","c":"#93C5FD","sursa":"PUG Suceava HCL 162/2017 - vectorizat TSS·FG","id":47},"geometry":{"type":"Polygon","coordinates":[[[26.2807826,47.6743856],[26.2802128,47.6743763],[26.2801467,47.6738624],[26.2802703,47.6738353],[26.2804664,47.6736742],[26.2808319,47.6737737],[26.2807826,47.6743856]]]}},{"type":"Feature","properties":{"UTR":"M2","utr":"M2","DENUMIRE":"Mixt comercial","denumire":"Mixt comercial","POT":65,"CUT":3.0,"RH":"P+5-P+6","FUNCTIUNE":"Mixt comercial","functiune":"Mixt comercial","c":"#F87171","sursa":"PUG Suceava HCL 162/2017 - vectorizat TSS·FG","id":48},"geometry":{"type":"Polygon","coordinates":[[[26.2801469,47.6738637],[26.2802128,47.6743763],[26.2773241,47.6743292],[26.2772167,47.6741691],[26.2771817,47.6739655],[26.2780646,47.6733882],[26.2788825,47.6738968],[26.2789604,47.6738524],[26.2790236,47.6739063],[26.2792103,47.6737986],[26.2797907,47.6740696],[26.2801158,47.6738615],[26.2801469,47.6738637]]]}},{"type":"Feature","properties":{"UTR":"M2","utr":"M2","DENUMIRE":"Mixt comercial","denumire":"Mixt comercial","POT":65,"CUT":3.0,"RH":"P+5-P+6","FUNCTIUNE":"Mixt comercial","functiune":"Mixt comercial","c":"#F87171","sursa":"PUG Suceava HCL 162/2017 - vectorizat TSS·FG","id":49},"geometry":{"type":"Polygon","coordinates":[[[26.2793236,47.6725621],[26.2794118,47.6725073],[26.2795919,47.672444],[26.2797322,47.6724661],[26.2803233,47.672799],[26.2800466,47.6729908],[26.2793236,47.6725621]]]}},{"type":"Feature","properties":{"UTR":"V1A","utr":"V1A","DENUMIRE":"Spatii verzi tip A","denumire":"Spatii verzi tip A","POT":5,"CUT":0.05,"RH":"-","FUNCTIUNE":"Spatii verzi tip A","functiune":"Spatii verzi tip A","c":"#86EFAC","sursa":"PUG Suceava HCL 162/2017 - vectorizat TSS·FG","id":50},"geometry":{"type":"Polygon","coordinates":[[[26.2785125,47.6730856],[26.2788738,47.6728415],[26.2793236,47.6725621],[26.2795155,47.6726759],[26.2793655,47.6727891],[26.2794972,47.6728804],[26.2793319,47.6729809],[26.2791989,47.6729031],[26.278773,47.6732269],[26.2785125,47.6730856]]]}},{"type":"Feature","properties":{"UTR":"L1B","utr":"L1B","DENUMIRE":"Locuinte individuale tip B","denumire":"Locuinte individuale tip B","POT":35,"CUT":1.1,"RH":"P+1-P+2","FUNCTIUNE":"Locuinte individuale tip B","functiune":"Locuinte individuale tip B","c":"#FCD34D","sursa":"PUG Suceava HCL 162/2017 - vectorizat TSS·FG","id":51},"geometry":{"type":"Polygon","coordinates":[[[26.292646,47.6675095],[26.2983341,47.6629486],[26.2981917,47.6633974],[26.2985217,47.6638634],[26.2984954,47.6638905],[26.299022,47.6641402],[26.2990435,47.6642632],[26.2979526,47.6651463],[26.2984524,47.6654322],[26.2961191,47.6673754],[26.2930502,47.6698735],[26.2929335,47.6698942],[26.2927831,47.6698092],[26.2925197,47.6695613],[26.2925582,47.6695339],[26.2938014,47.6685155],[26.2932936,47.6681183],[26.2927804,47.6676931],[26.292646,47.6675095]]]}},{"type":"Feature","properties":{"UTR":"M3","utr":"M3","DENUMIRE":"Mixt dotari","denumire":"Mixt dotari","POT":60,"CUT":2.8,"RH":"P+4-P+5","FUNCTIUNE":"Mixt dotari","functiune":"Mixt dotari","c":"#FDA4AF","sursa":"PUG Suceava HCL 162/2017 - vectorizat TSS·FG","id":52},"geometry":{"type":"Polygon","coordinates":[[[26.292509,47.6694527],[26.2914378,47.6684488],[26.2925372,47.667552],[26.293702,47.6684974],[26.292509,47.6694527]]]}},{"type":"Feature","properties":{"UTR":"L1B","utr":"L1B","DENUMIRE":"Locuinte individuale tip B","denumire":"Locuinte individuale tip B","POT":35,"CUT":1.1,"RH":"P+1-P+2","FUNCTIUNE":"Locuinte individuale tip B","functiune":"Locuinte individuale tip B","c":"#FCD34D","sursa":"PUG Suceava HCL 162/2017 - vectorizat TSS·FG","id":53},"geometry":{"type":"Polygon","coordinates":[[[26.2941473,47.6690939],[26.2942545,47.6690327],[26.2962008,47.6690735],[26.2960899,47.6688776],[26.300624,47.6668542],[26.3009052,47.6672759],[26.2963352,47.6693171],[26.2962289,47.6691264],[26.2960641,47.669086],[26.2956526,47.6690715],[26.2941473,47.6690939]]]}},{"type":"Feature","properties":{"UTR":"L1B","utr":"L1B","DENUMIRE":"Locuinte individuale tip B","denumire":"Locuinte individuale tip B","POT":35,"CUT":1.1,"RH":"P+1-P+2","FUNCTIUNE":"Locuinte individuale tip B","functiune":"Locuinte individuale tip B","c":"#FCD34D","sursa":"PUG Suceava HCL 162/2017 - vectorizat TSS·FG","id":54},"geometry":{"type":"Polygon","coordinates":[[[26.2944759,47.668806],[26.2959119,47.6676503],[26.2961653,47.6677983],[26.2949509,47.668794],[26.2951238,47.6688996],[26.2950045,47.6689971],[26.2948316,47.6688978],[26.2947364,47.6689618],[26.2944759,47.668806]]]}},{"type":"Feature","properties":{"UTR":"M4","utr":"M4","DENUMIRE":"Mixt servicii","denumire":"Mixt servicii","POT":60,"CUT":2.8,"RH":"P+4-P+6","FUNCTIUNE":"Mixt servicii","functiune":"Mixt servicii","c":"#FB7185","sursa":"PUG Suceava HCL 162/2017 - vectorizat TSS·FG","id":55},"geometry":{"type":"Polygon","coordinates":[[[26.2884753,47.6706687],[26.2911464,47.6687164],[26.2913372,47.6686946],[26.2915441,47.6687975],[26.2919574,47.6691365],[26.2918448,47.6692002],[26.2923575,47.6695491],[26.2924208,47.6696102],[26.292573,47.6698031],[26.2927458,47.6699362],[26.2931061,47.6701503],[26.2928267,47.6704073],[26.2931574,47.6706101],[26.2931574,47.6706101],[26.2931574,47.6706101],[26.2933277,47.6707102],[26.2916017,47.6723301],[26.2919452,47.6724632],[26.2910017,47.6730323],[26.2898425,47.6726527],[26.2893707,47.6723386],[26.2898122,47.672003],[26.2901428,47.671797],[26.2897138,47.6716012],[26.2897058,47.671547],[26.2884753,47.6706687]]]}},{"type":"Feature","properties":{"UTR":"M2","utr":"M2","DENUMIRE":"Mixt comercial","denumire":"Mixt comercial","POT":65,"CUT":3.0,"RH":"P+5-P+6","FUNCTIUNE":"Mixt comercial","functiune":"Mixt comercial","c":"#F87171","sursa":"PUG Suceava HCL 162/2017 - vectorizat TSS·FG","id":56},"geometry":{"type":"Polygon","coordinates":[[[26.2878827,47.6711707],[26.2882347,47.6708623],[26.2884063,47.6707251],[26.2899471,47.6718177],[26.2898493,47.6719076],[26.2897152,47.6718612],[26.2890244,47.6714819],[26.2887237,47.6713062],[26.2885686,47.6714457],[26.2882783,47.6713212],[26.2878827,47.6711707],[26.2878827,47.6711707]]]}},{"type":"Feature","properties":{"UTR":"M2","utr":"M2","DENUMIRE":"Mixt comercial","denumire":"Mixt comercial","POT":65,"CUT":3.0,"RH":"P+5-P+6","FUNCTIUNE":"Mixt comercial","functiune":"Mixt comercial","c":"#F87171","sursa":"PUG Suceava HCL 162/2017 - vectorizat TSS·FG","id":57},"geometry":{"type":"Polygon","coordinates":[[[26.2852547,47.6749139],[26.2854,47.674942],[26.285146,47.6753238],[26.2849143,47.675255],[26.2843987,47.6750945],[26.2839553,47.6749153],[26.2834072,47.6745481],[26.2804328,47.6725941],[26.2801373,47.6721418],[26.2808171,47.6717962],[26.2810193,47.6720119],[26.2812603,47.6721275],[26.2821027,47.671575],[26.2825446,47.6713509],[26.2833479,47.6711961],[26.2832809,47.6709441],[26.2834782,47.670957],[26.2834855,47.6711703],[26.2838981,47.6711372],[26.2841111,47.6713168],[26.2842801,47.6713651],[26.284655,47.6714371],[26.2848469,47.6714453],[26.2852239,47.6715269],[26.2853641,47.671595],[26.2855059,47.6717314],[26.285407,47.6718313],[26.2851156,47.6720676],[26.2849733,47.6719735],[26.2844365,47.6724538],[26.284127,47.6722798],[26.2840106,47.6723707],[26.2842629,47.6725102],[26.2841567,47.6726198],[26.2842058,47.6726468],[26.2841399,47.6726995],[26.2837351,47.6724674],[26.2832956,47.6727726],[26.2838334,47.6730557],[26.2840731,47.6729202],[26.284234,47.6730172],[26.2841721,47.6730878],[26.2844286,47.6731631],[26.2846346,47.6729787],[26.2849723,47.6731682],[26.2851611,47.6729987],[26.2846704,47.6727861],[26.2851293,47.6724143],[26.2855588,47.6726922],[26.2859432,47.6724375],[26.2865672,47.6727878],[26.286131,47.673313],[26.2862758,47.673341],[26.286278,47.6734138],[26.2859471,47.6734463],[26.285967,47.6733448],[26.2853818,47.6729947],[26.2836421,47.674308],[26.283711,47.6743428],[26.2838683,47.6742222],[26.2839735,47.6742892],[26.2837485,47.6744634],[26.2839388,47.6745749],[26.2839897,47.6745357],[26.2841052,47.6746107],[26.2841627,47.6745816],[26.2845289,47.6746983],[26.2843946,47.6748576],[26.2846038,47.6749421],[26.2846992,47.6748603],[26.2848511,47.6749279],[26.2851576,47.6750185],[26.2852547,47.6749139]]]}},{"type":"Feature","properties":{"UTR":"M2","utr":"M2","DENUMIRE":"Mixt comercial","denumire":"Mixt comercial","POT":65,"CUT":3.0,"RH":"P+5-P+6","FUNCTIUNE":"Mixt comercial","functiune":"Mixt comercial","c":"#F87171","sursa":"PUG Suceava HCL 162/2017 - vectorizat TSS·FG","id":58},"geometry":{"type":"Polygon","coordinates":[[[26.2870943,47.6718018],[26.2871742,47.671725],[26.2878827,47.6711707],[26.2878827,47.6711707],[26.2878827,47.6711707],[26.2882783,47.6713212],[26.2879675,47.6716011],[26.28772,47.6718555],[26.2874691,47.6720355],[26.2870943,47.6718018]]]}},{"type":"Feature","properties":{"UTR":"L1A","utr":"L1A","DENUMIRE":"Locuinte individuale tip A","denumire":"Locuinte individuale tip A","POT":30,"CUT":0.9,"RH":"P+1-P+2","FUNCTIUNE":"Locuinte individuale tip A","functiune":"Locuinte individuale tip A","c":"#FDE68A","sursa":"PUG Suceava HCL 162/2017 - vectorizat TSS·FG","id":59},"geometry":{"type":"Polygon","coordinates":[[[26.2874691,47.6720355],[26.28772,47.6718555],[26.2879675,47.6716011],[26.2882783,47.6713212],[26.2885686,47.6714457],[26.2887237,47.6713062],[26.2890244,47.6714819],[26.2897152,47.6718612],[26.2898493,47.6719076],[26.2897752,47.6719674],[26.2895926,47.6718883],[26.2894294,47.6718503],[26.2891172,47.6718115],[26.2887714,47.6717636],[26.2884657,47.6717411],[26.2885763,47.6718595],[26.288445,47.6720635],[26.2882305,47.6719714],[26.2881528,47.6720576],[26.2880781,47.6720924],[26.2879919,47.672179],[26.2874691,47.6720355],[26.2874691,47.6720355]]]}},{"type":"Feature","properties":{"UTR":"M2","utr":"M2","DENUMIRE":"Mixt comercial","denumire":"Mixt comercial","POT":65,"CUT":3.0,"RH":"P+5-P+6","FUNCTIUNE":"Mixt comercial","functiune":"Mixt comercial","c":"#F87171","sursa":"PUG Suceava HCL 162/2017 - vectorizat TSS·FG","id":60},"geometry":{"type":"Polygon","coordinates":[[[26.2869748,47.6722242],[26.287003,47.6721217],[26.2870714,47.6720441],[26.2872537,47.6720432],[26.2874439,47.6721094],[26.2875719,47.672135],[26.2877878,47.6721962],[26.2877878,47.6721962],[26.2877878,47.6721962],[26.2876473,47.672396],[26.2876316,47.6724277],[26.2876264,47.6724705],[26.2877534,47.6728102],[26.2877998,47.6728728],[26.2871344,47.6729869],[26.2872362,47.6733064],[26.2874132,47.6732811],[26.2875016,47.6734652],[26.2870647,47.6735772],[26.2869182,47.6735871],[26.2869748,47.6722242]]]}},{"type":"Feature","properties":{"UTR":"M2","utr":"M2","DENUMIRE":"Mixt comercial","denumire":"Mixt comercial","POT":65,"CUT":3.0,"RH":"P+5-P+6","FUNCTIUNE":"Mixt comercial","functiune":"Mixt comercial","c":"#F87171","sursa":"PUG Suceava HCL 162/2017 - vectorizat TSS·FG","id":61},"geometry":{"type":"Polygon","coordinates":[[[26.2869758,47.6758958],[26.2869293,47.6736575],[26.287499,47.6735365],[26.2875028,47.6735356],[26.2877858,47.6739941],[26.2874212,47.6740916],[26.2874775,47.6742234],[26.2873274,47.6742703],[26.2874856,47.6747343],[26.2873033,47.674774],[26.2874319,47.6750917],[26.2873515,47.6751169],[26.2874159,47.675644],[26.2875259,47.6758151],[26.2875982,47.6759274],[26.2871746,47.6760664],[26.2869759,47.6758958],[26.2869758,47.6758958]]]}},{"type":"Feature","properties":{"UTR":"L1A","utr":"L1A","DENUMIRE":"Locuinte individuale tip A","denumire":"Locuinte individuale tip A","POT":30,"CUT":0.9,"RH":"P+1-P+2","FUNCTIUNE":"Locuinte individuale tip A","functiune":"Locuinte individuale tip A","c":"#FDE68A","sursa":"PUG Suceava HCL 162/2017 - vectorizat TSS·FG","id":62},"geometry":{"type":"Polygon","coordinates":[[[26.2877858,47.6739941],[26.2875028,47.6735356],[26.2880056,47.6734066],[26.2881866,47.6733786],[26.2881732,47.6733208],[26.2875016,47.6734652],[26.2874132,47.6732811],[26.2872362,47.6733064],[26.2871344,47.6729869],[26.2877998,47.6728728],[26.2877998,47.6728728],[26.2877998,47.6728728],[26.287793,47.6728593],[26.2879578,47.6727935],[26.2881173,47.6730107],[26.2884206,47.6728968],[26.2884889,47.6730415],[26.2889955,47.6734639],[26.2893012,47.673852],[26.289395,47.6738069],[26.289521,47.6739639],[26.2892207,47.6741011],[26.2890974,47.6740776],[26.288269,47.6743448],[26.2880707,47.6740397],[26.2878455,47.674121],[26.2877858,47.6739941],[26.2877858,47.6739941]]]}},{"type":"Feature","properties":{"UTR":"L1B","utr":"L1B","DENUMIRE":"Locuinte individuale tip B","denumire":"Locuinte individuale tip B","POT":35,"CUT":1.1,"RH":"P+1-P+2","FUNCTIUNE":"Locuinte individuale tip B","functiune":"Locuinte individuale tip B","c":"#FCD34D","sursa":"PUG Suceava HCL 162/2017 - vectorizat TSS·FG","id":63},"geometry":{"type":"Polygon","coordinates":[[[26.2890974,47.6740776],[26.2892207,47.6741011],[26.2892207,47.6741011],[26.2892207,47.6741011],[26.2893709,47.6742518],[26.28947,47.6743267],[26.2896054,47.6743249],[26.2901631,47.6739386],[26.2904472,47.6741011],[26.2906939,47.6743267],[26.2913319,47.6746787],[26.2914499,47.6745993],[26.2918211,47.6750847],[26.2917106,47.6751758],[26.2912451,47.6752641],[26.2912367,47.6753539],[26.2904848,47.6754766],[26.2904184,47.6754619],[26.2899539,47.6756066],[26.2897556,47.6753322],[26.2895357,47.6751264],[26.2890143,47.6748132],[26.289202,47.6746616],[26.2887838,47.6744414],[26.2889486,47.6743592],[26.2888695,47.6741995],[26.2891282,47.6741137],[26.2890974,47.6740776]]]}},{"type":"Feature","properties":{"UTR":"L1C","utr":"L1C","DENUMIRE":"Locuinte individuale tip C","denumire":"Locuinte individuale tip C","POT":40,"CUT":1.3,"RH":"P+2","FUNCTIUNE":"Locuinte individuale tip C","functiune":"Locuinte individuale tip C","c":"#F59E0B","sursa":"PUG Suceava HCL 162/2017 - vectorizat TSS·FG","id":64},"geometry":{"type":"Polygon","coordinates":[[[26.2909353,47.6777388],[26.2909353,47.6777388],[26.2907379,47.6775803],[26.2908112,47.6775414],[26.2907209,47.6774312],[26.2906575,47.6774388],[26.2905447,47.6773183],[26.2904559,47.6773553],[26.2903896,47.6772879],[26.2903177,47.6773164],[26.2900089,47.6768996],[26.2894124,47.6771438],[26.2888739,47.6773847],[26.2883797,47.6770232],[26.289151,47.6767241],[26.2891805,47.676753],[26.2893762,47.6766736],[26.2895156,47.6768072],[26.2905612,47.6764101],[26.2900035,47.675901],[26.28895,47.6764823],[26.2891028,47.6766573],[26.2886711,47.676829],[26.2880117,47.6762535],[26.2880117,47.6762535],[26.2885478,47.675878],[26.2880224,47.6755134],[26.2875259,47.6758151],[26.2874159,47.675644],[26.2873515,47.6751169],[26.2874319,47.6750917],[26.2873033,47.674774],[26.2874856,47.6747343],[26.2873274,47.6742703],[26.2874775,47.6742234],[26.2874212,47.6740916],[26.2877858,47.6739941],[26.2877858,47.6739941],[26.2877858,47.6739941],[26.2878455,47.674121],[26.2880707,47.6740397],[26.288269,47.6743448],[26.2890974,47.6740776],[26.2890974,47.6740776],[26.2891282,47.6741137],[26.2888695,47.6741995],[26.2889486,47.6743592],[26.2887838,47.6744414],[26.289202,47.6746616],[26.2890143,47.6748132],[26.2895357,47.6751264],[26.2897556,47.6753322],[26.2899539,47.6756066],[26.2904184,47.6754619],[26.2904848,47.6754766],[26.2912367,47.6753539],[26.2912451,47.6752641],[26.2917106,47.6751758],[26.2918211,47.6750847],[26.2914499,47.6745993],[26.2913319,47.6746787],[26.2906939,47.6743267],[26.2904472,47.6741011],[26.2901631,47.6739386],[26.2896054,47.6743249],[26.28947,47.6743267],[26.2893709,47.6742518],[26.2892207,47.6741011],[26.2892207,47.6741011],[26.289521,47.6739639],[26.289395,47.6738069],[26.2893012,47.673852],[26.2889955,47.6734639],[26.2884889,47.6730415],[26.2884206,47.6728968],[26.2881173,47.6730107],[26.2879578,47.6727935],[26.287793,47.6728593],[26.2877998,47.6728728],[26.2877998,47.6728728],[26.2877534,47.6728102],[26.2876264,47.6724705],[26.2876316,47.6724277],[26.2876473,47.672396],[26.2877878,47.6721962],[26.2877878,47.6721962],[26.2880023,47.6721957],[26.2879919,47.672179],[26.2880781,47.6720924],[26.2881528,47.6720576],[26.2882305,47.6719714],[26.288445,47.6720635],[26.2885763,47.6718595],[26.2884657,47.6717411],[26.2887714,47.6717636],[26.2891172,47.6718115],[26.2894294,47.6718503],[26.2895926,47.6718883],[26.2897752,47.6719674],[26.2897752,47.6719674],[26.2898122,47.672003],[26.2893707,47.6723386],[26.2898425,47.6726527],[26.2910017,47.6730323],[26.2919452,47.6724632],[26.2916017,47.6723301],[26.2933277,47.6707102],[26.2931574,47.6706101],[26.2931574,47.6706101],[26.293648,47.6702923],[26.293337,47.6702274],[26.2932901,47.6701479],[26.2933316,47.6700775],[26.2931259,47.669964],[26.2931674,47.6698737],[26.2941473,47.6690939],[26.2956526,47.6690715],[26.2960641,47.669086],[26.2962289,47.6691264],[26.2963352,47.6693171],[26.3009052,47.6672759],[26.300624,47.6668542],[26.2960899,47.6688776],[26.2962008,47.6690735],[26.2942545,47.6690327],[26.2942391,47.6689966],[26.2944759,47.668806],[26.2947364,47.6689618],[26.2948316,47.6688978],[26.2950045,47.6689971],[26.2951238,47.6688996],[26.2949509,47.668794],[26.2961653,47.6677983],[26.2959119,47.6676503],[26.2961861,47.6674296],[26.2961191,47.6673754],[26.2984524,47.6654322],[26.2979526,47.6651463],[26.2990435,47.6642632],[26.299022,47.6641402],[26.2984954,47.6638905],[26.2985217,47.6638634],[26.2985249,47.6638679],[26.2987848,47.663993],[26.3023246,47.6624196],[26.3023371,47.6624124],[26.3026359,47.6631241],[26.3027431,47.6635976],[26.3032756,47.6648702],[26.3040714,47.6662298],[26.3071451,47.6723931],[26.3026103,47.6749226],[26.3026103,47.6749226],[26.3008643,47.6760057],[26.3001231,47.6762052],[26.2999808,47.6762725],[26.2987321,47.6748402],[26.2987321,47.6748402],[26.298697,47.6747766],[26.2988177,47.6747314],[26.2983941,47.6742404],[26.2977477,47.673147],[26.2961043,47.6740774],[26.2960651,47.6741559],[26.2960457,47.6742666],[26.2961065,47.6743173],[26.2945719,47.6748493],[26.2951167,47.6755563],[26.2956467,47.6753694],[26.2960617,47.6754009],[26.2962002,47.675574],[26.2968838,47.6753391],[26.2969491,47.6754165],[26.2971728,47.6754362],[26.2951026,47.6762575],[26.2945748,47.6763959],[26.2946164,47.6765034],[26.2953865,47.6777938],[26.2953865,47.6777938],[26.2953865,47.6777938],[26.2950048,47.6779219],[26.2946402,47.6779923],[26.2940478,47.6778984],[26.2938882,47.6778197],[26.293533,47.677854],[26.2933306,47.677715],[26.2931175,47.6778605],[26.2932194,47.6779544],[26.2932376,47.6782523],[26.2934885,47.6783005],[26.2935944,47.6784025],[26.293659,47.678588],[26.2937377,47.6785678],[26.2938987,47.6784909],[26.294098,47.6786441],[26.2945132,47.6787718],[26.2948952,47.678732],[26.2950537,47.6785195],[26.2951657,47.6781746],[26.2950015,47.6779372],[26.2953881,47.6778281],[26.2957478,47.6778388],[26.2968151,47.6779196],[26.2967318,47.6781483],[26.296638,47.6787024],[26.2965294,47.6788602],[26.2961668,47.6792579],[26.2955506,47.6793365],[26.2943054,47.6792815],[26.2936728,47.6791862],[26.2928218,47.6789723],[26.2927005,47.6789014],[26.292679,47.6784014],[26.2925699,47.6782681],[26.2928063,47.678072],[26.2929106,47.6779505],[26.2929022,47.6778803],[26.2927922,47.6777701],[26.2926547,47.678026],[26.2924785,47.677989],[26.2925024,47.6779178],[26.292353,47.6778864],[26.2924207,47.6777288],[26.2923079,47.6777156],[26.2922261,47.6779168],[26.2920273,47.6778845],[26.2918454,47.6778171],[26.2920089,47.6776031],[26.2915986,47.6776823],[26.2916924,47.6775081],[26.2914753,47.6773107],[26.2910185,47.6776182],[26.2909353,47.6777388],[26.2909353,47.6777388]]]}},{"type":"Feature","properties":{"UTR":"C2A","utr":"C2A","DENUMIRE":"Comercial tip A","denumire":"Comercial tip A","POT":60,"CUT":2.4,"RH":"P+3-P+5","FUNCTIUNE":"Comercial tip A","functiune":"Comercial tip A","c":"#FDBA74","sursa":"PUG Suceava HCL 162/2017 - vectorizat TSS·FG","id":65},"geometry":{"type":"Polygon","coordinates":[[[26.290802,47.6779922],[26.2905877,47.6779624],[26.2905294,47.6779806],[26.2895357,47.6785202],[26.2889386,47.6774669],[26.2888739,47.6773847],[26.2894124,47.6771438],[26.2900089,47.6768996],[26.2903177,47.6773164],[26.2903896,47.6772879],[26.2904559,47.6773553],[26.2905447,47.6773183],[26.2906575,47.6774388],[26.2907209,47.6774312],[26.2908112,47.6775414],[26.2907379,47.6775803],[26.2909353,47.6777388],[26.290802,47.6779922]]]}},{"type":"Feature","properties":{"UTR":"F","utr":"F","DENUMIRE":"Institutii publice","denumire":"Institutii publice","POT":45,"CUT":1.5,"RH":"P+2-P+4","FUNCTIUNE":"Institutii publice","functiune":"Institutii publice","c":"#93C5FD","sursa":"PUG Suceava HCL 162/2017 - vectorizat TSS·FG","id":66},"geometry":{"type":"Polygon","coordinates":[[[26.2883797,47.6770232],[26.2883139,47.676971],[26.2886711,47.676829],[26.2891028,47.6766573],[26.28895,47.6764823],[26.2900035,47.675901],[26.2905612,47.6764101],[26.2895156,47.6768072],[26.2893762,47.6766736],[26.2891805,47.676753],[26.289151,47.6767241],[26.2883797,47.6770232]]]}},{"type":"Feature","properties":{"UTR":"G2","utr":"G2","DENUMIRE":"Gospodarire comunala tip 2","denumire":"Gospodarire comunala tip 2","POT":55,"CUT":2.0,"RH":"P+2-P+3","FUNCTIUNE":"Gospodarire comunala tip 2","functiune":"Gospodarire comunala tip 2","c":"#3B82F6","sursa":"PUG Suceava HCL 162/2017 - vectorizat TSS·FG","id":67},"geometry":{"type":"Polygon","coordinates":[[[26.2872423,47.6761202],[26.2871746,47.6760664],[26.2875982,47.6759274],[26.2875259,47.6758151],[26.2880224,47.6755134],[26.2885478,47.675878],[26.2880117,47.6762535],[26.2879312,47.6761596],[26.2876658,47.6760026],[26.2875264,47.6760278],[26.2872423,47.6761202]]]}},{"type":"Feature","properties":{"UTR":"M3","utr":"M3","DENUMIRE":"Mixt dotari","denumire":"Mixt dotari","POT":60,"CUT":2.8,"RH":"P+4-P+5","FUNCTIUNE":"Mixt dotari","functiune":"Mixt dotari","c":"#FDA4AF","sursa":"PUG Suceava HCL 162/2017 - vectorizat TSS·FG","id":68},"geometry":{"type":"Polygon","coordinates":[[[26.2886711,47.676829],[26.2883139,47.676971],[26.2872423,47.6761202],[26.2875264,47.6760278],[26.2876658,47.6760026],[26.2879312,47.6761596],[26.2880117,47.6762535],[26.2880117,47.6762535],[26.2880117,47.6762535],[26.2886711,47.676829]]]}},{"type":"Feature","properties":{"UTR":"L1B","utr":"L1B","DENUMIRE":"Locuinte individuale tip B","denumire":"Locuinte individuale tip B","POT":35,"CUT":1.1,"RH":"P+1-P+2","FUNCTIUNE":"Locuinte individuale tip B","functiune":"Locuinte individuale tip B","c":"#FCD34D","sursa":"PUG Suceava HCL 162/2017 - vectorizat TSS·FG","id":69},"geometry":{"type":"Polygon","coordinates":[[[26.2953865,47.6777938],[26.2953865,47.6777938],[26.2946164,47.6765034],[26.2945748,47.6763959],[26.2951026,47.6762575],[26.2971728,47.6754362],[26.2987321,47.6748402],[26.2987321,47.6748402],[26.2999808,47.6762725],[26.2994019,47.6765463],[26.2984962,47.6767914],[26.2978564,47.6770175],[26.2974981,47.6771711],[26.2971932,47.6773428],[26.2972173,47.6773725],[26.2970102,47.6776145],[26.2968262,47.6778501],[26.2967143,47.6778545],[26.296426,47.677841],[26.2960297,47.6778038],[26.2957105,47.6777882],[26.2953865,47.6777938]]]}},{"type":"Feature","properties":{"UTR":"L1C","utr":"L1C","DENUMIRE":"Locuinte individuale tip C","denumire":"Locuinte individuale tip C","POT":40,"CUT":1.3,"RH":"P+2","FUNCTIUNE":"Locuinte individuale tip C","functiune":"Locuinte individuale tip C","c":"#F59E0B","sursa":"PUG Suceava HCL 162/2017 - vectorizat TSS·FG","id":70},"geometry":{"type":"Polygon","coordinates":[[[26.3074353,47.6830367],[26.3059191,47.6844945],[26.3058197,47.6847495],[26.3036889,47.6868678],[26.3038453,47.6855134],[26.3035041,47.6845658],[26.3032161,47.6843289],[26.3027217,47.6838274],[26.3020361,47.6832964],[26.302411,47.6831372],[26.302155,47.6830139],[26.3018592,47.6826057],[26.3014525,47.6818911],[26.3012475,47.6813004],[26.3026389,47.6810891],[26.3029069,47.6807895],[26.3036907,47.6807034],[26.3037389,47.6802449],[26.3036517,47.6796849],[26.303524,47.679381],[26.303663,47.6793672],[26.3060218,47.6789813],[26.3074353,47.6830367]]]}},{"type":"Feature","properties":{"UTR":"L1B","utr":"L1B","DENUMIRE":"Locuinte individuale tip B","denumire":"Locuinte individuale tip B","POT":35,"CUT":1.1,"RH":"P+1-P+2","FUNCTIUNE":"Locuinte individuale tip B","functiune":"Locuinte individuale tip B","c":"#FCD34D","sursa":"PUG Suceava HCL 162/2017 - vectorizat TSS·FG","id":71},"geometry":{"type":"Polygon","coordinates":[[[26.2946876,47.6959813],[26.2946876,47.6959813],[26.2944432,47.6961507],[26.2932075,47.6960324],[26.2929744,47.6957837],[26.2931473,47.6957182],[26.2930209,47.6953949],[26.2946876,47.6959813]]]}},{"type":"Feature","properties":{"UTR":"L1B","utr":"L1B","DENUMIRE":"Locuinte individuale tip B","denumire":"Locuinte individuale tip B","POT":35,"CUT":1.1,"RH":"P+1-P+2","FUNCTIUNE":"Locuinte individuale tip B","functiune":"Locuinte individuale tip B","c":"#FCD34D","sursa":"PUG Suceava HCL 162/2017 - vectorizat TSS·FG","id":72},"geometry":{"type":"Polygon","coordinates":[[[26.2916163,47.6933371],[26.291893,47.6936102],[26.2921187,47.6942457],[26.2923954,47.6953778],[26.2927944,47.6957015],[26.2930321,47.6960236],[26.2923289,47.6958947],[26.2915138,47.6958926],[26.2906832,47.6961109],[26.2905288,47.6962452],[26.2905048,47.696196],[26.2908461,47.6958685],[26.2910988,47.6954431],[26.2915886,47.6936645],[26.2915728,47.6933469],[26.2916163,47.6933371]]]}},{"type":"Feature","properties":{"UTR":"L1B","utr":"L1B","DENUMIRE":"Locuinte individuale tip B","denumire":"Locuinte individuale tip B","POT":35,"CUT":1.1,"RH":"P+1-P+2","FUNCTIUNE":"Locuinte individuale tip B","functiune":"Locuinte individuale tip B","c":"#FCD34D","sursa":"PUG Suceava HCL 162/2017 - vectorizat TSS·FG","id":73},"geometry":{"type":"Polygon","coordinates":[[[26.3018207,47.6891876],[26.3018207,47.6891876],[26.3017526,47.6893436],[26.3016754,47.6893483],[26.3016684,47.6895052],[26.3015272,47.6894825],[26.301329,47.6899371],[26.3011703,47.6898952],[26.3010301,47.6901334],[26.3001859,47.6899755],[26.3001504,47.6900184],[26.2998864,47.6899598],[26.2998854,47.6902219],[26.2997544,47.6903347],[26.2996813,47.6904866],[26.2998264,47.6905326],[26.2997506,47.690687],[26.2996813,47.6906706],[26.2994903,47.6910235],[26.2990391,47.6909239],[26.2989867,47.6909895],[26.2996855,47.6911287],[26.2995929,47.691313],[26.2992327,47.691245],[26.2991316,47.6914648],[26.2988177,47.6913995],[26.298626,47.6913882],[26.2972,47.6909331],[26.2973222,47.6907891],[26.2976798,47.6905622],[26.2977491,47.6904349],[26.2977678,47.68999],[26.2979213,47.6899056],[26.2981067,47.6895048],[26.2980018,47.689317],[26.2977285,47.6894922],[26.2976536,47.6894254],[26.2972735,47.6895766],[26.2973128,47.6896812],[26.297042,47.6897461],[26.2970365,47.6898544],[26.2968545,47.6899314],[26.2968112,47.6898881],[26.2965338,47.6899769],[26.2966026,47.690083],[26.2963497,47.6901734],[26.2963119,47.6901517],[26.2961311,47.6902391],[26.2961488,47.6902719],[26.2960567,47.6903063],[26.29607,47.6903377],[26.2958947,47.6904056],[26.2958049,47.6903272],[26.2953977,47.6905057],[26.2955574,47.6906812],[26.2953355,47.690785],[26.2951613,47.6908187],[26.2952334,47.6911271],[26.295107,47.691145],[26.2948973,47.6913557],[26.2951469,47.6916805],[26.2947428,47.6918322],[26.2948434,47.692046],[26.2946718,47.6920911],[26.2946994,47.6921748],[26.2944844,47.6922252],[26.2945324,47.692343],[26.2941247,47.6925218],[26.2941701,47.6926815],[26.2938302,47.6927714],[26.2937749,47.6926563],[26.2934554,47.6927484],[26.2935106,47.6929714],[26.2933581,47.6929785],[26.2933094,47.6929236],[26.2930714,47.6930104],[26.2930911,47.6930732],[26.2929123,47.693113],[26.2928518,47.6930166],[26.2926054,47.6930812],[26.2922322,47.6932141],[26.2922714,47.6933945],[26.2923717,47.693568],[26.2923005,47.6935869],[26.2924334,47.693776],[26.2924934,47.6937609],[26.2925776,47.6938503],[26.292733,47.6938718],[26.2927723,47.6939839],[26.2922571,47.6942254],[26.292245,47.6941824],[26.2920408,47.6936595],[26.291893,47.6934239],[26.2915853,47.6931862],[26.2933702,47.6925543],[26.2942049,47.6920939],[26.294576,47.691843],[26.2947608,47.6915461],[26.2947907,47.6913019],[26.2947951,47.690938],[26.2948602,47.6907465],[26.295016,47.6905065],[26.2951294,47.6904062],[26.295627,47.69015],[26.2961196,47.6898831],[26.2967661,47.6894569],[26.2979082,47.6891193],[26.2988084,47.6888155],[26.2992811,47.6885676],[26.2992944,47.688935],[26.3000021,47.6890598],[26.3004117,47.6890956],[26.3012126,47.6890986],[26.3018207,47.6891876],[26.3018207,47.6891876]]]}},{"type":"Feature","properties":{"UTR":"L1B","utr":"L1B","DENUMIRE":"Locuinte individuale tip B","denumire":"Locuinte individuale tip B","POT":35,"CUT":1.1,"RH":"P+1-P+2","FUNCTIUNE":"Locuinte individuale tip B","functiune":"Locuinte individuale tip B","c":"#FCD34D","sursa":"PUG Suceava HCL 162/2017 - vectorizat TSS·FG","id":74},"geometry":{"type":"Polygon","coordinates":[[[26.2907765,47.68586],[26.2907765,47.68586],[26.2907292,47.6863817],[26.2906757,47.687256],[26.2906891,47.6876526],[26.2893015,47.6876863],[26.288876,47.6878009],[26.2887494,47.6877695],[26.2874543,47.6869585],[26.2868538,47.6866833],[26.286655,47.6866336],[26.2858652,47.6865844],[26.2861831,47.6857045],[26.2864505,47.6852597],[26.2866389,47.6850764],[26.2869444,47.6848092],[26.287423,47.6844371],[26.2878137,47.6844557],[26.2888312,47.6845714],[26.2895278,47.6845655],[26.2897463,47.6845816],[26.2898936,47.6846214],[26.2901148,47.6849855],[26.2903464,47.6853073],[26.2899194,47.6853156],[26.2899277,47.6854471],[26.289454,47.6854723],[26.2894581,47.6857101],[26.2907765,47.68586]]]}},{"type":"Feature","properties":{"UTR":"C2A","utr":"C2A","DENUMIRE":"Comercial tip A","denumire":"Comercial tip A","POT":60,"CUT":2.4,"RH":"P+3-P+5","FUNCTIUNE":"Comercial tip A","functiune":"Comercial tip A","c":"#FDBA74","sursa":"PUG Suceava HCL 162/2017 - vectorizat TSS·FG","id":75},"geometry":{"type":"Polygon","coordinates":[[[26.2903464,47.6853073],[26.2903978,47.6853787],[26.2905308,47.6854794],[26.2908966,47.6854832],[26.2907765,47.68586],[26.2894581,47.6857101],[26.289454,47.6854723],[26.2899277,47.6854471],[26.2899194,47.6853156],[26.2903464,47.6853073]]]}},{"type":"Feature","properties":{"UTR":"A1","utr":"A1","DENUMIRE":"Agrozootehnic tip 1","denumire":"Agrozootehnic tip 1","POT":20,"CUT":0.4,"RH":"P+1","FUNCTIUNE":"Agrozootehnic tip 1","functiune":"Agrozootehnic tip 1","c":"#BEF264","sursa":"PUG Suceava HCL 162/2017 - vectorizat TSS·FG","id":76},"geometry":{"type":"Polygon","coordinates":[[[26.2729881,47.6897178],[26.2759378,47.6891785],[26.2762893,47.6895688],[26.2763816,47.6898797],[26.2762505,47.6901358],[26.2763392,47.6902726],[26.2760048,47.6903572],[26.2760972,47.6905524],[26.2760473,47.6907712],[26.2759217,47.6910497],[26.2759827,47.6914613],[26.2756169,47.6922222],[26.275979,47.6931],[26.2758312,47.6934606],[26.2758607,47.6939454],[26.2760339,47.6947467],[26.276377,47.6953288],[26.2761789,47.6953607],[26.2763687,47.6954997],[26.2747309,47.6955034],[26.2733638,47.6957701],[26.27177,47.6959034],[26.2715169,47.6948725],[26.270615,47.6949063],[26.270389,47.6927598],[26.2707782,47.6916387],[26.2714394,47.6911875],[26.2710921,47.6904949],[26.2722778,47.6902254],[26.2721434,47.6898672],[26.2723691,47.6898317],[26.2729881,47.6897178],[26.2729881,47.6897178]]]}},{"type":"Feature","properties":{"UTR":"L1C","utr":"L1C","DENUMIRE":"Locuinte individuale tip C","denumire":"Locuinte individuale tip C","POT":40,"CUT":1.3,"RH":"P+2","FUNCTIUNE":"Locuinte individuale tip C","functiune":"Locuinte individuale tip C","c":"#F59E0B","sursa":"PUG Suceava HCL 162/2017 - vectorizat TSS·FG","id":77},"geometry":{"type":"Polygon","coordinates":[[[26.2746333,47.6868507],[26.2746333,47.6868507],[26.2746305,47.6877659],[26.2747968,47.6882744],[26.2749473,47.6883727],[26.2751995,47.6884579],[26.2756252,47.6888315],[26.2759378,47.6891785],[26.2729881,47.6897178],[26.2727927,47.6892382],[26.2728617,47.6892249],[26.2725514,47.6882887],[26.2727927,47.6882423],[26.2722066,47.6866905],[26.2735809,47.6864551],[26.2746333,47.6868507],[26.2746333,47.6868507]]]}},{"type":"Feature","properties":{"UTR":"L1B","utr":"L1B","DENUMIRE":"Locuinte individuale tip B","denumire":"Locuinte individuale tip B","POT":35,"CUT":1.1,"RH":"P+1-P+2","FUNCTIUNE":"Locuinte individuale tip B","functiune":"Locuinte individuale tip B","c":"#FCD34D","sursa":"PUG Suceava HCL 162/2017 - vectorizat TSS·FG","id":78},"geometry":{"type":"Polygon","coordinates":[[[26.2721434,47.6898672],[26.270751,47.6861574],[26.2703493,47.6855799],[26.2699294,47.6851831],[26.269469,47.6850765],[26.2689745,47.6850911],[26.2688641,47.6849828],[26.2689841,47.6849007],[26.2749159,47.6834657],[26.2750769,47.6845055],[26.2752666,47.6846032],[26.2752666,47.6849751],[26.2754954,47.685131],[26.2759111,47.6850671],[26.2753916,47.6856072],[26.2747192,47.6860151],[26.2744976,47.6863981],[26.2750591,47.6866119],[26.2749963,47.6868426],[26.2748836,47.6868986],[26.2746333,47.6868507],[26.2746333,47.6868507],[26.2735809,47.6864551],[26.2722066,47.6866905],[26.2727927,47.6882423],[26.2725514,47.6882887],[26.2728617,47.6892249],[26.2727927,47.6892382],[26.2729881,47.6897178],[26.2729881,47.6897178],[26.2729881,47.6897178],[26.2723691,47.6898317],[26.2721434,47.6898672]]]}},{"type":"Feature","properties":{"UTR":"G1","utr":"G1","DENUMIRE":"Gospodarire comunala tip 1","denumire":"Gospodarire comunala tip 1","POT":55,"CUT":2.0,"RH":"P+2-P+3","FUNCTIUNE":"Gospodarire comunala tip 1","functiune":"Gospodarire comunala tip 1","c":"#60A5FA","sursa":"PUG Suceava HCL 162/2017 - vectorizat TSS·FG","id":79},"geometry":{"type":"Polygon","coordinates":[[[26.2874493,47.684355],[26.2874493,47.684355],[26.2874105,47.684384],[26.2862718,47.6837897],[26.2851246,47.6843395],[26.2839928,47.6831589],[26.2842358,47.6829143],[26.284192,47.6828656],[26.2845619,47.6827271],[26.2849601,47.6825779],[26.285823,47.6822547],[26.2859543,47.6821773],[26.2865356,47.6825808],[26.2864255,47.6826515],[26.2863747,47.6826082],[26.2862041,47.682686],[26.2862337,47.6827288],[26.2862055,47.6827601],[26.2862746,47.6828237],[26.2863183,47.6828199],[26.2868541,47.6834773],[26.2863155,47.6837536],[26.2874493,47.684355],[26.2874493,47.684355]]]}},{"type":"Feature","properties":{"UTR":"L1C","utr":"L1C","DENUMIRE":"Locuinte individuale tip C","denumire":"Locuinte individuale tip C","POT":40,"CUT":1.3,"RH":"P+2","FUNCTIUNE":"Locuinte individuale tip C","functiune":"Locuinte individuale tip C","c":"#F59E0B","sursa":"PUG Suceava HCL 162/2017 - vectorizat TSS·FG","id":80},"geometry":{"type":"Polygon","coordinates":[[[26.2839928,47.6831589],[26.2851246,47.6843395],[26.2862718,47.6837897],[26.2874105,47.684384],[26.286855,47.6847994],[26.2864186,47.6852037],[26.2862704,47.6854359],[26.286136,47.6856784],[26.2858714,47.686417],[26.2858222,47.6864856],[26.2855623,47.6866471],[26.2854284,47.686587],[26.283871,47.6870678],[26.282807,47.6872515],[26.2808751,47.6862552],[26.2834856,47.6838821],[26.2840285,47.6833596],[26.283883,47.683266],[26.2839928,47.6831589]]]}},{"type":"Feature","properties":{"UTR":"L1C","utr":"L1C","DENUMIRE":"Locuinte individuale tip C","denumire":"Locuinte individuale tip C","POT":40,"CUT":1.3,"RH":"P+2","FUNCTIUNE":"Locuinte individuale tip C","functiune":"Locuinte individuale tip C","c":"#F59E0B","sursa":"PUG Suceava HCL 162/2017 - vectorizat TSS·FG","id":81},"geometry":{"type":"Polygon","coordinates":[[[26.2907385,47.6829333],[26.2907385,47.6829333],[26.2899287,47.6831128],[26.289941,47.6832122],[26.2891952,47.6833742],[26.2885679,47.6838462],[26.2883142,47.6837096],[26.2874849,47.684359],[26.2874493,47.684355],[26.2874493,47.684355],[26.2863155,47.6837536],[26.2868541,47.6834773],[26.2863183,47.6828199],[26.2862746,47.6828237],[26.2862055,47.6827601],[26.2862337,47.6827288],[26.2862041,47.682686],[26.2863747,47.6826082],[26.2864255,47.6826515],[26.2865195,47.6825911],[26.286636,47.6826415],[26.2875454,47.6821046],[26.2882913,47.6813535],[26.2883277,47.6811439],[26.2894252,47.6807192],[26.2895606,47.6808902],[26.289694,47.6808414],[26.289946,47.6811568],[26.2901074,47.6810986],[26.2903118,47.6813595],[26.290414,47.6815591],[26.2902849,47.6815916],[26.2904708,47.6818865],[26.2902273,47.6819487],[26.2907385,47.6829333],[26.2907385,47.6829333]]]}},{"type":"Feature","properties":{"UTR":"M2","utr":"M2","DENUMIRE":"Mixt comercial","denumire":"Mixt comercial","POT":65,"CUT":3.0,"RH":"P+5-P+6","FUNCTIUNE":"Mixt comercial","functiune":"Mixt comercial","c":"#F87171","sursa":"PUG Suceava HCL 162/2017 - vectorizat TSS·FG","id":82},"geometry":{"type":"Polygon","coordinates":[[[26.2909893,47.685171],[26.2909188,47.6853753],[26.2907216,47.6854141],[26.2905608,47.6854229],[26.2904182,47.6853473],[26.2903026,47.6851697],[26.2909893,47.685171]]]}},{"type":"Feature","properties":{"UTR":"F","utr":"F","DENUMIRE":"Institutii publice","denumire":"Institutii publice","POT":45,"CUT":1.5,"RH":"P+2-P+4","FUNCTIUNE":"Institutii publice","functiune":"Institutii publice","c":"#93C5FD","sursa":"PUG Suceava HCL 162/2017 - vectorizat TSS·FG","id":83},"geometry":{"type":"Polygon","coordinates":[[[26.291393,47.6839619],[26.2913906,47.6840069],[26.2909893,47.685171],[26.2903026,47.6851697],[26.2901355,47.6849127],[26.2899735,47.6845798],[26.2899264,47.6845669],[26.2904368,47.6843405],[26.2902846,47.6841542],[26.291078,47.683971],[26.291393,47.6839619]]]}},{"type":"Feature","properties":{"UTR":"L1B","utr":"L1B","DENUMIRE":"Locuinte individuale tip B","denumire":"Locuinte individuale tip B","POT":35,"CUT":1.1,"RH":"P+1-P+2","FUNCTIUNE":"Locuinte individuale tip B","functiune":"Locuinte individuale tip B","c":"#FCD34D","sursa":"PUG Suceava HCL 162/2017 - vectorizat TSS·FG","id":84},"geometry":{"type":"Polygon","coordinates":[[[26.291078,47.683971],[26.291078,47.683971],[26.2902846,47.6841542],[26.2904368,47.6843405],[26.2899264,47.6845669],[26.2897546,47.6845201],[26.2894255,47.6845238],[26.2886317,47.6844874],[26.2874849,47.684359],[26.2883142,47.6837096],[26.2885679,47.6838462],[26.2891952,47.6833742],[26.289941,47.6832122],[26.2899287,47.6831128],[26.2907385,47.6829333],[26.2907385,47.6829333],[26.2908074,47.683075],[26.2913796,47.6829522],[26.2914435,47.6830091],[26.2914518,47.6831176],[26.2907105,47.6832174],[26.291078,47.683971]]]}},{"type":"Feature","properties":{"UTR":"M3","utr":"M3","DENUMIRE":"Mixt dotari","denumire":"Mixt dotari","POT":60,"CUT":2.8,"RH":"P+4-P+5","FUNCTIUNE":"Mixt dotari","functiune":"Mixt dotari","c":"#FDA4AF","sursa":"PUG Suceava HCL 162/2017 - vectorizat TSS·FG","id":85},"geometry":{"type":"Polygon","coordinates":[[[26.2914518,47.6831176],[26.2914693,47.6833447],[26.291393,47.6839619],[26.291078,47.683971],[26.2907105,47.6832174],[26.2914518,47.6831176]]]}},{"type":"Feature","properties":{"UTR":"M3","utr":"M3","DENUMIRE":"Mixt dotari","denumire":"Mixt dotari","POT":60,"CUT":2.8,"RH":"P+4-P+5","FUNCTIUNE":"Mixt dotari","functiune":"Mixt dotari","c":"#FDA4AF","sursa":"PUG Suceava HCL 162/2017 - vectorizat TSS·FG","id":86},"geometry":{"type":"Polygon","coordinates":[[[26.2894252,47.6807192],[26.290039,47.6804845],[26.2908368,47.6811037],[26.2913796,47.6829522],[26.2908074,47.683075],[26.2907385,47.6829333],[26.2907385,47.6829333],[26.2902273,47.6819487],[26.2904708,47.6818865],[26.2902849,47.6815916],[26.290414,47.6815591],[26.2903118,47.6813595],[26.2901074,47.6810986],[26.289946,47.6811568],[26.289694,47.6808414],[26.2895606,47.6808902],[26.2894252,47.6807192]]]}},{"type":"Feature","properties":{"UTR":"L1B","utr":"L1B","DENUMIRE":"Locuinte individuale tip B","denumire":"Locuinte individuale tip B","POT":35,"CUT":1.1,"RH":"P+1-P+2","FUNCTIUNE":"Locuinte individuale tip B","functiune":"Locuinte individuale tip B","c":"#FCD34D","sursa":"PUG Suceava HCL 162/2017 - vectorizat TSS·FG","id":87},"geometry":{"type":"GeometryCollection","geometries":[{"type":"Polygon","coordinates":[[[26.2892335,47.6805656],[26.2894162,47.6806866],[26.2880993,47.6811648],[26.2879921,47.6812056],[26.2881253,47.681364],[26.2874749,47.6820441],[26.2874403,47.6820219],[26.2865356,47.6825808],[26.2859543,47.6821773],[26.285823,47.6822547],[26.2849601,47.6825779],[26.2839629,47.6819404],[26.2836852,47.6821141],[26.2832671,47.6818958],[26.2831973,47.6819499],[26.283688,47.6822048],[26.2845619,47.6827271],[26.284192,47.6828656],[26.2842358,47.6829143],[26.2839928,47.6831589],[26.283883,47.683266],[26.2806785,47.6861538],[26.2796788,47.6856383],[26.2799005,47.68531],[26.2808702,47.6828572],[26.2795905,47.6825233],[26.2788476,47.6821987],[26.2787076,47.6820491],[26.2786481,47.681782],[26.2790548,47.6806933],[26.2809759,47.6780919],[26.2809125,47.6779776],[26.2807976,47.6778852],[26.2794854,47.6779621],[26.2794357,47.6780562],[26.2790922,47.6780678],[26.2790594,47.6780214],[26.2783301,47.6780801],[26.2782882,47.6781979],[26.2767314,47.6784064],[26.2753838,47.6787389],[26.2752162,47.6786184],[26.2754789,47.6782863],[26.2749776,47.678113],[26.2747477,47.6783895],[26.2744357,47.6784246],[26.2734206,47.6747213],[26.273672,47.6746955],[26.2737106,47.6748486],[26.273856,47.674843],[26.2739059,47.6750435],[26.2743521,47.6749988],[26.2743801,47.6751317],[26.2746276,47.6751143],[26.2745814,47.6748574],[26.2748531,47.6748417],[26.2749328,47.6752284],[26.2751473,47.6752079],[26.2750847,47.6748247],[26.275302,47.6748159],[26.275313,47.6748682],[26.2755763,47.6748502],[26.2756352,47.674801],[26.2758575,47.674807],[26.2759038,47.6750119],[26.2761087,47.6749952],[26.2760923,47.6748701],[26.2761374,47.6748699],[26.2761218,47.674698],[26.2763368,47.6746883],[26.2764018,47.6750958],[26.2766015,47.6750883],[26.2765375,47.6747158],[26.2766928,47.6747106],[26.2767039,47.6747852],[26.2770401,47.674761],[26.2770628,47.6749347],[26.2772601,47.6749325],[26.2772703,47.6747576],[26.2774283,47.6747559],[26.2774331,47.6748074],[26.2776691,47.674797],[26.2776422,47.6745238],[26.2776185,47.6744597],[26.2776927,47.6744638],[26.2777401,47.6751379],[26.2779895,47.6751461],[26.2779923,47.6752222],[26.2782403,47.6752194],[26.2782343,47.6750374],[26.2790223,47.6750412],[26.2790236,47.6748074],[26.2793048,47.6748189],[26.279296,47.6749685],[26.2795809,47.6749678],[26.2795553,47.6751813],[26.279843,47.6751937],[26.2799287,47.6745098],[26.2799863,47.6745121],[26.2799322,47.6749179],[26.2801778,47.674939],[26.2802002,47.674781],[26.2803635,47.6747892],[26.2803393,47.6749303],[26.2811026,47.675016],[26.2810441,47.6752586],[26.2812919,47.6752919],[26.2813444,47.67511],[26.2815691,47.6751432],[26.2816137,47.6750026],[26.2818566,47.6750477],[26.2812817,47.676578],[26.2814867,47.6765968],[26.2818278,47.6757652],[26.2820212,47.6758107],[26.282267,47.6758627],[26.2822986,47.6757957],[26.2824921,47.6758497],[26.2827725,47.6753039],[26.282798,47.6752382],[26.2829833,47.6752518],[26.2831173,47.6752477],[26.2831292,47.6753396],[26.2832414,47.6754928],[26.2833918,47.6754233],[26.2836097,47.6754523],[26.2836159,47.6756209],[26.2841695,47.6760489],[26.2841222,47.6760871],[26.2845086,47.67641],[26.2851646,47.6770381],[26.2851347,47.6770706],[26.2847402,47.6772829],[26.2848505,47.6773671],[26.2859235,47.6779035],[26.2863874,47.6782177],[26.2868372,47.6787313],[26.2867103,47.6788263],[26.2872341,47.6789792],[26.2878552,47.6790959],[26.2883433,47.6792713],[26.2880999,47.6794742],[26.2882437,47.6795682],[26.2882682,47.6796245],[26.2884436,47.6797859],[26.288648,47.6796805],[26.2889962,47.6798932],[26.2888441,47.6800837],[26.2892335,47.6805656]],[[26.2813538,47.6800129],[26.2801243,47.6796484],[26.2796675,47.6802445],[26.2797126,47.6804002],[26.2808857,47.6807685],[26.2813538,47.6800129]],[[26.2817514,47.6771554],[26.2812213,47.6776377],[26.2818557,47.6779586],[26.2825692,47.6773795],[26.2821913,47.6771972],[26.2817514,47.6771554]]]},{"type":"LineString","coordinates":[[26.2747477,47.6783895],[26.2747477,47.6783896]]}]}},{"type":"Feature","properties":{"UTR":"M3","utr":"M3","DENUMIRE":"Mixt dotari","denumire":"Mixt dotari","POT":60,"CUT":2.8,"RH":"P+4-P+5","FUNCTIUNE":"Mixt dotari","functiune":"Mixt dotari","c":"#FDA4AF","sursa":"PUG Suceava HCL 162/2017 - vectorizat TSS·FG","id":88},"geometry":{"type":"Polygon","coordinates":[[[26.2920627,47.682407],[26.2915857,47.6824706],[26.2914412,47.6824646],[26.2909327,47.6810651],[26.2901257,47.6803962],[26.2896561,47.6800455],[26.2894704,47.6798143],[26.2888802,47.6789905],[26.2893991,47.6787304],[26.290147,47.679576],[26.290481,47.67992],[26.2914856,47.6805915],[26.2917763,47.6808255],[26.2913127,47.6810558],[26.2914044,47.6811587],[26.2914624,47.6811364],[26.2915497,47.6812291],[26.2917528,47.6815304],[26.2918585,47.681485],[26.2920457,47.6817259],[26.291965,47.6817494],[26.2920943,47.6819264],[26.2918349,47.6819837],[26.2919042,47.682125],[26.2920002,47.6821062],[26.2920212,47.6821783],[26.2920627,47.682407]]]}},{"type":"Feature","properties":{"UTR":"M3","utr":"M3","DENUMIRE":"Mixt dotari","denumire":"Mixt dotari","POT":60,"CUT":2.8,"RH":"P+4-P+5","FUNCTIUNE":"Mixt dotari","functiune":"Mixt dotari","c":"#FDA4AF","sursa":"PUG Suceava HCL 162/2017 - vectorizat TSS·FG","id":89},"geometry":{"type":"Polygon","coordinates":[[[26.291942,47.6808],[26.2915082,47.680449],[26.2909076,47.6800689],[26.2905027,47.6797935],[26.2895285,47.6787001],[26.2895183,47.6786411],[26.2900614,47.6783532],[26.2905165,47.6781391],[26.2907085,47.6780687],[26.2908217,47.6780716],[26.2908379,47.6780813],[26.2908379,47.6780813],[26.290956,47.6785384],[26.2910138,47.6787577],[26.2910558,47.679242],[26.2913109,47.6792603],[26.291378,47.6796471],[26.2915441,47.6796214],[26.2916158,47.6798248],[26.2915445,47.6801889],[26.2916722,47.6803879],[26.2918488,47.6803573],[26.2919714,47.6803502],[26.2919761,47.6803835],[26.2920928,47.6803736],[26.2921092,47.680466],[26.2920528,47.6804925],[26.292234,47.6806639],[26.291942,47.6808]]]}},{"type":"Feature","properties":{"UTR":"L1B","utr":"L1B","DENUMIRE":"Locuinte individuale tip B","denumire":"Locuinte individuale tip B","POT":35,"CUT":1.1,"RH":"P+1-P+2","FUNCTIUNE":"Locuinte individuale tip B","functiune":"Locuinte individuale tip B","c":"#FCD34D","sursa":"PUG Suceava HCL 162/2017 - vectorizat TSS·FG","id":90},"geometry":{"type":"Polygon","coordinates":[[[26.2917763,47.6808255],[26.2934828,47.6823372],[26.2928531,47.6823505],[26.2925044,47.6823552],[26.2920627,47.682407],[26.2920212,47.6821783],[26.2920002,47.6821062],[26.2919042,47.682125],[26.2918349,47.6819837],[26.2920943,47.6819264],[26.291965,47.6817494],[26.2920457,47.6817259],[26.2918585,47.681485],[26.2917528,47.6815304],[26.2915497,47.6812291],[26.2914624,47.6811364],[26.2914044,47.6811587],[26.2913127,47.6810558],[26.2917763,47.6808255]]]}},{"type":"Feature","properties":{"UTR":"L1C","utr":"L1C","DENUMIRE":"Locuinte individuale tip C","denumire":"Locuinte individuale tip C","POT":40,"CUT":1.3,"RH":"P+2","FUNCTIUNE":"Locuinte individuale tip C","functiune":"Locuinte individuale tip C","c":"#F59E0B","sursa":"PUG Suceava HCL 162/2017 - vectorizat TSS·FG","id":91},"geometry":{"type":"Polygon","coordinates":[[[26.302734,47.6880132],[26.3026616,47.6881527],[26.302709,47.6884717],[26.3025301,47.6888897],[26.3021675,47.6890739],[26.3020529,47.6891803],[26.3019118,47.6891487],[26.3018517,47.6891375],[26.3018815,47.6889383],[26.301748,47.688922],[26.3016509,47.688775],[26.3014264,47.6887566],[26.3013938,47.6890535],[26.3010305,47.6890394],[26.3010537,47.6888059],[26.2999338,47.6887035],[26.2999247,47.6884053],[26.30085,47.6884431],[26.3009122,47.6882787],[26.3009031,47.6879111],[26.300671,47.687904],[26.3006589,47.687807],[26.3008015,47.687809],[26.3008015,47.6877273],[26.3000385,47.6876987],[26.3000173,47.687472],[26.3002145,47.6874812],[26.3003965,47.687517],[26.3005087,47.6872212],[26.3004602,47.6871589],[26.3008743,47.6872202],[26.3008273,47.6870609],[26.3010139,47.6869006],[26.3011519,47.6868679],[26.3015463,47.6868587],[26.3015291,47.6867137],[26.3013501,47.6867123],[26.3012409,47.6866197],[26.3016029,47.6864734],[26.3015564,47.6862835],[26.3011772,47.6864012],[26.301025,47.6864019],[26.3007575,47.6863202],[26.3003328,47.6861078],[26.3002777,47.6862453],[26.2999561,47.6861269],[26.3000712,47.6859626],[26.3002251,47.6858171],[26.2997099,47.6858727],[26.2997058,47.6860697],[26.2994651,47.6860792],[26.2994732,47.685924],[26.2993054,47.6858845],[26.2990869,47.6861201],[26.2981869,47.6857143],[26.2984006,47.6854647],[26.2982287,47.6854035],[26.2984269,47.685236],[26.2980568,47.6850249],[26.2978586,47.6851475],[26.2976867,47.6850508],[26.297711,47.6850209],[26.297622,47.6849786],[26.2974925,47.6850699],[26.2974299,47.6850426],[26.2972741,47.6851352],[26.2969991,47.6849582],[26.2974096,47.6846237],[26.2971642,47.6844776],[26.2974986,47.6841617],[26.2976811,47.6839694],[26.2974946,47.6839357],[26.2973308,47.6838009],[26.2972109,47.6837733],[26.2970911,47.6836549],[26.2970332,47.6835307],[26.2972033,47.6832209],[26.2976963,47.6833419],[26.2977517,47.6832673],[26.2981059,47.6833766],[26.2978981,47.6835527],[26.2982454,47.6837539],[26.298118,47.6839776],[26.2988613,47.6841093],[26.2990196,47.6842016],[26.2997431,47.6837696],[26.2993982,47.6833985],[26.2991358,47.6834598],[26.299107,47.6833352],[26.2990175,47.6833434],[26.2989735,47.6832137],[26.299154,47.6831912],[26.2997274,47.6829431],[26.3002108,47.682683],[26.3003786,47.6828839],[26.3005111,47.6828471],[26.3009358,47.6834939],[26.3008762,47.6835398],[26.3011834,47.6837811],[26.3010298,47.6838454],[26.3011731,47.6840224],[26.3008489,47.6841257],[26.3010639,47.6843808],[26.3013267,47.6845049],[26.3018207,47.6842512],[26.3020161,47.6847806],[26.3020161,47.6847806],[26.3020161,47.6847806],[26.3021582,47.6849589],[26.302319,47.6851121],[26.3012936,47.6857513],[26.3017243,47.6860413],[26.3022947,47.6857472],[26.3026423,47.6860423],[26.3027877,47.6859996],[26.3030228,47.6862088],[26.303028,47.6866049],[26.3028421,47.6866348],[26.3028747,47.6869129],[26.3028019,47.6869601],[26.3027133,47.6870951],[26.3022219,47.6871115],[26.302319,47.6873606],[26.3025435,47.6874015],[26.3025252,47.6876792],[26.3023918,47.6876547],[26.302416,47.6879692],[26.302734,47.6880132]]]}},{"type":"Feature","properties":{"UTR":"L1B","utr":"L1B","DENUMIRE":"Locuinte individuale tip B","denumire":"Locuinte individuale tip B","POT":35,"CUT":1.1,"RH":"P+1-P+2","FUNCTIUNE":"Locuinte individuale tip B","functiune":"Locuinte individuale tip B","c":"#FCD34D","sursa":"PUG Suceava HCL 162/2017 - vectorizat TSS·FG","id":92},"geometry":{"type":"Polygon","coordinates":[[[26.3018517,47.6891375],[26.3014007,47.6890537],[26.3013938,47.6890535],[26.3014264,47.6887566],[26.3016509,47.688775],[26.301748,47.688922],[26.3018815,47.6889383],[26.3018517,47.6891375]]]}},{"type":"Feature","properties":{"UTR":"L1B","utr":"L1B","DENUMIRE":"Locuinte individuale tip B","denumire":"Locuinte individuale tip B","POT":35,"CUT":1.1,"RH":"P+1-P+2","FUNCTIUNE":"Locuinte individuale tip B","functiune":"Locuinte individuale tip B","c":"#FCD34D","sursa":"PUG Suceava HCL 162/2017 - vectorizat TSS·FG","id":93},"geometry":{"type":"Polygon","coordinates":[[[26.3020161,47.6847806],[26.3031953,47.6843109],[26.3032161,47.6843289],[26.3035041,47.6845658],[26.3038453,47.6855134],[26.3036889,47.6868678],[26.3034389,47.6872546],[26.3028891,47.687714],[26.302734,47.6880132],[26.302416,47.6879692],[26.3023918,47.6876547],[26.3025252,47.6876792],[26.3025435,47.6874015],[26.302319,47.6873606],[26.3022219,47.6871115],[26.3027133,47.6870951],[26.3028019,47.6869601],[26.3028747,47.6869129],[26.3028421,47.6866348],[26.303028,47.6866049],[26.3030228,47.6862088],[26.3027877,47.6859996],[26.3026423,47.6860423],[26.3022947,47.6857472],[26.3017243,47.6860413],[26.3012936,47.6857513],[26.302319,47.6851121],[26.3021582,47.6849589],[26.3020161,47.6847806],[26.3020161,47.6847806]]]}},{"type":"Feature","properties":{"UTR":"M2","utr":"M2","DENUMIRE":"Mixt comercial","denumire":"Mixt comercial","POT":65,"CUT":3.0,"RH":"P+5-P+6","FUNCTIUNE":"Mixt comercial","functiune":"Mixt comercial","c":"#F87171","sursa":"PUG Suceava HCL 162/2017 - vectorizat TSS·FG","id":94},"geometry":{"type":"Polygon","coordinates":[[[26.2820103,47.6737503],[26.2821927,47.6738534],[26.2830069,47.6744233],[26.2836195,47.6748792],[26.2835899,47.674928],[26.2829182,47.6747634],[26.2810938,47.6743907],[26.2807826,47.6743856],[26.2808319,47.6737737],[26.2804665,47.6736742],[26.2804665,47.6736742],[26.2805415,47.6736288],[26.2806393,47.6736848],[26.2810844,47.6733644],[26.2811164,47.6732456],[26.2813571,47.6733811],[26.2814742,47.6734473],[26.2809624,47.6738942],[26.2815254,47.6741451],[26.2816621,47.6740946],[26.2818632,47.6739267],[26.281839,47.673905],[26.2820103,47.6737503]]]}},{"type":"Feature","properties":{"UTR":"C2A","utr":"C2A","DENUMIRE":"Comercial tip A","denumire":"Comercial tip A","POT":60,"CUT":2.4,"RH":"P+3-P+5","FUNCTIUNE":"Comercial tip A","functiune":"Comercial tip A","c":"#FDBA74","sursa":"PUG Suceava HCL 162/2017 - vectorizat TSS·FG","id":95},"geometry":{"type":"Polygon","coordinates":[[[26.2814742,47.6734473],[26.2820103,47.6737503],[26.281839,47.673905],[26.2818632,47.6739267],[26.2816621,47.6740946],[26.2815254,47.6741451],[26.2809624,47.6738942],[26.2814742,47.6734473]]]}},{"type":"Feature","properties":{"UTR":"L1C","utr":"L1C","DENUMIRE":"Locuinte individuale tip C","denumire":"Locuinte individuale tip C","POT":40,"CUT":1.3,"RH":"P+2","FUNCTIUNE":"Locuinte individuale tip C","functiune":"Locuinte individuale tip C","c":"#F59E0B","sursa":"PUG Suceava HCL 162/2017 - vectorizat TSS·FG","id":96},"geometry":{"type":"Polygon","coordinates":[[[26.2954141,47.6901731],[26.2953001,47.6902374],[26.2948793,47.690011],[26.2946444,47.6902932],[26.2941511,47.6901614],[26.2940787,47.6902517],[26.2946069,47.6904033],[26.2945238,47.6904646],[26.294371,47.6904357],[26.2942654,47.690699],[26.294311,47.6907188],[26.2942386,47.6908506],[26.2941876,47.6908424],[26.2941233,47.6909579],[26.294132,47.6909836],[26.2939457,47.6911693],[26.2942959,47.6913452],[26.2941716,47.6914587],[26.2939903,47.6915455],[26.2939313,47.6915076],[26.2937651,47.6915852],[26.2939018,47.6916953],[26.2937289,47.6918072],[26.2937912,47.6918501],[26.2937135,47.6919132],[26.2937751,47.691971],[26.2937014,47.6920197],[26.2935989,47.6919516],[26.2934876,47.6920003],[26.293304,47.6918288],[26.2928831,47.6919696],[26.2926797,47.6916635],[26.2925897,47.6916861],[26.292106,47.6918079],[26.2922807,47.692124],[26.2915582,47.6923171],[26.2913625,47.6920076],[26.2916375,47.6919173],[26.2915581,47.6918045],[26.2916693,47.691754],[26.2915484,47.6916527],[26.2911231,47.6919308],[26.290855,47.6917251],[26.2911301,47.6915697],[26.290977,47.691486],[26.2908242,47.6913931],[26.2906888,47.6911955],[26.2907773,47.6911567],[26.2907183,47.6910872],[26.2906958,47.6909119],[26.290787,47.6908731],[26.2907307,47.6907682],[26.2905581,47.6908201],[26.2903969,47.6905199],[26.2904077,47.6904323],[26.2905531,47.6904314],[26.2908748,47.6903746],[26.290781,47.6901662],[26.2907327,47.6901608],[26.2907206,47.6900177],[26.2919388,47.6899347],[26.2919371,47.6898359],[26.2916,47.6898328],[26.2915919,47.6897083],[26.2908654,47.6896713],[26.2908654,47.6896081],[26.2907568,47.6895991],[26.2907729,47.6895152],[26.2910075,47.6895278],[26.2910584,47.6893834],[26.2908245,47.6893212],[26.2911094,47.6887265],[26.2910705,47.6887013],[26.2911777,47.6885325],[26.2910973,47.6884937],[26.2912139,47.6883404],[26.2911683,47.6883187],[26.2912635,47.6881554],[26.2912166,47.6881157],[26.2912876,47.6878495],[26.2913909,47.6878657],[26.2914083,47.6880272],[26.2914525,47.6880697],[26.2915678,47.688113],[26.2915799,47.6877069],[26.2920772,47.6877511],[26.2926173,47.6878319],[26.2924672,47.6883178],[26.2926066,47.6883584],[26.2925503,47.6884992],[26.2926924,47.6885298],[26.2926421,47.6886643],[26.2929518,47.6887333],[26.2927547,47.6891768],[26.2942882,47.6895016],[26.2941702,47.6897398],[26.294516,47.6898247],[26.2954141,47.6901731]]]}},{"type":"Feature","properties":{"UTR":"L1B","utr":"L1B","DENUMIRE":"Locuinte individuale tip B","denumire":"Locuinte individuale tip B","POT":35,"CUT":1.1,"RH":"P+1-P+2","FUNCTIUNE":"Locuinte individuale tip B","functiune":"Locuinte individuale tip B","c":"#FCD34D","sursa":"PUG Suceava HCL 162/2017 - vectorizat TSS·FG","id":97},"geometry":{"type":"Polygon","coordinates":[[[26.2953001,47.6902374],[26.2950633,47.690371],[26.294944,47.6904839],[26.2947941,47.6907007],[26.2947083,47.6909645],[26.2946859,47.6913377],[26.2947009,47.6915371],[26.2944812,47.6918217],[26.2933353,47.6925023],[26.2932292,47.6925387],[26.2928831,47.6919696],[26.293304,47.6918288],[26.2934876,47.6920003],[26.2935989,47.6919516],[26.2937014,47.6920197],[26.2937751,47.691971],[26.2937135,47.6919132],[26.2937912,47.6918501],[26.2937289,47.6918072],[26.2939018,47.6916953],[26.2937651,47.6915852],[26.2939313,47.6915076],[26.2939903,47.6915455],[26.2941716,47.6914587],[26.2942959,47.6913452],[26.2939457,47.6911693],[26.294132,47.6909836],[26.2941233,47.6909579],[26.2941876,47.6908424],[26.2942386,47.6908506],[26.294311,47.6907188],[26.2942654,47.690699],[26.294371,47.6904357],[26.2945238,47.6904646],[26.2946069,47.6904033],[26.2940787,47.6902517],[26.2941511,47.6901614],[26.2946444,47.6902932],[26.2948793,47.690011],[26.2953001,47.6902374]]]}},{"type":"Feature","properties":{"UTR":"L1B","utr":"L1B","DENUMIRE":"Locuinte individuale tip B","denumire":"Locuinte individuale tip B","POT":35,"CUT":1.1,"RH":"P+1-P+2","FUNCTIUNE":"Locuinte individuale tip B","functiune":"Locuinte individuale tip B","c":"#FCD34D","sursa":"PUG Suceava HCL 162/2017 - vectorizat TSS·FG","id":98},"geometry":{"type":"Polygon","coordinates":[[[26.2931702,47.692559],[26.2915029,47.6931324],[26.2907309,47.692365],[26.2903924,47.6918604],[26.2901936,47.6909814],[26.2901868,47.689748],[26.2908451,47.6881129],[26.2908377,47.6876499],[26.2908433,47.6873322],[26.2917487,47.6873534],[26.2933157,47.6876449],[26.2931848,47.6880204],[26.2928915,47.6884263],[26.2930014,47.6885824],[26.2947647,47.6891265],[26.294892,47.6892655],[26.2950877,47.689715],[26.2955043,47.6900766],[26.2955116,47.6901181],[26.2954141,47.6901731],[26.294516,47.6898247],[26.2941702,47.6897398],[26.2942882,47.6895016],[26.2927547,47.6891768],[26.2929518,47.6887333],[26.2926421,47.6886643],[26.2926924,47.6885298],[26.2925503,47.6884992],[26.2926066,47.6883584],[26.2924672,47.6883178],[26.2926173,47.6878319],[26.2920772,47.6877511],[26.2915799,47.6877069],[26.2915678,47.688113],[26.2914525,47.6880697],[26.2914083,47.6880272],[26.2913909,47.6878657],[26.2912876,47.6878495],[26.2912166,47.6881157],[26.2912635,47.6881554],[26.2911683,47.6883187],[26.2912139,47.6883404],[26.2910973,47.6884937],[26.2911777,47.6885325],[26.2910705,47.6887013],[26.2911094,47.6887265],[26.2908245,47.6893212],[26.2910584,47.6893834],[26.2910075,47.6895278],[26.2907729,47.6895152],[26.2907568,47.6895991],[26.2908654,47.6896081],[26.2908654,47.6896713],[26.2915919,47.6897083],[26.2916,47.6898328],[26.2919371,47.6898359],[26.2919388,47.6899347],[26.2907206,47.6900177],[26.2907327,47.6901608],[26.290781,47.6901662],[26.2908748,47.6903746],[26.2905531,47.6904314],[26.2904077,47.6904323],[26.2903969,47.6905199],[26.2905581,47.6908201],[26.2907307,47.6907682],[26.290787,47.6908731],[26.2906958,47.6909119],[26.2907183,47.6910872],[26.2907773,47.6911567],[26.2906888,47.6911955],[26.2908242,47.6913931],[26.290977,47.691486],[26.2911301,47.6915697],[26.290855,47.6917251],[26.2911231,47.6919308],[26.2915484,47.6916527],[26.2916693,47.691754],[26.2915581,47.6918045],[26.2916375,47.6919173],[26.2913625,47.6920076],[26.2915582,47.6923171],[26.2922807,47.692124],[26.292106,47.6918079],[26.2925897,47.6916861],[26.2926889,47.6918344],[26.292709,47.6918267],[26.2930877,47.6924019],[26.2930877,47.6924479],[26.2931702,47.692559]]]}},{"type":"Feature","properties":{"UTR":"L1B","utr":"L1B","DENUMIRE":"Locuinte individuale tip B","denumire":"Locuinte individuale tip B","POT":35,"CUT":1.1,"RH":"P+1-P+2","FUNCTIUNE":"Locuinte individuale tip B","functiune":"Locuinte individuale tip B","c":"#FCD34D","sursa":"PUG Suceava HCL 162/2017 - vectorizat TSS·FG","id":99},"geometry":{"type":"Polygon","coordinates":[[[26.2933122,47.6875764],[26.2919096,47.6872948],[26.2908413,47.687228],[26.2908887,47.6863925],[26.2909782,47.6857469],[26.2914356,47.6857961],[26.2913887,47.6861006],[26.2915241,47.6861087],[26.2914946,47.6862676],[26.2913351,47.686264],[26.2912952,47.6864243],[26.2913826,47.6864275],[26.2913069,47.6868175],[26.2911943,47.6868081],[26.2911581,47.686938],[26.2913123,47.6869543],[26.2912962,47.687063],[26.2916943,47.6870977],[26.2920535,47.6870905],[26.2923565,47.6870129],[26.2926313,47.6870161],[26.2925616,47.6872723],[26.2927237,47.6872935],[26.2927613,47.6871916],[26.292894,47.6872015],[26.2929114,47.6871835],[26.2932927,47.6872493],[26.2934194,47.6867309],[26.2937907,47.6867625],[26.2938644,47.6865703],[26.2942438,47.6862373],[26.2946902,47.6858935],[26.294851,47.6858322],[26.2950668,47.6858638],[26.2953925,47.6862437],[26.2954931,47.6866299],[26.2953979,47.686758],[26.2952478,47.6868527],[26.2950507,47.6869132],[26.2943859,47.6870201],[26.2938242,47.6869768],[26.2936165,47.6873544],[26.2934891,47.6874907],[26.2933122,47.6875764]]]}},{"type":"Feature","properties":{"UTR":"M3","utr":"M3","DENUMIRE":"Mixt dotari","denumire":"Mixt dotari","POT":60,"CUT":2.8,"RH":"P+4-P+5","FUNCTIUNE":"Mixt dotari","functiune":"Mixt dotari","c":"#FDA4AF","sursa":"PUG Suceava HCL 162/2017 - vectorizat TSS·FG","id":100},"geometry":{"type":"Polygon","coordinates":[[[26.2914356,47.6857961],[26.2914356,47.6857961],[26.2909782,47.6857469],[26.2910623,47.6853986],[26.2910803,47.6853179],[26.2915715,47.6839515],[26.2916315,47.6830479],[26.2916315,47.6830479],[26.291887,47.6830303],[26.2920291,47.6831277],[26.2922234,47.6831674],[26.2921966,47.683273],[26.2919792,47.6832433],[26.29195,47.6834436],[26.2922384,47.6834718],[26.2921645,47.6837756],[26.2924527,47.6838172],[26.2924349,47.6839815],[26.292676,47.6841087],[26.2925497,47.6843609],[26.2918445,47.6842356],[26.2918066,47.684382],[26.2928186,47.6846004],[26.2927435,47.6846871],[26.2924433,47.6846582],[26.2923092,47.6847322],[26.2919098,47.6846943],[26.2918682,47.6848576],[26.2915666,47.6848278],[26.2914849,47.6850092],[26.2917932,47.6850471],[26.2917677,47.68515],[26.291694,47.6851473],[26.2916444,47.6852664],[26.2918923,47.6852781],[26.291887,47.6853756],[26.2921752,47.6853828],[26.2921276,47.6855042],[26.2914942,47.6854667],[26.2914514,47.6856075],[26.2916283,47.6856291],[26.2915532,47.685806],[26.2914356,47.6857961],[26.2914356,47.6857961]]]}},{"type":"Feature","properties":{"UTR":"M3","utr":"M3","DENUMIRE":"Mixt dotari","denumire":"Mixt dotari","POT":60,"CUT":2.8,"RH":"P+4-P+5","FUNCTIUNE":"Mixt dotari","functiune":"Mixt dotari","c":"#FDA4AF","sursa":"PUG Suceava HCL 162/2017 - vectorizat TSS·FG","id":101},"geometry":{"type":"Polygon","coordinates":[[[26.2916193,47.6830119],[26.2914701,47.6825528],[26.2915807,47.6825344],[26.2916476,47.6825135],[26.2918928,47.6824788],[26.2919218,47.6828823],[26.2920103,47.6828841],[26.292009,47.6829752],[26.2916193,47.6830119]]]}},{"type":"Feature","properties":{"UTR":"L1B","utr":"L1B","DENUMIRE":"Locuinte individuale tip B","denumire":"Locuinte individuale tip B","POT":35,"CUT":1.1,"RH":"P+1-P+2","FUNCTIUNE":"Locuinte individuale tip B","functiune":"Locuinte individuale tip B","c":"#FCD34D","sursa":"PUG Suceava HCL 162/2017 - vectorizat TSS·FG","id":102},"geometry":{"type":"Polygon","coordinates":[[[26.2966617,47.6879138],[26.2970436,47.688412],[26.2976133,47.6887025],[26.2980342,47.6888252],[26.2984443,47.6888667],[26.2966256,47.6894379],[26.2959465,47.6899259],[26.2956216,47.6900509],[26.2951846,47.6896774],[26.2949691,47.6892384],[26.294878,47.6891134],[26.2930087,47.688498],[26.2929967,47.6884024],[26.2932545,47.6880294],[26.293443,47.6876142],[26.2934978,47.6875706],[26.293656,47.6874099],[26.293914,47.6870535],[26.2944314,47.6870689],[26.2950869,47.686961],[26.2954408,47.6868527],[26.2956174,47.6868618],[26.2961522,47.6871812],[26.2966569,47.6879071],[26.2965744,47.6880172],[26.296297,47.6879554],[26.2963077,47.6877334],[26.2960074,47.6876739],[26.296104,47.6875006],[26.2956536,47.6873581],[26.2957065,47.6872353],[26.2954264,47.6871189],[26.2954022,47.6871604],[26.2950712,47.6871072],[26.2949693,47.6873941],[26.2944921,47.6873535],[26.2943272,47.6873932],[26.2940735,47.6872784],[26.293973,47.6874187],[26.2941298,47.6874945],[26.2940776,47.6875748],[26.2942207,47.6876509],[26.2939526,47.6880014],[26.2937743,47.6880587],[26.2938902,47.6880831],[26.2937743,47.6881968],[26.293836,47.6883655],[26.2944177,47.6884986],[26.2945605,47.6882396],[26.2949358,47.688329],[26.2947374,47.6887531],[26.2951529,47.6889083],[26.2951261,47.6889543],[26.2954089,47.689118],[26.2956187,47.6885139],[26.2956643,47.6885094],[26.2958439,47.6882748],[26.2963506,47.6883709],[26.2965818,47.6880217],[26.2966617,47.6879138]]]}},{"type":"Feature","properties":{"UTR":"L1C","utr":"L1C","DENUMIRE":"Locuinte individuale tip C","denumire":"Locuinte individuale tip C","POT":40,"CUT":1.3,"RH":"P+2","FUNCTIUNE":"Locuinte individuale tip C","functiune":"Locuinte individuale tip C","c":"#F59E0B","sursa":"PUG Suceava HCL 162/2017 - vectorizat TSS·FG","id":103},"geometry":{"type":"Polygon","coordinates":[[[26.2966569,47.6879071],[26.2966617,47.6879138],[26.2965818,47.6880217],[26.2963506,47.6883709],[26.2958439,47.6882748],[26.2956643,47.6885094],[26.2956187,47.6885139],[26.2954089,47.689118],[26.2951261,47.6889543],[26.2951529,47.6889083],[26.2947374,47.6887531],[26.2949358,47.688329],[26.2945605,47.6882396],[26.2944177,47.6884986],[26.293836,47.6883655],[26.2937743,47.6881968],[26.2938902,47.6880831],[26.2937743,47.6880587],[26.2939526,47.6880014],[26.2942207,47.6876509],[26.2940776,47.6875748],[26.2941298,47.6874945],[26.293973,47.6874187],[26.2940735,47.6872784],[26.2943272,47.6873932],[26.2944921,47.6873535],[26.2949693,47.6873941],[26.2950712,47.6871072],[26.2954022,47.6871604],[26.2954264,47.6871189],[26.2957065,47.6872353],[26.2956536,47.6873581],[26.296104,47.6875006],[26.2960074,47.6876739],[26.2963077,47.6877334],[26.296297,47.6879554],[26.2965744,47.6880172],[26.2966569,47.6879071]]]}},{"type":"Feature","properties":{"UTR":"L1B","utr":"L1B","DENUMIRE":"Locuinte individuale tip B","denumire":"Locuinte individuale tip B","POT":35,"CUT":1.1,"RH":"P+1-P+2","FUNCTIUNE":"Locuinte individuale tip B","functiune":"Locuinte individuale tip B","c":"#FCD34D","sursa":"PUG Suceava HCL 162/2017 - vectorizat TSS·FG","id":104},"geometry":{"type":"Polygon","coordinates":[[[26.2957879,47.6868363],[26.2957064,47.6867712],[26.2961314,47.686716],[26.296118,47.686009],[26.2955839,47.6859405],[26.29573,47.6856986],[26.2958761,47.6857338],[26.2961093,47.6854288],[26.2967661,47.6857356],[26.2969323,47.6857862],[26.296876,47.6858818],[26.2971736,47.6859838],[26.2970825,47.6861444],[26.2972339,47.6861913],[26.2973787,47.6859757],[26.2976816,47.6861119],[26.2976052,47.6861868],[26.2979135,47.6863637],[26.2978693,47.6864052],[26.298195,47.6866596],[26.2981756,47.6866781],[26.2986092,47.6870887],[26.2982272,47.6872886],[26.2983867,47.6874681],[26.2986883,47.6873409],[26.2989745,47.6880064],[26.2988578,47.6880028],[26.2988364,47.6880614],[26.2989235,47.6882446],[26.2986957,47.6883267],[26.2985898,47.6882284],[26.2981394,47.6884016],[26.2977801,47.6880966],[26.2977104,47.6881223],[26.2974973,47.6878972],[26.2972158,47.6877384],[26.2970536,47.6875778],[26.2971314,47.6875561],[26.2965336,47.6870237],[26.2965939,47.686984],[26.2963801,47.6867594],[26.2957879,47.6868363]]]}},{"type":"Feature","properties":{"UTR":"G1","utr":"G1","DENUMIRE":"Gospodarire comunala tip 1","denumire":"Gospodarire comunala tip 1","POT":55,"CUT":2.0,"RH":"P+2-P+3","FUNCTIUNE":"Gospodarire comunala tip 1","functiune":"Gospodarire comunala tip 1","c":"#60A5FA","sursa":"PUG Suceava HCL 162/2017 - vectorizat TSS·FG","id":105},"geometry":{"type":"Polygon","coordinates":[[[26.2987321,47.6748402],[26.2987321,47.6748402],[26.2971728,47.6754362],[26.2969491,47.6754165],[26.2968838,47.6753391],[26.2961065,47.6743173],[26.2960457,47.6742666],[26.2960651,47.6741559],[26.2961043,47.6740774],[26.2977477,47.673147],[26.2983941,47.6742404],[26.2988177,47.6747314],[26.298697,47.6747766],[26.2987321,47.6748402],[26.2987321,47.6748402]]]}},{"type":"Feature","properties":{"UTR":"G2","utr":"G2","DENUMIRE":"Gospodarire comunala tip 2","denumire":"Gospodarire comunala tip 2","POT":55,"CUT":2.0,"RH":"P+2-P+3","FUNCTIUNE":"Gospodarire comunala tip 2","functiune":"Gospodarire comunala tip 2","c":"#3B82F6","sursa":"PUG Suceava HCL 162/2017 - vectorizat TSS·FG","id":106},"geometry":{"type":"Polygon","coordinates":[[[26.2961065,47.6743173],[26.2968838,47.6753391],[26.2962002,47.675574],[26.2960617,47.6754009],[26.2956467,47.6753694],[26.2951167,47.6755563],[26.2945719,47.6748493],[26.2961065,47.6743173]]]}},{"type":"Feature","properties":{"UTR":"V4","utr":"V4","DENUMIRE":"Spatii verzi rezidential","denumire":"Spatii verzi rezidential","POT":3,"CUT":0.03,"RH":"-","FUNCTIUNE":"Spatii verzi rezidential","functiune":"Spatii verzi rezidential","c":"#86EFAC","sursa":"PUG Suceava HCL 162/2017 - vectorizat TSS·FG","id":107},"geometry":{"type":"Polygon","coordinates":[[[26.2950015,47.6779372],[26.2951657,47.6781746],[26.2950537,47.6785195],[26.2948952,47.678732],[26.2945132,47.6787718],[26.294098,47.6786441],[26.2938987,47.6784909],[26.2937377,47.6785678],[26.293659,47.678588],[26.2935944,47.6784025],[26.2934885,47.6783005],[26.2932376,47.6782523],[26.2932194,47.6779544],[26.2931175,47.6778605],[26.2933306,47.677715],[26.293533,47.677854],[26.2938882,47.6778197],[26.2940478,47.6778984],[26.2946402,47.6779923],[26.2950048,47.6779219],[26.2950015,47.6779372]]]}},{"type":"Feature","properties":{"UTR":"G2","utr":"G2","DENUMIRE":"Gospodarire comunala tip 2","denumire":"Gospodarire comunala tip 2","POT":55,"CUT":2.0,"RH":"P+2-P+3","FUNCTIUNE":"Gospodarire comunala tip 2","functiune":"Gospodarire comunala tip 2","c":"#3B82F6","sursa":"PUG Suceava HCL 162/2017 - vectorizat TSS·FG","id":108},"geometry":{"type":"Polygon","coordinates":[[[26.2753838,47.6787389],[26.2753838,47.6787389],[26.2752164,47.6788686],[26.2745301,47.6786375],[26.2747477,47.6783896],[26.2747477,47.6783895],[26.2749776,47.678113],[26.2754789,47.6782863],[26.2752162,47.6786184],[26.2753838,47.6787389]]]}},{"type":"Feature","properties":{"UTR":"M2","utr":"M2","DENUMIRE":"Mixt comercial","denumire":"Mixt comercial","POT":65,"CUT":3.0,"RH":"P+5-P+6","FUNCTIUNE":"Mixt comercial","functiune":"Mixt comercial","c":"#F87171","sursa":"PUG Suceava HCL 162/2017 - vectorizat TSS·FG","id":109},"geometry":{"type":"Polygon","coordinates":[[[26.2734206,47.6747213],[26.2733441,47.6743825],[26.2766336,47.6744468],[26.2776185,47.6744597],[26.2776185,47.6744597],[26.2776185,47.6744597],[26.2776422,47.6745238],[26.2776691,47.674797],[26.2774331,47.6748074],[26.2774283,47.6747559],[26.2772703,47.6747576],[26.2772601,47.6749325],[26.2770628,47.6749347],[26.2770401,47.674761],[26.2767039,47.6747852],[26.2766928,47.6747106],[26.2765375,47.6747158],[26.2766015,47.6750883],[26.2764018,47.6750958],[26.2763368,47.6746883],[26.2761218,47.674698],[26.2761374,47.6748699],[26.2760923,47.6748701],[26.2761087,47.6749952],[26.2759038,47.6750119],[26.2758575,47.674807],[26.2756352,47.674801],[26.2755763,47.6748502],[26.275313,47.6748682],[26.275302,47.6748159],[26.2750847,47.6748247],[26.2751473,47.6752079],[26.2749328,47.6752284],[26.2748531,47.6748417],[26.2745814,47.6748574],[26.2746276,47.6751143],[26.2743801,47.6751317],[26.2743521,47.6749988],[26.2739059,47.6750435],[26.273856,47.674843],[26.2737106,47.6748486],[26.273672,47.6746955],[26.2734206,47.6747213]]]}},{"type":"Feature","properties":{"UTR":"M2","utr":"M2","DENUMIRE":"Mixt comercial","denumire":"Mixt comercial","POT":65,"CUT":3.0,"RH":"P+5-P+6","FUNCTIUNE":"Mixt comercial","functiune":"Mixt comercial","c":"#F87171","sursa":"PUG Suceava HCL 162/2017 - vectorizat TSS·FG","id":110},"geometry":{"type":"Polygon","coordinates":[[[26.2776927,47.6744638],[26.2799287,47.6745098],[26.279843,47.6751937],[26.2795553,47.6751813],[26.2795809,47.6749678],[26.279296,47.6749685],[26.2793048,47.6748189],[26.2790236,47.6748074],[26.2790223,47.6750412],[26.2782343,47.6750374],[26.2782403,47.6752194],[26.2779923,47.6752222],[26.2779895,47.6751461],[26.2777401,47.6751379],[26.2776927,47.6744638]]]}},{"type":"Feature","properties":{"UTR":"M2","utr":"M2","DENUMIRE":"Mixt comercial","denumire":"Mixt comercial","POT":65,"CUT":3.0,"RH":"P+5-P+6","FUNCTIUNE":"Mixt comercial","functiune":"Mixt comercial","c":"#F87171","sursa":"PUG Suceava HCL 162/2017 - vectorizat TSS·FG","id":111},"geometry":{"type":"Polygon","coordinates":[[[26.2799863,47.6745121],[26.2808867,47.6745157],[26.2812778,47.6745679],[26.2829593,47.6749048],[26.282798,47.6752382],[26.2827725,47.6753039],[26.2824921,47.6758497],[26.2822986,47.6757957],[26.282267,47.6758627],[26.2820212,47.6758107],[26.2818278,47.6757652],[26.2814867,47.6765968],[26.2812817,47.676578],[26.2818566,47.6750477],[26.2816137,47.6750026],[26.2815691,47.6751432],[26.2813444,47.67511],[26.2812919,47.6752919],[26.2810441,47.6752586],[26.2811026,47.675016],[26.2803393,47.6749303],[26.2803635,47.6747892],[26.2802002,47.674781],[26.2801778,47.674939],[26.2799322,47.6749179],[26.2799863,47.6745121]]]}},{"type":"Feature","properties":{"UTR":"G1","utr":"G1","DENUMIRE":"Gospodarire comunala tip 1","denumire":"Gospodarire comunala tip 1","POT":55,"CUT":2.0,"RH":"P+2-P+3","FUNCTIUNE":"Gospodarire comunala tip 1","functiune":"Gospodarire comunala tip 1","c":"#60A5FA","sursa":"PUG Suceava HCL 162/2017 - vectorizat TSS·FG","id":112},"geometry":{"type":"Polygon","coordinates":[[[26.2849601,47.6825779],[26.2845619,47.6827271],[26.283688,47.6822048],[26.2831973,47.6819499],[26.2832671,47.6818958],[26.2836852,47.6821141],[26.2839629,47.6819404],[26.2849601,47.6825779]]]}},{"type":"Feature","properties":{"UTR":"G2","utr":"G2","DENUMIRE":"Gospodarire comunala tip 2","denumire":"Gospodarire comunala tip 2","POT":55,"CUT":2.0,"RH":"P+2-P+3","FUNCTIUNE":"Gospodarire comunala tip 2","functiune":"Gospodarire comunala tip 2","c":"#3B82F6","sursa":"PUG Suceava HCL 162/2017 - vectorizat TSS·FG","id":113},"geometry":{"type":"Polygon","coordinates":[[[26.2801243,47.6796484],[26.2813538,47.6800129],[26.2808857,47.6807685],[26.2797126,47.6804002],[26.2796675,47.6802445],[26.2801243,47.6796484]]]}},{"type":"Feature","properties":{"UTR":"G2","utr":"G2","DENUMIRE":"Gospodarire comunala tip 2","denumire":"Gospodarire comunala tip 2","POT":55,"CUT":2.0,"RH":"P+2-P+3","FUNCTIUNE":"Gospodarire comunala tip 2","functiune":"Gospodarire comunala tip 2","c":"#3B82F6","sursa":"PUG Suceava HCL 162/2017 - vectorizat TSS·FG","id":114},"geometry":{"type":"Polygon","coordinates":[[[26.2812213,47.6776377],[26.2817514,47.6771554],[26.2821913,47.6771972],[26.2825692,47.6773795],[26.2818557,47.6779586],[26.2812213,47.6776377]]]}},{"type":"Feature","properties":{"UTR":"L1C","utr":"L1C","DENUMIRE":"Locuinte individuale tip C","denumire":"Locuinte individuale tip C","POT":40,"CUT":1.3,"RH":"P+2","FUNCTIUNE":"Locuinte individuale tip C","functiune":"Locuinte individuale tip C","c":"#F59E0B","sursa":"PUG Suceava HCL 162/2017 - vectorizat TSS·FG","id":115},"geometry":{"type":"Polygon","coordinates":[[[26.2843369,47.6752066],[26.2865533,47.6758735],[26.2867275,47.6759457],[26.2870573,47.676137],[26.2887777,47.6774777],[26.2893991,47.6785616],[26.2893165,47.6786645],[26.2888351,47.6789108],[26.2883638,47.6785048],[26.2878566,47.6781133],[26.2864099,47.6770899],[26.2854286,47.6762222],[26.2846602,47.6755506],[26.2844219,47.6753146],[26.2843369,47.6752066]]]}},{"type":"Feature","properties":{"UTR":"L1C","utr":"L1C","DENUMIRE":"Locuinte individuale tip C","denumire":"Locuinte individuale tip C","POT":40,"CUT":1.3,"RH":"P+2","FUNCTIUNE":"Locuinte individuale tip C","functiune":"Locuinte individuale tip C","c":"#F59E0B","sursa":"PUG Suceava HCL 162/2017 - vectorizat TSS·FG","id":116},"geometry":{"type":"Polygon","coordinates":[[[26.2855244,47.6771569],[26.2853511,47.6770263],[26.2858178,47.6767672],[26.2866237,47.6774386],[26.2876394,47.6781437],[26.2876155,47.6781997],[26.2868682,47.6785709],[26.2864762,47.6781693],[26.286049,47.6778845],[26.285469,47.6775556],[26.2858239,47.6773076],[26.2856985,47.6772268],[26.2856154,47.6772205],[26.2855244,47.6771569],[26.2855244,47.6771569]]]}},{"type":"Feature","properties":{"UTR":"M3","utr":"M3","DENUMIRE":"Mixt dotari","denumire":"Mixt dotari","POT":60,"CUT":2.8,"RH":"P+4-P+5","FUNCTIUNE":"Mixt dotari","functiune":"Mixt dotari","c":"#FDA4AF","sursa":"PUG Suceava HCL 162/2017 - vectorizat TSS·FG","id":117},"geometry":{"type":"Polygon","coordinates":[[[26.288477,47.6787617],[26.288618,47.6788956],[26.2886869,47.6789982],[26.2890184,47.6794025],[26.2889775,47.6794338],[26.288023,47.6790683],[26.287191,47.6788963],[26.2870402,47.6788052],[26.2868984,47.6786913],[26.2868988,47.6786708],[26.2872834,47.6784342],[26.2877077,47.6781946],[26.2881763,47.6785283],[26.288477,47.6787617]]]}},{"type":"Feature","properties":{"UTR":"M2","utr":"M2","DENUMIRE":"Mixt comercial","denumire":"Mixt comercial","POT":65,"CUT":3.0,"RH":"P+5-P+6","FUNCTIUNE":"Mixt comercial","functiune":"Mixt comercial","c":"#F87171","sursa":"PUG Suceava HCL 162/2017 - vectorizat TSS·FG","id":118},"geometry":{"type":"Polygon","coordinates":[[[26.2847295,47.67585],[26.2854043,47.6764196],[26.2857055,47.6766742],[26.2856562,47.6767308],[26.2853147,47.6769487],[26.2852227,47.6769995],[26.2842248,47.676096],[26.2847295,47.67585]]]}},{"type":"Feature","properties":{"UTR":"M2","utr":"M2","DENUMIRE":"Mixt comercial","denumire":"Mixt comercial","POT":65,"CUT":3.0,"RH":"P+5-P+6","FUNCTIUNE":"Mixt comercial","functiune":"Mixt comercial","c":"#F87171","sursa":"PUG Suceava HCL 162/2017 - vectorizat TSS·FG","id":119},"geometry":{"type":"Polygon","coordinates":[[[26.2839196,47.675855],[26.2836159,47.6756209],[26.2836097,47.6754523],[26.2833918,47.6754233],[26.2832414,47.6754928],[26.2831292,47.6753396],[26.2831173,47.6752477],[26.2829833,47.6752518],[26.282798,47.6752382],[26.2829593,47.6749048],[26.2838235,47.6750945],[26.2840042,47.6751487],[26.2841799,47.6752502],[26.2844711,47.6755699],[26.2839196,47.675855]]]}},{"type":"Feature","properties":{"UTR":"S","utr":"S","DENUMIRE":"Sport si agrement","denumire":"Sport si agrement","POT":15,"CUT":0.3,"RH":"P-P+2","FUNCTIUNE":"Sport si agrement","functiune":"Sport si agrement","c":"#6EE7B7","sursa":"PUG Suceava HCL 162/2017 - vectorizat TSS·FG","id":120},"geometry":{"type":"Polygon","coordinates":[[[26.2842248,47.676096],[26.2842236,47.6760949],[26.2839196,47.675855],[26.2844711,47.6755699],[26.2847295,47.67585],[26.2842248,47.676096]]]}},{"type":"Feature","properties":{"UTR":"F","utr":"F","DENUMIRE":"Institutii publice","denumire":"Institutii publice","POT":45,"CUT":1.5,"RH":"P+2-P+4","FUNCTIUNE":"Institutii publice","functiune":"Institutii publice","c":"#93C5FD","sursa":"PUG Suceava HCL 162/2017 - vectorizat TSS·FG","id":121},"geometry":{"type":"Polygon","coordinates":[[[26.285469,47.6775556],[26.2849905,47.6772824],[26.285301,47.6771072],[26.2854435,47.677209],[26.2855244,47.6771569],[26.2855244,47.6771569],[26.2855244,47.6771569],[26.2856154,47.6772205],[26.2856985,47.6772268],[26.2858239,47.6773076],[26.285469,47.6775556]]]}},{"type":"Feature","properties":{"UTR":"L1B","utr":"L1B","DENUMIRE":"Locuinte individuale tip B","denumire":"Locuinte individuale tip B","POT":35,"CUT":1.1,"RH":"P+1-P+2","FUNCTIUNE":"Locuinte individuale tip B","functiune":"Locuinte individuale tip B","c":"#FCD34D","sursa":"PUG Suceava HCL 162/2017 - vectorizat TSS·FG","id":122},"geometry":{"type":"Polygon","coordinates":[[[26.2925699,47.6782681],[26.2924812,47.6782149],[26.2923471,47.678185],[26.2921247,47.6781534],[26.2919406,47.6781361],[26.2913431,47.6780744],[26.290802,47.6779922],[26.2909353,47.6777388],[26.2909353,47.6777388],[26.2910185,47.6776182],[26.2914753,47.6773107],[26.2916924,47.6775081],[26.2915986,47.6776823],[26.2920089,47.6776031],[26.2918454,47.6778171],[26.2920273,47.6778845],[26.2922261,47.6779168],[26.2923079,47.6777156],[26.2924207,47.6777288],[26.292353,47.6778864],[26.2925024,47.6779178],[26.2924785,47.677989],[26.2926547,47.678026],[26.2927922,47.6777701],[26.2929022,47.6778803],[26.2929106,47.6779505],[26.2928063,47.678072],[26.2925699,47.6782681]]]}},{"type":"Feature","properties":{"UTR":"M3","utr":"M3","DENUMIRE":"Mixt dotari","denumire":"Mixt dotari","POT":60,"CUT":2.8,"RH":"P+4-P+5","FUNCTIUNE":"Mixt dotari","functiune":"Mixt dotari","c":"#FDA4AF","sursa":"PUG Suceava HCL 162/2017 - vectorizat TSS·FG","id":123},"geometry":{"type":"Polygon","coordinates":[[[26.2883433,47.6792713],[26.289066,47.6795332],[26.2892279,47.679695],[26.2894196,47.6799414],[26.2896974,47.6802333],[26.2899641,47.6804359],[26.2898364,47.6805246],[26.2894162,47.6806866],[26.2892335,47.6805656],[26.2888441,47.6800837],[26.2889962,47.6798932],[26.288648,47.6796805],[26.2884436,47.6797859],[26.2882682,47.6796245],[26.2882437,47.6795682],[26.2880999,47.6794742],[26.2883433,47.6792713]]]}},{"type":"Feature","properties":{"UTR":"V2C","utr":"V2C","DENUMIRE":"Sport-agrement tip C","denumire":"Sport-agrement tip C","POT":10,"CUT":0.1,"RH":"P","FUNCTIUNE":"Sport-agrement tip C","functiune":"Sport-agrement tip C","c":"#22C55E","sursa":"PUG Suceava HCL 162/2017 - vectorizat TSS·FG","id":124},"geometry":{"type":"Polygon","coordinates":[[[26.2396502,47.6968834],[26.2357466,47.6966063],[26.2355491,47.6970661],[26.2355729,47.6972699],[26.2355676,47.6974239],[26.235368,47.6975276],[26.2352714,47.6978408],[26.2356593,47.6981812],[26.2357006,47.6983374],[26.2351393,47.6985408],[26.2348801,47.6984669],[26.2348305,47.6987006],[26.2342249,47.6988544],[26.2335847,47.6989712],[26.2334374,47.6989324],[26.233263,47.6990708],[26.2329409,47.698966],[26.2326213,47.6991755],[26.2320496,47.6991404],[26.2317221,47.6990093],[26.2314011,47.6990755],[26.2311227,47.6990267],[26.231043,47.6990768],[26.2310831,47.6992962],[26.2309704,47.6995789],[26.23088,47.6995875],[26.230804,47.6994412],[26.230596,47.6994292],[26.2304695,47.6995186],[26.2306646,47.6996266],[26.2306753,47.6997393],[26.2304994,47.6998983],[26.2301234,47.6999126],[26.2301305,47.7000013],[26.2304588,47.7000729],[26.2304513,47.7002733],[26.2301724,47.7003323],[26.2299299,47.7003345],[26.2298969,47.7003989],[26.2300843,47.7004879],[26.2300916,47.7006779],[26.2299123,47.7007263],[26.2295824,47.7005728],[26.2291452,47.700541],[26.2277711,47.7041419],[26.2246017,47.7037262],[26.2263801,47.6964418],[26.2264633,47.696225],[26.2267882,47.6959916],[26.2290596,47.6956816],[26.2313302,47.6940152],[26.2313565,47.6939256],[26.2314388,47.6939417],[26.2313516,47.6942411],[26.2329634,47.6935331],[26.2333756,47.6932166],[26.2334196,47.6930096],[26.2336917,47.6930655],[26.2336656,47.6933766],[26.233709,47.693901],[26.2339948,47.6940487],[26.233854,47.6943781],[26.2340887,47.6945317],[26.2351522,47.6945438],[26.236386,47.6944293],[26.236907,47.6944705],[26.2372108,47.6946155],[26.2373983,47.6952221],[26.2377253,47.6953669],[26.237887,47.6961063],[26.2396031,47.6963494],[26.2396502,47.6968834]]]}},{"type":"Feature","properties":{"UTR":"L1C","utr":"L1C","DENUMIRE":"Locuinte individuale tip C","denumire":"Locuinte individuale tip C","POT":40,"CUT":1.3,"RH":"P+2","FUNCTIUNE":"Locuinte individuale tip C","functiune":"Locuinte individuale tip C","c":"#F59E0B","sursa":"PUG Suceava HCL 162/2017 - vectorizat TSS·FG","id":125},"geometry":{"type":"Polygon","coordinates":[[[26.2460375,47.6894801],[26.2485161,47.689438],[26.2491603,47.688957],[26.2491976,47.6886949],[26.2493789,47.6893166],[26.2498737,47.6893181],[26.2500152,47.6897627],[26.2499287,47.690115],[26.2497853,47.6903873],[26.2499348,47.6915489],[26.2502445,47.691699],[26.250352,47.6919867],[26.2505231,47.6921521],[26.2504411,47.6923544],[26.25045,47.6925305],[26.2507757,47.692562],[26.250877,47.6928402],[26.25122,47.6930073],[26.2509582,47.6931917],[26.2508541,47.6933948],[26.2510362,47.6935207],[26.2513035,47.6935188],[26.2517459,47.6934555],[26.2519098,47.6935712],[26.2517613,47.6938039],[26.2518418,47.6939146],[26.2520377,47.6939371],[26.2522337,47.6940748],[26.2522991,47.6941858],[26.2520346,47.6944602],[26.2522017,47.6947024],[26.252236,47.6950034],[26.2509466,47.6962611],[26.250271,47.6970076],[26.2501283,47.6969645],[26.2507531,47.696134],[26.2511039,47.6955905],[26.2511764,47.6953998],[26.251201,47.6952188],[26.2512781,47.6952188],[26.2512618,47.6950869],[26.2511299,47.6950973],[26.2511085,47.6949875],[26.2474068,47.6953727],[26.2474382,47.6954816],[26.2440655,47.6958024],[26.2444024,47.6968247],[26.2440774,47.6968029],[26.2441135,47.6971107],[26.242212,47.697092],[26.2396502,47.6968834],[26.2396031,47.6963494],[26.237887,47.6961063],[26.2377253,47.6953669],[26.2373983,47.6952221],[26.2372108,47.6946155],[26.236907,47.6944705],[26.236386,47.6944293],[26.2351522,47.6945438],[26.2340887,47.6945317],[26.233854,47.6943781],[26.2339948,47.6940487],[26.233709,47.693901],[26.2336656,47.6933766],[26.2336917,47.6930655],[26.2334196,47.6930096],[26.2334891,47.6929777],[26.2334979,47.6916736],[26.2341548,47.6906056],[26.235016,47.6898786],[26.234922,47.689314],[26.2351884,47.6881019],[26.235756,47.6879197],[26.2358748,47.6878762],[26.2361003,47.6876585],[26.2362938,47.6873137],[26.2416386,47.6878575],[26.2418091,47.688469],[26.2420838,47.6894638],[26.2423771,47.689506],[26.2428188,47.6916673],[26.2437213,47.6916452],[26.243873,47.6914741],[26.2448478,47.6913809],[26.2456771,47.6913624],[26.2457723,47.6909701],[26.2463521,47.6910195],[26.2465348,47.6899316],[26.2459832,47.6898882],[26.2460375,47.6894801]]]}},{"type":"Feature","properties":{"UTR":"L1B","utr":"L1B","DENUMIRE":"Locuinte individuale tip B","denumire":"Locuinte individuale tip B","POT":35,"CUT":1.1,"RH":"P+1-P+2","FUNCTIUNE":"Locuinte individuale tip B","functiune":"Locuinte individuale tip B","c":"#FCD34D","sursa":"PUG Suceava HCL 162/2017 - vectorizat TSS·FG","id":126},"geometry":{"type":"Polygon","coordinates":[[[26.2501283,47.6969645],[26.2489554,47.6966783],[26.2472112,47.6967949],[26.2462462,47.697068],[26.2444024,47.6968247],[26.2440655,47.6958024],[26.2474382,47.6954816],[26.2474068,47.6953727],[26.2511085,47.6949875],[26.2511299,47.6950973],[26.2512618,47.6950869],[26.2512781,47.6952188],[26.251201,47.6952188],[26.2511764,47.6953998],[26.2511039,47.6955905],[26.2507531,47.696134],[26.2501283,47.6969645]]]}},{"type":"Feature","properties":{"UTR":"G1","utr":"G1","DENUMIRE":"Gospodarire comunala tip 1","denumire":"Gospodarire comunala tip 1","POT":55,"CUT":2.0,"RH":"P+2-P+3","FUNCTIUNE":"Gospodarire comunala tip 1","functiune":"Gospodarire comunala tip 1","c":"#60A5FA","sursa":"PUG Suceava HCL 162/2017 - vectorizat TSS·FG","id":127},"geometry":{"type":"Polygon","coordinates":[[[26.2309878,47.6889135],[26.2287999,47.6884849],[26.2298912,47.6863758],[26.2302272,47.6860717],[26.2297019,47.6858684],[26.2297603,47.6858124],[26.2292443,47.6854908],[26.229409,47.6854182],[26.2305498,47.6859262],[26.2306245,47.6867921],[26.2309878,47.6889135]]]}},{"type":"Feature","properties":{"UTR":"M4","utr":"M4","DENUMIRE":"Mixt servicii","denumire":"Mixt servicii","POT":60,"CUT":2.8,"RH":"P+4-P+6","FUNCTIUNE":"Mixt servicii","functiune":"Mixt servicii","c":"#FB7185","sursa":"PUG Suceava HCL 162/2017 - vectorizat TSS·FG","id":128},"geometry":{"type":"Polygon","coordinates":[[[26.2288411,47.6845564],[26.229073,47.6842497],[26.2288265,47.684104],[26.228973,47.6839457],[26.2281987,47.6835252],[26.2283255,47.6833993],[26.2267943,47.682505],[26.2288793,47.6808241],[26.2300126,47.6814522],[26.2304142,47.6811068],[26.2305167,47.6811103],[26.2310851,47.6814109],[26.2311942,47.6813302],[26.2312384,47.6813217],[26.2314612,47.6814346],[26.2310991,47.6817196],[26.2326689,47.6826252],[26.2324757,47.6827586],[26.2324889,47.6828513],[26.2324086,47.6829189],[26.2328639,47.6831982],[26.2327819,47.6832671],[26.232493,47.6830936],[26.2322275,47.6832739],[26.2320873,47.6831901],[26.2319781,47.6832627],[26.2318449,47.6831881],[26.2311844,47.6836636],[26.2313506,47.6837644],[26.2306303,47.6843137],[26.2310355,47.6845425],[26.230763,47.6847043],[26.2306091,47.6846195],[26.2305099,47.6846851],[26.2306125,47.6847647],[26.2305283,47.6847982],[26.2301508,47.6849482],[26.2297186,47.6847108],[26.2296196,47.6848593],[26.2293034,47.6847659],[26.2292505,47.6848379],[26.2287316,47.6846889],[26.2288411,47.6845564]]]}},{"type":"Feature","properties":{"UTR":"L1B","utr":"L1B","DENUMIRE":"Locuinte individuale tip B","denumire":"Locuinte individuale tip B","POT":35,"CUT":1.1,"RH":"P+1-P+2","FUNCTIUNE":"Locuinte individuale tip B","functiune":"Locuinte individuale tip B","c":"#FCD34D","sursa":"PUG Suceava HCL 162/2017 - vectorizat TSS·FG","id":129},"geometry":{"type":"Polygon","coordinates":[[[26.2326689,47.6826252],[26.2310991,47.6817196],[26.2314612,47.6814346],[26.2312384,47.6813217],[26.2311942,47.6813302],[26.2310851,47.6814109],[26.2305167,47.6811103],[26.2304142,47.6811068],[26.2300126,47.6814522],[26.2288793,47.6808241],[26.2288773,47.6807389],[26.2282277,47.6805475],[26.2275336,47.6799025],[26.2265724,47.6793687],[26.2265437,47.679309],[26.2269533,47.6790166],[26.2273251,47.6790057],[26.2276036,47.6786524],[26.2276989,47.6785977],[26.2279159,47.6786081],[26.2287484,47.6786752],[26.2327,47.6779028],[26.2333652,47.6777402],[26.2329845,47.6781729],[26.2329593,47.6782643],[26.2330558,47.6783059],[26.2334485,47.6778718],[26.2336825,47.6779569],[26.233611,47.6780384],[26.233692,47.6780698],[26.2338239,47.6779451],[26.2341779,47.678019],[26.2345004,47.6776356],[26.2347171,47.6777326],[26.2348832,47.6774671],[26.2347291,47.6774481],[26.2350031,47.6774311],[26.2348411,47.6776687],[26.2349663,47.6777088],[26.2350595,47.6777442],[26.2350348,47.6777852],[26.2351975,47.6778702],[26.2352905,47.6777608],[26.2355306,47.6778607],[26.233107,47.6805155],[26.2330357,47.6806086],[26.2342652,47.6805981],[26.234287,47.680518],[26.2341755,47.6805004],[26.2342855,47.680367],[26.2353869,47.6806907],[26.2357611,47.6808204],[26.2357238,47.680864],[26.235303,47.680714],[26.2350843,47.6809964],[26.2350412,47.6809761],[26.2348299,47.6812112],[26.2347953,47.6811908],[26.2346496,47.6813099],[26.234169,47.6810465],[26.2336181,47.6813554],[26.2330438,47.6817925],[26.2329445,47.6818524],[26.2334312,47.682163],[26.2330988,47.682397],[26.2326689,47.6826252]]]}},{"type":"Feature","properties":{"UTR":"M2","utr":"M2","DENUMIRE":"Mixt comercial","denumire":"Mixt comercial","POT":65,"CUT":3.0,"RH":"P+5-P+6","FUNCTIUNE":"Mixt comercial","functiune":"Mixt comercial","c":"#F87171","sursa":"PUG Suceava HCL 162/2017 - vectorizat TSS·FG","id":130},"geometry":{"type":"Polygon","coordinates":[[[26.2333652,47.6777402],[26.2347291,47.6774481],[26.2348832,47.6774671],[26.2347171,47.6777326],[26.2345004,47.6776356],[26.2341779,47.678019],[26.2338239,47.6779451],[26.233692,47.6780698],[26.233611,47.6780384],[26.2336825,47.6779569],[26.2334485,47.6778718],[26.2330558,47.6783059],[26.2329593,47.6782643],[26.2329845,47.6781729],[26.2333652,47.6777402]]]}},{"type":"Feature","properties":{"UTR":"M2","utr":"M2","DENUMIRE":"Mixt comercial","denumire":"Mixt comercial","POT":65,"CUT":3.0,"RH":"P+5-P+6","FUNCTIUNE":"Mixt comercial","functiune":"Mixt comercial","c":"#F87171","sursa":"PUG Suceava HCL 162/2017 - vectorizat TSS·FG","id":131},"geometry":{"type":"Polygon","coordinates":[[[26.2350031,47.6774311],[26.2350227,47.6774299],[26.2380697,47.6782015],[26.2372104,47.6791868],[26.2369556,47.6790939],[26.2369689,47.6789675],[26.2374491,47.6784115],[26.2372713,47.6783466],[26.2372512,47.6783696],[26.2363477,47.678051],[26.2362665,47.678143],[26.2361146,47.6780811],[26.2359217,47.678301],[26.2357633,47.678237],[26.2360339,47.677916],[26.2358596,47.6778666],[26.2356135,47.6777728],[26.2355306,47.6778607],[26.2352905,47.6777608],[26.2351975,47.6778702],[26.2350348,47.6777852],[26.2350595,47.6777442],[26.2349663,47.6777088],[26.2348411,47.6776687],[26.2350031,47.6774311]]]}},{"type":"Feature","properties":{"UTR":"L1A","utr":"L1A","DENUMIRE":"Locuinte individuale tip A","denumire":"Locuinte individuale tip A","POT":30,"CUT":0.9,"RH":"P+1-P+2","FUNCTIUNE":"Locuinte individuale tip A","functiune":"Locuinte individuale tip A","c":"#FDE68A","sursa":"PUG Suceava HCL 162/2017 - vectorizat TSS·FG","id":132},"geometry":{"type":"Polygon","coordinates":[[[26.2366192,47.6793038],[26.2355997,47.6788831],[26.2346889,47.6798962],[26.2346379,47.6798964],[26.234615,47.6800165],[26.2342855,47.680367],[26.2341755,47.6805004],[26.234287,47.680518],[26.2342652,47.6805981],[26.2330357,47.6806086],[26.233107,47.6805155],[26.2355306,47.6778607],[26.2356135,47.6777728],[26.2358596,47.6778666],[26.2360339,47.677916],[26.2357633,47.678237],[26.2359217,47.678301],[26.2361146,47.6780811],[26.2362665,47.678143],[26.2363477,47.678051],[26.2372512,47.6783696],[26.2372713,47.6783466],[26.2374491,47.6784115],[26.2369689,47.6789675],[26.2369556,47.6790939],[26.2367708,47.6792895],[26.2366606,47.679248],[26.2366192,47.6793038]]]}},{"type":"Feature","properties":{"UTR":"V3","utr":"V3","DENUMIRE":"Culoar verde protectie","denumire":"Culoar verde protectie","POT":2,"CUT":0.02,"RH":"-","FUNCTIUNE":"Culoar verde protectie","functiune":"Culoar verde protectie","c":"#4ADE80","sursa":"PUG Suceava HCL 162/2017 - vectorizat TSS·FG","id":133},"geometry":{"type":"Polygon","coordinates":[[[26.2353869,47.6806907],[26.2342855,47.680367],[26.234615,47.6800165],[26.2346379,47.6798964],[26.2346889,47.6798962],[26.2355997,47.6788831],[26.2366192,47.6793038],[26.2353869,47.6806907]]]}},{"type":"Feature","properties":{"UTR":"M3","utr":"M3","DENUMIRE":"Mixt dotari","denumire":"Mixt dotari","POT":60,"CUT":2.8,"RH":"P+4-P+5","FUNCTIUNE":"Mixt dotari","functiune":"Mixt dotari","c":"#FDA4AF","sursa":"PUG Suceava HCL 162/2017 - vectorizat TSS·FG","id":134},"geometry":{"type":"Polygon","coordinates":[[[26.2369556,47.6790939],[26.2372104,47.6791868],[26.2357611,47.6808204],[26.2353869,47.6806907],[26.2366192,47.6793038],[26.2366606,47.679248],[26.2367708,47.6792895],[26.2369556,47.6790939]]]}},{"type":"Feature","properties":{"UTR":"M3","utr":"M3","DENUMIRE":"Mixt dotari","denumire":"Mixt dotari","POT":60,"CUT":2.8,"RH":"P+4-P+5","FUNCTIUNE":"Mixt dotari","functiune":"Mixt dotari","c":"#FDA4AF","sursa":"PUG Suceava HCL 162/2017 - vectorizat TSS·FG","id":135},"geometry":{"type":"Polygon","coordinates":[[[26.2357238,47.680864],[26.2353653,47.6812654],[26.2350381,47.6815778],[26.2338882,47.6824359],[26.2328639,47.6831982],[26.2324086,47.6829189],[26.2324889,47.6828513],[26.2324757,47.6827586],[26.2326689,47.6826252],[26.2330988,47.682397],[26.2334312,47.682163],[26.2329445,47.6818524],[26.2330438,47.6817925],[26.2336181,47.6813554],[26.234169,47.6810465],[26.2346496,47.6813099],[26.2347953,47.6811908],[26.2348299,47.6812112],[26.2350412,47.6809761],[26.2350843,47.6809964],[26.235303,47.680714],[26.2357238,47.680864]]]}},{"type":"Feature","properties":{"UTR":"M4","utr":"M4","DENUMIRE":"Mixt servicii","denumire":"Mixt servicii","POT":60,"CUT":2.8,"RH":"P+4-P+6","FUNCTIUNE":"Mixt servicii","functiune":"Mixt servicii","c":"#FB7185","sursa":"PUG Suceava HCL 162/2017 - vectorizat TSS·FG","id":136},"geometry":{"type":"Polygon","coordinates":[[[26.2423771,47.689506],[26.2423788,47.6895059],[26.2437614,47.6894222],[26.2441322,47.6893267],[26.2448064,47.6893686],[26.2460007,47.6894374],[26.2460375,47.6894801],[26.2459832,47.6898882],[26.2465348,47.6899316],[26.2463521,47.6910195],[26.2457723,47.6909701],[26.2456771,47.6913624],[26.2448478,47.6913809],[26.243873,47.6914741],[26.2437213,47.6916452],[26.2428188,47.6916673],[26.2423771,47.689506]]]}},{"type":"Feature","properties":{"UTR":"M3","utr":"M3","DENUMIRE":"Mixt dotari","denumire":"Mixt dotari","POT":60,"CUT":2.8,"RH":"P+4-P+5","FUNCTIUNE":"Mixt dotari","functiune":"Mixt dotari","c":"#FDA4AF","sursa":"PUG Suceava HCL 162/2017 - vectorizat TSS·FG","id":137},"geometry":{"type":"Polygon","coordinates":[[[26.2308829,47.6873334],[26.2311858,47.6889114],[26.2309878,47.6889135],[26.2306245,47.6867921],[26.2305498,47.6859262],[26.229409,47.6854182],[26.2292443,47.6854908],[26.2297603,47.6858124],[26.2297019,47.6858684],[26.2302272,47.6860717],[26.2298912,47.6863758],[26.2287999,47.6884849],[26.2259503,47.6878208],[26.2207958,47.6899081],[26.2212861,47.6876279],[26.2288411,47.6845564],[26.2287316,47.6846889],[26.2292505,47.6848379],[26.2293034,47.6847659],[26.2296196,47.6848593],[26.2297186,47.6847108],[26.2301508,47.6849482],[26.2305283,47.6847982],[26.230702,47.6849048],[26.2308161,47.6864364],[26.2308829,47.6873334]]]}},{"type":"Feature","properties":{"UTR":"L1C","utr":"L1C","DENUMIRE":"Locuinte individuale tip C","denumire":"Locuinte individuale tip C","POT":40,"CUT":1.3,"RH":"P+2","FUNCTIUNE":"Locuinte individuale tip C","functiune":"Locuinte individuale tip C","c":"#F59E0B","sursa":"PUG Suceava HCL 162/2017 - vectorizat TSS·FG","id":138},"geometry":{"type":"Polygon","coordinates":[[[26.2219891,47.6746866],[26.2206261,47.6744617],[26.219525,47.6740075],[26.2195349,47.6737737],[26.2210725,47.6735065],[26.2210425,47.6732093],[26.2206753,47.6728872],[26.2206576,47.672784],[26.223989,47.672745],[26.22418,47.6727613],[26.2239139,47.6736251],[26.2238693,47.6736181],[26.2220756,47.6746303],[26.2219891,47.6746866]]]}},{"type":"Feature","properties":{"UTR":"L1B","utr":"L1B","DENUMIRE":"Locuinte individuale tip B","denumire":"Locuinte individuale tip B","POT":35,"CUT":1.1,"RH":"P+1-P+2","FUNCTIUNE":"Locuinte individuale tip B","functiune":"Locuinte individuale tip B","c":"#FCD34D","sursa":"PUG Suceava HCL 162/2017 - vectorizat TSS·FG","id":139},"geometry":{"type":"Polygon","coordinates":[[[26.2239139,47.6736251],[26.2238961,47.6736829],[26.2245803,47.6738022],[26.2244116,47.6742794],[26.2246838,47.6743929],[26.225435,47.6744912],[26.225286,47.6748469],[26.2256004,47.6751673],[26.2240577,47.6752806],[26.2240783,47.6752231],[26.2226498,47.6747956],[26.2219891,47.6746866],[26.2220756,47.6746303],[26.2238693,47.6736181],[26.2239139,47.6736251]]]}},{"type":"Feature","properties":{"UTR":"M2","utr":"M2","DENUMIRE":"Mixt comercial","denumire":"Mixt comercial","POT":65,"CUT":3.0,"RH":"P+5-P+6","FUNCTIUNE":"Mixt comercial","functiune":"Mixt comercial","c":"#F87171","sursa":"PUG Suceava HCL 162/2017 - vectorizat TSS·FG","id":140},"geometry":{"type":"Polygon","coordinates":[[[26.2411675,47.6203171],[26.2414773,47.6199299],[26.2466793,47.6222863],[26.2462062,47.6226222],[26.2422039,47.6207912],[26.2411675,47.6203171]]]}},{"type":"Feature","properties":{"UTR":"M2","utr":"M2","DENUMIRE":"Mixt comercial","denumire":"Mixt comercial","POT":65,"CUT":3.0,"RH":"P+5-P+6","FUNCTIUNE":"Mixt comercial","functiune":"Mixt comercial","c":"#F87171","sursa":"PUG Suceava HCL 162/2017 - vectorizat TSS·FG","id":141},"geometry":{"type":"Polygon","coordinates":[[[26.2420227,47.6208823],[26.2420021,47.6209757],[26.2379848,47.625004],[26.2378649,47.6249977],[26.2371925,47.6245501],[26.2412127,47.6205645],[26.2413226,47.6205575],[26.2420227,47.6208823]]]}},{"type":"Feature","properties":{"UTR":"M2","utr":"M2","DENUMIRE":"Mixt comercial","denumire":"Mixt comercial","POT":65,"CUT":3.0,"RH":"P+5-P+6","FUNCTIUNE":"Mixt comercial","functiune":"Mixt comercial","c":"#F87171","sursa":"PUG Suceava HCL 162/2017 - vectorizat TSS·FG","id":142},"geometry":{"type":"Polygon","coordinates":[[[26.2336686,47.635043],[26.229037,47.6330373],[26.2288447,47.6329153],[26.2287278,47.6327069],[26.2287466,47.6324859],[26.2302059,47.6303894],[26.230402,47.6303844],[26.2316237,47.6286818],[26.2326808,47.6280041],[26.2329674,47.6279482],[26.2337064,47.627506],[26.2337969,47.627318],[26.2353266,47.6263997],[26.2370683,47.6246732],[26.2377821,47.6251342],[26.2377858,47.6252151],[26.2361695,47.6268181],[26.2326738,47.6290138],[26.2324971,47.6292476],[26.2300955,47.6324258],[26.2300866,47.6324474],[26.2300962,47.6324979],[26.2343462,47.6343484],[26.2336686,47.635043]]]}},{"type":"Feature","properties":{"UTR":"C2B","utr":"C2B","DENUMIRE":"Comercial tip B","denumire":"Comercial tip B","POT":60,"CUT":2.4,"RH":"P+3-P+5","FUNCTIUNE":"Comercial tip B","functiune":"Comercial tip B","c":"#FCA5A5","sursa":"PUG Suceava HCL 162/2017 - vectorizat TSS·FG","id":143},"geometry":{"type":"Polygon","coordinates":[[[26.238326,47.6370595],[26.2336686,47.635043],[26.2343462,47.6343484],[26.2358265,47.6328158],[26.2381579,47.6338368],[26.2384067,47.6337754],[26.2390069,47.6331753],[26.2418167,47.6344291],[26.2425857,47.6348518],[26.2420012,47.635562],[26.2409589,47.6351773],[26.2405257,47.6356964],[26.2396256,47.635378],[26.2391287,47.6360212],[26.2385485,47.6366558],[26.2385428,47.6368102],[26.238326,47.6370595]]]}},{"type":"Feature","properties":{"UTR":"C2A","utr":"C2A","DENUMIRE":"Comercial tip A","denumire":"Comercial tip A","POT":60,"CUT":2.4,"RH":"P+3-P+5","FUNCTIUNE":"Comercial tip A","functiune":"Comercial tip A","c":"#FDBA74","sursa":"PUG Suceava HCL 162/2017 - vectorizat TSS·FG","id":144},"geometry":{"type":"Polygon","coordinates":[[[26.2425857,47.6348518],[26.2425889,47.6349884],[26.2429268,47.6354947],[26.2431689,47.6356084],[26.2433664,47.6359124],[26.2431248,47.6360819],[26.2432483,47.636182],[26.2431424,47.6362521],[26.2434334,47.6366745],[26.2436411,47.6371342],[26.2433718,47.6375711],[26.24339,47.637588],[26.2430062,47.6381182],[26.2429823,47.6381156],[26.2428467,47.6382863],[26.2427847,47.6382656],[26.2426667,47.6384319],[26.2427523,47.6385508],[26.2427082,47.6386069],[26.2402195,47.6377265],[26.2420012,47.635562],[26.2425857,47.6348518]]]}},{"type":"Feature","properties":{"UTR":"C1","utr":"C1","DENUMIRE":"Centru civic intensiv","denumire":"Centru civic intensiv","POT":80,"CUT":4.0,"RH":"P+6-P+8","FUNCTIUNE":"Centru civic intensiv","functiune":"Centru civic intensiv","c":"#F97316","sursa":"PUG Suceava HCL 162/2017 - vectorizat TSS·FG","id":145},"geometry":{"type":"Polygon","coordinates":[[[26.2420012,47.635562],[26.2402195,47.6377265],[26.2384023,47.6370926],[26.238326,47.6370595],[26.2385428,47.6368102],[26.2385485,47.6366558],[26.2391287,47.6360212],[26.2396256,47.635378],[26.2405257,47.6356964],[26.2409589,47.6351773],[26.2420012,47.635562]]]}},{"type":"Feature","properties":{"UTR":"M2","utr":"M2","DENUMIRE":"Mixt comercial","denumire":"Mixt comercial","POT":65,"CUT":3.0,"RH":"P+5-P+6","FUNCTIUNE":"Mixt comercial","functiune":"Mixt comercial","c":"#F87171","sursa":"PUG Suceava HCL 162/2017 - vectorizat TSS·FG","id":146},"geometry":{"type":"Polygon","coordinates":[[[26.2390069,47.6331753],[26.2384067,47.6337754],[26.2381579,47.6338368],[26.2358265,47.6328158],[26.2357346,47.6327781],[26.2364578,47.6320205],[26.2389738,47.6331306],[26.2390069,47.6331753]]]}},{"type":"Feature","properties":{"UTR":"V1A","utr":"V1A","DENUMIRE":"Spatii verzi tip A","denumire":"Spatii verzi tip A","POT":5,"CUT":0.05,"RH":"-","FUNCTIUNE":"Spatii verzi tip A","functiune":"Spatii verzi tip A","c":"#86EFAC","sursa":"PUG Suceava HCL 162/2017 - vectorizat TSS·FG","id":147},"geometry":{"type":"Polygon","coordinates":[[[26.2472849,47.6318213],[26.2458157,47.6328384],[26.245377,47.6331421],[26.2453591,47.6331531],[26.2423975,47.6312608],[26.2440909,47.6299346],[26.24473,47.6295138],[26.2464287,47.6306213],[26.2468402,47.6309355],[26.2470914,47.6314387],[26.2472849,47.6318213]]]}},{"type":"Feature","properties":{"UTR":"L1B","utr":"L1B","DENUMIRE":"Locuinte individuale tip B","denumire":"Locuinte individuale tip B","POT":35,"CUT":1.1,"RH":"P+1-P+2","FUNCTIUNE":"Locuinte individuale tip B","functiune":"Locuinte individuale tip B","c":"#FCD34D","sursa":"PUG Suceava HCL 162/2017 - vectorizat TSS·FG","id":148},"geometry":{"type":"Polygon","coordinates":[[[26.2425429,47.6337918],[26.2418167,47.6344291],[26.2390069,47.6331753],[26.2389738,47.6331306],[26.2364578,47.6320205],[26.2357346,47.6327781],[26.2358265,47.6328158],[26.2343462,47.6343484],[26.2300962,47.6324979],[26.2300866,47.6324474],[26.2300955,47.6324258],[26.2324971,47.6292476],[26.2325716,47.6292746],[26.2330092,47.6294293],[26.2344358,47.6300572],[26.2353445,47.6304571],[26.2363533,47.630901],[26.2371902,47.6312693],[26.2396927,47.6323705],[26.2398281,47.6322426],[26.2399478,47.6323184],[26.2402598,47.6324044],[26.2403677,47.6324341],[26.2410201,47.6328413],[26.2425429,47.6337918]]]}},{"type":"Feature","properties":{"UTR":"V1A","utr":"V1A","DENUMIRE":"Spatii verzi tip A","denumire":"Spatii verzi tip A","POT":5,"CUT":0.05,"RH":"-","FUNCTIUNE":"Spatii verzi tip A","functiune":"Spatii verzi tip A","c":"#86EFAC","sursa":"PUG Suceava HCL 162/2017 - vectorizat TSS·FG","id":149},"geometry":{"type":"Polygon","coordinates":[[[26.2398281,47.6322426],[26.2396927,47.6323705],[26.2371902,47.6312693],[26.2376101,47.6308322],[26.2386021,47.6314629],[26.2398281,47.6322426]]]}},{"type":"Feature","properties":{"UTR":"F","utr":"F","DENUMIRE":"Institutii publice","denumire":"Institutii publice","POT":45,"CUT":1.5,"RH":"P+2-P+4","FUNCTIUNE":"Institutii publice","functiune":"Institutii publice","c":"#93C5FD","sursa":"PUG Suceava HCL 162/2017 - vectorizat TSS·FG","id":150},"geometry":{"type":"Polygon","coordinates":[[[26.2376101,47.6308322],[26.2371902,47.6312693],[26.2363533,47.630901],[26.2368953,47.6303412],[26.2376101,47.6308322]]]}},{"type":"Feature","properties":{"UTR":"C2B","utr":"C2B","DENUMIRE":"Comercial tip B","denumire":"Comercial tip B","POT":60,"CUT":2.4,"RH":"P+3-P+5","FUNCTIUNE":"Comercial tip B","functiune":"Comercial tip B","c":"#FCA5A5","sursa":"PUG Suceava HCL 162/2017 - vectorizat TSS·FG","id":151},"geometry":{"type":"Polygon","coordinates":[[[26.2368953,47.6303412],[26.2363533,47.630901],[26.2353445,47.6304571],[26.2361668,47.6298653],[26.2368953,47.6303412]]]}},{"type":"Feature","properties":{"UTR":"L1C","utr":"L1C","DENUMIRE":"Locuinte individuale tip C","denumire":"Locuinte individuale tip C","POT":40,"CUT":1.3,"RH":"P+2","FUNCTIUNE":"Locuinte individuale tip C","functiune":"Locuinte individuale tip C","c":"#F59E0B","sursa":"PUG Suceava HCL 162/2017 - vectorizat TSS·FG","id":152},"geometry":{"type":"Polygon","coordinates":[[[26.2463534,47.6232546],[26.2463946,47.6261789],[26.2462829,47.6268],[26.2463502,47.6279943],[26.246526,47.6281518],[26.2468146,47.6283308],[26.2468862,47.6285121],[26.2469655,47.6285467],[26.2467972,47.6294242],[26.2467464,47.6300109],[26.2467815,47.6302685],[26.2414924,47.6267286],[26.2463534,47.6232546]]]}},{"type":"Feature","properties":{"UTR":"M2","utr":"M2","DENUMIRE":"Mixt comercial","denumire":"Mixt comercial","POT":65,"CUT":3.0,"RH":"P+5-P+6","FUNCTIUNE":"Mixt comercial","functiune":"Mixt comercial","c":"#F87171","sursa":"PUG Suceava HCL 162/2017 - vectorizat TSS·FG","id":153},"geometry":{"type":"Polygon","coordinates":[[[26.2462062,47.6226222],[26.2466793,47.6222863],[26.2467495,47.6223181],[26.2463469,47.6228],[26.2463534,47.6232546],[26.2414924,47.6267286],[26.2467815,47.6302685],[26.2469,47.6309349],[26.247181,47.6314276],[26.2470914,47.6314387],[26.2468402,47.6309355],[26.2464287,47.6306213],[26.24473,47.6295138],[26.242932,47.6283416],[26.2405508,47.6267889],[26.2404903,47.6267494],[26.2448688,47.6236094],[26.2462062,47.6226222]]]}},{"type":"Feature","properties":{"UTR":"L1B","utr":"L1B","DENUMIRE":"Locuinte individuale tip B","denumire":"Locuinte individuale tip B","POT":35,"CUT":1.1,"RH":"P+1-P+2","FUNCTIUNE":"Locuinte individuale tip B","functiune":"Locuinte individuale tip B","c":"#FCD34D","sursa":"PUG Suceava HCL 162/2017 - vectorizat TSS·FG","id":154},"geometry":{"type":"Polygon","coordinates":[[[26.2344358,47.6300572],[26.2330092,47.6294293],[26.2325716,47.6292746],[26.2324971,47.6292476],[26.2326738,47.6290138],[26.2361695,47.6268181],[26.2377858,47.6252151],[26.2377821,47.6251342],[26.2370683,47.6246732],[26.2371925,47.6245501],[26.2378649,47.6249977],[26.2379848,47.625004],[26.2421814,47.6210351],[26.242296,47.6210153],[26.2459549,47.6226641],[26.2459479,47.622748],[26.2452874,47.6232308],[26.2448688,47.6236094],[26.2404903,47.6267494],[26.2397173,47.6262506],[26.2396602,47.6262916],[26.2344358,47.6300572]]]}},{"type":"Feature","properties":{"UTR":"M2","utr":"M2","DENUMIRE":"Mixt comercial","denumire":"Mixt comercial","POT":65,"CUT":3.0,"RH":"P+5-P+6","FUNCTIUNE":"Mixt comercial","functiune":"Mixt comercial","c":"#F87171","sursa":"PUG Suceava HCL 162/2017 - vectorizat TSS·FG","id":155},"geometry":{"type":"Polygon","coordinates":[[[26.2404903,47.6267494],[26.2405508,47.6267889],[26.2361668,47.6298653],[26.2353445,47.6304571],[26.2344358,47.6300572],[26.2396602,47.6262916],[26.2397173,47.6262506],[26.2404903,47.6267494]]]}},{"type":"Feature","properties":{"UTR":"V3","utr":"V3","DENUMIRE":"Culoar verde protectie","denumire":"Culoar verde protectie","POT":2,"CUT":0.02,"RH":"-","FUNCTIUNE":"Culoar verde protectie","functiune":"Culoar verde protectie","c":"#4ADE80","sursa":"PUG Suceava HCL 162/2017 - vectorizat TSS·FG","id":156},"geometry":{"type":"Polygon","coordinates":[[[26.2386021,47.6314629],[26.2376101,47.6308322],[26.2368953,47.6303412],[26.2361668,47.6298653],[26.2405508,47.6267889],[26.242932,47.6283416],[26.2401018,47.6303823],[26.2386021,47.6314629]]]}},{"type":"Feature","properties":{"UTR":"M2","utr":"M2","DENUMIRE":"Mixt comercial","denumire":"Mixt comercial","POT":65,"CUT":3.0,"RH":"P+5-P+6","FUNCTIUNE":"Mixt comercial","functiune":"Mixt comercial","c":"#F87171","sursa":"PUG Suceava HCL 162/2017 - vectorizat TSS·FG","id":157},"geometry":{"type":"Polygon","coordinates":[[[26.2402598,47.6324044],[26.2399478,47.6323184],[26.2398281,47.6322426],[26.2386021,47.6314629],[26.2401018,47.6303823],[26.242932,47.6283416],[26.24473,47.6295138],[26.2440909,47.6299346],[26.2423975,47.6312608],[26.24106,47.6323083],[26.2407016,47.6320853],[26.2402598,47.6324044]]]}},{"type":"Feature","properties":{"UTR":"C2B","utr":"C2B","DENUMIRE":"Comercial tip B","denumire":"Comercial tip B","POT":60,"CUT":2.4,"RH":"P+3-P+5","FUNCTIUNE":"Comercial tip B","functiune":"Comercial tip B","c":"#FCA5A5","sursa":"PUG Suceava HCL 162/2017 - vectorizat TSS·FG","id":158},"geometry":{"type":"Polygon","coordinates":[[[26.2410201,47.6328413],[26.2403677,47.6324341],[26.2402598,47.6324044],[26.2407016,47.6320853],[26.24106,47.6323083],[26.24143,47.6325405],[26.2410201,47.6328413]]]}},{"type":"Feature","properties":{"UTR":"M2","utr":"M2","DENUMIRE":"Mixt comercial","denumire":"Mixt comercial","POT":65,"CUT":3.0,"RH":"P+5-P+6","FUNCTIUNE":"Mixt comercial","functiune":"Mixt comercial","c":"#F87171","sursa":"PUG Suceava HCL 162/2017 - vectorizat TSS·FG","id":159},"geometry":{"type":"Polygon","coordinates":[[[26.2453591,47.6331531],[26.2446496,47.633649],[26.2442714,47.6338221],[26.2441574,47.6338401],[26.2440673,47.6338346],[26.2435503,47.633646],[26.2432529,47.6336119],[26.243077,47.6336479],[26.24261,47.6338382],[26.2425429,47.6337918],[26.2410201,47.6328413],[26.24143,47.6325405],[26.24106,47.6323083],[26.2423975,47.6312608],[26.2453591,47.6331531]]]}},{"type":"Feature","properties":{"UTR":"F","utr":"F","DENUMIRE":"Institutii publice","denumire":"Institutii publice","POT":45,"CUT":1.5,"RH":"P+2-P+4","FUNCTIUNE":"Institutii publice","functiune":"Institutii publice","c":"#93C5FD","sursa":"PUG Suceava HCL 162/2017 - vectorizat TSS·FG","id":160},"geometry":{"type":"Polygon","coordinates":[[[26.2289489,47.6373323],[26.2289572,47.6373245],[26.2291403,47.6371805],[26.2295304,47.6373739],[26.2293869,47.6375347],[26.2289489,47.6373323]]]}},{"type":"Feature","properties":{"UTR":"L2","utr":"L2","DENUMIRE":"Locuinte colective mici","denumire":"Locuinte colective mici","POT":40,"CUT":1.6,"RH":"P+3-P+4","FUNCTIUNE":"Locuinte colective mici","functiune":"Locuinte colective mici","c":"#FCD34D","sursa":"PUG Suceava HCL 162/2017 - vectorizat TSS·FG","id":161},"geometry":{"type":"Polygon","coordinates":[[[26.2291311,47.635185],[26.2291584,47.6351591],[26.2290572,47.6351149],[26.2290855,47.6350865],[26.2292285,47.6349454],[26.2299926,47.6353133],[26.2293267,47.6357475],[26.2292317,47.6357585],[26.2287701,47.6355529],[26.2288029,47.6354965],[26.2289215,47.6353839],[26.2292702,47.6355331],[26.2294809,47.6353329],[26.2291311,47.635185]]]}},{"type":"Feature","properties":{"UTR":"F","utr":"F","DENUMIRE":"Institutii publice","denumire":"Institutii publice","POT":45,"CUT":1.5,"RH":"P+2-P+4","FUNCTIUNE":"Institutii publice","functiune":"Institutii publice","c":"#93C5FD","sursa":"PUG Suceava HCL 162/2017 - vectorizat TSS·FG","id":162},"geometry":{"type":"Polygon","coordinates":[[[26.2289215,47.6353839],[26.2289833,47.6353252],[26.2291311,47.635185],[26.2294809,47.6353329],[26.2292702,47.6355331],[26.2289215,47.6353839]]]}},{"type":"Feature","properties":{"UTR":"L3","utr":"L3","DENUMIRE":"Locuinte colective medii","denumire":"Locuinte colective medii","POT":40,"CUT":1.8,"RH":"P+4-P+6","FUNCTIUNE":"Locuinte colective medii","functiune":"Locuinte colective medii","c":"#F59E0B","sursa":"PUG Suceava HCL 162/2017 - vectorizat TSS·FG","id":163},"geometry":{"type":"Polygon","coordinates":[[[26.2255292,47.6358259],[26.2249257,47.6355015],[26.2250954,47.6353908],[26.2253151,47.6354902],[26.2254177,47.6354064],[26.2255399,47.6354567],[26.2254428,47.6355496],[26.2257018,47.6356636],[26.2255292,47.6358259]]]}},{"type":"Feature","properties":{"UTR":"C2A","utr":"C2A","DENUMIRE":"Comercial tip A","denumire":"Comercial tip A","POT":60,"CUT":2.4,"RH":"P+3-P+5","FUNCTIUNE":"Comercial tip A","functiune":"Comercial tip A","c":"#FDBA74","sursa":"PUG Suceava HCL 162/2017 - vectorizat TSS·FG","id":164},"geometry":{"type":"Polygon","coordinates":[[[26.2329362,47.6354678],[26.2321748,47.6361479],[26.2311539,47.6356568],[26.2311913,47.6356251],[26.2319058,47.6350204],[26.2322952,47.6351946],[26.2325665,47.6349447],[26.2331002,47.6351746],[26.2328517,47.6354339],[26.2329362,47.6354678]]]}},{"type":"Feature","properties":{"UTR":"L2","utr":"L2","DENUMIRE":"Locuinte colective mici","denumire":"Locuinte colective mici","POT":40,"CUT":1.6,"RH":"P+3-P+4","FUNCTIUNE":"Locuinte colective mici","functiune":"Locuinte colective mici","c":"#FCD34D","sursa":"PUG Suceava HCL 162/2017 - vectorizat TSS·FG","id":165},"geometry":{"type":"Polygon","coordinates":[[[26.2331635,47.6361097],[26.2327943,47.6364458],[26.2323142,47.6362149],[26.2326645,47.6358729],[26.2331635,47.6361097]]]}},{"type":"Feature","properties":{"UTR":"C1","utr":"C1","DENUMIRE":"Centru civic intensiv","denumire":"Centru civic intensiv","POT":80,"CUT":4.0,"RH":"P+6-P+8","FUNCTIUNE":"Centru civic intensiv","functiune":"Centru civic intensiv","c":"#F97316","sursa":"PUG Suceava HCL 162/2017 - vectorizat TSS·FG","id":166},"geometry":{"type":"Polygon","coordinates":[[[26.2335511,47.6357569],[26.2331635,47.6361097],[26.2326645,47.6358729],[26.2323142,47.6362149],[26.2321748,47.6361479],[26.2329362,47.6354678],[26.2335511,47.6357569]]]}},{"type":"Feature","properties":{"UTR":"M2","utr":"M2","DENUMIRE":"Mixt comercial","denumire":"Mixt comercial","POT":65,"CUT":3.0,"RH":"P+5-P+6","FUNCTIUNE":"Mixt comercial","functiune":"Mixt comercial","c":"#F87171","sursa":"PUG Suceava HCL 162/2017 - vectorizat TSS·FG","id":167},"geometry":{"type":"Polygon","coordinates":[[[26.2331002,47.6351746],[26.2338403,47.6354935],[26.2335511,47.6357569],[26.2329362,47.6354678],[26.2328517,47.6354339],[26.2331002,47.6351746]]]}},{"type":"Feature","properties":{"UTR":"L2","utr":"L2","DENUMIRE":"Locuinte colective mici","denumire":"Locuinte colective mici","POT":40,"CUT":1.6,"RH":"P+3-P+4","FUNCTIUNE":"Locuinte colective mici","functiune":"Locuinte colective mici","c":"#FCD34D","sursa":"PUG Suceava HCL 162/2017 - vectorizat TSS·FG","id":168},"geometry":{"type":"Polygon","coordinates":[[[26.2311913,47.6356251],[26.2311539,47.6356568],[26.2276634,47.6340069],[26.2277371,47.6339489],[26.2278493,47.6340133],[26.227938,47.6339417],[26.2280284,47.6339831],[26.2281054,47.6339306],[26.2281936,47.6339814],[26.2284233,47.6340706],[26.2285105,47.6339703],[26.2291064,47.6343593],[26.2295311,47.6339452],[26.2295515,47.633956],[26.2297151,47.6339806],[26.2299176,47.634107],[26.2299436,47.634145],[26.2298748,47.6342279],[26.2304191,47.6344915],[26.2304506,47.6344598],[26.2305277,47.6344947],[26.2306438,47.6343796],[26.2307714,47.6344388],[26.2309994,47.6345451],[26.2309463,47.6346438],[26.2309524,47.6347656],[26.2315068,47.6350733],[26.2309985,47.635524],[26.2311913,47.6356251]]]}},{"type":"Feature","properties":{"UTR":"M2","utr":"M2","DENUMIRE":"Mixt comercial","denumire":"Mixt comercial","POT":65,"CUT":3.0,"RH":"P+5-P+6","FUNCTIUNE":"Mixt comercial","functiune":"Mixt comercial","c":"#F87171","sursa":"PUG Suceava HCL 162/2017 - vectorizat TSS·FG","id":169},"geometry":{"type":"Polygon","coordinates":[[[26.2309839,47.634219],[26.2325665,47.6349447],[26.2322952,47.6351946],[26.2319058,47.6350204],[26.2311913,47.6356251],[26.2309985,47.635524],[26.2315068,47.6350733],[26.2309524,47.6347656],[26.2309463,47.6346438],[26.2309994,47.6345451],[26.2307714,47.6344388],[26.2309839,47.634219]]]}},{"type":"Feature","properties":{"UTR":"F","utr":"F","DENUMIRE":"Institutii publice","denumire":"Institutii publice","POT":45,"CUT":1.5,"RH":"P+2-P+4","FUNCTIUNE":"Institutii publice","functiune":"Institutii publice","c":"#93C5FD","sursa":"PUG Suceava HCL 162/2017 - vectorizat TSS·FG","id":170},"geometry":{"type":"GeometryCollection","geometries":[{"type":"Polygon","coordinates":[[[26.2307822,47.6341265],[26.2307852,47.6341278],[26.2309839,47.634219],[26.2307714,47.6344388],[26.2306438,47.6343796],[26.2305277,47.6344947],[26.2304506,47.6344598],[26.2307822,47.6341265]]]},{"type":"LineString","coordinates":[[26.2304191,47.6344915],[26.2304506,47.6344598]]}]}},{"type":"Feature","properties":{"UTR":"MI","utr":"MI","DENUMIRE":"Mixt industrial reconversie","denumire":"Mixt industrial reconversie","POT":60,"CUT":2.5,"RH":"P+4-P+6","FUNCTIUNE":"Mixt industrial reconversie","functiune":"Mixt industrial reconversie","c":"#F87171","sursa":"PUG Suceava HCL 162/2017 - vectorizat TSS·FG","id":171},"geometry":{"type":"Polygon","coordinates":[[[26.2473092,47.6393525],[26.2469335,47.6401061],[26.2465936,47.6399789],[26.2445118,47.6392438],[26.2445686,47.6388885],[26.2449795,47.6382514],[26.2448085,47.6381985],[26.2449585,47.6381626],[26.2450103,47.6380802],[26.2473181,47.6387472],[26.2471147,47.6390021],[26.2473969,47.6391006],[26.2473667,47.6391372],[26.2474053,47.6391454],[26.2473178,47.6392451],[26.2473092,47.6393525]]]}},{"type":"Feature","properties":{"UTR":"C0","utr":"C0","DENUMIRE":"Centru civic principal","denumire":"Centru civic principal","POT":75,"CUT":3.5,"RH":"P+5-P+7","FUNCTIUNE":"Centru civic principal","functiune":"Centru civic principal","c":"#FB923C","sursa":"PUG Suceava HCL 162/2017 - vectorizat TSS·FG","id":172},"geometry":{"type":"Polygon","coordinates":[[[26.2431486,47.6387625],[26.2427082,47.6386069],[26.2427523,47.6385508],[26.2426667,47.6384319],[26.2427847,47.6382656],[26.2429809,47.6383313],[26.2429429,47.638389],[26.2430298,47.6384186],[26.2430186,47.6384351],[26.2431247,47.6384694],[26.243138,47.6384504],[26.2434029,47.6385393],[26.2432593,47.6387396],[26.2431486,47.6387625]]]}},{"type":"Feature","properties":{"UTR":"S","utr":"S","DENUMIRE":"Sport si agrement","denumire":"Sport si agrement","POT":15,"CUT":0.3,"RH":"P-P+2","FUNCTIUNE":"Sport si agrement","functiune":"Sport si agrement","c":"#6EE7B7","sursa":"PUG Suceava HCL 162/2017 - vectorizat TSS·FG","id":173},"geometry":{"type":"Polygon","coordinates":[[[26.2445118,47.6392438],[26.2431486,47.6387625],[26.2432593,47.6387396],[26.2434029,47.6385393],[26.243138,47.6384504],[26.2431247,47.6384694],[26.2430186,47.6384351],[26.2430298,47.6384186],[26.2429429,47.638389],[26.2429809,47.6383313],[26.2427847,47.6382656],[26.2428467,47.6382863],[26.2429823,47.6381156],[26.2430062,47.6381182],[26.24339,47.637588],[26.2433718,47.6375711],[26.2436411,47.6371342],[26.2438131,47.6370389],[26.243908,47.6370969],[26.2441121,47.637363],[26.2440786,47.6374431],[26.2440147,47.6375218],[26.2439362,47.6374855],[26.2437194,47.6378618],[26.2448085,47.6381985],[26.2449795,47.6382514],[26.2445686,47.6388885],[26.2445118,47.6392438]]]}},{"type":"Feature","properties":{"UTR":"LI","utr":"LI","DENUMIRE":"Locuinte individuale izolate","denumire":"Locuinte individuale izolate","POT":25,"CUT":0.8,"RH":"P+1-P+2","FUNCTIUNE":"Locuinte individuale izolate","functiune":"Locuinte individuale izolate","c":"#FEF3C7","sursa":"PUG Suceava HCL 162/2017 - vectorizat TSS·FG","id":174},"geometry":{"type":"Polygon","coordinates":[[[26.2448085,47.6381985],[26.2437194,47.6378618],[26.2439362,47.6374855],[26.2440147,47.6375218],[26.2440786,47.6374431],[26.2441121,47.637363],[26.2448674,47.6377198],[26.2457762,47.6378956],[26.2477479,47.6385007],[26.2477928,47.6385209],[26.2476288,47.6388338],[26.2473181,47.6387472],[26.2450103,47.6380802],[26.2449585,47.6381626],[26.2448085,47.6381985]]]}},{"type":"Feature","properties":{"UTR":"MI","utr":"MI","DENUMIRE":"Mixt industrial reconversie","denumire":"Mixt industrial reconversie","POT":60,"CUT":2.5,"RH":"P+4-P+6","FUNCTIUNE":"Mixt industrial reconversie","functiune":"Mixt industrial reconversie","c":"#F87171","sursa":"PUG Suceava HCL 162/2017 - vectorizat TSS·FG","id":175},"geometry":{"type":"Polygon","coordinates":[[[26.2473181,47.6387472],[26.2475899,47.6389129],[26.2473971,47.6393506],[26.2473178,47.6392451],[26.2474053,47.6391454],[26.2473667,47.6391372],[26.2473969,47.6391006],[26.2471147,47.6390021],[26.2473181,47.6387472]]]}},{"type":"Feature","properties":{"UTR":"V2A","utr":"V2A","DENUMIRE":"Sport-agrement tip A","denumire":"Sport-agrement tip A","POT":10,"CUT":0.1,"RH":"P","FUNCTIUNE":"Sport-agrement tip A","functiune":"Sport-agrement tip A","c":"#4ADE80","sursa":"PUG Suceava HCL 162/2017 - vectorizat TSS·FG","id":176},"geometry":{"type":"Polygon","coordinates":[[[26.2374816,47.6380246],[26.2378409,47.6376962],[26.2377199,47.6376376],[26.2378429,47.6374597],[26.2378429,47.6372681],[26.2377332,47.6371024],[26.2382986,47.6372935],[26.239213,47.6376156],[26.238678,47.6376584],[26.2384709,47.6377017],[26.2374816,47.6380246]]]}},{"type":"Feature","properties":{"UTR":"L4","utr":"L4","DENUMIRE":"Locuinte colective mari","denumire":"Locuinte colective mari","POT":45,"CUT":2.0,"RH":"P+6-P+8","FUNCTIUNE":"Locuinte colective mari","functiune":"Locuinte colective mari","c":"#D97706","sursa":"PUG Suceava HCL 162/2017 - vectorizat TSS·FG","id":177},"geometry":{"type":"Polygon","coordinates":[[[26.247882,47.6383807],[26.2474474,47.6383279],[26.2457978,47.6378395],[26.2448812,47.637648],[26.2441834,47.6373146],[26.2439084,47.6369678],[26.2444203,47.6366642],[26.2447208,47.6369082],[26.2455572,47.6363604],[26.2462232,47.6368969],[26.2459973,47.637031],[26.2474341,47.6380466],[26.2476343,47.6381621],[26.2479324,47.6383342],[26.247882,47.6383807]]]}},{"type":"Feature","properties":{"UTR":"M4","utr":"M4","DENUMIRE":"Mixt servicii","denumire":"Mixt servicii","POT":60,"CUT":2.8,"RH":"P+4-P+6","FUNCTIUNE":"Mixt servicii","functiune":"Mixt servicii","c":"#FB7185","sursa":"PUG Suceava HCL 162/2017 - vectorizat TSS·FG","id":178},"geometry":{"type":"Polygon","coordinates":[[[26.2476343,47.6381621],[26.2474341,47.6380466],[26.2459973,47.637031],[26.2462232,47.6368969],[26.2455572,47.6363604],[26.2447208,47.6369082],[26.2444203,47.6366642],[26.2438714,47.6369793],[26.2436411,47.6371342],[26.2434334,47.6366745],[26.2431424,47.6362521],[26.2432483,47.636182],[26.2431248,47.6360819],[26.2433664,47.6359124],[26.2431689,47.6356084],[26.2429268,47.6354947],[26.2425889,47.6349884],[26.2425857,47.6348518],[26.2418167,47.6344291],[26.2425429,47.6337918],[26.24261,47.6338382],[26.243077,47.6336479],[26.2432529,47.6336119],[26.2435503,47.633646],[26.2440673,47.6338346],[26.2441574,47.6338401],[26.2442714,47.6338221],[26.2446496,47.633649],[26.2453591,47.6331531],[26.245377,47.6331421],[26.2458157,47.6328384],[26.2465532,47.6333992],[26.2469879,47.6340062],[26.2468761,47.6347433],[26.2470818,47.6349966],[26.246867,47.635184],[26.247308,47.6357656],[26.2467561,47.6359723],[26.2466332,47.6360156],[26.2479799,47.6374729],[26.2482496,47.6377856],[26.2482766,47.6378258],[26.2482817,47.6379268],[26.2480369,47.6382123],[26.2478049,47.6380514],[26.2478837,47.6380078],[26.2478448,47.6379725],[26.2476376,47.63806],[26.2476298,47.6381071],[26.2476712,47.6381323],[26.2476343,47.6381621]]]}},{"type":"Feature","properties":{"UTR":"M3","utr":"M3","DENUMIRE":"Mixt dotari","denumire":"Mixt dotari","POT":60,"CUT":2.8,"RH":"P+4-P+5","FUNCTIUNE":"Mixt dotari","functiune":"Mixt dotari","c":"#FDA4AF","sursa":"PUG Suceava HCL 162/2017 - vectorizat TSS·FG","id":179},"geometry":{"type":"Polygon","coordinates":[[[26.2806161,47.6319416],[26.2834725,47.6306118],[26.2852333,47.6310394],[26.282096,47.6325633],[26.2820575,47.632581],[26.2820437,47.6325743],[26.2806161,47.6319416]]]}},{"type":"Feature","properties":{"UTR":"L1B","utr":"L1B","DENUMIRE":"Locuinte individuale tip B","denumire":"Locuinte individuale tip B","POT":35,"CUT":1.1,"RH":"P+1-P+2","FUNCTIUNE":"Locuinte individuale tip B","functiune":"Locuinte individuale tip B","c":"#FCD34D","sursa":"PUG Suceava HCL 162/2017 - vectorizat TSS·FG","id":180},"geometry":{"type":"Polygon","coordinates":[[[26.2657452,47.636931],[26.2657874,47.6369174],[26.266353,47.6363661],[26.2675796,47.6351666],[26.2704169,47.633155],[26.2719458,47.6352648],[26.2703386,47.6360304],[26.2685332,47.6369309],[26.2692468,47.6377588],[26.2691111,47.6378182],[26.26925,47.6379238],[26.2683956,47.638486],[26.2680009,47.6379802],[26.2672869,47.6375649],[26.2672115,47.6376665],[26.2670891,47.6376422],[26.2668131,47.6377294],[26.2657452,47.636931]]]}},{"type":"Feature","properties":{"UTR":"V4","utr":"V4","DENUMIRE":"Spatii verzi rezidential","denumire":"Spatii verzi rezidential","POT":3,"CUT":0.03,"RH":"-","FUNCTIUNE":"Spatii verzi rezidential","functiune":"Spatii verzi rezidential","c":"#86EFAC","sursa":"PUG Suceava HCL 162/2017 - vectorizat TSS·FG","id":181},"geometry":{"type":"Polygon","coordinates":[[[26.2684941,47.63971],[26.267985,47.6400475],[26.2676279,47.6401309],[26.2655537,47.6402051],[26.2652037,47.6401323],[26.2650015,47.6399887],[26.2645286,47.6395961],[26.2646039,47.6391254],[26.2644117,47.6378588],[26.2644856,47.6375739],[26.2651399,47.6371274],[26.2657452,47.636931],[26.2668131,47.6377294],[26.2667714,47.6377765],[26.2662825,47.6379127],[26.2667758,47.6388016],[26.2668798,47.6388649],[26.2673211,47.6388241],[26.2675085,47.6387013],[26.2676398,47.63879],[26.2679098,47.6387325],[26.2679775,47.638753],[26.2684941,47.63971]],[[26.2659571,47.6394735],[26.2659067,47.6394387],[26.2658748,47.6394353],[26.265847,47.6394587],[26.265949,47.6396214],[26.265963,47.6396458],[26.2659071,47.6396789],[26.2659067,47.6397018],[26.2659836,47.639747],[26.2659447,47.6397822],[26.2660095,47.6398255],[26.2660971,47.6397727],[26.2661614,47.639772],[26.2661973,47.6397962],[26.2662225,47.6397889],[26.2663987,47.6396694],[26.2665524,47.6396131],[26.2666555,47.6396044],[26.2666406,47.639528],[26.2664753,47.6393972],[26.266363,47.6393415],[26.2662712,47.6393071],[26.2661913,47.6393913],[26.2659571,47.6394735]]]}},{"type":"Feature","properties":{"UTR":"G1","utr":"G1","DENUMIRE":"Gospodarire comunala tip 1","denumire":"Gospodarire comunala tip 1","POT":55,"CUT":2.0,"RH":"P+2-P+3","FUNCTIUNE":"Gospodarire comunala tip 1","functiune":"Gospodarire comunala tip 1","c":"#60A5FA","sursa":"PUG Suceava HCL 162/2017 - vectorizat TSS·FG","id":182},"geometry":{"type":"Polygon","coordinates":[[[26.2692468,47.6377588],[26.2685332,47.6369309],[26.2703386,47.6360304],[26.2711419,47.6370572],[26.2710778,47.637087],[26.2698901,47.6375806],[26.2698299,47.6375118],[26.2692468,47.6377588]]]}},{"type":"Feature","properties":{"UTR":"M2","utr":"M2","DENUMIRE":"Mixt comercial","denumire":"Mixt comercial","POT":65,"CUT":3.0,"RH":"P+5-P+6","FUNCTIUNE":"Mixt comercial","functiune":"Mixt comercial","c":"#F87171","sursa":"PUG Suceava HCL 162/2017 - vectorizat TSS·FG","id":183},"geometry":{"type":"Polygon","coordinates":[[[26.2668131,47.6377294],[26.2670891,47.6376422],[26.2672115,47.6376665],[26.2672869,47.6375649],[26.2680009,47.6379802],[26.2683956,47.638486],[26.26925,47.6379238],[26.2691111,47.6378182],[26.2692468,47.6377588],[26.2698299,47.6375118],[26.2698901,47.6375806],[26.2710778,47.637087],[26.2715284,47.6376982],[26.2715158,47.6377067],[26.2684941,47.63971],[26.2679775,47.638753],[26.2679098,47.6387325],[26.2676398,47.63879],[26.2675085,47.6387013],[26.2673211,47.6388241],[26.2668798,47.6388649],[26.2667758,47.6388016],[26.2662825,47.6379127],[26.2667714,47.6377765],[26.2668131,47.6377294]]]}},{"type":"Feature","properties":{"UTR":"M3","utr":"M3","DENUMIRE":"Mixt dotari","denumire":"Mixt dotari","POT":60,"CUT":2.8,"RH":"P+4-P+5","FUNCTIUNE":"Mixt dotari","functiune":"Mixt dotari","c":"#FDA4AF","sursa":"PUG Suceava HCL 162/2017 - vectorizat TSS·FG","id":184},"geometry":{"type":"Polygon","coordinates":[[[26.2732079,47.6338569],[26.2739071,47.6343399],[26.2742778,47.6340615],[26.2750188,47.6343943],[26.2776955,47.6332259],[26.278637,47.6329046],[26.2806161,47.6319416],[26.2820437,47.6325743],[26.2820575,47.632581],[26.2766626,47.6350515],[26.2751595,47.6357353],[26.274249,47.6348204],[26.274114,47.6348025],[26.2731427,47.6339102],[26.2732079,47.6338569]]]}},{"type":"Feature","properties":{"UTR":"C2B","utr":"C2B","DENUMIRE":"Comercial tip B","denumire":"Comercial tip B","POT":60,"CUT":2.4,"RH":"P+3-P+5","FUNCTIUNE":"Comercial tip B","functiune":"Comercial tip B","c":"#FCA5A5","sursa":"PUG Suceava HCL 162/2017 - vectorizat TSS·FG","id":185},"geometry":{"type":"Polygon","coordinates":[[[26.2659571,47.6394735],[26.2661913,47.6393913],[26.2662712,47.6393071],[26.266363,47.6393415],[26.2664753,47.6393972],[26.2666406,47.639528],[26.2666555,47.6396044],[26.2665524,47.6396131],[26.2663987,47.6396694],[26.2662225,47.6397889],[26.2661973,47.6397962],[26.2661614,47.639772],[26.2660971,47.6397727],[26.2660095,47.6398255],[26.2659447,47.6397822],[26.2659836,47.639747],[26.2659067,47.6397018],[26.2659071,47.6396789],[26.265963,47.6396458],[26.265949,47.6396214],[26.265847,47.6394587],[26.2658748,47.6394353],[26.2659067,47.6394387],[26.2659571,47.6394735]]]}},{"type":"Feature","properties":{"UTR":"G1","utr":"G1","DENUMIRE":"Gospodarire comunala tip 1","denumire":"Gospodarire comunala tip 1","POT":55,"CUT":2.0,"RH":"P+2-P+3","FUNCTIUNE":"Gospodarire comunala tip 1","functiune":"Gospodarire comunala tip 1","c":"#60A5FA","sursa":"PUG Suceava HCL 162/2017 - vectorizat TSS·FG","id":186},"geometry":{"type":"Polygon","coordinates":[[[26.272443,47.6391051],[26.2721808,47.6389913],[26.2713373,47.6380513],[26.2728082,47.6371256],[26.2758574,47.6409193],[26.2747577,47.6413347],[26.2746309,47.6413053],[26.2730575,47.6394201],[26.2727829,47.6392526],[26.2726425,47.6391917],[26.2730733,47.6390232],[26.2731345,47.6390832],[26.2736222,47.6388873],[26.2734883,47.6387339],[26.2729939,47.638923],[26.2730475,47.6389839],[26.2729591,47.6390215],[26.2728433,47.6390704],[26.2727669,47.6389768],[26.272443,47.6391051]]]}},{"type":"Feature","properties":{"UTR":"F","utr":"F","DENUMIRE":"Institutii publice","denumire":"Institutii publice","POT":45,"CUT":1.5,"RH":"P+2-P+4","FUNCTIUNE":"Institutii publice","functiune":"Institutii publice","c":"#93C5FD","sursa":"PUG Suceava HCL 162/2017 - vectorizat TSS·FG","id":187},"geometry":{"type":"Polygon","coordinates":[[[26.2726425,47.6391917],[26.272443,47.6391051],[26.2727669,47.6389768],[26.2728433,47.6390704],[26.2729591,47.6390215],[26.2730475,47.6389839],[26.2729939,47.638923],[26.2734883,47.6387339],[26.2736222,47.6388873],[26.2731345,47.6390832],[26.2730733,47.6390232],[26.2726425,47.6391917]]]}},{"type":"Feature","properties":{"UTR":"V4","utr":"V4","DENUMIRE":"Spatii verzi rezidential","denumire":"Spatii verzi rezidential","POT":3,"CUT":0.03,"RH":"-","FUNCTIUNE":"Spatii verzi rezidential","functiune":"Spatii verzi rezidential","c":"#86EFAC","sursa":"PUG Suceava HCL 162/2017 - vectorizat TSS·FG","id":188},"geometry":{"type":"Polygon","coordinates":[[[26.2711759,47.6393805],[26.2711401,47.6393704],[26.2701986,47.639486],[26.2696899,47.6390629],[26.2710388,47.6381884],[26.2711007,47.6381876],[26.2712364,47.6382087],[26.2719574,47.6389833],[26.2715241,47.6391974],[26.2712841,47.6391694],[26.2711759,47.6393805]]]}},{"type":"Feature","properties":{"UTR":"F","utr":"F","DENUMIRE":"Institutii publice","denumire":"Institutii publice","POT":45,"CUT":1.5,"RH":"P+2-P+4","FUNCTIUNE":"Institutii publice","functiune":"Institutii publice","c":"#93C5FD","sursa":"PUG Suceava HCL 162/2017 - vectorizat TSS·FG","id":189},"geometry":{"type":"Polygon","coordinates":[[[26.2719574,47.6389833],[26.2721344,47.6391735],[26.2721078,47.6392154],[26.2714542,47.6394596],[26.2711759,47.6393805],[26.2712841,47.6391694],[26.2715241,47.6391974],[26.2719574,47.6389833]]]}},{"type":"Feature","properties":{"UTR":"L1B","utr":"L1B","DENUMIRE":"Locuinte individuale tip B","denumire":"Locuinte individuale tip B","POT":35,"CUT":1.1,"RH":"P+1-P+2","FUNCTIUNE":"Locuinte individuale tip B","functiune":"Locuinte individuale tip B","c":"#FCD34D","sursa":"PUG Suceava HCL 162/2017 - vectorizat TSS·FG","id":190},"geometry":{"type":"Polygon","coordinates":[[[26.2744336,47.641405],[26.2746416,47.6415944],[26.2758113,47.6434988],[26.2758076,47.6435246],[26.2745769,47.6441994],[26.2738446,47.643699],[26.272788,47.6429161],[26.2737223,47.6420414],[26.2744336,47.641405]]]}},{"type":"Feature","properties":{"UTR":"C2C","utr":"C2C","DENUMIRE":"Comercial tip C","denumire":"Comercial tip C","POT":60,"CUT":2.4,"RH":"P+3-P+5","FUNCTIUNE":"Comercial tip C","functiune":"Comercial tip C","c":"#FCA5A5","sursa":"PUG Suceava HCL 162/2017 - vectorizat TSS·FG","id":191},"geometry":{"type":"Polygon","coordinates":[[[26.272788,47.6429161],[26.2738446,47.643699],[26.2745769,47.6441994],[26.2758076,47.6435246],[26.2761731,47.644502],[26.2761978,47.644522],[26.2735361,47.6449093],[26.2726622,47.6449433],[26.2726499,47.6448464],[26.2727901,47.6447973],[26.2716892,47.643923],[26.272788,47.6429161]]]}},{"type":"Feature","properties":{"UTR":"C1","utr":"C1","DENUMIRE":"Centru civic intensiv","denumire":"Centru civic intensiv","POT":80,"CUT":4.0,"RH":"P+6-P+8","FUNCTIUNE":"Centru civic intensiv","functiune":"Centru civic intensiv","c":"#F97316","sursa":"PUG Suceava HCL 162/2017 - vectorizat TSS·FG","id":192},"geometry":{"type":"Polygon","coordinates":[[[26.2716892,47.643923],[26.2727901,47.6447973],[26.2726499,47.6448464],[26.2726622,47.6449433],[26.272327,47.6449424],[26.2723084,47.644887],[26.2721621,47.6450828],[26.2719306,47.6451794],[26.2715084,47.6451629],[26.271417,47.6452656],[26.2712192,47.6452909],[26.2711828,47.6452803],[26.2709354,47.6453318],[26.2706249,47.6453232],[26.2705194,47.6453637],[26.269996,47.6453284],[26.2695506,47.6451764],[26.2693974,47.6446366],[26.2696809,47.6442953],[26.2705956,47.6440174],[26.2707929,47.6441739],[26.2713948,47.6438023],[26.2716353,47.6439761],[26.2716892,47.643923]]]}},{"type":"Feature","properties":{"UTR":"C1","utr":"C1","DENUMIRE":"Centru civic intensiv","denumire":"Centru civic intensiv","POT":80,"CUT":4.0,"RH":"P+6-P+8","FUNCTIUNE":"Centru civic intensiv","functiune":"Centru civic intensiv","c":"#F97316","sursa":"PUG Suceava HCL 162/2017 - vectorizat TSS·FG","id":193},"geometry":{"type":"Polygon","coordinates":[[[26.2735598,47.642013],[26.2735539,47.6420517],[26.2726577,47.6428756],[26.2719095,47.6435634],[26.2715688,47.6438687],[26.2714474,47.6437887],[26.2711238,47.6435037],[26.2710996,47.6433955],[26.2709164,47.6427086],[26.2707089,47.6422763],[26.2714786,47.6422101],[26.2719724,47.6422415],[26.2720992,47.6422666],[26.2721253,47.6422146],[26.2727889,47.6419689],[26.2731414,47.6419339],[26.2734658,47.6419711],[26.2735263,47.6419841],[26.2735598,47.642013]]]}},{"type":"Feature","properties":{"UTR":"G1","utr":"G1","DENUMIRE":"Gospodarire comunala tip 1","denumire":"Gospodarire comunala tip 1","POT":55,"CUT":2.0,"RH":"P+2-P+3","FUNCTIUNE":"Gospodarire comunala tip 1","functiune":"Gospodarire comunala tip 1","c":"#60A5FA","sursa":"PUG Suceava HCL 162/2017 - vectorizat TSS·FG","id":194},"geometry":{"type":"Polygon","coordinates":[[[26.2711759,47.6393805],[26.2714542,47.6394596],[26.2721078,47.6392154],[26.2721344,47.6391735],[26.2726465,47.6393234],[26.2728351,47.6394303],[26.2742679,47.641167],[26.274302,47.6413328],[26.2735598,47.642013],[26.2735263,47.6419841],[26.2734658,47.6419711],[26.2731414,47.6419339],[26.2727889,47.6419689],[26.2721253,47.6422146],[26.2720992,47.6422666],[26.2719724,47.6422415],[26.2715268,47.6422133],[26.2708704,47.6412181],[26.2702898,47.6404359],[26.2702254,47.6399879],[26.2702493,47.6397608],[26.2702299,47.6397054],[26.2702049,47.6396845],[26.2704892,47.6395132],[26.2711072,47.6394161],[26.2711759,47.6393805]]]}},{"type":"Feature","properties":{"UTR":"C0","utr":"C0","DENUMIRE":"Centru civic principal","denumire":"Centru civic principal","POT":75,"CUT":3.5,"RH":"P+5-P+7","FUNCTIUNE":"Centru civic principal","functiune":"Centru civic principal","c":"#FB923C","sursa":"PUG Suceava HCL 162/2017 - vectorizat TSS·FG","id":195},"geometry":{"type":"Polygon","coordinates":[[[26.2602377,47.6402276],[26.2609547,47.6400354],[26.2610003,47.640214],[26.2611386,47.6404589],[26.2613293,47.6404223],[26.2614099,47.6407494],[26.2612755,47.6407784],[26.2613547,47.6409258],[26.2613396,47.6409403],[26.2613391,47.6410204],[26.2613392,47.641086],[26.261387,47.641113],[26.2613419,47.6411584],[26.2613299,47.6412092],[26.2615709,47.6413142],[26.2614974,47.6413316],[26.2613221,47.6412534],[26.2606487,47.6412793],[26.2605939,47.6412605],[26.2604837,47.6410517],[26.2604362,47.6409956],[26.2604378,47.6409095],[26.2604001,47.6408138],[26.2603645,47.6408134],[26.2603334,47.6406813],[26.2603002,47.6406848],[26.2603097,47.640497],[26.2603127,47.640371],[26.2602377,47.6402276]]]}},{"type":"Feature","properties":{"UTR":"LI","utr":"LI","DENUMIRE":"Locuinte individuale izolate","denumire":"Locuinte individuale izolate","POT":25,"CUT":0.8,"RH":"P+1-P+2","FUNCTIUNE":"Locuinte individuale izolate","functiune":"Locuinte individuale izolate","c":"#FEF3C7","sursa":"PUG Suceava HCL 162/2017 - vectorizat TSS·FG","id":196},"geometry":{"type":"Polygon","coordinates":[[[26.2609547,47.6400354],[26.2610953,47.6399977],[26.2613562,47.6399697],[26.2614951,47.6399777],[26.2620834,47.6400842],[26.2621609,47.6404218],[26.2615268,47.6404933],[26.2615181,47.6404125],[26.2613293,47.6404223],[26.2611386,47.6404589],[26.2610003,47.640214],[26.2609547,47.6400354]]]}},{"type":"Feature","properties":{"UTR":"LC","utr":"LC","DENUMIRE":"Locuinte colective","denumire":"Locuinte colective","POT":40,"CUT":1.6,"RH":"P+3-P+4","FUNCTIUNE":"Locuinte colective","functiune":"Locuinte colective","c":"#FCD34D","sursa":"PUG Suceava HCL 162/2017 - vectorizat TSS·FG","id":197},"geometry":{"type":"Polygon","coordinates":[[[26.2613293,47.6404223],[26.2615181,47.6404125],[26.2615268,47.6404933],[26.2621609,47.6404218],[26.2620834,47.6400842],[26.2626877,47.6401936],[26.2618403,47.641044],[26.2613547,47.6409258],[26.2612755,47.6407784],[26.2614099,47.6407494],[26.2613293,47.6404223]]]}},{"type":"Feature","properties":{"UTR":"MC","utr":"MC","DENUMIRE":"Mixt centru cartier","denumire":"Mixt centru cartier","POT":55,"CUT":2.4,"RH":"P+4-P+5","FUNCTIUNE":"Mixt centru cartier","functiune":"Mixt centru cartier","c":"#FCA5A1","sursa":"PUG Suceava HCL 162/2017 - vectorizat TSS·FG","id":198},"geometry":{"type":"Polygon","coordinates":[[[26.2614974,47.6413316],[26.2614912,47.6413643],[26.2613306,47.6414871],[26.2610861,47.6415818],[26.2601441,47.6418322],[26.2600111,47.6415634],[26.2597508,47.6412548],[26.2595943,47.6410288],[26.2593919,47.6405652],[26.2594416,47.6404675],[26.2596602,47.6403999],[26.2597493,47.6405449],[26.2598963,47.6407961],[26.2599329,47.6407266],[26.2598955,47.6409501],[26.2599332,47.640952],[26.2599938,47.6410936],[26.2600931,47.641141],[26.2603296,47.6416366],[26.2604171,47.6416256],[26.2605826,47.6414789],[26.2606487,47.6412793],[26.2613221,47.6412534],[26.2614974,47.6413316]]]}},{"type":"Feature","properties":{"UTR":"LI","utr":"LI","DENUMIRE":"Locuinte individuale izolate","denumire":"Locuinte individuale izolate","POT":25,"CUT":0.8,"RH":"P+1-P+2","FUNCTIUNE":"Locuinte individuale izolate","functiune":"Locuinte individuale izolate","c":"#FEF3C7","sursa":"PUG Suceava HCL 162/2017 - vectorizat TSS·FG","id":199},"geometry":{"type":"Polygon","coordinates":[[[26.2613547,47.6409258],[26.2618403,47.641044],[26.2615716,47.6413137],[26.2615709,47.6413142],[26.2613299,47.6412092],[26.2613419,47.6411584],[26.261387,47.641113],[26.2613392,47.641086],[26.2613391,47.6410204],[26.2613396,47.6409403],[26.2613547,47.6409258]]]}},{"type":"Feature","properties":{"UTR":"M1","utr":"M1","DENUMIRE":"Mixt rezidential-tertiar","denumire":"Mixt rezidential-tertiar","POT":55,"CUT":2.4,"RH":"P+4-P+5","FUNCTIUNE":"Mixt rezidential-tertiar","functiune":"Mixt rezidential-tertiar","c":"#FCA5A1","sursa":"PUG Suceava HCL 162/2017 - vectorizat TSS·FG","id":200},"geometry":{"type":"Polygon","coordinates":[[[26.2597493,47.6405449],[26.2596602,47.6403999],[26.2599611,47.6403068],[26.2599794,47.6403166],[26.2599452,47.6405384],[26.2597493,47.6405449]]]}},{"type":"Feature","properties":{"UTR":"LI","utr":"LI","DENUMIRE":"Locuinte individuale izolate","denumire":"Locuinte individuale izolate","POT":25,"CUT":0.8,"RH":"P+1-P+2","FUNCTIUNE":"Locuinte individuale izolate","functiune":"Locuinte individuale izolate","c":"#FEF3C7","sursa":"PUG Suceava HCL 162/2017 - vectorizat TSS·FG","id":201},"geometry":{"type":"Polygon","coordinates":[[[26.2600815,47.6402696],[26.2600824,47.6402693],[26.2602377,47.6402276],[26.2603127,47.640371],[26.2603097,47.640497],[26.2603002,47.6406848],[26.2603334,47.6406813],[26.2603645,47.6408134],[26.2604001,47.6408138],[26.2604378,47.6409095],[26.2604362,47.6409956],[26.2604837,47.6410517],[26.2605939,47.6412605],[26.2606487,47.6412793],[26.2605826,47.6414789],[26.2604171,47.6416256],[26.2603296,47.6416366],[26.2600931,47.641141],[26.2599938,47.6410936],[26.2599332,47.640952],[26.2598955,47.6409501],[26.2599329,47.6407266],[26.2600815,47.6402696]]]}},{"type":"Feature","properties":{"UTR":"V1A","utr":"V1A","DENUMIRE":"Spatii verzi tip A","denumire":"Spatii verzi tip A","POT":5,"CUT":0.05,"RH":"-","FUNCTIUNE":"Spatii verzi tip A","functiune":"Spatii verzi tip A","c":"#86EFAC","sursa":"PUG Suceava HCL 162/2017 - vectorizat TSS·FG","id":202},"geometry":{"type":"Polygon","coordinates":[[[26.2450523,47.639672],[26.2466165,47.6402228],[26.2466481,47.6402381],[26.2466194,47.6402617],[26.2462512,47.6409145],[26.2455032,47.6407604],[26.2449744,47.6407412],[26.2450907,47.6405376],[26.2447021,47.64004],[26.2450523,47.639672]]]}},{"type":"Feature","properties":{"UTR":"M1","utr":"M1","DENUMIRE":"Mixt rezidential-tertiar","denumire":"Mixt rezidential-tertiar","POT":55,"CUT":2.4,"RH":"P+4-P+5","FUNCTIUNE":"Mixt rezidential-tertiar","functiune":"Mixt rezidential-tertiar","c":"#FCA5A1","sursa":"PUG Suceava HCL 162/2017 - vectorizat TSS·FG","id":203},"geometry":{"type":"Polygon","coordinates":[[[26.2359641,47.6413331],[26.2350523,47.6407389],[26.2349583,47.6404935],[26.2370536,47.6384342],[26.237164,47.6385836],[26.2373993,47.6386924],[26.2370199,47.6390151],[26.2368756,47.6390792],[26.2362006,47.6396955],[26.2362412,47.6397202],[26.2353592,47.640608],[26.2362482,47.6411317],[26.2361636,47.6412057],[26.2359641,47.6413331]]]}},{"type":"Feature","properties":{"UTR":"M1","utr":"M1","DENUMIRE":"Mixt rezidential-tertiar","denumire":"Mixt rezidential-tertiar","POT":55,"CUT":2.4,"RH":"P+4-P+5","FUNCTIUNE":"Mixt rezidential-tertiar","functiune":"Mixt rezidential-tertiar","c":"#FCA5A1","sursa":"PUG Suceava HCL 162/2017 - vectorizat TSS·FG","id":204},"geometry":{"type":"Polygon","coordinates":[[[26.2372568,47.6383432],[26.2375308,47.6382041],[26.2382672,47.6379473],[26.238919,47.6378495],[26.2385088,47.638474],[26.2381458,47.6383496],[26.2377419,47.6384086],[26.2375966,47.6385237],[26.23741,47.6385258],[26.2373986,47.6384974],[26.2374105,47.638456],[26.2372568,47.6383432]]]}},{"type":"Feature","properties":{"UTR":"L1A","utr":"L1A","DENUMIRE":"Locuinte individuale tip A","denumire":"Locuinte individuale tip A","POT":30,"CUT":0.9,"RH":"P+1-P+2","FUNCTIUNE":"Locuinte individuale tip A","functiune":"Locuinte individuale tip A","c":"#FDE68A","sursa":"PUG Suceava HCL 162/2017 - vectorizat TSS·FG","id":205},"geometry":{"type":"Polygon","coordinates":[[[26.2342941,47.6484579],[26.2341333,47.6485235],[26.2336395,47.6485097],[26.2333882,47.6485932],[26.2332199,47.6486009],[26.2329765,47.6487725],[26.2312802,47.6487926],[26.2295244,47.6482312],[26.2294078,47.6479484],[26.2293828,47.6473362],[26.2295189,47.6471146],[26.2290351,47.6463935],[26.22966,47.6460503],[26.2297172,47.6460771],[26.229697,47.646497],[26.2300922,47.6474035],[26.2296634,47.6475551],[26.229732,47.647819],[26.2298784,47.6480752],[26.2300562,47.6480255],[26.2308553,47.6480972],[26.2308555,47.6481301],[26.2317431,47.6482872],[26.2330136,47.6484153],[26.2340899,47.6484466],[26.2342941,47.6484579]]]}},{"type":"Feature","properties":{"UTR":"L2","utr":"L2","DENUMIRE":"Locuinte colective mici","denumire":"Locuinte colective mici","POT":40,"CUT":1.6,"RH":"P+3-P+4","FUNCTIUNE":"Locuinte colective mici","functiune":"Locuinte colective mici","c":"#FCD34D","sursa":"PUG Suceava HCL 162/2017 - vectorizat TSS·FG","id":206},"geometry":{"type":"Polygon","coordinates":[[[26.2362482,47.6411317],[26.2353592,47.640608],[26.2362412,47.6397202],[26.2362006,47.6396955],[26.2368756,47.6390792],[26.2370199,47.6390151],[26.2373993,47.6386924],[26.237164,47.6385836],[26.2370536,47.6384342],[26.2372568,47.6383432],[26.2374105,47.638456],[26.2373986,47.6384974],[26.23741,47.6385258],[26.2375966,47.6385237],[26.2377419,47.6384086],[26.2381458,47.6383496],[26.2385088,47.638474],[26.2384326,47.6385958],[26.2389953,47.6388027],[26.2384542,47.6394696],[26.2384085,47.639472],[26.2379636,47.6400369],[26.2377668,47.6399477],[26.2376492,47.6399862],[26.2362434,47.6410474],[26.2362482,47.6411317]]]}},{"type":"Feature","properties":{"UTR":"L1B","utr":"L1B","DENUMIRE":"Locuinte individuale tip B","denumire":"Locuinte individuale tip B","POT":35,"CUT":1.1,"RH":"P+1-P+2","FUNCTIUNE":"Locuinte individuale tip B","functiune":"Locuinte individuale tip B","c":"#FCD34D","sursa":"PUG Suceava HCL 162/2017 - vectorizat TSS·FG","id":207},"geometry":{"type":"Polygon","coordinates":[[[26.2398773,47.6378495],[26.2421225,47.6386403],[26.2419062,47.6389183],[26.2416807,47.639174],[26.241901,47.6393327],[26.2421112,47.6394466],[26.2406895,47.6408288],[26.2401924,47.6406214],[26.2405457,47.6401898],[26.2395917,47.639847],[26.2391955,47.640435],[26.2393296,47.6404795],[26.2392967,47.640519],[26.2379636,47.6400369],[26.2384085,47.639472],[26.2384542,47.6394696],[26.2389953,47.6388027],[26.2384326,47.6385958],[26.2385088,47.638474],[26.238919,47.6378495],[26.2390846,47.6377945],[26.2398773,47.6378495]]]}},{"type":"Feature","properties":{"UTR":"L2","utr":"L2","DENUMIRE":"Locuinte colective mici","denumire":"Locuinte colective mici","POT":40,"CUT":1.6,"RH":"P+3-P+4","FUNCTIUNE":"Locuinte colective mici","functiune":"Locuinte colective mici","c":"#FCD34D","sursa":"PUG Suceava HCL 162/2017 - vectorizat TSS·FG","id":208},"geometry":{"type":"Polygon","coordinates":[[[26.2406895,47.6408288],[26.2404519,47.6410574],[26.2402754,47.6410767],[26.240118,47.6410577],[26.2398072,47.6408398],[26.2393153,47.6405257],[26.2392967,47.640519],[26.2393296,47.6404795],[26.2391955,47.640435],[26.2395917,47.639847],[26.2405457,47.6401898],[26.2401924,47.6406214],[26.2406895,47.6408288]]]}},{"type":"Feature","properties":{"UTR":"MC","utr":"MC","DENUMIRE":"Mixt centru cartier","denumire":"Mixt centru cartier","POT":55,"CUT":2.4,"RH":"P+4-P+5","FUNCTIUNE":"Mixt centru cartier","functiune":"Mixt centru cartier","c":"#FCA5A1","sursa":"PUG Suceava HCL 162/2017 - vectorizat TSS·FG","id":209},"geometry":{"type":"Polygon","coordinates":[[[26.2423927,47.6391061],[26.2422568,47.6393054],[26.2421112,47.6394466],[26.241901,47.6393327],[26.2416807,47.639174],[26.2419062,47.6389183],[26.2423927,47.6391061]]]}},{"type":"Feature","properties":{"UTR":"V1A","utr":"V1A","DENUMIRE":"Spatii verzi tip A","denumire":"Spatii verzi tip A","POT":5,"CUT":0.05,"RH":"-","FUNCTIUNE":"Spatii verzi tip A","functiune":"Spatii verzi tip A","c":"#86EFAC","sursa":"PUG Suceava HCL 162/2017 - vectorizat TSS·FG","id":210},"geometry":{"type":"Polygon","coordinates":[[[26.2419062,47.6389183],[26.2421225,47.6386403],[26.2426091,47.638812],[26.2423927,47.6391061],[26.2419062,47.6389183]]]}},{"type":"Feature","properties":{"UTR":"L1B","utr":"L1B","DENUMIRE":"Locuinte individuale tip B","denumire":"Locuinte individuale tip B","POT":35,"CUT":1.1,"RH":"P+1-P+2","FUNCTIUNE":"Locuinte individuale tip B","functiune":"Locuinte individuale tip B","c":"#FCD34D","sursa":"PUG Suceava HCL 162/2017 - vectorizat TSS·FG","id":211},"geometry":{"type":"Polygon","coordinates":[[[26.2394602,47.6434686],[26.2359641,47.6413331],[26.2361636,47.6412057],[26.2364511,47.6413663],[26.2365425,47.641301],[26.2368659,47.6414878],[26.2369717,47.6414105],[26.2372839,47.6416145],[26.237101,47.6417565],[26.2377106,47.6421277],[26.2379144,47.6419753],[26.2382913,47.6422065],[26.2381083,47.6423396],[26.2386689,47.6426786],[26.238903,47.6425226],[26.239184,47.6427035],[26.2389897,47.6428551],[26.2397305,47.6432592],[26.2395615,47.6434469],[26.2394602,47.6434686]]]}},{"type":"Feature","properties":{"UTR":"L2","utr":"L2","DENUMIRE":"Locuinte colective mici","denumire":"Locuinte colective mici","POT":40,"CUT":1.6,"RH":"P+3-P+4","FUNCTIUNE":"Locuinte colective mici","functiune":"Locuinte colective mici","c":"#FCD34D","sursa":"PUG Suceava HCL 162/2017 - vectorizat TSS·FG","id":212},"geometry":{"type":"Polygon","coordinates":[[[26.2384143,47.6410323],[26.2385956,47.6410467],[26.2384158,47.6410805],[26.2383958,47.6410745],[26.2382361,47.6411035],[26.2379071,47.6411281],[26.2378835,47.6411562],[26.2389659,47.6418094],[26.2394811,47.6414084],[26.239194,47.6413033],[26.2392118,47.641268],[26.2395898,47.6408515],[26.2398301,47.6410399],[26.2400153,47.6412391],[26.2400196,47.6412464],[26.2395338,47.6415834],[26.2397015,47.6417005],[26.2395516,47.6418403],[26.2394775,47.6419736],[26.2402028,47.6419833],[26.2402069,47.6420159],[26.2400595,47.6426984],[26.2397305,47.6432592],[26.2389897,47.6428551],[26.239184,47.6427035],[26.238903,47.6425226],[26.2386689,47.6426786],[26.2381083,47.6423396],[26.2382913,47.6422065],[26.2379144,47.6419753],[26.2377106,47.6421277],[26.237101,47.6417565],[26.2372839,47.6416145],[26.2369717,47.6414105],[26.2368659,47.6414878],[26.2365425,47.641301],[26.2364511,47.6413663],[26.2362581,47.6412587],[26.2367657,47.6408758],[26.237789,47.6401235],[26.2392248,47.6406131],[26.2395292,47.6408042],[26.239246,47.6411581],[26.2386241,47.6409733],[26.2383617,47.6408206],[26.2375819,47.6405679],[26.2372663,47.6409896],[26.2375992,47.6411132],[26.2382303,47.641069],[26.2384143,47.6410323]]]}},{"type":"Feature","properties":{"UTR":"L3","utr":"L3","DENUMIRE":"Locuinte colective medii","denumire":"Locuinte colective medii","POT":40,"CUT":1.8,"RH":"P+4-P+6","FUNCTIUNE":"Locuinte colective medii","functiune":"Locuinte colective medii","c":"#F59E0B","sursa":"PUG Suceava HCL 162/2017 - vectorizat TSS·FG","id":213},"geometry":{"type":"Polygon","coordinates":[[[26.2400196,47.6412464],[26.2401359,47.6414483],[26.2402028,47.6419833],[26.2394775,47.6419736],[26.2395516,47.6418403],[26.2397015,47.6417005],[26.2395338,47.6415834],[26.2400196,47.6412464]]]}},{"type":"Feature","properties":{"UTR":"C2A","utr":"C2A","DENUMIRE":"Comercial tip A","denumire":"Comercial tip A","POT":60,"CUT":2.4,"RH":"P+3-P+5","FUNCTIUNE":"Comercial tip A","functiune":"Comercial tip A","c":"#FDBA74","sursa":"PUG Suceava HCL 162/2017 - vectorizat TSS·FG","id":214},"geometry":{"type":"Polygon","coordinates":[[[26.2385956,47.6410467],[26.2392118,47.641268],[26.239194,47.6413033],[26.2394811,47.6414084],[26.2389659,47.6418094],[26.2378835,47.6411562],[26.2379071,47.6411281],[26.2382361,47.6411035],[26.2383958,47.6410745],[26.2384158,47.6410805],[26.2385956,47.6410467]]]}},{"type":"Feature","properties":{"UTR":"F","utr":"F","DENUMIRE":"Institutii publice","denumire":"Institutii publice","POT":45,"CUT":1.5,"RH":"P+2-P+4","FUNCTIUNE":"Institutii publice","functiune":"Institutii publice","c":"#93C5FD","sursa":"PUG Suceava HCL 162/2017 - vectorizat TSS·FG","id":215},"geometry":{"type":"Polygon","coordinates":[[[26.2383617,47.6408206],[26.2384143,47.6410323],[26.2382303,47.641069],[26.2375992,47.6411132],[26.2372663,47.6409896],[26.2375819,47.6405679],[26.2383617,47.6408206]]]}},{"type":"Feature","properties":{"UTR":"M3","utr":"M3","DENUMIRE":"Mixt dotari","denumire":"Mixt dotari","POT":60,"CUT":2.8,"RH":"P+4-P+5","FUNCTIUNE":"Mixt dotari","functiune":"Mixt dotari","c":"#FDA4AF","sursa":"PUG Suceava HCL 162/2017 - vectorizat TSS·FG","id":216},"geometry":{"type":"Polygon","coordinates":[[[26.2678307,47.6315742],[26.268825,47.6309223],[26.2709717,47.6322599],[26.2702409,47.6330711],[26.2702157,47.633089],[26.2696036,47.6326829],[26.2695396,47.6325771],[26.2684761,47.631789],[26.2682727,47.6319052],[26.2678307,47.6315742]]]}},{"type":"Feature","properties":{"UTR":"V2B","utr":"V2B","DENUMIRE":"Sport-agrement tip B","denumire":"Sport-agrement tip B","POT":10,"CUT":0.1,"RH":"P","FUNCTIUNE":"Sport-agrement tip B","functiune":"Sport-agrement tip B","c":"#22C55E","sursa":"PUG Suceava HCL 162/2017 - vectorizat TSS·FG","id":217},"geometry":{"type":"Polygon","coordinates":[[[26.2508773,47.6712645],[26.2497836,47.6715111],[26.2495728,47.6713696],[26.2477432,47.6715354],[26.2448397,47.6713612],[26.2427481,47.6714914],[26.2427141,47.6713167],[26.243045,47.6713306],[26.2466666,47.6709995],[26.2493758,47.6709355],[26.2503525,47.6707938],[26.2505092,47.6707509],[26.2508773,47.6712645]]]}},{"type":"Feature","properties":{"UTR":"V2C","utr":"V2C","DENUMIRE":"Sport-agrement tip C","denumire":"Sport-agrement tip C","POT":10,"CUT":0.1,"RH":"P","FUNCTIUNE":"Sport-agrement tip C","functiune":"Sport-agrement tip C","c":"#22C55E","sursa":"PUG Suceava HCL 162/2017 - vectorizat TSS·FG","id":218},"geometry":{"type":"Polygon","coordinates":[[[26.2636835,47.6583168],[26.2614056,47.6592774],[26.2599883,47.661064],[26.2584541,47.6623538],[26.254272,47.6632193],[26.2530681,47.6642878],[26.252979,47.6647748],[26.2540635,47.6663772],[26.2541259,47.668574],[26.2540365,47.6694266],[26.2535598,47.6702216],[26.252837,47.6707119],[26.2521809,47.6708984],[26.2516399,47.6710925],[26.2510533,47.6712248],[26.25066,47.6707096],[26.2520652,47.6701993],[26.2525783,47.6697645],[26.2529,47.669094],[26.2527547,47.6684517],[26.2525192,47.668118],[26.2511517,47.6661805],[26.2509245,47.6653649],[26.2513532,47.664276],[26.2520135,47.6637234],[26.2540691,47.6628993],[26.2553629,47.6627585],[26.2563778,47.6625279],[26.2571797,47.6621769],[26.2587682,47.6596023],[26.2589145,47.6594661],[26.2594774,47.658942],[26.2601705,47.6585519],[26.2616662,47.6579327],[26.2619666,47.6578084],[26.2629377,47.6574274],[26.2636835,47.6583168]]]}},{"type":"Feature","properties":{"UTR":"M4","utr":"M4","DENUMIRE":"Mixt servicii","denumire":"Mixt servicii","POT":60,"CUT":2.8,"RH":"P+4-P+6","FUNCTIUNE":"Mixt servicii","functiune":"Mixt servicii","c":"#FB7185","sursa":"PUG Suceava HCL 162/2017 - vectorizat TSS·FG","id":219},"geometry":{"type":"Polygon","coordinates":[[[26.2434746,47.6712913],[26.243045,47.6713306],[26.2427141,47.6713167],[26.2427481,47.6714914],[26.24258,47.6715019],[26.2425601,47.6713199],[26.2421115,47.671205],[26.2416238,47.6708066],[26.2414529,47.6705707],[26.2414167,47.6703498],[26.2412674,47.6702505],[26.2414054,47.6701015],[26.2405841,47.6696579],[26.2404867,47.669489],[26.2401295,47.6693082],[26.2400898,47.6690195],[26.2401752,47.6687462],[26.2398175,47.6683943],[26.2399197,47.6681768],[26.2386973,47.6673468],[26.2380952,47.6667128],[26.2380729,47.6659262],[26.2400817,47.6640322],[26.2400414,47.663986],[26.2401026,47.6639822],[26.2404487,47.6639989],[26.2416219,47.6648195],[26.2443573,47.6663408],[26.2451325,47.6667317],[26.2489131,47.669124],[26.2495353,47.6696358],[26.2503525,47.6707938],[26.2493758,47.6709355],[26.2468184,47.6709959],[26.245761,47.6697667],[26.2458911,47.6696036],[26.243492,47.6689604],[26.2432072,47.6693109],[26.242922,47.6705528],[26.2439689,47.6707919],[26.2439419,47.6708689],[26.2434608,47.6712078],[26.2434746,47.6712913]]]}},{"type":"Feature","properties":{"UTR":"L1B","utr":"L1B","DENUMIRE":"Locuinte individuale tip B","denumire":"Locuinte individuale tip B","POT":35,"CUT":1.1,"RH":"P+1-P+2","FUNCTIUNE":"Locuinte individuale tip B","functiune":"Locuinte individuale tip B","c":"#FCD34D","sursa":"PUG Suceava HCL 162/2017 - vectorizat TSS·FG","id":220},"geometry":{"type":"Polygon","coordinates":[[[26.2468184,47.6709959],[26.2466666,47.6709995],[26.2434746,47.6712913],[26.2434608,47.6712078],[26.2439419,47.6708689],[26.2439689,47.6707919],[26.242922,47.6705528],[26.2432072,47.6693109],[26.243492,47.6689604],[26.2458911,47.6696036],[26.245761,47.6697667],[26.2468184,47.6709959]]]}},{"type":"Feature","properties":{"UTR":"T2","utr":"T2","DENUMIRE":"Turism tip 2","denumire":"Turism tip 2","POT":50,"CUT":2.0,"RH":"P+4-P+6","FUNCTIUNE":"Turism tip 2","functiune":"Turism tip 2","c":"#A78BFA","sursa":"PUG Suceava HCL 162/2017 - vectorizat TSS·FG","id":221},"geometry":{"type":"Polygon","coordinates":[[[26.2509872,47.6705907],[26.25066,47.6707096],[26.2505092,47.6707509],[26.2503525,47.6707938],[26.2495353,47.6696358],[26.2489131,47.669124],[26.2491849,47.6690143],[26.2495476,47.6689122],[26.2509872,47.6705907]]]}},{"type":"Feature","properties":{"UTR":"V2A","utr":"V2A","DENUMIRE":"Sport-agrement tip A","denumire":"Sport-agrement tip A","POT":10,"CUT":0.1,"RH":"P","FUNCTIUNE":"Sport-agrement tip A","functiune":"Sport-agrement tip A","c":"#4ADE80","sursa":"PUG Suceava HCL 162/2017 - vectorizat TSS·FG","id":222},"geometry":{"type":"Polygon","coordinates":[[[26.2493737,47.6689611],[26.2491849,47.6690143],[26.2451743,47.6665293],[26.2452285,47.6664621],[26.2465108,47.6672747],[26.2472815,47.6676338],[26.2491085,47.6686771],[26.2493737,47.6689611]]]}},{"type":"Feature","properties":{"UTR":"L1B","utr":"L1B","DENUMIRE":"Locuinte individuale tip B","denumire":"Locuinte individuale tip B","POT":35,"CUT":1.1,"RH":"P+1-P+2","FUNCTIUNE":"Locuinte individuale tip B","functiune":"Locuinte individuale tip B","c":"#FCD34D","sursa":"PUG Suceava HCL 162/2017 - vectorizat TSS·FG","id":223},"geometry":{"type":"Polygon","coordinates":[[[26.252157,47.6701215],[26.2520652,47.6701993],[26.2509872,47.6705907],[26.2495476,47.6689122],[26.2493737,47.6689611],[26.2491085,47.6686771],[26.2472815,47.6676338],[26.2465108,47.6672747],[26.2452285,47.6664621],[26.2455267,47.6660731],[26.2465265,47.6664009],[26.2465137,47.6661218],[26.2470742,47.666439],[26.2472331,47.666344],[26.2472262,47.6662463],[26.2474746,47.6662244],[26.2478551,47.6659622],[26.248032,47.6663042],[26.2481313,47.6666097],[26.2483385,47.6669035],[26.2505039,47.6685064],[26.250545,47.6685368],[26.2503285,47.6686576],[26.250514,47.6688889],[26.2508549,47.6689266],[26.2507215,47.6689731],[26.252157,47.6701215]]]}},{"type":"Feature","properties":{"UTR":"C1","utr":"C1","DENUMIRE":"Centru civic intensiv","denumire":"Centru civic intensiv","POT":80,"CUT":4.0,"RH":"P+6-P+8","FUNCTIUNE":"Centru civic intensiv","functiune":"Centru civic intensiv","c":"#F97316","sursa":"PUG Suceava HCL 162/2017 - vectorizat TSS·FG","id":224},"geometry":{"type":"Polygon","coordinates":[[[26.2404892,47.6620497],[26.2403074,47.662016],[26.2402529,47.6618797],[26.2404145,47.6615717],[26.2405483,47.6608412],[26.2409741,47.660702],[26.2413141,47.6604508],[26.2416108,47.660561],[26.241868,47.6605596],[26.2421626,47.6605967],[26.2425809,47.6606833],[26.2429161,47.6606596],[26.2429448,47.6608724],[26.2430467,47.6610351],[26.2425837,47.6613928],[26.2425926,47.6614864],[26.2426746,47.6616005],[26.2429717,47.6616954],[26.242425,47.66204],[26.2418887,47.6618807],[26.2417496,47.6619211],[26.2416418,47.6619995],[26.2415111,47.6619344],[26.2414675,47.6618206],[26.2411442,47.6618442],[26.2410381,47.6618983],[26.2409473,47.6622748],[26.2405704,47.662304],[26.2404756,47.6621443],[26.2404892,47.6620497]]]}},{"type":"Feature","properties":{"UTR":"C1","utr":"C1","DENUMIRE":"Centru civic intensiv","denumire":"Centru civic intensiv","POT":80,"CUT":4.0,"RH":"P+6-P+8","FUNCTIUNE":"Centru civic intensiv","functiune":"Centru civic intensiv","c":"#F97316","sursa":"PUG Suceava HCL 162/2017 - vectorizat TSS·FG","id":225},"geometry":{"type":"Polygon","coordinates":[[[26.2441608,47.6608267],[26.2449862,47.6605203],[26.2451612,47.6607183],[26.2443666,47.6610441],[26.2442868,47.6610128],[26.2441608,47.6608267]]]}},{"type":"Feature","properties":{"UTR":"M4","utr":"M4","DENUMIRE":"Mixt servicii","denumire":"Mixt servicii","POT":60,"CUT":2.8,"RH":"P+4-P+6","FUNCTIUNE":"Mixt servicii","functiune":"Mixt servicii","c":"#FB7185","sursa":"PUG Suceava HCL 162/2017 - vectorizat TSS·FG","id":226},"geometry":{"type":"Polygon","coordinates":[[[26.2478551,47.6659622],[26.2474746,47.6662244],[26.2472262,47.6662463],[26.2472331,47.666344],[26.2470742,47.666439],[26.2465137,47.6661218],[26.2465265,47.6664009],[26.2455267,47.6660731],[26.2452285,47.6664621],[26.2451743,47.6665293],[26.2450389,47.6664471],[26.2450982,47.6663597],[26.2425204,47.6647422],[26.2439893,47.6643103],[26.2439749,47.6642466],[26.2442699,47.6642137],[26.2443153,47.6641767],[26.2445847,47.6641935],[26.2449509,47.6640508],[26.2448872,47.6640307],[26.2450363,47.6639554],[26.2455369,47.6646445],[26.2454623,47.664787],[26.2452729,47.6648879],[26.2457648,47.6650684],[26.246112,47.6651339],[26.2463725,47.6648352],[26.2462709,47.6647879],[26.2464354,47.6645375],[26.2465958,47.6645326],[26.2467446,47.6641628],[26.2471271,47.6641919],[26.2471919,47.664231],[26.2473601,47.664686],[26.2472759,47.6647116],[26.2473442,47.6649541],[26.2474073,47.6649508],[26.2477665,47.6658216],[26.2476787,47.6658809],[26.2478551,47.6659622]]]}},{"type":"Feature","properties":{"UTR":"V2A","utr":"V2A","DENUMIRE":"Sport-agrement tip A","denumire":"Sport-agrement tip A","POT":10,"CUT":0.1,"RH":"P","FUNCTIUNE":"Sport-agrement tip A","functiune":"Sport-agrement tip A","c":"#4ADE80","sursa":"PUG Suceava HCL 162/2017 - vectorizat TSS·FG","id":227},"geometry":{"type":"Polygon","coordinates":[[[26.2439749,47.6642466],[26.2439893,47.6643103],[26.2425204,47.6647422],[26.2450982,47.6663597],[26.2450389,47.6664471],[26.2426791,47.6650712],[26.2405385,47.6637143],[26.2401026,47.6639822],[26.2400414,47.663986],[26.2387202,47.6624689],[26.2386979,47.6604695],[26.2399013,47.6581395],[26.2401167,47.6594865],[26.2402665,47.6597585],[26.240254,47.6600544],[26.2399603,47.6602816],[26.239572,47.6614613],[26.2397367,47.6619775],[26.2396306,47.6621503],[26.2397094,47.6625903],[26.2405363,47.6632545],[26.240729,47.6634766],[26.2418466,47.6642374],[26.2420709,47.6642207],[26.242332,47.6643752],[26.2427743,47.6645205],[26.2429401,47.6645232],[26.2434055,47.6643615],[26.2435946,47.664396],[26.2439749,47.6642466]]]}},{"type":"Feature","properties":{"UTR":"V3","utr":"V3","DENUMIRE":"Culoar verde protectie","denumire":"Culoar verde protectie","POT":2,"CUT":0.02,"RH":"-","FUNCTIUNE":"Culoar verde protectie","functiune":"Culoar verde protectie","c":"#4ADE80","sursa":"PUG Suceava HCL 162/2017 - vectorizat TSS·FG","id":228},"geometry":{"type":"Polygon","coordinates":[[[26.2629377,47.6574274],[26.2619666,47.6578084],[26.2616662,47.6579327],[26.2602685,47.6564585],[26.2614828,47.6558002],[26.2629377,47.6574274]]]}},{"type":"Feature","properties":{"UTR":"C2C","utr":"C2C","DENUMIRE":"Comercial tip C","denumire":"Comercial tip C","POT":60,"CUT":2.4,"RH":"P+3-P+5","FUNCTIUNE":"Comercial tip C","functiune":"Comercial tip C","c":"#FCA5A5","sursa":"PUG Suceava HCL 162/2017 - vectorizat TSS·FG","id":229},"geometry":{"type":"Polygon","coordinates":[[[26.2614828,47.6558002],[26.2602685,47.6564585],[26.2616662,47.6579327],[26.2601705,47.6585519],[26.2594774,47.658942],[26.2589145,47.6594661],[26.2588068,47.6594521],[26.2582508,47.6589298],[26.2582725,47.6589023],[26.2579957,47.6586221],[26.2581875,47.6581639],[26.2578318,47.6579414],[26.2574359,47.6581435],[26.2572413,47.6579828],[26.2580689,47.6575367],[26.2588225,47.6571736],[26.2588954,47.6570954],[26.2588627,47.6570741],[26.2591362,47.6569275],[26.2590961,47.6567138],[26.2600885,47.6558707],[26.2605298,47.6555499],[26.260789,47.6554851],[26.2610533,47.6555122],[26.2612685,47.6556184],[26.2614828,47.6558002]]]}},{"type":"Feature","properties":{"UTR":"V4","utr":"V4","DENUMIRE":"Spatii verzi rezidential","denumire":"Spatii verzi rezidential","POT":3,"CUT":0.03,"RH":"-","FUNCTIUNE":"Spatii verzi rezidential","functiune":"Spatii verzi rezidential","c":"#86EFAC","sursa":"PUG Suceava HCL 162/2017 - vectorizat TSS·FG","id":230},"geometry":{"type":"Polygon","coordinates":[[[26.2525192,47.668118],[26.2527547,47.6684517],[26.2529,47.669094],[26.2525783,47.6697645],[26.252157,47.6701215],[26.2507215,47.6689731],[26.2508549,47.6689266],[26.2512334,47.6690753],[26.2520419,47.6687967],[26.2521777,47.6686836],[26.252342,47.6683453],[26.252322,47.6681792],[26.2525192,47.668118]]]}},{"type":"Feature","properties":{"UTR":"C2C","utr":"C2C","DENUMIRE":"Comercial tip C","denumire":"Comercial tip C","POT":60,"CUT":2.4,"RH":"P+3-P+5","FUNCTIUNE":"Comercial tip C","functiune":"Comercial tip C","c":"#FCA5A5","sursa":"PUG Suceava HCL 162/2017 - vectorizat TSS·FG","id":231},"geometry":{"type":"Polygon","coordinates":[[[26.252322,47.6681792],[26.252342,47.6683453],[26.2521777,47.6686836],[26.2520419,47.6687967],[26.2512334,47.6690753],[26.2508549,47.6689266],[26.250514,47.6688889],[26.2503285,47.6686576],[26.250545,47.6685368],[26.2505039,47.6685064],[26.2505635,47.6684734],[26.2503158,47.6682666],[26.250433,47.668196],[26.2502068,47.6681406],[26.2516777,47.6674239],[26.252322,47.6681792]]]}},{"type":"Feature","properties":{"UTR":"L1B","utr":"L1B","DENUMIRE":"Locuinte individuale tip B","denumire":"Locuinte individuale tip B","POT":35,"CUT":1.1,"RH":"P+1-P+2","FUNCTIUNE":"Locuinte individuale tip B","functiune":"Locuinte individuale tip B","c":"#FCD34D","sursa":"PUG Suceava HCL 162/2017 - vectorizat TSS·FG","id":232},"geometry":{"type":"Polygon","coordinates":[[[26.2516777,47.6674239],[26.2502068,47.6681406],[26.2499181,47.6679361],[26.2490925,47.6673245],[26.2497079,47.6669604],[26.2499659,47.6670109],[26.250206,47.6669929],[26.2503339,47.6669101],[26.2504177,47.6667702],[26.2503713,47.6666155],[26.2509956,47.6662856],[26.2514041,47.6669279],[26.2513172,47.6669788],[26.2516777,47.6674239]]]}},{"type":"Feature","properties":{"UTR":"C2B","utr":"C2B","DENUMIRE":"Comercial tip B","denumire":"Comercial tip B","POT":60,"CUT":2.4,"RH":"P+3-P+5","FUNCTIUNE":"Comercial tip B","functiune":"Comercial tip B","c":"#FCA5A5","sursa":"PUG Suceava HCL 162/2017 - vectorizat TSS·FG","id":233},"geometry":{"type":"Polygon","coordinates":[[[26.2509956,47.6662856],[26.2503713,47.6666155],[26.2504177,47.6667702],[26.2503339,47.6669101],[26.250206,47.6669929],[26.2499659,47.6670109],[26.2497079,47.6669604],[26.2490925,47.6673245],[26.2488395,47.667109],[26.2486729,47.6669061],[26.2485316,47.6668188],[26.2481785,47.66632],[26.2482089,47.6662548],[26.2477149,47.6653839],[26.2490185,47.6652986],[26.2497218,47.6658218],[26.2499111,47.6658097],[26.2507987,47.6654799],[26.2508459,47.6658633],[26.2507376,47.6659386],[26.2509956,47.6662856]]]}},{"type":"Feature","properties":{"UTR":"M4","utr":"M4","DENUMIRE":"Mixt servicii","denumire":"Mixt servicii","POT":60,"CUT":2.8,"RH":"P+4-P+6","FUNCTIUNE":"Mixt servicii","functiune":"Mixt servicii","c":"#FB7185","sursa":"PUG Suceava HCL 162/2017 - vectorizat TSS·FG","id":234},"geometry":{"type":"Polygon","coordinates":[[[26.2516964,47.6611139],[26.2522438,47.6606807],[26.252318,47.6607178],[26.2524668,47.6607927],[26.2525573,47.660723],[26.252729,47.6608181],[26.253093,47.6605328],[26.2529166,47.6604227],[26.2531922,47.6601797],[26.2530036,47.6600794],[26.2534271,47.6597443],[26.2572413,47.6579828],[26.2574359,47.6581435],[26.2578318,47.6579414],[26.2581875,47.6581639],[26.2579957,47.6586221],[26.2582725,47.6589023],[26.2582508,47.6589298],[26.2588068,47.6594521],[26.2589145,47.6594661],[26.2587682,47.6596023],[26.2571797,47.6621769],[26.2563778,47.6625279],[26.2553629,47.6627585],[26.2540691,47.6628993],[26.2520135,47.6637234],[26.2513532,47.664276],[26.2509245,47.6653649],[26.2511517,47.6661805],[26.2525192,47.668118],[26.252322,47.6681792],[26.2516777,47.6674239],[26.2513172,47.6669788],[26.2514041,47.6669279],[26.2509956,47.6662856],[26.2507376,47.6659386],[26.2508459,47.6658633],[26.2507987,47.6654799],[26.2499111,47.6658097],[26.2497218,47.6658218],[26.2490185,47.6652986],[26.2477149,47.6653839],[26.2482089,47.6662548],[26.2481785,47.66632],[26.2485316,47.6668188],[26.2486729,47.6669061],[26.2488395,47.667109],[26.2490925,47.6673245],[26.2499181,47.6679361],[26.2502068,47.6681406],[26.250433,47.668196],[26.2503158,47.6682666],[26.2505635,47.6684734],[26.2505039,47.6685064],[26.2483385,47.6669035],[26.2481313,47.6666097],[26.248032,47.6663042],[26.2478551,47.6659622],[26.2476787,47.6658809],[26.2477665,47.6658216],[26.2474073,47.6649508],[26.2473442,47.6649541],[26.2472759,47.6647116],[26.2473601,47.664686],[26.2471919,47.664231],[26.2471271,47.6641919],[26.2472948,47.6639628],[26.2501826,47.6621003],[26.2514446,47.6630118],[26.2534493,47.6620466],[26.2516964,47.6611139]]]}},{"type":"Feature","properties":{"UTR":"S","utr":"S","DENUMIRE":"Sport si agrement","denumire":"Sport si agrement","POT":15,"CUT":0.3,"RH":"P-P+2","FUNCTIUNE":"Sport si agrement","functiune":"Sport si agrement","c":"#6EE7B7","sursa":"PUG Suceava HCL 162/2017 - vectorizat TSS·FG","id":235},"geometry":{"type":"Polygon","coordinates":[[[26.2522438,47.6606807],[26.2530036,47.6600794],[26.2531922,47.6601797],[26.2529166,47.6604227],[26.253093,47.6605328],[26.252729,47.6608181],[26.2525573,47.660723],[26.2524668,47.6607927],[26.252318,47.6607178],[26.2522438,47.6606807]]]}},{"type":"Feature","properties":{"UTR":"T1","utr":"T1","DENUMIRE":"Turism tip 1","denumire":"Turism tip 1","POT":50,"CUT":1.8,"RH":"P+3-P+5","FUNCTIUNE":"Turism tip 1","functiune":"Turism tip 1","c":"#C4B5FD","sursa":"PUG Suceava HCL 162/2017 - vectorizat TSS·FG","id":236},"geometry":{"type":"Polygon","coordinates":[[[26.2501826,47.6621003],[26.2502149,47.6620795],[26.2513439,47.6613928],[26.2516964,47.6611139],[26.2534493,47.6620466],[26.2514446,47.6630118],[26.2501826,47.6621003]]]}},{"type":"Feature","properties":{"UTR":"V4","utr":"V4","DENUMIRE":"Spatii verzi rezidential","denumire":"Spatii verzi rezidential","POT":3,"CUT":0.03,"RH":"-","FUNCTIUNE":"Spatii verzi rezidential","functiune":"Spatii verzi rezidential","c":"#86EFAC","sursa":"PUG Suceava HCL 162/2017 - vectorizat TSS·FG","id":237},"geometry":{"type":"Polygon","coordinates":[[[26.2474503,47.6634426],[26.2467517,47.6636147],[26.246667,47.6638817],[26.2467446,47.6641628],[26.2465958,47.6645326],[26.2464354,47.6645375],[26.2462709,47.6647879],[26.2463725,47.6648352],[26.246112,47.6651339],[26.2457648,47.6650684],[26.2452729,47.6648879],[26.2454623,47.664787],[26.2455369,47.6646445],[26.2450363,47.6639554],[26.2448872,47.6640307],[26.2449509,47.6640508],[26.2445847,47.6641935],[26.2443153,47.6641767],[26.2442699,47.6642137],[26.2439749,47.6642466],[26.2435946,47.664396],[26.2434055,47.6643615],[26.2429401,47.6645232],[26.2427743,47.6645205],[26.242332,47.6643752],[26.2420709,47.6642207],[26.2418466,47.6642374],[26.240729,47.6634766],[26.2405363,47.6632545],[26.2397094,47.6625903],[26.2396306,47.6621503],[26.2397367,47.6619775],[26.239572,47.6614613],[26.2399603,47.6602816],[26.240254,47.6600544],[26.2402665,47.6597585],[26.2401167,47.6594865],[26.2399013,47.6581395],[26.2405355,47.6569116],[26.2390243,47.656277],[26.2390539,47.6555839],[26.238869,47.6555537],[26.2385262,47.6557426],[26.2380865,47.6558102],[26.2379126,47.6557658],[26.2377999,47.655646],[26.2379267,47.6554552],[26.2375891,47.6553584],[26.2373132,47.6550338],[26.2371405,47.6552435],[26.2369013,47.6551345],[26.2364937,47.6546637],[26.2361159,47.6547386],[26.2354478,47.6544776],[26.235215,47.6540131],[26.2354536,47.6539081],[26.2359585,47.6537993],[26.2359765,47.6534528],[26.2363543,47.653183],[26.2361757,47.6522107],[26.2376021,47.6513038],[26.2368684,47.6502434],[26.2370029,47.6495206],[26.2368592,47.649283],[26.236818,47.6490705],[26.236869,47.6483061],[26.2365625,47.6479414],[26.2359892,47.6481202],[26.2354637,47.6479807],[26.2342941,47.6484579],[26.2340899,47.6484466],[26.2330136,47.6484153],[26.2317431,47.6482872],[26.2308555,47.6481301],[26.2308553,47.6480972],[26.2300562,47.6480255],[26.2298784,47.6480752],[26.229732,47.647819],[26.2296634,47.6475551],[26.2300922,47.6474035],[26.229697,47.646497],[26.2297172,47.6460771],[26.22966,47.6460503],[26.2300858,47.6456792],[26.2312276,47.6438204],[26.2318741,47.6431019],[26.2330839,47.6417939],[26.2333128,47.6415772],[26.2335517,47.6415994],[26.2337657,47.6416796],[26.2338915,47.6417789],[26.2338463,47.6418064],[26.2339213,47.6418672],[26.2334458,47.6420517],[26.2333057,47.6421984],[26.2330824,47.6426122],[26.233117,47.6431388],[26.2331231,47.6432325],[26.2330837,47.6433386],[26.2327969,47.6433247],[26.2327594,47.6435304],[26.2330804,47.6436349],[26.2332377,47.6437696],[26.2329834,47.6443354],[26.2328816,47.6444088],[26.2326481,47.6448379],[26.2325323,47.6452495],[26.2323253,47.6454872],[26.2320485,47.6458963],[26.2321512,47.6462126],[26.2321512,47.646219],[26.2321486,47.6465767],[26.2326859,47.6467403],[26.2331934,47.6468306],[26.2337235,47.6471803],[26.2343982,47.6469281],[26.2352294,47.6465067],[26.2355815,47.6465037],[26.2358992,47.6461008],[26.2359136,47.6460221],[26.2359882,47.645616],[26.2365321,47.6452738],[26.2370651,47.6451832],[26.2372456,47.6452668],[26.2375758,47.6454197],[26.2378412,47.6456951],[26.2385168,47.6459141],[26.2389279,47.6459419],[26.2392946,47.6459666],[26.2396831,47.6462332],[26.2398398,47.6466473],[26.23956,47.6468625],[26.2399862,47.6471288],[26.240345,47.6477645],[26.2406372,47.6479629],[26.240974,47.6481014],[26.2416436,47.6485515],[26.2417943,47.648815],[26.2417288,47.649049],[26.2419523,47.6494315],[26.2415545,47.64957],[26.2413222,47.6498108],[26.2407549,47.6500184],[26.2406518,47.650223],[26.2408321,47.6503249],[26.2411875,47.6510096],[26.2412604,47.6509964],[26.2410248,47.651117],[26.2408248,47.6512518],[26.2409171,47.6513548],[26.2402958,47.6516231],[26.2404197,47.652025],[26.2407004,47.6521206],[26.2407589,47.6521658],[26.2405532,47.6523552],[26.2404171,47.6526009],[26.240416,47.6526543],[26.2402744,47.6527855],[26.2402372,47.6529567],[26.2402926,47.6531086],[26.2407326,47.6531366],[26.2408112,47.6531033],[26.2408711,47.6530434],[26.241121,47.6528698],[26.2413702,47.6527508],[26.2415426,47.6527273],[26.2421241,47.6527522],[26.2424685,47.6526494],[26.2426804,47.6527185],[26.243385,47.6529482],[26.2426132,47.6527133],[26.2439696,47.6535224],[26.2442042,47.6543052],[26.2448356,47.6551369],[26.2450411,47.655632],[26.2451335,47.655636],[26.2457768,47.655556],[26.2463085,47.6557662],[26.245568,47.6566029],[26.2454173,47.6574341],[26.2456408,47.6578092],[26.2458573,47.6577773],[26.2454655,47.6585884],[26.2453566,47.6587896],[26.2457902,47.6589869],[26.2458568,47.6589963],[26.2456415,47.659283],[26.2466095,47.6597915],[26.247096,47.6595311],[26.2480163,47.6602406],[26.2482805,47.6602203],[26.2475888,47.6604708],[26.2490246,47.6611977],[26.2486913,47.6617199],[26.2474503,47.6634426]],[[26.2404892,47.6620497],[26.2404756,47.6621443],[26.2405704,47.662304],[26.2409473,47.6622748],[26.2410381,47.6618983],[26.2411442,47.6618442],[26.2414675,47.6618206],[26.2415111,47.6619344],[26.2416418,47.6619995],[26.2417496,47.6619211],[26.2418887,47.6618807],[26.242425,47.66204],[26.2429717,47.6616954],[26.2426746,47.6616005],[26.2425926,47.6614864],[26.2425837,47.6613928],[26.2430467,47.6610351],[26.2429448,47.6608724],[26.2429161,47.6606596],[26.2425809,47.6606833],[26.2421626,47.6605967],[26.241868,47.6605596],[26.2416108,47.660561],[26.2413141,47.6604508],[26.2409741,47.660702],[26.2405483,47.6608412],[26.2404145,47.6615717],[26.2402529,47.6618797],[26.2403074,47.662016],[26.2404892,47.6620497]],[[26.2441608,47.6608267],[26.2442868,47.6610128],[26.2443666,47.6610441],[26.2451612,47.6607183],[26.2449862,47.6605203],[26.2441608,47.6608267]]]}},{"type":"Feature","properties":{"UTR":"L2","utr":"L2","DENUMIRE":"Locuinte colective mici","denumire":"Locuinte colective mici","POT":40,"CUT":1.6,"RH":"P+3-P+4","FUNCTIUNE":"Locuinte colective mici","functiune":"Locuinte colective mici","c":"#FCD34D","sursa":"PUG Suceava HCL 162/2017 - vectorizat TSS·FG","id":238},"geometry":{"type":"Polygon","coordinates":[[[26.2332377,47.6437696],[26.2330804,47.6436349],[26.2327594,47.6435304],[26.2327969,47.6433247],[26.2330837,47.6433386],[26.2331231,47.6432325],[26.233117,47.6431388],[26.233242,47.6432637],[26.2334745,47.6433173],[26.2336139,47.6433029],[26.2338486,47.6431575],[26.234036,47.64328],[26.2340191,47.6434243],[26.2344958,47.6437163],[26.2348515,47.6434646],[26.2349312,47.6435108],[26.2353546,47.6432116],[26.2347611,47.6428398],[26.2353084,47.6424364],[26.2346663,47.6420663],[26.2344071,47.6419098],[26.2341817,47.6420259],[26.2340638,47.6419567],[26.2343627,47.6418409],[26.235014,47.6414468],[26.2351767,47.6413901],[26.2361938,47.6420514],[26.2363704,47.6419187],[26.236469,47.6419851],[26.2363436,47.6420719],[26.2366284,47.6423122],[26.2372879,47.64275],[26.2386923,47.6436076],[26.2387175,47.6437687],[26.238895,47.643898],[26.238966,47.6439932],[26.2391687,47.6441241],[26.2393598,47.6442321],[26.2396099,47.6442305],[26.2398448,47.6440697],[26.2399176,47.6440378],[26.2424819,47.6455778],[26.2424874,47.6457336],[26.2419815,47.6463084],[26.2419423,47.6464321],[26.2412928,47.6461988],[26.2411123,47.6462166],[26.2401177,47.645548],[26.2400656,47.6455963],[26.2397181,47.6453635],[26.2398327,47.6452806],[26.2395856,47.645111],[26.2396147,47.6450886],[26.2395746,47.6450617],[26.2398051,47.6449178],[26.2395685,47.644755],[26.2393345,47.6449009],[26.2387446,47.6445177],[26.2391114,47.6442825],[26.2391405,47.6442407],[26.2388339,47.6440291],[26.2387036,47.6440164],[26.2383045,47.6441157],[26.2388016,47.644452],[26.2387248,47.6445054],[26.2386616,47.6444644],[26.2382429,47.6444916],[26.2372456,47.6452668],[26.2370651,47.6451832],[26.2365321,47.6452738],[26.2359882,47.645616],[26.2359136,47.6460221],[26.2353386,47.6459943],[26.2345656,47.6454825],[26.2346204,47.6454385],[26.2345674,47.6454063],[26.2345661,47.6453132],[26.2345333,47.6452534],[26.2337486,47.6447781],[26.2340207,47.6443995],[26.2345515,47.6440038],[26.2340338,47.643714],[26.2335413,47.6437198],[26.2334696,47.6436571],[26.2332377,47.6437696]]]}},{"type":"Feature","properties":{"UTR":"C2A","utr":"C2A","DENUMIRE":"Comercial tip A","denumire":"Comercial tip A","POT":60,"CUT":2.4,"RH":"P+3-P+5","FUNCTIUNE":"Comercial tip A","functiune":"Comercial tip A","c":"#FDBA74","sursa":"PUG Suceava HCL 162/2017 - vectorizat TSS·FG","id":239},"geometry":{"type":"Polygon","coordinates":[[[26.2419423,47.6464321],[26.2415301,47.6473157],[26.2413959,47.6472224],[26.2412078,47.6474234],[26.2411677,47.6474054],[26.2406372,47.6479629],[26.240345,47.6477645],[26.2399862,47.6471288],[26.23956,47.6468625],[26.2398398,47.6466473],[26.2396831,47.6462332],[26.2392946,47.6459666],[26.2389279,47.6459419],[26.2397181,47.6453635],[26.2400656,47.6455963],[26.2401177,47.645548],[26.2411123,47.6462166],[26.2412928,47.6461988],[26.2419423,47.6464321]]]}},{"type":"Feature","properties":{"UTR":"V3","utr":"V3","DENUMIRE":"Culoar verde protectie","denumire":"Culoar verde protectie","POT":2,"CUT":0.02,"RH":"-","FUNCTIUNE":"Culoar verde protectie","functiune":"Culoar verde protectie","c":"#4ADE80","sursa":"PUG Suceava HCL 162/2017 - vectorizat TSS·FG","id":240},"geometry":{"type":"Polygon","coordinates":[[[26.2397181,47.6453635],[26.2389279,47.6459419],[26.2385168,47.6459141],[26.2378412,47.6456951],[26.2375758,47.6454197],[26.2372456,47.6452668],[26.2382429,47.6444916],[26.2386616,47.6444644],[26.2387248,47.6445054],[26.2387446,47.6445177],[26.2393345,47.6449009],[26.2395746,47.6450617],[26.2396147,47.6450886],[26.2395856,47.645111],[26.2398327,47.6452806],[26.2397181,47.6453635]]]}},{"type":"Feature","properties":{"UTR":"G1","utr":"G1","DENUMIRE":"Gospodarire comunala tip 1","denumire":"Gospodarire comunala tip 1","POT":55,"CUT":2.0,"RH":"P+2-P+3","FUNCTIUNE":"Gospodarire comunala tip 1","functiune":"Gospodarire comunala tip 1","c":"#60A5FA","sursa":"PUG Suceava HCL 162/2017 - vectorizat TSS·FG","id":241},"geometry":{"type":"Polygon","coordinates":[[[26.2359136,47.6460221],[26.2358992,47.6461008],[26.2355815,47.6465037],[26.2352294,47.6465067],[26.2343982,47.6469281],[26.2337235,47.6471803],[26.2331934,47.6468306],[26.2326859,47.6467403],[26.2321486,47.6465767],[26.2321512,47.646219],[26.2324119,47.6461108],[26.2325055,47.6461154],[26.2328881,47.6459942],[26.2331638,47.6461134],[26.2332105,47.6462046],[26.2333833,47.6462299],[26.2335222,47.6462197],[26.2339677,47.6459194],[26.2340921,47.6455739],[26.2345674,47.6454063],[26.2346204,47.6454385],[26.2345656,47.6454825],[26.2353386,47.6459943],[26.2359136,47.6460221]],[[26.2331901,47.6464556],[26.2333871,47.646696],[26.2339362,47.6468369],[26.2347535,47.6462222],[26.23417,47.6458741],[26.2331901,47.6464556]]]}},{"type":"Feature","properties":{"UTR":"F","utr":"F","DENUMIRE":"Institutii publice","denumire":"Institutii publice","POT":45,"CUT":1.5,"RH":"P+2-P+4","FUNCTIUNE":"Institutii publice","functiune":"Institutii publice","c":"#93C5FD","sursa":"PUG Suceava HCL 162/2017 - vectorizat TSS·FG","id":242},"geometry":{"type":"Polygon","coordinates":[[[26.2331901,47.6464556],[26.23417,47.6458741],[26.2347535,47.6462222],[26.2339362,47.6468369],[26.2333871,47.646696],[26.2331901,47.6464556]]]}},{"type":"Feature","properties":{"UTR":"V1A","utr":"V1A","DENUMIRE":"Spatii verzi tip A","denumire":"Spatii verzi tip A","POT":5,"CUT":0.05,"RH":"-","FUNCTIUNE":"Spatii verzi tip A","functiune":"Spatii verzi tip A","c":"#86EFAC","sursa":"PUG Suceava HCL 162/2017 - vectorizat TSS·FG","id":243},"geometry":{"type":"Polygon","coordinates":[[[26.2337657,47.6416796],[26.2335517,47.6415994],[26.2333128,47.6415772],[26.2334767,47.6414682],[26.2343412,47.6408686],[26.234638,47.6408652],[26.2349079,47.6409335],[26.2353547,47.6412345],[26.2353011,47.6412659],[26.2347249,47.6409669],[26.2342369,47.6413139],[26.2340922,47.6412603],[26.2338632,47.6414398],[26.2339166,47.6414678],[26.2338362,47.6415317],[26.2337657,47.6416796]]]}},{"type":"Feature","properties":{"UTR":"M1","utr":"M1","DENUMIRE":"Mixt rezidential-tertiar","denumire":"Mixt rezidential-tertiar","POT":55,"CUT":2.4,"RH":"P+4-P+5","FUNCTIUNE":"Mixt rezidential-tertiar","functiune":"Mixt rezidential-tertiar","c":"#FCA5A1","sursa":"PUG Suceava HCL 162/2017 - vectorizat TSS·FG","id":244},"geometry":{"type":"Polygon","coordinates":[[[26.2339213,47.6418672],[26.2338463,47.6418064],[26.2338915,47.6417789],[26.2337657,47.6416796],[26.2338362,47.6415317],[26.2339166,47.6414678],[26.2338632,47.6414398],[26.2340922,47.6412603],[26.2342369,47.6413139],[26.2347249,47.6409669],[26.2353011,47.6412659],[26.2353547,47.6412345],[26.2363704,47.6419187],[26.2361938,47.6420514],[26.2351767,47.6413901],[26.235014,47.6414468],[26.2343627,47.6418409],[26.2340638,47.6419567],[26.2339213,47.6418672]]]}},{"type":"Feature","properties":{"UTR":"F","utr":"F","DENUMIRE":"Institutii publice","denumire":"Institutii publice","POT":45,"CUT":1.5,"RH":"P+2-P+4","FUNCTIUNE":"Institutii publice","functiune":"Institutii publice","c":"#93C5FD","sursa":"PUG Suceava HCL 162/2017 - vectorizat TSS·FG","id":245},"geometry":{"type":"Polygon","coordinates":[[[26.233117,47.6431388],[26.2330824,47.6426122],[26.2333057,47.6421984],[26.2334458,47.6420517],[26.2339213,47.6418672],[26.2340638,47.6419567],[26.2341817,47.6420259],[26.2344071,47.6419098],[26.2346663,47.6420663],[26.2335348,47.6429263],[26.2338486,47.6431575],[26.2336139,47.6433029],[26.2334745,47.6433173],[26.233242,47.6432637],[26.233117,47.6431388]]]}},{"type":"Feature","properties":{"UTR":"M1","utr":"M1","DENUMIRE":"Mixt rezidential-tertiar","denumire":"Mixt rezidential-tertiar","POT":55,"CUT":2.4,"RH":"P+4-P+5","FUNCTIUNE":"Mixt rezidential-tertiar","functiune":"Mixt rezidential-tertiar","c":"#FCA5A1","sursa":"PUG Suceava HCL 162/2017 - vectorizat TSS·FG","id":246},"geometry":{"type":"Polygon","coordinates":[[[26.236469,47.6419851],[26.2364944,47.6420022],[26.2398448,47.6440697],[26.2399176,47.6440378],[26.2398448,47.6440697],[26.2396099,47.6442305],[26.2393598,47.6442321],[26.2391687,47.6441241],[26.238966,47.6439932],[26.238895,47.643898],[26.2387175,47.6437687],[26.2386923,47.6436076],[26.2372879,47.64275],[26.2366284,47.6423122],[26.2363436,47.6420719],[26.236469,47.6419851]]]}},{"type":"Feature","properties":{"UTR":"L3","utr":"L3","DENUMIRE":"Locuinte colective medii","denumire":"Locuinte colective medii","POT":40,"CUT":1.8,"RH":"P+4-P+6","FUNCTIUNE":"Locuinte colective medii","functiune":"Locuinte colective medii","c":"#F59E0B","sursa":"PUG Suceava HCL 162/2017 - vectorizat TSS·FG","id":247},"geometry":{"type":"Polygon","coordinates":[[[26.2395746,47.6450617],[26.2393345,47.6449009],[26.2395685,47.644755],[26.2398051,47.6449178],[26.2395746,47.6450617]]]}},{"type":"Feature","properties":{"UTR":"F","utr":"F","DENUMIRE":"Institutii publice","denumire":"Institutii publice","POT":45,"CUT":1.5,"RH":"P+2-P+4","FUNCTIUNE":"Institutii publice","functiune":"Institutii publice","c":"#93C5FD","sursa":"PUG Suceava HCL 162/2017 - vectorizat TSS·FG","id":248},"geometry":{"type":"Polygon","coordinates":[[[26.2387446,47.6445177],[26.2387248,47.6445054],[26.2388016,47.644452],[26.2383045,47.6441157],[26.2387036,47.6440164],[26.2388339,47.6440291],[26.2391405,47.6442407],[26.2391114,47.6442825],[26.2387446,47.6445177]]]}},{"type":"Feature","properties":{"UTR":"C2A","utr":"C2A","DENUMIRE":"Comercial tip A","denumire":"Comercial tip A","POT":60,"CUT":2.4,"RH":"P+3-P+5","FUNCTIUNE":"Comercial tip A","functiune":"Comercial tip A","c":"#FDBA74","sursa":"PUG Suceava HCL 162/2017 - vectorizat TSS·FG","id":249},"geometry":{"type":"Polygon","coordinates":[[[26.2338486,47.6431575],[26.2335348,47.6429263],[26.2346663,47.6420663],[26.2353084,47.6424364],[26.2347611,47.6428398],[26.2353546,47.6432116],[26.2349312,47.6435108],[26.2348515,47.6434646],[26.2344958,47.6437163],[26.2340191,47.6434243],[26.234036,47.64328],[26.2338486,47.6431575]]]}},{"type":"Feature","properties":{"UTR":"L3","utr":"L3","DENUMIRE":"Locuinte colective medii","denumire":"Locuinte colective medii","POT":40,"CUT":1.8,"RH":"P+4-P+6","FUNCTIUNE":"Locuinte colective medii","functiune":"Locuinte colective medii","c":"#F59E0B","sursa":"PUG Suceava HCL 162/2017 - vectorizat TSS·FG","id":250},"geometry":{"type":"Polygon","coordinates":[[[26.2345674,47.6454063],[26.2340921,47.6455739],[26.2339677,47.6459194],[26.2335222,47.6462197],[26.2333833,47.6462299],[26.2332105,47.6462046],[26.2331638,47.6461134],[26.2328881,47.6459942],[26.2325055,47.6461154],[26.2324119,47.6461108],[26.2321512,47.646219],[26.2321512,47.6462126],[26.2320485,47.6458963],[26.2323253,47.6454872],[26.2325323,47.6452495],[26.2326481,47.6448379],[26.2328816,47.6444088],[26.2329834,47.6443354],[26.2332377,47.6437696],[26.2334696,47.6436571],[26.2335413,47.6437198],[26.2340338,47.643714],[26.2345515,47.6440038],[26.2340207,47.6443995],[26.2337486,47.6447781],[26.2345333,47.6452534],[26.2345661,47.6453132],[26.2345674,47.6454063]]]}},{"type":"Feature","properties":{"UTR":"L1B","utr":"L1B","DENUMIRE":"Locuinte individuale tip B","denumire":"Locuinte individuale tip B","POT":35,"CUT":1.1,"RH":"P+1-P+2","FUNCTIUNE":"Locuinte individuale tip B","functiune":"Locuinte individuale tip B","c":"#FCD34D","sursa":"PUG Suceava HCL 162/2017 - vectorizat TSS·FG","id":251},"geometry":{"type":"Polygon","coordinates":[[[26.2567358,47.6567348],[26.2566075,47.6568218],[26.2563797,47.6570501],[26.2564252,47.6572079],[26.2562153,47.6573005],[26.2559569,47.6573431],[26.2553186,47.6577485],[26.2552469,47.6577154],[26.2546964,47.6580042],[26.2544615,47.6578288],[26.2543067,47.6577409],[26.2542694,47.6577366],[26.2539331,47.6574764],[26.253194,47.6578559],[26.2528529,47.6579035],[26.2524444,47.6577612],[26.2522006,47.6577157],[26.25221,47.657659],[26.2523327,47.657543],[26.2524086,47.6575215],[26.254256,47.6560061],[26.2558871,47.6545792],[26.2579275,47.6519277],[26.2587708,47.6511544],[26.2595571,47.6508175],[26.2621884,47.6493139],[26.2622885,47.6497613],[26.2615267,47.6503495],[26.2608168,47.650899],[26.260375,47.6513631],[26.2601739,47.6516647],[26.2597842,47.6520016],[26.2592699,47.6517079],[26.2589466,47.6520099],[26.2587324,47.6519399],[26.2586273,47.6520822],[26.2584895,47.6520416],[26.2582963,47.6522981],[26.2590108,47.6526114],[26.2583602,47.6535494],[26.2581741,47.6540712],[26.2576866,47.654503],[26.2578021,47.6545668],[26.2571502,47.6551709],[26.257122,47.655242],[26.2570617,47.6552899],[26.2564725,47.6556972],[26.2564246,47.6557283],[26.2563173,47.6558351],[26.2565333,47.6559243],[26.256609,47.6560908],[26.2565748,47.6565617],[26.2567358,47.6567348]]]}},{"type":"Feature","properties":{"UTR":"L1B","utr":"L1B","DENUMIRE":"Locuinte individuale tip B","denumire":"Locuinte individuale tip B","POT":35,"CUT":1.1,"RH":"P+1-P+2","FUNCTIUNE":"Locuinte individuale tip B","functiune":"Locuinte individuale tip B","c":"#FCD34D","sursa":"PUG Suceava HCL 162/2017 - vectorizat TSS·FG","id":252},"geometry":{"type":"Polygon","coordinates":[[[26.2514978,47.6587739],[26.2522045,47.6579515],[26.2524444,47.6577612],[26.2528529,47.6579035],[26.253194,47.6578559],[26.2534619,47.6580864],[26.2537206,47.6580742],[26.2530137,47.6583983],[26.2526461,47.6586728],[26.2529885,47.6588736],[26.2525904,47.6591995],[26.2529838,47.6593921],[26.252724,47.6595374],[26.2526805,47.6595554],[26.2522781,47.6598954],[26.2521594,47.6598205],[26.2517925,47.6601054],[26.2517818,47.660133],[26.2516139,47.6602974],[26.2515466,47.6602672],[26.2512261,47.6605122],[26.2514878,47.6606455],[26.2512038,47.6609007],[26.2507946,47.6607447],[26.2506076,47.6606126],[26.2504681,47.6607308],[26.2502565,47.6606385],[26.249965,47.660905],[26.2500208,47.6609553],[26.2499739,47.6609705],[26.2492969,47.6617104],[26.2495103,47.6618846],[26.2492875,47.6617806],[26.2491817,47.6618397],[26.2490858,47.6619168],[26.2488673,47.6617787],[26.2495949,47.6608317],[26.2507198,47.6595811],[26.2514978,47.6587739]]]}},{"type":"Feature","properties":{"UTR":"C2A","utr":"C2A","DENUMIRE":"Comercial tip A","denumire":"Comercial tip A","POT":60,"CUT":2.4,"RH":"P+3-P+5","FUNCTIUNE":"Comercial tip A","functiune":"Comercial tip A","c":"#FDBA74","sursa":"PUG Suceava HCL 162/2017 - vectorizat TSS·FG","id":253},"geometry":{"type":"Polygon","coordinates":[[[26.2600925,47.6519742],[26.2600414,47.6525629],[26.2601498,47.6531285],[26.2600999,47.6533149],[26.2599271,47.6534082],[26.2599219,47.6542889],[26.2591117,47.6550757],[26.2585722,47.6547236],[26.25819,47.6547814],[26.2578021,47.6545668],[26.2576866,47.654503],[26.2581741,47.6540712],[26.2583602,47.6535494],[26.2590108,47.6526114],[26.2582963,47.6522981],[26.2584895,47.6520416],[26.2586273,47.6520822],[26.2587324,47.6519399],[26.2589466,47.6520099],[26.2592699,47.6517079],[26.2597842,47.6520016],[26.2601739,47.6516647],[26.260375,47.6513631],[26.2600925,47.6519742]]]}},{"type":"Feature","properties":{"UTR":"C2C","utr":"C2C","DENUMIRE":"Comercial tip C","denumire":"Comercial tip C","POT":60,"CUT":2.4,"RH":"P+3-P+5","FUNCTIUNE":"Comercial tip C","functiune":"Comercial tip C","c":"#FCA5A5","sursa":"PUG Suceava HCL 162/2017 - vectorizat TSS·FG","id":254},"geometry":{"type":"Polygon","coordinates":[[[26.2589091,47.6565186],[26.2583406,47.6559519],[26.2584532,47.655861],[26.2588336,47.6554905],[26.2589489,47.6553479],[26.2584288,47.6550686],[26.2582241,47.6549588],[26.25819,47.6547814],[26.2585722,47.6547236],[26.2591117,47.6550757],[26.2599219,47.6542889],[26.2599271,47.6534082],[26.2600999,47.6533149],[26.2601545,47.6534993],[26.2603092,47.654142],[26.2603965,47.6544723],[26.2606128,47.6548949],[26.2605108,47.6552076],[26.2592747,47.6563138],[26.2589091,47.6565186]]]}},{"type":"Feature","properties":{"UTR":"M4","utr":"M4","DENUMIRE":"Mixt servicii","denumire":"Mixt servicii","POT":60,"CUT":2.8,"RH":"P+4-P+6","FUNCTIUNE":"Mixt servicii","functiune":"Mixt servicii","c":"#FB7185","sursa":"PUG Suceava HCL 162/2017 - vectorizat TSS·FG","id":255},"geometry":{"type":"Polygon","coordinates":[[[26.2488673,47.6617787],[26.2490858,47.6619168],[26.2491817,47.6618397],[26.2492875,47.6617806],[26.2495103,47.6618846],[26.2492969,47.6617104],[26.2499739,47.6609705],[26.2500208,47.6609553],[26.249965,47.660905],[26.2502565,47.6606385],[26.2504681,47.6607308],[26.2506076,47.6606126],[26.2507946,47.6607447],[26.2512038,47.6609007],[26.2514878,47.6606455],[26.2512261,47.6605122],[26.2515466,47.6602672],[26.2516139,47.6602974],[26.2517818,47.660133],[26.2517925,47.6601054],[26.2521594,47.6598205],[26.2522781,47.6598954],[26.2526805,47.6595554],[26.252724,47.6595374],[26.2529838,47.6593921],[26.2525904,47.6591995],[26.2529885,47.6588736],[26.2526461,47.6586728],[26.2530137,47.6583983],[26.2537206,47.6580742],[26.2534619,47.6580864],[26.253194,47.6578559],[26.2539331,47.6574764],[26.2542694,47.6577366],[26.2543067,47.6577409],[26.2544615,47.6578288],[26.2546964,47.6580042],[26.2552469,47.6577154],[26.2553186,47.6577485],[26.2559569,47.6573431],[26.2562153,47.6573005],[26.2564252,47.6572079],[26.2563797,47.6570501],[26.2566075,47.6568218],[26.2567358,47.6567348],[26.2572074,47.6569884],[26.2576765,47.656939],[26.2585295,47.656815],[26.258583,47.6569023],[26.2588627,47.6570741],[26.2588954,47.6570954],[26.2588225,47.6571736],[26.2580689,47.6575367],[26.2572413,47.6579828],[26.2570783,47.657805],[26.2532376,47.6596695],[26.2516267,47.6609572],[26.2512651,47.6611888],[26.251125,47.6612388],[26.2498558,47.6620664],[26.2476257,47.6634816],[26.2477346,47.6632591],[26.2488673,47.6617787]]]}},{"type":"Feature","properties":{"UTR":"M1B","utr":"M1B","DENUMIRE":"Mixt rezidential-tertiar B","denumire":"Mixt rezidential-tertiar B","POT":55,"CUT":2.4,"RH":"P+4","FUNCTIUNE":"Mixt rezidential-tertiar B","functiune":"Mixt rezidential-tertiar B","c":"#F87171","sursa":"PUG Suceava HCL 162/2017 - vectorizat TSS·FG","id":256},"geometry":{"type":"Polygon","coordinates":[[[26.2583406,47.6559519],[26.2589091,47.6565186],[26.2579071,47.656803],[26.2572108,47.6568668],[26.2569021,47.6567037],[26.2567502,47.6564211],[26.2567838,47.656014],[26.2566566,47.6558236],[26.2564246,47.6557283],[26.2564725,47.6556972],[26.2570617,47.6552899],[26.2576208,47.6555355],[26.2578292,47.6556936],[26.2580818,47.6559133],[26.2581837,47.6560378],[26.2583406,47.6559519]]]}},{"type":"Feature","properties":{"UTR":"F","utr":"F","DENUMIRE":"Institutii publice","denumire":"Institutii publice","POT":45,"CUT":1.5,"RH":"P+2-P+4","FUNCTIUNE":"Institutii publice","functiune":"Institutii publice","c":"#93C5FD","sursa":"PUG Suceava HCL 162/2017 - vectorizat TSS·FG","id":257},"geometry":{"type":"Polygon","coordinates":[[[26.2570617,47.6552899],[26.257122,47.655242],[26.2571502,47.6551709],[26.2578021,47.6545668],[26.25819,47.6547814],[26.2582241,47.6549588],[26.2584288,47.6550686],[26.2578292,47.6556936],[26.2576208,47.6555355],[26.2570617,47.6552899]]]}},{"type":"Feature","properties":{"UTR":"G1","utr":"G1","DENUMIRE":"Gospodarire comunala tip 1","denumire":"Gospodarire comunala tip 1","POT":55,"CUT":2.0,"RH":"P+2-P+3","FUNCTIUNE":"Gospodarire comunala tip 1","functiune":"Gospodarire comunala tip 1","c":"#60A5FA","sursa":"PUG Suceava HCL 162/2017 - vectorizat TSS·FG","id":258},"geometry":{"type":"Polygon","coordinates":[[[26.2578292,47.6556936],[26.2584288,47.6550686],[26.2589489,47.6553479],[26.2588336,47.6554905],[26.2584532,47.655861],[26.2583406,47.6559519],[26.2581837,47.6560378],[26.2580818,47.6559133],[26.2578292,47.6556936]]]}},{"type":"Feature","properties":{"UTR":"V1A","utr":"V1A","DENUMIRE":"Spatii verzi tip A","denumire":"Spatii verzi tip A","POT":5,"CUT":0.05,"RH":"-","FUNCTIUNE":"Spatii verzi tip A","functiune":"Spatii verzi tip A","c":"#86EFAC","sursa":"PUG Suceava HCL 162/2017 - vectorizat TSS·FG","id":259},"geometry":{"type":"Polygon","coordinates":[[[26.2621884,47.6493139],[26.2626349,47.6490326],[26.2629372,47.6487507],[26.2622885,47.6497613],[26.2621884,47.6493139]]]}},{"type":"Feature","properties":{"UTR":"A1","utr":"A1","DENUMIRE":"Agrozootehnic tip 1","denumire":"Agrozootehnic tip 1","POT":20,"CUT":0.4,"RH":"P+1","FUNCTIUNE":"Agrozootehnic tip 1","functiune":"Agrozootehnic tip 1","c":"#BEF264","sursa":"PUG Suceava HCL 162/2017 - vectorizat TSS·FG","id":260},"geometry":{"type":"Polygon","coordinates":[[[26.2671795,47.6504679],[26.2714821,47.6522276],[26.2720428,47.6516638],[26.2745845,47.6526928],[26.2734619,47.653651],[26.2721028,47.6547121],[26.2708887,47.6555262],[26.2702277,47.6557315],[26.2691555,47.6558762],[26.2684428,47.6553824],[26.2665584,47.6548258],[26.2638891,47.6536011],[26.264445,47.6529412],[26.2646045,47.6530003],[26.2647179,47.652875],[26.2648409,47.6529206],[26.2650409,47.6526945],[26.2646786,47.6525277],[26.2648944,47.6522825],[26.2652757,47.6524339],[26.265965,47.6517002],[26.2661063,47.6516713],[26.2661612,47.6516957],[26.2662753,47.6515751],[26.2656305,47.6512799],[26.2663937,47.6507908],[26.2671795,47.6504679]]]}},{"type":"Feature","properties":{"UTR":"C2B","utr":"C2B","DENUMIRE":"Comercial tip B","denumire":"Comercial tip B","POT":60,"CUT":2.4,"RH":"P+3-P+5","FUNCTIUNE":"Comercial tip B","functiune":"Comercial tip B","c":"#FCA5A5","sursa":"PUG Suceava HCL 162/2017 - vectorizat TSS·FG","id":261},"geometry":{"type":"Polygon","coordinates":[[[26.2627303,47.6404539],[26.263225,47.6399638],[26.2634206,47.6398608],[26.2637753,47.6400953],[26.263815,47.640165],[26.2638063,47.6402175],[26.2637656,47.6404252],[26.2638475,47.6404503],[26.2641961,47.6406513],[26.2644012,47.6407861],[26.2644372,47.6408302],[26.2642395,47.6409816],[26.2634857,47.6406619],[26.263238,47.6406574],[26.2632076,47.6406651],[26.2627303,47.6404539]]]}},{"type":"Feature","properties":{"UTR":"F","utr":"F","DENUMIRE":"Institutii publice","denumire":"Institutii publice","POT":45,"CUT":1.5,"RH":"P+2-P+4","FUNCTIUNE":"Institutii publice","functiune":"Institutii publice","c":"#93C5FD","sursa":"PUG Suceava HCL 162/2017 - vectorizat TSS·FG","id":262},"geometry":{"type":"Polygon","coordinates":[[[26.2616556,47.6415182],[26.2627303,47.6404539],[26.2632076,47.6406651],[26.263238,47.6406574],[26.2634857,47.6406619],[26.2642395,47.6409816],[26.2649351,47.6412936],[26.2651243,47.6415494],[26.2652759,47.6422809],[26.265309,47.642309],[26.2643801,47.64253],[26.2642552,47.6425409],[26.2641522,47.642537],[26.2639337,47.6424852],[26.263355,47.6423715],[26.2633368,47.6423406],[26.2633528,47.6422783],[26.2633261,47.6422594],[26.2633033,47.6422584],[26.262854,47.6422203],[26.2627469,47.6422258],[26.2623864,47.6421083],[26.2623151,47.6420123],[26.2622311,47.6418579],[26.2619612,47.6416839],[26.2616556,47.6415182]]]}},{"type":"Feature","properties":{"UTR":"LI","utr":"LI","DENUMIRE":"Locuinte individuale izolate","denumire":"Locuinte individuale izolate","POT":25,"CUT":0.8,"RH":"P+1-P+2","FUNCTIUNE":"Locuinte individuale izolate","functiune":"Locuinte individuale izolate","c":"#FEF3C7","sursa":"PUG Suceava HCL 162/2017 - vectorizat TSS·FG","id":263},"geometry":{"type":"Polygon","coordinates":[[[26.2647921,47.6428161],[26.2646259,47.6429325],[26.2642451,47.6431413],[26.2637248,47.6434106],[26.2637031,47.6433936],[26.263598,47.6434542],[26.2633623,47.6436091],[26.2633085,47.6436435],[26.2630912,47.6437432],[26.2626529,47.6439244],[26.2626801,47.6439838],[26.2626374,47.6440427],[26.2622463,47.6441413],[26.262192,47.644152],[26.2621829,47.644133],[26.2621172,47.6439985],[26.2617811,47.6440808],[26.261717,47.6439667],[26.2615694,47.6439636],[26.261532,47.6438769],[26.2615102,47.6438012],[26.2615281,47.6437052],[26.2616302,47.643762],[26.2618236,47.6437581],[26.2618116,47.6436467],[26.2618701,47.6436332],[26.2617932,47.6434775],[26.2619489,47.6434422],[26.2622345,47.6434042],[26.2621928,47.6432939],[26.2624598,47.6432464],[26.2624468,47.6431877],[26.2625531,47.6431835],[26.2625333,47.6428498],[26.2629536,47.6428132],[26.2630734,47.6427911],[26.2633085,47.642727],[26.263382,47.6427762],[26.2634415,47.6427386],[26.2636294,47.6428832],[26.2636688,47.6428619],[26.2636688,47.6428493],[26.2638373,47.6427285],[26.2640298,47.6428247],[26.2641578,47.6427395],[26.2643114,47.6428687],[26.2645203,47.6427235],[26.2647921,47.6428161]]]}},{"type":"Feature","properties":{"UTR":"C0","utr":"C0","DENUMIRE":"Centru civic principal","denumire":"Centru civic principal","POT":75,"CUT":3.5,"RH":"P+5-P+7","FUNCTIUNE":"Centru civic principal","functiune":"Centru civic principal","c":"#FB923C","sursa":"PUG Suceava HCL 162/2017 - vectorizat TSS·FG","id":264},"geometry":{"type":"Polygon","coordinates":[[[26.262192,47.644152],[26.2614988,47.6442881],[26.2613079,47.6440376],[26.2612575,47.6439605],[26.261532,47.6438769],[26.2615694,47.6439636],[26.261717,47.6439667],[26.2617811,47.6440808],[26.2621172,47.6439985],[26.2621829,47.644133],[26.262192,47.644152]]]}},{"type":"Feature","properties":{"UTR":"F","utr":"F","DENUMIRE":"Institutii publice","denumire":"Institutii publice","POT":45,"CUT":1.5,"RH":"P+2-P+4","FUNCTIUNE":"Institutii publice","functiune":"Institutii publice","c":"#93C5FD","sursa":"PUG Suceava HCL 162/2017 - vectorizat TSS·FG","id":265},"geometry":{"type":"Polygon","coordinates":[[[26.2610891,47.6436518],[26.2609993,47.6434872],[26.2609516,47.6433798],[26.2610309,47.6433471],[26.261022,47.6433345],[26.2610293,47.6433026],[26.261067,47.643287],[26.2611644,47.6432842],[26.2612756,47.6432848],[26.2613682,47.6432904],[26.2617206,47.6431808],[26.2618058,47.6432188],[26.2615127,47.6434064],[26.2614837,47.6434436],[26.2610891,47.6436518]]]}},{"type":"Feature","properties":{"UTR":"L1B","utr":"L1B","DENUMIRE":"Locuinte individuale tip B","denumire":"Locuinte individuale tip B","POT":35,"CUT":1.1,"RH":"P+1-P+2","FUNCTIUNE":"Locuinte individuale tip B","functiune":"Locuinte individuale tip B","c":"#FCD34D","sursa":"PUG Suceava HCL 162/2017 - vectorizat TSS·FG","id":266},"geometry":{"type":"Polygon","coordinates":[[[26.2613912,47.6336955],[26.2618219,47.6340068],[26.2632185,47.6332861],[26.2636157,47.6331897],[26.2639176,47.6331692],[26.2651729,47.6324884],[26.2658933,47.6319342],[26.2665011,47.6323518],[26.2678307,47.6315742],[26.2682727,47.6319052],[26.2684761,47.631789],[26.2695396,47.6325771],[26.2696036,47.6326829],[26.2702157,47.633089],[26.2671403,47.6352691],[26.2658452,47.6366451],[26.2644373,47.6374634],[26.2643486,47.6376173],[26.2638973,47.6376514],[26.2636321,47.6371617],[26.2631699,47.6372705],[26.26275,47.637392],[26.2623516,47.6370791],[26.262418,47.6370333],[26.2624404,47.6370195],[26.2626361,47.637061],[26.2627249,47.6369745],[26.2628896,47.6366605],[26.2631345,47.636685],[26.2634744,47.6362843],[26.263747,47.6364329],[26.2639335,47.6363572],[26.2641858,47.636164],[26.264287,47.6358279],[26.2649876,47.635364],[26.2648019,47.6352831],[26.2650416,47.6350612],[26.2655026,47.6346345],[26.2655761,47.6345665],[26.2650108,47.6342079],[26.2651707,47.6340885],[26.2647378,47.6340635],[26.2633163,47.6350356],[26.2621926,47.6352407],[26.2620464,47.635091],[26.2616559,47.6341432],[26.2615576,47.6340586],[26.2613912,47.6336955]]]}},{"type":"Feature","properties":{"UTR":"C2B","utr":"C2B","DENUMIRE":"Comercial tip B","denumire":"Comercial tip B","POT":60,"CUT":2.4,"RH":"P+3-P+5","FUNCTIUNE":"Comercial tip B","functiune":"Comercial tip B","c":"#FCA5A5","sursa":"PUG Suceava HCL 162/2017 - vectorizat TSS·FG","id":267},"geometry":{"type":"Polygon","coordinates":[[[26.2655026,47.6346345],[26.2650416,47.6350612],[26.2644087,47.6347782],[26.2649668,47.6344175],[26.2655026,47.6346345]]]}},{"type":"Feature","properties":{"UTR":"V1A","utr":"V1A","DENUMIRE":"Spatii verzi tip A","denumire":"Spatii verzi tip A","POT":5,"CUT":0.05,"RH":"-","FUNCTIUNE":"Spatii verzi tip A","functiune":"Spatii verzi tip A","c":"#86EFAC","sursa":"PUG Suceava HCL 162/2017 - vectorizat TSS·FG","id":268},"geometry":{"type":"Polygon","coordinates":[[[26.2604714,47.6337366],[26.2610416,47.6334429],[26.2613912,47.6336955],[26.2615576,47.6340586],[26.2616559,47.6341432],[26.2620464,47.635091],[26.2621926,47.6352407],[26.2633163,47.6350356],[26.2614446,47.6362658],[26.2610536,47.6359929],[26.2610189,47.6359065],[26.2613933,47.6353274],[26.2617299,47.6351657],[26.2609674,47.6341676],[26.2604714,47.6337366]]]}},{"type":"Feature","properties":{"UTR":"L1B","utr":"L1B","DENUMIRE":"Locuinte individuale tip B","denumire":"Locuinte individuale tip B","POT":35,"CUT":1.1,"RH":"P+1-P+2","FUNCTIUNE":"Locuinte individuale tip B","functiune":"Locuinte individuale tip B","c":"#FCD34D","sursa":"PUG Suceava HCL 162/2017 - vectorizat TSS·FG","id":269},"geometry":{"type":"Polygon","coordinates":[[[26.2594019,47.6342878],[26.2594031,47.634287],[26.2604714,47.6337366],[26.2609674,47.6341676],[26.2617299,47.6351657],[26.2613933,47.6353274],[26.2610189,47.6359065],[26.2610536,47.6359929],[26.2600705,47.6365807],[26.2592301,47.6359346],[26.2599323,47.6355153],[26.2594019,47.6342878]]]}},{"type":"Feature","properties":{"UTR":"M4","utr":"M4","DENUMIRE":"Mixt servicii","denumire":"Mixt servicii","POT":60,"CUT":2.8,"RH":"P+4-P+6","FUNCTIUNE":"Mixt servicii","functiune":"Mixt servicii","c":"#FB7185","sursa":"PUG Suceava HCL 162/2017 - vectorizat TSS·FG","id":270},"geometry":{"type":"Polygon","coordinates":[[[26.2485744,47.635795],[26.2486416,47.6358659],[26.2489101,47.6359933],[26.2490308,47.6359779],[26.2492414,47.6362973],[26.2486527,47.6365907],[26.2489073,47.6367893],[26.2497258,47.6369898],[26.2501267,47.6372334],[26.2503697,47.6375533],[26.2504257,47.6377739],[26.2503825,47.6378125],[26.249857,47.6383566],[26.2494573,47.6382516],[26.2493694,47.6382085],[26.2498124,47.6378326],[26.2496017,47.6376097],[26.249467,47.6375999],[26.2492337,47.6376437],[26.248607,47.6374959],[26.248574,47.6375123],[26.2485028,47.6374739],[26.2482723,47.6375816],[26.2473058,47.6365992],[26.2468067,47.6360341],[26.2472442,47.6358836],[26.2473998,47.6361355],[26.2483793,47.6359013],[26.2485744,47.635795]]]}},{"type":"Feature","properties":{"UTR":"L1B","utr":"L1B","DENUMIRE":"Locuinte individuale tip B","denumire":"Locuinte individuale tip B","POT":35,"CUT":1.1,"RH":"P+1-P+2","FUNCTIUNE":"Locuinte individuale tip B","functiune":"Locuinte individuale tip B","c":"#FCD34D","sursa":"PUG Suceava HCL 162/2017 - vectorizat TSS·FG","id":271},"geometry":{"type":"Polygon","coordinates":[[[26.2497258,47.6369898],[26.2489073,47.6367893],[26.2486527,47.6365907],[26.2492414,47.6362973],[26.2490308,47.6359779],[26.2489101,47.6359933],[26.2486416,47.6358659],[26.2485744,47.635795],[26.2483909,47.6355835],[26.2483482,47.6355385],[26.2484893,47.6354689],[26.2482698,47.6353524],[26.2479697,47.6349314],[26.2477209,47.6343222],[26.247773,47.6340663],[26.2481155,47.6340278],[26.2483318,47.6347075],[26.2487944,47.6346578],[26.2491771,47.6355047],[26.2492436,47.6355125],[26.2495847,47.6361317],[26.2502504,47.6364731],[26.2509517,47.6369083],[26.2514282,47.6372309],[26.2518106,47.6374886],[26.2517252,47.6375555],[26.2518054,47.6376271],[26.2515813,47.6382272],[26.2515477,47.6383249],[26.2513913,47.6382174],[26.2511779,47.638116],[26.2512101,47.6380711],[26.2509971,47.6379449],[26.2507135,47.6374865],[26.2503795,47.6372078],[26.2497708,47.63692],[26.2497258,47.6369898]]]}},{"type":"Feature","properties":{"UTR":"L1A","utr":"L1A","DENUMIRE":"Locuinte individuale tip A","denumire":"Locuinte individuale tip A","POT":30,"CUT":0.9,"RH":"P+1-P+2","FUNCTIUNE":"Locuinte individuale tip A","functiune":"Locuinte individuale tip A","c":"#FDE68A","sursa":"PUG Suceava HCL 162/2017 - vectorizat TSS·FG","id":272},"geometry":{"type":"Polygon","coordinates":[[[26.2488808,47.638092],[26.2484432,47.6379505],[26.248379,47.6377103],[26.2482723,47.6375816],[26.2485028,47.6374739],[26.248574,47.6375123],[26.248607,47.6374959],[26.2492337,47.6376437],[26.249467,47.6375999],[26.2496017,47.6376097],[26.2488808,47.638092]]]}},{"type":"Feature","properties":{"UTR":"L2","utr":"L2","DENUMIRE":"Locuinte colective mici","denumire":"Locuinte colective mici","POT":40,"CUT":1.6,"RH":"P+3-P+4","FUNCTIUNE":"Locuinte colective mici","functiune":"Locuinte colective mici","c":"#FCD34D","sursa":"PUG Suceava HCL 162/2017 - vectorizat TSS·FG","id":273},"geometry":{"type":"Polygon","coordinates":[[[26.2496017,47.6376097],[26.2498124,47.6378326],[26.2493694,47.6382085],[26.2488808,47.638092],[26.2496017,47.6376097]]]}},{"type":"Feature","properties":{"UTR":"C0","utr":"C0","DENUMIRE":"Centru civic principal","denumire":"Centru civic principal","POT":75,"CUT":3.5,"RH":"P+5-P+7","FUNCTIUNE":"Centru civic principal","functiune":"Centru civic principal","c":"#FB923C","sursa":"PUG Suceava HCL 162/2017 - vectorizat TSS·FG","id":274},"geometry":{"type":"Polygon","coordinates":[[[26.2478808,47.6403543],[26.247544,47.6403348],[26.247054,47.640165],[26.2472422,47.639838],[26.2481989,47.640021],[26.2480885,47.6401425],[26.2479861,47.6402553],[26.247942,47.6402426],[26.2479071,47.6402917],[26.2478632,47.6402769],[26.2478372,47.6403158],[26.2478879,47.6403395],[26.2478808,47.6403543]]]}},{"type":"Feature","properties":{"UTR":"LC","utr":"LC","DENUMIRE":"Locuinte colective","denumire":"Locuinte colective","POT":40,"CUT":1.6,"RH":"P+3-P+4","FUNCTIUNE":"Locuinte colective","functiune":"Locuinte colective","c":"#FCD34D","sursa":"PUG Suceava HCL 162/2017 - vectorizat TSS·FG","id":275},"geometry":{"type":"Polygon","coordinates":[[[26.2551871,47.6404481],[26.2542631,47.6404309],[26.2542726,47.6401763],[26.2544665,47.6400389],[26.2541297,47.6398195],[26.2541509,47.6398018],[26.254081,47.6397667],[26.2540534,47.6397958],[26.2539395,47.6397048],[26.253752,47.6398265],[26.2534263,47.639616],[26.2535944,47.6395028],[26.2537225,47.6394164],[26.2546155,47.639474],[26.2549506,47.6395042],[26.2549741,47.6397505],[26.2552509,47.6397406],[26.2554994,47.6397314],[26.2555029,47.6395225],[26.2567966,47.6395605],[26.2574423,47.6394534],[26.2578818,47.639348],[26.257959,47.6394784],[26.258322,47.6393943],[26.2583852,47.6395667],[26.2587761,47.6394738],[26.2592201,47.6403339],[26.2585708,47.640391],[26.2583389,47.6403407],[26.2583408,47.6402118],[26.2582483,47.640151],[26.2583534,47.6400311],[26.2578115,47.6400452],[26.2578166,47.6399819],[26.2578362,47.6397372],[26.2574261,47.639729],[26.2571754,47.6398888],[26.2566378,47.6404629],[26.2566712,47.6403396],[26.2562074,47.6402812],[26.256141,47.6404347],[26.2560667,47.6404639],[26.2555573,47.6404547],[26.2554971,47.6403892],[26.2557152,47.6403143],[26.2555746,47.6400868],[26.2555275,47.6401033],[26.2554385,47.6399963],[26.2551245,47.6400023],[26.2549981,47.6400576],[26.2549886,47.6400879],[26.2550016,47.6401129],[26.2551396,47.6402011],[26.2550281,47.6402476],[26.2551871,47.6404481]]]}},{"type":"Feature","properties":{"UTR":"LI","utr":"LI","DENUMIRE":"Locuinte individuale izolate","denumire":"Locuinte individuale izolate","POT":25,"CUT":0.8,"RH":"P+1-P+2","FUNCTIUNE":"Locuinte individuale izolate","functiune":"Locuinte individuale izolate","c":"#FEF3C7","sursa":"PUG Suceava HCL 162/2017 - vectorizat TSS·FG","id":276},"geometry":{"type":"Polygon","coordinates":[[[26.2533649,47.6396575],[26.2534263,47.639616],[26.253752,47.6398265],[26.2539395,47.6397048],[26.2540534,47.6397958],[26.254081,47.6397667],[26.2541509,47.6398018],[26.2541297,47.6398195],[26.2544665,47.6400389],[26.2542726,47.6401763],[26.2542631,47.6404309],[26.2539458,47.6404224],[26.2538477,47.6404168],[26.2538523,47.6403374],[26.2534497,47.6401295],[26.2535259,47.6400464],[26.2535284,47.6399332],[26.2536145,47.6398749],[26.2533126,47.6396931],[26.2533649,47.6396575]]]}},{"type":"Feature","properties":{"UTR":"ZCP 5","utr":"ZCP 5","DENUMIRE":"Zona centrala protejata 5","denumire":"Zona centrala protejata 5","POT":40,"CUT":1.2,"RH":"P+2-P+3","FUNCTIUNE":"Zona centrala protejata 5","functiune":"Zona centrala protejata 5","c":"#FDE68A","sursa":"PUG Suceava HCL 162/2017 - vectorizat TSS·FG","id":277},"geometry":{"type":"Polygon","coordinates":[[[26.2505615,47.6405242],[26.2491854,47.6404952],[26.2488491,47.6404828],[26.2483809,47.6404368],[26.2478808,47.6403543],[26.2478879,47.6403395],[26.2478372,47.6403158],[26.2478632,47.6402769],[26.2479071,47.6402917],[26.247942,47.6402426],[26.2479861,47.6402553],[26.2480885,47.6401425],[26.2487824,47.6402064],[26.2494832,47.640217],[26.2494751,47.6403521],[26.2505579,47.640385],[26.2505615,47.6405242]]]}},{"type":"Feature","properties":{"UTR":"LC","utr":"LC","DENUMIRE":"Locuinte colective","denumire":"Locuinte colective","POT":40,"CUT":1.6,"RH":"P+3-P+4","FUNCTIUNE":"Locuinte colective","functiune":"Locuinte colective","c":"#FCD34D","sursa":"PUG Suceava HCL 162/2017 - vectorizat TSS·FG","id":278},"geometry":{"type":"Polygon","coordinates":[[[26.2498639,47.6399828],[26.250227,47.6399755],[26.2502508,47.6398835],[26.2502406,47.6396972],[26.2507385,47.6395672],[26.2516662,47.6393504],[26.2519585,47.639327],[26.2523502,47.6393506],[26.2526684,47.6393697],[26.2530373,47.6395221],[26.2533649,47.6396575],[26.2533126,47.6396931],[26.2536145,47.6398749],[26.2535284,47.6399332],[26.2535259,47.6400464],[26.2534497,47.6401295],[26.2538523,47.6403374],[26.2538477,47.6404168],[26.2537503,47.6403246],[26.252604,47.6402904],[26.2525897,47.640366],[26.2505603,47.6403569],[26.2505579,47.640385],[26.2494751,47.6403521],[26.2494832,47.640217],[26.2487824,47.6402064],[26.2480885,47.6401425],[26.2481989,47.640021],[26.248469,47.640022],[26.2487465,47.6400231],[26.2489146,47.6400238],[26.2489239,47.6401645],[26.2492891,47.6401335],[26.2492818,47.6399386],[26.2493755,47.6399157],[26.2494054,47.6400485],[26.2495416,47.6401127],[26.2497152,47.6400839],[26.2498639,47.6399828]]]}},{"type":"Feature","properties":{"UTR":"MC","utr":"MC","DENUMIRE":"Mixt centru cartier","denumire":"Mixt centru cartier","POT":55,"CUT":2.4,"RH":"P+4-P+5","FUNCTIUNE":"Mixt centru cartier","functiune":"Mixt centru cartier","c":"#FCA5A1","sursa":"PUG Suceava HCL 162/2017 - vectorizat TSS·FG","id":279},"geometry":{"type":"Polygon","coordinates":[[[26.2560469,47.6406767],[26.2505944,47.6405253],[26.2505615,47.6405242],[26.2505579,47.640385],[26.2505603,47.6403569],[26.2525897,47.640366],[26.252604,47.6402904],[26.2537503,47.6403246],[26.2538477,47.6404168],[26.2539458,47.6404224],[26.2542631,47.6404309],[26.2551871,47.6404481],[26.2555573,47.6404547],[26.2560667,47.6404639],[26.2560469,47.6406767]]]}},{"type":"Feature","properties":{"UTR":"MC","utr":"MC","DENUMIRE":"Mixt centru cartier","denumire":"Mixt centru cartier","POT":55,"CUT":2.4,"RH":"P+4-P+5","FUNCTIUNE":"Mixt centru cartier","functiune":"Mixt centru cartier","c":"#FCA5A1","sursa":"PUG Suceava HCL 162/2017 - vectorizat TSS·FG","id":280},"geometry":{"type":"Polygon","coordinates":[[[26.2592201,47.6403339],[26.2592771,47.6404444],[26.2592754,47.6409137],[26.2587637,47.6407459],[26.2560469,47.6406767],[26.2560667,47.6404639],[26.256141,47.6404347],[26.2562074,47.6402812],[26.2566712,47.6403396],[26.2566378,47.6404629],[26.2575719,47.6405063],[26.2581437,47.6403407],[26.2583389,47.6403407],[26.2585708,47.640391],[26.2592201,47.6403339]]]}},{"type":"Feature","properties":{"UTR":"MI","utr":"MI","DENUMIRE":"Mixt industrial reconversie","denumire":"Mixt industrial reconversie","POT":60,"CUT":2.5,"RH":"P+4-P+6","FUNCTIUNE":"Mixt industrial reconversie","functiune":"Mixt industrial reconversie","c":"#F87171","sursa":"PUG Suceava HCL 162/2017 - vectorizat TSS·FG","id":281},"geometry":{"type":"Polygon","coordinates":[[[26.2578818,47.639348],[26.2586069,47.6391815],[26.2587761,47.6394738],[26.2583852,47.6395667],[26.258322,47.6393943],[26.257959,47.6394784],[26.2578818,47.639348]]]}},{"type":"Feature","properties":{"UTR":"LI","utr":"LI","DENUMIRE":"Locuinte individuale izolate","denumire":"Locuinte individuale izolate","POT":25,"CUT":0.8,"RH":"P+1-P+2","FUNCTIUNE":"Locuinte individuale izolate","functiune":"Locuinte individuale izolate","c":"#FEF3C7","sursa":"PUG Suceava HCL 162/2017 - vectorizat TSS·FG","id":282},"geometry":{"type":"Polygon","coordinates":[[[26.2583389,47.6403407],[26.2581437,47.6403407],[26.2575719,47.6405063],[26.2566378,47.6404629],[26.2571754,47.6398888],[26.2574261,47.639729],[26.2578362,47.6397372],[26.2578166,47.6399819],[26.2578115,47.6400452],[26.2583534,47.6400311],[26.2582483,47.640151],[26.2583408,47.6402118],[26.2583389,47.6403407]]]}},{"type":"Feature","properties":{"UTR":"LI","utr":"LI","DENUMIRE":"Locuinte individuale izolate","denumire":"Locuinte individuale izolate","POT":25,"CUT":0.8,"RH":"P+1-P+2","FUNCTIUNE":"Locuinte individuale izolate","functiune":"Locuinte individuale izolate","c":"#FEF3C7","sursa":"PUG Suceava HCL 162/2017 - vectorizat TSS·FG","id":283},"geometry":{"type":"Polygon","coordinates":[[[26.2549506,47.6395042],[26.2555029,47.6395225],[26.2554994,47.6397314],[26.2552509,47.6397406],[26.2549741,47.6397505],[26.2549506,47.6395042]]]}},{"type":"Feature","properties":{"UTR":"LI","utr":"LI","DENUMIRE":"Locuinte individuale izolate","denumire":"Locuinte individuale izolate","POT":25,"CUT":0.8,"RH":"P+1-P+2","FUNCTIUNE":"Locuinte individuale izolate","functiune":"Locuinte individuale izolate","c":"#FEF3C7","sursa":"PUG Suceava HCL 162/2017 - vectorizat TSS·FG","id":284},"geometry":{"type":"Polygon","coordinates":[[[26.2555573,47.6404547],[26.2551871,47.6404481],[26.2550281,47.6402476],[26.2551396,47.6402011],[26.2550016,47.6401129],[26.2549886,47.6400879],[26.2549981,47.6400576],[26.2551245,47.6400023],[26.2554385,47.6399963],[26.2555275,47.6401033],[26.2555746,47.6400868],[26.2557152,47.6403143],[26.2554971,47.6403892],[26.2555573,47.6404547]]]}},{"type":"Feature","properties":{"UTR":"LI","utr":"LI","DENUMIRE":"Locuinte individuale izolate","denumire":"Locuinte individuale izolate","POT":25,"CUT":0.8,"RH":"P+1-P+2","FUNCTIUNE":"Locuinte individuale izolate","functiune":"Locuinte individuale izolate","c":"#FEF3C7","sursa":"PUG Suceava HCL 162/2017 - vectorizat TSS·FG","id":285},"geometry":{"type":"Polygon","coordinates":[[[26.2489146,47.6400238],[26.2492818,47.6399386],[26.2492891,47.6401335],[26.2489239,47.6401645],[26.2489146,47.6400238]]]}},{"type":"Feature","properties":{"UTR":"F","utr":"F","DENUMIRE":"Institutii publice","denumire":"Institutii publice","POT":45,"CUT":1.5,"RH":"P+2-P+4","FUNCTIUNE":"Institutii publice","functiune":"Institutii publice","c":"#93C5FD","sursa":"PUG Suceava HCL 162/2017 - vectorizat TSS·FG","id":286},"geometry":{"type":"Polygon","coordinates":[[[26.2514282,47.6372309],[26.2509517,47.6369083],[26.2515362,47.6365129],[26.252001,47.6368361],[26.2514835,47.6371891],[26.2514282,47.6372309]]]}},{"type":"Feature","properties":{"UTR":"MI","utr":"MI","DENUMIRE":"Mixt industrial reconversie","denumire":"Mixt industrial reconversie","POT":60,"CUT":2.5,"RH":"P+4-P+6","FUNCTIUNE":"Mixt industrial reconversie","functiune":"Mixt industrial reconversie","c":"#F87171","sursa":"PUG Suceava HCL 162/2017 - vectorizat TSS·FG","id":287},"geometry":{"type":"Polygon","coordinates":[[[26.2475114,47.6393947],[26.2475902,47.6392608],[26.2479896,47.6385301],[26.2480495,47.638546],[26.248396,47.6386473],[26.2483811,47.6386736],[26.2479187,47.6394959],[26.2476239,47.6394097],[26.2476122,47.639423],[26.2475114,47.6393947]]]}},{"type":"Feature","properties":{"UTR":"C0","utr":"C0","DENUMIRE":"Centru civic principal","denumire":"Centru civic principal","POT":75,"CUT":3.5,"RH":"P+5-P+7","FUNCTIUNE":"Centru civic principal","functiune":"Centru civic principal","c":"#FB923C","sursa":"PUG Suceava HCL 162/2017 - vectorizat TSS·FG","id":288},"geometry":{"type":"Polygon","coordinates":[[[26.2473008,47.6397361],[26.2475114,47.6393947],[26.2476122,47.639423],[26.2476239,47.6394097],[26.2479187,47.6394959],[26.2480482,47.6395863],[26.2477183,47.6398254],[26.2473008,47.6397361]]]}},{"type":"Feature","properties":{"UTR":"S","utr":"S","DENUMIRE":"Sport si agrement","denumire":"Sport si agrement","POT":15,"CUT":0.3,"RH":"P-P+2","FUNCTIUNE":"Sport si agrement","functiune":"Sport si agrement","c":"#6EE7B7","sursa":"PUG Suceava HCL 162/2017 - vectorizat TSS·FG","id":289},"geometry":{"type":"Polygon","coordinates":[[[26.2483811,47.6386736],[26.248396,47.6386473],[26.2480495,47.638546],[26.2483789,47.6380225],[26.2484432,47.6379505],[26.2488808,47.638092],[26.2493694,47.6382085],[26.2494573,47.6382516],[26.249857,47.6383566],[26.2503825,47.6378125],[26.2505199,47.6379245],[26.2501197,47.6383901],[26.2502153,47.6384053],[26.2502026,47.6384661],[26.2505573,47.6385488],[26.25048,47.6386573],[26.2505452,47.6386774],[26.2505666,47.6388796],[26.2501033,47.6388917],[26.2500418,47.6388782],[26.2496167,47.6388412],[26.2495828,47.6389306],[26.2497024,47.638933],[26.2496419,47.638998],[26.2483811,47.6386736]]]}},{"type":"Feature","properties":{"UTR":"L1A","utr":"L1A","DENUMIRE":"Locuinte individuale tip A","denumire":"Locuinte individuale tip A","POT":30,"CUT":0.9,"RH":"P+1-P+2","FUNCTIUNE":"Locuinte individuale tip A","functiune":"Locuinte individuale tip A","c":"#FDE68A","sursa":"PUG Suceava HCL 162/2017 - vectorizat TSS·FG","id":290},"geometry":{"type":"Polygon","coordinates":[[[26.2505666,47.6388796],[26.2505452,47.6386774],[26.25048,47.6386573],[26.2505573,47.6385488],[26.2502026,47.6384661],[26.2502153,47.6384053],[26.2501197,47.6383901],[26.2505199,47.6379245],[26.2503825,47.6378125],[26.2504257,47.6377739],[26.2503697,47.6375533],[26.2501267,47.6372334],[26.2497258,47.6369898],[26.2497708,47.63692],[26.2503795,47.6372078],[26.2507135,47.6374865],[26.2509971,47.6379449],[26.2512101,47.6380711],[26.2511779,47.638116],[26.2513913,47.6382174],[26.2515477,47.6383249],[26.2514347,47.6384292],[26.2514342,47.6384927],[26.2515338,47.6385727],[26.2510598,47.6388484],[26.2505666,47.6388796]]]}},{"type":"Feature","properties":{"UTR":"LI","utr":"LI","DENUMIRE":"Locuinte individuale izolate","denumire":"Locuinte individuale izolate","POT":25,"CUT":0.8,"RH":"P+1-P+2","FUNCTIUNE":"Locuinte individuale izolate","functiune":"Locuinte individuale izolate","c":"#FEF3C7","sursa":"PUG Suceava HCL 162/2017 - vectorizat TSS·FG","id":291},"geometry":{"type":"Polygon","coordinates":[[[26.2480482,47.6395863],[26.2479187,47.6394959],[26.2483811,47.6386736],[26.2496419,47.638998],[26.2497024,47.638933],[26.2497775,47.6389596],[26.2496248,47.6391301],[26.2487868,47.6397547],[26.2486084,47.6399345],[26.2482392,47.6399083],[26.2477688,47.6398177],[26.247865,47.6397566],[26.2481749,47.6396496],[26.2480911,47.6396167],[26.2480482,47.6395863]]]}},{"type":"Feature","properties":{"UTR":"MC","utr":"MC","DENUMIRE":"Mixt centru cartier","denumire":"Mixt centru cartier","POT":55,"CUT":2.4,"RH":"P+4-P+5","FUNCTIUNE":"Mixt centru cartier","functiune":"Mixt centru cartier","c":"#FCA5A1","sursa":"PUG Suceava HCL 162/2017 - vectorizat TSS·FG","id":292},"geometry":{"type":"Polygon","coordinates":[[[26.2477688,47.6398177],[26.2477183,47.6398254],[26.2480482,47.6395863],[26.2480911,47.6396167],[26.2481749,47.6396496],[26.247865,47.6397566],[26.2477688,47.6398177]]]}},{"type":"Feature","properties":{"UTR":"MI","utr":"MI","DENUMIRE":"Mixt industrial reconversie","denumire":"Mixt industrial reconversie","POT":60,"CUT":2.5,"RH":"P+4-P+6","FUNCTIUNE":"Mixt industrial reconversie","functiune":"Mixt industrial reconversie","c":"#F87171","sursa":"PUG Suceava HCL 162/2017 - vectorizat TSS·FG","id":293},"geometry":{"type":"Polygon","coordinates":[[[26.248718,47.6399269],[26.2487919,47.639849],[26.2491373,47.6396797],[26.2491135,47.6396538],[26.2493931,47.6394588],[26.2495928,47.6393937],[26.2497724,47.6397086],[26.2490022,47.6398971],[26.2487424,47.6399419],[26.248718,47.6399269]]]}},{"type":"Feature","properties":{"UTR":"S","utr":"S","DENUMIRE":"Sport si agrement","denumire":"Sport si agrement","POT":15,"CUT":0.3,"RH":"P-P+2","FUNCTIUNE":"Sport si agrement","functiune":"Sport si agrement","c":"#6EE7B7","sursa":"PUG Suceava HCL 162/2017 - vectorizat TSS·FG","id":294},"geometry":{"type":"Polygon","coordinates":[[[26.2497724,47.6397086],[26.2495928,47.6393937],[26.2496056,47.6392371],[26.2499973,47.6389998],[26.2504128,47.6389521],[26.2506531,47.6394085],[26.2506933,47.6394831],[26.2497724,47.6397086]]]}},{"type":"Feature","properties":{"UTR":"MI","utr":"MI","DENUMIRE":"Mixt industrial reconversie","denumire":"Mixt industrial reconversie","POT":60,"CUT":2.5,"RH":"P+4-P+6","FUNCTIUNE":"Mixt industrial reconversie","functiune":"Mixt industrial reconversie","c":"#F87171","sursa":"PUG Suceava HCL 162/2017 - vectorizat TSS·FG","id":295},"geometry":{"type":"Polygon","coordinates":[[[26.2506933,47.6394831],[26.2506531,47.6394085],[26.2511852,47.6392772],[26.2511593,47.6392279],[26.2514096,47.6391614],[26.2516357,47.6390645],[26.2523783,47.6392303],[26.2523717,47.6392586],[26.2520842,47.6392318],[26.2518283,47.6392325],[26.2516931,47.6392371],[26.2514564,47.6392907],[26.2506933,47.6394831]]]}},{"type":"Feature","properties":{"UTR":"LI","utr":"LI","DENUMIRE":"Locuinte individuale izolate","denumire":"Locuinte individuale izolate","POT":25,"CUT":0.8,"RH":"P+1-P+2","FUNCTIUNE":"Locuinte individuale izolate","functiune":"Locuinte individuale izolate","c":"#FEF3C7","sursa":"PUG Suceava HCL 162/2017 - vectorizat TSS·FG","id":296},"geometry":{"type":"Polygon","coordinates":[[[26.2523783,47.6392303],[26.2516357,47.6390645],[26.2514096,47.6391614],[26.2511593,47.6392279],[26.2511852,47.6392772],[26.2506531,47.6394085],[26.2504128,47.6389521],[26.2507209,47.638912],[26.2510527,47.6388856],[26.2512121,47.6388298],[26.2514677,47.6387046],[26.2515686,47.6386993],[26.2516039,47.6387103],[26.2518686,47.6389057],[26.2524323,47.6391388],[26.2523783,47.6392303]]]}},{"type":"Feature","properties":{"UTR":"G1","utr":"G1","DENUMIRE":"Gospodarire comunala tip 1","denumire":"Gospodarire comunala tip 1","POT":55,"CUT":2.0,"RH":"P+2-P+3","FUNCTIUNE":"Gospodarire comunala tip 1","functiune":"Gospodarire comunala tip 1","c":"#60A5FA","sursa":"PUG Suceava HCL 162/2017 - vectorizat TSS·FG","id":297},"geometry":{"type":"Polygon","coordinates":[[[26.2531444,47.6394314],[26.2529159,47.6393091],[26.2522239,47.6389391],[26.2521064,47.638818],[26.2520309,47.6385961],[26.2523648,47.6385723],[26.2535096,47.6387629],[26.2534855,47.6393943],[26.253231,47.639441],[26.2531444,47.6394314]]]}},{"type":"Feature","properties":{"UTR":"L3","utr":"L3","DENUMIRE":"Locuinte colective medii","denumire":"Locuinte colective medii","POT":40,"CUT":1.8,"RH":"P+4-P+6","FUNCTIUNE":"Locuinte colective medii","functiune":"Locuinte colective medii","c":"#F59E0B","sursa":"PUG Suceava HCL 162/2017 - vectorizat TSS·FG","id":298},"geometry":{"type":"Polygon","coordinates":[[[26.2515813,47.6382272],[26.2518054,47.6376271],[26.2517252,47.6375555],[26.2518106,47.6374886],[26.2519147,47.6374894],[26.252264,47.6372374],[26.2523959,47.6372353],[26.2529556,47.6373936],[26.2526379,47.6381469],[26.252128,47.6380503],[26.2520605,47.638244],[26.251897,47.6382725],[26.2517193,47.6383211],[26.2516535,47.6383123],[26.2515813,47.6382272]]]}},{"type":"Feature","properties":{"UTR":"L1B","utr":"L1B","DENUMIRE":"Locuinte individuale tip B","denumire":"Locuinte individuale tip B","POT":35,"CUT":1.1,"RH":"P+1-P+2","FUNCTIUNE":"Locuinte individuale tip B","functiune":"Locuinte individuale tip B","c":"#FCD34D","sursa":"PUG Suceava HCL 162/2017 - vectorizat TSS·FG","id":299},"geometry":{"type":"Polygon","coordinates":[[[26.2486084,47.6399345],[26.2487868,47.6397547],[26.2496248,47.6391301],[26.2497775,47.6389596],[26.2497024,47.638933],[26.2495828,47.6389306],[26.2496167,47.6388412],[26.2500418,47.6388782],[26.2501033,47.6388917],[26.2505666,47.6388796],[26.2510598,47.6388484],[26.2515338,47.6385727],[26.2514342,47.6384927],[26.2514347,47.6384292],[26.2515477,47.6383249],[26.2515813,47.6382272],[26.2516535,47.6383123],[26.2517193,47.6383211],[26.251897,47.6382725],[26.2520605,47.638244],[26.2520616,47.6382927],[26.2518599,47.6383042],[26.2516283,47.6383904],[26.251574,47.6384894],[26.2516052,47.6386095],[26.251853,47.6388438],[26.2521944,47.6389619],[26.2522239,47.6389391],[26.2529159,47.6393091],[26.2523717,47.6392586],[26.2523783,47.6392303],[26.2524323,47.6391388],[26.2518686,47.6389057],[26.2516039,47.6387103],[26.2515686,47.6386993],[26.2514677,47.6387046],[26.2512121,47.6388298],[26.2510527,47.6388856],[26.2507209,47.638912],[26.2504128,47.6389521],[26.2499973,47.6389998],[26.2496056,47.6392371],[26.2495928,47.6393937],[26.2493931,47.6394588],[26.2491135,47.6396538],[26.2491373,47.6396797],[26.2487919,47.639849],[26.248718,47.6399269],[26.2486084,47.6399345]]]}},{"type":"Feature","properties":{"UTR":"L1B","utr":"L1B","DENUMIRE":"Locuinte individuale tip B","denumire":"Locuinte individuale tip B","POT":35,"CUT":1.1,"RH":"P+1-P+2","FUNCTIUNE":"Locuinte individuale tip B","functiune":"Locuinte individuale tip B","c":"#FCD34D","sursa":"PUG Suceava HCL 162/2017 - vectorizat TSS·FG","id":300},"geometry":{"type":"Polygon","coordinates":[[[26.2534855,47.6393943],[26.2535096,47.6387629],[26.2523648,47.6385723],[26.2520309,47.6385961],[26.2521064,47.638818],[26.2522239,47.6389391],[26.2521944,47.6389619],[26.251853,47.6388438],[26.2516052,47.6386095],[26.251574,47.6384894],[26.2516283,47.6383904],[26.2518599,47.6383042],[26.2520616,47.6382927],[26.2520605,47.638244],[26.252128,47.6380503],[26.2526379,47.6381469],[26.2529556,47.6373936],[26.2523959,47.6372353],[26.2524025,47.6371721],[26.2530667,47.6368166],[26.2530137,47.6369623],[26.2534732,47.6370696],[26.2535498,47.6369041],[26.2546013,47.6371619],[26.2545337,47.6373724],[26.2540448,47.6389158],[26.2546491,47.6393198],[26.2546371,47.6393741],[26.2536584,47.6393327],[26.2534855,47.6393943]]]}},{"type":"Feature","properties":{"UTR":"L1A","utr":"L1A","DENUMIRE":"Locuinte individuale tip A","denumire":"Locuinte individuale tip A","POT":30,"CUT":0.9,"RH":"P+1-P+2","FUNCTIUNE":"Locuinte individuale tip A","functiune":"Locuinte individuale tip A","c":"#FDE68A","sursa":"PUG Suceava HCL 162/2017 - vectorizat TSS·FG","id":301},"geometry":{"type":"Polygon","coordinates":[[[26.2548809,47.6393967],[26.2541715,47.6388732],[26.2542152,47.6386974],[26.2559254,47.638672],[26.2576294,47.6386462],[26.2581122,47.6385848],[26.2583843,47.6391308],[26.2572023,47.6394051],[26.2568208,47.6394499],[26.2567105,47.639452],[26.2563259,47.6394483],[26.2552001,47.6394205],[26.2548809,47.6393967]]]}},{"type":"Feature","properties":{"UTR":"G2","utr":"G2","DENUMIRE":"Gospodarire comunala tip 2","denumire":"Gospodarire comunala tip 2","POT":55,"CUT":2.0,"RH":"P+2-P+3","FUNCTIUNE":"Gospodarire comunala tip 2","functiune":"Gospodarire comunala tip 2","c":"#3B82F6","sursa":"PUG Suceava HCL 162/2017 - vectorizat TSS·FG","id":302},"geometry":{"type":"Polygon","coordinates":[[[26.26275,47.637392],[26.2631699,47.6372705],[26.2636321,47.6371617],[26.2638973,47.6376514],[26.2643486,47.6376173],[26.2642707,47.6380102],[26.2644373,47.6386982],[26.2643826,47.6394366],[26.2635627,47.6394326],[26.2635145,47.6389841],[26.2634541,47.6385554],[26.2631889,47.6381722],[26.262912,47.6378136],[26.26282,47.6375833],[26.26275,47.637392]]]}},{"type":"Feature","properties":{"UTR":"L3","utr":"L3","DENUMIRE":"Locuinte colective medii","denumire":"Locuinte colective medii","POT":40,"CUT":1.8,"RH":"P+4-P+6","FUNCTIUNE":"Locuinte colective medii","functiune":"Locuinte colective medii","c":"#F59E0B","sursa":"PUG Suceava HCL 162/2017 - vectorizat TSS·FG","id":303},"geometry":{"type":"Polygon","coordinates":[[[26.26282,47.6375833],[26.262912,47.6378136],[26.2631889,47.6381722],[26.2629838,47.6382753],[26.262686,47.6383973],[26.2623035,47.638518],[26.2621679,47.6382735],[26.262124,47.6382302],[26.2620706,47.6380168],[26.2620826,47.6378128],[26.2621697,47.6378069],[26.2623286,47.6377373],[26.26282,47.6375833]]]}},{"type":"Feature","properties":{"UTR":"C2B","utr":"C2B","DENUMIRE":"Comercial tip B","denumire":"Comercial tip B","POT":60,"CUT":2.4,"RH":"P+3-P+5","FUNCTIUNE":"Comercial tip B","functiune":"Comercial tip B","c":"#FCA5A5","sursa":"PUG Suceava HCL 162/2017 - vectorizat TSS·FG","id":304},"geometry":{"type":"Polygon","coordinates":[[[26.2629462,47.6400232],[26.2627611,47.6401465],[26.2612952,47.639899],[26.2599917,47.6402311],[26.2599101,47.6400859],[26.2599891,47.6396897],[26.259694,47.6396627],[26.2596459,47.6392072],[26.2594956,47.6389553],[26.2600885,47.6388078],[26.2602502,47.6387682],[26.2602215,47.639261],[26.2604685,47.6392854],[26.2604871,47.6395001],[26.2604559,47.6396329],[26.2605341,47.6397861],[26.2609524,47.6396764],[26.2614077,47.6396082],[26.2614081,47.639598],[26.2615176,47.6395805],[26.2616213,47.6395376],[26.2620833,47.6394258],[26.2622862,47.6396531],[26.2626732,47.6394932],[26.2629462,47.6400232]]]}},{"type":"Feature","properties":{"UTR":"L2","utr":"L2","DENUMIRE":"Locuinte colective mici","denumire":"Locuinte colective mici","POT":40,"CUT":1.6,"RH":"P+3-P+4","FUNCTIUNE":"Locuinte colective mici","functiune":"Locuinte colective mici","c":"#FCD34D","sursa":"PUG Suceava HCL 162/2017 - vectorizat TSS·FG","id":305},"geometry":{"type":"Polygon","coordinates":[[[26.2612386,47.6384846],[26.2609096,47.6385072],[26.2602319,47.6386743],[26.2594417,47.6388649],[26.2583843,47.6391308],[26.2581122,47.6385848],[26.2586494,47.6384371],[26.2595547,47.6381716],[26.2598384,47.6384817],[26.2601831,47.638511],[26.2602194,47.6384641],[26.2604723,47.6383238],[26.261057,47.6381868],[26.261181,47.6382288],[26.2612386,47.6384846]]]}},{"type":"Feature","properties":{"UTR":"L1A","utr":"L1A","DENUMIRE":"Locuinte individuale tip A","denumire":"Locuinte individuale tip A","POT":30,"CUT":0.9,"RH":"P+1-P+2","FUNCTIUNE":"Locuinte individuale tip A","functiune":"Locuinte individuale tip A","c":"#FDE68A","sursa":"PUG Suceava HCL 162/2017 - vectorizat TSS·FG","id":306},"geometry":{"type":"Polygon","coordinates":[[[26.2614496,47.638502],[26.2614246,47.6384999],[26.2612386,47.6384846],[26.261181,47.6382288],[26.261057,47.6381868],[26.2604723,47.6383238],[26.2602194,47.6384641],[26.2601831,47.638511],[26.2598384,47.6384817],[26.2595547,47.6381716],[26.2601472,47.6379475],[26.2603266,47.6378697],[26.2606283,47.6377363],[26.260856,47.6376552],[26.2610278,47.6376301],[26.2612273,47.6376423],[26.2620826,47.6378128],[26.2620706,47.6380168],[26.262124,47.6382302],[26.261859,47.6383194],[26.2618084,47.6383556],[26.2617663,47.6383998],[26.2616714,47.6381775],[26.2614183,47.6382564],[26.2613839,47.6383477],[26.2614496,47.638502]]]}},{"type":"Feature","properties":{"UTR":"M1","utr":"M1","DENUMIRE":"Mixt rezidential-tertiar","denumire":"Mixt rezidential-tertiar","POT":55,"CUT":2.4,"RH":"P+4-P+5","FUNCTIUNE":"Mixt rezidential-tertiar","functiune":"Mixt rezidential-tertiar","c":"#FCA5A1","sursa":"PUG Suceava HCL 162/2017 - vectorizat TSS·FG","id":307},"geometry":{"type":"Polygon","coordinates":[[[26.2587567,47.6391434],[26.2594956,47.6389553],[26.2596459,47.6392072],[26.259694,47.6396627],[26.2599891,47.6396897],[26.2599101,47.6400859],[26.2599917,47.6402311],[26.2595508,47.6403435],[26.2594528,47.6403608],[26.2587567,47.6391434]]]}},{"type":"Feature","properties":{"UTR":"L2","utr":"L2","DENUMIRE":"Locuinte colective mici","denumire":"Locuinte colective mici","POT":40,"CUT":1.6,"RH":"P+3-P+4","FUNCTIUNE":"Locuinte colective mici","functiune":"Locuinte colective mici","c":"#FCD34D","sursa":"PUG Suceava HCL 162/2017 - vectorizat TSS·FG","id":308},"geometry":{"type":"Polygon","coordinates":[[[26.2626732,47.6394932],[26.2622862,47.6396531],[26.2620833,47.6394258],[26.2616213,47.6395376],[26.26139,47.6390986],[26.2613936,47.6385895],[26.2617159,47.6386212],[26.2621485,47.6387964],[26.2624061,47.6390133],[26.2626732,47.6394932]]]}},{"type":"Feature","properties":{"UTR":"C2A","utr":"C2A","DENUMIRE":"Comercial tip A","denumire":"Comercial tip A","POT":60,"CUT":2.4,"RH":"P+3-P+5","FUNCTIUNE":"Comercial tip A","functiune":"Comercial tip A","c":"#FDBA74","sursa":"PUG Suceava HCL 162/2017 - vectorizat TSS·FG","id":309},"geometry":{"type":"Polygon","coordinates":[[[26.2613936,47.6385895],[26.26139,47.6390986],[26.2616213,47.6395376],[26.2615176,47.6395805],[26.2614081,47.639598],[26.2614077,47.6396082],[26.2609524,47.6396764],[26.2605341,47.6397861],[26.2604559,47.6396329],[26.2604871,47.6395001],[26.2604685,47.6392854],[26.2602215,47.639261],[26.2602502,47.6387682],[26.2608634,47.6386188],[26.2610216,47.6385925],[26.261196,47.6385884],[26.2613936,47.6385895]]]}},{"type":"Feature","properties":{"UTR":"L1A","utr":"L1A","DENUMIRE":"Locuinte individuale tip A","denumire":"Locuinte individuale tip A","POT":30,"CUT":0.9,"RH":"P+1-P+2","FUNCTIUNE":"Locuinte individuale tip A","functiune":"Locuinte individuale tip A","c":"#FDE68A","sursa":"PUG Suceava HCL 162/2017 - vectorizat TSS·FG","id":310},"geometry":{"type":"Polygon","coordinates":[[[26.2626869,47.6392524],[26.2628478,47.6391839],[26.2629694,47.6390216],[26.2628847,47.6387424],[26.262686,47.6383973],[26.2629838,47.6382753],[26.2631889,47.6381722],[26.2634541,47.6385554],[26.2635145,47.6389841],[26.2630306,47.6393175],[26.2627788,47.6394204],[26.2626869,47.6392524]]]}},{"type":"Feature","properties":{"UTR":"L1B","utr":"L1B","DENUMIRE":"Locuinte individuale tip B","denumire":"Locuinte individuale tip B","POT":35,"CUT":1.1,"RH":"P+1-P+2","FUNCTIUNE":"Locuinte individuale tip B","functiune":"Locuinte individuale tip B","c":"#FCD34D","sursa":"PUG Suceava HCL 162/2017 - vectorizat TSS·FG","id":311},"geometry":{"type":"Polygon","coordinates":[[[26.2546371,47.6393741],[26.2546491,47.6393198],[26.2540448,47.6389158],[26.2545337,47.6373724],[26.2569386,47.6374302],[26.2580572,47.6373402],[26.2591157,47.6370259],[26.2590264,47.6369052],[26.2591001,47.6368811],[26.259267,47.6371133],[26.2595074,47.6370343],[26.2595723,47.6371147],[26.2602287,47.6368922],[26.2601617,47.6367556],[26.2604524,47.6366722],[26.2605881,47.6369011],[26.2602964,47.6369929],[26.2605004,47.6372568],[26.2606709,47.6372142],[26.2608769,47.6375333],[26.2610893,47.6374949],[26.2611592,47.6375448],[26.2612273,47.6376423],[26.2610278,47.6376301],[26.260856,47.6376552],[26.2606283,47.6377363],[26.2603266,47.6378697],[26.2601472,47.6379475],[26.2595547,47.6381716],[26.2586494,47.6384371],[26.2581122,47.6385848],[26.2576294,47.6386462],[26.2559254,47.638672],[26.2542152,47.6386974],[26.2541715,47.6388732],[26.2548809,47.6393967],[26.2546371,47.6393741]]]}},{"type":"Feature","properties":{"UTR":"C2B","utr":"C2B","DENUMIRE":"Comercial tip B","denumire":"Comercial tip B","POT":60,"CUT":2.4,"RH":"P+3-P+5","FUNCTIUNE":"Comercial tip B","functiune":"Comercial tip B","c":"#FCA5A5","sursa":"PUG Suceava HCL 162/2017 - vectorizat TSS·FG","id":312},"geometry":{"type":"Polygon","coordinates":[[[26.262418,47.6370333],[26.2623516,47.6370791],[26.26275,47.637392],[26.26282,47.6375833],[26.2623286,47.6377373],[26.2617237,47.6376213],[26.2616149,47.6375546],[26.2614202,47.6370836],[26.2615791,47.6367948],[26.2623738,47.6370131],[26.262418,47.6370333]]]}},{"type":"Feature","properties":{"UTR":"LC","utr":"LC","DENUMIRE":"Locuinte colective","denumire":"Locuinte colective","POT":40,"CUT":1.6,"RH":"P+3-P+4","FUNCTIUNE":"Locuinte colective","functiune":"Locuinte colective","c":"#FCD34D","sursa":"PUG Suceava HCL 162/2017 - vectorizat TSS·FG","id":313},"geometry":{"type":"Polygon","coordinates":[[[26.2608247,47.6430939],[26.2608009,47.6430401],[26.2607618,47.6430499],[26.260206,47.6419783],[26.2612999,47.6417157],[26.2614644,47.6417075],[26.2616316,47.6417154],[26.2620046,47.6418033],[26.2622411,47.6420561],[26.2622674,47.6421929],[26.2622853,47.6424987],[26.2621853,47.6427035],[26.2618811,47.6426168],[26.2615262,47.6426399],[26.2612293,47.6427368],[26.2611958,47.6426674],[26.2609383,47.6427323],[26.2610752,47.6429496],[26.2609508,47.643059],[26.2608247,47.6430939]]]}},{"type":"Feature","properties":{"UTR":"C0","utr":"C0","DENUMIRE":"Centru civic principal","denumire":"Centru civic principal","POT":75,"CUT":3.5,"RH":"P+5-P+7","FUNCTIUNE":"Centru civic principal","functiune":"Centru civic principal","c":"#FB923C","sursa":"PUG Suceava HCL 162/2017 - vectorizat TSS·FG","id":314},"geometry":{"type":"Polygon","coordinates":[[[26.2618058,47.6432188],[26.2617206,47.6431808],[26.2613682,47.6432904],[26.2612756,47.6432848],[26.2611644,47.6432842],[26.261067,47.643287],[26.2610293,47.6433026],[26.261022,47.6433345],[26.2610309,47.6433471],[26.2609516,47.6433798],[26.2608247,47.6430939],[26.2609508,47.643059],[26.2610752,47.6429496],[26.2609383,47.6427323],[26.2611958,47.6426674],[26.2612293,47.6427368],[26.2615262,47.6426399],[26.2618811,47.6426168],[26.2621853,47.6427035],[26.2621993,47.6427941],[26.2620777,47.6429958],[26.2618615,47.6432035],[26.2618058,47.6432188]]]}},{"type":"Feature","properties":{"UTR":"C0","utr":"C0","DENUMIRE":"Centru civic principal","denumire":"Centru civic principal","POT":75,"CUT":3.5,"RH":"P+5-P+7","FUNCTIUNE":"Centru civic principal","functiune":"Centru civic principal","c":"#FB923C","sursa":"PUG Suceava HCL 162/2017 - vectorizat TSS·FG","id":315},"geometry":{"type":"Polygon","coordinates":[[[26.2565927,47.6408601],[26.2580106,47.6408845],[26.2586346,47.6409163],[26.2593786,47.6412271],[26.2598386,47.641933],[26.2586744,47.6423171],[26.2584709,47.642049],[26.2578941,47.641695],[26.256789,47.6412196],[26.2566216,47.6411069],[26.2565431,47.6409868],[26.2565509,47.6408855],[26.2565927,47.6408601]]]}},{"type":"Feature","properties":{"UTR":"ZCP 2","utr":"ZCP 2","DENUMIRE":"Zona centrala protejata 2","denumire":"Zona centrala protejata 2","POT":40,"CUT":1.2,"RH":"P+2-P+3","FUNCTIUNE":"Zona centrala protejata 2","functiune":"Zona centrala protejata 2","c":"#FCD34D","sursa":"PUG Suceava HCL 162/2017 - vectorizat TSS·FG","id":316},"geometry":{"type":"Polygon","coordinates":[[[26.262958,47.6452193],[26.2630815,47.645274],[26.2634693,47.645561],[26.2637202,47.6458164],[26.26393,47.6460927],[26.2613421,47.646812],[26.2609828,47.6463417],[26.2610119,47.6462743],[26.2613646,47.646151],[26.2617952,47.6460556],[26.2623369,47.6459729],[26.2622197,47.6455691],[26.2623513,47.6454168],[26.262608,47.6452448],[26.262958,47.6452193]]]}},{"type":"Feature","properties":{"UTR":"L1B","utr":"L1B","DENUMIRE":"Locuinte individuale tip B","denumire":"Locuinte individuale tip B","POT":35,"CUT":1.1,"RH":"P+1-P+2","FUNCTIUNE":"Locuinte individuale tip B","functiune":"Locuinte individuale tip B","c":"#FCD34D","sursa":"PUG Suceava HCL 162/2017 - vectorizat TSS·FG","id":317},"geometry":null},{"type":"Feature","properties":{"UTR":"ZCP 1","utr":"ZCP 1","DENUMIRE":"Zona centrala protejata 1","denumire":"Zona centrala protejata 1","POT":40,"CUT":1.2,"RH":"P+2-P+3","FUNCTIUNE":"Zona centrala protejata 1","functiune":"Zona centrala protejata 1","c":"#FDE68A","sursa":"PUG Suceava HCL 162/2017 - vectorizat TSS·FG","id":318},"geometry":{"type":"Polygon","coordinates":[[[26.2586828,47.6452618],[26.2583149,47.6448165],[26.2582603,47.6447047],[26.2581603,47.6444999],[26.2587922,47.6443232],[26.2594918,47.6441275],[26.259581,47.6441026],[26.2595641,47.6439662],[26.2596838,47.6439366],[26.2598791,47.6438808],[26.2600402,47.6443238],[26.2608027,47.6441657],[26.2606232,47.6437886],[26.2608267,47.6437436],[26.2611817,47.6443529],[26.2613184,47.6446889],[26.2599699,47.6449925],[26.2599475,47.6449572],[26.2593274,47.6450896],[26.2593316,47.6450634],[26.2587991,47.6451878],[26.2586828,47.6452618]]]}},{"type":"Feature","properties":{"UTR":"C0","utr":"C0","DENUMIRE":"Centru civic principal","denumire":"Centru civic principal","POT":75,"CUT":3.5,"RH":"P+5-P+7","FUNCTIUNE":"Centru civic principal","functiune":"Centru civic principal","c":"#FB923C","sursa":"PUG Suceava HCL 162/2017 - vectorizat TSS·FG","id":319},"geometry":{"type":"Polygon","coordinates":[[[26.2629405,47.6449646],[26.2621044,47.6446356],[26.26168,47.6444108],[26.2620062,47.6442721],[26.2621947,47.6442328],[26.2627373,47.6445127],[26.2627651,47.6444773],[26.2630429,47.6445241],[26.2636775,47.6443006],[26.2640802,47.6448494],[26.2636601,47.6449038],[26.2629405,47.6449646]]]}},{"type":"Feature","properties":{"UTR":"L1A","utr":"L1A","DENUMIRE":"Locuinte individuale tip A","denumire":"Locuinte individuale tip A","POT":30,"CUT":0.9,"RH":"P+1-P+2","FUNCTIUNE":"Locuinte individuale tip A","functiune":"Locuinte individuale tip A","c":"#FDE68A","sursa":"PUG Suceava HCL 162/2017 - vectorizat TSS·FG","id":320},"geometry":{"type":"Polygon","coordinates":[[[26.2640802,47.6448494],[26.2636775,47.6443006],[26.2645809,47.6439349],[26.2651784,47.6436617],[26.2652455,47.6436646],[26.2656264,47.6440345],[26.2656976,47.6440125],[26.2657542,47.6440703],[26.2658459,47.6440323],[26.2659377,47.644113],[26.2655814,47.6442822],[26.2655426,47.6443814],[26.2654898,47.6444127],[26.2643675,47.6448076],[26.2641947,47.6448518],[26.2640802,47.6448494]]]}},{"type":"Feature","properties":{"UTR":"C0","utr":"C0","DENUMIRE":"Centru civic principal","denumire":"Centru civic principal","POT":75,"CUT":3.5,"RH":"P+5-P+7","FUNCTIUNE":"Centru civic principal","functiune":"Centru civic principal","c":"#FB923C","sursa":"PUG Suceava HCL 162/2017 - vectorizat TSS·FG","id":321},"geometry":{"type":"Polygon","coordinates":[[[26.2622197,47.6455691],[26.2623074,47.6458711],[26.2618579,47.6459249],[26.2617918,47.6457195],[26.2617309,47.6457325],[26.2617013,47.6456569],[26.2613935,47.6457077],[26.2612452,47.6453618],[26.2616007,47.6452593],[26.2621768,47.6454713],[26.2622197,47.6455691]]]}},{"type":"Feature","properties":{"UTR":"F","utr":"F","DENUMIRE":"Institutii publice","denumire":"Institutii publice","POT":45,"CUT":1.5,"RH":"P+2-P+4","FUNCTIUNE":"Institutii publice","functiune":"Institutii publice","c":"#93C5FD","sursa":"PUG Suceava HCL 162/2017 - vectorizat TSS·FG","id":322},"geometry":{"type":"Polygon","coordinates":[[[26.2584424,47.6461361],[26.2580319,47.646272],[26.2579266,47.6461568],[26.2583437,47.646023],[26.2584424,47.6461361]]]}},{"type":"Feature","properties":{"UTR":"MC","utr":"MC","DENUMIRE":"Mixt centru cartier","denumire":"Mixt centru cartier","POT":55,"CUT":2.4,"RH":"P+4-P+5","FUNCTIUNE":"Mixt centru cartier","functiune":"Mixt centru cartier","c":"#FCA5A1","sursa":"PUG Suceava HCL 162/2017 - vectorizat TSS·FG","id":323},"geometry":{"type":"Polygon","coordinates":[[[26.261532,47.6438769],[26.2612575,47.6439605],[26.2610891,47.6436518],[26.2614837,47.6434436],[26.2615127,47.6434064],[26.2618058,47.6432188],[26.2618615,47.6432035],[26.2620777,47.6429958],[26.2621993,47.6427941],[26.2621853,47.6427035],[26.2623563,47.6426194],[26.2627802,47.6424108],[26.2629332,47.6427414],[26.2629536,47.6428132],[26.2625333,47.6428498],[26.2625531,47.6431835],[26.2624468,47.6431877],[26.2624598,47.6432464],[26.2621928,47.6432939],[26.2622345,47.6434042],[26.2619489,47.6434422],[26.2617932,47.6434775],[26.2618701,47.6436332],[26.2618116,47.6436467],[26.2618236,47.6437581],[26.2616302,47.643762],[26.2615281,47.6437052],[26.2615102,47.6438012],[26.261532,47.6438769]]]}},{"type":"Feature","properties":{"UTR":"L1A","utr":"L1A","DENUMIRE":"Locuinte individuale tip A","denumire":"Locuinte individuale tip A","POT":30,"CUT":0.9,"RH":"P+1-P+2","FUNCTIUNE":"Locuinte individuale tip A","functiune":"Locuinte individuale tip A","c":"#FDE68A","sursa":"PUG Suceava HCL 162/2017 - vectorizat TSS·FG","id":324},"geometry":{"type":"Polygon","coordinates":[[[26.2653629,47.6423558],[26.2653922,47.6423813],[26.265287,47.6424805],[26.2649421,47.6427201],[26.2647921,47.6428161],[26.2645203,47.6427235],[26.2643114,47.6428687],[26.2641578,47.6427395],[26.2640298,47.6428247],[26.2638373,47.6427285],[26.2636688,47.6428493],[26.2636688,47.6428619],[26.2636294,47.6428832],[26.2634415,47.6427386],[26.263382,47.6427762],[26.2633085,47.642727],[26.2630734,47.6427911],[26.2629536,47.6428132],[26.2629332,47.6427414],[26.2627802,47.6424108],[26.2629008,47.6423515],[26.2633566,47.6424346],[26.263889,47.6425664],[26.2642909,47.6426183],[26.2648921,47.6424465],[26.2653629,47.6423558]]]}},{"type":"Feature","properties":{"UTR":"L1A","utr":"L1A","DENUMIRE":"Locuinte individuale tip A","denumire":"Locuinte individuale tip A","POT":30,"CUT":0.9,"RH":"P+1-P+2","FUNCTIUNE":"Locuinte individuale tip A","functiune":"Locuinte individuale tip A","c":"#FDE68A","sursa":"PUG Suceava HCL 162/2017 - vectorizat TSS·FG","id":325},"geometry":{"type":"Polygon","coordinates":[[[26.2641238,47.6449446],[26.2647171,47.6452883],[26.2651678,47.6455653],[26.2658452,47.6461584],[26.266077,47.6462813],[26.2649257,47.6462273],[26.2645318,47.6462261],[26.2645497,47.646102],[26.2645313,47.645961],[26.2644971,47.6458969],[26.2644635,47.6457819],[26.2643191,47.6457333],[26.2642111,47.6454523],[26.2641814,47.6454064],[26.2642193,47.6453947],[26.2639101,47.6449766],[26.2639021,47.6449658],[26.2641238,47.6449446]]]}},{"type":"Feature","properties":{"UTR":"F","utr":"F","DENUMIRE":"Institutii publice","denumire":"Institutii publice","POT":45,"CUT":1.5,"RH":"P+2-P+4","FUNCTIUNE":"Institutii publice","functiune":"Institutii publice","c":"#93C5FD","sursa":"PUG Suceava HCL 162/2017 - vectorizat TSS·FG","id":326},"geometry":{"type":"Polygon","coordinates":[[[26.2639021,47.6449658],[26.2639101,47.6449766],[26.2642193,47.6453947],[26.2641814,47.6454064],[26.2637881,47.645528],[26.2632334,47.6451026],[26.2632254,47.6450743],[26.2632505,47.6450449],[26.263274,47.6450302],[26.2639021,47.6449658]]]}},{"type":"Feature","properties":{"UTR":"C2C","utr":"C2C","DENUMIRE":"Comercial tip C","denumire":"Comercial tip C","POT":60,"CUT":2.4,"RH":"P+3-P+5","FUNCTIUNE":"Comercial tip C","functiune":"Comercial tip C","c":"#FCA5A5","sursa":"PUG Suceava HCL 162/2017 - vectorizat TSS·FG","id":327},"geometry":{"type":"GeometryCollection","geometries":[{"type":"Polygon","coordinates":[[[26.2641903,47.6460406],[26.2639782,47.6457161],[26.2637881,47.645528],[26.2641814,47.6454064],[26.2642111,47.6454523],[26.2643191,47.6457333],[26.2644635,47.6457819],[26.2644971,47.6458969],[26.2645313,47.645961],[26.2645497,47.646102],[26.2645318,47.6462261],[26.2643318,47.6462255],[26.2642619,47.6461752],[26.2641903,47.6460406]]]},{"type":"LineString","coordinates":[[26.2641814,47.6454064],[26.2642193,47.6453947]]}]}},{"type":"Feature","properties":{"UTR":"L1B","utr":"L1B","DENUMIRE":"Locuinte individuale tip B","denumire":"Locuinte individuale tip B","POT":35,"CUT":1.1,"RH":"P+1-P+2","FUNCTIUNE":"Locuinte individuale tip B","functiune":"Locuinte individuale tip B","c":"#FCD34D","sursa":"PUG Suceava HCL 162/2017 - vectorizat TSS·FG","id":328},"geometry":{"type":"Polygon","coordinates":[[[26.2641915,47.6476591],[26.2642783,47.6478272],[26.2643609,47.6479996],[26.2645501,47.6479516],[26.264766,47.6478116],[26.2649087,47.6476898],[26.2651811,47.6475395],[26.2646719,47.6470049],[26.264887,47.6469084],[26.2649377,47.6468932],[26.264967,47.6468915],[26.2650191,47.6468928],[26.2651016,47.6469403],[26.2651273,47.6469587],[26.2655979,47.6468195],[26.2654165,47.6465987],[26.2655994,47.6465439],[26.2656982,47.6465479],[26.2656981,47.646568],[26.2659134,47.6465694],[26.2659207,47.6466454],[26.2662287,47.6466219],[26.2662806,47.646625],[26.266295,47.6468669],[26.2663239,47.647214],[26.2661266,47.6476107],[26.266718,47.6483874],[26.2660795,47.6493307],[26.2663625,47.6497975],[26.2660832,47.6499492],[26.266171,47.6500678],[26.265808,47.6501816],[26.2659889,47.6504868],[26.2653604,47.6506217],[26.2652152,47.6506316],[26.2632419,47.6524119],[26.2628167,47.6536784],[26.2626803,47.6538878],[26.2626186,47.6539081],[26.2625495,47.6538942],[26.2619862,47.6536045],[26.2619385,47.6536408],[26.2616424,47.6539161],[26.2616019,47.6538995],[26.2615283,47.6539567],[26.2613707,47.6540243],[26.2611956,47.6541768],[26.261131,47.6541647],[26.2610526,47.6542916],[26.2609395,47.6542565],[26.2608113,47.6544396],[26.2607852,47.6543897],[26.2608251,47.6543386],[26.2607324,47.6543257],[26.2606888,47.6541457],[26.2605763,47.654157],[26.260446,47.6533799],[26.2602957,47.652525],[26.2603351,47.6520222],[26.2605705,47.6515117],[26.2608127,47.6511981],[26.2611522,47.6508817],[26.2617711,47.6504255],[26.2624852,47.6498177],[26.2629738,47.6490456],[26.2633076,47.6486193],[26.2641915,47.6476591]]]}},{"type":"Feature","properties":{"UTR":"C1","utr":"C1","DENUMIRE":"Centru civic intensiv","denumire":"Centru civic intensiv","POT":80,"CUT":4.0,"RH":"P+6-P+8","FUNCTIUNE":"Centru civic intensiv","functiune":"Centru civic intensiv","c":"#F97316","sursa":"PUG Suceava HCL 162/2017 - vectorizat TSS·FG","id":329},"geometry":{"type":"Polygon","coordinates":[[[26.2611956,47.6541768],[26.2613707,47.6540243],[26.2615283,47.6539567],[26.2616019,47.6538995],[26.2616424,47.6539161],[26.2620714,47.6541339],[26.2619216,47.654261],[26.2618323,47.6543128],[26.2615844,47.6543637],[26.2611956,47.6541768]]]}},{"type":"Feature","properties":{"UTR":"L4","utr":"L4","DENUMIRE":"Locuinte colective mari","denumire":"Locuinte colective mari","POT":45,"CUT":2.0,"RH":"P+6-P+8","FUNCTIUNE":"Locuinte colective mari","functiune":"Locuinte colective mari","c":"#D97706","sursa":"PUG Suceava HCL 162/2017 - vectorizat TSS·FG","id":330},"geometry":{"type":"Polygon","coordinates":[[[26.2635283,47.6535821],[26.2635281,47.6550155],[26.2625655,47.6550496],[26.2622888,47.654761],[26.2620246,47.6547694],[26.2618482,47.6546593],[26.262166,47.6544615],[26.2626595,47.6540387],[26.2629241,47.6538119],[26.262992,47.6537403],[26.2630174,47.6535557],[26.2635283,47.6535821]]]}},{"type":"Feature","properties":{"UTR":"C2C","utr":"C2C","DENUMIRE":"Comercial tip C","denumire":"Comercial tip C","POT":60,"CUT":2.4,"RH":"P+3-P+5","FUNCTIUNE":"Comercial tip C","functiune":"Comercial tip C","c":"#FCA5A5","sursa":"PUG Suceava HCL 162/2017 - vectorizat TSS·FG","id":331},"geometry":{"type":"Polygon","coordinates":[[[26.2627407,47.6568705],[26.262719,47.656876],[26.2616911,47.6556872],[26.2610516,47.6549766],[26.2613872,47.6545142],[26.2615965,47.6544311],[26.262166,47.6544615],[26.2618482,47.6546593],[26.2620246,47.6547694],[26.2622888,47.654761],[26.2625655,47.6550496],[26.2635281,47.6550155],[26.2635283,47.6535821],[26.2635291,47.6534683],[26.2636139,47.6534749],[26.2638891,47.6536011],[26.2665584,47.6548258],[26.2684428,47.6553824],[26.2691555,47.6558762],[26.2689929,47.6559615],[26.2677086,47.6560141],[26.2675273,47.6557724],[26.2669901,47.6559329],[26.2670191,47.6559851],[26.2651761,47.6566989],[26.2645749,47.6567822],[26.2639012,47.6567519],[26.263573,47.6567952],[26.2630986,47.6568136],[26.2630314,47.6568041],[26.2627407,47.6568705]]]}},{"type":"Feature","properties":{"UTR":"G2","utr":"G2","DENUMIRE":"Gospodarire comunala tip 2","denumire":"Gospodarire comunala tip 2","POT":55,"CUT":2.0,"RH":"P+2-P+3","FUNCTIUNE":"Gospodarire comunala tip 2","functiune":"Gospodarire comunala tip 2","c":"#3B82F6","sursa":"PUG Suceava HCL 162/2017 - vectorizat TSS·FG","id":332},"geometry":{"type":"Polygon","coordinates":[[[26.2616424,47.6539161],[26.2619385,47.6536408],[26.2623693,47.6538649],[26.2620714,47.6541339],[26.2616424,47.6539161]]]}},{"type":"Feature","properties":{"UTR":"G2","utr":"G2","DENUMIRE":"Gospodarire comunala tip 2","denumire":"Gospodarire comunala tip 2","POT":55,"CUT":2.0,"RH":"P+2-P+3","FUNCTIUNE":"Gospodarire comunala tip 2","functiune":"Gospodarire comunala tip 2","c":"#3B82F6","sursa":"PUG Suceava HCL 162/2017 - vectorizat TSS·FG","id":333},"geometry":{"type":"Polygon","coordinates":[[[26.2615844,47.6543637],[26.2614455,47.6543922],[26.2613312,47.6544435],[26.2610447,47.6547971],[26.2608113,47.6544396],[26.2609395,47.6542565],[26.2610526,47.6542916],[26.261131,47.6541647],[26.2611956,47.6541768],[26.2615844,47.6543637]]]}},{"type":"Feature","properties":{"UTR":"V2C","utr":"V2C","DENUMIRE":"Sport-agrement tip C","denumire":"Sport-agrement tip C","POT":10,"CUT":0.1,"RH":"P","FUNCTIUNE":"Sport-agrement tip C","functiune":"Sport-agrement tip C","c":"#22C55E","sursa":"PUG Suceava HCL 162/2017 - vectorizat TSS·FG","id":334},"geometry":{"type":"Polygon","coordinates":[[[26.2763474,47.651429],[26.2772158,47.6505136],[26.2773112,47.6504131],[26.2775507,47.6503261],[26.2779345,47.6510683],[26.2778906,47.6512887],[26.278355,47.6514433],[26.2784039,47.6520945],[26.2785734,47.6522566],[26.2783301,47.6524665],[26.2727624,47.6562624],[26.2679671,47.6569761],[26.2669355,47.6571297],[26.265739,47.6575423],[26.26487,47.657996],[26.2638797,47.6581728],[26.2631256,47.6572956],[26.2631791,47.6572678],[26.2629729,47.6570037],[26.2632419,47.6569407],[26.263236,47.6568695],[26.2645549,47.656861],[26.2649273,47.6568292],[26.2652092,47.6567864],[26.2653645,47.6567325],[26.2655873,47.6567601],[26.2672648,47.6561887],[26.2689255,47.6561331],[26.269827,47.6560241],[26.2706636,47.6558187],[26.2716238,47.655272],[26.2738656,47.6536265],[26.2758904,47.6519128],[26.2759558,47.6518435],[26.2759979,47.6518582],[26.2759721,47.6521037],[26.2757062,47.6530047],[26.2757869,47.6531976],[26.2760394,47.6533095],[26.2764613,47.6531408],[26.2767914,47.652663],[26.2770554,47.6525917],[26.2773652,47.6524543],[26.2777257,47.6522038],[26.277666,47.6519594],[26.2774127,47.651191],[26.2771011,47.6511235],[26.2768327,47.6511631],[26.2765865,47.6512878],[26.276391,47.6514465],[26.2763474,47.651429]]]}},{"type":"Feature","properties":{"UTR":"G2","utr":"G2","DENUMIRE":"Gospodarire comunala tip 2","denumire":"Gospodarire comunala tip 2","POT":55,"CUT":2.0,"RH":"P+2-P+3","FUNCTIUNE":"Gospodarire comunala tip 2","functiune":"Gospodarire comunala tip 2","c":"#3B82F6","sursa":"PUG Suceava HCL 162/2017 - vectorizat TSS·FG","id":335},"geometry":{"type":"Polygon","coordinates":[[[26.2946026,47.6545476],[26.2946002,47.6545441],[26.2943855,47.6542013],[26.2950333,47.6538849],[26.2931166,47.6520782],[26.2948109,47.6513618],[26.2962339,47.6507758],[26.2984297,47.6548154],[26.2965798,47.6558437],[26.2965693,47.6558346],[26.2964935,47.6557801],[26.2968618,47.6555712],[26.2953612,47.6541947],[26.2951098,47.6542576],[26.2946026,47.6545476]]]}},{"type":"Feature","properties":{"UTR":"G2","utr":"G2","DENUMIRE":"Gospodarire comunala tip 2","denumire":"Gospodarire comunala tip 2","POT":55,"CUT":2.0,"RH":"P+2-P+3","FUNCTIUNE":"Gospodarire comunala tip 2","functiune":"Gospodarire comunala tip 2","c":"#3B82F6","sursa":"PUG Suceava HCL 162/2017 - vectorizat TSS·FG","id":336},"geometry":{"type":"Polygon","coordinates":[[[26.2948109,47.6513618],[26.2931166,47.6520782],[26.2930341,47.6519943],[26.2929141,47.6520484],[26.2928047,47.6519446],[26.2927695,47.6519811],[26.2923029,47.6515384],[26.292287,47.6515472],[26.2920371,47.6513165],[26.2924578,47.6510996],[26.2927777,47.6510969],[26.2928581,47.6511674],[26.2929552,47.6511604],[26.2929608,47.6510993],[26.2929676,47.6510043],[26.2945033,47.6509583],[26.2946185,47.6511221],[26.2947536,47.6513054],[26.2948109,47.6513618]]]}},{"type":"Feature","properties":{"UTR":"A2","utr":"A2","DENUMIRE":"Agrozootehnic tip 2","denumire":"Agrozootehnic tip 2","POT":25,"CUT":0.5,"RH":"P+1-P+2","FUNCTIUNE":"Agrozootehnic tip 2","functiune":"Agrozootehnic tip 2","c":"#A3E635","sursa":"PUG Suceava HCL 162/2017 - vectorizat TSS·FG","id":337},"geometry":{"type":"Polygon","coordinates":[[[26.2943855,47.6542013],[26.2932259,47.652799],[26.2928101,47.6523112],[26.2928134,47.6522055],[26.2931166,47.6520782],[26.2950333,47.6538849],[26.2943855,47.6542013]]]}},{"type":"Feature","properties":{"UTR":"A2","utr":"A2","DENUMIRE":"Agrozootehnic tip 2","denumire":"Agrozootehnic tip 2","POT":25,"CUT":0.5,"RH":"P+1-P+2","FUNCTIUNE":"Agrozootehnic tip 2","functiune":"Agrozootehnic tip 2","c":"#A3E635","sursa":"PUG Suceava HCL 162/2017 - vectorizat TSS·FG","id":338},"geometry":{"type":"Polygon","coordinates":[[[26.2965798,47.6558437],[26.2964428,47.6559198],[26.2960024,47.6561312],[26.2955445,47.6558476],[26.2956836,47.6558434],[26.2948553,47.6549206],[26.2946026,47.6545476],[26.2951098,47.6542576],[26.2953612,47.6541947],[26.2968618,47.6555712],[26.2964935,47.6557801],[26.2965693,47.6558346],[26.2965798,47.6558437]]]}},{"type":"Feature","properties":{"UTR":"A2","utr":"A2","DENUMIRE":"Agrozootehnic tip 2","denumire":"Agrozootehnic tip 2","POT":25,"CUT":0.5,"RH":"P+1-P+2","FUNCTIUNE":"Agrozootehnic tip 2","functiune":"Agrozootehnic tip 2","c":"#A3E635","sursa":"PUG Suceava HCL 162/2017 - vectorizat TSS·FG","id":339},"geometry":{"type":"Polygon","coordinates":[[[26.2745395,47.658353],[26.2749294,47.657826],[26.2752468,47.6563749],[26.2753886,47.6561739],[26.2756388,47.6556735],[26.2761901,47.6552002],[26.2776356,47.6543295],[26.2786187,47.6532672],[26.2796518,47.6536345],[26.2796507,47.6539436],[26.2804301,47.6545781],[26.2808724,47.6563315],[26.2815622,47.6566865],[26.2815374,47.6570411],[26.2817839,47.6572604],[26.2819633,47.6569853],[26.2820871,47.6569997],[26.2821433,47.6571803],[26.2823113,47.6571926],[26.2818994,47.6583078],[26.2830367,47.6584005],[26.2830671,47.656979],[26.2831797,47.6568023],[26.2858364,47.655024],[26.2858616,47.6525774],[26.2856055,47.6522003],[26.2876521,47.6522019],[26.2924341,47.6522973],[26.2928134,47.6522055],[26.2928101,47.6523112],[26.2932259,47.652799],[26.2943855,47.6542013],[26.2946002,47.6545441],[26.2946026,47.6545476],[26.2948553,47.6549206],[26.2956836,47.6558434],[26.2955445,47.6558476],[26.2899134,47.659109],[26.2892229,47.6594465],[26.2884379,47.6597582],[26.2880388,47.6598873],[26.2881347,47.6600486],[26.2872603,47.6602565],[26.2867499,47.6604014],[26.286116,47.6607124],[26.2858317,47.6606437],[26.2846499,47.6611227],[26.2836403,47.6610658],[26.2831805,47.6609082],[26.2800224,47.6603584],[26.2800248,47.6602463],[26.2796937,47.6599382],[26.2791262,47.6601481],[26.278012,47.6600734],[26.275487,47.6587514],[26.2753968,47.658745],[26.274749,47.6586461],[26.2745395,47.658353]]]}},{"type":"Feature","properties":{"UTR":"T2","utr":"T2","DENUMIRE":"Turism tip 2","denumire":"Turism tip 2","POT":50,"CUT":2.0,"RH":"P+4-P+6","FUNCTIUNE":"Turism tip 2","functiune":"Turism tip 2","c":"#A78BFA","sursa":"PUG Suceava HCL 162/2017 - vectorizat TSS·FG","id":340},"geometry":{"type":"Polygon","coordinates":[[[26.2727287,47.6673966],[26.2731501,47.6672644],[26.2730707,47.6671177],[26.2740317,47.6667742],[26.2740965,47.6668726],[26.27423,47.6668261],[26.2742391,47.6667694],[26.2750031,47.66648],[26.2778399,47.6652709],[26.278057,47.6651784],[26.2787825,47.6645102],[26.2798642,47.6635839],[26.2802477,47.6633948],[26.2826277,47.662463],[26.2848213,47.6614545],[26.286116,47.6607124],[26.2867499,47.6604014],[26.2872603,47.6602565],[26.2881347,47.6600486],[26.2880388,47.6598873],[26.2884379,47.6597582],[26.2892229,47.6594465],[26.2899134,47.659109],[26.2955445,47.6558476],[26.2960024,47.6561312],[26.2964428,47.6559198],[26.2965798,47.6558437],[26.2984297,47.6548154],[26.2985694,47.6549923],[26.2943334,47.6574472],[26.2926836,47.6583895],[26.2924811,47.6585873],[26.2922464,47.6587328],[26.2882738,47.6612231],[26.2881156,47.6611181],[26.2871744,47.6616785],[26.2852287,47.6631469],[26.2851716,47.6631081],[26.2851331,47.6631317],[26.2850308,47.6630463],[26.2835326,47.6638648],[26.2827843,47.6641846],[26.2811099,47.6648229],[26.2809878,47.6648694],[26.2809687,47.6648767],[26.2784679,47.6657283],[26.276391,47.6664355],[26.2745538,47.6672112],[26.2730901,47.667685],[26.2727287,47.6673966]]]}},{"type":"Feature","properties":{"UTR":"C2C","utr":"C2C","DENUMIRE":"Comercial tip C","denumire":"Comercial tip C","POT":60,"CUT":2.4,"RH":"P+3-P+5","FUNCTIUNE":"Comercial tip C","functiune":"Comercial tip C","c":"#FCA5A5","sursa":"PUG Suceava HCL 162/2017 - vectorizat TSS·FG","id":341},"geometry":{"type":"Polygon","coordinates":[[[26.2690147,47.6639273],[26.268487,47.6633122],[26.2689548,47.6631304],[26.2695162,47.6637291],[26.2690147,47.6639273]]]}},{"type":"Feature","properties":{"UTR":"G2","utr":"G2","DENUMIRE":"Gospodarire comunala tip 2","denumire":"Gospodarire comunala tip 2","POT":55,"CUT":2.0,"RH":"P+2-P+3","FUNCTIUNE":"Gospodarire comunala tip 2","functiune":"Gospodarire comunala tip 2","c":"#3B82F6","sursa":"PUG Suceava HCL 162/2017 - vectorizat TSS·FG","id":342},"geometry":{"type":"Polygon","coordinates":[[[26.2679222,47.6627554],[26.2667098,47.6613794],[26.2668092,47.6613288],[26.2668821,47.6613397],[26.2669443,47.661419],[26.2674485,47.6612368],[26.2677879,47.6616192],[26.2678263,47.6616041],[26.2678671,47.6616521],[26.2680573,47.6615778],[26.2681331,47.6616779],[26.268078,47.6617364],[26.2680957,47.661769],[26.2680571,47.6617936],[26.2680648,47.6618024],[26.2680444,47.6618099],[26.2680674,47.6618439],[26.2681228,47.6618317],[26.2681468,47.6618493],[26.2685655,47.6623483],[26.2684405,47.6624936],[26.2680645,47.6626555],[26.2680695,47.6626971],[26.2679222,47.6627554]]]}},{"type":"Feature","properties":{"UTR":"C2B","utr":"C2B","DENUMIRE":"Comercial tip B","denumire":"Comercial tip B","POT":60,"CUT":2.4,"RH":"P+3-P+5","FUNCTIUNE":"Comercial tip B","functiune":"Comercial tip B","c":"#FCA5A5","sursa":"PUG Suceava HCL 162/2017 - vectorizat TSS·FG","id":343},"geometry":{"type":"Polygon","coordinates":[[[26.2663187,47.6607818],[26.2657161,47.6601419],[26.2656512,47.6598935],[26.2657654,47.6597764],[26.2658482,47.6596919],[26.2659431,47.6597954],[26.2663429,47.6598138],[26.2665569,47.6599098],[26.2666752,47.660014],[26.2668257,47.6601621],[26.2667406,47.6601961],[26.2668335,47.6603038],[26.2668581,47.6602928],[26.2669066,47.6603465],[26.2668879,47.6603525],[26.2670172,47.660499],[26.2663187,47.6607818]]]}},{"type":"Feature","properties":{"UTR":"A2","utr":"A2","DENUMIRE":"Agrozootehnic tip 2","denumire":"Agrozootehnic tip 2","POT":25,"CUT":0.5,"RH":"P+1-P+2","FUNCTIUNE":"Agrozootehnic tip 2","functiune":"Agrozootehnic tip 2","c":"#A3E635","sursa":"PUG Suceava HCL 162/2017 - vectorizat TSS·FG","id":344},"geometry":{"type":"Polygon","coordinates":[[[26.2674485,47.6612368],[26.2669443,47.661419],[26.2668821,47.6613397],[26.2668092,47.6613288],[26.2663187,47.6607818],[26.2670172,47.660499],[26.2668879,47.6603525],[26.2669066,47.6603465],[26.2668581,47.6602928],[26.2668335,47.6603038],[26.2667406,47.6601961],[26.2668257,47.6601621],[26.2666752,47.660014],[26.2665569,47.6599098],[26.2663429,47.6598138],[26.2659431,47.6597954],[26.2658482,47.6596919],[26.2663297,47.6595528],[26.2669952,47.6600059],[26.2673322,47.6601954],[26.2674447,47.6601901],[26.2675399,47.6602056],[26.2680764,47.6606189],[26.2678906,47.660692],[26.2680439,47.6608656],[26.2676208,47.6609945],[26.2676392,47.6610576],[26.2676837,47.6611082],[26.2676616,47.6611469],[26.2674989,47.6612176],[26.2674485,47.6612368]]]}},{"type":"Feature","properties":{"UTR":"V2C","utr":"V2C","DENUMIRE":"Sport-agrement tip C","denumire":"Sport-agrement tip C","POT":10,"CUT":0.1,"RH":"P","FUNCTIUNE":"Sport-agrement tip C","functiune":"Sport-agrement tip C","c":"#22C55E","sursa":"PUG Suceava HCL 162/2017 - vectorizat TSS·FG","id":345},"geometry":{"type":"Polygon","coordinates":[[[26.2647385,47.6591514],[26.2643409,47.6586996],[26.2650134,47.6584303],[26.2653433,47.6584525],[26.2657754,47.6582192],[26.2681691,47.6574686],[26.2698307,47.6572116],[26.2719471,47.6570551],[26.2735279,47.6566719],[26.2744404,47.6561492],[26.2746033,47.6562693],[26.2737705,47.656856],[26.2738097,47.6569003],[26.2732583,47.6571956],[26.2726842,47.6574094],[26.2719906,47.6575073],[26.2686928,47.6576917],[26.2680914,47.6578067],[26.265329,47.6589464],[26.2652625,47.6589231],[26.2647385,47.6591514]]]}},{"type":"Feature","properties":{"UTR":"A2","utr":"A2","DENUMIRE":"Agrozootehnic tip 2","denumire":"Agrozootehnic tip 2","POT":25,"CUT":0.5,"RH":"P+1-P+2","FUNCTIUNE":"Agrozootehnic tip 2","functiune":"Agrozootehnic tip 2","c":"#A3E635","sursa":"PUG Suceava HCL 162/2017 - vectorizat TSS·FG","id":346},"geometry":{"type":"Polygon","coordinates":[[[26.2738097,47.6569003],[26.2737705,47.656856],[26.2746033,47.6562693],[26.2744404,47.6561492],[26.2746591,47.6559992],[26.2747214,47.6560365],[26.2748303,47.6559626],[26.2752461,47.6559759],[26.2753701,47.6560595],[26.2751272,47.6563237],[26.2750117,47.6564493],[26.2746142,47.6566822],[26.2738097,47.6569003]]]}},{"type":"Feature","properties":{"UTR":"C2B","utr":"C2B","DENUMIRE":"Comercial tip B","denumire":"Comercial tip B","POT":60,"CUT":2.4,"RH":"P+3-P+5","FUNCTIUNE":"Comercial tip B","functiune":"Comercial tip B","c":"#FCA5A5","sursa":"PUG Suceava HCL 162/2017 - vectorizat TSS·FG","id":347},"geometry":{"type":"Polygon","coordinates":[[[26.2680573,47.6615778],[26.2678671,47.6616521],[26.2678263,47.6616041],[26.2677879,47.6616192],[26.2674485,47.6612368],[26.2674989,47.6612176],[26.2676616,47.6611469],[26.2676837,47.6611082],[26.2676392,47.6610576],[26.2676208,47.6609945],[26.2680439,47.6608656],[26.2678906,47.660692],[26.2680764,47.6606189],[26.2675399,47.6602056],[26.2674447,47.6601901],[26.2673322,47.6601954],[26.2669952,47.6600059],[26.2663297,47.6595528],[26.2658482,47.6596919],[26.2657654,47.6597764],[26.2656512,47.6598935],[26.2652531,47.6596933],[26.2647385,47.6591514],[26.2652625,47.6589231],[26.265329,47.6589464],[26.2680914,47.6578067],[26.2686928,47.6576917],[26.2719906,47.6575073],[26.2726842,47.6574094],[26.2732583,47.6571956],[26.2738097,47.6569003],[26.2746142,47.6566822],[26.2750117,47.6564493],[26.2751272,47.6563237],[26.2752468,47.6563749],[26.2749294,47.657826],[26.2745395,47.658353],[26.2741912,47.6588239],[26.2744265,47.6591486],[26.2737589,47.6594171],[26.2737001,47.6596176],[26.2730965,47.6596352],[26.2725477,47.659757],[26.2705334,47.6605791],[26.2704866,47.6605472],[26.2689365,47.6611725],[26.2689744,47.6612145],[26.2680573,47.6615778]]]}},{"type":"Feature","properties":{"UTR":"V2B","utr":"V2B","DENUMIRE":"Sport-agrement tip B","denumire":"Sport-agrement tip B","POT":10,"CUT":0.1,"RH":"P","FUNCTIUNE":"Sport-agrement tip B","functiune":"Sport-agrement tip B","c":"#22C55E","sursa":"PUG Suceava HCL 162/2017 - vectorizat TSS·FG","id":348},"geometry":{"type":"Polygon","coordinates":[[[26.2752468,47.6563749],[26.2751272,47.6563237],[26.2753701,47.6560595],[26.2752461,47.6559759],[26.2748303,47.6559626],[26.274874,47.6559123],[26.2750181,47.6558684],[26.2751023,47.6557824],[26.2750964,47.6557197],[26.2748778,47.6555631],[26.2750659,47.655444],[26.2751931,47.6550809],[26.2762416,47.6541453],[26.2765346,47.6540111],[26.2777599,47.6536846],[26.2792254,47.6524164],[26.2799443,47.651927],[26.2803507,47.6517877],[26.2830414,47.6515252],[26.284501,47.6514204],[26.2847691,47.6512554],[26.2851599,47.6511894],[26.2870463,47.6511762],[26.2871319,47.6517033],[26.2874499,47.6516593],[26.2885894,47.6511634],[26.2893352,47.650746],[26.2898741,47.6505982],[26.2902585,47.6505786],[26.2913829,47.6501963],[26.2916385,47.6501789],[26.2922275,47.6499721],[26.2930235,47.6498218],[26.2950272,47.6494816],[26.2954397,47.6493146],[26.2962339,47.6507758],[26.2948109,47.6513618],[26.2947536,47.6513054],[26.2946185,47.6511221],[26.2945033,47.6509583],[26.2929676,47.6510043],[26.2929608,47.6510993],[26.2929552,47.6511604],[26.2928581,47.6511674],[26.2927777,47.6510969],[26.2924578,47.6510996],[26.2920371,47.6513165],[26.292287,47.6515472],[26.2923029,47.6515384],[26.2927695,47.6519811],[26.2928047,47.6519446],[26.2929141,47.6520484],[26.2930341,47.6519943],[26.2931166,47.6520782],[26.2928134,47.6522055],[26.2924341,47.6522973],[26.2876521,47.6522019],[26.2856055,47.6522003],[26.2813438,47.6522081],[26.280257,47.6523507],[26.2794692,47.6526304],[26.2786187,47.6532672],[26.2776356,47.6543295],[26.2761901,47.6552002],[26.2756388,47.6556735],[26.2753886,47.6561739],[26.2752468,47.6563749]]]}},{"type":"Feature","properties":{"UTR":"G2","utr":"G2","DENUMIRE":"Gospodarire comunala tip 2","denumire":"Gospodarire comunala tip 2","POT":55,"CUT":2.0,"RH":"P+2-P+3","FUNCTIUNE":"Gospodarire comunala tip 2","functiune":"Gospodarire comunala tip 2","c":"#3B82F6","sursa":"PUG Suceava HCL 162/2017 - vectorizat TSS·FG","id":349},"geometry":{"type":"Polygon","coordinates":[[[26.2786187,47.6532672],[26.2794692,47.6526304],[26.280257,47.6523507],[26.2813438,47.6522081],[26.2856055,47.6522003],[26.2858616,47.6525774],[26.2858364,47.655024],[26.2831797,47.6568023],[26.2830671,47.656979],[26.2830367,47.6584005],[26.2818994,47.6583078],[26.2823113,47.6571926],[26.2821433,47.6571803],[26.2820871,47.6569997],[26.2819633,47.6569853],[26.2817839,47.6572604],[26.2815374,47.6570411],[26.2815622,47.6566865],[26.2808724,47.6563315],[26.2804301,47.6545781],[26.2796507,47.6539436],[26.2796518,47.6536345],[26.2786187,47.6532672]]]}},{"type":"Feature","properties":{"UTR":"A2","utr":"A2","DENUMIRE":"Agrozootehnic tip 2","denumire":"Agrozootehnic tip 2","POT":25,"CUT":0.5,"RH":"P+1-P+2","FUNCTIUNE":"Agrozootehnic tip 2","functiune":"Agrozootehnic tip 2","c":"#A3E635","sursa":"PUG Suceava HCL 162/2017 - vectorizat TSS·FG","id":350},"geometry":{"type":"Polygon","coordinates":[[[26.2696764,47.6646888],[26.2696755,47.6646878],[26.269243,47.6641871],[26.2693147,47.664154],[26.2691692,47.6639882],[26.2690896,47.6640146],[26.2690147,47.6639273],[26.2695162,47.6637291],[26.2689548,47.6631304],[26.268487,47.6633122],[26.2684273,47.6633284],[26.2679222,47.6627554],[26.2680695,47.6626971],[26.2680645,47.6626555],[26.2684405,47.6624936],[26.2685655,47.6623483],[26.2681468,47.6618493],[26.2681228,47.6618317],[26.2680674,47.6618439],[26.2680444,47.6618099],[26.2680648,47.6618024],[26.2680571,47.6617936],[26.2680957,47.661769],[26.268078,47.6617364],[26.2681331,47.6616779],[26.2680573,47.6615778],[26.2689744,47.6612145],[26.2689365,47.6611725],[26.2704866,47.6605472],[26.2705334,47.6605791],[26.2725477,47.659757],[26.2730965,47.6596352],[26.2737001,47.6596176],[26.2737589,47.6594171],[26.2744265,47.6591486],[26.2741912,47.6588239],[26.2745395,47.658353],[26.274749,47.6586461],[26.2753968,47.658745],[26.275487,47.6587514],[26.278012,47.6600734],[26.2791262,47.6601481],[26.2796937,47.6599382],[26.2800248,47.6602463],[26.2800224,47.6603584],[26.2800469,47.6604242],[26.2810678,47.6605812],[26.2810338,47.660696],[26.2796788,47.6606754],[26.2798103,47.6609147],[26.2792353,47.6611369],[26.2791655,47.6610552],[26.278197,47.6615021],[26.2781011,47.6612815],[26.2778408,47.6610742],[26.2771526,47.661418],[26.276311,47.6611362],[26.2760495,47.661238],[26.2755878,47.6619908],[26.2757859,47.6626102],[26.275356,47.6628224],[26.2757255,47.6632425],[26.2743794,47.6637771],[26.2737159,47.6630527],[26.2696764,47.6646888]]]}},{"type":"Feature","properties":{"UTR":"M4","utr":"M4","DENUMIRE":"Mixt servicii","denumire":"Mixt servicii","POT":60,"CUT":2.8,"RH":"P+4-P+6","FUNCTIUNE":"Mixt servicii","functiune":"Mixt servicii","c":"#FB7185","sursa":"PUG Suceava HCL 162/2017 - vectorizat TSS·FG","id":351},"geometry":{"type":"Polygon","coordinates":[[[26.2800224,47.6603584],[26.2831805,47.6609082],[26.2836403,47.6610658],[26.2846499,47.6611227],[26.2858317,47.6606437],[26.286116,47.6607124],[26.2848213,47.6614545],[26.2826277,47.662463],[26.2802477,47.6633948],[26.2798642,47.6635839],[26.2787825,47.6645102],[26.278057,47.6651784],[26.2778399,47.6652709],[26.2777874,47.6652135],[26.2777134,47.6651422],[26.2777953,47.6648412],[26.2778665,47.6647599],[26.2778117,47.6646853],[26.2777074,47.6644854],[26.276865,47.6637335],[26.2768054,47.6631081],[26.2763702,47.6632523],[26.2762196,47.6630757],[26.2757255,47.6632425],[26.275356,47.6628224],[26.2757859,47.6626102],[26.2755878,47.6619908],[26.2760495,47.661238],[26.276311,47.6611362],[26.2771526,47.661418],[26.2778408,47.6610742],[26.2781011,47.6612815],[26.278197,47.6615021],[26.2791655,47.6610552],[26.2792353,47.6611369],[26.2798103,47.6609147],[26.2796788,47.6606754],[26.2810338,47.660696],[26.2810678,47.6605812],[26.2800469,47.6604242],[26.2800224,47.6603584]]]}},{"type":"Feature","properties":{"UTR":"C2B","utr":"C2B","DENUMIRE":"Comercial tip B","denumire":"Comercial tip B","POT":60,"CUT":2.4,"RH":"P+3-P+5","FUNCTIUNE":"Comercial tip B","functiune":"Comercial tip B","c":"#FCA5A5","sursa":"PUG Suceava HCL 162/2017 - vectorizat TSS·FG","id":352},"geometry":{"type":"Polygon","coordinates":[[[26.2702288,47.6652716],[26.2696764,47.6646888],[26.2737159,47.6630527],[26.2743794,47.6637771],[26.2757255,47.6632425],[26.2762196,47.6630757],[26.2763702,47.6632523],[26.2768054,47.6631081],[26.276865,47.6637335],[26.2777074,47.6644854],[26.2778117,47.6646853],[26.2778665,47.6647599],[26.2777953,47.6648412],[26.2777134,47.6651422],[26.2777874,47.6652135],[26.2778399,47.6652709],[26.2750031,47.66648],[26.2742391,47.6667694],[26.27423,47.6668261],[26.2740965,47.6668726],[26.2740317,47.6667742],[26.2730707,47.6671177],[26.2729306,47.6670256],[26.2719705,47.666126],[26.2718994,47.6661618],[26.2716716,47.6660174],[26.2713204,47.6658851],[26.2710909,47.6658169],[26.2708216,47.6656949],[26.2703982,47.6654151],[26.2702583,47.6652697],[26.2702288,47.6652716]]]}},{"type":"Feature","properties":{"UTR":"V2A","utr":"V2A","DENUMIRE":"Sport-agrement tip A","denumire":"Sport-agrement tip A","POT":10,"CUT":0.1,"RH":"P","FUNCTIUNE":"Sport-agrement tip A","functiune":"Sport-agrement tip A","c":"#4ADE80","sursa":"PUG Suceava HCL 162/2017 - vectorizat TSS·FG","id":353},"geometry":{"type":"Polygon","coordinates":[[[26.2730707,47.6671177],[26.2731501,47.6672644],[26.2727287,47.6673966],[26.2725461,47.6672544],[26.2707307,47.6658013],[26.2702288,47.6652716],[26.2702583,47.6652697],[26.2703982,47.6654151],[26.2708216,47.6656949],[26.2710909,47.6658169],[26.2713204,47.6658851],[26.2716716,47.6660174],[26.2718994,47.6661618],[26.2719705,47.666126],[26.2729306,47.6670256],[26.2730707,47.6671177]]]}},{"type":"Feature","properties":{"UTR":"L1B","utr":"L1B","DENUMIRE":"Locuinte individuale tip B","denumire":"Locuinte individuale tip B","POT":35,"CUT":1.1,"RH":"P+1-P+2","FUNCTIUNE":"Locuinte individuale tip B","functiune":"Locuinte individuale tip B","c":"#FCD34D","sursa":"PUG Suceava HCL 162/2017 - vectorizat TSS·FG","id":354},"geometry":{"type":"Polygon","coordinates":[[[26.2927219,47.6657863],[26.2935847,47.6664204],[26.2918686,47.6678493],[26.291535,47.6676132],[26.2913865,47.6677083],[26.2914243,47.6677394],[26.2912866,47.667821],[26.2907505,47.6673863],[26.2906002,47.6674528],[26.2908645,47.667669],[26.2907331,47.6677452],[26.2905152,47.6675698],[26.2904079,47.6676261],[26.2904731,47.6676862],[26.2903087,47.6677778],[26.2907325,47.6681238],[26.2905715,47.668196],[26.2895176,47.667317],[26.2893937,47.6674032],[26.2897369,47.667684],[26.2896175,47.667773],[26.2901613,47.6682208],[26.2899011,47.6683648],[26.2903162,47.6687078],[26.2900462,47.6688991],[26.2901713,47.6689758],[26.2892148,47.6696906],[26.2890774,47.6696016],[26.2885685,47.6699626],[26.2884639,47.6698915],[26.2888613,47.6696001],[26.2886176,47.6694549],[26.2882798,47.6697059],[26.2880011,47.6695255],[26.2879349,47.6695702],[26.2876921,47.6694124],[26.2880203,47.6691748],[26.2878875,47.6690973],[26.2877916,47.6691664],[26.2873988,47.6689169],[26.2870564,47.669176],[26.2868055,47.6690157],[26.2867416,47.6690613],[26.2865992,47.6689762],[26.2868444,47.6688004],[26.2867094,47.6687222],[26.2868613,47.6686099],[26.286725,47.6685298],[26.2864708,47.668714],[26.2863361,47.6686207],[26.2883606,47.6671556],[26.2881818,47.6670133],[26.2879118,47.666814],[26.2861485,47.668079],[26.2858967,47.6679355],[26.2859531,47.667893],[26.285828,47.6677957],[26.2857926,47.6678211],[26.2856683,47.667733],[26.2855606,47.6678102],[26.2852141,47.6675572],[26.285326,47.6674764],[26.2852034,47.6673824],[26.285313,47.6672992],[26.2845608,47.6668191],[26.2843618,47.6669664],[26.2842308,47.6668766],[26.2843126,47.6668178],[26.2841861,47.6667419],[26.2841583,47.6667644],[26.2840247,47.666675],[26.283828,47.6665478],[26.2843737,47.6661417],[26.2842667,47.6660754],[26.283848,47.6663956],[26.283487,47.666187],[26.2840008,47.6657836],[26.2838779,47.6657077],[26.2837327,47.665821],[26.2834522,47.6656493],[26.2840173,47.6652207],[26.283859,47.665142],[26.2845326,47.6646385],[26.2844658,47.6645972],[26.2848608,47.6642566],[26.2845771,47.6640714],[26.2865512,47.6626329],[26.2882738,47.6612231],[26.2922464,47.6587328],[26.2924811,47.6585873],[26.2926836,47.6583895],[26.2943334,47.6574472],[26.296701,47.6594523],[26.2927777,47.6618858],[26.2922835,47.6623081],[26.2932392,47.6631118],[26.29131,47.6647485],[26.2926095,47.6657037],[26.2917388,47.6663225],[26.2914839,47.6664497],[26.2913986,47.6664088],[26.2911851,47.6664012],[26.2910495,47.6664684],[26.290989,47.6665629],[26.2910131,47.6666298],[26.2911056,47.6667132],[26.2907524,47.667016],[26.2908505,47.6670839],[26.2911531,47.6668734],[26.2913711,47.6668562],[26.291577,47.6667871],[26.2916874,47.6666819],[26.2917006,47.6665009],[26.2927219,47.6657863]]]}},{"type":"Feature","properties":{"UTR":"L3","utr":"L3","DENUMIRE":"Locuinte colective medii","denumire":"Locuinte colective medii","POT":40,"CUT":1.8,"RH":"P+4-P+6","FUNCTIUNE":"Locuinte colective medii","functiune":"Locuinte colective medii","c":"#F59E0B","sursa":"PUG Suceava HCL 162/2017 - vectorizat TSS·FG","id":355},"geometry":{"type":"Polygon","coordinates":[[[26.2784679,47.6657283],[26.2809687,47.6648767],[26.2809878,47.6648694],[26.281918,47.665594],[26.2800941,47.6667218],[26.2796771,47.6663651],[26.2795995,47.6664027],[26.2795613,47.6663786],[26.279177,47.6665973],[26.278233,47.6658715],[26.2784679,47.6657283]]]}},{"type":"Feature","properties":{"UTR":"M4","utr":"M4","DENUMIRE":"Mixt servicii","denumire":"Mixt servicii","POT":60,"CUT":2.8,"RH":"P+4-P+6","FUNCTIUNE":"Mixt servicii","functiune":"Mixt servicii","c":"#FB7185","sursa":"PUG Suceava HCL 162/2017 - vectorizat TSS·FG","id":356},"geometry":{"type":"Polygon","coordinates":[[[26.2811099,47.6648229],[26.2827843,47.6641846],[26.2835326,47.6638648],[26.2850308,47.6630463],[26.2851331,47.6631317],[26.2851716,47.6631081],[26.2852287,47.6631469],[26.2871744,47.6616785],[26.2881156,47.6611181],[26.2882738,47.6612231],[26.2865512,47.6626329],[26.2845009,47.6641269],[26.2828662,47.6657213],[26.2825134,47.6659161],[26.2811099,47.6648229]]]}},{"type":"Feature","properties":{"UTR":"C2C","utr":"C2C","DENUMIRE":"Comercial tip C","denumire":"Comercial tip C","POT":60,"CUT":2.4,"RH":"P+3-P+5","FUNCTIUNE":"Comercial tip C","functiune":"Comercial tip C","c":"#FCA5A5","sursa":"PUG Suceava HCL 162/2017 - vectorizat TSS·FG","id":357},"geometry":{"type":"Polygon","coordinates":[[[26.2645845,47.659336],[26.2646222,47.6593749],[26.265083,47.6598502],[26.2650908,47.6600433],[26.2652617,47.6602951],[26.265556,47.6604172],[26.267645,47.6627981],[26.2641353,47.6642468],[26.2648323,47.6651274],[26.2629202,47.6658993],[26.2621502,47.6651168],[26.2606129,47.6639416],[26.260628,47.6636205],[26.2604177,47.6636527],[26.2586014,47.6645265],[26.2582801,47.6642738],[26.258628,47.6640365],[26.2587283,47.6640964],[26.259722,47.6634434],[26.2604704,47.6627087],[26.2615225,47.6611161],[26.2614485,47.6610448],[26.2622062,47.6602809],[26.2628468,47.6599729],[26.2645845,47.659336]]]}},{"type":"Feature","properties":{"UTR":"V2C","utr":"V2C","DENUMIRE":"Sport-agrement tip C","denumire":"Sport-agrement tip C","POT":10,"CUT":0.1,"RH":"P","FUNCTIUNE":"Sport-agrement tip C","functiune":"Sport-agrement tip C","c":"#22C55E","sursa":"PUG Suceava HCL 162/2017 - vectorizat TSS·FG","id":358},"geometry":{"type":"Polygon","coordinates":[[[26.2512168,47.6714371],[26.2526042,47.6711644],[26.2537059,47.6705887],[26.2540887,47.6702302],[26.2547671,47.6688548],[26.2547767,47.6673253],[26.2543952,47.6659972],[26.2548403,47.6655231],[26.2560746,47.66467],[26.2604102,47.6616095],[26.2608002,47.660974],[26.2624396,47.659251],[26.264095,47.6587717],[26.2644498,47.6591972],[26.2645845,47.659336],[26.2628468,47.6599729],[26.2622062,47.6602809],[26.2614485,47.6610448],[26.2615225,47.6611161],[26.2604704,47.6627087],[26.259722,47.6634434],[26.2587283,47.6640964],[26.258628,47.6640365],[26.2582801,47.6642738],[26.2586014,47.6645265],[26.2583791,47.6646576],[26.25649,47.6653289],[26.2562216,47.6656738],[26.2551746,47.6663263],[26.2554072,47.6669728],[26.2567323,47.6680193],[26.2569703,47.6693267],[26.2567887,47.6698441],[26.2565475,47.6697644],[26.255882,47.670369],[26.2550029,47.6707967],[26.2533574,47.671361],[26.252435,47.671541],[26.2514172,47.6717523],[26.2512109,47.671465],[26.2512168,47.6714371]]]}},{"type":"Feature","properties":{"UTR":"M4","utr":"M4","DENUMIRE":"Mixt servicii","denumire":"Mixt servicii","POT":60,"CUT":2.8,"RH":"P+4-P+6","FUNCTIUNE":"Mixt servicii","functiune":"Mixt servicii","c":"#FB7185","sursa":"PUG Suceava HCL 162/2017 - vectorizat TSS·FG","id":359},"geometry":{"type":"Polygon","coordinates":[[[26.2567887,47.6698441],[26.2569703,47.6693267],[26.2567323,47.6680193],[26.2554072,47.6669728],[26.2551746,47.6663263],[26.2562216,47.6656738],[26.25649,47.6653289],[26.2583791,47.6646576],[26.2586014,47.6645265],[26.2604177,47.6636527],[26.260628,47.6636205],[26.2606129,47.6639416],[26.2621502,47.6651168],[26.2629202,47.6658993],[26.2648323,47.6651274],[26.2667598,47.6671825],[26.2655835,47.6672368],[26.2648719,47.6673846],[26.2635492,47.6678588],[26.2608412,47.6689226],[26.260237,47.6689443],[26.2591707,47.6690073],[26.2580724,47.6691364],[26.257683,47.6692617],[26.2573452,47.6694317],[26.2567887,47.6698441]]]}},{"type":"Feature","properties":{"UTR":"V2A","utr":"V2A","DENUMIRE":"Sport-agrement tip A","denumire":"Sport-agrement tip A","POT":10,"CUT":0.1,"RH":"P","FUNCTIUNE":"Sport-agrement tip A","functiune":"Sport-agrement tip A","c":"#4ADE80","sursa":"PUG Suceava HCL 162/2017 - vectorizat TSS·FG","id":360},"geometry":{"type":"Polygon","coordinates":[[[26.2702401,47.6656676],[26.2725064,47.667513],[26.2719676,47.6675779],[26.2714662,47.6672192],[26.2715727,47.6671608],[26.2707812,47.6665806],[26.2704527,47.6663065],[26.2702401,47.6656676]]]}},{"type":"Feature","properties":{"UTR":"C2B","utr":"C2B","DENUMIRE":"Comercial tip B","denumire":"Comercial tip B","POT":60,"CUT":2.4,"RH":"P+3-P+5","FUNCTIUNE":"Comercial tip B","functiune":"Comercial tip B","c":"#FCA5A5","sursa":"PUG Suceava HCL 162/2017 - vectorizat TSS·FG","id":361},"geometry":{"type":"Polygon","coordinates":[[[26.2648323,47.6651274],[26.2641353,47.6642468],[26.267645,47.6627981],[26.2694651,47.6648722],[26.2702401,47.6656676],[26.2704527,47.6663065],[26.2707812,47.6665806],[26.2715727,47.6671608],[26.2714662,47.6672192],[26.269825,47.6679788],[26.2697287,47.667881],[26.2678573,47.6683525],[26.2667598,47.6671825],[26.2648323,47.6651274]]]}},{"type":"Feature","properties":{"UTR":"M4","utr":"M4","DENUMIRE":"Mixt servicii","denumire":"Mixt servicii","POT":60,"CUT":2.8,"RH":"P+4-P+6","FUNCTIUNE":"Mixt servicii","functiune":"Mixt servicii","c":"#FB7185","sursa":"PUG Suceava HCL 162/2017 - vectorizat TSS·FG","id":362},"geometry":{"type":"Polygon","coordinates":[[[26.2667598,47.6671825],[26.2678573,47.6683525],[26.2671459,47.6685317],[26.2668412,47.6687457],[26.2640793,47.6694894],[26.2633815,47.6698031],[26.2626304,47.6703852],[26.2622188,47.6709583],[26.2613696,47.6716374],[26.2607663,47.6718878],[26.2608723,47.6720708],[26.2599224,47.6725163],[26.2592665,47.672671],[26.2587014,47.6726777],[26.2576899,47.6725188],[26.2569813,47.6721035],[26.2565411,47.6716418],[26.2563984,47.6710928],[26.2564305,47.6705523],[26.2567887,47.6698441],[26.2573452,47.6694317],[26.257683,47.6692617],[26.2580724,47.6691364],[26.2591707,47.6690073],[26.260237,47.6689443],[26.2608412,47.6689226],[26.2635492,47.6678588],[26.2648719,47.6673846],[26.2655835,47.6672368],[26.2667598,47.6671825]]]}},{"type":"Feature","properties":{"UTR":"L1B","utr":"L1B","DENUMIRE":"Locuinte individuale tip B","denumire":"Locuinte individuale tip B","POT":35,"CUT":1.1,"RH":"P+1-P+2","FUNCTIUNE":"Locuinte individuale tip B","functiune":"Locuinte individuale tip B","c":"#FCD34D","sursa":"PUG Suceava HCL 162/2017 - vectorizat TSS·FG","id":363},"geometry":{"type":"Polygon","coordinates":[[[26.2533574,47.671361],[26.2550029,47.6707967],[26.255882,47.670369],[26.2565475,47.6697644],[26.2567887,47.6698441],[26.2564305,47.6705523],[26.2563984,47.6710928],[26.2565411,47.6716418],[26.2569813,47.6721035],[26.2576899,47.6725188],[26.258799,47.6727628],[26.2582835,47.6730133],[26.2579804,47.6728547],[26.2579074,47.6728935],[26.2579426,47.673035],[26.2577987,47.6730915],[26.2576734,47.6730897],[26.2576396,47.6731728],[26.2573442,47.6734762],[26.2574066,47.6735385],[26.2575915,47.6735093],[26.2573673,47.6736128],[26.2569841,47.6730861],[26.2558759,47.6734266],[26.2546544,47.6734735],[26.2534205,47.6728677],[26.2529843,47.6723088],[26.2530633,47.6720504],[26.2533738,47.6714721],[26.2533574,47.671361]]]}},{"type":"Feature","properties":{"UTR":"M4","utr":"M4","DENUMIRE":"Mixt servicii","denumire":"Mixt servicii","POT":60,"CUT":2.8,"RH":"P+4-P+6","FUNCTIUNE":"Mixt servicii","functiune":"Mixt servicii","c":"#FB7185","sursa":"PUG Suceava HCL 162/2017 - vectorizat TSS·FG","id":364},"geometry":{"type":"Polygon","coordinates":[[[26.2514172,47.6717523],[26.252435,47.671541],[26.2533574,47.671361],[26.2533738,47.6714721],[26.2530633,47.6720504],[26.2529843,47.6723088],[26.2534205,47.6728677],[26.2546544,47.6734735],[26.2558759,47.6734266],[26.2569841,47.6730861],[26.2573673,47.6736128],[26.2569077,47.6737495],[26.2561568,47.6739123],[26.2555138,47.6739449],[26.254677,47.673913],[26.2537625,47.6737249],[26.2529007,47.673336],[26.2526518,47.6731631],[26.2523356,47.6729435],[26.2523302,47.6728458],[26.2515684,47.6717937],[26.2514733,47.6718039],[26.2514172,47.6717523]]]}},{"type":"Feature","properties":{"UTR":"L1B","utr":"L1B","DENUMIRE":"Locuinte individuale tip B","denumire":"Locuinte individuale tip B","POT":35,"CUT":1.1,"RH":"P+1-P+2","FUNCTIUNE":"Locuinte individuale tip B","functiune":"Locuinte individuale tip B","c":"#FCD34D","sursa":"PUG Suceava HCL 162/2017 - vectorizat TSS·FG","id":365},"geometry":{"type":"Polygon","coordinates":[[[26.2511719,47.6746313],[26.2507622,47.6749247],[26.2502428,47.6752406],[26.2499491,47.6753492],[26.2494838,47.6754792],[26.2491982,47.675512],[26.2485351,47.6755266],[26.2485722,47.6744061],[26.2479162,47.6743532],[26.2477737,47.6741007],[26.2474123,47.6740197],[26.2473084,47.6739342],[26.2475504,47.6737808],[26.2476494,47.6733197],[26.247362,47.6730136],[26.2470804,47.6729491],[26.2467043,47.6729479],[26.246564,47.6729708],[26.2459017,47.673303],[26.2445283,47.6735416],[26.243955,47.6748691],[26.2439173,47.675077],[26.2436259,47.6750163],[26.2436903,47.6747483],[26.243845,47.6747092],[26.2443741,47.6735024],[26.2444363,47.673463],[26.2447699,47.673333],[26.2456805,47.6732013],[26.2466513,47.6728564],[26.2465736,47.6727023],[26.24658,47.6726116],[26.2476107,47.6725152],[26.2478692,47.6725023],[26.2480189,47.6724503],[26.2482542,47.6724193],[26.2490126,47.6722145],[26.2497033,47.671998],[26.2512187,47.6717342],[26.2512986,47.6718399],[26.2512489,47.6718651],[26.251752,47.6728592],[26.2517845,47.6737374],[26.2517468,47.6739749],[26.2516071,47.6742879],[26.2514946,47.6742846],[26.2514197,47.6744885],[26.251366,47.6744922],[26.2513329,47.6741974],[26.2507153,47.6741972],[26.2506952,47.6742682],[26.2490484,47.6743052],[26.2490493,47.6747415],[26.2498697,47.6747514],[26.2498679,47.6749461],[26.2506747,47.6749364],[26.2507899,47.674618],[26.2511719,47.6746313]]]}},{"type":"Feature","properties":{"UTR":"L1A","utr":"L1A","DENUMIRE":"Locuinte individuale tip A","denumire":"Locuinte individuale tip A","POT":30,"CUT":0.9,"RH":"P+1-P+2","FUNCTIUNE":"Locuinte individuale tip A","functiune":"Locuinte individuale tip A","c":"#FDE68A","sursa":"PUG Suceava HCL 162/2017 - vectorizat TSS·FG","id":366},"geometry":{"type":"Polygon","coordinates":[[[26.2412901,47.6748944],[26.2416946,47.6743956],[26.2418821,47.6741644],[26.2429007,47.6745217],[26.2428896,47.6745974],[26.2412901,47.6748944]]]}},{"type":"Feature","properties":{"UTR":"V2B","utr":"V2B","DENUMIRE":"Sport-agrement tip B","denumire":"Sport-agrement tip B","POT":10,"CUT":0.1,"RH":"P","FUNCTIUNE":"Sport-agrement tip B","functiune":"Sport-agrement tip B","c":"#22C55E","sursa":"PUG Suceava HCL 162/2017 - vectorizat TSS·FG","id":367},"geometry":{"type":"Polygon","coordinates":[[[26.242655,47.6725638],[26.2426989,47.6721556],[26.2437946,47.6721705],[26.2441026,47.6720456],[26.2459229,47.6720377],[26.2495242,47.6717696],[26.2510229,47.6714752],[26.2512187,47.6717342],[26.2497033,47.671998],[26.2490126,47.6722145],[26.2482542,47.6724193],[26.2480189,47.6724503],[26.2478692,47.6725023],[26.2476107,47.6725152],[26.2475684,47.6722633],[26.2448148,47.6724204],[26.2448137,47.6724902],[26.2442101,47.6724166],[26.2438156,47.6724261],[26.2436146,47.6724746],[26.242655,47.6725638]]]}},{"type":"Feature","properties":{"UTR":"M4","utr":"M4","DENUMIRE":"Mixt servicii","denumire":"Mixt servicii","POT":60,"CUT":2.8,"RH":"P+4-P+6","FUNCTIUNE":"Mixt servicii","functiune":"Mixt servicii","c":"#FB7185","sursa":"PUG Suceava HCL 162/2017 - vectorizat TSS·FG","id":368},"geometry":{"type":"Polygon","coordinates":[[[26.2485351,47.6755266],[26.246895,47.6753817],[26.2439173,47.675077],[26.243955,47.6748691],[26.2445283,47.6735416],[26.2459017,47.673303],[26.246564,47.6729708],[26.2467043,47.6729479],[26.2470804,47.6729491],[26.247362,47.6730136],[26.2476494,47.6733197],[26.2475504,47.6737808],[26.2473084,47.6739342],[26.2474123,47.6740197],[26.2477737,47.6741007],[26.2479162,47.6743532],[26.2485722,47.6744061],[26.2485351,47.6755266]]]}},{"type":"Feature","properties":{"UTR":"L1B","utr":"L1B","DENUMIRE":"Locuinte individuale tip B","denumire":"Locuinte individuale tip B","POT":35,"CUT":1.1,"RH":"P+1-P+2","FUNCTIUNE":"Locuinte individuale tip B","functiune":"Locuinte individuale tip B","c":"#FCD34D","sursa":"PUG Suceava HCL 162/2017 - vectorizat TSS·FG","id":369},"geometry":{"type":"Polygon","coordinates":[[[26.2444598,47.6728861],[26.2435735,47.6727289],[26.2434367,47.6727032],[26.2434382,47.6729256],[26.2433453,47.673063],[26.2428723,47.672822],[26.2426485,47.6726248],[26.242655,47.6725638],[26.2436146,47.6724746],[26.2438156,47.6724261],[26.2442101,47.6724166],[26.2448137,47.6724902],[26.2448148,47.6724204],[26.2475684,47.6722633],[26.2476107,47.6725152],[26.24658,47.6726116],[26.2465736,47.6727023],[26.2466513,47.6728564],[26.2456805,47.6732013],[26.2447699,47.673333],[26.2444363,47.673463],[26.2446917,47.6732128],[26.2444598,47.6728861]]]}},{"type":"Feature","properties":{"UTR":"M4","utr":"M4","DENUMIRE":"Mixt servicii","denumire":"Mixt servicii","POT":60,"CUT":2.8,"RH":"P+4-P+6","FUNCTIUNE":"Mixt servicii","functiune":"Mixt servicii","c":"#FB7185","sursa":"PUG Suceava HCL 162/2017 - vectorizat TSS·FG","id":370},"geometry":{"type":"Polygon","coordinates":[[[26.2436259,47.6750163],[26.2421927,47.6750783],[26.2414588,47.6751699],[26.2409659,47.6752943],[26.2411779,47.6750328],[26.2412901,47.6748944],[26.2428896,47.6745974],[26.2429007,47.6745217],[26.2418821,47.6741644],[26.2423869,47.6735419],[26.2426485,47.6726248],[26.2428723,47.672822],[26.2433453,47.673063],[26.2434382,47.6729256],[26.2434367,47.6727032],[26.2435735,47.6727289],[26.2444598,47.6728861],[26.2446917,47.6732128],[26.2444363,47.673463],[26.2443741,47.6735024],[26.243845,47.6747092],[26.2436903,47.6747483],[26.2436259,47.6750163]]]}},{"type":"Feature","properties":{"UTR":"G2","utr":"G2","DENUMIRE":"Gospodarire comunala tip 2","denumire":"Gospodarire comunala tip 2","POT":55,"CUT":2.0,"RH":"P+2-P+3","FUNCTIUNE":"Gospodarire comunala tip 2","functiune":"Gospodarire comunala tip 2","c":"#3B82F6","sursa":"PUG Suceava HCL 162/2017 - vectorizat TSS·FG","id":371},"geometry":{"type":"Polygon","coordinates":[[[26.251366,47.6744922],[26.2511719,47.6746313],[26.2507899,47.674618],[26.2506747,47.6749364],[26.2498679,47.6749461],[26.2498697,47.6747514],[26.2490493,47.6747415],[26.2490484,47.6743052],[26.2506952,47.6742682],[26.2507153,47.6741972],[26.2513329,47.6741974],[26.251366,47.6744922]]]}},{"type":"Feature","properties":{"UTR":"L1B","utr":"L1B","DENUMIRE":"Locuinte individuale tip B","denumire":"Locuinte individuale tip B","POT":35,"CUT":1.1,"RH":"P+1-P+2","FUNCTIUNE":"Locuinte individuale tip B","functiune":"Locuinte individuale tip B","c":"#FCD34D","sursa":"PUG Suceava HCL 162/2017 - vectorizat TSS·FG","id":372},"geometry":{"type":"Polygon","coordinates":[[[26.2556168,47.6741113],[26.2557528,47.6743312],[26.2532972,47.6751678],[26.2520156,47.6754574],[26.2508322,47.6755591],[26.2504855,47.6754281],[26.2506103,47.6752859],[26.2510985,47.6749685],[26.2513581,47.6747671],[26.2516368,47.6745032],[26.252041,47.6739425],[26.2524675,47.6734083],[26.25249,47.6733784],[26.2529296,47.6735746],[26.2536403,47.6738503],[26.2542874,47.674017],[26.2547825,47.674079],[26.2555559,47.6741174],[26.2556168,47.6741113]]]}},{"type":"Feature","properties":{"UTR":"T2","utr":"T2","DENUMIRE":"Turism tip 2","denumire":"Turism tip 2","POT":50,"CUT":2.0,"RH":"P+4-P+6","FUNCTIUNE":"Turism tip 2","functiune":"Turism tip 2","c":"#A78BFA","sursa":"PUG Suceava HCL 162/2017 - vectorizat TSS·FG","id":373},"geometry":{"type":"Polygon","coordinates":[[[26.25249,47.6733784],[26.2526518,47.6731631],[26.2529007,47.673336],[26.2537625,47.6737249],[26.254677,47.673913],[26.2555138,47.6739449],[26.2556168,47.6741113],[26.2555559,47.6741174],[26.2547825,47.674079],[26.2542874,47.674017],[26.2536403,47.6738503],[26.2529296,47.6735746],[26.25249,47.6733784]]]}},{"type":"Feature","properties":{"UTR":"T2","utr":"T2","DENUMIRE":"Turism tip 2","denumire":"Turism tip 2","POT":50,"CUT":2.0,"RH":"P+4-P+6","FUNCTIUNE":"Turism tip 2","functiune":"Turism tip 2","c":"#A78BFA","sursa":"PUG Suceava HCL 162/2017 - vectorizat TSS·FG","id":374},"geometry":{"type":"Polygon","coordinates":[[[26.2409659,47.6752943],[26.2414588,47.6751699],[26.2421927,47.6750783],[26.2436259,47.6750163],[26.2439173,47.675077],[26.246895,47.6753817],[26.2485351,47.6755266],[26.2491982,47.675512],[26.2494838,47.6754792],[26.2499491,47.6753492],[26.2502428,47.6752406],[26.2507622,47.6749247],[26.2511719,47.6746313],[26.251366,47.6744922],[26.2514197,47.6744885],[26.2514946,47.6742846],[26.2516071,47.6742879],[26.2517468,47.6739749],[26.2517845,47.6737374],[26.251752,47.6728592],[26.2512489,47.6718651],[26.2512986,47.6718399],[26.2512187,47.6717342],[26.2510229,47.6714752],[26.2512168,47.6714371],[26.2512109,47.671465],[26.2514172,47.6717523],[26.2514733,47.6718039],[26.2515684,47.6717937],[26.2523302,47.6728458],[26.2523356,47.6729435],[26.2526518,47.6731631],[26.25249,47.6733784],[26.2524675,47.6734083],[26.252041,47.6739425],[26.2516368,47.6745032],[26.2513581,47.6747671],[26.2510985,47.6749685],[26.2506103,47.6752859],[26.2504855,47.6754281],[26.2508322,47.6755591],[26.2520156,47.6754574],[26.2532972,47.6751678],[26.2557528,47.6743312],[26.2556168,47.6741113],[26.2555138,47.6739449],[26.2561568,47.6739123],[26.2569077,47.6737495],[26.2573673,47.6736128],[26.2575915,47.6735093],[26.2574066,47.6735385],[26.2573442,47.6734762],[26.2576396,47.6731728],[26.2576734,47.6730897],[26.2577987,47.6730915],[26.2579426,47.673035],[26.2579074,47.6728935],[26.2579804,47.6728547],[26.2582835,47.6730133],[26.258799,47.6727628],[26.2576899,47.6725188],[26.2587014,47.6726777],[26.2592665,47.672671],[26.2599224,47.6725163],[26.2608723,47.6720708],[26.2607663,47.6718878],[26.2613696,47.6716374],[26.2622188,47.6709583],[26.2626304,47.6703852],[26.2633815,47.6698031],[26.2640793,47.6694894],[26.2668412,47.6687457],[26.2671459,47.6685317],[26.2678573,47.6683525],[26.2697287,47.667881],[26.269825,47.6679788],[26.2714662,47.6672192],[26.2719676,47.6675779],[26.2725064,47.667513],[26.2728571,47.6677858],[26.2724197,47.6681883],[26.2721178,47.6687328],[26.2719708,47.6689375],[26.2685292,47.6703038],[26.26839,47.6701423],[26.2687031,47.669992],[26.2686059,47.6698563],[26.2688209,47.6697686],[26.2686642,47.669656],[26.2680552,47.6699185],[26.2680999,47.6700142],[26.2671279,47.6703986],[26.265551,47.6710129],[26.2658617,47.671337],[26.2620528,47.6728411],[26.2600429,47.6734701],[26.2589151,47.673823],[26.2556568,47.6749279],[26.2539937,47.6755931],[26.2519541,47.6760241],[26.2519131,47.6758781],[26.2504015,47.6758814],[26.2503078,47.6758733],[26.2470268,47.6755891],[26.245033,47.6754146],[26.2432371,47.6753194],[26.2424858,47.675427],[26.2410257,47.6754327],[26.2410165,47.6754746],[26.240768,47.6755123],[26.2409659,47.6752943]]]}},{"type":"Feature","properties":{"UTR":"L1B","utr":"L1B","DENUMIRE":"Locuinte individuale tip B","denumire":"Locuinte individuale tip B","POT":35,"CUT":1.1,"RH":"P+1-P+2","FUNCTIUNE":"Locuinte individuale tip B","functiune":"Locuinte individuale tip B","c":"#FCD34D","sursa":"PUG Suceava HCL 162/2017 - vectorizat TSS·FG","id":375},"geometry":{"type":"Polygon","coordinates":[[[26.2382658,47.6747894],[26.2379907,47.6746342],[26.2378714,47.6747237],[26.2377098,47.6746439],[26.2375867,47.6747481],[26.2373714,47.674878],[26.2371522,47.6747874],[26.2370465,47.6748967],[26.2368135,47.6748176],[26.2367497,47.6749162],[26.2367145,47.6749012],[26.2366313,47.6748951],[26.2364577,47.6748539],[26.2364539,47.6748897],[26.2362903,47.674895],[26.2362481,47.6750412],[26.23603,47.6749544],[26.2359374,47.6751034],[26.2348019,47.6752264],[26.2345203,47.6751619],[26.2343553,47.6754165],[26.2338576,47.6753797],[26.2337929,47.675457],[26.2335117,47.6754477],[26.2333708,47.6757119],[26.2329747,47.6756038],[26.2328784,47.6757431],[26.2326449,47.6756979],[26.2326098,47.6757779],[26.2324127,47.675729],[26.2324309,47.6756907],[26.2322503,47.6756492],[26.2321322,47.6758605],[26.2319341,47.6758213],[26.2318737,47.6759475],[26.2314134,47.6758432],[26.2319427,47.6751647],[26.2321642,47.6740234],[26.2322117,47.6740189],[26.2323953,47.6737218],[26.2325228,47.6737618],[26.2327999,47.6739277],[26.2329169,47.6738296],[26.2331352,47.6739291],[26.233182,47.6739017],[26.2333778,47.6739769],[26.2334166,47.6739364],[26.2335581,47.6739919],[26.2336254,47.673919],[26.2337109,47.67394],[26.2337914,47.6738614],[26.2343093,47.6741215],[26.2341127,47.6742898],[26.234389,47.6743752],[26.2354216,47.6733897],[26.2358035,47.6734548],[26.235949,47.6734428],[26.2358451,47.6736241],[26.2360452,47.6736888],[26.2361744,47.6736231],[26.2362769,47.6736619],[26.2363259,47.6736135],[26.236692,47.6736206],[26.2369153,47.6735255],[26.2372064,47.6736476],[26.2371848,47.6737037],[26.2373165,47.673763],[26.2373882,47.6737072],[26.2374843,47.6737479],[26.2376581,47.6736165],[26.2377472,47.6736335],[26.237897,47.6735222],[26.2380939,47.6736164],[26.2381804,47.673555],[26.2392341,47.6737646],[26.2389661,47.6739994],[26.238493,47.6745729],[26.2382658,47.6747894]]]}},{"type":"Feature","properties":{"UTR":"T2","utr":"T2","DENUMIRE":"Turism tip 2","denumire":"Turism tip 2","POT":50,"CUT":2.0,"RH":"P+4-P+6","FUNCTIUNE":"Turism tip 2","functiune":"Turism tip 2","c":"#A78BFA","sursa":"PUG Suceava HCL 162/2017 - vectorizat TSS·FG","id":376},"geometry":{"type":"Polygon","coordinates":[[[26.238121,47.6781437],[26.2349676,47.6773769],[26.2348186,47.6773547],[26.2287866,47.678555],[26.2281367,47.67854],[26.2278575,47.6785188],[26.2275074,47.6785824],[26.2273826,47.6786483],[26.2274436,47.6787767],[26.2272274,47.6789461],[26.2270971,47.678921],[26.2262435,47.679202],[26.2252091,47.6792039],[26.2229474,47.6800321],[26.223024,47.6794064],[26.2244965,47.678804],[26.2267238,47.6781454],[26.22671,47.6780982],[26.2293432,47.6775735],[26.2292822,47.6774393],[26.2316581,47.6769606],[26.239788,47.675322],[26.240987,47.6750725],[26.2405499,47.6755579],[26.2403841,47.6755838],[26.238121,47.6781437]]]}},{"type":"Feature","properties":{"UTR":"L1B","utr":"L1B","DENUMIRE":"Locuinte individuale tip B","denumire":"Locuinte individuale tip B","POT":35,"CUT":1.1,"RH":"P+1-P+2","FUNCTIUNE":"Locuinte individuale tip B","functiune":"Locuinte individuale tip B","c":"#FCD34D","sursa":"PUG Suceava HCL 162/2017 - vectorizat TSS·FG","id":377},"geometry":{"type":"Polygon","coordinates":[[[26.2234174,47.6770672],[26.2240577,47.6752806],[26.2256004,47.6751673],[26.2310979,47.6764473],[26.2274718,47.677288],[26.2270789,47.6773961],[26.2264649,47.6780426],[26.2254328,47.6784174],[26.2253089,47.6784029],[26.2256406,47.6782327],[26.2257432,47.6780936],[26.2258216,47.6780636],[26.2266697,47.6771645],[26.2255006,47.6767181],[26.2253312,47.6766591],[26.2252189,47.6767723],[26.2251033,47.6767642],[26.2247156,47.6766182],[26.224678,47.6766637],[26.2243474,47.6765444],[26.2241702,47.6765333],[26.2240083,47.6765832],[26.2238862,47.676704],[26.2237789,47.6770972],[26.2234174,47.6770672]]]}},{"type":"Feature","properties":{"UTR":"M4","utr":"M4","DENUMIRE":"Mixt servicii","denumire":"Mixt servicii","POT":60,"CUT":2.8,"RH":"P+4-P+6","FUNCTIUNE":"Mixt servicii","functiune":"Mixt servicii","c":"#FB7185","sursa":"PUG Suceava HCL 162/2017 - vectorizat TSS·FG","id":378},"geometry":{"type":"Polygon","coordinates":[[[26.2316581,47.6769606],[26.2292822,47.6774393],[26.2293432,47.6775735],[26.22671,47.6780982],[26.2267238,47.6781454],[26.2244965,47.678804],[26.223024,47.6794064],[26.2232549,47.6775208],[26.2234174,47.6770672],[26.2237789,47.6770972],[26.2238862,47.676704],[26.2240083,47.6765832],[26.2241702,47.6765333],[26.2243474,47.6765444],[26.224678,47.6766637],[26.2247156,47.6766182],[26.2251033,47.6767642],[26.2252189,47.6767723],[26.2253312,47.6766591],[26.2255006,47.6767181],[26.2266697,47.6771645],[26.2258216,47.6780636],[26.2257432,47.6780936],[26.2256406,47.6782327],[26.2253089,47.6784029],[26.2254328,47.6784174],[26.2264649,47.6780426],[26.2270789,47.6773961],[26.2274718,47.677288],[26.23106,47.6765095],[26.2316581,47.6769606]]]}},{"type":"Feature","properties":{"UTR":"M4","utr":"M4","DENUMIRE":"Mixt servicii","denumire":"Mixt servicii","POT":60,"CUT":2.8,"RH":"P+4-P+6","FUNCTIUNE":"Mixt servicii","functiune":"Mixt servicii","c":"#FB7185","sursa":"PUG Suceava HCL 162/2017 - vectorizat TSS·FG","id":379},"geometry":{"type":"Polygon","coordinates":[[[26.2310979,47.6764473],[26.2256004,47.6751673],[26.225286,47.6748469],[26.225435,47.6744912],[26.2246838,47.6743929],[26.2244116,47.6742794],[26.2245803,47.6738022],[26.2238961,47.6736829],[26.2239139,47.6736251],[26.22418,47.6727613],[26.2296136,47.6732259],[26.2307894,47.6732109],[26.231717,47.673097],[26.2318081,47.673273],[26.2321642,47.6740234],[26.2319427,47.6751647],[26.2314134,47.6758432],[26.2313076,47.6759789],[26.2310979,47.6764473]]]}},{"type":"Feature","properties":{"UTR":"M2","utr":"M2","DENUMIRE":"Mixt comercial","denumire":"Mixt comercial","POT":65,"CUT":3.0,"RH":"P+5-P+6","FUNCTIUNE":"Mixt comercial","functiune":"Mixt comercial","c":"#F87171","sursa":"PUG Suceava HCL 162/2017 - vectorizat TSS·FG","id":380},"geometry":{"type":"Polygon","coordinates":[[[26.2426485,47.6726248],[26.2423869,47.6735419],[26.2418821,47.6741644],[26.2416946,47.6743956],[26.2411313,47.674199],[26.2410386,47.6743046],[26.2384089,47.6748593],[26.238921,47.674245],[26.2393184,47.6738317],[26.2394862,47.6737135],[26.2403331,47.6733192],[26.2409483,47.6731571],[26.2414409,47.6730703],[26.2421001,47.6730339],[26.2421054,47.6729069],[26.2426485,47.6726248]]]}},{"type":"Feature","properties":{"UTR":"C2B","utr":"C2B","DENUMIRE":"Comercial tip B","denumire":"Comercial tip B","POT":60,"CUT":2.4,"RH":"P+3-P+5","FUNCTIUNE":"Comercial tip B","functiune":"Comercial tip B","c":"#FCA5A5","sursa":"PUG Suceava HCL 162/2017 - vectorizat TSS·FG","id":381},"geometry":{"type":"Polygon","coordinates":[[[26.2380697,47.6754597],[26.2372395,47.6756265],[26.2372021,47.6755802],[26.2365112,47.6757271],[26.2363608,47.6753042],[26.2378834,47.6749735],[26.2380697,47.6754597]]]}},{"type":"Feature","properties":{"UTR":"ZCP6","utr":"ZCP6","DENUMIRE":"Zona centrala protejata 6","denumire":"Zona centrala protejata 6","POT":40,"CUT":1.2,"RH":"P+2-P+3","FUNCTIUNE":"Zona centrala protejata 6","functiune":"Zona centrala protejata 6","c":"#FCD34D","sursa":"PUG Suceava HCL 162/2017 - vectorizat TSS·FG","id":382},"geometry":{"type":"Polygon","coordinates":[[[26.2383305,47.6748763],[26.2325247,47.6761374],[26.2324876,47.6760567],[26.2326098,47.6757779],[26.2326449,47.6756979],[26.2328784,47.6757431],[26.2329747,47.6756038],[26.2333708,47.6757119],[26.2335117,47.6754477],[26.2337929,47.675457],[26.2338576,47.6753797],[26.2343553,47.6754165],[26.2345203,47.6751619],[26.2348019,47.6752264],[26.2359374,47.6751034],[26.23603,47.6749544],[26.2362481,47.6750412],[26.2362903,47.674895],[26.2364539,47.6748897],[26.2364577,47.6748539],[26.2366313,47.6748951],[26.2367145,47.6749012],[26.2367497,47.6749162],[26.2368135,47.6748176],[26.2370465,47.6748967],[26.2371522,47.6747874],[26.2373714,47.674878],[26.2375867,47.6747481],[26.2377098,47.6746439],[26.2378714,47.6747237],[26.2379907,47.6746342],[26.2382658,47.6747894],[26.2383305,47.6748763]]]}},{"type":"Feature","properties":{"UTR":"M3","utr":"M3","DENUMIRE":"Mixt dotari","denumire":"Mixt dotari","POT":60,"CUT":2.8,"RH":"P+4-P+5","FUNCTIUNE":"Mixt dotari","functiune":"Mixt dotari","c":"#FDA4AF","sursa":"PUG Suceava HCL 162/2017 - vectorizat TSS·FG","id":383},"geometry":{"type":"Polygon","coordinates":[[[26.2326098,47.6757779],[26.2324876,47.6760567],[26.2325247,47.6761374],[26.2310979,47.6764473],[26.2313076,47.6759789],[26.2314134,47.6758432],[26.2318737,47.6759475],[26.2319341,47.6758213],[26.2321322,47.6758605],[26.2322503,47.6756492],[26.2324309,47.6756907],[26.2324127,47.675729],[26.2326098,47.6757779]]]}},{"type":"Feature","properties":{"UTR":"L1C","utr":"L1C","DENUMIRE":"Locuinte individuale tip C","denumire":"Locuinte individuale tip C","POT":40,"CUT":1.3,"RH":"P+2","FUNCTIUNE":"Locuinte individuale tip C","functiune":"Locuinte individuale tip C","c":"#F59E0B","sursa":"PUG Suceava HCL 162/2017 - vectorizat TSS·FG","id":384},"geometry":{"type":"Polygon","coordinates":[[[26.2321642,47.6740234],[26.2318081,47.673273],[26.2325378,47.6731918],[26.2341183,47.6728343],[26.2344603,47.6728318],[26.2349109,47.672765],[26.2370304,47.673061],[26.2374511,47.673381],[26.2378283,47.673431],[26.2381804,47.673555],[26.2380939,47.6736164],[26.237897,47.6735222],[26.2377472,47.6736335],[26.2376581,47.6736165],[26.2374843,47.6737479],[26.2373882,47.6737072],[26.2373165,47.673763],[26.2371848,47.6737037],[26.2372064,47.6736476],[26.2369153,47.6735255],[26.236692,47.6736206],[26.2363259,47.6736135],[26.2362769,47.6736619],[26.2361744,47.6736231],[26.2360452,47.6736888],[26.2358451,47.6736241],[26.235949,47.6734428],[26.2358035,47.6734548],[26.2354216,47.6733897],[26.234389,47.6743752],[26.2341127,47.6742898],[26.2343093,47.6741215],[26.2337914,47.6738614],[26.2337109,47.67394],[26.2336254,47.673919],[26.2335581,47.6739919],[26.2334166,47.6739364],[26.2333778,47.6739769],[26.233182,47.6739017],[26.2331352,47.6739291],[26.2329169,47.6738296],[26.2327999,47.6739277],[26.2325228,47.6737618],[26.2323953,47.6737218],[26.2322117,47.6740189],[26.2321642,47.6740234]]]}},{"type":"Feature","properties":{"UTR":"C2B","utr":"C2B","DENUMIRE":"Comercial tip B","denumire":"Comercial tip B","POT":60,"CUT":2.4,"RH":"P+3-P+5","FUNCTIUNE":"Comercial tip B","functiune":"Comercial tip B","c":"#FCA5A5","sursa":"PUG Suceava HCL 162/2017 - vectorizat TSS·FG","id":385},"geometry":{"type":"Polygon","coordinates":[[[26.2345592,47.6761982],[26.2341915,47.6763096],[26.2317114,47.6768417],[26.231242,47.6765077],[26.2325247,47.6761374],[26.2343724,47.6757361],[26.2345592,47.6761982]]]}},{"type":"Feature","properties":{"UTR":"C2B","utr":"C2B","DENUMIRE":"Comercial tip B","denumire":"Comercial tip B","POT":60,"CUT":2.4,"RH":"P+3-P+5","FUNCTIUNE":"Comercial tip B","functiune":"Comercial tip B","c":"#FCA5A5","sursa":"PUG Suceava HCL 162/2017 - vectorizat TSS·FG","id":386},"geometry":{"type":"Polygon","coordinates":[[[26.239332,47.6746646],[26.2410386,47.6743046],[26.2411313,47.674199],[26.2416946,47.6743956],[26.2412901,47.6748944],[26.2411265,47.6747922],[26.2395039,47.6751256],[26.239332,47.6746646]]]}},{"type":"Feature","properties":{"UTR":"F","utr":"F","DENUMIRE":"Institutii publice","denumire":"Institutii publice","POT":45,"CUT":1.5,"RH":"P+2-P+4","FUNCTIUNE":"Institutii publice","functiune":"Institutii publice","c":"#93C5FD","sursa":"PUG Suceava HCL 162/2017 - vectorizat TSS·FG","id":387},"geometry":{"type":"Polygon","coordinates":[[[26.2389332,47.6747487],[26.239332,47.6746646],[26.2395039,47.6751256],[26.2395197,47.6751682],[26.2391214,47.6752483],[26.2389332,47.6747487]]]}},{"type":"Feature","properties":{"UTR":"C2B","utr":"C2B","DENUMIRE":"Comercial tip B","denumire":"Comercial tip B","POT":60,"CUT":2.4,"RH":"P+3-P+5","FUNCTIUNE":"Comercial tip B","functiune":"Comercial tip B","c":"#FCA5A5","sursa":"PUG Suceava HCL 162/2017 - vectorizat TSS·FG","id":388},"geometry":{"type":"Polygon","coordinates":[[[26.2385484,47.6748299],[26.2389332,47.6747487],[26.2391214,47.6752483],[26.2387339,47.6753262],[26.2385484,47.6748299]]]}},{"type":"Feature","properties":{"UTR":"V1A","utr":"V1A","DENUMIRE":"Spatii verzi tip A","denumire":"Spatii verzi tip A","POT":5,"CUT":0.05,"RH":"-","FUNCTIUNE":"Spatii verzi tip A","functiune":"Spatii verzi tip A","c":"#86EFAC","sursa":"PUG Suceava HCL 162/2017 - vectorizat TSS·FG","id":389},"geometry":{"type":"Polygon","coordinates":[[[26.2365112,47.6757271],[26.2347739,47.6760964],[26.2345592,47.6761982],[26.2343724,47.6757361],[26.2363608,47.6753042],[26.2365112,47.6757271]]]}},{"type":"Feature","properties":{"UTR":"F","utr":"F","DENUMIRE":"Institutii publice","denumire":"Institutii publice","POT":45,"CUT":1.5,"RH":"P+2-P+4","FUNCTIUNE":"Institutii publice","functiune":"Institutii publice","c":"#93C5FD","sursa":"PUG Suceava HCL 162/2017 - vectorizat TSS·FG","id":390},"geometry":{"type":"Polygon","coordinates":[[[26.2378834,47.6749735],[26.2383305,47.6748763],[26.2384089,47.6748593],[26.2385484,47.6748299],[26.2387339,47.6753262],[26.2380697,47.6754597],[26.2378834,47.6749735]]]}},{"type":"Feature","properties":{"UTR":"L2","utr":"L2","DENUMIRE":"Locuinte colective mici","denumire":"Locuinte colective mici","POT":40,"CUT":1.6,"RH":"P+3-P+4","FUNCTIUNE":"Locuinte colective mici","functiune":"Locuinte colective mici","c":"#FCD34D","sursa":"PUG Suceava HCL 162/2017 - vectorizat TSS·FG","id":391},"geometry":{"type":"Polygon","coordinates":[[[26.2766704,47.6703016],[26.2761902,47.6699978],[26.2791616,47.6680015],[26.2795677,47.6676995],[26.2796288,47.6676606],[26.2803985,47.6681581],[26.2805089,47.668145],[26.2806134,47.6682631],[26.2807717,47.6683313],[26.2814345,47.6688258],[26.2816115,47.6687141],[26.2815971,47.6687053],[26.2817614,47.668582],[26.2817894,47.6686001],[26.281744,47.668633],[26.2820915,47.6688466],[26.2825296,47.6685334],[26.2824972,47.668492],[26.2824748,47.6685199],[26.2823912,47.6684632],[26.2824914,47.6683996],[26.2814964,47.6677605],[26.2816319,47.66761],[26.2827427,47.6667129],[26.2828718,47.6667977],[26.2829199,47.6667685],[26.2830967,47.6668822],[26.2833243,47.6667152],[26.2840345,47.667299],[26.2838594,47.6674173],[26.2840129,47.6675434],[26.2841837,47.6674225],[26.2843055,47.6675226],[26.2847579,47.6678956],[26.2842717,47.6682513],[26.284495,47.6683836],[26.2849507,47.6680546],[26.285239,47.6682952],[26.2847467,47.6686519],[26.2851244,47.6688753],[26.2849792,47.6689973],[26.2851146,47.6690801],[26.2853686,47.668887],[26.2857697,47.6691484],[26.2860989,47.6689023],[26.2865899,47.6692892],[26.2866805,47.6693437],[26.286506,47.6694945],[26.28622,47.6693159],[26.2861514,47.6693594],[26.2860326,47.669287],[26.2858475,47.6694173],[26.2859788,47.6694856],[26.2859483,47.6695122],[26.286212,47.6696559],[26.2862623,47.6696645],[26.2863176,47.6696988],[26.2862071,47.6697794],[26.2863115,47.6698447],[26.2862959,47.6698538],[26.2863725,47.6699031],[26.2865184,47.6698001],[26.2866064,47.6698523],[26.286795,47.6697222],[26.286531,47.6695481],[26.286545,47.6695301],[26.2867583,47.6693904],[26.2876708,47.6699393],[26.2873646,47.6701431],[26.2873245,47.6701289],[26.2869273,47.6703993],[26.2868842,47.6706113],[26.2858942,47.6705721],[26.2858621,47.6708776],[26.2857375,47.6708722],[26.2857748,47.6706374],[26.2845762,47.6705326],[26.2839708,47.6701759],[26.2835934,47.6704302],[26.2832968,47.6703054],[26.2832789,47.6702589],[26.2831546,47.6701073],[26.2830296,47.6700364],[26.2821533,47.6694785],[26.2822007,47.6694475],[26.2820672,47.6693586],[26.2816173,47.6696844],[26.2821783,47.6700306],[26.2821379,47.670069],[26.2820707,47.6700507],[26.2799386,47.6715332],[26.2797798,47.6716562],[26.279727,47.6716741],[26.2792379,47.6713932],[26.2789292,47.6716195],[26.2788959,47.6716611],[26.2786721,47.6715328],[26.2787755,47.6715573],[26.2792462,47.6712371],[26.2778914,47.6703934],[26.2779834,47.6703356],[26.2779076,47.6702511],[26.2777474,47.6701555],[26.2782815,47.6697496],[26.2780672,47.6696118],[26.2779183,47.669715],[26.2780237,47.6697814],[26.2779745,47.6698174],[26.2778962,47.6698496],[26.2778622,47.669829],[26.2775891,47.6700154],[26.2775392,47.6699744],[26.2774687,47.6700197],[26.2772425,47.6698764],[26.2766704,47.6703016]]]}},{"type":"Feature","properties":{"UTR":"M2","utr":"M2","DENUMIRE":"Mixt comercial","denumire":"Mixt comercial","POT":65,"CUT":3.0,"RH":"P+5-P+6","FUNCTIUNE":"Mixt comercial","functiune":"Mixt comercial","c":"#F87171","sursa":"PUG Suceava HCL 162/2017 - vectorizat TSS·FG","id":392},"geometry":{"type":"Polygon","coordinates":[[[26.2871132,47.671564],[26.2871099,47.671568],[26.2868096,47.6718171],[26.2868026,47.6719991],[26.2866869,47.6720439],[26.2864757,47.6721142],[26.286238,47.6721388],[26.286065,47.6719653],[26.2860465,47.671903],[26.2859067,47.671801],[26.2855634,47.6717867],[26.2853641,47.671595],[26.2852239,47.6715269],[26.2848469,47.6714453],[26.284655,47.6714371],[26.2842801,47.6713651],[26.2841111,47.6713168],[26.2838981,47.6711372],[26.2834855,47.6711703],[26.2834782,47.670957],[26.2836211,47.6709487],[26.285809,47.6710908],[26.2857786,47.6714095],[26.2865903,47.6714421],[26.2871132,47.671564]]]}},{"type":"Feature","properties":{"UTR":"M1","utr":"M1","DENUMIRE":"Mixt rezidential-tertiar","denumire":"Mixt rezidential-tertiar","POT":55,"CUT":2.4,"RH":"P+4-P+5","FUNCTIUNE":"Mixt rezidential-tertiar","functiune":"Mixt rezidential-tertiar","c":"#FCA5A1","sursa":"PUG Suceava HCL 162/2017 - vectorizat TSS·FG","id":393},"geometry":{"type":"Polygon","coordinates":[[[26.285809,47.6710908],[26.2872037,47.6712015],[26.2872976,47.6712376],[26.2873244,47.6713152],[26.2871132,47.671564],[26.2865903,47.6714421],[26.2857786,47.6714095],[26.285809,47.6710908]]]}},{"type":"Feature","properties":{"UTR":"V2A","utr":"V2A","DENUMIRE":"Sport-agrement tip A","denumire":"Sport-agrement tip A","POT":10,"CUT":0.1,"RH":"P","FUNCTIUNE":"Sport-agrement tip A","functiune":"Sport-agrement tip A","c":"#4ADE80","sursa":"PUG Suceava HCL 162/2017 - vectorizat TSS·FG","id":394},"geometry":{"type":"Polygon","coordinates":[[[26.2745364,47.6688568],[26.2736741,47.6681581],[26.2732423,47.6678083],[26.2730901,47.667685],[26.2745538,47.6672112],[26.2747709,47.6673519],[26.2745125,47.667715],[26.2744754,47.6679102],[26.2753012,47.6681692],[26.2747687,47.668783],[26.2745364,47.6688568]]]}},{"type":"Feature","properties":{"UTR":"C2C","utr":"C2C","DENUMIRE":"Comercial tip C","denumire":"Comercial tip C","POT":60,"CUT":2.4,"RH":"P+3-P+5","FUNCTIUNE":"Comercial tip C","functiune":"Comercial tip C","c":"#FCA5A5","sursa":"PUG Suceava HCL 162/2017 - vectorizat TSS·FG","id":395},"geometry":{"type":"Polygon","coordinates":[[[26.2761902,47.6699978],[26.2747911,47.6690631],[26.2745364,47.6688568],[26.2747687,47.668783],[26.2753012,47.6681692],[26.2744754,47.6679102],[26.2745125,47.667715],[26.2747709,47.6673519],[26.2745538,47.6672112],[26.276391,47.6664355],[26.2784679,47.6657283],[26.278233,47.6658715],[26.279177,47.6665973],[26.2795613,47.6663786],[26.2795995,47.6664027],[26.2796771,47.6663651],[26.2800941,47.6667218],[26.2794812,47.667166],[26.2794107,47.667217],[26.2795244,47.6673266],[26.279365,47.6675076],[26.2793785,47.6675882],[26.2795677,47.6676995],[26.2791616,47.6680015],[26.2761902,47.6699978]]]}},{"type":"Feature","properties":{"UTR":"L2","utr":"L2","DENUMIRE":"Locuinte colective mici","denumire":"Locuinte colective mici","POT":40,"CUT":1.6,"RH":"P+3-P+4","FUNCTIUNE":"Locuinte colective mici","functiune":"Locuinte colective mici","c":"#FCD34D","sursa":"PUG Suceava HCL 162/2017 - vectorizat TSS·FG","id":396},"geometry":{"type":"Polygon","coordinates":[[[26.2736876,47.6759072],[26.2738004,47.6762784],[26.2717153,47.6765397],[26.2716488,47.6763352],[26.2716039,47.6762455],[26.2715642,47.6761663],[26.2736876,47.6759072]]]}},{"type":"Feature","properties":{"UTR":"M3","utr":"M3","DENUMIRE":"Mixt dotari","denumire":"Mixt dotari","POT":60,"CUT":2.8,"RH":"P+4-P+5","FUNCTIUNE":"Mixt dotari","functiune":"Mixt dotari","c":"#FDA4AF","sursa":"PUG Suceava HCL 162/2017 - vectorizat TSS·FG","id":397},"geometry":{"type":"Polygon","coordinates":[[[26.272619,47.678151],[26.2730892,47.6785199],[26.2731275,47.6786184],[26.2720775,47.6789452],[26.2744788,47.6835262],[26.2733483,47.683798],[26.2710231,47.6793946],[26.2696723,47.6797274],[26.2692856,47.679036],[26.2714008,47.6784817],[26.271472,47.6786252],[26.2716068,47.6785825],[26.2704883,47.6765262],[26.2716039,47.6762455],[26.2716488,47.6763352],[26.2717153,47.6765397],[26.2717186,47.6766613],[26.2716355,47.6768227],[26.2716186,47.6770617],[26.2717833,47.6772615],[26.2720487,47.6775368],[26.2722637,47.6779013],[26.2724134,47.677981],[26.272619,47.678151]]]}},{"type":"Feature","properties":{"UTR":"L1B","utr":"L1B","DENUMIRE":"Locuinte individuale tip B","denumire":"Locuinte individuale tip B","POT":35,"CUT":1.1,"RH":"P+1-P+2","FUNCTIUNE":"Locuinte individuale tip B","functiune":"Locuinte individuale tip B","c":"#FCD34D","sursa":"PUG Suceava HCL 162/2017 - vectorizat TSS·FG","id":398},"geometry":{"type":"Polygon","coordinates":[[[26.2696723,47.6797274],[26.2710231,47.6793946],[26.2733483,47.683798],[26.2696682,47.6846729],[26.2675262,47.680555],[26.268221,47.6803876],[26.2680648,47.6800939],[26.2694919,47.6797545],[26.2696723,47.6797274]]]}},{"type":"Feature","properties":{"UTR":"M3","utr":"M3","DENUMIRE":"Mixt dotari","denumire":"Mixt dotari","POT":60,"CUT":2.8,"RH":"P+4-P+5","FUNCTIUNE":"Mixt dotari","functiune":"Mixt dotari","c":"#FDA4AF","sursa":"PUG Suceava HCL 162/2017 - vectorizat TSS·FG","id":399},"geometry":{"type":"Polygon","coordinates":[[[26.2663015,47.6798472],[26.2692856,47.679036],[26.2696723,47.6797274],[26.2694919,47.6797545],[26.2680648,47.6800939],[26.268221,47.6803876],[26.2675262,47.680555],[26.2696682,47.6846729],[26.2689521,47.6848551],[26.2688265,47.6849463],[26.2688136,47.6849604],[26.267301,47.685],[26.2664112,47.6832279],[26.2664742,47.6831529],[26.2669456,47.6830366],[26.2654624,47.6802261],[26.2656253,47.6801918],[26.2662024,47.680076],[26.2661108,47.6799111],[26.2663015,47.6798472]]]}},{"type":"Feature","properties":{"UTR":"L1B","utr":"L1B","DENUMIRE":"Locuinte individuale tip B","denumire":"Locuinte individuale tip B","POT":35,"CUT":1.1,"RH":"P+1-P+2","FUNCTIUNE":"Locuinte individuale tip B","functiune":"Locuinte individuale tip B","c":"#FCD34D","sursa":"PUG Suceava HCL 162/2017 - vectorizat TSS·FG","id":400},"geometry":{"type":"Polygon","coordinates":[[[26.27339,47.6748052],[26.2736876,47.6759072],[26.2715642,47.6761663],[26.2709692,47.675148],[26.2721325,47.6749936],[26.2729127,47.6748609],[26.27339,47.6748052]]]}},{"type":"Feature","properties":{"UTR":"F","utr":"F","DENUMIRE":"Institutii publice","denumire":"Institutii publice","POT":45,"CUT":1.5,"RH":"P+2-P+4","FUNCTIUNE":"Institutii publice","functiune":"Institutii publice","c":"#93C5FD","sursa":"PUG Suceava HCL 162/2017 - vectorizat TSS·FG","id":401},"geometry":{"type":"Polygon","coordinates":[[[26.2707466,47.6748543],[26.2706885,47.6748652],[26.2705717,47.6746793],[26.2716882,47.6744337],[26.271771,47.6746712],[26.2707466,47.6748543]]]}},{"type":"Feature","properties":{"UTR":"M2","utr":"M2","DENUMIRE":"Mixt comercial","denumire":"Mixt comercial","POT":65,"CUT":3.0,"RH":"P+5-P+6","FUNCTIUNE":"Mixt comercial","functiune":"Mixt comercial","c":"#F87171","sursa":"PUG Suceava HCL 162/2017 - vectorizat TSS·FG","id":402},"geometry":{"type":"Polygon","coordinates":[[[26.2709692,47.675148],[26.2708922,47.6750068],[26.2707466,47.6748543],[26.271771,47.6746712],[26.2716882,47.6744337],[26.2721548,47.6743532],[26.2725584,47.6743527],[26.2732342,47.6743724],[26.2732718,47.6743894],[26.27339,47.6748052],[26.2729127,47.6748609],[26.2721325,47.6749936],[26.2709692,47.675148]]]}},{"type":"Feature","properties":{"UTR":"L1B","utr":"L1B","DENUMIRE":"Locuinte individuale tip B","denumire":"Locuinte individuale tip B","POT":35,"CUT":1.1,"RH":"P+1-P+2","FUNCTIUNE":"Locuinte individuale tip B","functiune":"Locuinte individuale tip B","c":"#FCD34D","sursa":"PUG Suceava HCL 162/2017 - vectorizat TSS·FG","id":403},"geometry":{"type":"Polygon","coordinates":[[[26.2717153,47.6765397],[26.2738004,47.6762784],[26.2743121,47.6784282],[26.2739274,47.6784541],[26.2738372,47.6781879],[26.2735748,47.6782025],[26.2735524,47.678112],[26.2737984,47.6780742],[26.2737659,47.6779849],[26.272619,47.678151],[26.2724134,47.677981],[26.2722637,47.6779013],[26.2720487,47.6775368],[26.2717833,47.6772615],[26.2716186,47.6770617],[26.2716355,47.6768227],[26.2717186,47.6766613],[26.2717153,47.6765397]]]}},{"type":"Feature","properties":{"UTR":"M2","utr":"M2","DENUMIRE":"Mixt comercial","denumire":"Mixt comercial","POT":65,"CUT":3.0,"RH":"P+5-P+6","FUNCTIUNE":"Mixt comercial","functiune":"Mixt comercial","c":"#F87171","sursa":"PUG Suceava HCL 162/2017 - vectorizat TSS·FG","id":404},"geometry":{"type":"Polygon","coordinates":[[[26.2705717,47.6746793],[26.2706885,47.6748652],[26.2707466,47.6748543],[26.2708922,47.6750068],[26.2709692,47.675148],[26.2715642,47.6761663],[26.2716039,47.6762455],[26.2704883,47.6765262],[26.2699694,47.6755748],[26.269387,47.6757326],[26.2691243,47.6758246],[26.2691617,47.6758738],[26.2679903,47.6761532],[26.2678936,47.6760377],[26.2674147,47.6761616],[26.2668764,47.675592],[26.269607,47.674915],[26.26971,47.6748898],[26.2700183,47.6748145],[26.2705717,47.6746793]]]}},{"type":"Feature","properties":{"UTR":"M3","utr":"M3","DENUMIRE":"Mixt dotari","denumire":"Mixt dotari","POT":60,"CUT":2.8,"RH":"P+4-P+5","FUNCTIUNE":"Mixt dotari","functiune":"Mixt dotari","c":"#FDA4AF","sursa":"PUG Suceava HCL 162/2017 - vectorizat TSS·FG","id":405},"geometry":{"type":"Polygon","coordinates":[[[26.2632761,47.6761566],[26.264684,47.6760312],[26.2655608,47.6758986],[26.2664753,47.6756954],[26.2668764,47.675592],[26.2674147,47.6761616],[26.2678936,47.6760377],[26.2679903,47.6761532],[26.2691617,47.6758738],[26.2691243,47.6758246],[26.269387,47.6757326],[26.2699694,47.6755748],[26.2704883,47.6765262],[26.2716068,47.6785825],[26.271472,47.6786252],[26.2714008,47.6784817],[26.2692856,47.679036],[26.2663015,47.6798472],[26.2652978,47.6780971],[26.2651466,47.6781409],[26.2635193,47.6765121],[26.2633829,47.6763606],[26.2632642,47.6761776],[26.2632761,47.6761566]]]}},{"type":"Feature","properties":{"UTR":"C2A","utr":"C2A","DENUMIRE":"Comercial tip A","denumire":"Comercial tip A","POT":60,"CUT":2.4,"RH":"P+3-P+5","FUNCTIUNE":"Comercial tip A","functiune":"Comercial tip A","c":"#FDBA74","sursa":"PUG Suceava HCL 162/2017 - vectorizat TSS·FG","id":406},"geometry":{"type":"Polygon","coordinates":[[[26.2671279,47.6703986],[26.2680999,47.6700142],[26.2684182,47.6703482],[26.2674127,47.6707376],[26.2671279,47.6703986]]]}},{"type":"Feature","properties":{"UTR":"A1","utr":"A1","DENUMIRE":"Agrozootehnic tip 1","denumire":"Agrozootehnic tip 1","POT":20,"CUT":0.4,"RH":"P+1","FUNCTIUNE":"Agrozootehnic tip 1","functiune":"Agrozootehnic tip 1","c":"#BEF264","sursa":"PUG Suceava HCL 162/2017 - vectorizat TSS·FG","id":407},"geometry":{"type":"Polygon","coordinates":[[[26.2354864,47.687858],[26.2325604,47.6873846],[26.2308829,47.6873334],[26.2308161,47.6864364],[26.2317809,47.686415],[26.2319314,47.68632],[26.2322471,47.6858874],[26.2344255,47.6840396],[26.2346914,47.6838141],[26.2353446,47.6841692],[26.2362236,47.6845439],[26.2377149,47.6851798],[26.2369474,47.685797],[26.236729,47.6862994],[26.2363313,47.6866222],[26.2358173,47.6876271],[26.2354864,47.687858]]]}},{"type":"Feature","properties":{"UTR":"L1B","utr":"L1B","DENUMIRE":"Locuinte individuale tip B","denumire":"Locuinte individuale tip B","POT":35,"CUT":1.1,"RH":"P+1-P+2","FUNCTIUNE":"Locuinte individuale tip B","functiune":"Locuinte individuale tip B","c":"#FCD34D","sursa":"PUG Suceava HCL 162/2017 - vectorizat TSS·FG","id":408},"geometry":{"type":"Polygon","coordinates":[[[26.2416386,47.6878575],[26.2362938,47.6873137],[26.2363238,47.687225],[26.2366838,47.6867508],[26.241437,47.6872009],[26.2416386,47.6878575]]]}},{"type":"Feature","properties":{"UTR":"L1C","utr":"L1C","DENUMIRE":"Locuinte individuale tip C","denumire":"Locuinte individuale tip C","POT":40,"CUT":1.3,"RH":"P+2","FUNCTIUNE":"Locuinte individuale tip C","functiune":"Locuinte individuale tip C","c":"#F59E0B","sursa":"PUG Suceava HCL 162/2017 - vectorizat TSS·FG","id":409},"geometry":{"type":"Polygon","coordinates":[[[26.241437,47.6872009],[26.2366838,47.6867508],[26.2372135,47.6859102],[26.238958,47.684515],[26.2392441,47.6843615],[26.2406892,47.6843671],[26.2408732,47.6850682],[26.241437,47.6872009]]]}},{"type":"Feature","properties":{"UTR":"L1A","utr":"L1A","DENUMIRE":"Locuinte individuale tip A","denumire":"Locuinte individuale tip A","POT":30,"CUT":0.9,"RH":"P+1-P+2","FUNCTIUNE":"Locuinte individuale tip A","functiune":"Locuinte individuale tip A","c":"#FDE68A","sursa":"PUG Suceava HCL 162/2017 - vectorizat TSS·FG","id":410},"geometry":{"type":"Polygon","coordinates":[[[26.2408732,47.6850682],[26.2406892,47.6843671],[26.2392441,47.6843615],[26.2398958,47.6839545],[26.2401072,47.6836207],[26.2398484,47.6827382],[26.2394846,47.6824307],[26.2394064,47.6822336],[26.2396281,47.6814933],[26.2397367,47.6813646],[26.2404341,47.6810565],[26.2405171,47.6807928],[26.2437803,47.6800768],[26.2440074,47.6800787],[26.2446714,47.6801509],[26.2453274,47.6801423],[26.2454657,47.6814008],[26.2463685,47.6814077],[26.2464219,47.6803052],[26.2464648,47.6801735],[26.2465454,47.6801142],[26.2466836,47.6801218],[26.247328,47.6802714],[26.2476111,47.6803557],[26.2476992,47.6804008],[26.2477379,47.6803114],[26.247959,47.6797995],[26.2481563,47.6792312],[26.2482174,47.679055],[26.2485898,47.6779558],[26.2485117,47.6771908],[26.2484938,47.6770162],[26.2485665,47.6770058],[26.2491056,47.6770801],[26.2491011,47.6772413],[26.2490699,47.6772921],[26.2489751,47.6773786],[26.2489559,47.6774392],[26.2489818,47.6774967],[26.2491472,47.6776751],[26.2491844,47.6777841],[26.2491736,47.6782647],[26.2493129,47.6786646],[26.2494316,47.6786649],[26.2494143,47.6788676],[26.2493035,47.6791957],[26.2492798,47.6796762],[26.2492071,47.6798628],[26.249191,47.6800249],[26.24884,47.680376],[26.2490242,47.681028],[26.2487095,47.6812192],[26.248543,47.6813617],[26.2483362,47.6818071],[26.247898,47.6820462],[26.2479189,47.6821866],[26.24802,47.6823365],[26.2479631,47.6824453],[26.2478546,47.6825079],[26.2478064,47.6827686],[26.2477543,47.6828377],[26.247346,47.6829308],[26.2467861,47.6827532],[26.2466581,47.6827335],[26.2462763,47.6827518],[26.2465059,47.6834948],[26.2461348,47.6835071],[26.2462527,47.6839399],[26.2457836,47.6839536],[26.2460187,47.6848464],[26.2408732,47.6850682]]]}},{"type":"Feature","properties":{"UTR":"M2","utr":"M2","DENUMIRE":"Mixt comercial","denumire":"Mixt comercial","POT":65,"CUT":3.0,"RH":"P+5-P+6","FUNCTIUNE":"Mixt comercial","functiune":"Mixt comercial","c":"#F87171","sursa":"PUG Suceava HCL 162/2017 - vectorizat TSS·FG","id":411},"geometry":{"type":"Polygon","coordinates":[[[26.2487431,47.676913],[26.248513,47.676868],[26.2467045,47.6764084],[26.2459963,47.6764211],[26.2458056,47.6764245],[26.2444219,47.6766513],[26.2441514,47.6766488],[26.2437565,47.6766452],[26.2434209,47.6765397],[26.2411593,47.6755716],[26.2410257,47.6754327],[26.2424858,47.675427],[26.2432371,47.6753194],[26.245033,47.6754146],[26.2470268,47.6755891],[26.2470078,47.6758032],[26.2470359,47.6758862],[26.2475986,47.6761021],[26.2476659,47.6762935],[26.2479809,47.6764622],[26.2481849,47.676498],[26.2487235,47.6768246],[26.2487431,47.676913]]]}},{"type":"Feature","properties":{"UTR":"M3","utr":"M3","DENUMIRE":"Mixt dotari","denumire":"Mixt dotari","POT":60,"CUT":2.8,"RH":"P+4-P+5","FUNCTIUNE":"Mixt dotari","functiune":"Mixt dotari","c":"#FDA4AF","sursa":"PUG Suceava HCL 162/2017 - vectorizat TSS·FG","id":412},"geometry":{"type":"Polygon","coordinates":[[[26.2470268,47.6755891],[26.2503078,47.6758733],[26.250332,47.6764934],[26.2504394,47.6770967],[26.2504012,47.6771199],[26.2491264,47.6769622],[26.2487431,47.676913],[26.2487235,47.6768246],[26.2481849,47.676498],[26.2479809,47.6764622],[26.2476659,47.6762935],[26.2475986,47.6761021],[26.2470359,47.6758862],[26.2470078,47.6758032],[26.2470268,47.6755891]]]}},{"type":"Feature","properties":{"UTR":"G1","utr":"G1","DENUMIRE":"Gospodarire comunala tip 1","denumire":"Gospodarire comunala tip 1","POT":55,"CUT":2.0,"RH":"P+2-P+3","FUNCTIUNE":"Gospodarire comunala tip 1","functiune":"Gospodarire comunala tip 1","c":"#60A5FA","sursa":"PUG Suceava HCL 162/2017 - vectorizat TSS·FG","id":413},"geometry":{"type":"Polygon","coordinates":[[[26.2481563,47.6792312],[26.247959,47.6797995],[26.2477379,47.6803114],[26.2456998,47.6798019],[26.2446592,47.6795142],[26.2447609,47.6792979],[26.2454475,47.6795021],[26.2459043,47.679638],[26.2464517,47.6796863],[26.2464975,47.6796179],[26.2470827,47.6795495],[26.2474908,47.6791647],[26.247575,47.6790853],[26.2481563,47.6792312]]]}},{"type":"Feature","properties":{"UTR":"M4","utr":"M4","DENUMIRE":"Mixt servicii","denumire":"Mixt servicii","POT":60,"CUT":2.8,"RH":"P+4-P+6","FUNCTIUNE":"Mixt servicii","functiune":"Mixt servicii","c":"#FB7185","sursa":"PUG Suceava HCL 162/2017 - vectorizat TSS·FG","id":414},"geometry":{"type":"Polygon","coordinates":[[[26.2344255,47.6840396],[26.2322471,47.6858874],[26.2319314,47.68632],[26.2317809,47.686415],[26.2308161,47.6864364],[26.230702,47.6849048],[26.2305283,47.6847982],[26.2306125,47.6847647],[26.2305099,47.6846851],[26.2306091,47.6846195],[26.230763,47.6847043],[26.2310355,47.6845425],[26.2311063,47.6845046],[26.2312913,47.6846093],[26.2316563,47.6848207],[26.2321671,47.68447],[26.2320199,47.6843783],[26.2320569,47.684354],[26.2318329,47.6842205],[26.2319978,47.6840937],[26.2321919,47.68421],[26.2322677,47.684183],[26.2323661,47.6842417],[26.2324625,47.6841896],[26.2325725,47.6840732],[26.2324183,47.683983],[26.2324606,47.6839479],[26.232321,47.6838501],[26.2326845,47.6835758],[26.2330442,47.6837791],[26.233399,47.6835103],[26.2335837,47.6835206],[26.2344255,47.6840396]]]}},{"type":"Feature","properties":{"UTR":"M3","utr":"M3","DENUMIRE":"Mixt dotari","denumire":"Mixt dotari","POT":60,"CUT":2.8,"RH":"P+4-P+5","FUNCTIUNE":"Mixt dotari","functiune":"Mixt dotari","c":"#FDA4AF","sursa":"PUG Suceava HCL 162/2017 - vectorizat TSS·FG","id":415},"geometry":{"type":"Polygon","coordinates":[[[26.2377957,47.6794192],[26.2362898,47.6811375],[26.2358775,47.6809513],[26.2373925,47.679284],[26.2377957,47.6794192]]]}},{"type":"Feature","properties":{"UTR":"M2","utr":"M2","DENUMIRE":"Mixt comercial","denumire":"Mixt comercial","POT":65,"CUT":3.0,"RH":"P+5-P+6","FUNCTIUNE":"Mixt comercial","functiune":"Mixt comercial","c":"#F87171","sursa":"PUG Suceava HCL 162/2017 - vectorizat TSS·FG","id":416},"geometry":{"type":"Polygon","coordinates":[[[26.2373925,47.679284],[26.2381289,47.6784736],[26.2382687,47.6785305],[26.2386352,47.6795222],[26.237937,47.679258],[26.2377957,47.6794192],[26.2373925,47.679284]]]}},{"type":"Feature","properties":{"UTR":"L1A","utr":"L1A","DENUMIRE":"Locuinte individuale tip A","denumire":"Locuinte individuale tip A","POT":30,"CUT":0.9,"RH":"P+1-P+2","FUNCTIUNE":"Locuinte individuale tip A","functiune":"Locuinte individuale tip A","c":"#FDE68A","sursa":"PUG Suceava HCL 162/2017 - vectorizat TSS·FG","id":417},"geometry":{"type":"Polygon","coordinates":[[[26.2362898,47.6811375],[26.2377957,47.6794192],[26.237937,47.679258],[26.2386352,47.6795222],[26.2392686,47.6812361],[26.2394722,47.6814188],[26.2393711,47.6818005],[26.239181,47.6817765],[26.239246,47.6815268],[26.2383442,47.681881],[26.2383074,47.6818123],[26.2377948,47.6821295],[26.2376614,47.6816599],[26.2376225,47.6815226],[26.2373419,47.6815723],[26.2372235,47.6813918],[26.2370486,47.6814317],[26.2362898,47.6811375]]]}},{"type":"Feature","properties":{"UTR":"L1C","utr":"L1C","DENUMIRE":"Locuinte individuale tip C","denumire":"Locuinte individuale tip C","POT":40,"CUT":1.3,"RH":"P+2","FUNCTIUNE":"Locuinte individuale tip C","functiune":"Locuinte individuale tip C","c":"#F59E0B","sursa":"PUG Suceava HCL 162/2017 - vectorizat TSS·FG","id":418},"geometry":{"type":"Polygon","coordinates":[[[26.2368936,47.6822439],[26.2369302,47.6821323],[26.2377948,47.6821295],[26.2376453,47.6822412],[26.2373984,47.6825453],[26.237223,47.6829011],[26.2366889,47.6827066],[26.2367159,47.6826731],[26.2369132,47.6823508],[26.2368761,47.6823444],[26.2368936,47.6822439]]]}},{"type":"Feature","properties":{"UTR":"C1","utr":"C1","DENUMIRE":"Centru civic intensiv","denumire":"Centru civic intensiv","POT":80,"CUT":4.0,"RH":"P+6-P+8","FUNCTIUNE":"Centru civic intensiv","functiune":"Centru civic intensiv","c":"#F97316","sursa":"PUG Suceava HCL 162/2017 - vectorizat TSS·FG","id":419},"geometry":{"type":"Polygon","coordinates":[[[26.2369302,47.6821323],[26.2368311,47.6817948],[26.2376614,47.6816599],[26.2377948,47.6821295],[26.2369302,47.6821323]]]}},{"type":"Feature","properties":{"UTR":"G1","utr":"G1","DENUMIRE":"Gospodarire comunala tip 1","denumire":"Gospodarire comunala tip 1","POT":55,"CUT":2.0,"RH":"P+2-P+3","FUNCTIUNE":"Gospodarire comunala tip 1","functiune":"Gospodarire comunala tip 1","c":"#60A5FA","sursa":"PUG Suceava HCL 162/2017 - vectorizat TSS·FG","id":420},"geometry":{"type":"Polygon","coordinates":[[[26.2366889,47.6827066],[26.2357866,47.6823781],[26.2361478,47.682087],[26.2368936,47.6822439],[26.2368761,47.6823444],[26.2369132,47.6823508],[26.2367159,47.6826731],[26.2366889,47.6827066]]]}},{"type":"Feature","properties":{"UTR":"L1C","utr":"L1C","DENUMIRE":"Locuinte individuale tip C","denumire":"Locuinte individuale tip C","POT":40,"CUT":1.3,"RH":"P+2","FUNCTIUNE":"Locuinte individuale tip C","functiune":"Locuinte individuale tip C","c":"#F59E0B","sursa":"PUG Suceava HCL 162/2017 - vectorizat TSS·FG","id":421},"geometry":{"type":"Polygon","coordinates":[[[26.2377149,47.6851798],[26.2362236,47.6845439],[26.2366631,47.6840274],[26.236754,47.6836898],[26.237223,47.6829011],[26.2373984,47.6825453],[26.2376453,47.6822412],[26.2377948,47.6821295],[26.2383074,47.6818123],[26.2383442,47.681881],[26.239246,47.6815268],[26.239181,47.6817765],[26.2393711,47.6818005],[26.2392657,47.6823019],[26.239365,47.6826116],[26.2395754,47.6828077],[26.2397919,47.6836732],[26.2396158,47.6838803],[26.2389295,47.6842263],[26.2377149,47.6851798]]]}},{"type":"Feature","properties":{"UTR":"M3","utr":"M3","DENUMIRE":"Mixt dotari","denumire":"Mixt dotari","POT":60,"CUT":2.8,"RH":"P+4-P+5","FUNCTIUNE":"Mixt dotari","functiune":"Mixt dotari","c":"#FDA4AF","sursa":"PUG Suceava HCL 162/2017 - vectorizat TSS·FG","id":422},"geometry":{"type":"Polygon","coordinates":[[[26.2310355,47.6845425],[26.2306303,47.6843137],[26.2313506,47.6837644],[26.2311844,47.6836636],[26.2318449,47.6831881],[26.2319781,47.6832627],[26.2320873,47.6831901],[26.2322275,47.6832739],[26.232493,47.6830936],[26.2327819,47.6832671],[26.2330687,47.6832958],[26.2334098,47.6835022],[26.233399,47.6835103],[26.2330442,47.6837791],[26.2326845,47.6835758],[26.232321,47.6838501],[26.2324606,47.6839479],[26.2324183,47.683983],[26.2325725,47.6840732],[26.2324625,47.6841896],[26.2323661,47.6842417],[26.2322677,47.684183],[26.2321919,47.68421],[26.2319978,47.6840937],[26.2318329,47.6842205],[26.2320569,47.684354],[26.2320199,47.6843783],[26.2321671,47.68447],[26.2316563,47.6848207],[26.2312913,47.6846093],[26.2311063,47.6845046],[26.2310355,47.6845425]]]}},{"type":"Feature","properties":{"UTR":"M3","utr":"M3","DENUMIRE":"Mixt dotari","denumire":"Mixt dotari","POT":60,"CUT":2.8,"RH":"P+4-P+5","FUNCTIUNE":"Mixt dotari","functiune":"Mixt dotari","c":"#FDA4AF","sursa":"PUG Suceava HCL 162/2017 - vectorizat TSS·FG","id":423},"geometry":{"type":"Polygon","coordinates":[[[26.2345249,47.6821872],[26.2352695,47.6816203],[26.2358775,47.6809513],[26.2362898,47.6811375],[26.2370486,47.6814317],[26.2372235,47.6813918],[26.2373419,47.6815723],[26.2376225,47.6815226],[26.2376614,47.6816599],[26.2368311,47.6817948],[26.2369302,47.6821323],[26.2368936,47.6822439],[26.2361478,47.682087],[26.2357866,47.6823781],[26.2355558,47.6825182],[26.2349864,47.6822695],[26.2348618,47.6823726],[26.2347521,47.6823122],[26.2345249,47.6821872]]]}},{"type":"Feature","properties":{"UTR":"L1A","utr":"L1A","DENUMIRE":"Locuinte individuale tip A","denumire":"Locuinte individuale tip A","POT":30,"CUT":0.9,"RH":"P+1-P+2","FUNCTIUNE":"Locuinte individuale tip A","functiune":"Locuinte individuale tip A","c":"#FDE68A","sursa":"PUG Suceava HCL 162/2017 - vectorizat TSS·FG","id":424},"geometry":{"type":"Polygon","coordinates":[[[26.2347521,47.6823122],[26.2348618,47.6823726],[26.2349864,47.6822695],[26.2355558,47.6825182],[26.2355972,47.6825755],[26.2354639,47.6826899],[26.235841,47.6828717],[26.2356628,47.6830211],[26.23569,47.6830503],[26.2355549,47.6831813],[26.2351677,47.6829655],[26.2352405,47.6829021],[26.234554,47.6825323],[26.2345435,47.6825422],[26.2344924,47.6825213],[26.2347521,47.6823122]]]}},{"type":"Feature","properties":{"UTR":"L1B","utr":"L1B","DENUMIRE":"Locuinte individuale tip B","denumire":"Locuinte individuale tip B","POT":35,"CUT":1.1,"RH":"P+1-P+2","FUNCTIUNE":"Locuinte individuale tip B","functiune":"Locuinte individuale tip B","c":"#FCD34D","sursa":"PUG Suceava HCL 162/2017 - vectorizat TSS·FG","id":425},"geometry":{"type":"Polygon","coordinates":[[[26.2335348,47.6829409],[26.2345249,47.6821872],[26.2347521,47.6823122],[26.2344924,47.6825213],[26.2345435,47.6825422],[26.2343982,47.6827086],[26.2345217,47.6827773],[26.2339866,47.6831973],[26.2335348,47.6829409]]]}},{"type":"Feature","properties":{"UTR":"F","utr":"F","DENUMIRE":"Institutii publice","denumire":"Institutii publice","POT":45,"CUT":1.5,"RH":"P+2-P+4","FUNCTIUNE":"Institutii publice","functiune":"Institutii publice","c":"#93C5FD","sursa":"PUG Suceava HCL 162/2017 - vectorizat TSS·FG","id":426},"geometry":{"type":"Polygon","coordinates":[[[26.2339866,47.6831973],[26.2338251,47.683324],[26.2333844,47.6830555],[26.2335348,47.6829409],[26.2339866,47.6831973]]]}},{"type":"Feature","properties":{"UTR":"L1B","utr":"L1B","DENUMIRE":"Locuinte individuale tip B","denumire":"Locuinte individuale tip B","POT":35,"CUT":1.1,"RH":"P+1-P+2","FUNCTIUNE":"Locuinte individuale tip B","functiune":"Locuinte individuale tip B","c":"#FCD34D","sursa":"PUG Suceava HCL 162/2017 - vectorizat TSS·FG","id":427},"geometry":{"type":"Polygon","coordinates":[[[26.233399,47.6835103],[26.2334098,47.6835022],[26.2330687,47.6832958],[26.2333844,47.6830555],[26.2338251,47.683324],[26.2339866,47.6831973],[26.2345217,47.6827773],[26.2343982,47.6827086],[26.2345435,47.6825422],[26.234554,47.6825323],[26.2352405,47.6829021],[26.2351677,47.6829655],[26.2355549,47.6831813],[26.23569,47.6830503],[26.2356628,47.6830211],[26.235841,47.6828717],[26.2354639,47.6826899],[26.2355972,47.6825755],[26.2355558,47.6825182],[26.2357866,47.6823781],[26.2366889,47.6827066],[26.237223,47.6829011],[26.236754,47.6836898],[26.2366631,47.6840274],[26.2362236,47.6845439],[26.2353446,47.6841692],[26.2346914,47.6838141],[26.2344255,47.6840396],[26.2335837,47.6835206],[26.233399,47.6835103]]]}},{"type":"Feature","properties":{"UTR":"L1A","utr":"L1A","DENUMIRE":"Locuinte individuale tip A","denumire":"Locuinte individuale tip A","POT":30,"CUT":0.9,"RH":"P+1-P+2","FUNCTIUNE":"Locuinte individuale tip A","functiune":"Locuinte individuale tip A","c":"#FDE68A","sursa":"PUG Suceava HCL 162/2017 - vectorizat TSS·FG","id":428},"geometry":{"type":"Polygon","coordinates":[[[26.2422783,47.6766485],[26.2424498,47.67651],[26.2425807,47.6765479],[26.242539,47.6766295],[26.2436141,47.676951],[26.2437534,47.6769875],[26.2438234,47.6771582],[26.2437479,47.6771954],[26.2440023,47.6772473],[26.243984,47.6773206],[26.2439762,47.6773519],[26.2440455,47.6782828],[26.2437906,47.6785846],[26.2437454,47.6788901],[26.2435776,47.678815],[26.2435117,47.6788658],[26.2434239,47.6788113],[26.2429718,47.6790516],[26.2429444,47.6789462],[26.2422926,47.6786303],[26.2419506,47.6788182],[26.241766,47.6786643],[26.2416301,47.6787525],[26.2414853,47.678924],[26.2413112,47.6790085],[26.2408652,47.6790873],[26.2407394,47.6792615],[26.2408283,47.679435],[26.2406683,47.6796466],[26.2403529,47.6798172],[26.24003,47.6798778],[26.2398175,47.6800906],[26.2394276,47.6801851],[26.2392749,47.6804315],[26.2391336,47.6804354],[26.238658,47.6791497],[26.2395779,47.6783656],[26.2390815,47.6781148],[26.2392251,47.6779485],[26.2392992,47.6779822],[26.2394249,47.6778489],[26.2393322,47.6778077],[26.2394447,47.6777007],[26.2393917,47.6776777],[26.2394286,47.6776449],[26.2392621,47.6775569],[26.2393184,47.6775001],[26.2393874,47.6775309],[26.23949,47.6774197],[26.2395355,47.6774386],[26.2397151,47.6772888],[26.2396461,47.6772546],[26.2400043,47.6769652],[26.2399435,47.6769288],[26.2400582,47.676834],[26.2402071,47.676922],[26.2403242,47.6768431],[26.2403601,47.6768551],[26.2406668,47.6766227],[26.2408662,47.6767243],[26.2411856,47.6764349],[26.2418333,47.6767014],[26.2417674,47.6767688],[26.2410324,47.6772891],[26.2405689,47.6770139],[26.2402559,47.6772664],[26.240701,47.6775416],[26.2407777,47.677589],[26.2420111,47.6767025],[26.2422783,47.6766485]]]}},{"type":"Feature","properties":{"UTR":"M3","utr":"M3","DENUMIRE":"Mixt dotari","denumire":"Mixt dotari","POT":60,"CUT":2.8,"RH":"P+4-P+5","FUNCTIUNE":"Mixt dotari","functiune":"Mixt dotari","c":"#FDA4AF","sursa":"PUG Suceava HCL 162/2017 - vectorizat TSS·FG","id":429},"geometry":{"type":"Polygon","coordinates":[[[26.2437454,47.6788901],[26.2437031,47.6794429],[26.2436855,47.6795828],[26.2437201,47.6797585],[26.2437803,47.6800768],[26.2405171,47.6807928],[26.2404341,47.6810565],[26.2397367,47.6813646],[26.2394206,47.6811263],[26.239312,47.6809175],[26.2391336,47.6804354],[26.2392749,47.6804315],[26.2394276,47.6801851],[26.2398175,47.6800906],[26.24003,47.6798778],[26.2403529,47.6798172],[26.2406683,47.6796466],[26.2408283,47.679435],[26.2407394,47.6792615],[26.2408652,47.6790873],[26.2413112,47.6790085],[26.2414853,47.678924],[26.2416301,47.6787525],[26.241766,47.6786643],[26.2419506,47.6788182],[26.2422926,47.6786303],[26.2429444,47.6789462],[26.2429718,47.6790516],[26.2434239,47.6788113],[26.2435117,47.6788658],[26.2435776,47.678815],[26.2437454,47.6788901]]]}},{"type":"Feature","properties":{"UTR":"L1B","utr":"L1B","DENUMIRE":"Locuinte individuale tip B","denumire":"Locuinte individuale tip B","POT":35,"CUT":1.1,"RH":"P+1-P+2","FUNCTIUNE":"Locuinte individuale tip B","functiune":"Locuinte individuale tip B","c":"#FCD34D","sursa":"PUG Suceava HCL 162/2017 - vectorizat TSS·FG","id":430},"geometry":{"type":"Polygon","coordinates":[[[26.2436855,47.6795828],[26.2437031,47.6794429],[26.2437375,47.679339],[26.2437667,47.6792838],[26.2438347,47.6792331],[26.2440005,47.6791166],[26.2441323,47.6791193],[26.2445561,47.6792373],[26.244337,47.6796654],[26.2436855,47.6795828]]]}},{"type":"Feature","properties":{"UTR":"M2","utr":"M2","DENUMIRE":"Mixt comercial","denumire":"Mixt comercial","POT":65,"CUT":3.0,"RH":"P+5-P+6","FUNCTIUNE":"Mixt comercial","functiune":"Mixt comercial","c":"#F87171","sursa":"PUG Suceava HCL 162/2017 - vectorizat TSS·FG","id":431},"geometry":{"type":"Polygon","coordinates":[[[26.238658,47.6791497],[26.2383408,47.6782924],[26.2383649,47.678203],[26.238121,47.6781437],[26.2403841,47.6755838],[26.2405499,47.6755579],[26.240987,47.6750725],[26.2411779,47.6750328],[26.2409659,47.6752943],[26.240768,47.6755123],[26.2410165,47.6754746],[26.2410257,47.6754327],[26.2411593,47.6755716],[26.2434209,47.6765397],[26.2437565,47.6766452],[26.2441514,47.6766488],[26.2440023,47.6772473],[26.2437479,47.6771954],[26.2438234,47.6771582],[26.2437534,47.6769875],[26.2436141,47.676951],[26.242539,47.6766295],[26.2425807,47.6765479],[26.2424498,47.67651],[26.2422783,47.6766485],[26.242017,47.6765169],[26.2418333,47.6767014],[26.2411856,47.6764349],[26.2408662,47.6767243],[26.2406668,47.6766227],[26.2403601,47.6768551],[26.2403242,47.6768431],[26.2402071,47.676922],[26.2400582,47.676834],[26.2399435,47.6769288],[26.2400043,47.6769652],[26.2396461,47.6772546],[26.2397151,47.6772888],[26.2395355,47.6774386],[26.23949,47.6774197],[26.2393874,47.6775309],[26.2393184,47.6775001],[26.2392621,47.6775569],[26.2394286,47.6776449],[26.2393917,47.6776777],[26.2394447,47.6777007],[26.2393322,47.6778077],[26.2394249,47.6778489],[26.2392992,47.6779822],[26.2392251,47.6779485],[26.2390815,47.6781148],[26.2395779,47.6783656],[26.238658,47.6791497]]]}},{"type":"Feature","properties":{"UTR":"F","utr":"F","DENUMIRE":"Institutii publice","denumire":"Institutii publice","POT":45,"CUT":1.5,"RH":"P+2-P+4","FUNCTIUNE":"Institutii publice","functiune":"Institutii publice","c":"#93C5FD","sursa":"PUG Suceava HCL 162/2017 - vectorizat TSS·FG","id":432},"geometry":{"type":"Polygon","coordinates":[[[26.240701,47.6775416],[26.2402559,47.6772664],[26.2405689,47.6770139],[26.2410324,47.6772891],[26.240701,47.6775416]]]}},{"type":"Feature","properties":{"UTR":"V2A","utr":"V2A","DENUMIRE":"Sport-agrement tip A","denumire":"Sport-agrement tip A","POT":10,"CUT":0.1,"RH":"P","FUNCTIUNE":"Sport-agrement tip A","functiune":"Sport-agrement tip A","c":"#4ADE80","sursa":"PUG Suceava HCL 162/2017 - vectorizat TSS·FG","id":433},"geometry":{"type":"Polygon","coordinates":[[[26.2733643,47.6683004],[26.2733084,47.668413],[26.2722315,47.6688668],[26.2723733,47.668513],[26.2726114,47.6681861],[26.2729977,47.6679148],[26.2733643,47.6683004]]]}},{"type":"Feature","properties":{"UTR":"C2C","utr":"C2C","DENUMIRE":"Comercial tip C","denumire":"Comercial tip C","POT":60,"CUT":2.4,"RH":"P+3-P+5","FUNCTIUNE":"Comercial tip C","functiune":"Comercial tip C","c":"#FCA5A5","sursa":"PUG Suceava HCL 162/2017 - vectorizat TSS·FG","id":434},"geometry":{"type":"Polygon","coordinates":[[[26.2760293,47.6715191],[26.2744303,47.6726008],[26.2744189,47.6724738],[26.2734941,47.6718476],[26.2735191,47.671715],[26.27366,47.6716116],[26.2732558,47.6714714],[26.2731146,47.6713758],[26.2735205,47.6710622],[26.2733762,47.6710738],[26.2731208,47.671016],[26.2727598,47.6706129],[26.2728319,47.6705588],[26.2728561,47.6705867],[26.2729877,47.6706081],[26.2730989,47.6705646],[26.2730901,47.6705535],[26.2731456,47.670533],[26.2726566,47.6699964],[26.2726483,47.6698599],[26.2722317,47.6699807],[26.2713996,47.670199],[26.2712014,47.6699516],[26.2710425,47.6700238],[26.2708517,47.6698692],[26.2712365,47.6695606],[26.2724979,47.6690933],[26.2724481,47.6690304],[26.2723696,47.6689313],[26.2728863,47.6687366],[26.2735885,47.6685751],[26.2738035,47.6687286],[26.2739058,47.6687242],[26.2739441,47.6687],[26.2753984,47.6698011],[26.2740624,47.6703071],[26.2740807,47.6702633],[26.2739565,47.6701365],[26.2739102,47.6701324],[26.2736751,47.6702215],[26.2736614,47.6702729],[26.2735979,47.6703015],[26.2737082,47.6704365],[26.2737853,47.6705335],[26.2740079,47.6704327],[26.2743274,47.6703065],[26.2746975,47.6706943],[26.2748775,47.670834],[26.2751335,47.6706633],[26.2746623,47.6701742],[26.2754708,47.6698548],[26.2758863,47.6701021],[26.2752009,47.6706179],[26.2758334,47.6710303],[26.2749285,47.6716625],[26.2751029,47.6717796],[26.2755578,47.6714553],[26.2757508,47.6715205],[26.2758441,47.6714809],[26.2760293,47.6715191]]]}},{"type":"Feature","properties":{"UTR":"F","utr":"F","DENUMIRE":"Institutii publice","denumire":"Institutii publice","POT":45,"CUT":1.5,"RH":"P+2-P+4","FUNCTIUNE":"Institutii publice","functiune":"Institutii publice","c":"#93C5FD","sursa":"PUG Suceava HCL 162/2017 - vectorizat TSS·FG","id":435},"geometry":{"type":"Polygon","coordinates":[[[26.2737082,47.6704365],[26.2735979,47.6703015],[26.2736614,47.6702729],[26.2736751,47.6702215],[26.2739102,47.6701324],[26.2739565,47.6701365],[26.2740807,47.6702633],[26.2740624,47.6703071],[26.2737082,47.6704365]]]}},{"type":"Feature","properties":{"UTR":"C2B","utr":"C2B","DENUMIRE":"Comercial tip B","denumire":"Comercial tip B","POT":60,"CUT":2.4,"RH":"P+3-P+5","FUNCTIUNE":"Comercial tip B","functiune":"Comercial tip B","c":"#FCA5A5","sursa":"PUG Suceava HCL 162/2017 - vectorizat TSS·FG","id":436},"geometry":{"type":"Polygon","coordinates":[[[26.2743274,47.6703065],[26.2746623,47.6701742],[26.2751335,47.6706633],[26.2748775,47.670834],[26.2746975,47.6706943],[26.2743274,47.6703065]]]}},{"type":"Feature","properties":{"UTR":"M4","utr":"M4","DENUMIRE":"Mixt servicii","denumire":"Mixt servicii","POT":60,"CUT":2.8,"RH":"P+4-P+6","FUNCTIUNE":"Mixt servicii","functiune":"Mixt servicii","c":"#FB7185","sursa":"PUG Suceava HCL 162/2017 - vectorizat TSS·FG","id":437},"geometry":{"type":"Polygon","coordinates":[[[26.2708517,47.6698692],[26.2710425,47.6700238],[26.2712014,47.6699516],[26.2713996,47.670199],[26.2722317,47.6699807],[26.2726483,47.6698599],[26.2726566,47.6699964],[26.2731456,47.670533],[26.2730901,47.6705535],[26.2730989,47.6705646],[26.2729877,47.6706081],[26.2728561,47.6705867],[26.2728319,47.6705588],[26.2727598,47.6706129],[26.2731208,47.671016],[26.2733762,47.6710738],[26.2735205,47.6710622],[26.2731146,47.6713758],[26.2732558,47.6714714],[26.27366,47.6716116],[26.2735191,47.671715],[26.2734941,47.6718476],[26.2744189,47.6724738],[26.2744303,47.6726008],[26.2720218,47.6742138],[26.2704297,47.6745666],[26.2702727,47.6746204],[26.2701057,47.674038],[26.2697465,47.6737902],[26.2696971,47.6735276],[26.2697933,47.6734505],[26.2692348,47.6734236],[26.2693558,47.6726933],[26.2695717,47.6726294],[26.2698119,47.6727524],[26.269944,47.6725432],[26.2696927,47.6718991],[26.2700194,47.6708888],[26.2708517,47.6698692]]]}},{"type":"Feature","properties":{"UTR":"C2B","utr":"C2B","DENUMIRE":"Comercial tip B","denumire":"Comercial tip B","POT":60,"CUT":2.4,"RH":"P+3-P+5","FUNCTIUNE":"Comercial tip B","functiune":"Comercial tip B","c":"#FCA5A5","sursa":"PUG Suceava HCL 162/2017 - vectorizat TSS·FG","id":438},"geometry":{"type":"Polygon","coordinates":[[[26.2758863,47.6701021],[26.27589,47.6701043],[26.2760428,47.6701619],[26.277014,47.6707744],[26.2770331,47.6708148],[26.2770093,47.6708578],[26.2760293,47.6715191],[26.2758441,47.6714809],[26.2757508,47.6715205],[26.2755578,47.6714553],[26.2751029,47.6717796],[26.2749285,47.6716625],[26.2758334,47.6710303],[26.2752009,47.6706179],[26.2758863,47.6701021]]]}},{"type":"Feature","properties":{"UTR":"L2","utr":"L2","DENUMIRE":"Locuinte colective mici","denumire":"Locuinte colective mici","POT":40,"CUT":1.6,"RH":"P+3-P+4","FUNCTIUNE":"Locuinte colective mici","functiune":"Locuinte colective mici","c":"#FCD34D","sursa":"PUG Suceava HCL 162/2017 - vectorizat TSS·FG","id":439},"geometry":{"type":"Polygon","coordinates":[[[26.2749909,47.6731797],[26.2743809,47.6727723],[26.2760398,47.6716361],[26.276126,47.6716446],[26.2778328,47.6728225],[26.2763888,47.6737688],[26.2764603,47.673901],[26.2763993,47.6739181],[26.2761573,47.6737188],[26.2760187,47.6736357],[26.2758488,47.6737526],[26.2750952,47.6732494],[26.2753788,47.6730606],[26.2756641,47.673262],[26.275715,47.6732469],[26.2758439,47.6733303],[26.275934,47.6733627],[26.2762721,47.6731335],[26.2763032,47.6731569],[26.2768956,47.6727653],[26.2768128,47.6727083],[26.2768332,47.6726897],[26.2768075,47.6726706],[26.2769347,47.6725862],[26.2767185,47.6724443],[26.2765915,47.6725154],[26.276516,47.6724679],[26.2764346,47.6725254],[26.2762823,47.6724426],[26.2764355,47.6723447],[26.276323,47.6722779],[26.2749909,47.6731797]]]}},{"type":"Feature","properties":{"UTR":"L1A","utr":"L1A","DENUMIRE":"Locuinte individuale tip A","denumire":"Locuinte individuale tip A","POT":30,"CUT":0.9,"RH":"P+1-P+2","FUNCTIUNE":"Locuinte individuale tip A","functiune":"Locuinte individuale tip A","c":"#FDE68A","sursa":"PUG Suceava HCL 162/2017 - vectorizat TSS·FG","id":440},"geometry":{"type":"Polygon","coordinates":[[[26.268007,47.6715657],[26.268436,47.6713849],[26.2685926,47.6715163],[26.2686936,47.6716332],[26.2687212,47.671624],[26.2687595,47.67166],[26.2693579,47.671431],[26.2694774,47.671459],[26.2696933,47.6723337],[26.2696944,47.6725327],[26.269598,47.6725857],[26.2692966,47.672416],[26.2692258,47.6724748],[26.269227,47.6727849],[26.268888,47.6729112],[26.2688071,47.6727781],[26.2687646,47.67279],[26.268655,47.6726546],[26.2688464,47.6725755],[26.2686659,47.6723819],[26.268584,47.6724281],[26.2683521,47.6721735],[26.2683742,47.6721467],[26.2682584,47.6719924],[26.2683781,47.6719535],[26.268007,47.6715657]]]}},{"type":"Feature","properties":{"UTR":"M3","utr":"M3","DENUMIRE":"Mixt dotari","denumire":"Mixt dotari","POT":60,"CUT":2.8,"RH":"P+4-P+5","FUNCTIUNE":"Mixt dotari","functiune":"Mixt dotari","c":"#FDA4AF","sursa":"PUG Suceava HCL 162/2017 - vectorizat TSS·FG","id":441},"geometry":{"type":"Polygon","coordinates":[[[26.2659961,47.6755975],[26.2651538,47.6757891],[26.2632119,47.6759701],[26.2515977,47.6770521],[26.2507068,47.6771225],[26.2504394,47.6770967],[26.250332,47.6764934],[26.2503078,47.6758733],[26.2504015,47.6758814],[26.2519131,47.6758781],[26.2519541,47.6760241],[26.2539937,47.6755931],[26.2556568,47.6749279],[26.2589151,47.673823],[26.2600429,47.6734701],[26.260089,47.6735302],[26.2621331,47.6728852],[26.2621957,47.67297],[26.2635759,47.6723832],[26.2638756,47.6727326],[26.2638114,47.6727646],[26.2658236,47.6753729],[26.2659961,47.6755975]]]}},{"type":"Feature","properties":{"UTR":"L1A","utr":"L1A","DENUMIRE":"Locuinte individuale tip A","denumire":"Locuinte individuale tip A","POT":30,"CUT":0.9,"RH":"P+1-P+2","FUNCTIUNE":"Locuinte individuale tip A","functiune":"Locuinte individuale tip A","c":"#FDE68A","sursa":"PUG Suceava HCL 162/2017 - vectorizat TSS·FG","id":442},"geometry":{"type":"Polygon","coordinates":[[[26.2441426,47.6800181],[26.2441877,47.6799479],[26.244337,47.6796654],[26.2445561,47.6792373],[26.2441323,47.6791193],[26.2440005,47.6791166],[26.2438347,47.6792331],[26.2437667,47.6792838],[26.2437375,47.679339],[26.2437031,47.6794429],[26.2437454,47.6788901],[26.2437906,47.6785846],[26.2440455,47.6782828],[26.2439762,47.6773519],[26.243984,47.6773206],[26.2444654,47.6772856],[26.2445626,47.676997],[26.2448506,47.6770109],[26.2446834,47.6777419],[26.2447124,47.677755],[26.2450911,47.677829],[26.2455085,47.6778375],[26.2455188,47.6776591],[26.245783,47.6776102],[26.2458133,47.677218],[26.245946,47.6771928],[26.2459516,47.676894],[26.2465885,47.6768661],[26.246661,47.6767562],[26.2472741,47.6769539],[26.2473253,47.6768528],[26.2478974,47.6769997],[26.2482007,47.6771981],[26.2485117,47.6771908],[26.2485898,47.6779558],[26.2482174,47.679055],[26.2481563,47.6792312],[26.247575,47.6790853],[26.2474908,47.6791647],[26.2471865,47.679078],[26.2473703,47.6787789],[26.2475212,47.6785022],[26.2475295,47.6783366],[26.2474313,47.6782578],[26.2473992,47.678192],[26.2473215,47.6782015],[26.2472552,47.6782325],[26.2469967,47.6781716],[26.2468258,47.6784185],[26.2465033,47.6782925],[26.2464656,47.6784094],[26.2463745,47.678504],[26.2460227,47.6785457],[26.2460285,47.6787163],[26.2459753,47.6789929],[26.2459399,47.6791769],[26.2458211,47.6792327],[26.2455517,47.679207],[26.2454475,47.6795021],[26.2447609,47.6792979],[26.2446592,47.6795142],[26.2456998,47.6798019],[26.2477379,47.6803114],[26.2476992,47.6804008],[26.2476111,47.6803557],[26.247328,47.6802714],[26.2466836,47.6801218],[26.2465454,47.6801142],[26.2464648,47.6801735],[26.2464219,47.6803052],[26.2463685,47.6814077],[26.2454657,47.6814008],[26.2453274,47.6801423],[26.2453806,47.6801453],[26.2453885,47.6800741],[26.2451404,47.6800528],[26.2451299,47.6801208],[26.244729,47.6801129],[26.2443996,47.6800794],[26.2441426,47.6800181]]]}},{"type":"Feature","properties":{"UTR":"L2","utr":"L2","DENUMIRE":"Locuinte colective mici","denumire":"Locuinte colective mici","POT":40,"CUT":1.6,"RH":"P+3-P+4","FUNCTIUNE":"Locuinte colective mici","functiune":"Locuinte colective mici","c":"#FCD34D","sursa":"PUG Suceava HCL 162/2017 - vectorizat TSS·FG","id":443},"geometry":{"type":"Polygon","coordinates":[[[26.2658236,47.6753729],[26.2638114,47.6727646],[26.2638756,47.6727326],[26.2647739,47.6724074],[26.2663007,47.6718087],[26.26877,47.6747025],[26.2688961,47.6749237],[26.2688203,47.6749498],[26.2687982,47.6749761],[26.2683283,47.6750888],[26.2679803,47.6746227],[26.2676459,47.6747404],[26.2679678,47.6751751],[26.2673723,47.6753179],[26.2673352,47.6752784],[26.2670271,47.6753518],[26.2667244,47.6749447],[26.266037,47.6751923],[26.2661064,47.6752778],[26.2658236,47.6753729]]]}},{"type":"Feature","properties":{"UTR":"M2","utr":"M2","DENUMIRE":"Mixt comercial","denumire":"Mixt comercial","POT":65,"CUT":3.0,"RH":"P+5-P+6","FUNCTIUNE":"Mixt comercial","functiune":"Mixt comercial","c":"#F87171","sursa":"PUG Suceava HCL 162/2017 - vectorizat TSS·FG","id":444},"geometry":{"type":"Polygon","coordinates":[[[26.2638756,47.6727326],[26.2635759,47.6723832],[26.2666124,47.6711897],[26.2669577,47.6715493],[26.2693986,47.6743993],[26.2695119,47.6745255],[26.2695582,47.6746546],[26.269522,47.6747691],[26.2688961,47.6749237],[26.26877,47.6747025],[26.2663007,47.6718087],[26.2647739,47.6724074],[26.2638756,47.6727326]]]}},{"type":"Feature","properties":{"UTR":"M2","utr":"M2","DENUMIRE":"Mixt comercial","denumire":"Mixt comercial","POT":65,"CUT":3.0,"RH":"P+5-P+6","FUNCTIUNE":"Mixt comercial","functiune":"Mixt comercial","c":"#F87171","sursa":"PUG Suceava HCL 162/2017 - vectorizat TSS·FG","id":445},"geometry":{"type":"Polygon","coordinates":[[[26.2701057,47.674038],[26.2702727,47.6746204],[26.2698859,47.6747092],[26.2696829,47.6743508],[26.2698699,47.6743005],[26.2698591,47.6740499],[26.2701057,47.674038]]]}},{"type":"Feature","properties":{"UTR":"F","utr":"F","DENUMIRE":"Institutii publice","denumire":"Institutii publice","POT":45,"CUT":1.5,"RH":"P+2-P+4","FUNCTIUNE":"Institutii publice","functiune":"Institutii publice","c":"#93C5FD","sursa":"PUG Suceava HCL 162/2017 - vectorizat TSS·FG","id":446},"geometry":{"type":"Polygon","coordinates":[[[26.2696829,47.6743508],[26.2695757,47.6741934],[26.2693406,47.6739217],[26.2697465,47.6737902],[26.2701057,47.674038],[26.2698591,47.6740499],[26.2698699,47.6743005],[26.2696829,47.6743508]]]}},{"type":"Feature","properties":{"UTR":"M2","utr":"M2","DENUMIRE":"Mixt comercial","denumire":"Mixt comercial","POT":65,"CUT":3.0,"RH":"P+5-P+6","FUNCTIUNE":"Mixt comercial","functiune":"Mixt comercial","c":"#F87171","sursa":"PUG Suceava HCL 162/2017 - vectorizat TSS·FG","id":447},"geometry":{"type":"Polygon","coordinates":[[[26.2674535,47.6717407],[26.2668798,47.6710775],[26.2720639,47.6690465],[26.2723696,47.6689313],[26.2724481,47.6690304],[26.2711657,47.6695402],[26.2700039,47.6703282],[26.269601,47.6710561],[26.2693449,47.6708885],[26.2693945,47.6708482],[26.2693177,47.6707943],[26.2688259,47.6710215],[26.2682533,47.6712449],[26.267884,47.6712634],[26.2677441,47.6713245],[26.2676774,47.6713646],[26.267733,47.6714276],[26.2676606,47.6714561],[26.2678046,47.6715988],[26.2674535,47.6717407]]]}},{"type":"Feature","properties":{"UTR":"L2","utr":"L2","DENUMIRE":"Locuinte colective mici","denumire":"Locuinte colective mici","POT":40,"CUT":1.6,"RH":"P+3-P+4","FUNCTIUNE":"Locuinte colective mici","functiune":"Locuinte colective mici","c":"#FCD34D","sursa":"PUG Suceava HCL 162/2017 - vectorizat TSS·FG","id":448},"geometry":{"type":"Polygon","coordinates":[[[26.2678046,47.6715988],[26.2676606,47.6714561],[26.267733,47.6714276],[26.2676774,47.6713646],[26.2677441,47.6713245],[26.267884,47.6712634],[26.2682533,47.6712449],[26.2688259,47.6710215],[26.2693177,47.6707943],[26.2693945,47.6708482],[26.2693449,47.6708885],[26.269601,47.6710561],[26.2694774,47.671459],[26.2693579,47.671431],[26.2687595,47.67166],[26.2687212,47.671624],[26.2686936,47.6716332],[26.2685926,47.6715163],[26.268436,47.6713849],[26.268007,47.6715657],[26.2678966,47.6716135],[26.2678046,47.6715988]]]}},{"type":"Feature","properties":{"UTR":"M2","utr":"M2","DENUMIRE":"Mixt comercial","denumire":"Mixt comercial","POT":65,"CUT":3.0,"RH":"P+5-P+6","FUNCTIUNE":"Mixt comercial","functiune":"Mixt comercial","c":"#F87171","sursa":"PUG Suceava HCL 162/2017 - vectorizat TSS·FG","id":449},"geometry":{"type":"Polygon","coordinates":[[[26.269227,47.6727849],[26.269227,47.672789],[26.2691322,47.6734276],[26.2693821,47.6735102],[26.2696971,47.6735276],[26.2697465,47.6737902],[26.2693406,47.6739217],[26.2674535,47.6717407],[26.2678046,47.6715988],[26.2678966,47.6716135],[26.268007,47.6715657],[26.2683781,47.6719535],[26.2682584,47.6719924],[26.2683742,47.6721467],[26.2683521,47.6721735],[26.268584,47.6724281],[26.2686659,47.6723819],[26.2688464,47.6725755],[26.268655,47.6726546],[26.2687646,47.67279],[26.2688071,47.6727781],[26.268888,47.6729112],[26.269227,47.6727849]]]}},{"type":"Feature","properties":{"UTR":"M2","utr":"M2","DENUMIRE":"Mixt comercial","denumire":"Mixt comercial","POT":65,"CUT":3.0,"RH":"P+5-P+6","FUNCTIUNE":"Mixt comercial","functiune":"Mixt comercial","c":"#F87171","sursa":"PUG Suceava HCL 162/2017 - vectorizat TSS·FG","id":450},"geometry":{"type":"Polygon","coordinates":[[[26.2683283,47.6750888],[26.2679678,47.6751751],[26.2676459,47.6747404],[26.2679803,47.6746227],[26.2683283,47.6750888]]]}},{"type":"Feature","properties":{"UTR":"M2","utr":"M2","DENUMIRE":"Mixt comercial","denumire":"Mixt comercial","POT":65,"CUT":3.0,"RH":"P+5-P+6","FUNCTIUNE":"Mixt comercial","functiune":"Mixt comercial","c":"#F87171","sursa":"PUG Suceava HCL 162/2017 - vectorizat TSS·FG","id":451},"geometry":{"type":"Polygon","coordinates":[[[26.2670271,47.6753518],[26.2659961,47.6755975],[26.2658236,47.6753729],[26.2661064,47.6752778],[26.266037,47.6751923],[26.2667244,47.6749447],[26.2670271,47.6753518]]]}},{"type":"Feature","properties":{"UTR":"M2","utr":"M2","DENUMIRE":"Mixt comercial","denumire":"Mixt comercial","POT":65,"CUT":3.0,"RH":"P+5-P+6","FUNCTIUNE":"Mixt comercial","functiune":"Mixt comercial","c":"#F87171","sursa":"PUG Suceava HCL 162/2017 - vectorizat TSS·FG","id":452},"geometry":{"type":"Polygon","coordinates":[[[26.2808171,47.6717962],[26.2814673,47.6714534],[26.2821578,47.6711467],[26.2832809,47.6709441],[26.2833479,47.6711961],[26.2825446,47.6713509],[26.2821027,47.671575],[26.2812603,47.6721275],[26.2810193,47.6720119],[26.2808171,47.6717962]]]}},{"type":"Feature","properties":{"UTR":"M2","utr":"M2","DENUMIRE":"Mixt comercial","denumire":"Mixt comercial","POT":65,"CUT":3.0,"RH":"P+5-P+6","FUNCTIUNE":"Mixt comercial","functiune":"Mixt comercial","c":"#F87171","sursa":"PUG Suceava HCL 162/2017 - vectorizat TSS·FG","id":453},"geometry":{"type":"Polygon","coordinates":[[[26.2867453,47.6735835],[26.2867962,47.6755944],[26.2867158,47.675672],[26.2865013,47.6757262],[26.2854578,47.6754164],[26.2859799,47.6746263],[26.2859916,47.6745674],[26.2858488,47.6745122],[26.2860761,47.674261],[26.2859649,47.6737743],[26.2856911,47.6736571],[26.2859471,47.6734463],[26.286278,47.6734138],[26.2867453,47.6735835]]]}},{"type":"Feature","properties":{"UTR":"M2","utr":"M2","DENUMIRE":"Mixt comercial","denumire":"Mixt comercial","POT":65,"CUT":3.0,"RH":"P+5-P+6","FUNCTIUNE":"Mixt comercial","functiune":"Mixt comercial","c":"#F87171","sursa":"PUG Suceava HCL 162/2017 - vectorizat TSS·FG","id":454},"geometry":{"type":"Polygon","coordinates":[[[26.278216,47.6731018],[26.2764348,47.6743002],[26.2732327,47.6742229],[26.2722908,47.674204],[26.2734094,47.6734378],[26.2743497,47.6738385],[26.2743391,47.6739712],[26.2746678,47.6739093],[26.2747294,47.6739478],[26.2757993,47.673997],[26.275846,47.6738971],[26.2761573,47.6737188],[26.2763993,47.6739181],[26.2764603,47.673901],[26.2763888,47.6737688],[26.2778328,47.6728225],[26.2778471,47.6728131],[26.2781547,47.6730143],[26.2781533,47.6730587],[26.278216,47.6731018]]]}},{"type":"Feature","properties":{"UTR":"L2","utr":"L2","DENUMIRE":"Locuinte colective mici","denumire":"Locuinte colective mici","POT":40,"CUT":1.6,"RH":"P+3-P+4","FUNCTIUNE":"Locuinte colective mici","functiune":"Locuinte colective mici","c":"#FCD34D","sursa":"PUG Suceava HCL 162/2017 - vectorizat TSS·FG","id":455},"geometry":{"type":"Polygon","coordinates":[[[26.2743033,47.6728246],[26.2756952,47.6737383],[26.275846,47.6738971],[26.2757993,47.673997],[26.2747294,47.6739478],[26.2746678,47.6739093],[26.2743391,47.6739712],[26.2743497,47.6738385],[26.2734094,47.6734378],[26.2743033,47.6728246]]]}},{"type":"Feature","properties":{"UTR":"L1A","utr":"L1A","DENUMIRE":"Locuinte individuale tip A","denumire":"Locuinte individuale tip A","POT":30,"CUT":0.9,"RH":"P+1-P+2","FUNCTIUNE":"Locuinte individuale tip A","functiune":"Locuinte individuale tip A","c":"#FDE68A","sursa":"PUG Suceava HCL 162/2017 - vectorizat TSS·FG","id":456},"geometry":{"type":"Polygon","coordinates":[[[26.2858428,47.6686891],[26.2854164,47.668288],[26.2843433,47.6674113],[26.2839526,47.6670833],[26.2825134,47.6659161],[26.2828662,47.6657213],[26.2845009,47.6641269],[26.2845771,47.6640714],[26.2848608,47.6642566],[26.2844658,47.6645972],[26.2845326,47.6646385],[26.283859,47.665142],[26.2840173,47.6652207],[26.2834522,47.6656493],[26.2837327,47.665821],[26.2838779,47.6657077],[26.2840008,47.6657836],[26.283487,47.666187],[26.283848,47.6663956],[26.2842667,47.6660754],[26.2843737,47.6661417],[26.283828,47.6665478],[26.2840247,47.666675],[26.2841583,47.6667644],[26.2841861,47.6667419],[26.2843126,47.6668178],[26.2842308,47.6668766],[26.2843618,47.6669664],[26.2845608,47.6668191],[26.285313,47.6672992],[26.2852034,47.6673824],[26.285326,47.6674764],[26.2852141,47.6675572],[26.2855606,47.6678102],[26.2856683,47.667733],[26.2857926,47.6678211],[26.285828,47.6677957],[26.2859531,47.667893],[26.2858967,47.6679355],[26.2861485,47.668079],[26.2879118,47.666814],[26.2881818,47.6670133],[26.2858428,47.6686891]]]}},{"type":"Feature","properties":{"UTR":"L1A","utr":"L1A","DENUMIRE":"Locuinte individuale tip A","denumire":"Locuinte individuale tip A","POT":30,"CUT":0.9,"RH":"P+1-P+2","FUNCTIUNE":"Locuinte individuale tip A","functiune":"Locuinte individuale tip A","c":"#FDE68A","sursa":"PUG Suceava HCL 162/2017 - vectorizat TSS·FG","id":457},"geometry":{"type":"Polygon","coordinates":[[[26.2918686,47.6678493],[26.2915591,47.6681155],[26.2908898,47.6686311],[26.2884601,47.6704464],[26.2882062,47.6702832],[26.2876708,47.6699393],[26.2867583,47.6693904],[26.2866805,47.6693437],[26.2865899,47.6692892],[26.2860989,47.6689023],[26.2858428,47.6686891],[26.2881818,47.6670133],[26.2883606,47.6671556],[26.2863361,47.6686207],[26.2864708,47.668714],[26.286725,47.6685298],[26.2868613,47.6686099],[26.2867094,47.6687222],[26.2868444,47.6688004],[26.2865992,47.6689762],[26.2867416,47.6690613],[26.2868055,47.6690157],[26.2870564,47.669176],[26.2873988,47.6689169],[26.2877916,47.6691664],[26.2878875,47.6690973],[26.2880203,47.6691748],[26.2876921,47.6694124],[26.2879349,47.6695702],[26.2880011,47.6695255],[26.2882798,47.6697059],[26.2886176,47.6694549],[26.2888613,47.6696001],[26.2884639,47.6698915],[26.2885685,47.6699626],[26.2890774,47.6696016],[26.2892148,47.6696906],[26.2901713,47.6689758],[26.2900462,47.6688991],[26.2903162,47.6687078],[26.2899011,47.6683648],[26.2901613,47.6682208],[26.2896175,47.667773],[26.2897369,47.667684],[26.2893937,47.6674032],[26.2895176,47.667317],[26.2905715,47.668196],[26.2907325,47.6681238],[26.2903087,47.6677778],[26.2904731,47.6676862],[26.2904079,47.6676261],[26.2905152,47.6675698],[26.2907331,47.6677452],[26.2908645,47.667669],[26.2906002,47.6674528],[26.2907505,47.6673863],[26.2912866,47.667821],[26.2914243,47.6677394],[26.2913865,47.6677083],[26.291535,47.6676132],[26.2918686,47.6678493]]]}},{"type":"Feature","properties":{"UTR":"L2","utr":"L2","DENUMIRE":"Locuinte colective mici","denumire":"Locuinte colective mici","POT":40,"CUT":1.6,"RH":"P+3-P+4","FUNCTIUNE":"Locuinte colective mici","functiune":"Locuinte colective mici","c":"#FCD34D","sursa":"PUG Suceava HCL 162/2017 - vectorizat TSS·FG","id":458},"geometry":{"type":"Polygon","coordinates":[[[26.2962215,47.6642246],[26.2935847,47.6664204],[26.2927219,47.6657863],[26.2926095,47.6657037],[26.29131,47.6647485],[26.2932392,47.6631118],[26.2942913,47.6623248],[26.2950762,47.662867],[26.2949542,47.6629717],[26.2955625,47.6634113],[26.2953397,47.6635862],[26.2962215,47.6642246]]]}},{"type":"Feature","properties":{"UTR":"M3","utr":"M3","DENUMIRE":"Mixt dotari","denumire":"Mixt dotari","POT":60,"CUT":2.8,"RH":"P+4-P+5","FUNCTIUNE":"Mixt dotari","functiune":"Mixt dotari","c":"#FDA4AF","sursa":"PUG Suceava HCL 162/2017 - vectorizat TSS·FG","id":459},"geometry":{"type":"Polygon","coordinates":[[[26.2932392,47.6631118],[26.2922835,47.6623081],[26.2927777,47.6618858],[26.296701,47.6594523],[26.2972567,47.6599229],[26.297246,47.6600677],[26.2964184,47.6607336],[26.294786,47.6619548],[26.2942913,47.6623248],[26.2932392,47.6631118]]]}},{"type":"Feature","properties":{"UTR":"L2","utr":"L2","DENUMIRE":"Locuinte colective mici","denumire":"Locuinte colective mici","POT":40,"CUT":1.6,"RH":"P+3-P+4","FUNCTIUNE":"Locuinte colective mici","functiune":"Locuinte colective mici","c":"#FCD34D","sursa":"PUG Suceava HCL 162/2017 - vectorizat TSS·FG","id":460},"geometry":{"type":"Polygon","coordinates":[[[26.294786,47.6619548],[26.2964184,47.6607336],[26.2989333,47.6621089],[26.2978747,47.6629359],[26.297117,47.6634788],[26.2969935,47.6635817],[26.294786,47.6619548]]]}},{"type":"Feature","properties":{"UTR":"V1","utr":"V1","DENUMIRE":"Spatii verzi parcuri","denumire":"Spatii verzi parcuri","POT":5,"CUT":0.05,"RH":"-","FUNCTIUNE":"Spatii verzi parcuri","functiune":"Spatii verzi parcuri","c":"#16A34A","sursa":"PUG Suceava HCL 162/2017 - vectorizat TSS·FG","id":461},"geometry":{"type":"Polygon","coordinates":[[[26.2969935,47.6635817],[26.2962215,47.6642246],[26.2953397,47.6635862],[26.2955625,47.6634113],[26.2949542,47.6629717],[26.2950762,47.662867],[26.2942913,47.6623248],[26.294786,47.6619548],[26.2969935,47.6635817]]]}},{"type":"Feature","properties":{"UTR":"F","utr":"F","DENUMIRE":"Institutii publice","denumire":"Institutii publice","POT":45,"CUT":1.5,"RH":"P+2-P+4","FUNCTIUNE":"Institutii publice","functiune":"Institutii publice","c":"#93C5FD","sursa":"PUG Suceava HCL 162/2017 - vectorizat TSS·FG","id":462},"geometry":{"type":"Polygon","coordinates":[[[26.2911056,47.6667132],[26.2910131,47.6666298],[26.290989,47.6665629],[26.2910495,47.6664684],[26.2911851,47.6664012],[26.2913986,47.6664088],[26.2914839,47.6664497],[26.2915222,47.6665055],[26.2915481,47.6665559],[26.2915258,47.6666443],[26.2914546,47.666704],[26.2913457,47.6667515],[26.2912055,47.6667517],[26.2911056,47.6667132]]]}},{"type":"Feature","properties":{"UTR":"M1","utr":"M1","DENUMIRE":"Mixt rezidential-tertiar","denumire":"Mixt rezidential-tertiar","POT":55,"CUT":2.4,"RH":"P+4-P+5","FUNCTIUNE":"Mixt rezidential-tertiar","functiune":"Mixt rezidential-tertiar","c":"#FCA5A1","sursa":"PUG Suceava HCL 162/2017 - vectorizat TSS·FG","id":463},"geometry":{"type":"Polygon","coordinates":[[[26.2882062,47.6702832],[26.2884601,47.6704464],[26.2876887,47.6709572],[26.2858621,47.6708776],[26.2858942,47.6705721],[26.2868842,47.6706113],[26.2873188,47.6706404],[26.2875182,47.6706342],[26.2875534,47.6705767],[26.2877461,47.6705228],[26.2877889,47.6705604],[26.2882062,47.6702832]]]}},{"type":"Feature","properties":{"UTR":"M2","utr":"M2","DENUMIRE":"Mixt comercial","denumire":"Mixt comercial","POT":65,"CUT":3.0,"RH":"P+5-P+6","FUNCTIUNE":"Mixt comercial","functiune":"Mixt comercial","c":"#F87171","sursa":"PUG Suceava HCL 162/2017 - vectorizat TSS·FG","id":464},"geometry":{"type":"Polygon","coordinates":[[[26.2868842,47.6706113],[26.2869273,47.6703993],[26.2873245,47.6701289],[26.2873646,47.6701431],[26.2876708,47.6699393],[26.2882062,47.6702832],[26.2877889,47.6705604],[26.2877461,47.6705228],[26.2875534,47.6705767],[26.2875182,47.6706342],[26.2873188,47.6706404],[26.2868842,47.6706113]]]}},{"type":"Feature","properties":{"UTR":"M2","utr":"M2","DENUMIRE":"Mixt comercial","denumire":"Mixt comercial","POT":65,"CUT":3.0,"RH":"P+5-P+6","FUNCTIUNE":"Mixt comercial","functiune":"Mixt comercial","c":"#F87171","sursa":"PUG Suceava HCL 162/2017 - vectorizat TSS·FG","id":465},"geometry":{"type":"Polygon","coordinates":[[[26.2831976,47.6703598],[26.2832968,47.6703054],[26.2835934,47.6704302],[26.2839708,47.6701759],[26.2845762,47.6705326],[26.2857748,47.6706374],[26.2857375,47.6708722],[26.2833183,47.6707667],[26.2832392,47.6704092],[26.2831976,47.6703598]]]}},{"type":"Feature","properties":{"UTR":"F","utr":"F","DENUMIRE":"Institutii publice","denumire":"Institutii publice","POT":45,"CUT":1.5,"RH":"P+2-P+4","FUNCTIUNE":"Institutii publice","functiune":"Institutii publice","c":"#93C5FD","sursa":"PUG Suceava HCL 162/2017 - vectorizat TSS·FG","id":466},"geometry":{"type":"Polygon","coordinates":[[[26.2833183,47.6707667],[26.2829048,47.6707487],[26.2819053,47.6709766],[26.2818947,47.670982],[26.2816994,47.6708248],[26.2824886,47.6703219],[26.2825501,47.6703485],[26.282876,47.6701391],[26.2831976,47.6703598],[26.2832392,47.6704092],[26.2833183,47.6707667]]]}},{"type":"Feature","properties":{"UTR":"L1A","utr":"L1A","DENUMIRE":"Locuinte individuale tip A","denumire":"Locuinte individuale tip A","POT":30,"CUT":0.9,"RH":"P+1-P+2","FUNCTIUNE":"Locuinte individuale tip A","functiune":"Locuinte individuale tip A","c":"#FDE68A","sursa":"PUG Suceava HCL 162/2017 - vectorizat TSS·FG","id":467},"geometry":{"type":"Polygon","coordinates":[[[26.2854164,47.668288],[26.2860989,47.6689023],[26.2857697,47.6691484],[26.2853686,47.668887],[26.2851146,47.6690801],[26.2849792,47.6689973],[26.2851244,47.6688753],[26.2847467,47.6686519],[26.285239,47.6682952],[26.2854164,47.668288]]]}},{"type":"Feature","properties":{"UTR":"L1A","utr":"L1A","DENUMIRE":"Locuinte individuale tip A","denumire":"Locuinte individuale tip A","POT":30,"CUT":0.9,"RH":"P+1-P+2","FUNCTIUNE":"Locuinte individuale tip A","functiune":"Locuinte individuale tip A","c":"#FDE68A","sursa":"PUG Suceava HCL 162/2017 - vectorizat TSS·FG","id":468},"geometry":{"type":"Polygon","coordinates":[[[26.286545,47.6695301],[26.286531,47.6695481],[26.286795,47.6697222],[26.2866064,47.6698523],[26.2865184,47.6698001],[26.2863725,47.6699031],[26.2862959,47.6698538],[26.2863115,47.6698447],[26.2862071,47.6697794],[26.2863176,47.6696988],[26.2862623,47.6696645],[26.286212,47.6696559],[26.2859483,47.6695122],[26.2859788,47.6694856],[26.2858475,47.6694173],[26.2860326,47.669287],[26.2861514,47.6693594],[26.28622,47.6693159],[26.286506,47.6694945],[26.286545,47.6695301]]]}},{"type":"Feature","properties":{"UTR":"L1A","utr":"L1A","DENUMIRE":"Locuinte individuale tip A","denumire":"Locuinte individuale tip A","POT":30,"CUT":0.9,"RH":"P+1-P+2","FUNCTIUNE":"Locuinte individuale tip A","functiune":"Locuinte individuale tip A","c":"#FDE68A","sursa":"PUG Suceava HCL 162/2017 - vectorizat TSS·FG","id":469},"geometry":{"type":"Polygon","coordinates":[[[26.2824176,47.6659975],[26.2825364,47.6660935],[26.2823177,47.6662015],[26.282116,47.666341],[26.2820274,47.6662946],[26.2824176,47.6659975]]]}},{"type":"Feature","properties":{"UTR":"L1A","utr":"L1A","DENUMIRE":"Locuinte individuale tip A","denumire":"Locuinte individuale tip A","POT":30,"CUT":0.9,"RH":"P+1-P+2","FUNCTIUNE":"Locuinte individuale tip A","functiune":"Locuinte individuale tip A","c":"#FDE68A","sursa":"PUG Suceava HCL 162/2017 - vectorizat TSS·FG","id":470},"geometry":{"type":"Polygon","coordinates":[[[26.2830342,47.6664817],[26.2833243,47.6667152],[26.2830967,47.6668822],[26.2829199,47.6667685],[26.2828718,47.6667977],[26.2827427,47.6667129],[26.282995,47.6664854],[26.2830342,47.6664817]]]}},{"type":"Feature","properties":{"UTR":"L1A","utr":"L1A","DENUMIRE":"Locuinte individuale tip A","denumire":"Locuinte individuale tip A","POT":30,"CUT":0.9,"RH":"P+1-P+2","FUNCTIUNE":"Locuinte individuale tip A","functiune":"Locuinte individuale tip A","c":"#FDE68A","sursa":"PUG Suceava HCL 162/2017 - vectorizat TSS·FG","id":471},"geometry":{"type":"Polygon","coordinates":[[[26.2840345,47.667299],[26.2841837,47.6674225],[26.2840129,47.6675434],[26.2838594,47.6674173],[26.2840345,47.667299]]]}},{"type":"Feature","properties":{"UTR":"L1A","utr":"L1A","DENUMIRE":"Locuinte individuale tip A","denumire":"Locuinte individuale tip A","POT":30,"CUT":0.9,"RH":"P+1-P+2","FUNCTIUNE":"Locuinte individuale tip A","functiune":"Locuinte individuale tip A","c":"#FDE68A","sursa":"PUG Suceava HCL 162/2017 - vectorizat TSS·FG","id":472},"geometry":{"type":"Polygon","coordinates":[[[26.2847579,47.6678956],[26.2849507,47.6680546],[26.284495,47.6683836],[26.2842717,47.6682513],[26.2847579,47.6678956]]]}},{"type":"Feature","properties":{"UTR":"L1A","utr":"L1A","DENUMIRE":"Locuinte individuale tip A","denumire":"Locuinte individuale tip A","POT":30,"CUT":0.9,"RH":"P+1-P+2","FUNCTIUNE":"Locuinte individuale tip A","functiune":"Locuinte individuale tip A","c":"#FDE68A","sursa":"PUG Suceava HCL 162/2017 - vectorizat TSS·FG","id":473},"geometry":{"type":"Polygon","coordinates":[[[26.2795677,47.6676995],[26.2793785,47.6675882],[26.279365,47.6675076],[26.2795244,47.6673266],[26.2794107,47.667217],[26.2794812,47.667166],[26.2797292,47.6673549],[26.2798479,47.6672817],[26.2803248,47.6675993],[26.2802941,47.667632],[26.2806957,47.6678882],[26.2805083,47.6680397],[26.2806549,47.6682388],[26.2806134,47.6682631],[26.2805089,47.668145],[26.2803985,47.6681581],[26.2796288,47.6676606],[26.2795677,47.6676995]]]}},{"type":"Feature","properties":{"UTR":"L2","utr":"L2","DENUMIRE":"Locuinte colective mici","denumire":"Locuinte colective mici","POT":40,"CUT":1.6,"RH":"P+3-P+4","FUNCTIUNE":"Locuinte colective mici","functiune":"Locuinte colective mici","c":"#FCD34D","sursa":"PUG Suceava HCL 162/2017 - vectorizat TSS·FG","id":474},"geometry":{"type":"Polygon","coordinates":[[[26.2806549,47.6682388],[26.2805083,47.6680397],[26.2806957,47.6678882],[26.2802941,47.667632],[26.2803248,47.6675993],[26.2798479,47.6672817],[26.2797292,47.6673549],[26.2794812,47.667166],[26.2800941,47.6667218],[26.281918,47.665594],[26.2824176,47.6659975],[26.2820274,47.6662946],[26.282116,47.666341],[26.2823177,47.6662015],[26.2825364,47.6660935],[26.2829457,47.666401],[26.2806549,47.6682388]]]}},{"type":"Feature","properties":{"UTR":"C2A","utr":"C2A","DENUMIRE":"Comercial tip A","denumire":"Comercial tip A","POT":60,"CUT":2.4,"RH":"P+3-P+5","FUNCTIUNE":"Comercial tip A","functiune":"Comercial tip A","c":"#FDBA74","sursa":"PUG Suceava HCL 162/2017 - vectorizat TSS·FG","id":475},"geometry":{"type":"Polygon","coordinates":[[[26.2807717,47.6683313],[26.2814964,47.6677605],[26.2824914,47.6683996],[26.2823912,47.6684632],[26.2824748,47.6685199],[26.2824972,47.668492],[26.2825296,47.6685334],[26.2820915,47.6688466],[26.281744,47.668633],[26.2817894,47.6686001],[26.2817614,47.668582],[26.2815971,47.6687053],[26.2816115,47.6687141],[26.2814345,47.6688258],[26.2807717,47.6683313]]]}},{"type":"Feature","properties":{"UTR":"L1A","utr":"L1A","DENUMIRE":"Locuinte individuale tip A","denumire":"Locuinte individuale tip A","POT":30,"CUT":0.9,"RH":"P+1-P+2","FUNCTIUNE":"Locuinte individuale tip A","functiune":"Locuinte individuale tip A","c":"#FDE68A","sursa":"PUG Suceava HCL 162/2017 - vectorizat TSS·FG","id":476},"geometry":{"type":"Polygon","coordinates":[[[26.2832968,47.6703054],[26.2831976,47.6703598],[26.282876,47.6701391],[26.2825501,47.6703485],[26.2824886,47.6703219],[26.2821379,47.670069],[26.2821783,47.6700306],[26.2816173,47.6696844],[26.2820672,47.6693586],[26.2822007,47.6694475],[26.2821533,47.6694785],[26.2830296,47.6700364],[26.2831546,47.6701073],[26.2832789,47.6702589],[26.2832968,47.6703054]]]}},{"type":"Feature","properties":{"UTR":"M2","utr":"M2","DENUMIRE":"Mixt comercial","denumire":"Mixt comercial","POT":65,"CUT":3.0,"RH":"P+5-P+6","FUNCTIUNE":"Mixt comercial","functiune":"Mixt comercial","c":"#F87171","sursa":"PUG Suceava HCL 162/2017 - vectorizat TSS·FG","id":477},"geometry":{"type":"Polygon","coordinates":[[[26.2799386,47.6715332],[26.2820707,47.6700507],[26.2821379,47.670069],[26.2824886,47.6703219],[26.2816994,47.6708248],[26.2818947,47.670982],[26.2803317,47.671774],[26.2799386,47.6715332]]]}},{"type":"Feature","properties":{"UTR":"M1","utr":"M1","DENUMIRE":"Mixt rezidential-tertiar","denumire":"Mixt rezidential-tertiar","POT":55,"CUT":2.4,"RH":"P+4-P+5","FUNCTIUNE":"Mixt rezidential-tertiar","functiune":"Mixt rezidential-tertiar","c":"#FCA5A1","sursa":"PUG Suceava HCL 162/2017 - vectorizat TSS·FG","id":478},"geometry":{"type":"Polygon","coordinates":[[[26.2803317,47.671774],[26.2797558,47.6720658],[26.2796837,47.6721143],[26.2789015,47.6717085],[26.2788959,47.6716611],[26.2789292,47.6716195],[26.2792379,47.6713932],[26.279727,47.6716741],[26.2797798,47.6716562],[26.2799386,47.6715332],[26.2803317,47.671774]]]}},{"type":"Feature","properties":{"UTR":"M2","utr":"M2","DENUMIRE":"Mixt comercial","denumire":"Mixt comercial","POT":65,"CUT":3.0,"RH":"P+5-P+6","FUNCTIUNE":"Mixt comercial","functiune":"Mixt comercial","c":"#F87171","sursa":"PUG Suceava HCL 162/2017 - vectorizat TSS·FG","id":479},"geometry":{"type":"Polygon","coordinates":[[[26.2786721,47.6715328],[26.2766704,47.6703016],[26.2772425,47.6698764],[26.2774687,47.6700197],[26.2775392,47.6699744],[26.2775891,47.6700154],[26.2778622,47.669829],[26.2778962,47.6698496],[26.2779745,47.6698174],[26.2780237,47.6697814],[26.2779183,47.669715],[26.2780672,47.6696118],[26.2782815,47.6697496],[26.2777474,47.6701555],[26.2779076,47.6702511],[26.2779834,47.6703356],[26.2778914,47.6703934],[26.2792462,47.6712371],[26.2787755,47.6715573],[26.2786721,47.6715328]]]}},{"type":"Feature","properties":{"UTR":"F","utr":"F","DENUMIRE":"Institutii publice","denumire":"Institutii publice","POT":45,"CUT":1.5,"RH":"P+2-P+4","FUNCTIUNE":"Institutii publice","functiune":"Institutii publice","c":"#93C5FD","sursa":"PUG Suceava HCL 162/2017 - vectorizat TSS·FG","id":480},"geometry":{"type":"Polygon","coordinates":[[[26.2764298,47.671403],[26.2767044,47.6712139],[26.2769912,47.6713949],[26.2767194,47.6715836],[26.2764298,47.671403]]]}},{"type":"Feature","properties":{"UTR":"L2","utr":"L2","DENUMIRE":"Locuinte colective mici","denumire":"Locuinte colective mici","POT":40,"CUT":1.6,"RH":"P+3-P+4","FUNCTIUNE":"Locuinte colective mici","functiune":"Locuinte colective mici","c":"#FCD34D","sursa":"PUG Suceava HCL 162/2017 - vectorizat TSS·FG","id":481},"geometry":{"type":"Polygon","coordinates":[[[26.2780531,47.6728698],[26.276127,47.6715807],[26.2764298,47.671403],[26.2767194,47.6715836],[26.2769912,47.6713949],[26.2769367,47.6713605],[26.2771129,47.6712393],[26.2784828,47.6720938],[26.2784467,47.6721195],[26.2787897,47.6723479],[26.2784953,47.6725595],[26.278529,47.6725839],[26.2783404,47.6727142],[26.2783627,47.6727316],[26.2783123,47.672784],[26.2783382,47.6728004],[26.2783105,47.6728177],[26.2782607,47.6727815],[26.2782615,47.6727745],[26.2782294,47.6727508],[26.2780531,47.6728698]]]}},{"type":"Feature","properties":{"UTR":"C2A","utr":"C2A","DENUMIRE":"Comercial tip A","denumire":"Comercial tip A","POT":60,"CUT":2.4,"RH":"P+3-P+5","FUNCTIUNE":"Comercial tip A","functiune":"Comercial tip A","c":"#FDBA74","sursa":"PUG Suceava HCL 162/2017 - vectorizat TSS·FG","id":482},"geometry":{"type":"Polygon","coordinates":[[[26.2762823,47.6724426],[26.2764346,47.6725254],[26.276516,47.6724679],[26.2765915,47.6725154],[26.2767185,47.6724443],[26.2769347,47.6725862],[26.2768075,47.6726706],[26.2768332,47.6726897],[26.2768128,47.6727083],[26.2768956,47.6727653],[26.2763032,47.6731569],[26.2762721,47.6731335],[26.275934,47.6733627],[26.2758439,47.6733303],[26.275715,47.6732469],[26.2756641,47.673262],[26.2753788,47.6730606],[26.2762823,47.6724426]]]}},{"type":"Feature","properties":{"UTR":"V4","utr":"V4","DENUMIRE":"Spatii verzi rezidential","denumire":"Spatii verzi rezidential","POT":3,"CUT":0.03,"RH":"-","FUNCTIUNE":"Spatii verzi rezidential","functiune":"Spatii verzi rezidential","c":"#86EFAC","sursa":"PUG Suceava HCL 162/2017 - vectorizat TSS·FG","id":483},"geometry":{"type":"Polygon","coordinates":[[[26.2792191,47.6722456],[26.2792302,47.6723105],[26.27917,47.6723859],[26.2789417,47.6725677],[26.2788373,47.6725037],[26.2792191,47.6722456]]]}},{"type":"Feature","properties":{"UTR":"M2","utr":"M2","DENUMIRE":"Mixt comercial","denumire":"Mixt comercial","POT":65,"CUT":3.0,"RH":"P+5-P+6","FUNCTIUNE":"Mixt comercial","functiune":"Mixt comercial","c":"#F87171","sursa":"PUG Suceava HCL 162/2017 - vectorizat TSS·FG","id":484},"geometry":{"type":"Polygon","coordinates":[[[26.2769367,47.6713605],[26.2767044,47.6712139],[26.2771946,47.6709025],[26.2780637,47.6714382],[26.2791961,47.6721831],[26.2792191,47.6722456],[26.2788373,47.6725037],[26.2789417,47.6725677],[26.2783076,47.6730402],[26.2780531,47.6728698],[26.2782294,47.6727508],[26.2782615,47.6727745],[26.2782607,47.6727815],[26.2783105,47.6728177],[26.2783382,47.6728004],[26.2783123,47.672784],[26.2783627,47.6727316],[26.2783404,47.6727142],[26.278529,47.6725839],[26.2784953,47.6725595],[26.2787897,47.6723479],[26.2784467,47.6721195],[26.2784828,47.6720938],[26.2771129,47.6712393],[26.2769367,47.6713605]]]}},{"type":"Feature","properties":{"UTR":"L1A","utr":"L1A","DENUMIRE":"Locuinte individuale tip A","denumire":"Locuinte individuale tip A","POT":30,"CUT":0.9,"RH":"P+1-P+2","FUNCTIUNE":"Locuinte individuale tip A","functiune":"Locuinte individuale tip A","c":"#FDE68A","sursa":"PUG Suceava HCL 162/2017 - vectorizat TSS·FG","id":485},"geometry":{"type":"Polygon","coordinates":[[[26.2855059,47.6717314],[26.2855634,47.6717867],[26.2859067,47.671801],[26.2860465,47.671903],[26.286065,47.6719653],[26.286238,47.6721388],[26.2864757,47.6721142],[26.2866869,47.6720439],[26.2868026,47.6719991],[26.2867436,47.6735153],[26.2867453,47.6735835],[26.286278,47.6734138],[26.2862758,47.673341],[26.286131,47.673313],[26.2865672,47.6727878],[26.2859432,47.6724375],[26.2855588,47.6726922],[26.2851293,47.6724143],[26.2846704,47.6727861],[26.2851611,47.6729987],[26.2849723,47.6731682],[26.2846346,47.6729787],[26.2844286,47.6731631],[26.2841721,47.6730878],[26.284234,47.6730172],[26.2840731,47.6729202],[26.2838334,47.6730557],[26.2832956,47.6727726],[26.2837351,47.6724674],[26.2841399,47.6726995],[26.2842058,47.6726468],[26.2841567,47.6726198],[26.2842629,47.6725102],[26.2840106,47.6723707],[26.284127,47.6722798],[26.2844365,47.6724538],[26.2849733,47.6719735],[26.2851156,47.6720676],[26.285407,47.6718313],[26.2855059,47.6717314]]]}},{"type":"Feature","properties":{"UTR":"L2","utr":"L2","DENUMIRE":"Locuinte colective mici","denumire":"Locuinte colective mici","POT":40,"CUT":1.6,"RH":"P+3-P+4","FUNCTIUNE":"Locuinte colective mici","functiune":"Locuinte colective mici","c":"#FCD34D","sursa":"PUG Suceava HCL 162/2017 - vectorizat TSS·FG","id":486},"geometry":{"type":"Polygon","coordinates":[[[26.2859471,47.6734463],[26.2856911,47.6736571],[26.2859649,47.6737743],[26.2860761,47.674261],[26.2858488,47.6745122],[26.2859916,47.6745674],[26.2859799,47.6746263],[26.2854578,47.6754164],[26.285146,47.6753238],[26.2854,47.674942],[26.2852547,47.6749139],[26.2847249,47.6746085],[26.2849444,47.6744434],[26.2846533,47.674263],[26.2845985,47.6743046],[26.2845473,47.6742933],[26.2843952,47.6743789],[26.2841627,47.6745816],[26.2841052,47.6746107],[26.2839897,47.6745357],[26.2839388,47.6745749],[26.2837485,47.6744634],[26.2839735,47.6742892],[26.2838683,47.6742222],[26.283711,47.6743428],[26.2836421,47.674308],[26.2853818,47.6729947],[26.285967,47.6733448],[26.2859471,47.6734463]]]}},{"type":"Feature","properties":{"UTR":"L2","utr":"L2","DENUMIRE":"Locuinte colective mici","denumire":"Locuinte colective mici","POT":40,"CUT":1.6,"RH":"P+3-P+4","FUNCTIUNE":"Locuinte colective mici","functiune":"Locuinte colective mici","c":"#FCD34D","sursa":"PUG Suceava HCL 162/2017 - vectorizat TSS·FG","id":487},"geometry":{"type":"Polygon","coordinates":[[[26.2841627,47.6745816],[26.2843952,47.6743789],[26.2845473,47.6742933],[26.2845985,47.6743046],[26.2846533,47.674263],[26.2849444,47.6744434],[26.2847249,47.6746085],[26.2852547,47.6749139],[26.2851576,47.6750185],[26.2848511,47.6749279],[26.2846992,47.6748603],[26.2846038,47.6749421],[26.2843946,47.6748576],[26.2845289,47.6746983],[26.2841627,47.6745816]]]}},{"type":"Feature","properties":{"UTR":"V4","utr":"V4","DENUMIRE":"Spatii verzi rezidential","denumire":"Spatii verzi rezidential","POT":3,"CUT":0.03,"RH":"-","FUNCTIUNE":"Spatii verzi rezidential","functiune":"Spatii verzi rezidential","c":"#86EFAC","sursa":"PUG Suceava HCL 162/2017 - vectorizat TSS·FG","id":488},"geometry":{"type":"Polygon","coordinates":[[[26.2774563,47.6494887],[26.2776668,47.6491413],[26.2775306,47.6488531],[26.2772715,47.6486569],[26.2770461,47.6486565],[26.276856,47.6483953],[26.2766903,47.6482718],[26.2770538,47.6477341],[26.2770996,47.6476763],[26.2780143,47.6465216],[26.2781337,47.6464263],[26.2784952,47.6468202],[26.2786951,47.6474366],[26.2794765,47.6478703],[26.2795324,47.6486484],[26.2793889,47.6493883],[26.279513,47.6497187],[26.2803722,47.6492675],[26.2812379,47.6491154],[26.2816042,47.6488796],[26.2826364,47.6509084],[26.2817157,47.6510177],[26.2809354,47.651122],[26.2799926,47.6512185],[26.2789255,47.651057],[26.2784092,47.6508668],[26.2774563,47.6494887]]]}},{"type":"Feature","properties":{"UTR":"V2C","utr":"V2C","DENUMIRE":"Sport-agrement tip C","denumire":"Sport-agrement tip C","POT":10,"CUT":0.1,"RH":"P","FUNCTIUNE":"Sport-agrement tip C","functiune":"Sport-agrement tip C","c":"#22C55E","sursa":"PUG Suceava HCL 162/2017 - vectorizat TSS·FG","id":489},"geometry":{"type":"Polygon","coordinates":[[[26.2826364,47.6509084],[26.2827472,47.6511117],[26.2803729,47.6515029],[26.2793744,47.6518003],[26.2785734,47.6522566],[26.2784039,47.6520945],[26.278355,47.6514433],[26.2778906,47.6512887],[26.2779345,47.6510683],[26.2775507,47.6503261],[26.2770905,47.6497264],[26.2766039,47.6492303],[26.2761909,47.6489727],[26.2763408,47.6488443],[26.2764388,47.6487511],[26.27665,47.6488322],[26.2770453,47.6490684],[26.2774563,47.6494887],[26.2784092,47.6508668],[26.2789255,47.651057],[26.2799926,47.6512185],[26.2809354,47.651122],[26.2817157,47.6510177],[26.2826364,47.6509084]]]}},{"type":"Feature","properties":{"UTR":"M3","utr":"M3","DENUMIRE":"Mixt dotari","denumire":"Mixt dotari","POT":60,"CUT":2.8,"RH":"P+4-P+5","FUNCTIUNE":"Mixt dotari","functiune":"Mixt dotari","c":"#FDA4AF","sursa":"PUG Suceava HCL 162/2017 - vectorizat TSS·FG","id":490},"geometry":{"type":"Polygon","coordinates":[[[26.2770996,47.6476763],[26.2770538,47.6477341],[26.2766903,47.6482718],[26.276856,47.6483953],[26.2770461,47.6486565],[26.2772715,47.6486569],[26.2775306,47.6488531],[26.2776668,47.6491413],[26.2774563,47.6494887],[26.2770453,47.6490684],[26.27665,47.6488322],[26.2764388,47.6487511],[26.2763408,47.6488443],[26.2761909,47.6489727],[26.2753203,47.6484474],[26.2745691,47.6480757],[26.2743544,47.6479498],[26.2743032,47.6478749],[26.2740754,47.6475412],[26.2739798,47.6474012],[26.2740857,47.6473363],[26.2739881,47.6472787],[26.2739604,47.646974],[26.2742524,47.6469118],[26.2742506,47.6468852],[26.2745234,47.6468532],[26.2752076,47.6467897],[26.2752312,47.6469098],[26.275782,47.6469923],[26.2765928,47.6469683],[26.2768457,47.6469769],[26.2770091,47.6475905],[26.2770996,47.6476763]]]}},{"type":"Feature","properties":{"UTR":"L1A","utr":"L1A","DENUMIRE":"Locuinte individuale tip A","denumire":"Locuinte individuale tip A","POT":30,"CUT":0.9,"RH":"P+1-P+2","FUNCTIUNE":"Locuinte individuale tip A","functiune":"Locuinte individuale tip A","c":"#FDE68A","sursa":"PUG Suceava HCL 162/2017 - vectorizat TSS·FG","id":491},"geometry":{"type":"Polygon","coordinates":[[[26.2649257,47.6462273],[26.266077,47.6462813],[26.2661384,47.6462989],[26.2662252,47.6463765],[26.2662646,47.6464899],[26.2662806,47.646625],[26.2662287,47.6466219],[26.2659207,47.6466454],[26.2659134,47.6465694],[26.2656981,47.646568],[26.2656982,47.6465479],[26.2655994,47.6465439],[26.2654165,47.6465987],[26.2655979,47.6468195],[26.2651273,47.6469587],[26.2651016,47.6469403],[26.2650191,47.6468928],[26.264704,47.646526],[26.2649712,47.6464673],[26.2649373,47.6463951],[26.2649257,47.6462273]]]}},{"type":"Feature","properties":{"UTR":"M2","utr":"M2","DENUMIRE":"Mixt comercial","denumire":"Mixt comercial","POT":65,"CUT":3.0,"RH":"P+5-P+6","FUNCTIUNE":"Mixt comercial","functiune":"Mixt comercial","c":"#F87171","sursa":"PUG Suceava HCL 162/2017 - vectorizat TSS·FG","id":492},"geometry":{"type":"Polygon","coordinates":[[[26.2643318,47.6462255],[26.2645318,47.6462261],[26.2649257,47.6462273],[26.2649373,47.6463951],[26.2649712,47.6464673],[26.264704,47.646526],[26.2650191,47.6468928],[26.264967,47.6468915],[26.2649377,47.6468932],[26.264887,47.6469084],[26.2646719,47.6470049],[26.2651811,47.6475395],[26.2649087,47.6476898],[26.2648024,47.6476317],[26.2647309,47.6476692],[26.2646565,47.6477242],[26.2642783,47.6478272],[26.2641915,47.6476591],[26.2643544,47.6473017],[26.2644209,47.6468017],[26.2643318,47.6462255]]]}},{"type":"Feature","properties":{"UTR":"F","utr":"F","DENUMIRE":"Institutii publice","denumire":"Institutii publice","POT":45,"CUT":1.5,"RH":"P+2-P+4","FUNCTIUNE":"Institutii publice","functiune":"Institutii publice","c":"#93C5FD","sursa":"PUG Suceava HCL 162/2017 - vectorizat TSS·FG","id":493},"geometry":{"type":"Polygon","coordinates":[[[26.2642783,47.6478272],[26.2646565,47.6477242],[26.2647309,47.6476692],[26.2648024,47.6476317],[26.2649087,47.6476898],[26.264766,47.6478116],[26.2645501,47.6479516],[26.2643609,47.6479996],[26.2642783,47.6478272]]]}},{"type":"Feature","properties":{"UTR":"V4","utr":"V4","DENUMIRE":"Spatii verzi rezidential","denumire":"Spatii verzi rezidential","POT":3,"CUT":0.03,"RH":"-","FUNCTIUNE":"Spatii verzi rezidential","functiune":"Spatii verzi rezidential","c":"#86EFAC","sursa":"PUG Suceava HCL 162/2017 - vectorizat TSS·FG","id":494},"geometry":{"type":"Polygon","coordinates":[[[26.2660908,47.645962],[26.2660194,47.6460192],[26.2658159,47.6458068],[26.2663696,47.6455607],[26.2660822,47.6451928],[26.2655944,47.6453775],[26.2655441,47.6453458],[26.265435,47.6453727],[26.2653466,47.6453265],[26.265441,47.6450947],[26.2651997,47.6450988],[26.2652223,47.6448111],[26.2655271,47.6447207],[26.2655386,47.6444695],[26.2656049,47.6444477],[26.2655426,47.6443814],[26.2655814,47.6442822],[26.2659377,47.644113],[26.2658459,47.6440323],[26.2657542,47.6440703],[26.2656976,47.6440125],[26.2656264,47.6440345],[26.2652455,47.6436646],[26.2651784,47.6436617],[26.2645809,47.6439349],[26.2636775,47.6443006],[26.2630429,47.6445241],[26.2627651,47.6444773],[26.2627373,47.6445127],[26.2621947,47.6442328],[26.2620062,47.6442721],[26.26168,47.6444108],[26.2616274,47.6443898],[26.2614988,47.6442881],[26.262192,47.644152],[26.2622463,47.6441413],[26.2626374,47.6440427],[26.2626801,47.6439838],[26.2626529,47.6439244],[26.2630912,47.6437432],[26.2633085,47.6436435],[26.2633623,47.6436091],[26.263598,47.6434542],[26.2637031,47.6433936],[26.2637248,47.6434106],[26.2642451,47.6431413],[26.2646259,47.6429325],[26.2647921,47.6428161],[26.2649421,47.6427201],[26.265287,47.6424805],[26.2653922,47.6423813],[26.2653629,47.6423558],[26.265309,47.642309],[26.2652759,47.6422809],[26.2651243,47.6415494],[26.2649351,47.6412936],[26.2642395,47.6409816],[26.2644372,47.6408302],[26.2644012,47.6407861],[26.2641961,47.6406513],[26.2638475,47.6404503],[26.2637656,47.6404252],[26.2638063,47.6402175],[26.263815,47.640165],[26.2637753,47.6400953],[26.2634206,47.6398608],[26.2638054,47.639658],[26.2643262,47.6396881],[26.2649566,47.6402059],[26.2652094,47.6403161],[26.2654407,47.6403552],[26.2675097,47.6402811],[26.2680659,47.6401309],[26.2686785,47.6398955],[26.2686436,47.6397597],[26.2696899,47.6390629],[26.2701986,47.639486],[26.2711401,47.6393704],[26.2711759,47.6393805],[26.2711072,47.6394161],[26.2704892,47.6395132],[26.2702049,47.6396845],[26.2702299,47.6397054],[26.2702493,47.6397608],[26.2702254,47.6399879],[26.2702898,47.6404359],[26.2708704,47.6412181],[26.2715268,47.6422133],[26.2714786,47.6422101],[26.2707089,47.6422763],[26.2709164,47.6427086],[26.2710996,47.6433955],[26.2711238,47.6435037],[26.2714474,47.6437887],[26.2715688,47.6438687],[26.2716892,47.643923],[26.2716353,47.6439761],[26.2713948,47.6438023],[26.2707929,47.6441739],[26.2705956,47.6440174],[26.2696809,47.6442953],[26.2693974,47.6446366],[26.2695506,47.6451764],[26.269996,47.6453284],[26.2705194,47.6453637],[26.2706249,47.6453232],[26.2709354,47.6453318],[26.2711828,47.6452803],[26.2712192,47.6452909],[26.271417,47.6452656],[26.2715084,47.6451629],[26.2719306,47.6451794],[26.2721621,47.6450828],[26.2723084,47.644887],[26.272327,47.6449424],[26.2726622,47.6449433],[26.2735361,47.6449093],[26.2761978,47.644522],[26.2781373,47.646096],[26.2781337,47.6464263],[26.2780143,47.6465216],[26.2770996,47.6476763],[26.2770091,47.6475905],[26.2768457,47.6469769],[26.2765928,47.6469683],[26.275782,47.6469923],[26.2752312,47.6469098],[26.2752076,47.6467897],[26.2745234,47.6468532],[26.2742506,47.6468852],[26.2742524,47.6469118],[26.2739604,47.646974],[26.2739881,47.6472787],[26.2740857,47.6473363],[26.2739798,47.6474012],[26.2740754,47.6475412],[26.2739549,47.6475137],[26.2739514,47.6474359],[26.273442,47.6472662],[26.2728772,47.6469145],[26.2717511,47.6465631],[26.2704561,47.6466064],[26.2700559,47.646505],[26.2698092,47.6465401],[26.2697179,47.6464731],[26.2695131,47.6464945],[26.2691841,47.6463772],[26.2691927,47.6462953],[26.2689504,47.6460138],[26.2687317,47.6459149],[26.2688216,47.6458604],[26.268693,47.6457366],[26.268643,47.6457547],[26.2685139,47.6456221],[26.268383,47.6453116],[26.2681073,47.6453634],[26.2679925,47.645363],[26.2679747,47.6453333],[26.2676385,47.6453861],[26.2676453,47.6454264],[26.2671238,47.645626],[26.2668459,47.6457683],[26.2665308,47.6457506],[26.2660908,47.645962]]]}},{"type":"Feature","properties":{"UTR":"F","utr":"F","DENUMIRE":"Institutii publice","denumire":"Institutii publice","POT":45,"CUT":1.5,"RH":"P+2-P+4","FUNCTIUNE":"Institutii publice","functiune":"Institutii publice","c":"#93C5FD","sursa":"PUG Suceava HCL 162/2017 - vectorizat TSS·FG","id":495},"geometry":{"type":"Polygon","coordinates":[[[26.2702608,47.6473495],[26.2702666,47.6471902],[26.2702975,47.646996],[26.270482,47.6470075],[26.2704952,47.6470615],[26.2708758,47.6470619],[26.2708842,47.6470834],[26.2709311,47.6471865],[26.270799,47.6472597],[26.2706296,47.6473153],[26.2702608,47.6473495]]]}},{"type":"Feature","properties":{"UTR":"L1A","utr":"L1A","DENUMIRE":"Locuinte individuale tip A","denumire":"Locuinte individuale tip A","POT":30,"CUT":0.9,"RH":"P+1-P+2","FUNCTIUNE":"Locuinte individuale tip A","functiune":"Locuinte individuale tip A","c":"#FDE68A","sursa":"PUG Suceava HCL 162/2017 - vectorizat TSS·FG","id":496},"geometry":{"type":"Polygon","coordinates":[[[26.2655386,47.6444695],[26.2655271,47.6447207],[26.2652223,47.6448111],[26.2651997,47.6450988],[26.265441,47.6450947],[26.2653466,47.6453265],[26.265435,47.6453727],[26.2655441,47.6453458],[26.2655944,47.6453775],[26.2660822,47.6451928],[26.2663696,47.6455607],[26.2658159,47.6458068],[26.2660194,47.6460192],[26.2660908,47.645962],[26.2669387,47.6462649],[26.2675829,47.6459529],[26.26791,47.6463397],[26.2681506,47.6463175],[26.2680989,47.6464807],[26.2682415,47.6465039],[26.2683475,47.6464483],[26.2685125,47.6465216],[26.2686283,47.6464385],[26.2687925,47.6464861],[26.2686875,47.6465977],[26.2691674,47.6467305],[26.2692187,47.6467026],[26.2695079,47.6469406],[26.2695084,47.6469687],[26.2697814,47.6470331],[26.2697389,47.6470754],[26.2702666,47.6471902],[26.2702608,47.6473495],[26.2702549,47.6474155],[26.2696645,47.6474116],[26.2689187,47.6468278],[26.2679644,47.6466183],[26.2674582,47.6465651],[26.2663961,47.6463071],[26.2662941,47.6463485],[26.2662252,47.6463765],[26.2661384,47.6462989],[26.266077,47.6462813],[26.2658452,47.6461584],[26.2651678,47.6455653],[26.2647171,47.6452883],[26.2641238,47.6449446],[26.2642366,47.6448977],[26.2655386,47.6444695]]]}},{"type":"Feature","properties":{"UTR":"F","utr":"F","DENUMIRE":"Institutii publice","denumire":"Institutii publice","POT":45,"CUT":1.5,"RH":"P+2-P+4","FUNCTIUNE":"Institutii publice","functiune":"Institutii publice","c":"#93C5FD","sursa":"PUG Suceava HCL 162/2017 - vectorizat TSS·FG","id":497},"geometry":{"type":"Polygon","coordinates":[[[26.2662941,47.6463485],[26.2663961,47.6463071],[26.2674582,47.6465651],[26.2679644,47.6466183],[26.2679667,47.6466811],[26.2679758,47.6467117],[26.2683158,47.646893],[26.2683439,47.6469472],[26.2683284,47.6469921],[26.2682826,47.647019],[26.2680745,47.6470494],[26.2678772,47.6470783],[26.2674102,47.6470091],[26.2671054,47.6469446],[26.2663862,47.6468694],[26.2663705,47.6465369],[26.2662941,47.6463485]]]}},{"type":"Feature","properties":{"UTR":"L1A","utr":"L1A","DENUMIRE":"Locuinte individuale tip A","denumire":"Locuinte individuale tip A","POT":30,"CUT":0.9,"RH":"P+1-P+2","FUNCTIUNE":"Locuinte individuale tip A","functiune":"Locuinte individuale tip A","c":"#FDE68A","sursa":"PUG Suceava HCL 162/2017 - vectorizat TSS·FG","id":498},"geometry":{"type":"Polygon","coordinates":[[[26.2680745,47.6470494],[26.2682826,47.647019],[26.2683284,47.6469921],[26.2683439,47.6469472],[26.2683158,47.646893],[26.2679758,47.6467117],[26.2679667,47.6466811],[26.2679644,47.6466183],[26.2689187,47.6468278],[26.2696645,47.6474116],[26.268277,47.6474801],[26.2680745,47.6470494]]]}},{"type":"Feature","properties":{"UTR":"L1C","utr":"L1C","DENUMIRE":"Locuinte individuale tip C","denumire":"Locuinte individuale tip C","POT":40,"CUT":1.3,"RH":"P+2","FUNCTIUNE":"Locuinte individuale tip C","functiune":"Locuinte individuale tip C","c":"#F59E0B","sursa":"PUG Suceava HCL 162/2017 - vectorizat TSS·FG","id":499},"geometry":{"type":"Polygon","coordinates":[[[26.2759118,47.6489883],[26.2761579,47.6491202],[26.2770878,47.6499579],[26.2773112,47.6504131],[26.2772158,47.6505136],[26.2771352,47.6504777],[26.2757178,47.6518706],[26.2746478,47.6527467],[26.2745845,47.6526928],[26.2720428,47.6516638],[26.2714821,47.6522276],[26.2671795,47.6504679],[26.2675668,47.6503325],[26.2677719,47.6503529],[26.2696386,47.6494946],[26.2700358,47.6490025],[26.2701561,47.648943],[26.2701887,47.6490496],[26.2708363,47.6488532],[26.2707206,47.6487707],[26.2717429,47.6481652],[26.2728554,47.6477846],[26.2730407,47.6480152],[26.2732067,47.6479606],[26.2733393,47.6481089],[26.2735286,47.648034],[26.2736089,47.6481569],[26.2737859,47.6480989],[26.2737649,47.6480524],[26.2740083,47.647947],[26.2755651,47.6488024],[26.2729555,47.6500848],[26.2724766,47.6499094],[26.2722132,47.6501226],[26.2735473,47.6508117],[26.2738669,47.6505067],[26.2733571,47.6502564],[26.2759118,47.6489883]]]}},{"type":"Feature","properties":{"UTR":"L1B","utr":"L1B","DENUMIRE":"Locuinte individuale tip B","denumire":"Locuinte individuale tip B","POT":35,"CUT":1.1,"RH":"P+1-P+2","FUNCTIUNE":"Locuinte individuale tip B","functiune":"Locuinte individuale tip B","c":"#FCD34D","sursa":"PUG Suceava HCL 162/2017 - vectorizat TSS·FG","id":500},"geometry":{"type":"Polygon","coordinates":[[[26.2755651,47.6488024],[26.2759118,47.6489883],[26.2733571,47.6502564],[26.2738669,47.6505067],[26.2735473,47.6508117],[26.2722132,47.6501226],[26.2724766,47.6499094],[26.2729555,47.6500848],[26.2755651,47.6488024]]]}},{"type":"Feature","properties":{"UTR":"M3","utr":"M3","DENUMIRE":"Mixt dotari","denumire":"Mixt dotari","POT":60,"CUT":2.8,"RH":"P+4-P+5","FUNCTIUNE":"Mixt dotari","functiune":"Mixt dotari","c":"#FDA4AF","sursa":"PUG Suceava HCL 162/2017 - vectorizat TSS·FG","id":501},"geometry":{"type":"Polygon","coordinates":[[[26.2740083,47.647947],[26.2737649,47.6480524],[26.2737859,47.6480989],[26.2736089,47.6481569],[26.2735286,47.648034],[26.2733393,47.6481089],[26.2732067,47.6479606],[26.2730407,47.6480152],[26.2728554,47.6477846],[26.2717429,47.6481652],[26.2707206,47.6487707],[26.2708363,47.6488532],[26.2701887,47.6490496],[26.2701561,47.648943],[26.2700358,47.6490025],[26.2696386,47.6494946],[26.2677719,47.6503529],[26.2675668,47.6503325],[26.2671795,47.6504679],[26.2663937,47.6507908],[26.2656305,47.6512799],[26.2662753,47.6515751],[26.2661612,47.6516957],[26.2661063,47.6516713],[26.265965,47.6517002],[26.2652757,47.6524339],[26.2648944,47.6522825],[26.2646786,47.6525277],[26.2650409,47.6526945],[26.2648409,47.6529206],[26.2647179,47.652875],[26.2646045,47.6530003],[26.264445,47.6529412],[26.2638891,47.6536011],[26.2636139,47.6534749],[26.2635291,47.6534683],[26.2635291,47.653402],[26.2630786,47.6533951],[26.2630174,47.6535557],[26.262992,47.6537403],[26.2629241,47.6538119],[26.2629775,47.6534326],[26.2630905,47.6531034],[26.2632962,47.6524238],[26.2652152,47.6506316],[26.2653604,47.6506217],[26.2659889,47.6504868],[26.265808,47.6501816],[26.266171,47.6500678],[26.2660832,47.6499492],[26.2663625,47.6497975],[26.2670168,47.6496474],[26.268387,47.6491462],[26.2709332,47.6479314],[26.2713949,47.6478766],[26.272581,47.6474855],[26.2729721,47.6475113],[26.2740119,47.6478204],[26.2740083,47.647947]]]}},{"type":"Feature","properties":{"UTR":"V4","utr":"V4","DENUMIRE":"Spatii verzi rezidential","denumire":"Spatii verzi rezidential","POT":3,"CUT":0.03,"RH":"-","FUNCTIUNE":"Spatii verzi rezidential","functiune":"Spatii verzi rezidential","c":"#86EFAC","sursa":"PUG Suceava HCL 162/2017 - vectorizat TSS·FG","id":502},"geometry":{"type":"Polygon","coordinates":[[[26.2759558,47.6518435],[26.2762344,47.6515482],[26.2763474,47.651429],[26.276391,47.6514465],[26.2765865,47.6512878],[26.2768327,47.6511631],[26.2771011,47.6511235],[26.2774127,47.651191],[26.277666,47.6519594],[26.2777257,47.6522038],[26.2773652,47.6524543],[26.2770554,47.6525917],[26.2767914,47.652663],[26.2764613,47.6531408],[26.2760394,47.6533095],[26.2757869,47.6531976],[26.2757062,47.6530047],[26.2759721,47.6521037],[26.2759979,47.6518582],[26.2759558,47.6518435]]]}},{"type":"Feature","properties":{"UTR":"L1B","utr":"L1B","DENUMIRE":"Locuinte individuale tip B","denumire":"Locuinte individuale tip B","POT":35,"CUT":1.1,"RH":"P+1-P+2","FUNCTIUNE":"Locuinte individuale tip B","functiune":"Locuinte individuale tip B","c":"#FCD34D","sursa":"PUG Suceava HCL 162/2017 - vectorizat TSS·FG","id":503},"geometry":{"type":"Polygon","coordinates":[[[26.268277,47.6474801],[26.2696645,47.6474116],[26.2702549,47.6474155],[26.270775,47.6473981],[26.2710513,47.6473872],[26.2719981,47.6472506],[26.2725342,47.6472926],[26.2733589,47.647447],[26.2739549,47.6475137],[26.2740754,47.6475412],[26.2743032,47.6478749],[26.2740083,47.647947],[26.2740119,47.6478204],[26.2729721,47.6475113],[26.272581,47.6474855],[26.2713949,47.6478766],[26.2709332,47.6479314],[26.268387,47.6491462],[26.2670168,47.6496474],[26.2663625,47.6497975],[26.2660795,47.6493307],[26.266718,47.6483874],[26.2661266,47.6476107],[26.2663239,47.647214],[26.266295,47.6468669],[26.2663862,47.6468694],[26.2664527,47.6471273],[26.2676523,47.6474899],[26.268277,47.6474801]]]}},{"type":"Feature","properties":{"UTR":"L1B","utr":"L1B","DENUMIRE":"Locuinte individuale tip B","denumire":"Locuinte individuale tip B","POT":35,"CUT":1.1,"RH":"P+1-P+2","FUNCTIUNE":"Locuinte individuale tip B","functiune":"Locuinte individuale tip B","c":"#FCD34D","sursa":"PUG Suceava HCL 162/2017 - vectorizat TSS·FG","id":504},"geometry":{"type":"Polygon","coordinates":[[[26.2513255,47.6587176],[26.2498639,47.6602325],[26.2490246,47.6611977],[26.2475888,47.6604708],[26.2482805,47.6602203],[26.2481852,47.6601776],[26.2479108,47.6599522],[26.2482309,47.6597681],[26.2481223,47.6596965],[26.2483685,47.6594613],[26.248475,47.6595245],[26.2484809,47.659743],[26.2490682,47.660058],[26.2494293,47.6597752],[26.2497688,47.6599998],[26.2499133,47.6598042],[26.2497994,47.6597624],[26.2503532,47.6591307],[26.2505706,47.6592536],[26.2506798,47.6591511],[26.2505893,47.6590905],[26.2509817,47.6586512],[26.2513255,47.6587176]]]}},{"type":"Feature","properties":{"UTR":"L1B","utr":"L1B","DENUMIRE":"Locuinte individuale tip B","denumire":"Locuinte individuale tip B","POT":35,"CUT":1.1,"RH":"P+1-P+2","FUNCTIUNE":"Locuinte individuale tip B","functiune":"Locuinte individuale tip B","c":"#FCD34D","sursa":"PUG Suceava HCL 162/2017 - vectorizat TSS·FG","id":505},"geometry":{"type":"Polygon","coordinates":[[[26.247096,47.6595311],[26.2466095,47.6597915],[26.2456415,47.659283],[26.2458568,47.6589963],[26.2457902,47.6589869],[26.2453566,47.6587896],[26.2454655,47.6585884],[26.2456898,47.6586739],[26.2457858,47.6585724],[26.2458222,47.6585859],[26.2459991,47.658385],[26.2462506,47.658504],[26.2463457,47.6584173],[26.2462512,47.6583705],[26.2464828,47.6581957],[26.2465443,47.6580783],[26.2464762,47.6580408],[26.2467906,47.6578026],[26.2468608,47.6578351],[26.2472458,47.6575051],[26.2473337,47.657555],[26.2474527,47.657475],[26.2474924,47.6574866],[26.2478285,47.6572233],[26.2475844,47.6570631],[26.2477706,47.656936],[26.2479216,47.6568728],[26.2480459,47.6569462],[26.2481559,47.6568789],[26.2479685,47.6567485],[26.2483063,47.6565018],[26.2485559,47.6566529],[26.2486571,47.6566256],[26.2491708,47.656198],[26.2487697,47.6559841],[26.2489208,47.6558623],[26.2492572,47.6560559],[26.2494466,47.6559421],[26.2491826,47.6558032],[26.249362,47.6556313],[26.2495774,47.6557289],[26.2497409,47.6555112],[26.2505334,47.6549063],[26.2510513,47.6543649],[26.25085,47.6542089],[26.2505842,47.6545543],[26.2503015,47.6544162],[26.2495669,47.6550991],[26.2492703,47.6549575],[26.2499379,47.6542998],[26.2494932,47.6541092],[26.249664,47.6538466],[26.2500735,47.6536026],[26.2500845,47.6534867],[26.2500188,47.6533512],[26.2503283,47.6532732],[26.2501323,47.6528096],[26.2502356,47.6527643],[26.2507788,47.6525751],[26.2515059,47.6522587],[26.2521796,47.6520212],[26.252277,47.6519846],[26.2523302,47.6520425],[26.252584,47.6523345],[26.2528064,47.6525209],[26.2530213,47.6523612],[26.2531901,47.6522746],[26.2529576,47.6527538],[26.2528491,47.6530255],[26.2527559,47.6535554],[26.2525261,47.6541029],[26.2522873,47.6545914],[26.2521757,47.6547466],[26.2519992,47.6548703],[26.2513758,47.6551774],[26.2513256,47.6554488],[26.2514739,47.6555674],[26.2513592,47.6556141],[26.2511788,47.6557718],[26.2508534,47.6556882],[26.2506415,47.6559485],[26.2503596,47.6558177],[26.2502458,47.6559182],[26.250149,47.6558838],[26.250002,47.6560254],[26.2501704,47.6561107],[26.2500956,47.6562195],[26.2501661,47.6562554],[26.2500592,47.6563553],[26.2499209,47.6562915],[26.2498448,47.6563533],[26.2497171,47.6562993],[26.2495522,47.656486],[26.2496385,47.6565488],[26.2495202,47.6566267],[26.2494876,47.6566093],[26.2492607,47.6567907],[26.2493208,47.6568336],[26.2484167,47.6573829],[26.2490302,47.6577732],[26.247096,47.6595311]]]}},{"type":"Feature","properties":{"UTR":"L1C","utr":"L1C","DENUMIRE":"Locuinte individuale tip C","denumire":"Locuinte individuale tip C","POT":40,"CUT":1.3,"RH":"P+2","FUNCTIUNE":"Locuinte individuale tip C","functiune":"Locuinte individuale tip C","c":"#F59E0B","sursa":"PUG Suceava HCL 162/2017 - vectorizat TSS·FG","id":506},"geometry":{"type":"Polygon","coordinates":[[[26.2516645,47.6583267],[26.2513255,47.6587176],[26.2509817,47.6586512],[26.2505893,47.6590905],[26.2506798,47.6591511],[26.2505706,47.6592536],[26.2503532,47.6591307],[26.2497994,47.6597624],[26.2499133,47.6598042],[26.2497688,47.6599998],[26.2494293,47.6597752],[26.2490682,47.660058],[26.2484809,47.659743],[26.248475,47.6595245],[26.2483685,47.6594613],[26.2481223,47.6596965],[26.2482309,47.6597681],[26.2479108,47.6599522],[26.2481852,47.6601776],[26.2482805,47.6602203],[26.2480163,47.6602406],[26.247096,47.6595311],[26.2490302,47.6577732],[26.2484167,47.6573829],[26.2493208,47.6568336],[26.2492607,47.6567907],[26.2494876,47.6566093],[26.2495202,47.6566267],[26.2496385,47.6565488],[26.2495522,47.656486],[26.2497171,47.6562993],[26.2498448,47.6563533],[26.2499209,47.6562915],[26.2500592,47.6563553],[26.2501661,47.6562554],[26.2500956,47.6562195],[26.2501704,47.6561107],[26.250002,47.6560254],[26.250149,47.6558838],[26.2502458,47.6559182],[26.2503596,47.6558177],[26.2506415,47.6559485],[26.2508534,47.6556882],[26.2511788,47.6557718],[26.2513592,47.6556141],[26.2514739,47.6555674],[26.2518056,47.6556592],[26.2522798,47.6558322],[26.2526231,47.6558827],[26.2530883,47.6561147],[26.2524577,47.656598],[26.2528032,47.6567879],[26.2519409,47.6573712],[26.2517436,47.6577944],[26.2516645,47.6583267]]]}},{"type":"Feature","properties":{"UTR":"L1C","utr":"L1C","DENUMIRE":"Locuinte individuale tip C","denumire":"Locuinte individuale tip C","POT":40,"CUT":1.3,"RH":"P+2","FUNCTIUNE":"Locuinte individuale tip C","functiune":"Locuinte individuale tip C","c":"#F59E0B","sursa":"PUG Suceava HCL 162/2017 - vectorizat TSS·FG","id":507},"geometry":{"type":"Polygon","coordinates":[[[26.2494932,47.6541092],[26.2499379,47.6542998],[26.2492703,47.6549575],[26.2495669,47.6550991],[26.2503015,47.6544162],[26.2505842,47.6545543],[26.25085,47.6542089],[26.2510513,47.6543649],[26.2505334,47.6549063],[26.2497409,47.6555112],[26.2495774,47.6557289],[26.249362,47.6556313],[26.2491826,47.6558032],[26.2494466,47.6559421],[26.2492572,47.6560559],[26.2489208,47.6558623],[26.2487697,47.6559841],[26.2491708,47.656198],[26.2486571,47.6566256],[26.2485559,47.6566529],[26.2483063,47.6565018],[26.2479685,47.6567485],[26.2481559,47.6568789],[26.2480459,47.6569462],[26.2479216,47.6568728],[26.2477706,47.656936],[26.2475844,47.6570631],[26.2478285,47.6572233],[26.2474924,47.6574866],[26.2474527,47.657475],[26.2473337,47.657555],[26.2472458,47.6575051],[26.2468608,47.6578351],[26.2467906,47.6578026],[26.2464762,47.6580408],[26.2465443,47.6580783],[26.2464828,47.6581957],[26.2462512,47.6583705],[26.2463457,47.6584173],[26.2462506,47.658504],[26.2459991,47.658385],[26.2458222,47.6585859],[26.2457858,47.6585724],[26.2456898,47.6586739],[26.2454655,47.6585884],[26.2458573,47.6577773],[26.2458643,47.6577619],[26.2459571,47.6577488],[26.2460407,47.6575777],[26.24622,47.657283],[26.2465365,47.6570784],[26.2467825,47.6567432],[26.2468973,47.6563442],[26.247125,47.6560923],[26.2479437,47.6556277],[26.2484243,47.654942],[26.2482131,47.6547542],[26.2492115,47.6543401],[26.2494077,47.6542148],[26.2494932,47.6541092]]]}},{"type":"Feature","properties":{"UTR":"M3","utr":"M3","DENUMIRE":"Mixt dotari","denumire":"Mixt dotari","POT":60,"CUT":2.8,"RH":"P+4-P+5","FUNCTIUNE":"Mixt dotari","functiune":"Mixt dotari","c":"#FDA4AF","sursa":"PUG Suceava HCL 162/2017 - vectorizat TSS·FG","id":508},"geometry":{"type":"Polygon","coordinates":[[[26.2579275,47.6519277],[26.2558871,47.6545792],[26.254256,47.6560061],[26.2524086,47.6575215],[26.2523327,47.657543],[26.25221,47.657659],[26.2522006,47.6577157],[26.2516645,47.6583267],[26.2517436,47.6577944],[26.2519409,47.6573712],[26.2528032,47.6567879],[26.2524577,47.656598],[26.2530883,47.6561147],[26.2526231,47.6558827],[26.2522798,47.6558322],[26.2518056,47.6556592],[26.2519774,47.6555967],[26.2521862,47.6554965],[26.2527703,47.6551544],[26.2527479,47.6550352],[26.2537911,47.6543215],[26.2543289,47.6542773],[26.2545176,47.6542743],[26.2547317,47.6543116],[26.2552789,47.6541062],[26.2554416,47.654135],[26.2555333,47.6540029],[26.2554273,47.6538788],[26.2553429,47.6536471],[26.2562727,47.6526452],[26.2564376,47.6524081],[26.2568864,47.651446],[26.2570127,47.6513786],[26.257287,47.6513813],[26.2575003,47.6517172],[26.2579275,47.6519277]]]}},{"type":"Feature","properties":{"UTR":"LC","utr":"LC","DENUMIRE":"Locuinte colective","denumire":"Locuinte colective","POT":40,"CUT":1.6,"RH":"P+3-P+4","FUNCTIUNE":"Locuinte colective","functiune":"Locuinte colective","c":"#FCD34D","sursa":"PUG Suceava HCL 162/2017 - vectorizat TSS·FG","id":509},"geometry":{"type":"Polygon","coordinates":[[[26.2566546,47.6429316],[26.256951,47.6431086],[26.2570568,47.6430455],[26.2578477,47.64394],[26.2584474,47.6437676],[26.2578593,47.64309],[26.257981,47.6430388],[26.2586098,47.6427738],[26.258623,47.6427917],[26.2591982,47.6436309],[26.258699,47.6437683],[26.258682,47.6437919],[26.258658,47.6437995],[26.258748,47.6439476],[26.2587025,47.643961],[26.2588427,47.6441946],[26.2587922,47.6443232],[26.2581603,47.6444999],[26.2582603,47.6447047],[26.2580713,47.6448175],[26.2579159,47.6448183],[26.2579571,47.6447795],[26.2577935,47.6445343],[26.2578381,47.6445225],[26.2578159,47.6444689],[26.2573397,47.6443482],[26.2572862,47.6446287],[26.2563007,47.6446356],[26.2560994,47.6446787],[26.2559702,47.6443612],[26.2561695,47.6442617],[26.2564411,47.6442102],[26.2563428,47.6439083],[26.2558284,47.6440125],[26.2560558,47.6438866],[26.2558102,47.6435815],[26.2550528,47.642974],[26.2548714,47.6429926],[26.2543413,47.6428067],[26.2545079,47.6426818],[26.2547329,47.6426159],[26.2548572,47.6425796],[26.25554,47.6423798],[26.2557146,47.6426965],[26.2560791,47.6432759],[26.2562802,47.6431801],[26.2564044,47.6430453],[26.2566546,47.6429316]]]}},{"type":"Feature","properties":{"UTR":"M2","utr":"M2","DENUMIRE":"Mixt comercial","denumire":"Mixt comercial","POT":65,"CUT":3.0,"RH":"P+5-P+6","FUNCTIUNE":"Mixt comercial","functiune":"Mixt comercial","c":"#F87171","sursa":"PUG Suceava HCL 162/2017 - vectorizat TSS·FG","id":510},"geometry":{"type":"Polygon","coordinates":[[[26.2433216,47.6458327],[26.2427803,47.6455623],[26.242863,47.6454653],[26.2445467,47.6438884],[26.2449124,47.6440394],[26.2445624,47.6444064],[26.244051,47.6449736],[26.2440215,47.6450058],[26.24387,47.6451981],[26.2435132,47.6454661],[26.2436265,47.645528],[26.2435959,47.645604],[26.2433216,47.6458327]]]}},{"type":"Feature","properties":{"UTR":"F","utr":"F","DENUMIRE":"Institutii publice","denumire":"Institutii publice","POT":45,"CUT":1.5,"RH":"P+2-P+4","FUNCTIUNE":"Institutii publice","functiune":"Institutii publice","c":"#93C5FD","sursa":"PUG Suceava HCL 162/2017 - vectorizat TSS·FG","id":511},"geometry":{"type":"Polygon","coordinates":[[[26.2566826,47.646099],[26.2559998,47.6461964],[26.2558389,47.6460574],[26.2558997,47.6460486],[26.2559602,47.6459858],[26.2560385,47.6456068],[26.2560394,47.6456062],[26.2561337,47.6455444],[26.2563145,47.6455602],[26.2568372,47.6459553],[26.2566826,47.646099]]]}},{"type":"Feature","properties":{"UTR":"C0","utr":"C0","DENUMIRE":"Centru civic principal","denumire":"Centru civic principal","POT":75,"CUT":3.5,"RH":"P+5-P+7","FUNCTIUNE":"Centru civic principal","functiune":"Centru civic principal","c":"#FB923C","sursa":"PUG Suceava HCL 162/2017 - vectorizat TSS·FG","id":512},"geometry":{"type":"Polygon","coordinates":[[[26.2560394,47.6456062],[26.2560385,47.6456068],[26.2559602,47.6459858],[26.2558997,47.6460486],[26.2558389,47.6460574],[26.2559998,47.6461964],[26.2550657,47.6462799],[26.2546138,47.6458821],[26.254668,47.6458464],[26.2551069,47.6455571],[26.2547972,47.6453801],[26.2549209,47.6452945],[26.2546553,47.6451443],[26.255041,47.6448987],[26.2551347,47.6449652],[26.2560394,47.6456062]]]}},{"type":"Feature","properties":{"UTR":"M2","utr":"M2","DENUMIRE":"Mixt comercial","denumire":"Mixt comercial","POT":65,"CUT":3.0,"RH":"P+5-P+6","FUNCTIUNE":"Mixt comercial","functiune":"Mixt comercial","c":"#F87171","sursa":"PUG Suceava HCL 162/2017 - vectorizat TSS·FG","id":513},"geometry":{"type":"Polygon","coordinates":[[[26.254668,47.6458464],[26.2546138,47.6458821],[26.2550657,47.6462799],[26.2539116,47.6463],[26.2535347,47.6460308],[26.25412,47.6455729],[26.254668,47.6458464]]]}},{"type":"Feature","properties":{"UTR":"L1A","utr":"L1A","DENUMIRE":"Locuinte individuale tip A","denumire":"Locuinte individuale tip A","POT":30,"CUT":0.9,"RH":"P+1-P+2","FUNCTIUNE":"Locuinte individuale tip A","functiune":"Locuinte individuale tip A","c":"#FDE68A","sursa":"PUG Suceava HCL 162/2017 - vectorizat TSS·FG","id":514},"geometry":{"type":"Polygon","coordinates":[[[26.2532113,47.6457609],[26.2530146,47.6455968],[26.2526412,47.6450527],[26.2523906,47.644546],[26.2522461,47.6442539],[26.2523157,47.6441868],[26.2542766,47.6445574],[26.253995,47.6449458],[26.2543648,47.6449981],[26.2546553,47.6451443],[26.2549209,47.6452945],[26.2547972,47.6453801],[26.2551069,47.6455571],[26.254668,47.6458464],[26.25412,47.6455729],[26.2537898,47.6454052],[26.2532113,47.6457609]]]}},{"type":"Feature","properties":{"UTR":"MI","utr":"MI","DENUMIRE":"Mixt industrial reconversie","denumire":"Mixt industrial reconversie","POT":60,"CUT":2.5,"RH":"P+4-P+6","FUNCTIUNE":"Mixt industrial reconversie","functiune":"Mixt industrial reconversie","c":"#F87171","sursa":"PUG Suceava HCL 162/2017 - vectorizat TSS·FG","id":515},"geometry":{"type":"Polygon","coordinates":[[[26.2542766,47.6445574],[26.2546189,47.6446221],[26.255015,47.6448197],[26.255041,47.6448987],[26.2546553,47.6451443],[26.2543648,47.6449981],[26.253995,47.6449458],[26.2542766,47.6445574]]]}},{"type":"Feature","properties":{"UTR":"M1","utr":"M1","DENUMIRE":"Mixt rezidential-tertiar","denumire":"Mixt rezidential-tertiar","POT":55,"CUT":2.4,"RH":"P+4-P+5","FUNCTIUNE":"Mixt rezidential-tertiar","functiune":"Mixt rezidential-tertiar","c":"#FCA5A1","sursa":"PUG Suceava HCL 162/2017 - vectorizat TSS·FG","id":516},"geometry":{"type":"Polygon","coordinates":[[[26.251107,47.6464024],[26.2502974,47.646444],[26.2501372,47.6463851],[26.2501261,47.6459408],[26.250643,47.6459369],[26.2510589,47.6459338],[26.2510472,47.6460584],[26.251107,47.6464024]]]}},{"type":"Feature","properties":{"UTR":"M2","utr":"M2","DENUMIRE":"Mixt comercial","denumire":"Mixt comercial","POT":65,"CUT":3.0,"RH":"P+5-P+6","FUNCTIUNE":"Mixt comercial","functiune":"Mixt comercial","c":"#F87171","sursa":"PUG Suceava HCL 162/2017 - vectorizat TSS·FG","id":517},"geometry":{"type":"Polygon","coordinates":[[[26.2535048,47.6461861],[26.253101,47.6462557],[26.2530056,47.6462322],[26.2529307,47.6459433],[26.2531862,47.6458765],[26.2535048,47.6461861]]]}},{"type":"Feature","properties":{"UTR":"M2","utr":"M2","DENUMIRE":"Mixt comercial","denumire":"Mixt comercial","POT":65,"CUT":3.0,"RH":"P+5-P+6","FUNCTIUNE":"Mixt comercial","functiune":"Mixt comercial","c":"#F87171","sursa":"PUG Suceava HCL 162/2017 - vectorizat TSS·FG","id":518},"geometry":{"type":"Polygon","coordinates":[[[26.2528416,47.6464741],[26.2536596,47.6463381],[26.2536622,47.6463408],[26.2539457,47.6465421],[26.2532123,47.6469246],[26.2528416,47.6464741]]]}},{"type":"Feature","properties":{"UTR":"L2","utr":"L2","DENUMIRE":"Locuinte colective mici","denumire":"Locuinte colective mici","POT":40,"CUT":1.6,"RH":"P+3-P+4","FUNCTIUNE":"Locuinte colective mici","functiune":"Locuinte colective mici","c":"#FCD34D","sursa":"PUG Suceava HCL 162/2017 - vectorizat TSS·FG","id":519},"geometry":{"type":"Polygon","coordinates":[[[26.251587,47.6465721],[26.252658,47.6465046],[26.2528416,47.6464741],[26.2532123,47.6469246],[26.2530961,47.6469908],[26.2517662,47.6477495],[26.2515676,47.6475896],[26.2515725,47.6473353],[26.251587,47.6465721]]]}},{"type":"Feature","properties":{"UTR":"F","utr":"F","DENUMIRE":"Institutii publice","denumire":"Institutii publice","POT":45,"CUT":1.5,"RH":"P+2-P+4","FUNCTIUNE":"Institutii publice","functiune":"Institutii publice","c":"#93C5FD","sursa":"PUG Suceava HCL 162/2017 - vectorizat TSS·FG","id":520},"geometry":{"type":"Polygon","coordinates":[[[26.2485084,47.6466262],[26.2498731,47.6466801],[26.2498415,47.647585],[26.2495694,47.6475762],[26.2495725,47.6475151],[26.2484517,47.6474098],[26.2485084,47.6466262]]]}},{"type":"Feature","properties":{"UTR":"L1A","utr":"L1A","DENUMIRE":"Locuinte individuale tip A","denumire":"Locuinte individuale tip A","POT":30,"CUT":0.9,"RH":"P+1-P+2","FUNCTIUNE":"Locuinte individuale tip A","functiune":"Locuinte individuale tip A","c":"#FDE68A","sursa":"PUG Suceava HCL 162/2017 - vectorizat TSS·FG","id":521},"geometry":{"type":"Polygon","coordinates":[[[26.2515725,47.6473353],[26.2515676,47.6475896],[26.2517662,47.6477495],[26.2516511,47.6479835],[26.2516689,47.6483413],[26.2525693,47.6490283],[26.2521782,47.6491757],[26.2514259,47.6493903],[26.2513789,47.6493818],[26.2512396,47.6492459],[26.2511945,47.6490904],[26.2516151,47.6490089],[26.2514357,47.6487716],[26.2511808,47.6488156],[26.2511907,47.6487221],[26.250719,47.6487792],[26.2504592,47.6480152],[26.2503797,47.6473209],[26.2515725,47.6473353]]]}},{"type":"Feature","properties":{"UTR":"L1A","utr":"L1A","DENUMIRE":"Locuinte individuale tip A","denumire":"Locuinte individuale tip A","POT":30,"CUT":0.9,"RH":"P+1-P+2","FUNCTIUNE":"Locuinte individuale tip A","functiune":"Locuinte individuale tip A","c":"#FDE68A","sursa":"PUG Suceava HCL 162/2017 - vectorizat TSS·FG","id":522},"geometry":{"type":"Polygon","coordinates":[[[26.2531784,47.64705],[26.2535245,47.6474007],[26.2538154,47.6472815],[26.2542358,47.6475102],[26.2543596,47.6473917],[26.2539718,47.6472133],[26.2542465,47.6470616],[26.2545329,47.647231],[26.2546732,47.6471203],[26.2551802,47.6470232],[26.2553294,47.6469946],[26.255587,47.6468591],[26.2555964,47.646869],[26.2558024,47.6470245],[26.2558414,47.6471156],[26.256576,47.6478646],[26.2566485,47.6479386],[26.2553137,47.6486895],[26.2538154,47.6497336],[26.2537047,47.649671],[26.2531602,47.6493627],[26.253162,47.649346],[26.2518401,47.6483564],[26.2517664,47.6482737],[26.251791,47.6480402],[26.2519161,47.6477882],[26.2519808,47.6477229],[26.2524216,47.6474812],[26.2531784,47.64705]]]}},{"type":"Feature","properties":{"UTR":"M3","utr":"M3","DENUMIRE":"Mixt dotari","denumire":"Mixt dotari","POT":60,"CUT":2.8,"RH":"P+4-P+5","FUNCTIUNE":"Mixt dotari","functiune":"Mixt dotari","c":"#FDA4AF","sursa":"PUG Suceava HCL 162/2017 - vectorizat TSS·FG","id":523},"geometry":{"type":"Polygon","coordinates":[[[26.2544214,47.6508309],[26.2543754,47.650811],[26.2544277,47.6506407],[26.2545679,47.6504205],[26.2547349,47.6502563],[26.2546729,47.650182],[26.25414,47.6499504],[26.2538154,47.6497336],[26.2553137,47.6486895],[26.2566485,47.6479386],[26.2568454,47.6478456],[26.2569844,47.6479811],[26.2571315,47.6480759],[26.257203,47.6481315],[26.2575938,47.6477129],[26.2578289,47.6479013],[26.2578541,47.6479197],[26.2576204,47.6481056],[26.2579695,47.6483757],[26.2573945,47.6487541],[26.2544214,47.6508309]]]}},{"type":"Feature","properties":{"UTR":"M2","utr":"M2","DENUMIRE":"Mixt comercial","denumire":"Mixt comercial","POT":65,"CUT":3.0,"RH":"P+5-P+6","FUNCTIUNE":"Mixt comercial","functiune":"Mixt comercial","c":"#F87171","sursa":"PUG Suceava HCL 162/2017 - vectorizat TSS·FG","id":524},"geometry":{"type":"Polygon","coordinates":[[[26.2540453,47.6466129],[26.2547106,47.6464336],[26.2547912,47.6464277],[26.2548406,47.6465366],[26.2551804,47.646848],[26.2550692,47.6469067],[26.2551288,47.6469666],[26.2551802,47.6470232],[26.2546732,47.6471203],[26.2545329,47.647231],[26.2542465,47.6470616],[26.2539718,47.6472133],[26.2543596,47.6473917],[26.2542358,47.6475102],[26.2538154,47.6472815],[26.2535245,47.6474007],[26.2531784,47.64705],[26.2540453,47.6466129]]]}},{"type":"Feature","properties":{"UTR":"MI","utr":"MI","DENUMIRE":"Mixt industrial reconversie","denumire":"Mixt industrial reconversie","POT":60,"CUT":2.5,"RH":"P+4-P+6","FUNCTIUNE":"Mixt industrial reconversie","functiune":"Mixt industrial reconversie","c":"#F87171","sursa":"PUG Suceava HCL 162/2017 - vectorizat TSS·FG","id":525},"geometry":{"type":"Polygon","coordinates":[[[26.2585046,47.6480624],[26.2584761,47.6480972],[26.2579695,47.6483757],[26.2576204,47.6481056],[26.2578541,47.6479197],[26.2578289,47.6479013],[26.2580708,47.6477861],[26.2581609,47.6478765],[26.2581973,47.6478573],[26.258208,47.6478081],[26.2582484,47.6477775],[26.2583154,47.6477621],[26.2583468,47.6477902],[26.2585046,47.6480624]]]}},{"type":"Feature","properties":{"UTR":"MC","utr":"MC","DENUMIRE":"Mixt centru cartier","denumire":"Mixt centru cartier","POT":55,"CUT":2.4,"RH":"P+4-P+5","FUNCTIUNE":"Mixt centru cartier","functiune":"Mixt centru cartier","c":"#FCA5A1","sursa":"PUG Suceava HCL 162/2017 - vectorizat TSS·FG","id":526},"geometry":{"type":"Polygon","coordinates":[[[26.2583105,47.6473381],[26.2587945,47.6478368],[26.2587532,47.6478537],[26.258791,47.6478959],[26.2587665,47.6479294],[26.2585868,47.6480259],[26.2585046,47.6480624],[26.2583468,47.6477902],[26.2583154,47.6477621],[26.2582484,47.6477775],[26.258208,47.6478081],[26.2581973,47.6478573],[26.2581609,47.6478765],[26.2580708,47.6477861],[26.2578289,47.6479013],[26.2575938,47.6477129],[26.257526,47.6477006],[26.2574492,47.6475877],[26.2577745,47.6474447],[26.2580767,47.6473575],[26.2583105,47.6473381]]]}},{"type":"Feature","properties":{"UTR":"MC","utr":"MC","DENUMIRE":"Mixt centru cartier","denumire":"Mixt centru cartier","POT":55,"CUT":2.4,"RH":"P+4-P+5","FUNCTIUNE":"Mixt centru cartier","functiune":"Mixt centru cartier","c":"#FCA5A1","sursa":"PUG Suceava HCL 162/2017 - vectorizat TSS·FG","id":527},"geometry":{"type":"Polygon","coordinates":[[[26.256576,47.6478646],[26.2558414,47.6471156],[26.2563377,47.6468295],[26.2569299,47.6471817],[26.2572401,47.6475714],[26.256576,47.6478646]]]}},{"type":"Feature","properties":{"UTR":"C0","utr":"C0","DENUMIRE":"Centru civic principal","denumire":"Centru civic principal","POT":75,"CUT":3.5,"RH":"P+5-P+7","FUNCTIUNE":"Centru civic principal","functiune":"Centru civic principal","c":"#FB923C","sursa":"PUG Suceava HCL 162/2017 - vectorizat TSS·FG","id":528},"geometry":{"type":"Polygon","coordinates":[[[26.2563377,47.6468295],[26.2569808,47.6464586],[26.257303,47.6463324],[26.257793,47.6468371],[26.2569299,47.6471817],[26.2563377,47.6468295]]]}},{"type":"Feature","properties":{"UTR":"C0","utr":"C0","DENUMIRE":"Centru civic principal","denumire":"Centru civic principal","POT":75,"CUT":3.5,"RH":"P+5-P+7","FUNCTIUNE":"Centru civic principal","functiune":"Centru civic principal","c":"#FB923C","sursa":"PUG Suceava HCL 162/2017 - vectorizat TSS·FG","id":529},"geometry":{"type":"Polygon","coordinates":[[[26.2560055,47.6465622],[26.2559594,47.6463301],[26.2567715,47.6462196],[26.256908,47.6463754],[26.2564221,47.6466607],[26.2562661,47.646533],[26.2561488,47.64659],[26.2561076,47.6465518],[26.2560055,47.6465622]]]}},{"type":"Feature","properties":{"UTR":"C1","utr":"C1","DENUMIRE":"Centru civic intensiv","denumire":"Centru civic intensiv","POT":80,"CUT":4.0,"RH":"P+6-P+8","FUNCTIUNE":"Centru civic intensiv","functiune":"Centru civic intensiv","c":"#F97316","sursa":"PUG Suceava HCL 162/2017 - vectorizat TSS·FG","id":530},"geometry":{"type":"Polygon","coordinates":[[[26.255587,47.6468591],[26.2553294,47.6469946],[26.2551802,47.6470232],[26.2551288,47.6469666],[26.2550692,47.6469067],[26.2551804,47.646848],[26.2548406,47.6465366],[26.2547912,47.6464277],[26.2551152,47.6464038],[26.2551478,47.6464011],[26.2551719,47.6465192],[26.2553544,47.6467604],[26.255427,47.6467361],[26.255587,47.6468591]]]}},{"type":"Feature","properties":{"UTR":"MC","utr":"MC","DENUMIRE":"Mixt centru cartier","denumire":"Mixt centru cartier","POT":55,"CUT":2.4,"RH":"P+4-P+5","FUNCTIUNE":"Mixt centru cartier","functiune":"Mixt centru cartier","c":"#FCA5A1","sursa":"PUG Suceava HCL 162/2017 - vectorizat TSS·FG","id":531},"geometry":{"type":"Polygon","coordinates":[[[26.255427,47.6467361],[26.2553544,47.6467604],[26.2551719,47.6465192],[26.2551478,47.6464011],[26.2559305,47.646334],[26.2559594,47.6463301],[26.2560055,47.6465622],[26.255427,47.6467361]]]}},{"type":"Feature","properties":{"UTR":"MI","utr":"MI","DENUMIRE":"Mixt industrial reconversie","denumire":"Mixt industrial reconversie","POT":60,"CUT":2.5,"RH":"P+4-P+6","FUNCTIUNE":"Mixt industrial reconversie","functiune":"Mixt industrial reconversie","c":"#F87171","sursa":"PUG Suceava HCL 162/2017 - vectorizat TSS·FG","id":532},"geometry":{"type":"Polygon","coordinates":[[[26.2564221,47.6466607],[26.2558024,47.6470245],[26.2555964,47.646869],[26.255587,47.6468591],[26.255427,47.6467361],[26.2560055,47.6465622],[26.2561076,47.6465518],[26.2561488,47.64659],[26.2562661,47.646533],[26.2564221,47.6466607]]]}},{"type":"Feature","properties":{"UTR":"V1A","utr":"V1A","DENUMIRE":"Spatii verzi tip A","denumire":"Spatii verzi tip A","POT":5,"CUT":0.05,"RH":"-","FUNCTIUNE":"Spatii verzi tip A","functiune":"Spatii verzi tip A","c":"#86EFAC","sursa":"PUG Suceava HCL 162/2017 - vectorizat TSS·FG","id":533},"geometry":{"type":"Polygon","coordinates":[[[26.2598791,47.6438808],[26.2596838,47.6439366],[26.2593987,47.6434235],[26.2595236,47.643385],[26.2595906,47.6434782],[26.2598757,47.6433858],[26.2598963,47.6434113],[26.2599251,47.6434053],[26.2599494,47.6432854],[26.2598192,47.6432318],[26.2597919,47.6431971],[26.259743,47.6432119],[26.2597303,47.643196],[26.2597002,47.6432015],[26.2596314,47.6431011],[26.2593798,47.6431826],[26.2594571,47.6432929],[26.2593381,47.6433318],[26.259207,47.6431333],[26.2596776,47.6429786],[26.2596942,47.643003],[26.2598141,47.6429661],[26.2597807,47.6429186],[26.2598014,47.6429052],[26.2598273,47.6428805],[26.2598264,47.6428433],[26.2597943,47.6428158],[26.2597364,47.6428051],[26.2597054,47.6428129],[26.2596742,47.6427641],[26.2595537,47.6428],[26.259573,47.6428251],[26.2591015,47.6429738],[26.2586744,47.6423171],[26.2598386,47.641933],[26.2599142,47.6420492],[26.2607797,47.6436563],[26.2598791,47.6438808]]]}},{"type":"Feature","properties":{"UTR":"F","utr":"F","DENUMIRE":"Institutii publice","denumire":"Institutii publice","POT":45,"CUT":1.5,"RH":"P+2-P+4","FUNCTIUNE":"Institutii publice","functiune":"Institutii publice","c":"#93C5FD","sursa":"PUG Suceava HCL 162/2017 - vectorizat TSS·FG","id":534},"geometry":{"type":"Polygon","coordinates":[[[26.259207,47.6431333],[26.2591015,47.6429738],[26.259573,47.6428251],[26.2595537,47.6428],[26.2596742,47.6427641],[26.2597054,47.6428129],[26.2597364,47.6428051],[26.2597943,47.6428158],[26.2598264,47.6428433],[26.2598273,47.6428805],[26.2598014,47.6429052],[26.2597807,47.6429186],[26.2598141,47.6429661],[26.2596942,47.643003],[26.2596776,47.6429786],[26.259207,47.6431333]]]}},{"type":"Feature","properties":{"UTR":"F","utr":"F","DENUMIRE":"Institutii publice","denumire":"Institutii publice","POT":45,"CUT":1.5,"RH":"P+2-P+4","FUNCTIUNE":"Institutii publice","functiune":"Institutii publice","c":"#93C5FD","sursa":"PUG Suceava HCL 162/2017 - vectorizat TSS·FG","id":535},"geometry":{"type":"Polygon","coordinates":[[[26.2593987,47.6434235],[26.2593381,47.6433318],[26.2594571,47.6432929],[26.2593798,47.6431826],[26.2596314,47.6431011],[26.2597002,47.6432015],[26.2597303,47.643196],[26.259743,47.6432119],[26.2597919,47.6431971],[26.2598192,47.6432318],[26.2599494,47.6432854],[26.2599251,47.6434053],[26.2598963,47.6434113],[26.2598757,47.6433858],[26.2595906,47.6434782],[26.2595236,47.643385],[26.2593987,47.6434235]]]}},{"type":"Feature","properties":{"UTR":"ZCP 5","utr":"ZCP 5","DENUMIRE":"Zona centrala protejata 5","denumire":"Zona centrala protejata 5","POT":40,"CUT":1.2,"RH":"P+2-P+3","FUNCTIUNE":"Zona centrala protejata 5","functiune":"Zona centrala protejata 5","c":"#FDE68A","sursa":"PUG Suceava HCL 162/2017 - vectorizat TSS·FG","id":536},"geometry":{"type":"Polygon","coordinates":[[[26.2483612,47.6406016],[26.2499908,47.6407117],[26.2499853,47.6409843],[26.2498559,47.6409769],[26.2498563,47.6409376],[26.2497074,47.6409343],[26.2496649,47.6410317],[26.2497929,47.6410812],[26.249712,47.6411753],[26.2496479,47.6412444],[26.2494164,47.6411482],[26.2493835,47.6412352],[26.2493418,47.6413458],[26.2482099,47.6412021],[26.2481305,47.6410855],[26.2482494,47.6406513],[26.2483612,47.6406016]]]}},{"type":"Feature","properties":{"UTR":"MC","utr":"MC","DENUMIRE":"Mixt centru cartier","denumire":"Mixt centru cartier","POT":55,"CUT":2.4,"RH":"P+4-P+5","FUNCTIUNE":"Mixt centru cartier","functiune":"Mixt centru cartier","c":"#FCA5A1","sursa":"PUG Suceava HCL 162/2017 - vectorizat TSS·FG","id":537},"geometry":{"type":"Polygon","coordinates":[[[26.2522453,47.6418836],[26.2520578,47.6418564],[26.2517396,47.6417503],[26.2518174,47.64166],[26.2511847,47.6414117],[26.2509657,47.6416601],[26.2505999,47.6415209],[26.249712,47.6411753],[26.2497929,47.6410812],[26.2496649,47.6410317],[26.2497074,47.6409343],[26.2498563,47.6409376],[26.2498559,47.6409769],[26.2499853,47.6409843],[26.2499908,47.6407117],[26.2523434,47.6407677],[26.2523538,47.6415583],[26.2523534,47.6416461],[26.2523522,47.6419046],[26.2522453,47.6418836]]]}},{"type":"Feature","properties":{"UTR":"C0","utr":"C0","DENUMIRE":"Centru civic principal","denumire":"Centru civic principal","POT":75,"CUT":3.5,"RH":"P+5-P+7","FUNCTIUNE":"Centru civic principal","functiune":"Centru civic principal","c":"#FB923C","sursa":"PUG Suceava HCL 162/2017 - vectorizat TSS·FG","id":538},"geometry":{"type":"Polygon","coordinates":[[[26.2521567,47.6421369],[26.2509657,47.6416601],[26.2511847,47.6414117],[26.2518174,47.64166],[26.2517396,47.6417503],[26.2520578,47.6418564],[26.2522453,47.6418836],[26.252238,47.6420448],[26.2521567,47.6421369]]]}},{"type":"Feature","properties":{"UTR":"L2","utr":"L2","DENUMIRE":"Locuinte colective mici","denumire":"Locuinte colective mici","POT":40,"CUT":1.6,"RH":"P+3-P+4","FUNCTIUNE":"Locuinte colective mici","functiune":"Locuinte colective mici","c":"#FCD34D","sursa":"PUG Suceava HCL 162/2017 - vectorizat TSS·FG","id":539},"geometry":{"type":"Polygon","coordinates":[[[26.2483002,47.6447272],[26.248445,47.6449203],[26.2488949,47.6447822],[26.2492775,47.6454034],[26.2493607,47.6456427],[26.2492264,47.6456709],[26.2492691,47.6458239],[26.2492929,47.6459056],[26.2491769,47.6459231],[26.2491282,47.6461136],[26.2487502,47.6461262],[26.2487376,47.6460832],[26.2481328,47.6460809],[26.2481407,47.6462044],[26.2479321,47.6462388],[26.2479129,47.6464203],[26.2447463,47.6463266],[26.2439051,47.646131],[26.2433216,47.6458327],[26.2435959,47.645604],[26.2436265,47.645528],[26.2435132,47.6454661],[26.244065,47.6456876],[26.2452837,47.6460725],[26.2461839,47.645004],[26.2471196,47.6454786],[26.2474021,47.6452693],[26.2474416,47.645279],[26.2475736,47.6451798],[26.2475861,47.6451207],[26.2476872,47.6449973],[26.2478983,47.6448997],[26.2483002,47.6447272]]]}},{"type":"Feature","properties":{"UTR":"M1","utr":"M1","DENUMIRE":"Mixt rezidential-tertiar","denumire":"Mixt rezidential-tertiar","POT":55,"CUT":2.4,"RH":"P+4-P+5","FUNCTIUNE":"Mixt rezidential-tertiar","functiune":"Mixt rezidential-tertiar","c":"#FCA5A1","sursa":"PUG Suceava HCL 162/2017 - vectorizat TSS·FG","id":540},"geometry":{"type":"Polygon","coordinates":[[[26.2498602,47.6459101],[26.2498675,47.6463338],[26.2497159,47.6464673],[26.2479129,47.6464203],[26.2479321,47.6462388],[26.2481407,47.6462044],[26.2492392,47.646203],[26.2492137,47.6460979],[26.2493678,47.6460954],[26.2494203,47.6460138],[26.2497643,47.6460156],[26.2498034,47.6459279],[26.2498602,47.6459101]]]}},{"type":"Feature","properties":{"UTR":"C2A","utr":"C2A","DENUMIRE":"Comercial tip A","denumire":"Comercial tip A","POT":60,"CUT":2.4,"RH":"P+3-P+5","FUNCTIUNE":"Comercial tip A","functiune":"Comercial tip A","c":"#FDBA74","sursa":"PUG Suceava HCL 162/2017 - vectorizat TSS·FG","id":541},"geometry":{"type":"Polygon","coordinates":[[[26.2497761,47.6449132],[26.2501777,47.6448838],[26.2501625,47.6448293],[26.2503523,47.6448056],[26.2503882,47.6449629],[26.2512668,47.6448709],[26.2512722,47.645165],[26.2512102,47.645179],[26.2513653,47.6455115],[26.2509852,47.6455951],[26.2509613,47.6455418],[26.2508366,47.6455652],[26.2508636,47.6456716],[26.2500422,47.6456826],[26.2500304,47.645628],[26.2497761,47.6449132]]]}},{"type":"Feature","properties":{"UTR":"V1A","utr":"V1A","DENUMIRE":"Spatii verzi tip A","denumire":"Spatii verzi tip A","POT":5,"CUT":0.05,"RH":"-","FUNCTIUNE":"Spatii verzi tip A","functiune":"Spatii verzi tip A","c":"#86EFAC","sursa":"PUG Suceava HCL 162/2017 - vectorizat TSS·FG","id":542},"geometry":{"type":"Polygon","coordinates":[[[26.2551347,47.6449652],[26.255041,47.6448987],[26.255015,47.6448197],[26.255004,47.644728],[26.2555979,47.6448359],[26.2558695,47.6449908],[26.2562525,47.6454316],[26.2560565,47.6454848],[26.2559247,47.6453926],[26.255253,47.6448192],[26.2551282,47.6448462],[26.2551347,47.6449652]]]}},{"type":"Feature","properties":{"UTR":"V1A","utr":"V1A","DENUMIRE":"Spatii verzi tip A","denumire":"Spatii verzi tip A","POT":5,"CUT":0.05,"RH":"-","FUNCTIUNE":"Spatii verzi tip A","functiune":"Spatii verzi tip A","c":"#86EFAC","sursa":"PUG Suceava HCL 162/2017 - vectorizat TSS·FG","id":543},"geometry":{"type":"Polygon","coordinates":[[[26.2501271,47.6466641],[26.2509477,47.6466124],[26.2509434,47.6469368],[26.2501365,47.6469044],[26.2501271,47.6466641]]]}},{"type":"Feature","properties":{"UTR":"C2C","utr":"C2C","DENUMIRE":"Comercial tip C","denumire":"Comercial tip C","POT":60,"CUT":2.4,"RH":"P+3-P+5","FUNCTIUNE":"Comercial tip C","functiune":"Comercial tip C","c":"#FCA5A5","sursa":"PUG Suceava HCL 162/2017 - vectorizat TSS·FG","id":544},"geometry":{"type":"Polygon","coordinates":[[[26.2501365,47.6469044],[26.2509434,47.6469368],[26.2509477,47.6466124],[26.251587,47.6465721],[26.2515725,47.6473353],[26.2503797,47.6473209],[26.2500525,47.6472369],[26.2501365,47.6469044]]]}},{"type":"Feature","properties":{"UTR":"L2","utr":"L2","DENUMIRE":"Locuinte colective mici","denumire":"Locuinte colective mici","POT":40,"CUT":1.6,"RH":"P+3-P+4","FUNCTIUNE":"Locuinte colective mici","functiune":"Locuinte colective mici","c":"#FCD34D","sursa":"PUG Suceava HCL 162/2017 - vectorizat TSS·FG","id":545},"geometry":{"type":"Polygon","coordinates":[[[26.2500525,47.6472369],[26.2503797,47.6473209],[26.2504592,47.6480152],[26.250719,47.6487792],[26.2511907,47.6487221],[26.2511808,47.6488156],[26.2514357,47.6487716],[26.2516151,47.6490089],[26.2511945,47.6490904],[26.2512396,47.6492459],[26.2503341,47.6494662],[26.2499507,47.6485987],[26.249874,47.6482168],[26.2500525,47.6472369]]]}},{"type":"Feature","properties":{"UTR":"L1B","utr":"L1B","DENUMIRE":"Locuinte individuale tip B","denumire":"Locuinte individuale tip B","POT":35,"CUT":1.1,"RH":"P+1-P+2","FUNCTIUNE":"Locuinte individuale tip B","functiune":"Locuinte individuale tip B","c":"#FCD34D","sursa":"PUG Suceava HCL 162/2017 - vectorizat TSS·FG","id":546},"geometry":{"type":"Polygon","coordinates":[[[26.2622774,47.6481302],[26.2621297,47.6485358],[26.2622672,47.6490156],[26.2629078,47.6485655],[26.2626326,47.6481573],[26.2631212,47.6479971],[26.2631849,47.648051],[26.2632725,47.6480435],[26.2634541,47.6481475],[26.2629372,47.6487507],[26.2626349,47.6490326],[26.2621884,47.6493139],[26.2595571,47.6508175],[26.2587708,47.6511544],[26.2579275,47.6519277],[26.2575003,47.6517172],[26.257287,47.6513813],[26.2570127,47.6513786],[26.2568864,47.651446],[26.2564376,47.6524081],[26.2562727,47.6526452],[26.2553429,47.6536471],[26.2554273,47.6538788],[26.2555333,47.6540029],[26.2554416,47.654135],[26.2552789,47.6541062],[26.2547317,47.6543116],[26.2545176,47.6542743],[26.2543289,47.6542773],[26.2537911,47.6543215],[26.2527479,47.6550352],[26.2527703,47.6551544],[26.2521862,47.6554965],[26.2519774,47.6555967],[26.2518056,47.6556592],[26.2514739,47.6555674],[26.2513256,47.6554488],[26.2513758,47.6551774],[26.2519992,47.6548703],[26.2521757,47.6547466],[26.2522873,47.6545914],[26.2525261,47.6541029],[26.2527559,47.6535554],[26.2528491,47.6530255],[26.2529576,47.6527538],[26.2531901,47.6522746],[26.2533188,47.6523189],[26.2533716,47.6521969],[26.2534621,47.6520478],[26.2539468,47.6523096],[26.2543594,47.6520047],[26.2542093,47.6518766],[26.2542395,47.6516257],[26.2543648,47.651563],[26.2550021,47.6513242],[26.254791,47.6511421],[26.2552633,47.6508117],[26.2551973,47.6507597],[26.2554008,47.6506236],[26.255477,47.6506115],[26.255638,47.6505171],[26.2557231,47.6505779],[26.2559171,47.6507493],[26.2562503,47.6505584],[26.2562632,47.6505326],[26.2566206,47.6503142],[26.2563569,47.6500586],[26.2567045,47.6499038],[26.2567276,47.6497954],[26.2572227,47.6495455],[26.2577648,47.6500018],[26.2580001,47.6500758],[26.258179,47.6500257],[26.2584417,47.649839],[26.2586314,47.6500163],[26.2589472,47.6498203],[26.2590718,47.6496816],[26.2590253,47.6493001],[26.2591412,47.6490241],[26.2591672,47.6488934],[26.2592816,47.6489099],[26.2594847,47.648816],[26.2595779,47.6487415],[26.2600594,47.6485184],[26.2599869,47.6484369],[26.260775,47.6480455],[26.2608162,47.6480674],[26.2608537,47.6480446],[26.2609812,47.6480294],[26.2610611,47.6481127],[26.2612174,47.6480389],[26.2612756,47.6481323],[26.2617157,47.647989],[26.2617802,47.6480623],[26.2620983,47.6479415],[26.2622774,47.6481302]]]}},{"type":"Feature","properties":{"UTR":"L1A","utr":"L1A","DENUMIRE":"Locuinte individuale tip A","denumire":"Locuinte individuale tip A","POT":30,"CUT":0.9,"RH":"P+1-P+2","FUNCTIUNE":"Locuinte individuale tip A","functiune":"Locuinte individuale tip A","c":"#FDE68A","sursa":"PUG Suceava HCL 162/2017 - vectorizat TSS·FG","id":547},"geometry":{"type":"Polygon","coordinates":[[[26.2531901,47.6522746],[26.2530213,47.6523612],[26.2528064,47.6525209],[26.252584,47.6523345],[26.2523302,47.6520425],[26.2529592,47.6517232],[26.2526266,47.6514242],[26.2520072,47.6517192],[26.2518161,47.6515108],[26.2514506,47.651065],[26.2511203,47.6507074],[26.2508107,47.6503388],[26.251726,47.6501535],[26.2524556,47.6507525],[26.2540698,47.6499839],[26.2540937,47.6499979],[26.2543217,47.6500926],[26.2546165,47.6502444],[26.2544783,47.6504198],[26.2542902,47.6507937],[26.2542302,47.6510231],[26.2535045,47.6517205],[26.2532858,47.652085],[26.2531901,47.6522746]]]}},{"type":"Feature","properties":{"UTR":"G1","utr":"G1","DENUMIRE":"Gospodarire comunala tip 1","denumire":"Gospodarire comunala tip 1","POT":55,"CUT":2.0,"RH":"P+2-P+3","FUNCTIUNE":"Gospodarire comunala tip 1","functiune":"Gospodarire comunala tip 1","c":"#60A5FA","sursa":"PUG Suceava HCL 162/2017 - vectorizat TSS·FG","id":548},"geometry":{"type":"Polygon","coordinates":[[[26.2540698,47.6499839],[26.2524556,47.6507525],[26.251726,47.6501535],[26.252963,47.6497822],[26.2536388,47.6497313],[26.2540698,47.6499839]]]}},{"type":"Feature","properties":{"UTR":"L2","utr":"L2","DENUMIRE":"Locuinte colective mici","denumire":"Locuinte colective mici","POT":40,"CUT":1.6,"RH":"P+3-P+4","FUNCTIUNE":"Locuinte colective mici","functiune":"Locuinte colective mici","c":"#FCD34D","sursa":"PUG Suceava HCL 162/2017 - vectorizat TSS·FG","id":549},"geometry":{"type":"Polygon","coordinates":[[[26.2523302,47.6520425],[26.252277,47.6519846],[26.2520072,47.6517192],[26.2526266,47.6514242],[26.2529592,47.6517232],[26.2523302,47.6520425]]]}},{"type":"Feature","properties":{"UTR":"L1A","utr":"L1A","DENUMIRE":"Locuinte individuale tip A","denumire":"Locuinte individuale tip A","POT":30,"CUT":0.9,"RH":"P+1-P+2","FUNCTIUNE":"Locuinte individuale tip A","functiune":"Locuinte individuale tip A","c":"#FDE68A","sursa":"PUG Suceava HCL 162/2017 - vectorizat TSS·FG","id":550},"geometry":{"type":"Polygon","coordinates":[[[26.24589,47.6513008],[26.2466964,47.6522093],[26.2463861,47.6523298],[26.2470831,47.6530828],[26.2469939,47.6530994],[26.2475491,47.6536847],[26.2473284,47.6537621],[26.2473231,47.6537574],[26.2465902,47.6540586],[26.2463107,47.6537942],[26.2447895,47.6544976],[26.2453071,47.6550689],[26.2460733,47.6547607],[26.2462619,47.6547328],[26.2465284,47.6546033],[26.2462544,47.6543031],[26.2467564,47.6540897],[26.2471697,47.6545636],[26.2477872,47.654299],[26.2482131,47.6547542],[26.2484243,47.654942],[26.2479437,47.6556277],[26.247125,47.6560923],[26.2468973,47.6563442],[26.2467825,47.6567432],[26.2465365,47.6570784],[26.24622,47.657283],[26.2460407,47.6575777],[26.2459571,47.6577488],[26.2458643,47.6577619],[26.2458573,47.6577773],[26.2456408,47.6578092],[26.2454173,47.6574341],[26.245568,47.6566029],[26.2463085,47.6557662],[26.2457768,47.655556],[26.2451335,47.655636],[26.2450411,47.655632],[26.2448356,47.6551369],[26.2442042,47.6543052],[26.2439696,47.6535224],[26.2445829,47.6530855],[26.2449489,47.6529525],[26.2450094,47.6531077],[26.2449372,47.6531413],[26.245284,47.653655],[26.2456199,47.6535427],[26.245621,47.6538242],[26.2465473,47.6534311],[26.2465506,47.6533027],[26.246423,47.6531957],[26.245816,47.6528792],[26.2460173,47.6527273],[26.2453759,47.6520082],[26.2454143,47.6519387],[26.2455678,47.6518813],[26.245385,47.6513945],[26.24589,47.6513008]]]}},{"type":"Feature","properties":{"UTR":"L1A","utr":"L1A","DENUMIRE":"Locuinte individuale tip A","denumire":"Locuinte individuale tip A","POT":30,"CUT":0.9,"RH":"P+1-P+2","FUNCTIUNE":"Locuinte individuale tip A","functiune":"Locuinte individuale tip A","c":"#FDE68A","sursa":"PUG Suceava HCL 162/2017 - vectorizat TSS·FG","id":551},"geometry":{"type":"Polygon","coordinates":[[[26.250746,47.6502323],[26.2503341,47.6494662],[26.2512396,47.6492459],[26.2513789,47.6493818],[26.2514259,47.6493903],[26.2521782,47.6491757],[26.2525693,47.6490283],[26.2532198,47.6495109],[26.2532266,47.6495699],[26.2518015,47.6500377],[26.250746,47.6502323]]]}},{"type":"Feature","properties":{"UTR":"M3","utr":"M3","DENUMIRE":"Mixt dotari","denumire":"Mixt dotari","POT":60,"CUT":2.8,"RH":"P+4-P+5","FUNCTIUNE":"Mixt dotari","functiune":"Mixt dotari","c":"#FDA4AF","sursa":"PUG Suceava HCL 162/2017 - vectorizat TSS·FG","id":552},"geometry":{"type":"Polygon","coordinates":[[[26.2500188,47.6533512],[26.2500845,47.6534867],[26.2500735,47.6536026],[26.249664,47.6538466],[26.2494932,47.6541092],[26.2494077,47.6542148],[26.2492115,47.6543401],[26.2488411,47.6539328],[26.249099,47.6538512],[26.2489827,47.6535656],[26.2493037,47.6534931],[26.2491339,47.6530907],[26.2494518,47.6530368],[26.249534,47.6530435],[26.2498521,47.6529818],[26.2500188,47.6533512]]]}},{"type":"Feature","properties":{"UTR":"G2","utr":"G2","DENUMIRE":"Gospodarire comunala tip 2","denumire":"Gospodarire comunala tip 2","POT":55,"CUT":2.0,"RH":"P+2-P+3","FUNCTIUNE":"Gospodarire comunala tip 2","functiune":"Gospodarire comunala tip 2","c":"#3B82F6","sursa":"PUG Suceava HCL 162/2017 - vectorizat TSS·FG","id":553},"geometry":{"type":"Polygon","coordinates":[[[26.2473936,47.6538291],[26.247604,47.6537417],[26.248322,47.6534384],[26.2484372,47.653443],[26.2488411,47.6539328],[26.2492115,47.6543401],[26.2482131,47.6547542],[26.2477872,47.654299],[26.2473936,47.6538291]]]}},{"type":"Feature","properties":{"UTR":"C1","utr":"C1","DENUMIRE":"Centru civic intensiv","denumire":"Centru civic intensiv","POT":80,"CUT":4.0,"RH":"P+6-P+8","FUNCTIUNE":"Centru civic intensiv","functiune":"Centru civic intensiv","c":"#F97316","sursa":"PUG Suceava HCL 162/2017 - vectorizat TSS·FG","id":554},"geometry":{"type":"Polygon","coordinates":[[[26.2477872,47.654299],[26.2471697,47.6545636],[26.2467564,47.6540897],[26.2473936,47.6538291],[26.2477872,47.654299]]]}},{"type":"Feature","properties":{"UTR":"L1A","utr":"L1A","DENUMIRE":"Locuinte individuale tip A","denumire":"Locuinte individuale tip A","POT":30,"CUT":0.9,"RH":"P+1-P+2","FUNCTIUNE":"Locuinte individuale tip A","functiune":"Locuinte individuale tip A","c":"#FDE68A","sursa":"PUG Suceava HCL 162/2017 - vectorizat TSS·FG","id":555},"geometry":{"type":"Polygon","coordinates":[[[26.242517,47.652362],[26.2424624,47.6523937],[26.2422913,47.6525516],[26.2424685,47.6526494],[26.2421241,47.6527522],[26.2415426,47.6527273],[26.2413702,47.6527508],[26.241121,47.6528698],[26.2408711,47.6530434],[26.2408112,47.6531033],[26.2407326,47.6531366],[26.2402926,47.6531086],[26.2402372,47.6529567],[26.2402744,47.6527855],[26.240416,47.6526543],[26.2404171,47.6526009],[26.2405532,47.6523552],[26.2407589,47.6521658],[26.2407004,47.6521206],[26.2425661,47.6514927],[26.242869,47.6514255],[26.2431326,47.651435],[26.2431821,47.6514595],[26.2432972,47.6516168],[26.2422696,47.652153],[26.242517,47.652362]]]}},{"type":"Feature","properties":{"UTR":"F","utr":"F","DENUMIRE":"Institutii publice","denumire":"Institutii publice","POT":45,"CUT":1.5,"RH":"P+2-P+4","FUNCTIUNE":"Institutii publice","functiune":"Institutii publice","c":"#93C5FD","sursa":"PUG Suceava HCL 162/2017 - vectorizat TSS·FG","id":556},"geometry":{"type":"Polygon","coordinates":[[[26.2432972,47.6516168],[26.2435596,47.651763],[26.2434157,47.6518059],[26.242517,47.652362],[26.2422696,47.652153],[26.2432972,47.6516168]]]}},{"type":"Feature","properties":{"UTR":"V1B","utr":"V1B","DENUMIRE":"Spatii verzi tip B","denumire":"Spatii verzi tip B","POT":5,"CUT":0.05,"RH":"-","FUNCTIUNE":"Spatii verzi tip B","functiune":"Spatii verzi tip B","c":"#BBF7D0","sursa":"PUG Suceava HCL 162/2017 - vectorizat TSS·FG","id":557},"geometry":{"type":"Polygon","coordinates":[[[26.2439208,47.6516661],[26.2446285,47.6515348],[26.2449631,47.6521186],[26.2453759,47.6520082],[26.2460173,47.6527273],[26.245816,47.6528792],[26.245577,47.6528051],[26.2453933,47.652791],[26.2449489,47.6529525],[26.2445829,47.6530855],[26.2439696,47.6535224],[26.2426132,47.6527133],[26.2434809,47.6529887],[26.243752,47.6531973],[26.2445339,47.6527347],[26.2439312,47.6522338],[26.2431334,47.6527374],[26.243385,47.6529482],[26.2426804,47.6527185],[26.2426162,47.6526853],[26.242547,47.6526181],[26.2425163,47.6525311],[26.2425432,47.6524459],[26.2426241,47.6523708],[26.2426986,47.652394],[26.2431071,47.6521479],[26.2430887,47.6520875],[26.2435786,47.6517869],[26.2436671,47.6517437],[26.2438484,47.6516679],[26.243861,47.6516918],[26.2439208,47.6516661]]]}},{"type":"Feature","properties":{"UTR":"F","utr":"F","DENUMIRE":"Institutii publice","denumire":"Institutii publice","POT":45,"CUT":1.5,"RH":"P+2-P+4","FUNCTIUNE":"Institutii publice","functiune":"Institutii publice","c":"#93C5FD","sursa":"PUG Suceava HCL 162/2017 - vectorizat TSS·FG","id":558},"geometry":{"type":"Polygon","coordinates":[[[26.2426132,47.6527133],[26.243385,47.6529482],[26.2431334,47.6527374],[26.2439312,47.6522338],[26.2445339,47.6527347],[26.243752,47.6531973],[26.2434809,47.6529887],[26.2426132,47.6527133]]]}},{"type":"Feature","properties":{"UTR":"M2","utr":"M2","DENUMIRE":"Mixt comercial","denumire":"Mixt comercial","POT":65,"CUT":3.0,"RH":"P+5-P+6","FUNCTIUNE":"Mixt comercial","functiune":"Mixt comercial","c":"#F87171","sursa":"PUG Suceava HCL 162/2017 - vectorizat TSS·FG","id":559},"geometry":{"type":"Polygon","coordinates":[[[26.2477486,47.6509375],[26.2478782,47.6511797],[26.2474407,47.6512748],[26.2475371,47.6514379],[26.247404,47.651468],[26.2475329,47.6516828],[26.2473483,47.6517369],[26.2473169,47.6516989],[26.2471858,47.6517425],[26.2468672,47.6513377],[26.2467004,47.6514068],[26.2467816,47.6515075],[26.2463802,47.6516367],[26.2460673,47.6512661],[26.2477486,47.6509375]]]}},{"type":"Feature","properties":{"UTR":"F","utr":"F","DENUMIRE":"Institutii publice","denumire":"Institutii publice","POT":45,"CUT":1.5,"RH":"P+2-P+4","FUNCTIUNE":"Institutii publice","functiune":"Institutii publice","c":"#93C5FD","sursa":"PUG Suceava HCL 162/2017 - vectorizat TSS·FG","id":560},"geometry":{"type":"Polygon","coordinates":[[[26.2481701,47.650853],[26.2482627,47.6510681],[26.2483215,47.651203],[26.2479897,47.6512727],[26.247855,47.6509167],[26.2481701,47.650853]]]}},{"type":"Feature","properties":{"UTR":"M2","utr":"M2","DENUMIRE":"Mixt comercial","denumire":"Mixt comercial","POT":65,"CUT":3.0,"RH":"P+5-P+6","FUNCTIUNE":"Mixt comercial","functiune":"Mixt comercial","c":"#F87171","sursa":"PUG Suceava HCL 162/2017 - vectorizat TSS·FG","id":561},"geometry":{"type":"Polygon","coordinates":[[[26.2495998,47.6505755],[26.2496784,47.6507631],[26.2485873,47.6510264],[26.2484061,47.6510631],[26.2482627,47.6510681],[26.2481701,47.650853],[26.2495998,47.6505755]]]}},{"type":"Feature","properties":{"UTR":"G1","utr":"G1","DENUMIRE":"Gospodarire comunala tip 1","denumire":"Gospodarire comunala tip 1","POT":55,"CUT":2.0,"RH":"P+2-P+3","FUNCTIUNE":"Gospodarire comunala tip 1","functiune":"Gospodarire comunala tip 1","c":"#60A5FA","sursa":"PUG Suceava HCL 162/2017 - vectorizat TSS·FG","id":562},"geometry":{"type":"Polygon","coordinates":[[[26.2502043,47.6504573],[26.2504085,47.6508739],[26.2505923,47.6513065],[26.2499617,47.6514271],[26.2496784,47.6507631],[26.2495998,47.6505755],[26.2502043,47.6504573]]]}},{"type":"Feature","properties":{"UTR":"M2","utr":"M2","DENUMIRE":"Mixt comercial","denumire":"Mixt comercial","POT":65,"CUT":3.0,"RH":"P+5-P+6","FUNCTIUNE":"Mixt comercial","functiune":"Mixt comercial","c":"#F87171","sursa":"PUG Suceava HCL 162/2017 - vectorizat TSS·FG","id":563},"geometry":{"type":"Polygon","coordinates":[[[26.2509856,47.6507389],[26.2504085,47.6508739],[26.2502043,47.6504573],[26.2506818,47.650364],[26.2509856,47.6507389]]]}},{"type":"Feature","properties":{"UTR":"L1A","utr":"L1A","DENUMIRE":"Locuinte individuale tip A","denumire":"Locuinte individuale tip A","POT":30,"CUT":0.9,"RH":"P+1-P+2","FUNCTIUNE":"Locuinte individuale tip A","functiune":"Locuinte individuale tip A","c":"#FDE68A","sursa":"PUG Suceava HCL 162/2017 - vectorizat TSS·FG","id":564},"geometry":{"type":"Polygon","coordinates":[[[26.2501323,47.6528096],[26.2503283,47.6532732],[26.2500188,47.6533512],[26.2498521,47.6529818],[26.249534,47.6530435],[26.2494518,47.6530368],[26.2491339,47.6530907],[26.2493037,47.6534931],[26.2489827,47.6535656],[26.249099,47.6538512],[26.2488411,47.6539328],[26.2484372,47.653443],[26.2485213,47.6534195],[26.2484318,47.6532546],[26.2483735,47.6532678],[26.2482329,47.6530738],[26.248074,47.6531373],[26.2467816,47.6515075],[26.2467004,47.6514068],[26.2468672,47.6513377],[26.2471858,47.6517425],[26.2473169,47.6516989],[26.2473483,47.6517369],[26.2475329,47.6516828],[26.247404,47.651468],[26.2475371,47.6514379],[26.2474407,47.6512748],[26.2478782,47.6511797],[26.2477486,47.6509375],[26.247855,47.6509167],[26.2479897,47.6512727],[26.2483215,47.651203],[26.2482627,47.6510681],[26.2484061,47.6510631],[26.2485873,47.6510264],[26.2496784,47.6507631],[26.2499617,47.6514271],[26.2499854,47.6514901],[26.2514171,47.6512095],[26.2514939,47.6512532],[26.2518278,47.6516401],[26.2521347,47.6519726],[26.2518919,47.6520747],[26.2513536,47.6522355],[26.2511959,47.6523255],[26.2511323,47.6523451],[26.2511488,47.6523678],[26.2505564,47.6525995],[26.2501079,47.6527497],[26.2501323,47.6528096]]]}},{"type":"Feature","properties":{"UTR":"L2","utr":"L2","DENUMIRE":"Locuinte colective mici","denumire":"Locuinte colective mici","POT":40,"CUT":1.6,"RH":"P+3-P+4","FUNCTIUNE":"Locuinte colective mici","functiune":"Locuinte colective mici","c":"#FCD34D","sursa":"PUG Suceava HCL 162/2017 - vectorizat TSS·FG","id":565},"geometry":{"type":"Polygon","coordinates":[[[26.2463802,47.6516367],[26.2467816,47.6515075],[26.248074,47.6531373],[26.2482329,47.6530738],[26.2483735,47.6532678],[26.2484318,47.6532546],[26.2485213,47.6534195],[26.2484372,47.653443],[26.248322,47.6534384],[26.247604,47.6537417],[26.2475491,47.6536847],[26.2469939,47.6530994],[26.2470831,47.6530828],[26.2463861,47.6523298],[26.2466964,47.6522093],[26.2468149,47.6521553],[26.2463802,47.6516367]]]}},{"type":"Feature","properties":{"UTR":"C2C","utr":"C2C","DENUMIRE":"Comercial tip C","denumire":"Comercial tip C","POT":60,"CUT":2.4,"RH":"P+3-P+5","FUNCTIUNE":"Comercial tip C","functiune":"Comercial tip C","c":"#FCA5A5","sursa":"PUG Suceava HCL 162/2017 - vectorizat TSS·FG","id":566},"geometry":{"type":"Polygon","coordinates":[[[26.245385,47.6513945],[26.2455678,47.6518813],[26.2454143,47.6519387],[26.2453759,47.6520082],[26.2449631,47.6521186],[26.2446285,47.6515348],[26.245385,47.6513945]]]}},{"type":"Feature","properties":{"UTR":"V1A","utr":"V1A","DENUMIRE":"Spatii verzi tip A","denumire":"Spatii verzi tip A","POT":5,"CUT":0.05,"RH":"-","FUNCTIUNE":"Spatii verzi tip A","functiune":"Spatii verzi tip A","c":"#86EFAC","sursa":"PUG Suceava HCL 162/2017 - vectorizat TSS·FG","id":567},"geometry":{"type":"Polygon","coordinates":[[[26.2449489,47.6529525],[26.2453933,47.652791],[26.245577,47.6528051],[26.245816,47.6528792],[26.246423,47.6531957],[26.2465506,47.6533027],[26.2465473,47.6534311],[26.245621,47.6538242],[26.2456199,47.6535427],[26.245284,47.653655],[26.2449372,47.6531413],[26.2450094,47.6531077],[26.2449489,47.6529525]]]}},{"type":"Feature","properties":{"UTR":"L2","utr":"L2","DENUMIRE":"Locuinte colective mici","denumire":"Locuinte colective mici","POT":40,"CUT":1.6,"RH":"P+3-P+4","FUNCTIUNE":"Locuinte colective mici","functiune":"Locuinte colective mici","c":"#FCD34D","sursa":"PUG Suceava HCL 162/2017 - vectorizat TSS·FG","id":568},"geometry":{"type":"Polygon","coordinates":[[[26.2475491,47.6536847],[26.247604,47.6537417],[26.2473936,47.6538291],[26.2467564,47.6540897],[26.2462544,47.6543031],[26.2465284,47.6546033],[26.2462619,47.6547328],[26.2460733,47.6547607],[26.2453071,47.6550689],[26.2447895,47.6544976],[26.2463107,47.6537942],[26.2465902,47.6540586],[26.2473231,47.6537574],[26.2473284,47.6537621],[26.2475491,47.6536847]]]}},{"type":"Feature","properties":{"UTR":"C2A","utr":"C2A","DENUMIRE":"Comercial tip A","denumire":"Comercial tip A","POT":60,"CUT":2.4,"RH":"P+3-P+5","FUNCTIUNE":"Comercial tip A","functiune":"Comercial tip A","c":"#FDBA74","sursa":"PUG Suceava HCL 162/2017 - vectorizat TSS·FG","id":569},"geometry":{"type":"Polygon","coordinates":[[[26.2497902,47.6478818],[26.2497533,47.6484635],[26.2498746,47.648873],[26.2501521,47.6494632],[26.2491737,47.6496498],[26.2489536,47.6491662],[26.2486421,47.6492387],[26.2484037,47.6487175],[26.2483833,47.6484886],[26.2483988,47.6484979],[26.2488842,47.6484956],[26.2490566,47.6484781],[26.2490677,47.6482693],[26.2488567,47.6482679],[26.2488567,47.6481968],[26.248714,47.6481867],[26.2487445,47.6478722],[26.2497902,47.6478818]]]}},{"type":"Feature","properties":{"UTR":"L2","utr":"L2","DENUMIRE":"Locuinte colective mici","denumire":"Locuinte colective mici","POT":40,"CUT":1.6,"RH":"P+3-P+4","FUNCTIUNE":"Locuinte colective mici","functiune":"Locuinte colective mici","c":"#FCD34D","sursa":"PUG Suceava HCL 162/2017 - vectorizat TSS·FG","id":570},"geometry":{"type":"Polygon","coordinates":[[[26.2501521,47.6494632],[26.250534,47.6502754],[26.2501578,47.6503519],[26.249562,47.6504731],[26.2493096,47.6505244],[26.249061,47.650024],[26.2490077,47.6500379],[26.2486421,47.6492387],[26.2489536,47.6491662],[26.2491737,47.6496498],[26.2501521,47.6494632]]]}},{"type":"Feature","properties":{"UTR":"L2","utr":"L2","DENUMIRE":"Locuinte colective mici","denumire":"Locuinte colective mici","POT":40,"CUT":1.6,"RH":"P+3-P+4","FUNCTIUNE":"Locuinte colective mici","functiune":"Locuinte colective mici","c":"#FCD34D","sursa":"PUG Suceava HCL 162/2017 - vectorizat TSS·FG","id":571},"geometry":{"type":"Polygon","coordinates":[[[26.2483833,47.6484886],[26.2484517,47.6474098],[26.2495725,47.6475151],[26.2495694,47.6475762],[26.2498415,47.647585],[26.2497902,47.6478818],[26.2487445,47.6478722],[26.248714,47.6481867],[26.2488567,47.6481968],[26.2488567,47.6482679],[26.2490677,47.6482693],[26.2490566,47.6484781],[26.2488842,47.6484956],[26.2483988,47.6484979],[26.2483833,47.6484886]]]}},{"type":"Feature","properties":{"UTR":"M2","utr":"M2","DENUMIRE":"Mixt comercial","denumire":"Mixt comercial","POT":65,"CUT":3.0,"RH":"P+5-P+6","FUNCTIUNE":"Mixt comercial","functiune":"Mixt comercial","c":"#F87171","sursa":"PUG Suceava HCL 162/2017 - vectorizat TSS·FG","id":572},"geometry":{"type":"Polygon","coordinates":[[[26.242969,47.6498367],[26.2430127,47.6497317],[26.2432997,47.6497456],[26.2434853,47.6501417],[26.2436768,47.6500988],[26.2437562,47.6502701],[26.2429732,47.6504876],[26.2430096,47.6505663],[26.2432684,47.6505019],[26.2433527,47.6506652],[26.243712,47.6505667],[26.243824,47.6507562],[26.2439249,47.6507378],[26.2440379,47.6509505],[26.2439515,47.6509677],[26.2439768,47.6510601],[26.2440631,47.6512381],[26.2439759,47.6512567],[26.2440895,47.6515152],[26.2439403,47.6515466],[26.2435596,47.651763],[26.2432972,47.6516168],[26.2431821,47.6514595],[26.2431326,47.651435],[26.242869,47.6514255],[26.2425661,47.6514927],[26.2407004,47.6521206],[26.2404197,47.652025],[26.2402958,47.6516231],[26.2409171,47.6513548],[26.2408248,47.6512518],[26.2410248,47.651117],[26.2412604,47.6509964],[26.2411875,47.6510096],[26.2408321,47.6503249],[26.2406518,47.650223],[26.2407549,47.6500184],[26.2413222,47.6498108],[26.2415545,47.64957],[26.2419523,47.6494315],[26.2420127,47.6494122],[26.242083,47.649467],[26.242262,47.6498491],[26.2423324,47.6502077],[26.2422532,47.650418],[26.2424095,47.6504512],[26.242969,47.6498367]]]}},{"type":"Feature","properties":{"UTR":"M1","utr":"M1","DENUMIRE":"Mixt rezidential-tertiar","denumire":"Mixt rezidential-tertiar","POT":55,"CUT":2.4,"RH":"P+4-P+5","FUNCTIUNE":"Mixt rezidential-tertiar","functiune":"Mixt rezidential-tertiar","c":"#FCA5A1","sursa":"PUG Suceava HCL 162/2017 - vectorizat TSS·FG","id":573},"geometry":{"type":"Polygon","coordinates":[[[26.2475631,47.6466047],[26.2485084,47.6466262],[26.2484517,47.6474098],[26.2483075,47.6475053],[26.2478241,47.6475039],[26.2478602,47.6469525],[26.2475573,47.6469528],[26.2475631,47.6466047]]]}},{"type":"Feature","properties":{"UTR":"L1A","utr":"L1A","DENUMIRE":"Locuinte individuale tip A","denumire":"Locuinte individuale tip A","POT":30,"CUT":0.9,"RH":"P+1-P+2","FUNCTIUNE":"Locuinte individuale tip A","functiune":"Locuinte individuale tip A","c":"#FDE68A","sursa":"PUG Suceava HCL 162/2017 - vectorizat TSS·FG","id":574},"geometry":{"type":"Polygon","coordinates":[[[26.2441128,47.6498468],[26.2441825,47.6496592],[26.2448117,47.6488603],[26.2447553,47.648443],[26.2452486,47.6484558],[26.2452515,47.6486207],[26.2455882,47.648626],[26.2455214,47.6491802],[26.2450833,47.6492112],[26.2449791,47.6493133],[26.2450178,47.6493316],[26.245025,47.6494555],[26.2448938,47.649581],[26.244633,47.6497414],[26.2441128,47.6498468]]]}},{"type":"Feature","properties":{"UTR":"L1A","utr":"L1A","DENUMIRE":"Locuinte individuale tip A","denumire":"Locuinte individuale tip A","POT":30,"CUT":0.9,"RH":"P+1-P+2","FUNCTIUNE":"Locuinte individuale tip A","functiune":"Locuinte individuale tip A","c":"#FDE68A","sursa":"PUG Suceava HCL 162/2017 - vectorizat TSS·FG","id":575},"geometry":{"type":"Polygon","coordinates":[[[26.2452463,47.648263],[26.2452404,47.6477662],[26.2446823,47.6479988],[26.2446449,47.6478039],[26.244634,47.6475447],[26.2446763,47.6474381],[26.2458026,47.64745],[26.2468602,47.647463],[26.2467806,47.6486178],[26.2466538,47.6486171],[26.2466884,47.6489758],[26.2455214,47.6491802],[26.2455882,47.648626],[26.245614,47.6482676],[26.2452463,47.648263]]]}},{"type":"Feature","properties":{"UTR":"L4","utr":"L4","DENUMIRE":"Locuinte colective mari","denumire":"Locuinte colective mari","POT":45,"CUT":2.0,"RH":"P+6-P+8","FUNCTIUNE":"Locuinte colective mari","functiune":"Locuinte colective mari","c":"#D97706","sursa":"PUG Suceava HCL 162/2017 - vectorizat TSS·FG","id":576},"geometry":{"type":"Polygon","coordinates":[[[26.2452486,47.6484558],[26.2447553,47.648443],[26.2446823,47.6479988],[26.2452404,47.6477662],[26.2452463,47.648263],[26.2452486,47.6484558]]]}},{"type":"Feature","properties":{"UTR":"F","utr":"F","DENUMIRE":"Institutii publice","denumire":"Institutii publice","POT":45,"CUT":1.5,"RH":"P+2-P+4","FUNCTIUNE":"Institutii publice","functiune":"Institutii publice","c":"#93C5FD","sursa":"PUG Suceava HCL 162/2017 - vectorizat TSS·FG","id":577},"geometry":{"type":"Polygon","coordinates":[[[26.2455882,47.648626],[26.2452515,47.6486207],[26.2452486,47.6484558],[26.2452463,47.648263],[26.245614,47.6482676],[26.2455882,47.648626]]]}},{"type":"Feature","properties":{"UTR":"C2A","utr":"C2A","DENUMIRE":"Comercial tip A","denumire":"Comercial tip A","POT":60,"CUT":2.4,"RH":"P+3-P+5","FUNCTIUNE":"Comercial tip A","functiune":"Comercial tip A","c":"#FDBA74","sursa":"PUG Suceava HCL 162/2017 - vectorizat TSS·FG","id":578},"geometry":{"type":"Polygon","coordinates":[[[26.2491484,47.6505256],[26.2491142,47.650556],[26.2480768,47.6507573],[26.2480197,47.6506437],[26.2481954,47.6506016],[26.248059,47.6502757],[26.2489299,47.6501043],[26.2491484,47.6505256]]]}},{"type":"Feature","properties":{"UTR":"C2A","utr":"C2A","DENUMIRE":"Comercial tip A","denumire":"Comercial tip A","POT":60,"CUT":2.4,"RH":"P+3-P+5","FUNCTIUNE":"Comercial tip A","functiune":"Comercial tip A","c":"#FDBA74","sursa":"PUG Suceava HCL 162/2017 - vectorizat TSS·FG","id":579},"geometry":{"type":"Polygon","coordinates":[[[26.2446449,47.6478039],[26.2446823,47.6479988],[26.2447553,47.648443],[26.2439169,47.6490468],[26.243558,47.6489562],[26.2432931,47.649002],[26.2429884,47.6489395],[26.2427757,47.6484738],[26.2422208,47.6481742],[26.2423747,47.6480455],[26.2420176,47.6478983],[26.2424259,47.6474694],[26.2428468,47.6476396],[26.2428949,47.6476667],[26.2429255,47.6476632],[26.2432687,47.6474464],[26.2433133,47.6474027],[26.2440922,47.6478453],[26.2441498,47.6477899],[26.2443962,47.6479339],[26.244333,47.6479846],[26.2443968,47.6480206],[26.2444487,47.6479779],[26.2444864,47.6479998],[26.2445678,47.6478924],[26.2446021,47.6477988],[26.2446449,47.6478039]]]}},{"type":"Feature","properties":{"UTR":"L3","utr":"L3","DENUMIRE":"Locuinte colective medii","denumire":"Locuinte colective medii","POT":40,"CUT":1.8,"RH":"P+4-P+6","FUNCTIUNE":"Locuinte colective medii","functiune":"Locuinte colective medii","c":"#F59E0B","sursa":"PUG Suceava HCL 162/2017 - vectorizat TSS·FG","id":580},"geometry":{"type":"Polygon","coordinates":[[[26.2436054,47.6469756],[26.2430387,47.6466465],[26.2436061,47.6462285],[26.2440581,47.6463758],[26.2447129,47.6465105],[26.2448395,47.6465177],[26.2446945,47.6471334],[26.2436054,47.6469756]]]}},{"type":"Feature","properties":{"UTR":"L2","utr":"L2","DENUMIRE":"Locuinte colective mici","denumire":"Locuinte colective mici","POT":40,"CUT":1.6,"RH":"P+3-P+4","FUNCTIUNE":"Locuinte colective mici","functiune":"Locuinte colective mici","c":"#FCD34D","sursa":"PUG Suceava HCL 162/2017 - vectorizat TSS·FG","id":581},"geometry":{"type":"Polygon","coordinates":[[[26.2446945,47.6471334],[26.2446763,47.6474381],[26.244634,47.6475447],[26.2446449,47.6478039],[26.2446021,47.6477988],[26.2445678,47.6478924],[26.2444864,47.6479998],[26.2444487,47.6479779],[26.2443968,47.6480206],[26.244333,47.6479846],[26.2443962,47.6479339],[26.2441498,47.6477899],[26.2440922,47.6478453],[26.2433133,47.6474027],[26.2436054,47.6469756],[26.2446945,47.6471334]]]}},{"type":"Feature","properties":{"UTR":"C1","utr":"C1","DENUMIRE":"Centru civic intensiv","denumire":"Centru civic intensiv","POT":80,"CUT":4.0,"RH":"P+6-P+8","FUNCTIUNE":"Centru civic intensiv","functiune":"Centru civic intensiv","c":"#F97316","sursa":"PUG Suceava HCL 162/2017 - vectorizat TSS·FG","id":582},"geometry":{"type":"Polygon","coordinates":[[[26.2426614,47.6456886],[26.2427637,47.6457517],[26.2435937,47.6462253],[26.2436061,47.6462285],[26.2430387,47.6466465],[26.2436054,47.6469756],[26.2433133,47.6474027],[26.2432687,47.6474464],[26.2429255,47.6476632],[26.2428949,47.6476667],[26.2428468,47.6476396],[26.2424259,47.6474694],[26.2424565,47.647356],[26.2423786,47.6472091],[26.2421643,47.6464951],[26.2421006,47.6463991],[26.2421604,47.6463732],[26.2421596,47.6462441],[26.2426614,47.6456886]]]}},{"type":"Feature","properties":{"UTR":"M1","utr":"M1","DENUMIRE":"Mixt rezidential-tertiar","denumire":"Mixt rezidential-tertiar","POT":55,"CUT":2.4,"RH":"P+4-P+5","FUNCTIUNE":"Mixt rezidential-tertiar","functiune":"Mixt rezidential-tertiar","c":"#FCA5A1","sursa":"PUG Suceava HCL 162/2017 - vectorizat TSS·FG","id":583},"geometry":{"type":"Polygon","coordinates":[[[26.2419523,47.6494315],[26.2417288,47.649049],[26.2417943,47.648815],[26.2416436,47.6485515],[26.240974,47.6481014],[26.2406372,47.6479629],[26.2411677,47.6474054],[26.2412078,47.6474234],[26.2413959,47.6472224],[26.2415301,47.6473157],[26.2419423,47.6464321],[26.2419815,47.6463084],[26.2424874,47.6457336],[26.2424819,47.6455778],[26.2426614,47.6456886],[26.2421596,47.6462441],[26.2421604,47.6463732],[26.2421006,47.6463991],[26.2421643,47.6464951],[26.2423786,47.6472091],[26.2424565,47.647356],[26.2424259,47.6474694],[26.2420176,47.6478983],[26.2423747,47.6480455],[26.2422208,47.6481742],[26.2427757,47.6484738],[26.2429884,47.6489395],[26.2432931,47.649002],[26.2430499,47.6490406],[26.2425031,47.6492223],[26.2420127,47.6494122],[26.2419523,47.6494315]]]}},{"type":"Feature","properties":{"UTR":"L1A","utr":"L1A","DENUMIRE":"Locuinte individuale tip A","denumire":"Locuinte individuale tip A","POT":30,"CUT":0.9,"RH":"P+1-P+2","FUNCTIUNE":"Locuinte individuale tip A","functiune":"Locuinte individuale tip A","c":"#FDE68A","sursa":"PUG Suceava HCL 162/2017 - vectorizat TSS·FG","id":584},"geometry":{"type":"Polygon","coordinates":[[[26.2437562,47.6502701],[26.2436768,47.6500988],[26.2434853,47.6501417],[26.2432997,47.6497456],[26.2430127,47.6497317],[26.242969,47.6498367],[26.2425031,47.6492223],[26.2430499,47.6490406],[26.2432931,47.649002],[26.243558,47.6489562],[26.2439169,47.6490468],[26.2447553,47.648443],[26.2448117,47.6488603],[26.2441825,47.6496592],[26.2441128,47.6498468],[26.2437456,47.6499483],[26.2438893,47.6502409],[26.2437562,47.6502701]]]}},{"type":"Feature","properties":{"UTR":"F","utr":"F","DENUMIRE":"Institutii publice","denumire":"Institutii publice","POT":45,"CUT":1.5,"RH":"P+2-P+4","FUNCTIUNE":"Institutii publice","functiune":"Institutii publice","c":"#93C5FD","sursa":"PUG Suceava HCL 162/2017 - vectorizat TSS·FG","id":585},"geometry":{"type":"Polygon","coordinates":[[[26.2420127,47.6494122],[26.2425031,47.6492223],[26.242969,47.6498367],[26.2424095,47.6504512],[26.2422532,47.650418],[26.2423324,47.6502077],[26.242262,47.6498491],[26.242083,47.649467],[26.2420127,47.6494122]]]}},{"type":"Feature","properties":{"UTR":"L3","utr":"L3","DENUMIRE":"Locuinte colective medii","denumire":"Locuinte colective medii","POT":40,"CUT":1.8,"RH":"P+4-P+6","FUNCTIUNE":"Locuinte colective medii","functiune":"Locuinte colective medii","c":"#F59E0B","sursa":"PUG Suceava HCL 162/2017 - vectorizat TSS·FG","id":586},"geometry":{"type":"Polygon","coordinates":[[[26.2431757,47.6394998],[26.2433141,47.6395536],[26.2434007,47.6394504],[26.2436817,47.6395526],[26.2439121,47.6392702],[26.2441018,47.6393373],[26.2436403,47.6397531],[26.2433486,47.6400158],[26.2428771,47.6406501],[26.2426311,47.6405834],[26.2425739,47.6406754],[26.2414968,47.6402215],[26.242032,47.6396934],[26.2423746,47.6393412],[26.242775,47.6394778],[26.2427467,47.6395141],[26.2430355,47.6395955],[26.2431757,47.6394998]]]}},{"type":"Feature","properties":{"UTR":"LC","utr":"LC","DENUMIRE":"Locuinte colective","denumire":"Locuinte colective","POT":40,"CUT":1.6,"RH":"P+3-P+4","FUNCTIUNE":"Locuinte colective","functiune":"Locuinte colective","c":"#FCD34D","sursa":"PUG Suceava HCL 162/2017 - vectorizat TSS·FG","id":587},"geometry":{"type":"Polygon","coordinates":[[[26.2427277,47.638968],[26.2427721,47.6389186],[26.2428819,47.6388946],[26.2439121,47.6392702],[26.2436817,47.6395526],[26.2434007,47.6394504],[26.2433141,47.6395536],[26.2431757,47.6394998],[26.2433808,47.6392339],[26.2429866,47.6391025],[26.2430013,47.6390666],[26.2427277,47.638968]]]}},{"type":"Feature","properties":{"UTR":"C0","utr":"C0","DENUMIRE":"Centru civic principal","denumire":"Centru civic principal","POT":75,"CUT":3.5,"RH":"P+5-P+7","FUNCTIUNE":"Centru civic principal","functiune":"Centru civic principal","c":"#FB923C","sursa":"PUG Suceava HCL 162/2017 - vectorizat TSS·FG","id":588},"geometry":{"type":"Polygon","coordinates":[[[26.2423746,47.6393412],[26.2427277,47.638968],[26.2430013,47.6390666],[26.2429866,47.6391025],[26.2433808,47.6392339],[26.2431757,47.6394998],[26.2430355,47.6395955],[26.2427467,47.6395141],[26.242775,47.6394778],[26.2423746,47.6393412]]]}},{"type":"Feature","properties":{"UTR":"C0","utr":"C0","DENUMIRE":"Centru civic principal","denumire":"Centru civic principal","POT":75,"CUT":3.5,"RH":"P+5-P+7","FUNCTIUNE":"Centru civic principal","functiune":"Centru civic principal","c":"#FB923C","sursa":"PUG Suceava HCL 162/2017 - vectorizat TSS·FG","id":589},"geometry":{"type":"Polygon","coordinates":[[[26.2436403,47.6397531],[26.2441018,47.6393373],[26.2450523,47.639672],[26.2447021,47.64004],[26.2446673,47.6401357],[26.2436403,47.6397531]]]}},{"type":"Feature","properties":{"UTR":"L2","utr":"L2","DENUMIRE":"Locuinte colective mici","denumire":"Locuinte colective mici","POT":40,"CUT":1.6,"RH":"P+3-P+4","FUNCTIUNE":"Locuinte colective mici","functiune":"Locuinte colective mici","c":"#FCD34D","sursa":"PUG Suceava HCL 162/2017 - vectorizat TSS·FG","id":590},"geometry":{"type":"Polygon","coordinates":[[[26.2404993,47.6413301],[26.2405355,47.6412516],[26.2406404,47.6410931],[26.2409189,47.6407916],[26.2420915,47.6412918],[26.2421313,47.6415508],[26.2411652,47.6430822],[26.2411353,47.6432736],[26.2410468,47.6434213],[26.2418773,47.64395],[26.24258,47.6443719],[26.2418396,47.6449173],[26.2401769,47.6438874],[26.2403503,47.643772],[26.2402227,47.643704],[26.2402912,47.6436487],[26.2401334,47.6435467],[26.2404021,47.6432831],[26.240243,47.6432396],[26.2401301,47.6430779],[26.2402904,47.6427472],[26.240215,47.6427268],[26.2404867,47.6413576],[26.2409583,47.6414279],[26.2413036,47.6415617],[26.241514,47.6413636],[26.2411698,47.641219],[26.240971,47.6413981],[26.2404993,47.6413301]]]}},{"type":"Feature","properties":{"UTR":"M2","utr":"M2","DENUMIRE":"Mixt comercial","denumire":"Mixt comercial","POT":65,"CUT":3.0,"RH":"P+5-P+6","FUNCTIUNE":"Mixt comercial","functiune":"Mixt comercial","c":"#F87171","sursa":"PUG Suceava HCL 162/2017 - vectorizat TSS·FG","id":591},"geometry":{"type":"Polygon","coordinates":[[[26.24258,47.6443719],[26.2432957,47.6448216],[26.2428424,47.645218],[26.2426221,47.6453765],[26.2418396,47.6449173],[26.24258,47.6443719]]]}},{"type":"Feature","properties":{"UTR":"M1","utr":"M1","DENUMIRE":"Mixt rezidential-tertiar","denumire":"Mixt rezidential-tertiar","POT":55,"CUT":2.4,"RH":"P+4-P+5","FUNCTIUNE":"Mixt rezidential-tertiar","functiune":"Mixt rezidential-tertiar","c":"#FCA5A1","sursa":"PUG Suceava HCL 162/2017 - vectorizat TSS·FG","id":592},"geometry":{"type":"Polygon","coordinates":[[[26.2401769,47.6438874],[26.2395856,47.6435439],[26.23984,47.643319],[26.239962,47.6431944],[26.240215,47.6427268],[26.2402904,47.6427472],[26.2401301,47.6430779],[26.240243,47.6432396],[26.2404021,47.6432831],[26.2401334,47.6435467],[26.2402912,47.6436487],[26.2402227,47.643704],[26.2403503,47.643772],[26.2401769,47.6438874]]]}},{"type":"Feature","properties":{"UTR":"L2","utr":"L2","DENUMIRE":"Locuinte colective mici","denumire":"Locuinte colective mici","POT":40,"CUT":1.6,"RH":"P+3-P+4","FUNCTIUNE":"Locuinte colective mici","functiune":"Locuinte colective mici","c":"#FCD34D","sursa":"PUG Suceava HCL 162/2017 - vectorizat TSS·FG","id":593},"geometry":{"type":"Polygon","coordinates":[[[26.2443467,47.6421231],[26.2441058,47.6424143],[26.2421313,47.6415508],[26.2420915,47.6412918],[26.2409189,47.6407916],[26.2414968,47.6402215],[26.2425739,47.6406754],[26.2426311,47.6405834],[26.2428771,47.6406501],[26.2433486,47.6400158],[26.2436403,47.6397531],[26.2446673,47.6401357],[26.2447021,47.64004],[26.2450907,47.6405376],[26.2449744,47.6407412],[26.2455032,47.6407604],[26.2462512,47.6409145],[26.245574,47.6419779],[26.2454943,47.6419141],[26.2455872,47.6418557],[26.2455826,47.6417773],[26.2455349,47.6417121],[26.2452057,47.6416832],[26.2450501,47.6418801],[26.2446965,47.6417422],[26.2446726,47.6417666],[26.243912,47.6414687],[26.2437646,47.6416656],[26.2439626,47.6417359],[26.2440304,47.6418636],[26.2444417,47.6420445],[26.2443467,47.6421231]]]}},{"type":"Feature","properties":{"UTR":"S","utr":"S","DENUMIRE":"Sport si agrement","denumire":"Sport si agrement","POT":15,"CUT":0.3,"RH":"P-P+2","FUNCTIUNE":"Sport si agrement","functiune":"Sport si agrement","c":"#6EE7B7","sursa":"PUG Suceava HCL 162/2017 - vectorizat TSS·FG","id":594},"geometry":{"type":"Polygon","coordinates":[[[26.2449052,47.643077],[26.2446225,47.643431],[26.244199,47.643278],[26.2443614,47.6430027],[26.2445795,47.6430501],[26.2446258,47.6429916],[26.2449052,47.643077]]]}},{"type":"Feature","properties":{"UTR":"F","utr":"F","DENUMIRE":"Institutii publice","denumire":"Institutii publice","POT":45,"CUT":1.5,"RH":"P+2-P+4","FUNCTIUNE":"Institutii publice","functiune":"Institutii publice","c":"#93C5FD","sursa":"PUG Suceava HCL 162/2017 - vectorizat TSS·FG","id":595},"geometry":{"type":"Polygon","coordinates":[[[26.2404867,47.6413576],[26.2404993,47.6413301],[26.240971,47.6413981],[26.2411698,47.641219],[26.241514,47.6413636],[26.2413036,47.6415617],[26.2409583,47.6414279],[26.2404867,47.6413576]]]}},{"type":"Feature","properties":{"UTR":"C0","utr":"C0","DENUMIRE":"Centru civic principal","denumire":"Centru civic principal","POT":75,"CUT":3.5,"RH":"P+5-P+7","FUNCTIUNE":"Centru civic principal","functiune":"Centru civic principal","c":"#FB923C","sursa":"PUG Suceava HCL 162/2017 - vectorizat TSS·FG","id":596},"geometry":{"type":"Polygon","coordinates":[[[26.245574,47.6419779],[26.2455376,47.6420392],[26.2450501,47.6418801],[26.2452057,47.6416832],[26.2455349,47.6417121],[26.2455826,47.6417773],[26.2455872,47.6418557],[26.2454943,47.6419141],[26.245574,47.6419779]]]}},{"type":"Feature","properties":{"UTR":"C2B","utr":"C2B","DENUMIRE":"Comercial tip B","denumire":"Comercial tip B","POT":60,"CUT":2.4,"RH":"P+3-P+5","FUNCTIUNE":"Comercial tip B","functiune":"Comercial tip B","c":"#FCA5A5","sursa":"PUG Suceava HCL 162/2017 - vectorizat TSS·FG","id":597},"geometry":{"type":"Polygon","coordinates":[[[26.2446965,47.6417422],[26.2450501,47.6418801],[26.2455376,47.6420392],[26.2452709,47.6425088],[26.2449761,47.6429882],[26.2449052,47.643077],[26.2446258,47.6429916],[26.2445795,47.6430501],[26.2443614,47.6430027],[26.244199,47.643278],[26.2446225,47.643431],[26.2446199,47.6434343],[26.2442403,47.6438748],[26.2438474,47.6443128],[26.2432957,47.6448216],[26.24258,47.6443719],[26.2418773,47.64395],[26.2410468,47.6434213],[26.2411353,47.6432736],[26.2411652,47.6430822],[26.2421313,47.6415508],[26.2441058,47.6424143],[26.2443467,47.6421231],[26.2444417,47.6420445],[26.2440304,47.6418636],[26.2439626,47.6417359],[26.2437646,47.6416656],[26.243912,47.6414687],[26.2446726,47.6417666],[26.2446965,47.6417422]]]}},{"type":"Feature","properties":{"UTR":"M2","utr":"M2","DENUMIRE":"Mixt comercial","denumire":"Mixt comercial","POT":65,"CUT":3.0,"RH":"P+5-P+6","FUNCTIUNE":"Mixt comercial","functiune":"Mixt comercial","c":"#F87171","sursa":"PUG Suceava HCL 162/2017 - vectorizat TSS·FG","id":598},"geometry":{"type":"Polygon","coordinates":[[[26.2492691,47.6458239],[26.2492264,47.6456709],[26.2493607,47.6456427],[26.2492775,47.6454034],[26.2488949,47.6447822],[26.2488607,47.6447254],[26.2486536,47.6443722],[26.2488184,47.6443127],[26.249133,47.6441985],[26.2493951,47.6446266],[26.2495721,47.6450213],[26.2498417,47.6458392],[26.2497079,47.6458562],[26.2496187,47.6457847],[26.2492691,47.6458239]]]}},{"type":"Feature","properties":{"UTR":"F","utr":"F","DENUMIRE":"Institutii publice","denumire":"Institutii publice","POT":45,"CUT":1.5,"RH":"P+2-P+4","FUNCTIUNE":"Institutii publice","functiune":"Institutii publice","c":"#93C5FD","sursa":"PUG Suceava HCL 162/2017 - vectorizat TSS·FG","id":599},"geometry":{"type":"Polygon","coordinates":[[[26.2435132,47.6454661],[26.24387,47.6451981],[26.2440215,47.6450058],[26.244051,47.6449736],[26.2446264,47.6451825],[26.2443717,47.6453244],[26.244065,47.6456876],[26.2435132,47.6454661]]]}},{"type":"Feature","properties":{"UTR":"C1","utr":"C1","DENUMIRE":"Centru civic intensiv","denumire":"Centru civic intensiv","POT":80,"CUT":4.0,"RH":"P+6-P+8","FUNCTIUNE":"Centru civic intensiv","functiune":"Centru civic intensiv","c":"#F97316","sursa":"PUG Suceava HCL 162/2017 - vectorizat TSS·FG","id":600},"geometry":{"type":"Polygon","coordinates":[[[26.2449124,47.6440394],[26.2445467,47.6438884],[26.2446847,47.6437308],[26.244808,47.6436175],[26.2452944,47.6437931],[26.2451868,47.6439422],[26.2450526,47.6440962],[26.2449124,47.6440394]]]}},{"type":"Feature","properties":{"UTR":"F","utr":"F","DENUMIRE":"Institutii publice","denumire":"Institutii publice","POT":45,"CUT":1.5,"RH":"P+2-P+4","FUNCTIUNE":"Institutii publice","functiune":"Institutii publice","c":"#93C5FD","sursa":"PUG Suceava HCL 162/2017 - vectorizat TSS·FG","id":601},"geometry":{"type":"Polygon","coordinates":[[[26.2445624,47.6444064],[26.2449124,47.6440394],[26.2450526,47.6440962],[26.2451868,47.6439422],[26.2454447,47.6440617],[26.2450349,47.6445613],[26.2450246,47.6445581],[26.2450061,47.6445804],[26.2445624,47.6444064]]]}},{"type":"Feature","properties":{"UTR":"L2","utr":"L2","DENUMIRE":"Locuinte colective mici","denumire":"Locuinte colective mici","POT":40,"CUT":1.6,"RH":"P+3-P+4","FUNCTIUNE":"Locuinte colective mici","functiune":"Locuinte colective mici","c":"#FCD34D","sursa":"PUG Suceava HCL 162/2017 - vectorizat TSS·FG","id":602},"geometry":{"type":"Polygon","coordinates":[[[26.2454447,47.6440617],[26.2451868,47.6439422],[26.2452944,47.6437931],[26.2453383,47.6438087],[26.2456186,47.6434658],[26.2462044,47.6433334],[26.2463418,47.6434275],[26.2462611,47.6434352],[26.2460891,47.6436043],[26.2462677,47.6436966],[26.2464712,47.6436073],[26.2465867,47.6437556],[26.2469605,47.6439922],[26.2469892,47.6440396],[26.2469777,47.6440832],[26.246786,47.6443047],[26.2466125,47.6445035],[26.2465584,47.6445014],[26.2454447,47.6440617]]]}},{"type":"Feature","properties":{"UTR":"M2","utr":"M2","DENUMIRE":"Mixt comercial","denumire":"Mixt comercial","POT":65,"CUT":3.0,"RH":"P+5-P+6","FUNCTIUNE":"Mixt comercial","functiune":"Mixt comercial","c":"#F87171","sursa":"PUG Suceava HCL 162/2017 - vectorizat TSS·FG","id":603},"geometry":{"type":"Polygon","coordinates":[[[26.2464326,47.6422606],[26.2462811,47.6426532],[26.2462746,47.6430078],[26.2461607,47.6430571],[26.2461458,47.643081],[26.2462044,47.6433334],[26.2456186,47.6434658],[26.2453383,47.6438087],[26.2452944,47.6437931],[26.244808,47.6436175],[26.2448093,47.6436163],[26.245093,47.6432708],[26.2456386,47.6423374],[26.2464326,47.6422606]]]}},{"type":"Feature","properties":{"UTR":"MC","utr":"MC","DENUMIRE":"Mixt centru cartier","denumire":"Mixt centru cartier","POT":55,"CUT":2.4,"RH":"P+4-P+5","FUNCTIUNE":"Mixt centru cartier","functiune":"Mixt centru cartier","c":"#FCA5A1","sursa":"PUG Suceava HCL 162/2017 - vectorizat TSS·FG","id":604},"geometry":{"type":"Polygon","coordinates":[[[26.2456386,47.6423374],[26.246457,47.6410094],[26.24695,47.6412177],[26.2469964,47.6412539],[26.2469943,47.6413611],[26.2468146,47.6415488],[26.2464326,47.6422606],[26.2456386,47.6423374]]]}},{"type":"Feature","properties":{"UTR":"C0","utr":"C0","DENUMIRE":"Centru civic principal","denumire":"Centru civic principal","POT":75,"CUT":3.5,"RH":"P+5-P+7","FUNCTIUNE":"Centru civic principal","functiune":"Centru civic principal","c":"#FB923C","sursa":"PUG Suceava HCL 162/2017 - vectorizat TSS·FG","id":605},"geometry":{"type":"Polygon","coordinates":[[[26.2465015,47.6409548],[26.2468503,47.6403792],[26.2469141,47.6403665],[26.2478345,47.6405783],[26.2477115,47.6410229],[26.2479775,47.6410645],[26.2479563,47.6411553],[26.2479143,47.6412834],[26.2478138,47.6413626],[26.2476852,47.6413629],[26.2473056,47.6413619],[26.2471661,47.6413378],[26.247134,47.6413297],[26.247125,47.6412587],[26.2471281,47.6412161],[26.2465015,47.6409548]]]}},{"type":"Feature","properties":{"UTR":"C2A","utr":"C2A","DENUMIRE":"Comercial tip A","denumire":"Comercial tip A","POT":60,"CUT":2.4,"RH":"P+3-P+5","FUNCTIUNE":"Comercial tip A","functiune":"Comercial tip A","c":"#FDBA74","sursa":"PUG Suceava HCL 162/2017 - vectorizat TSS·FG","id":606},"geometry":{"type":"Polygon","coordinates":[[[26.244065,47.6456876],[26.2443717,47.6453244],[26.2446264,47.6451825],[26.244051,47.6449736],[26.2445624,47.6444064],[26.2450061,47.6445804],[26.2450246,47.6445581],[26.2450349,47.6445613],[26.2454447,47.6440617],[26.2465584,47.6445014],[26.2461839,47.645004],[26.2452837,47.6460725],[26.244065,47.6456876]]]}},{"type":"Feature","properties":{"UTR":"L2","utr":"L2","DENUMIRE":"Locuinte colective mici","denumire":"Locuinte colective mici","POT":40,"CUT":1.6,"RH":"P+3-P+4","FUNCTIUNE":"Locuinte colective mici","functiune":"Locuinte colective mici","c":"#FCD34D","sursa":"PUG Suceava HCL 162/2017 - vectorizat TSS·FG","id":607},"geometry":{"type":"Polygon","coordinates":[[[26.2529307,47.6459433],[26.2530056,47.6462322],[26.253101,47.6462557],[26.2527025,47.6463243],[26.251107,47.6464024],[26.2510472,47.6460584],[26.2515034,47.6460662],[26.2523633,47.6460582],[26.2528823,47.6460408],[26.2528784,47.6459588],[26.2529307,47.6459433]]]}},{"type":"Feature","properties":{"UTR":"L2","utr":"L2","DENUMIRE":"Locuinte colective mici","denumire":"Locuinte colective mici","POT":40,"CUT":1.6,"RH":"P+3-P+4","FUNCTIUNE":"Locuinte colective mici","functiune":"Locuinte colective mici","c":"#FCD34D","sursa":"PUG Suceava HCL 162/2017 - vectorizat TSS·FG","id":608},"geometry":{"type":"Polygon","coordinates":[[[26.2522461,47.6442539],[26.2523906,47.644546],[26.2522764,47.6445481],[26.2516776,47.6445593],[26.2518444,47.644104],[26.2521045,47.6442162],[26.2522461,47.6442539]]]}},{"type":"Feature","properties":{"UTR":"MC","utr":"MC","DENUMIRE":"Mixt centru cartier","denumire":"Mixt centru cartier","POT":55,"CUT":2.4,"RH":"P+4-P+5","FUNCTIUNE":"Mixt centru cartier","functiune":"Mixt centru cartier","c":"#FCA5A1","sursa":"PUG Suceava HCL 162/2017 - vectorizat TSS·FG","id":609},"geometry":{"type":"Polygon","coordinates":[[[26.248047,47.6415331],[26.2481305,47.6410855],[26.2482099,47.6412021],[26.2493418,47.6413458],[26.2493835,47.6412352],[26.2502136,47.6415498],[26.2502147,47.6416222],[26.2500883,47.6416111],[26.2493535,47.6415467],[26.2493203,47.6415438],[26.248047,47.6415331]]]}},{"type":"Feature","properties":{"UTR":"MC","utr":"MC","DENUMIRE":"Mixt centru cartier","denumire":"Mixt centru cartier","POT":55,"CUT":2.4,"RH":"P+4-P+5","FUNCTIUNE":"Mixt centru cartier","functiune":"Mixt centru cartier","c":"#FCA5A1","sursa":"PUG Suceava HCL 162/2017 - vectorizat TSS·FG","id":610},"geometry":{"type":"Polygon","coordinates":[[[26.2491902,47.6418171],[26.2490494,47.6418283],[26.2490096,47.6418403],[26.2488293,47.6419876],[26.2488285,47.6420033],[26.2489236,47.6420987],[26.2489505,47.6421047],[26.2487878,47.6421425],[26.2481176,47.6423358],[26.2480439,47.6419176],[26.2480439,47.6415893],[26.2492221,47.6415979],[26.2491902,47.6418171]]]}},{"type":"Feature","properties":{"UTR":"M2","utr":"M2","DENUMIRE":"Mixt comercial","denumire":"Mixt comercial","POT":65,"CUT":3.0,"RH":"P+5-P+6","FUNCTIUNE":"Mixt comercial","functiune":"Mixt comercial","c":"#F87171","sursa":"PUG Suceava HCL 162/2017 - vectorizat TSS·FG","id":611},"geometry":{"type":"Polygon","coordinates":[[[26.2488226,47.6421988],[26.2495387,47.6433582],[26.2498415,47.6433041],[26.2499252,47.6433713],[26.2496048,47.6434683],[26.2498117,47.6439367],[26.2502767,47.6444604],[26.250307,47.6445174],[26.2503523,47.6448056],[26.2501625,47.6448293],[26.2501777,47.6448838],[26.2497761,47.6449132],[26.2496659,47.6446293],[26.2493151,47.644061],[26.2486116,47.6431354],[26.2482062,47.642537],[26.2481394,47.6423852],[26.2488226,47.6421988]]]}},{"type":"Feature","properties":{"UTR":"L1A","utr":"L1A","DENUMIRE":"Locuinte individuale tip A","denumire":"Locuinte individuale tip A","POT":30,"CUT":0.9,"RH":"P+1-P+2","FUNCTIUNE":"Locuinte individuale tip A","functiune":"Locuinte individuale tip A","c":"#FDE68A","sursa":"PUG Suceava HCL 162/2017 - vectorizat TSS·FG","id":612},"geometry":{"type":"Polygon","coordinates":[[[26.2500786,47.6458635],[26.2500422,47.6456826],[26.2508636,47.6456716],[26.2508366,47.6455652],[26.2509613,47.6455418],[26.2509852,47.6455951],[26.2513653,47.6455115],[26.2512102,47.645179],[26.2512722,47.645165],[26.2512668,47.6448709],[26.2503882,47.6449629],[26.2503523,47.6448056],[26.250307,47.6445174],[26.2502767,47.6444604],[26.2508535,47.6443143],[26.2508791,47.6443127],[26.2508989,47.6441739],[26.2509253,47.6441407],[26.2509699,47.644156],[26.2512768,47.6437576],[26.2513222,47.6437446],[26.2513429,47.6437497],[26.2517507,47.6440594],[26.2518444,47.644104],[26.2516776,47.6445593],[26.2522764,47.6445481],[26.2523981,47.644857],[26.2526017,47.6452032],[26.2528694,47.6455719],[26.2531862,47.6458765],[26.2529307,47.6459433],[26.2528784,47.6459588],[26.2528823,47.6460408],[26.2523633,47.6460582],[26.2515034,47.6460662],[26.2510472,47.6460584],[26.2510589,47.6459338],[26.250643,47.6459369],[26.2506456,47.6458408],[26.2500786,47.6458635]]]}},{"type":"Feature","properties":{"UTR":"L1A","utr":"L1A","DENUMIRE":"Locuinte individuale tip A","denumire":"Locuinte individuale tip A","POT":30,"CUT":0.9,"RH":"P+1-P+2","FUNCTIUNE":"Locuinte individuale tip A","functiune":"Locuinte individuale tip A","c":"#FDE68A","sursa":"PUG Suceava HCL 162/2017 - vectorizat TSS·FG","id":613},"geometry":{"type":"Polygon","coordinates":[[[26.2499241,47.6424323],[26.2500484,47.6425327],[26.2502615,47.6427024],[26.2509567,47.6433054],[26.2512562,47.6436157],[26.2511851,47.6436945],[26.2512009,47.6437106],[26.2511199,47.6438182],[26.2509277,47.6437416],[26.2508875,47.6437157],[26.2509368,47.6435894],[26.2507601,47.6435084],[26.2504739,47.6433444],[26.2502946,47.6432734],[26.2504613,47.6431775],[26.2503773,47.6430228],[26.2503431,47.6430602],[26.2503349,47.6431119],[26.2502386,47.6430459],[26.2501086,47.6429809],[26.2499764,47.6428904],[26.249603,47.6426041],[26.2495254,47.6424282],[26.2496579,47.6423938],[26.2497576,47.642388],[26.2499241,47.6424323]]]}},{"type":"Feature","properties":{"UTR":"L1B","utr":"L1B","DENUMIRE":"Locuinte individuale tip B","denumire":"Locuinte individuale tip B","POT":35,"CUT":1.1,"RH":"P+1-P+2","FUNCTIUNE":"Locuinte individuale tip B","functiune":"Locuinte individuale tip B","c":"#FCD34D","sursa":"PUG Suceava HCL 162/2017 - vectorizat TSS·FG","id":614},"geometry":{"type":"Polygon","coordinates":[[[26.2479563,47.6411553],[26.2479775,47.6410645],[26.2479858,47.6410656],[26.2479563,47.6411553]]]}},{"type":"Feature","properties":{"UTR":"C0","utr":"C0","DENUMIRE":"Centru civic principal","denumire":"Centru civic principal","POT":75,"CUT":3.5,"RH":"P+5-P+7","FUNCTIUNE":"Centru civic principal","functiune":"Centru civic principal","c":"#FB923C","sursa":"PUG Suceava HCL 162/2017 - vectorizat TSS·FG","id":615},"geometry":null},{"type":"Feature","properties":{"UTR":"MC","utr":"MC","DENUMIRE":"Mixt centru cartier","denumire":"Mixt centru cartier","POT":55,"CUT":2.4,"RH":"P+4-P+5","FUNCTIUNE":"Mixt centru cartier","functiune":"Mixt centru cartier","c":"#FCA5A1","sursa":"PUG Suceava HCL 162/2017 - vectorizat TSS·FG","id":616},"geometry":{"type":"Polygon","coordinates":[[[26.247819,47.6415064],[26.2477985,47.641676],[26.2478508,47.6422461],[26.2478894,47.642342],[26.2477084,47.6424568],[26.2476531,47.6425147],[26.2476008,47.6426256],[26.2473303,47.6424756],[26.2475251,47.642289],[26.2474091,47.6421544],[26.2471478,47.6420675],[26.2472622,47.6419156],[26.2470901,47.6418339],[26.2470983,47.6417561],[26.2469154,47.6416225],[26.2469763,47.641544],[26.2470408,47.6415065],[26.2471288,47.6414603],[26.2472171,47.6414388],[26.2473414,47.6414346],[26.2476734,47.6414413],[26.247819,47.6415064]]]}},{"type":"Feature","properties":{"UTR":"L1A","utr":"L1A","DENUMIRE":"Locuinte individuale tip A","denumire":"Locuinte individuale tip A","POT":30,"CUT":0.9,"RH":"P+1-P+2","FUNCTIUNE":"Locuinte individuale tip A","functiune":"Locuinte individuale tip A","c":"#FDE68A","sursa":"PUG Suceava HCL 162/2017 - vectorizat TSS·FG","id":617},"geometry":{"type":"Polygon","coordinates":[[[26.246786,47.6443047],[26.2469777,47.6440832],[26.2469892,47.6440396],[26.2469605,47.6439922],[26.2465867,47.6437556],[26.2464712,47.6436073],[26.2462677,47.6436966],[26.2460891,47.6436043],[26.2462611,47.6434352],[26.2463418,47.6434275],[26.2465161,47.6435254],[26.2468225,47.643414],[26.2472279,47.6439589],[26.247563,47.6444205],[26.2474596,47.6444572],[26.2474527,47.6444481],[26.2471007,47.6445772],[26.2470323,47.644485],[26.2470685,47.6444574],[26.2470566,47.644447],[26.2470739,47.6444195],[26.2469391,47.644368],[26.246786,47.6443047]]]}},{"type":"Feature","properties":{"UTR":"L1A","utr":"L1A","DENUMIRE":"Locuinte individuale tip A","denumire":"Locuinte individuale tip A","POT":30,"CUT":0.9,"RH":"P+1-P+2","FUNCTIUNE":"Locuinte individuale tip A","functiune":"Locuinte individuale tip A","c":"#FDE68A","sursa":"PUG Suceava HCL 162/2017 - vectorizat TSS·FG","id":618},"geometry":{"type":"Polygon","coordinates":[[[26.2488607,47.6447254],[26.2488949,47.6447822],[26.248445,47.6449203],[26.2483002,47.6447272],[26.2485659,47.6446271],[26.2486814,47.6447903],[26.2488607,47.6447254]]]}},{"type":"Feature","properties":{"UTR":"C2A","utr":"C2A","DENUMIRE":"Comercial tip A","denumire":"Comercial tip A","POT":60,"CUT":2.4,"RH":"P+3-P+5","FUNCTIUNE":"Comercial tip A","functiune":"Comercial tip A","c":"#FDBA74","sursa":"PUG Suceava HCL 162/2017 - vectorizat TSS·FG","id":619},"geometry":{"type":"Polygon","coordinates":[[[26.2461839,47.645004],[26.2465584,47.6445014],[26.2466125,47.6445035],[26.246786,47.6443047],[26.2469391,47.644368],[26.2470739,47.6444195],[26.2470566,47.644447],[26.2470685,47.6444574],[26.2470323,47.644485],[26.2471007,47.6445772],[26.247289,47.6447379],[26.2473594,47.644798],[26.2472023,47.6449036],[26.2475861,47.6451207],[26.2475736,47.6451798],[26.2474416,47.645279],[26.2474021,47.6452693],[26.2471196,47.6454786],[26.2461839,47.645004]]]}},{"type":"Feature","properties":{"UTR":"M2","utr":"M2","DENUMIRE":"Mixt comercial","denumire":"Mixt comercial","POT":65,"CUT":3.0,"RH":"P+5-P+6","FUNCTIUNE":"Mixt comercial","functiune":"Mixt comercial","c":"#F87171","sursa":"PUG Suceava HCL 162/2017 - vectorizat TSS·FG","id":620},"geometry":{"type":"Polygon","coordinates":[[[26.2487423,47.6442139],[26.248482,47.6438892],[26.2481676,47.6434488],[26.2478888,47.6433493],[26.2474883,47.6431422],[26.2477857,47.6429024],[26.2476512,47.6426965],[26.2476008,47.6426256],[26.2476531,47.6425147],[26.2477084,47.6424568],[26.2478894,47.642342],[26.2479206,47.6424196],[26.2482695,47.6430328],[26.249066,47.6441053],[26.2487423,47.6442139]]]}},{"type":"Feature","properties":{"UTR":"L1A","utr":"L1A","DENUMIRE":"Locuinte individuale tip A","denumire":"Locuinte individuale tip A","POT":30,"CUT":0.9,"RH":"P+1-P+2","FUNCTIUNE":"Locuinte individuale tip A","functiune":"Locuinte individuale tip A","c":"#FDE68A","sursa":"PUG Suceava HCL 162/2017 - vectorizat TSS·FG","id":621},"geometry":{"type":"Polygon","coordinates":[[[26.2478983,47.6448997],[26.2476872,47.6449973],[26.2475861,47.6451207],[26.2472023,47.6449036],[26.2473594,47.644798],[26.247289,47.6447379],[26.2476528,47.6445951],[26.2478983,47.6448997]]]}},{"type":"Feature","properties":{"UTR":"L2","utr":"L2","DENUMIRE":"Locuinte colective mici","denumire":"Locuinte colective mici","POT":40,"CUT":1.6,"RH":"P+3-P+4","FUNCTIUNE":"Locuinte colective mici","functiune":"Locuinte colective mici","c":"#FCD34D","sursa":"PUG Suceava HCL 162/2017 - vectorizat TSS·FG","id":622},"geometry":{"type":"Polygon","coordinates":[[[26.2486536,47.6443722],[26.2488607,47.6447254],[26.2486814,47.6447903],[26.2485659,47.6446271],[26.2483002,47.6447272],[26.2478983,47.6448997],[26.2476528,47.6445951],[26.247289,47.6447379],[26.2471007,47.6445772],[26.2474527,47.6444481],[26.2474596,47.6444572],[26.247563,47.6444205],[26.2472279,47.6439589],[26.2468225,47.643414],[26.2465161,47.6435254],[26.2463418,47.6434275],[26.2462044,47.6433334],[26.2461458,47.643081],[26.2461607,47.6430571],[26.2462746,47.6430078],[26.2462811,47.6426532],[26.2464326,47.6422606],[26.2468146,47.6415488],[26.2469154,47.6416225],[26.2470983,47.6417561],[26.2470901,47.6418339],[26.2472622,47.6419156],[26.2471478,47.6420675],[26.2474091,47.6421544],[26.2475251,47.642289],[26.2473303,47.6424756],[26.2476008,47.6426256],[26.2476512,47.6426965],[26.2477857,47.6429024],[26.2474883,47.6431422],[26.2478888,47.6433493],[26.2481676,47.6434488],[26.248482,47.6438892],[26.2481304,47.6440352],[26.2480758,47.6439608],[26.2479774,47.6439974],[26.2479237,47.6440378],[26.2478772,47.6440678],[26.2479238,47.6441331],[26.2480645,47.6442664],[26.2482448,47.6441926],[26.2482876,47.6441441],[26.2484203,47.6443229],[26.2485093,47.644427],[26.2486536,47.6443722]]]}},{"type":"Feature","properties":{"UTR":"L1A","utr":"L1A","DENUMIRE":"Locuinte individuale tip A","denumire":"Locuinte individuale tip A","POT":30,"CUT":0.9,"RH":"P+1-P+2","FUNCTIUNE":"Locuinte individuale tip A","functiune":"Locuinte individuale tip A","c":"#FDE68A","sursa":"PUG Suceava HCL 162/2017 - vectorizat TSS·FG","id":623},"geometry":{"type":"Polygon","coordinates":[[[26.2484203,47.6443229],[26.2482876,47.6441441],[26.2482448,47.6441926],[26.2480645,47.6442664],[26.2479238,47.6441331],[26.2478772,47.6440678],[26.2479237,47.6440378],[26.2479774,47.6439974],[26.2480758,47.6439608],[26.2481304,47.6440352],[26.248482,47.6438892],[26.2487423,47.6442139],[26.2484203,47.6443229]]]}},{"type":"Feature","properties":{"UTR":"V1A","utr":"V1A","DENUMIRE":"Spatii verzi tip A","denumire":"Spatii verzi tip A","POT":5,"CUT":0.05,"RH":"-","FUNCTIUNE":"Spatii verzi tip A","functiune":"Spatii verzi tip A","c":"#86EFAC","sursa":"PUG Suceava HCL 162/2017 - vectorizat TSS·FG","id":624},"geometry":{"type":"Polygon","coordinates":[[[26.2536988,47.6407969],[26.2548321,47.6408184],[26.2549008,47.6408457],[26.2549202,47.6408882],[26.2548805,47.6409251],[26.2537232,47.6414963],[26.2537674,47.6413837],[26.2537628,47.641317],[26.253679,47.6412347],[26.2536988,47.6407969]]]}},{"type":"Feature","properties":{"UTR":"C0","utr":"C0","DENUMIRE":"Centru civic principal","denumire":"Centru civic principal","POT":75,"CUT":3.5,"RH":"P+5-P+7","FUNCTIUNE":"Centru civic principal","functiune":"Centru civic principal","c":"#FB923C","sursa":"PUG Suceava HCL 162/2017 - vectorizat TSS·FG","id":625},"geometry":{"type":"Polygon","coordinates":[[[26.2526337,47.6407739],[26.2536988,47.6407969],[26.253679,47.6412347],[26.2537628,47.641317],[26.2537674,47.6413837],[26.2537232,47.6414963],[26.2535496,47.6415781],[26.2526199,47.6415625],[26.2525925,47.6414403],[26.2526641,47.641393],[26.2526102,47.6413552],[26.2526302,47.6412486],[26.2527262,47.6412434],[26.2527137,47.6411158],[26.2526201,47.6410975],[26.2526435,47.6409853],[26.2526699,47.6409553],[26.2526162,47.6409155],[26.2526337,47.6407739]]]}},{"type":"Feature","properties":{"UTR":"F","utr":"F","DENUMIRE":"Institutii publice","denumire":"Institutii publice","POT":45,"CUT":1.5,"RH":"P+2-P+4","FUNCTIUNE":"Institutii publice","functiune":"Institutii publice","c":"#93C5FD","sursa":"PUG Suceava HCL 162/2017 - vectorizat TSS·FG","id":626},"geometry":{"type":"Polygon","coordinates":[[[26.252483,47.6416495],[26.253356,47.6416724],[26.2526511,47.6420082],[26.2525617,47.6420059],[26.2525163,47.6419705],[26.2524914,47.6419321],[26.2524591,47.6419257],[26.252483,47.6416495]]]}},{"type":"Feature","properties":{"UTR":"MC","utr":"MC","DENUMIRE":"Mixt centru cartier","denumire":"Mixt centru cartier","POT":55,"CUT":2.4,"RH":"P+4-P+5","FUNCTIUNE":"Mixt centru cartier","functiune":"Mixt centru cartier","c":"#FCA5A1","sursa":"PUG Suceava HCL 162/2017 - vectorizat TSS·FG","id":627},"geometry":{"type":"Polygon","coordinates":[[[26.2523522,47.6419046],[26.2523508,47.6422133],[26.2521567,47.6421369],[26.252238,47.6420448],[26.2522453,47.6418836],[26.2523522,47.6419046]]]}},{"type":"Feature","properties":{"UTR":"MC","utr":"MC","DENUMIRE":"Mixt centru cartier","denumire":"Mixt centru cartier","POT":55,"CUT":2.4,"RH":"P+4-P+5","FUNCTIUNE":"Mixt centru cartier","functiune":"Mixt centru cartier","c":"#FCA5A1","sursa":"PUG Suceava HCL 162/2017 - vectorizat TSS·FG","id":628},"geometry":{"type":"Polygon","coordinates":[[[26.2548453,47.6441545],[26.2546072,47.6438716],[26.2544084,47.6437602],[26.254435,47.6436969],[26.2542427,47.6436035],[26.254168,47.6435978],[26.2541326,47.643581],[26.2541178,47.6435982],[26.2539825,47.6435573],[26.2538911,47.6435541],[26.2538734,47.6435223],[26.2537766,47.6435278],[26.2537203,47.6434012],[26.2534302,47.6434722],[26.2534701,47.6435429],[26.2534012,47.6435998],[26.2532609,47.6435401],[26.2531746,47.6434606],[26.2529525,47.6433672],[26.2530158,47.6432955],[26.2529907,47.6432854],[26.2530851,47.6431733],[26.2532585,47.6431027],[26.2533684,47.6430176],[26.2534259,47.6430032],[26.2535548,47.6428415],[26.2546954,47.6432835],[26.255142,47.6435475],[26.2554135,47.6438984],[26.2555927,47.6443114],[26.2556334,47.6446466],[26.2555397,47.6447284],[26.2551441,47.6446582],[26.2552805,47.6442656],[26.2548453,47.6441545]]]}},{"type":"Feature","properties":{"UTR":"C0","utr":"C0","DENUMIRE":"Centru civic principal","denumire":"Centru civic principal","POT":75,"CUT":3.5,"RH":"P+5-P+7","FUNCTIUNE":"Centru civic principal","functiune":"Centru civic principal","c":"#FB923C","sursa":"PUG Suceava HCL 162/2017 - vectorizat TSS·FG","id":629},"geometry":{"type":"Polygon","coordinates":[[[26.2579159,47.6448183],[26.2572494,47.6448216],[26.2572862,47.6446287],[26.2573397,47.6443482],[26.2578159,47.6444689],[26.2578381,47.6445225],[26.2577935,47.6445343],[26.2579571,47.6447795],[26.2579159,47.6448183]]]}},{"type":"Feature","properties":{"UTR":"C0","utr":"C0","DENUMIRE":"Centru civic principal","denumire":"Centru civic principal","POT":75,"CUT":3.5,"RH":"P+5-P+7","FUNCTIUNE":"Centru civic principal","functiune":"Centru civic principal","c":"#FB923C","sursa":"PUG Suceava HCL 162/2017 - vectorizat TSS·FG","id":630},"geometry":{"type":"Polygon","coordinates":[[[26.2591982,47.6436309],[26.2593526,47.6438561],[26.2594918,47.6441275],[26.2587922,47.6443232],[26.2588427,47.6441946],[26.2587025,47.643961],[26.258748,47.6439476],[26.258658,47.6437995],[26.258682,47.6437919],[26.258699,47.6437683],[26.2591982,47.6436309]]]}},{"type":"Feature","properties":{"UTR":"C0","utr":"C0","DENUMIRE":"Centru civic principal","denumire":"Centru civic principal","POT":75,"CUT":3.5,"RH":"P+5-P+7","FUNCTIUNE":"Centru civic principal","functiune":"Centru civic principal","c":"#FB923C","sursa":"PUG Suceava HCL 162/2017 - vectorizat TSS·FG","id":631},"geometry":{"type":"Polygon","coordinates":[[[26.2570158,47.6415375],[26.2570949,47.6415149],[26.2575188,47.6416928],[26.2581687,47.6421711],[26.2586098,47.6427738],[26.257981,47.6430388],[26.2567214,47.6418312],[26.2570158,47.6415375]]]}},{"type":"Feature","properties":{"UTR":"MC","utr":"MC","DENUMIRE":"Mixt centru cartier","denumire":"Mixt centru cartier","POT":55,"CUT":2.4,"RH":"P+4-P+5","FUNCTIUNE":"Mixt centru cartier","functiune":"Mixt centru cartier","c":"#FCA5A1","sursa":"PUG Suceava HCL 162/2017 - vectorizat TSS·FG","id":632},"geometry":{"type":"Polygon","coordinates":[[[26.2572862,47.6446287],[26.2572494,47.6448216],[26.2560102,47.6448276],[26.255666,47.643978],[26.2554373,47.6436229],[26.255168,47.6433792],[26.2547309,47.6431352],[26.2542364,47.642945],[26.2543413,47.6428067],[26.2548714,47.6429926],[26.2550528,47.642974],[26.2558102,47.6435815],[26.2560558,47.6438866],[26.2558284,47.6440125],[26.2559702,47.6443612],[26.2560994,47.6446787],[26.2563007,47.6446356],[26.2572862,47.6446287]]]}},{"type":"Feature","properties":{"UTR":"V1A","utr":"V1A","DENUMIRE":"Spatii verzi tip A","denumire":"Spatii verzi tip A","POT":5,"CUT":0.05,"RH":"-","FUNCTIUNE":"Spatii verzi tip A","functiune":"Spatii verzi tip A","c":"#86EFAC","sursa":"PUG Suceava HCL 162/2017 - vectorizat TSS·FG","id":633},"geometry":{"type":"Polygon","coordinates":[[[26.2559702,47.6443612],[26.2558284,47.6440125],[26.2563428,47.6439083],[26.2564411,47.6442102],[26.2561695,47.6442617],[26.2559702,47.6443612]]]}},{"type":"Feature","properties":{"UTR":"C0","utr":"C0","DENUMIRE":"Centru civic principal","denumire":"Centru civic principal","POT":75,"CUT":3.5,"RH":"P+5-P+7","FUNCTIUNE":"Centru civic principal","functiune":"Centru civic principal","c":"#FB923C","sursa":"PUG Suceava HCL 162/2017 - vectorizat TSS·FG","id":634},"geometry":{"type":"Polygon","coordinates":[[[26.2542771,47.6413715],[26.2545292,47.6412513],[26.2548724,47.6410785],[26.2550737,47.6412426],[26.2547924,47.641441],[26.254504,47.6415756],[26.2542771,47.6413715]]]}},{"type":"Feature","properties":{"UTR":"MC","utr":"MC","DENUMIRE":"Mixt centru cartier","denumire":"Mixt centru cartier","POT":55,"CUT":2.4,"RH":"P+4-P+5","FUNCTIUNE":"Mixt centru cartier","functiune":"Mixt centru cartier","c":"#FCA5A1","sursa":"PUG Suceava HCL 162/2017 - vectorizat TSS·FG","id":635},"geometry":{"type":"Polygon","coordinates":[[[26.2526508,47.6421959],[26.2527221,47.6421036],[26.2542771,47.6413715],[26.254504,47.6415756],[26.2540745,47.6417732],[26.2540308,47.6417301],[26.2536215,47.6419301],[26.2536429,47.6419554],[26.2530155,47.6422392],[26.2528742,47.6421112],[26.2526508,47.6421959]]]}},{"type":"Feature","properties":{"UTR":"MI","utr":"MI","DENUMIRE":"Mixt industrial reconversie","denumire":"Mixt industrial reconversie","POT":60,"CUT":2.5,"RH":"P+4-P+6","FUNCTIUNE":"Mixt industrial reconversie","functiune":"Mixt industrial reconversie","c":"#F87171","sursa":"PUG Suceava HCL 162/2017 - vectorizat TSS·FG","id":636},"geometry":{"type":"Polygon","coordinates":[[[26.2529883,47.6424651],[26.2526547,47.6423368],[26.2525678,47.6423034],[26.2526508,47.6421959],[26.2528742,47.6421112],[26.2530155,47.6422392],[26.2536429,47.6419554],[26.2536215,47.6419301],[26.2540308,47.6417301],[26.2540745,47.6417732],[26.2542299,47.6419182],[26.2540143,47.6420162],[26.2529883,47.6424651]]]}},{"type":"Feature","properties":{"UTR":"LC","utr":"LC","DENUMIRE":"Locuinte colective","denumire":"Locuinte colective","POT":40,"CUT":1.6,"RH":"P+3-P+4","FUNCTIUNE":"Locuinte colective","functiune":"Locuinte colective","c":"#FCD34D","sursa":"PUG Suceava HCL 162/2017 - vectorizat TSS·FG","id":637},"geometry":{"type":"Polygon","coordinates":[[[26.2558973,47.6416102],[26.2556173,47.6418203],[26.2558607,47.6419727],[26.2561013,47.6420587],[26.256358,47.6419259],[26.2566096,47.6421223],[26.2565228,47.6422589],[26.2567914,47.642483],[26.257082,47.6423372],[26.2578593,47.64309],[26.2584474,47.6437676],[26.2578477,47.64394],[26.2570568,47.6430455],[26.256951,47.6431086],[26.2566546,47.6429316],[26.2559973,47.6425389],[26.2556681,47.6423423],[26.25554,47.6423798],[26.2548572,47.6425796],[26.254804,47.6425088],[26.2547109,47.6423848],[26.2547387,47.6423676],[26.2546364,47.642213],[26.254871,47.642168],[26.2549001,47.6421029],[26.2554812,47.6418359],[26.2552041,47.6415896],[26.2553566,47.6416129],[26.2557677,47.6416239],[26.2558973,47.6416102]]]}},{"type":"Feature","properties":{"UTR":"MI","utr":"MI","DENUMIRE":"Mixt industrial reconversie","denumire":"Mixt industrial reconversie","POT":60,"CUT":2.5,"RH":"P+4-P+6","FUNCTIUNE":"Mixt industrial reconversie","functiune":"Mixt industrial reconversie","c":"#F87171","sursa":"PUG Suceava HCL 162/2017 - vectorizat TSS·FG","id":638},"geometry":{"type":"Polygon","coordinates":[[[26.2564485,47.6417577],[26.2562699,47.6418527],[26.256358,47.6419259],[26.2561013,47.6420587],[26.2558607,47.6419727],[26.2556173,47.6418203],[26.2558973,47.6416102],[26.2561233,47.641596],[26.2562407,47.6416044],[26.2564485,47.6417577]]]}},{"type":"Feature","properties":{"UTR":"LC","utr":"LC","DENUMIRE":"Locuinte colective","denumire":"Locuinte colective","POT":40,"CUT":1.6,"RH":"P+3-P+4","FUNCTIUNE":"Locuinte colective","functiune":"Locuinte colective","c":"#FCD34D","sursa":"PUG Suceava HCL 162/2017 - vectorizat TSS·FG","id":639},"geometry":{"type":"Polygon","coordinates":[[[26.2564485,47.6417577],[26.257082,47.6423372],[26.2567914,47.642483],[26.2565228,47.6422589],[26.2566096,47.6421223],[26.256358,47.6419259],[26.2562699,47.6418527],[26.2564485,47.6417577]]]}},{"type":"Feature","properties":{"UTR":"V1A","utr":"V1A","DENUMIRE":"Spatii verzi tip A","denumire":"Spatii verzi tip A","POT":5,"CUT":0.05,"RH":"-","FUNCTIUNE":"Spatii verzi tip A","functiune":"Spatii verzi tip A","c":"#86EFAC","sursa":"PUG Suceava HCL 162/2017 - vectorizat TSS·FG","id":640},"geometry":{"type":"Polygon","coordinates":[[[26.25554,47.6423798],[26.2556681,47.6423423],[26.2559973,47.6425389],[26.2557146,47.6426965],[26.25554,47.6423798]]]}},{"type":"Feature","properties":{"UTR":"MI","utr":"MI","DENUMIRE":"Mixt industrial reconversie","denumire":"Mixt industrial reconversie","POT":60,"CUT":2.5,"RH":"P+4-P+6","FUNCTIUNE":"Mixt industrial reconversie","functiune":"Mixt industrial reconversie","c":"#F87171","sursa":"PUG Suceava HCL 162/2017 - vectorizat TSS·FG","id":641},"geometry":{"type":"Polygon","coordinates":[[[26.2541682,47.642906],[26.2536684,47.6427266],[26.2532198,47.6425428],[26.253209,47.6425087],[26.2552041,47.6415896],[26.2554812,47.6418359],[26.2549001,47.6421029],[26.254871,47.642168],[26.2546364,47.642213],[26.2546311,47.6422141],[26.2545667,47.6422327],[26.2545747,47.6422531],[26.2545222,47.6422706],[26.2544266,47.6422648],[26.2544094,47.6422637],[26.2543739,47.6422434],[26.2542537,47.6423014],[26.2541823,47.6422754],[26.2537549,47.6424701],[26.2538106,47.6425226],[26.2539915,47.6426456],[26.2541775,47.6427396],[26.2542772,47.6427767],[26.2541682,47.642906]]]}},{"type":"Feature","properties":{"UTR":"LC","utr":"LC","DENUMIRE":"Locuinte colective","denumire":"Locuinte colective","POT":40,"CUT":1.6,"RH":"P+3-P+4","FUNCTIUNE":"Locuinte colective","functiune":"Locuinte colective","c":"#FCD34D","sursa":"PUG Suceava HCL 162/2017 - vectorizat TSS·FG","id":642},"geometry":{"type":"Polygon","coordinates":[[[26.254681,47.6425578],[26.2544407,47.6426622],[26.2543272,47.6427442],[26.2542772,47.6427767],[26.2541775,47.6427396],[26.2539915,47.6426456],[26.2538106,47.6425226],[26.2537549,47.6424701],[26.2541823,47.6422754],[26.2542537,47.6423014],[26.2543739,47.6422434],[26.2544094,47.6422637],[26.2544266,47.6422648],[26.254542,47.6424363],[26.2545944,47.6424467],[26.2546827,47.6425555],[26.254681,47.6425578]]]}},{"type":"Feature","properties":{"UTR":"LI","utr":"LI","DENUMIRE":"Locuinte individuale izolate","denumire":"Locuinte individuale izolate","POT":25,"CUT":0.8,"RH":"P+1-P+2","FUNCTIUNE":"Locuinte individuale izolate","functiune":"Locuinte individuale izolate","c":"#FEF3C7","sursa":"PUG Suceava HCL 162/2017 - vectorizat TSS·FG","id":643},"geometry":{"type":"Polygon","coordinates":[[[26.2546827,47.6425555],[26.2545944,47.6424467],[26.254542,47.6424363],[26.2544266,47.6422648],[26.2545222,47.6422706],[26.2545747,47.6422531],[26.2545667,47.6422327],[26.2546311,47.6422141],[26.2546364,47.642213],[26.2547387,47.6423676],[26.2547109,47.6423848],[26.254804,47.6425088],[26.2546827,47.6425555]]]}},{"type":"Feature","properties":{"UTR":"LC","utr":"LC","DENUMIRE":"Locuinte colective","denumire":"Locuinte colective","POT":40,"CUT":1.6,"RH":"P+3-P+4","FUNCTIUNE":"Locuinte colective","functiune":"Locuinte colective","c":"#FCD34D","sursa":"PUG Suceava HCL 162/2017 - vectorizat TSS·FG","id":644},"geometry":{"type":"Polygon","coordinates":[[[26.2546827,47.6425555],[26.2546836,47.6425566],[26.254681,47.6425578],[26.2546827,47.6425555]]]}},{"type":"Feature","properties":{"UTR":"LC","utr":"LC","DENUMIRE":"Locuinte colective","denumire":"Locuinte colective","POT":40,"CUT":1.6,"RH":"P+3-P+4","FUNCTIUNE":"Locuinte colective","functiune":"Locuinte colective","c":"#FCD34D","sursa":"PUG Suceava HCL 162/2017 - vectorizat TSS·FG","id":645},"geometry":{"type":"Polygon","coordinates":[[[26.2542299,47.6419182],[26.2540745,47.6417732],[26.254504,47.6415756],[26.2547924,47.641441],[26.2550737,47.6412426],[26.2548724,47.6410785],[26.2552976,47.6408981],[26.2552587,47.6414627],[26.2552358,47.6415103],[26.2550413,47.6415439],[26.2542299,47.6419182]]]}},{"type":"Feature","properties":{"UTR":"MC","utr":"MC","DENUMIRE":"Mixt centru cartier","denumire":"Mixt centru cartier","POT":55,"CUT":2.4,"RH":"P+4-P+5","FUNCTIUNE":"Mixt centru cartier","functiune":"Mixt centru cartier","c":"#FCA5A1","sursa":"PUG Suceava HCL 162/2017 - vectorizat TSS·FG","id":646},"geometry":{"type":"Polygon","coordinates":[[[26.2610935,47.6470586],[26.2615405,47.6469015],[26.2615537,47.6468864],[26.2620113,47.6467479],[26.2622685,47.6470634],[26.2620956,47.6471665],[26.2621065,47.6472003],[26.2619843,47.6472609],[26.2617454,47.6472472],[26.2613787,47.6473908],[26.2610935,47.6470586]]]}},{"type":"Feature","properties":{"UTR":"C0","utr":"C0","DENUMIRE":"Centru civic principal","denumire":"Centru civic principal","POT":75,"CUT":3.5,"RH":"P+5-P+7","FUNCTIUNE":"Centru civic principal","functiune":"Centru civic principal","c":"#FB923C","sursa":"PUG Suceava HCL 162/2017 - vectorizat TSS·FG","id":647},"geometry":{"type":"Polygon","coordinates":[[[26.2619843,47.6472609],[26.2621065,47.6472003],[26.2620956,47.6471665],[26.2622685,47.6470634],[26.2620113,47.6467479],[26.2624319,47.6466332],[26.263182,47.6464631],[26.2633746,47.6467925],[26.2635991,47.6471764],[26.2624612,47.6475674],[26.2623093,47.6475815],[26.262126,47.6473713],[26.2619843,47.6472609]]]}},{"type":"Feature","properties":{"UTR":"LC","utr":"LC","DENUMIRE":"Locuinte colective","denumire":"Locuinte colective","POT":40,"CUT":1.6,"RH":"P+3-P+4","FUNCTIUNE":"Locuinte colective","functiune":"Locuinte colective","c":"#FCD34D","sursa":"PUG Suceava HCL 162/2017 - vectorizat TSS·FG","id":648},"geometry":{"type":"Polygon","coordinates":[[[26.2633746,47.6467925],[26.263182,47.6464631],[26.2637358,47.6463375],[26.2639259,47.6464359],[26.2639743,47.6466112],[26.2637724,47.6466725],[26.2637982,47.6467157],[26.2636813,47.6467541],[26.2636416,47.6467053],[26.2633746,47.6467925]]]}},{"type":"Feature","properties":{"UTR":"L1A","utr":"L1A","DENUMIRE":"Locuinte individuale tip A","denumire":"Locuinte individuale tip A","POT":30,"CUT":0.9,"RH":"P+1-P+2","FUNCTIUNE":"Locuinte individuale tip A","functiune":"Locuinte individuale tip A","c":"#FDE68A","sursa":"PUG Suceava HCL 162/2017 - vectorizat TSS·FG","id":649},"geometry":{"type":"Polygon","coordinates":[[[26.2623093,47.6475815],[26.2624612,47.6475674],[26.2635991,47.6471764],[26.2633746,47.6467925],[26.2636416,47.6467053],[26.2636813,47.6467541],[26.2637982,47.6467157],[26.2637724,47.6466725],[26.2639743,47.6466112],[26.2640842,47.6470084],[26.2639223,47.6475825],[26.2637388,47.6478151],[26.2635622,47.6476566],[26.2633753,47.6477277],[26.2626439,47.6479408],[26.2624078,47.6479568],[26.2624121,47.6477791],[26.2623093,47.6475815]]]}},{"type":"Feature","properties":{"UTR":"M3","utr":"M3","DENUMIRE":"Mixt dotari","denumire":"Mixt dotari","POT":60,"CUT":2.8,"RH":"P+4-P+5","FUNCTIUNE":"Mixt dotari","functiune":"Mixt dotari","c":"#FDA4AF","sursa":"PUG Suceava HCL 162/2017 - vectorizat TSS·FG","id":650},"geometry":{"type":"Polygon","coordinates":[[[26.2624078,47.6479568],[26.2626439,47.6479408],[26.2633753,47.6477277],[26.2635622,47.6476566],[26.2637388,47.6478151],[26.2637369,47.6478175],[26.2634541,47.6481475],[26.2632725,47.6480435],[26.2631849,47.648051],[26.2631212,47.6479971],[26.2626326,47.6481573],[26.2629078,47.6485655],[26.2622672,47.6490156],[26.2621297,47.6485358],[26.2622774,47.6481302],[26.2623416,47.6479536],[26.2624078,47.6479568]]]}},{"type":"Feature","properties":{"UTR":"ZCP 3","utr":"ZCP 3","DENUMIRE":"Zona centrala protejata 3","denumire":"Zona centrala protejata 3","POT":40,"CUT":1.2,"RH":"P+2-P+3","FUNCTIUNE":"Zona centrala protejata 3","functiune":"Zona centrala protejata 3","c":"#F59E0B","sursa":"PUG Suceava HCL 162/2017 - vectorizat TSS·FG","id":651},"geometry":{"type":"Polygon","coordinates":[[[26.259717,47.647604],[26.2599467,47.6478409],[26.2587716,47.6482946],[26.2586605,47.6481262],[26.2595892,47.6476502],[26.259717,47.647604]]]}},{"type":"Feature","properties":{"UTR":"C0","utr":"C0","DENUMIRE":"Centru civic principal","denumire":"Centru civic principal","POT":75,"CUT":3.5,"RH":"P+5-P+7","FUNCTIUNE":"Centru civic principal","functiune":"Centru civic principal","c":"#FB923C","sursa":"PUG Suceava HCL 162/2017 - vectorizat TSS·FG","id":652},"geometry":{"type":"Polygon","coordinates":[[[26.2587716,47.6482946],[26.2599467,47.6478409],[26.259717,47.647604],[26.2607755,47.6471648],[26.2610935,47.6470586],[26.2613787,47.6473908],[26.2605805,47.6476997],[26.2606605,47.647789],[26.260775,47.6480455],[26.2599869,47.6484369],[26.2600594,47.6485184],[26.2595779,47.6487415],[26.2594847,47.648816],[26.2592816,47.6489099],[26.2591672,47.6488934],[26.2587716,47.6482946]]]}},{"type":"Feature","properties":{"UTR":"C0","utr":"C0","DENUMIRE":"Centru civic principal","denumire":"Centru civic principal","POT":75,"CUT":3.5,"RH":"P+5-P+7","FUNCTIUNE":"Centru civic principal","functiune":"Centru civic principal","c":"#FB923C","sursa":"PUG Suceava HCL 162/2017 - vectorizat TSS·FG","id":653},"geometry":{"type":"Polygon","coordinates":[[[26.2585795,47.6481748],[26.2587931,47.648495],[26.2587102,47.6485249],[26.2587602,47.6485789],[26.2578651,47.6490848],[26.2575175,47.648813],[26.2585795,47.6481748]]]}},{"type":"Feature","properties":{"UTR":"C1","utr":"C1","DENUMIRE":"Centru civic intensiv","denumire":"Centru civic intensiv","POT":80,"CUT":4.0,"RH":"P+6-P+8","FUNCTIUNE":"Centru civic intensiv","functiune":"Centru civic intensiv","c":"#F97316","sursa":"PUG Suceava HCL 162/2017 - vectorizat TSS·FG","id":654},"geometry":{"type":"Polygon","coordinates":[[[26.2555119,47.6501972],[26.2557183,47.6500476],[26.2559745,47.6502157],[26.2558967,47.6502764],[26.2562632,47.6505326],[26.2562503,47.6505584],[26.2559171,47.6507493],[26.2557231,47.6505779],[26.2558503,47.6505034],[26.2556469,47.6503127],[26.2555119,47.6501972]]]}},{"type":"Feature","properties":{"UTR":"M3","utr":"M3","DENUMIRE":"Mixt dotari","denumire":"Mixt dotari","POT":60,"CUT":2.8,"RH":"P+4-P+5","FUNCTIUNE":"Mixt dotari","functiune":"Mixt dotari","c":"#FDA4AF","sursa":"PUG Suceava HCL 162/2017 - vectorizat TSS·FG","id":655},"geometry":{"type":"Polygon","coordinates":[[[26.2586605,47.6481262],[26.2587716,47.6482946],[26.2591672,47.6488934],[26.2591412,47.6490241],[26.2590253,47.6493001],[26.2590718,47.6496816],[26.2589472,47.6498203],[26.2586314,47.6500163],[26.2584417,47.649839],[26.258179,47.6500257],[26.2580001,47.6500758],[26.2577648,47.6500018],[26.2572227,47.6495455],[26.2567276,47.6497954],[26.2567045,47.6499038],[26.2563569,47.6500586],[26.2566206,47.6503142],[26.2562632,47.6505326],[26.2558967,47.6502764],[26.2559745,47.6502157],[26.2557183,47.6500476],[26.2575175,47.648813],[26.2578651,47.6490848],[26.2587602,47.6485789],[26.2587102,47.6485249],[26.2587931,47.648495],[26.2585795,47.6481748],[26.2586605,47.6481262]]]}},{"type":"Feature","properties":{"UTR":"M3","utr":"M3","DENUMIRE":"Mixt dotari","denumire":"Mixt dotari","POT":60,"CUT":2.8,"RH":"P+4-P+5","FUNCTIUNE":"Mixt dotari","functiune":"Mixt dotari","c":"#FDA4AF","sursa":"PUG Suceava HCL 162/2017 - vectorizat TSS·FG","id":656},"geometry":{"type":"Polygon","coordinates":[[[26.2534621,47.6520478],[26.2535723,47.6518514],[26.2537755,47.651601],[26.2544947,47.6509182],[26.2555119,47.6501972],[26.2556469,47.6503127],[26.2558503,47.6505034],[26.2557231,47.6505779],[26.255638,47.6505171],[26.255477,47.6506115],[26.2554008,47.6506236],[26.2551973,47.6507597],[26.2552633,47.6508117],[26.254791,47.6511421],[26.2550021,47.6513242],[26.2543648,47.651563],[26.2542395,47.6516257],[26.2542093,47.6518766],[26.2543594,47.6520047],[26.2539468,47.6523096],[26.2534621,47.6520478]]]}},{"type":"Feature","properties":{"UTR":"C0","utr":"C0","DENUMIRE":"Centru civic principal","denumire":"Centru civic principal","POT":75,"CUT":3.5,"RH":"P+5-P+7","FUNCTIUNE":"Centru civic principal","functiune":"Centru civic principal","c":"#FB923C","sursa":"PUG Suceava HCL 162/2017 - vectorizat TSS·FG","id":657},"geometry":{"type":"Polygon","coordinates":[[[26.2600788,47.6472698],[26.2597474,47.6474067],[26.2595256,47.6471514],[26.2598322,47.6470293],[26.2598714,47.647042],[26.2600788,47.6472698]]]}},{"type":"Feature","properties":{"UTR":"C0","utr":"C0","DENUMIRE":"Centru civic principal","denumire":"Centru civic principal","POT":75,"CUT":3.5,"RH":"P+5-P+7","FUNCTIUNE":"Centru civic principal","functiune":"Centru civic principal","c":"#FB923C","sursa":"PUG Suceava HCL 162/2017 - vectorizat TSS·FG","id":658},"geometry":{"type":"Polygon","coordinates":[[[26.2599929,47.6469901],[26.2599547,47.6469444],[26.259976,47.6469136],[26.2603571,47.6467689],[26.2604089,47.6468236],[26.2599929,47.6469901]]]}},{"type":"Feature","properties":{"UTR":"C0","utr":"C0","DENUMIRE":"Centru civic principal","denumire":"Centru civic principal","POT":75,"CUT":3.5,"RH":"P+5-P+7","FUNCTIUNE":"Centru civic principal","functiune":"Centru civic principal","c":"#FB923C","sursa":"PUG Suceava HCL 162/2017 - vectorizat TSS·FG","id":659},"geometry":{"type":"Polygon","coordinates":[[[26.25903,47.6458262],[26.2590905,47.6459756],[26.2590053,47.6459973],[26.2585606,47.6460804],[26.2584741,47.6459499],[26.25903,47.6458262]]]}},{"type":"Feature","properties":{"UTR":"MC","utr":"MC","DENUMIRE":"Mixt centru cartier","denumire":"Mixt centru cartier","POT":55,"CUT":2.4,"RH":"P+4-P+5","FUNCTIUNE":"Mixt centru cartier","functiune":"Mixt centru cartier","c":"#FCA5A1","sursa":"PUG Suceava HCL 162/2017 - vectorizat TSS·FG","id":660},"geometry":{"type":"Polygon","coordinates":[[[26.2595256,47.6471514],[26.2597474,47.6474067],[26.2590462,47.6477103],[26.2589015,47.6476448],[26.2575567,47.646195],[26.257599,47.6460319],[26.258134,47.6457898],[26.2583437,47.646023],[26.2579266,47.6461568],[26.2580319,47.646272],[26.2584424,47.6461361],[26.2585606,47.6460804],[26.2590053,47.6459973],[26.2590905,47.6459756],[26.25903,47.6458262],[26.2584741,47.6459499],[26.2583107,47.6456919],[26.2587335,47.6455016],[26.2588476,47.6454629],[26.2589758,47.645655],[26.2592352,47.6456078],[26.2592101,47.6455574],[26.2591607,47.6455673],[26.2591107,47.6454591],[26.259621,47.6453493],[26.259803,47.6457396],[26.2600221,47.6456378],[26.2606844,47.6455006],[26.2605343,47.6451764],[26.2612675,47.6450197],[26.2617193,47.6449416],[26.261806,47.6450908],[26.2619683,47.6450562],[26.261893,47.6448197],[26.262958,47.6452193],[26.262608,47.6452448],[26.2623513,47.6454168],[26.2622197,47.6455691],[26.2621768,47.6454713],[26.2616007,47.6452593],[26.2612452,47.6453618],[26.2613935,47.6457077],[26.2617013,47.6456569],[26.2617309,47.6457325],[26.2617918,47.6457195],[26.2618579,47.6459249],[26.2623074,47.6458711],[26.2623369,47.6459729],[26.2617952,47.6460556],[26.2613646,47.646151],[26.2610119,47.6462743],[26.2609828,47.6463417],[26.2613421,47.646812],[26.2606182,47.6470457],[26.2604089,47.6468236],[26.2603571,47.6467689],[26.259976,47.6469136],[26.2599547,47.6469444],[26.2599929,47.6469901],[26.2598714,47.647042],[26.2598322,47.6470293],[26.2595256,47.6471514]]]}},{"type":"Feature","properties":{"UTR":"C0","utr":"C0","DENUMIRE":"Centru civic principal","denumire":"Centru civic principal","POT":75,"CUT":3.5,"RH":"P+5-P+7","FUNCTIUNE":"Centru civic principal","functiune":"Centru civic principal","c":"#FB923C","sursa":"PUG Suceava HCL 162/2017 - vectorizat TSS·FG","id":661},"geometry":{"type":"Polygon","coordinates":[[[26.2585723,47.6453362],[26.2579476,47.645648],[26.257809,47.6455365],[26.2576909,47.6455308],[26.2574292,47.6452698],[26.2579533,47.6450468],[26.2579333,47.6449617],[26.2583324,47.6449634],[26.2585723,47.6453362]]]}},{"type":"Feature","properties":{"UTR":"ZCP 1","utr":"ZCP 1","DENUMIRE":"Zona centrala protejata 1","denumire":"Zona centrala protejata 1","POT":40,"CUT":1.2,"RH":"P+2-P+3","FUNCTIUNE":"Zona centrala protejata 1","functiune":"Zona centrala protejata 1","c":"#FDE68A","sursa":"PUG Suceava HCL 162/2017 - vectorizat TSS·FG","id":662},"geometry":{"type":"Polygon","coordinates":[[[26.2618875,47.6447918],[26.261893,47.6448197],[26.2619683,47.6450562],[26.261806,47.6450908],[26.2617193,47.6449416],[26.2612675,47.6450197],[26.2605343,47.6451764],[26.2606844,47.6455006],[26.2600221,47.6456378],[26.259803,47.6457396],[26.259621,47.6453493],[26.2591107,47.6454591],[26.2591607,47.6455673],[26.2592101,47.6455574],[26.2592352,47.6456078],[26.2589758,47.645655],[26.2588139,47.6454218],[26.2588806,47.6453887],[26.2588928,47.6454103],[26.2607344,47.6450026],[26.2607421,47.6450181],[26.2612187,47.6449125],[26.2612258,47.6449278],[26.2618875,47.6447918]]]}},{"type":"Feature","properties":{"UTR":"L1B","utr":"L1B","DENUMIRE":"Locuinte individuale tip B","denumire":"Locuinte individuale tip B","POT":35,"CUT":1.1,"RH":"P+1-P+2","FUNCTIUNE":"Locuinte individuale tip B","functiune":"Locuinte individuale tip B","c":"#FCD34D","sursa":"PUG Suceava HCL 162/2017 - vectorizat TSS·FG","id":663},"geometry":{"type":"Polygon","coordinates":[[[26.2579533,47.6450468],[26.2574292,47.6452698],[26.2576909,47.6455308],[26.257809,47.6455365],[26.2579476,47.645648],[26.2574314,47.6459056],[26.25725,47.6459459],[26.2570144,47.645857],[26.2566433,47.6456034],[26.2569801,47.6454291],[26.2569496,47.6452243],[26.2568752,47.6452373],[26.2566362,47.6453122],[26.2566597,47.6454489],[26.2563652,47.6450658],[26.2579533,47.6450468]]]}},{"type":"Feature","properties":{"UTR":"MC","utr":"MC","DENUMIRE":"Mixt centru cartier","denumire":"Mixt centru cartier","POT":55,"CUT":2.4,"RH":"P+4-P+5","FUNCTIUNE":"Mixt centru cartier","functiune":"Mixt centru cartier","c":"#FCA5A1","sursa":"PUG Suceava HCL 162/2017 - vectorizat TSS·FG","id":664},"geometry":{"type":"Polygon","coordinates":[[[26.2566433,47.6456034],[26.2565003,47.6455057],[26.256099,47.6450327],[26.2561845,47.6449352],[26.2579522,47.644909],[26.2579333,47.6449617],[26.2579533,47.6450468],[26.2563652,47.6450658],[26.2566597,47.6454489],[26.2566362,47.6453122],[26.2568752,47.6452373],[26.2569496,47.6452243],[26.2569801,47.6454291],[26.2566433,47.6456034]]]}},{"type":"Feature","properties":{"UTR":"C1","utr":"C1","DENUMIRE":"Centru civic intensiv","denumire":"Centru civic intensiv","POT":80,"CUT":4.0,"RH":"P+6-P+8","FUNCTIUNE":"Centru civic intensiv","functiune":"Centru civic intensiv","c":"#F97316","sursa":"PUG Suceava HCL 162/2017 - vectorizat TSS·FG","id":665},"geometry":{"type":"Polygon","coordinates":[[[26.25412,47.6455729],[26.2535347,47.6460308],[26.2532113,47.6457609],[26.2537898,47.6454052],[26.25412,47.6455729]]]}},{"type":"Feature","properties":{"UTR":"L1A","utr":"L1A","DENUMIRE":"Locuinte individuale tip A","denumire":"Locuinte individuale tip A","POT":30,"CUT":0.9,"RH":"P+1-P+2","FUNCTIUNE":"Locuinte individuale tip A","functiune":"Locuinte individuale tip A","c":"#FDE68A","sursa":"PUG Suceava HCL 162/2017 - vectorizat TSS·FG","id":666},"geometry":{"type":"Polygon","coordinates":[[[26.2511199,47.6438182],[26.2512009,47.6437106],[26.2511851,47.6436945],[26.2512562,47.6436157],[26.2513429,47.6437497],[26.2513222,47.6437446],[26.2512768,47.6437576],[26.2509699,47.644156],[26.2509253,47.6441407],[26.2508989,47.6441739],[26.2508791,47.6443127],[26.2508535,47.6443143],[26.2502767,47.6444604],[26.2498117,47.6439367],[26.2499728,47.6438879],[26.2501148,47.6437344],[26.2502467,47.6436511],[26.2506993,47.6438774],[26.2510068,47.6439465],[26.2511199,47.6438182]]]}},{"type":"Feature","properties":{"UTR":"LI","utr":"LI","DENUMIRE":"Locuinte individuale izolate","denumire":"Locuinte individuale izolate","POT":25,"CUT":0.8,"RH":"P+1-P+2","FUNCTIUNE":"Locuinte individuale izolate","functiune":"Locuinte individuale izolate","c":"#FEF3C7","sursa":"PUG Suceava HCL 162/2017 - vectorizat TSS·FG","id":667},"geometry":{"type":"Polygon","coordinates":[[[26.2492727,47.6417579],[26.2493421,47.6415987],[26.2500686,47.6417019],[26.2500223,47.6419561],[26.2501007,47.6420431],[26.2500376,47.6420571],[26.2501,47.6422079],[26.2501056,47.6422465],[26.2500695,47.642363],[26.2500476,47.6423829],[26.2500179,47.6423968],[26.249957,47.6423843],[26.2498821,47.6422901],[26.2495895,47.6420234],[26.2495685,47.6420286],[26.2492727,47.6417579]]]}},{"type":"Feature","properties":{"UTR":"LC","utr":"LC","DENUMIRE":"Locuinte colective","denumire":"Locuinte colective","POT":40,"CUT":1.6,"RH":"P+3-P+4","FUNCTIUNE":"Locuinte colective","functiune":"Locuinte colective","c":"#FCD34D","sursa":"PUG Suceava HCL 162/2017 - vectorizat TSS·FG","id":668},"geometry":{"type":"Polygon","coordinates":[[[26.2494504,47.6420284],[26.2496084,47.6421635],[26.2495156,47.6422118],[26.2493434,47.642263],[26.2492381,47.6421275],[26.2494504,47.6420284]]]}},{"type":"Feature","properties":{"UTR":"ZCP 4","utr":"ZCP 4","DENUMIRE":"Zona centrala protejata 4","denumire":"Zona centrala protejata 4","POT":40,"CUT":1.2,"RH":"P+2-P+3","FUNCTIUNE":"Zona centrala protejata 4","functiune":"Zona centrala protejata 4","c":"#D97706","sursa":"PUG Suceava HCL 162/2017 - vectorizat TSS·FG","id":669},"geometry":{"type":"Polygon","coordinates":[[[26.2525133,47.6424597],[26.2523382,47.6426659],[26.2522059,47.6426142],[26.2522196,47.6425968],[26.2520274,47.6425261],[26.2519664,47.642595],[26.251857,47.6426136],[26.2517616,47.6424613],[26.2517128,47.6424417],[26.251675,47.6423941],[26.2515426,47.6424042],[26.2514198,47.6425279],[26.251248,47.6423874],[26.2512243,47.642413],[26.2511797,47.6423409],[26.251214,47.6422989],[26.2503543,47.6419408],[26.2504084,47.6417505],[26.2508709,47.6418168],[26.2525133,47.6424597]]]}},{"type":"Feature","properties":{"UTR":"C0","utr":"C0","DENUMIRE":"Centru civic principal","denumire":"Centru civic principal","POT":75,"CUT":3.5,"RH":"P+5-P+7","FUNCTIUNE":"Centru civic principal","functiune":"Centru civic principal","c":"#FB923C","sursa":"PUG Suceava HCL 162/2017 - vectorizat TSS·FG","id":670},"geometry":{"type":"Polygon","coordinates":[[[26.253193,47.6426968],[26.2530884,47.6427906],[26.2531999,47.6428321],[26.2528668,47.6432353],[26.2525904,47.6435582],[26.2521679,47.6433677],[26.2520776,47.6434826],[26.2521249,47.6435006],[26.2520295,47.6436094],[26.2514086,47.6433252],[26.2512073,47.6431219],[26.2510874,47.6430516],[26.2512727,47.6428152],[26.2515878,47.6427054],[26.2520156,47.6428657],[26.2522059,47.6426142],[26.2523382,47.6426659],[26.2525133,47.6424597],[26.253193,47.6426968]]]}},{"type":"Feature","properties":{"UTR":"LC","utr":"LC","DENUMIRE":"Locuinte colective","denumire":"Locuinte colective","POT":40,"CUT":1.6,"RH":"P+3-P+4","FUNCTIUNE":"Locuinte colective","functiune":"Locuinte colective","c":"#FCD34D","sursa":"PUG Suceava HCL 162/2017 - vectorizat TSS·FG","id":671},"geometry":{"type":"Polygon","coordinates":[[[26.2504084,47.6417505],[26.2503543,47.6419408],[26.251214,47.6422989],[26.2511797,47.6423409],[26.2512243,47.642413],[26.251248,47.6423874],[26.2514198,47.6425279],[26.2515426,47.6424042],[26.251675,47.6423941],[26.2517128,47.6424417],[26.2517616,47.6424613],[26.251857,47.6426136],[26.2519664,47.642595],[26.2520274,47.6425261],[26.2522196,47.6425968],[26.2522059,47.6426142],[26.2520156,47.6428657],[26.2515878,47.6427054],[26.2513571,47.6426884],[26.2511395,47.6427123],[26.2511354,47.6426746],[26.2509006,47.64263],[26.2507848,47.6426381],[26.2506838,47.6426547],[26.2506304,47.642613],[26.2506922,47.6425152],[26.2506455,47.642473],[26.2507175,47.6424258],[26.2505958,47.6423409],[26.2503955,47.6424569],[26.2502949,47.642373],[26.2501226,47.6423858],[26.2500695,47.642363],[26.2501056,47.6422465],[26.2501,47.6422079],[26.2500376,47.6420571],[26.2501007,47.6420431],[26.2500223,47.6419561],[26.2500686,47.6417019],[26.2504084,47.6417505]]]}},{"type":"Feature","properties":{"UTR":"LI","utr":"LI","DENUMIRE":"Locuinte individuale izolate","denumire":"Locuinte individuale izolate","POT":25,"CUT":0.8,"RH":"P+1-P+2","FUNCTIUNE":"Locuinte individuale izolate","functiune":"Locuinte individuale izolate","c":"#FEF3C7","sursa":"PUG Suceava HCL 162/2017 - vectorizat TSS·FG","id":672},"geometry":{"type":"Polygon","coordinates":[[[26.2501226,47.6423858],[26.2502949,47.642373],[26.2503955,47.6424569],[26.2505958,47.6423409],[26.2507175,47.6424258],[26.2506455,47.642473],[26.2506922,47.6425152],[26.2506304,47.642613],[26.2506838,47.6426547],[26.2507848,47.6426381],[26.2509006,47.64263],[26.2511354,47.6426746],[26.2511395,47.6427123],[26.2513571,47.6426884],[26.2515878,47.6427054],[26.2512727,47.6428152],[26.2510874,47.6430516],[26.2512073,47.6431219],[26.2514086,47.6433252],[26.2520295,47.6436094],[26.2522244,47.6437087],[26.2520984,47.64408],[26.2519454,47.6440491],[26.2517342,47.6439666],[26.2514984,47.6437573],[26.2510539,47.6432865],[26.250795,47.6430344],[26.2505015,47.6427926],[26.2500979,47.6424724],[26.250092,47.6424521],[26.2501112,47.6424003],[26.2501226,47.6423858]]]}},{"type":"Feature","properties":{"UTR":"L1B","utr":"L1B","DENUMIRE":"Locuinte individuale tip B","denumire":"Locuinte individuale tip B","POT":35,"CUT":1.1,"RH":"P+1-P+2","FUNCTIUNE":"Locuinte individuale tip B","functiune":"Locuinte individuale tip B","c":"#FCD34D","sursa":"PUG Suceava HCL 162/2017 - vectorizat TSS·FG","id":673},"geometry":{"type":"Polygon","coordinates":[[[26.2560102,47.6448276],[26.2572494,47.6448216],[26.2579159,47.6448183],[26.2580713,47.6448175],[26.2582603,47.6447047],[26.2583149,47.6448165],[26.2586828,47.6452618],[26.2585723,47.6453362],[26.2583324,47.6449634],[26.2579333,47.6449617],[26.2579522,47.644909],[26.2561845,47.6449352],[26.256099,47.6450327],[26.2560102,47.6448276]]]}},{"type":"Feature","properties":{"UTR":"L1B","utr":"L1B","DENUMIRE":"Locuinte individuale tip B","denumire":"Locuinte individuale tip B","POT":35,"CUT":1.1,"RH":"P+1-P+2","FUNCTIUNE":"Locuinte individuale tip B","functiune":"Locuinte individuale tip B","c":"#FCD34D","sursa":"PUG Suceava HCL 162/2017 - vectorizat TSS·FG","id":674},"geometry":{"type":"Polygon","coordinates":[[[26.2563145,47.6455602],[26.2561337,47.6455444],[26.2560394,47.6456062],[26.2551347,47.6449652],[26.2551282,47.6448462],[26.255253,47.6448192],[26.2559247,47.6453926],[26.2560565,47.6454848],[26.2562525,47.6454316],[26.2563145,47.6455602]]]}},{"type":"Feature","properties":{"UTR":"MI","utr":"MI","DENUMIRE":"Mixt industrial reconversie","denumire":"Mixt industrial reconversie","POT":60,"CUT":2.5,"RH":"P+4-P+6","FUNCTIUNE":"Mixt industrial reconversie","functiune":"Mixt industrial reconversie","c":"#F87171","sursa":"PUG Suceava HCL 162/2017 - vectorizat TSS·FG","id":675},"geometry":{"type":"Polygon","coordinates":[[[26.2535548,47.6428415],[26.2534259,47.6430032],[26.2533684,47.6430176],[26.2532585,47.6431027],[26.2530851,47.6431733],[26.2529907,47.6432854],[26.2528668,47.6432353],[26.2531999,47.6428321],[26.2530884,47.6427906],[26.253193,47.6426968],[26.2535548,47.6428415]]]}},{"type":"Feature","properties":{"UTR":"C0","utr":"C0","DENUMIRE":"Centru civic principal","denumire":"Centru civic principal","POT":75,"CUT":3.5,"RH":"P+5-P+7","FUNCTIUNE":"Centru civic principal","functiune":"Centru civic principal","c":"#FB923C","sursa":"PUG Suceava HCL 162/2017 - vectorizat TSS·FG","id":676},"geometry":{"type":"Polygon","coordinates":[[[26.2557146,47.6426965],[26.2559973,47.6425389],[26.2566546,47.6429316],[26.2564044,47.6430453],[26.2562802,47.6431801],[26.2560791,47.6432759],[26.2557146,47.6426965]]]}},{"type":"Feature","properties":{"UTR":"L1B","utr":"L1B","DENUMIRE":"Locuinte individuale tip B","denumire":"Locuinte individuale tip B","POT":35,"CUT":1.1,"RH":"P+1-P+2","FUNCTIUNE":"Locuinte individuale tip B","functiune":"Locuinte individuale tip B","c":"#FCD34D","sursa":"PUG Suceava HCL 162/2017 - vectorizat TSS·FG","id":677},"geometry":{"type":"Polygon","coordinates":[[[26.2739549,47.6475137],[26.2733589,47.647447],[26.2725342,47.6472926],[26.2719981,47.6472506],[26.2710513,47.6473872],[26.270775,47.6473981],[26.270799,47.6472597],[26.2709311,47.6471865],[26.2708842,47.6470834],[26.2708758,47.6470619],[26.2704952,47.6470615],[26.270482,47.6470075],[26.2702975,47.646996],[26.2702666,47.6471902],[26.2697389,47.6470754],[26.2697814,47.6470331],[26.2695084,47.6469687],[26.2695079,47.6469406],[26.2692187,47.6467026],[26.2691674,47.6467305],[26.2686875,47.6465977],[26.2687925,47.6464861],[26.2686283,47.6464385],[26.2685125,47.6465216],[26.2683475,47.6464483],[26.2682415,47.6465039],[26.2680989,47.6464807],[26.2681506,47.6463175],[26.26791,47.6463397],[26.2675829,47.6459529],[26.2669387,47.6462649],[26.2660908,47.645962],[26.2665308,47.6457506],[26.2668459,47.6457683],[26.2671238,47.645626],[26.2676453,47.6454264],[26.2676385,47.6453861],[26.2679747,47.6453333],[26.2679925,47.645363],[26.2681073,47.6453634],[26.268383,47.6453116],[26.2685139,47.6456221],[26.268643,47.6457547],[26.268693,47.6457366],[26.2688216,47.6458604],[26.2687317,47.6459149],[26.2689504,47.6460138],[26.2691927,47.6462953],[26.2691841,47.6463772],[26.2695131,47.6464945],[26.2697179,47.6464731],[26.2698092,47.6465401],[26.2700559,47.646505],[26.2704561,47.6466064],[26.2717511,47.6465631],[26.2728772,47.6469145],[26.273442,47.6472662],[26.2739514,47.6474359],[26.2739549,47.6475137]]]}},{"type":"Feature","properties":{"UTR":"L1C","utr":"L1C","DENUMIRE":"Locuinte individuale tip C","denumire":"Locuinte individuale tip C","POT":40,"CUT":1.3,"RH":"P+2","FUNCTIUNE":"Locuinte individuale tip C","functiune":"Locuinte individuale tip C","c":"#F59E0B","sursa":"PUG Suceava HCL 162/2017 - vectorizat TSS·FG","id":678},"geometry":{"type":"Polygon","coordinates":[[[26.2472442,47.6358836],[26.2474217,47.6358472],[26.2479293,47.6357251],[26.248125,47.6356798],[26.2483909,47.6355835],[26.2485744,47.635795],[26.2483793,47.6359013],[26.2473998,47.6361355],[26.2472442,47.6358836]]]}},{"type":"Feature","properties":{"UTR":"L2","utr":"L2","DENUMIRE":"Locuinte colective mici","denumire":"Locuinte colective mici","POT":40,"CUT":1.6,"RH":"P+3-P+4","FUNCTIUNE":"Locuinte colective mici","functiune":"Locuinte colective mici","c":"#FCD34D","sursa":"PUG Suceava HCL 162/2017 - vectorizat TSS·FG","id":679},"geometry":{"type":"Polygon","coordinates":[[[26.2302576,47.6373593],[26.2307016,47.6375712],[26.230494,47.6377667],[26.2306176,47.6378282],[26.230529,47.6379061],[26.2305935,47.6379296],[26.2301862,47.638278],[26.2294747,47.6379534],[26.2302576,47.6373593]]]}},{"type":"Feature","properties":{"UTR":"M2","utr":"M2","DENUMIRE":"Mixt comercial","denumire":"Mixt comercial","POT":65,"CUT":3.0,"RH":"P+5-P+6","FUNCTIUNE":"Mixt comercial","functiune":"Mixt comercial","c":"#F87171","sursa":"PUG Suceava HCL 162/2017 - vectorizat TSS·FG","id":680},"geometry":{"type":"Polygon","coordinates":[[[26.2484938,47.6770162],[26.2485117,47.6771908],[26.2482007,47.6771981],[26.2478974,47.6769997],[26.2473253,47.6768528],[26.2472741,47.6769539],[26.246661,47.6767562],[26.2465885,47.6768661],[26.2459516,47.676894],[26.2459859,47.6765306],[26.2463657,47.6765079],[26.246792,47.6765558],[26.2483885,47.6769536],[26.2484938,47.6770162]]]}},{"type":"Feature","properties":{"UTR":"M2","utr":"M2","DENUMIRE":"Mixt comercial","denumire":"Mixt comercial","POT":65,"CUT":3.0,"RH":"P+5-P+6","FUNCTIUNE":"Mixt comercial","functiune":"Mixt comercial","c":"#F87171","sursa":"PUG Suceava HCL 162/2017 - vectorizat TSS·FG","id":681},"geometry":{"type":"Polygon","coordinates":[[[26.243984,47.6773206],[26.2440023,47.6772473],[26.2441514,47.6766488],[26.2444219,47.6766513],[26.2458056,47.6764245],[26.2459963,47.6764211],[26.2459859,47.6765306],[26.2459516,47.676894],[26.245946,47.6771928],[26.2458133,47.677218],[26.2456417,47.6772505],[26.2454448,47.6768949],[26.2448506,47.6770109],[26.2445626,47.676997],[26.2444654,47.6772856],[26.243984,47.6773206]]]}},{"type":"Feature","properties":{"UTR":"M2","utr":"M2","DENUMIRE":"Mixt comercial","denumire":"Mixt comercial","POT":65,"CUT":3.0,"RH":"P+5-P+6","FUNCTIUNE":"Mixt comercial","functiune":"Mixt comercial","c":"#F87171","sursa":"PUG Suceava HCL 162/2017 - vectorizat TSS·FG","id":682},"geometry":{"type":"Polygon","coordinates":[[[26.2474908,47.6791647],[26.2470827,47.6795495],[26.2464975,47.6796179],[26.2464517,47.6796863],[26.2459043,47.679638],[26.2454475,47.6795021],[26.2455517,47.679207],[26.2458211,47.6792327],[26.2459399,47.6791769],[26.2459753,47.6789929],[26.2460285,47.6787163],[26.2460227,47.6785457],[26.2463745,47.678504],[26.2464656,47.6784094],[26.2465033,47.6782925],[26.2468258,47.6784185],[26.2469585,47.6784579],[26.2471025,47.678497],[26.2471279,47.6785345],[26.2471195,47.6787881],[26.2470965,47.6789228],[26.2471373,47.6790673],[26.2471865,47.679078],[26.2474908,47.6791647]]]}},{"type":"Feature","properties":{"UTR":"C2A","utr":"C2A","DENUMIRE":"Comercial tip A","denumire":"Comercial tip A","POT":60,"CUT":2.4,"RH":"P+3-P+5","FUNCTIUNE":"Comercial tip A","functiune":"Comercial tip A","c":"#FDBA74","sursa":"PUG Suceava HCL 162/2017 - vectorizat TSS·FG","id":683},"geometry":{"type":"Polygon","coordinates":[[[26.2448506,47.6770109],[26.2454448,47.6768949],[26.2456417,47.6772505],[26.2458133,47.677218],[26.245783,47.6776102],[26.2455188,47.6776591],[26.2455085,47.6778375],[26.2450911,47.677829],[26.2447124,47.677755],[26.2446834,47.6777419],[26.2448506,47.6770109]]]}},{"type":"Feature","properties":{"UTR":"M2","utr":"M2","DENUMIRE":"Mixt comercial","denumire":"Mixt comercial","POT":65,"CUT":3.0,"RH":"P+5-P+6","FUNCTIUNE":"Mixt comercial","functiune":"Mixt comercial","c":"#F87171","sursa":"PUG Suceava HCL 162/2017 - vectorizat TSS·FG","id":684},"geometry":{"type":"Polygon","coordinates":[[[26.2437201,47.6797585],[26.2436855,47.6795828],[26.244337,47.6796654],[26.2441877,47.6799479],[26.2441426,47.6800181],[26.2438649,47.6799616],[26.2437201,47.6797585]]]}},{"type":"Feature","properties":{"UTR":"L1C","utr":"L1C","DENUMIRE":"Locuinte individuale tip C","denumire":"Locuinte individuale tip C","POT":40,"CUT":1.3,"RH":"P+2","FUNCTIUNE":"Locuinte individuale tip C","functiune":"Locuinte individuale tip C","c":"#F59E0B","sursa":"PUG Suceava HCL 162/2017 - vectorizat TSS·FG","id":685},"geometry":{"type":"Polygon","coordinates":[[[26.3059666,47.6788383],[26.3034667,47.6792495],[26.3032241,47.6786482],[26.3031815,47.6782157],[26.3030722,47.6779572],[26.3029016,47.6777212],[26.302699,47.6776009],[26.3012474,47.6768335],[26.3005316,47.6765347],[26.3000952,47.676265],[26.3001023,47.6762616],[26.3008656,47.6760563],[26.3026705,47.6749457],[26.3055863,47.6782061],[26.3057378,47.6782215],[26.3059666,47.6788383]]]}},{"type":"Feature","properties":{"UTR":"V4","utr":"V4","DENUMIRE":"Spatii verzi rezidential","denumire":"Spatii verzi rezidential","POT":3,"CUT":0.03,"RH":"-","FUNCTIUNE":"Spatii verzi rezidential","functiune":"Spatii verzi rezidential","c":"#86EFAC","sursa":"PUG Suceava HCL 162/2017 - vectorizat TSS·FG","id":686},"geometry":{"type":"Point","coordinates":[26.2953865,47.6777938]}},{"type":"Feature","properties":{"UTR":"M3","utr":"M3","DENUMIRE":"Mixt dotari","denumire":"Mixt dotari","POT":60,"CUT":2.8,"RH":"P+4-P+5","FUNCTIUNE":"Mixt dotari","functiune":"Mixt dotari","c":"#FDA4AF","sursa":"PUG Suceava HCL 162/2017 - vectorizat TSS·FG","id":687},"geometry":{"type":"Polygon","coordinates":[[[26.251603,47.6771917],[26.2526764,47.677132],[26.2632642,47.6761776],[26.2633829,47.6763606],[26.2635193,47.6765121],[26.2651466,47.6781409],[26.2652978,47.6780971],[26.2663015,47.6798472],[26.2661108,47.6799111],[26.2662024,47.680076],[26.2656253,47.6801918],[26.2655332,47.6799885],[26.2647152,47.6801536],[26.2645803,47.6798896],[26.2648935,47.6798233],[26.2647484,47.6793519],[26.2639144,47.6780407],[26.2634434,47.6781742],[26.2630661,47.6773158],[26.2632134,47.6772731],[26.262901,47.6767948],[26.2616083,47.6772169],[26.2615277,47.6770361],[26.2613231,47.6770686],[26.2614706,47.6773848],[26.2612151,47.6774448],[26.261018,47.6769986],[26.2607722,47.6770417],[26.2606145,47.6766903],[26.2602813,47.6767635],[26.2602521,47.6766998],[26.2598945,47.676739],[26.2598848,47.6767201],[26.2596673,47.6767676],[26.2596908,47.6768423],[26.2595698,47.6768607],[26.2595874,47.6768946],[26.2592554,47.6769634],[26.2591072,47.6767674],[26.2587737,47.6768323],[26.2588014,47.6768935],[26.2584897,47.6769707],[26.2585285,47.6770748],[26.2579453,47.6771794],[26.2578845,47.6770394],[26.2574695,47.6771066],[26.2573982,47.6769349],[26.256897,47.6770185],[26.2569357,47.6771198],[26.2564539,47.6772291],[26.2564442,47.6772691],[26.2560704,47.6773294],[26.255972,47.6771038],[26.2557805,47.6771379],[26.2557662,47.6770993],[26.255588,47.6771274],[26.2556574,47.6772958],[26.2553991,47.677338],[26.2554005,47.6774285],[26.2551789,47.677462],[26.2550592,47.677166],[26.2547831,47.6771992],[26.2548257,47.6773165],[26.2545711,47.6773562],[26.2548469,47.6780439],[26.2542398,47.678147],[26.2539398,47.6773574],[26.2537765,47.6773839],[26.2537588,47.6774627],[26.25351,47.6775002],[26.2534542,47.6773612],[26.2532834,47.6773751],[26.2533469,47.6776386],[26.2516244,47.6777624],[26.251603,47.6771917]]]}},{"type":"Feature","properties":{"UTR":"M3","utr":"M3","DENUMIRE":"Mixt dotari","denumire":"Mixt dotari","POT":60,"CUT":2.8,"RH":"P+4-P+5","FUNCTIUNE":"Mixt dotari","functiune":"Mixt dotari","c":"#FDA4AF","sursa":"PUG Suceava HCL 162/2017 - vectorizat TSS·FG","id":688},"geometry":{"type":"Polygon","coordinates":[[[26.2489818,47.6774967],[26.2489559,47.6774392],[26.2489751,47.6773786],[26.2490699,47.6772921],[26.2491011,47.6772413],[26.2491056,47.6770801],[26.250528,47.6772514],[26.2514958,47.6771976],[26.25152,47.6781254],[26.2507286,47.6781653],[26.2506281,47.6778115],[26.2498517,47.6776834],[26.2498216,47.6776629],[26.2498419,47.6774873],[26.2489818,47.6774967]]]}},{"type":"Feature","properties":{"UTR":"L1B","utr":"L1B","DENUMIRE":"Locuinte individuale tip B","denumire":"Locuinte individuale tip B","POT":35,"CUT":1.1,"RH":"P+1-P+2","FUNCTIUNE":"Locuinte individuale tip B","functiune":"Locuinte individuale tip B","c":"#FCD34D","sursa":"PUG Suceava HCL 162/2017 - vectorizat TSS·FG","id":689},"geometry":{"type":"Polygon","coordinates":[[[26.2507286,47.6781653],[26.25152,47.6781254],[26.2514958,47.6771976],[26.251603,47.6771917],[26.2516244,47.6777624],[26.2533469,47.6776386],[26.2532834,47.6773751],[26.2534542,47.6773612],[26.25351,47.6775002],[26.2537588,47.6774627],[26.2537765,47.6773839],[26.2539398,47.6773574],[26.2542398,47.678147],[26.2548469,47.6780439],[26.2545711,47.6773562],[26.2548257,47.6773165],[26.2547831,47.6771992],[26.2550592,47.677166],[26.2551789,47.677462],[26.2554005,47.6774285],[26.2553991,47.677338],[26.2556574,47.6772958],[26.255588,47.6771274],[26.2557662,47.6770993],[26.2557805,47.6771379],[26.255972,47.6771038],[26.2560704,47.6773294],[26.2564442,47.6772691],[26.2564539,47.6772291],[26.2569357,47.6771198],[26.256897,47.6770185],[26.2573982,47.6769349],[26.2574695,47.6771066],[26.2578845,47.6770394],[26.2579453,47.6771794],[26.2585285,47.6770748],[26.2584897,47.6769707],[26.2588014,47.6768935],[26.2587737,47.6768323],[26.2591072,47.6767674],[26.2592554,47.6769634],[26.2595874,47.6768946],[26.2595698,47.6768607],[26.2596908,47.6768423],[26.2596673,47.6767676],[26.2598848,47.6767201],[26.2598945,47.676739],[26.2602521,47.6766998],[26.2602813,47.6767635],[26.2606145,47.6766903],[26.2607722,47.6770417],[26.261018,47.6769986],[26.2612151,47.6774448],[26.2614706,47.6773848],[26.2613231,47.6770686],[26.2615277,47.6770361],[26.2616083,47.6772169],[26.262901,47.6767948],[26.2632134,47.6772731],[26.2630661,47.6773158],[26.2634434,47.6781742],[26.2639144,47.6780407],[26.2647484,47.6793519],[26.2648935,47.6798233],[26.2645803,47.6798896],[26.2647152,47.6801536],[26.2655332,47.6799885],[26.2656253,47.6801918],[26.2654624,47.6802261],[26.2669456,47.6830366],[26.2664742,47.6831529],[26.2664112,47.6832279],[26.267301,47.685],[26.2653042,47.6852009],[26.2609853,47.6858686],[26.261085,47.6857801],[26.2601809,47.6832123],[26.2583186,47.678747],[26.2546605,47.6791914],[26.2542411,47.679201],[26.2541239,47.6788654],[26.2535531,47.6789138],[26.2535064,47.6786664],[26.2540367,47.6786222],[26.2537801,47.6779368],[26.2520262,47.6780745],[26.2520657,47.6784748],[26.2521515,47.6784702],[26.2521754,47.678659],[26.2523613,47.6786467],[26.2523864,47.6787604],[26.2522041,47.6788183],[26.2522294,47.6790251],[26.2521832,47.6790287],[26.2522459,47.6793735],[26.2524315,47.679362],[26.2525082,47.6800319],[26.2522744,47.6800438],[26.2523,47.6802179],[26.2525217,47.6802165],[26.2525551,47.6803826],[26.2523534,47.6803896],[26.2523844,47.6806625],[26.2522848,47.6806675],[26.2523118,47.6808937],[26.2525462,47.6808822],[26.252601,47.6813473],[26.2529142,47.6813196],[26.2529304,47.6814528],[26.2526579,47.6814787],[26.2526752,47.6816213],[26.2525381,47.6816311],[26.2525935,47.6819395],[26.2528714,47.6819278],[26.252873,47.6820342],[26.2525605,47.6820489],[26.2525756,47.6823024],[26.252523,47.682305],[26.2525379,47.6824567],[26.2542727,47.6823941],[26.2542904,47.6826041],[26.2527289,47.6826505],[26.2527434,47.6827519],[26.2531727,47.6827401],[26.2531701,47.6828432],[26.2528049,47.6828478],[26.252806,47.6830449],[26.2529285,47.6830453],[26.2529176,47.6833171],[26.2525722,47.6833171],[26.2525447,47.683629],[26.2529258,47.6836427],[26.2529147,47.6837742],[26.2522978,47.6837677],[26.2522234,47.6838728],[26.2516895,47.6838526],[26.2517093,47.6836844],[26.2517802,47.6836906],[26.2518121,47.6834933],[26.251748,47.6833907],[26.2517359,47.6831857],[26.2514849,47.6831717],[26.2515044,47.6829087],[26.2513966,47.6829007],[26.2514329,47.6822064],[26.2516451,47.6822166],[26.251642,47.682038],[26.2515254,47.6820342],[26.2515187,47.6818768],[26.2512505,47.6818751],[26.2512835,47.681352],[26.2515396,47.6813495],[26.2515258,47.6810026],[26.2511193,47.6810081],[26.2511155,47.680763],[26.2512916,47.680758],[26.2512859,47.6806128],[26.2514388,47.6806118],[26.2514324,47.6804507],[26.2512784,47.6804498],[26.2512892,47.6802951],[26.251242,47.680002],[26.2512302,47.6798277],[26.2513813,47.6798303],[26.2513814,47.6796602],[26.2511264,47.6796637],[26.2511169,47.6794541],[26.2510141,47.6794501],[26.2510065,47.6790408],[26.2511186,47.6790351],[26.2511233,47.6788606],[26.2512363,47.6788595],[26.2512358,47.67876],[26.2509863,47.6787638],[26.2509844,47.6786643],[26.2510741,47.6786621],[26.2510732,47.6785793],[26.251028,47.6785781],[26.2510269,47.678315],[26.2506966,47.6783186],[26.250669,47.6781597],[26.2507286,47.6781653]]]}},{"type":"Feature","properties":{"UTR":"C2B","utr":"C2B","DENUMIRE":"Comercial tip B","denumire":"Comercial tip B","POT":60,"CUT":2.4,"RH":"P+3-P+5","FUNCTIUNE":"Comercial tip B","functiune":"Comercial tip B","c":"#FCA5A5","sursa":"PUG Suceava HCL 162/2017 - vectorizat TSS·FG","id":690},"geometry":{"type":"Polygon","coordinates":[[[26.2627788,47.6394204],[26.2630306,47.6393175],[26.2635145,47.6389841],[26.2635627,47.6394326],[26.2636403,47.6395539],[26.2633845,47.6396984],[26.2630557,47.639908],[26.2627788,47.6394204]]]}},{"type":"Feature","properties":{"UTR":"L2","utr":"L2","DENUMIRE":"Locuinte colective mici","denumire":"Locuinte colective mici","POT":40,"CUT":1.6,"RH":"P+3-P+4","FUNCTIUNE":"Locuinte colective mici","functiune":"Locuinte colective mici","c":"#FCD34D","sursa":"PUG Suceava HCL 162/2017 - vectorizat TSS·FG","id":691},"geometry":{"type":"Polygon","coordinates":[[[26.2621679,47.6382735],[26.2623035,47.638518],[26.262686,47.6383973],[26.2628847,47.6387424],[26.2629694,47.6390216],[26.2628478,47.6391839],[26.2626869,47.6392524],[26.2626083,47.6391176],[26.2625422,47.6390142],[26.2624159,47.638875],[26.2621726,47.638705],[26.2619499,47.6386065],[26.2617679,47.6385488],[26.2617501,47.6385289],[26.2617957,47.6384484],[26.2618385,47.6383944],[26.261883,47.6383576],[26.2619344,47.6383366],[26.2621679,47.6382735]]]}},{"type":"Feature","properties":{"UTR":"V1A","utr":"V1A","DENUMIRE":"Spatii verzi tip A","denumire":"Spatii verzi tip A","POT":5,"CUT":0.05,"RH":"-","FUNCTIUNE":"Spatii verzi tip A","functiune":"Spatii verzi tip A","c":"#86EFAC","sursa":"PUG Suceava HCL 162/2017 - vectorizat TSS·FG","id":692},"geometry":{"type":"Polygon","coordinates":[[[26.2623751,47.642197],[26.2629008,47.6423515],[26.2627802,47.6424108],[26.2623563,47.6426194],[26.2623751,47.642197]]]}},{"type":"Feature","properties":{"UTR":"ZCP 5","utr":"ZCP 5","DENUMIRE":"Zona centrala protejata 5","denumire":"Zona centrala protejata 5","POT":40,"CUT":1.2,"RH":"P+2-P+3","FUNCTIUNE":"Zona centrala protejata 5","functiune":"Zona centrala protejata 5","c":"#FDE68A","sursa":"PUG Suceava HCL 162/2017 - vectorizat TSS·FG","id":693},"geometry":{"type":"Polygon","coordinates":[[[26.2479858,47.6410656],[26.2479775,47.6410645],[26.2477115,47.6410229],[26.2478345,47.6405783],[26.2480103,47.6406055],[26.2480948,47.6406238],[26.2479858,47.6410656]]]}},{"type":"Feature","properties":{"UTR":"C0","utr":"C0","DENUMIRE":"Centru civic principal","denumire":"Centru civic principal","POT":75,"CUT":3.5,"RH":"P+5-P+7","FUNCTIUNE":"Centru civic principal","functiune":"Centru civic principal","c":"#FB923C","sursa":"PUG Suceava HCL 162/2017 - vectorizat TSS·FG","id":694},"geometry":{"type":"Polygon","coordinates":[[[26.2562237,47.6415044],[26.2560733,47.6414781],[26.2552587,47.6414627],[26.2552976,47.6408981],[26.2561321,47.6409013],[26.2561346,47.6409788],[26.2561753,47.6411],[26.2562709,47.6411916],[26.2565286,47.6413258],[26.2568482,47.6414708],[26.2568195,47.6416054],[26.2567767,47.6416461],[26.2566594,47.6416897],[26.2565206,47.6416625],[26.256322,47.6415247],[26.2562237,47.6415044]]]}},{"type":"Feature","properties":{"UTR":"MC","utr":"MC","DENUMIRE":"Mixt centru cartier","denumire":"Mixt centru cartier","POT":55,"CUT":2.4,"RH":"P+4-P+5","FUNCTIUNE":"Mixt centru cartier","functiune":"Mixt centru cartier","c":"#FCA5A1","sursa":"PUG Suceava HCL 162/2017 - vectorizat TSS·FG","id":695},"geometry":{"type":"Polygon","coordinates":[[[26.2571315,47.6480759],[26.2569844,47.6479811],[26.2568454,47.6478456],[26.2572695,47.6476522],[26.2572999,47.6476479],[26.2573389,47.6476628],[26.2574028,47.6477439],[26.257388,47.6477932],[26.2571315,47.6480759]]]}},{"type":"Feature","properties":{"UTR":"MC","utr":"MC","DENUMIRE":"Mixt centru cartier","denumire":"Mixt centru cartier","POT":55,"CUT":2.4,"RH":"P+4-P+5","FUNCTIUNE":"Mixt centru cartier","functiune":"Mixt centru cartier","c":"#FCA5A1","sursa":"PUG Suceava HCL 162/2017 - vectorizat TSS·FG","id":696},"geometry":{"type":"Polygon","coordinates":[[[26.2572401,47.6475714],[26.2569299,47.6471817],[26.257793,47.6468371],[26.2581252,47.6471574],[26.2572401,47.6475714]]]}},{"type":"Feature","properties":{"UTR":"L1A","utr":"L1A","DENUMIRE":"Locuinte individuale tip A","denumire":"Locuinte individuale tip A","POT":30,"CUT":0.9,"RH":"P+1-P+2","FUNCTIUNE":"Locuinte individuale tip A","functiune":"Locuinte individuale tip A","c":"#FDE68A","sursa":"PUG Suceava HCL 162/2017 - vectorizat TSS·FG","id":697},"geometry":{"type":"Polygon","coordinates":[[[26.2505923,47.6513065],[26.2504085,47.6508739],[26.2509856,47.6507389],[26.2513699,47.6511613],[26.2505923,47.6513065]]]}},{"type":"Feature","properties":{"UTR":"L1B","utr":"L1B","DENUMIRE":"Locuinte individuale tip B","denumire":"Locuinte individuale tip B","POT":35,"CUT":1.1,"RH":"P+1-P+2","FUNCTIUNE":"Locuinte individuale tip B","functiune":"Locuinte individuale tip B","c":"#FCD34D","sursa":"PUG Suceava HCL 162/2017 - vectorizat TSS·FG","id":698},"geometry":{"type":"Polygon","coordinates":[[[26.2663862,47.6468694],[26.2671054,47.6469446],[26.2674102,47.6470091],[26.2678772,47.6470783],[26.2680745,47.6470494],[26.268277,47.6474801],[26.2676523,47.6474899],[26.2664527,47.6471273],[26.2663862,47.6468694]]]}},{"type":"Feature","properties":{"UTR":"L1B","utr":"L1B","DENUMIRE":"Locuinte individuale tip B","denumire":"Locuinte individuale tip B","POT":35,"CUT":1.1,"RH":"P+1-P+2","FUNCTIUNE":"Locuinte individuale tip B","functiune":"Locuinte individuale tip B","c":"#FCD34D","sursa":"PUG Suceava HCL 162/2017 - vectorizat TSS·FG","id":699},"geometry":{"type":"Polygon","coordinates":[[[26.2489505,47.6421047],[26.2489236,47.6420987],[26.2488285,47.6420033],[26.2488293,47.6419876],[26.2490096,47.6418403],[26.2490494,47.6418283],[26.2491902,47.6418171],[26.2492096,47.6418253],[26.2493607,47.6419528],[26.2493465,47.6419807],[26.2493261,47.6419946],[26.2489505,47.6421047]]]}},{"type":"Feature","properties":{"UTR":"MI","utr":"MI","DENUMIRE":"Mixt industrial reconversie","denumire":"Mixt industrial reconversie","POT":60,"CUT":2.5,"RH":"P+4-P+6","FUNCTIUNE":"Mixt industrial reconversie","functiune":"Mixt industrial reconversie","c":"#F87171","sursa":"PUG Suceava HCL 162/2017 - vectorizat TSS·FG","id":700},"geometry":{"type":"Polygon","coordinates":[[[26.2551441,47.6446582],[26.2547724,47.644571],[26.2548453,47.6441545],[26.2552805,47.6442656],[26.2551441,47.6446582]]]}},{"type":"Feature","properties":{"UTR":"V1A","utr":"V1A","DENUMIRE":"Spatii verzi tip A","denumire":"Spatii verzi tip A","POT":5,"CUT":0.05,"RH":"-","FUNCTIUNE":"Spatii verzi tip A","functiune":"Spatii verzi tip A","c":"#86EFAC","sursa":"PUG Suceava HCL 162/2017 - vectorizat TSS·FG","id":701},"geometry":{"type":"Polygon","coordinates":[[[26.2555397,47.6447284],[26.2556334,47.6446466],[26.2556992,47.6446176],[26.2557356,47.644703],[26.2557104,47.6447334],[26.2556679,47.6447453],[26.2555397,47.6447284]]]}},{"type":"Feature","properties":{"UTR":"L2","utr":"L2","DENUMIRE":"Locuinte colective mici","denumire":"Locuinte colective mici","POT":40,"CUT":1.6,"RH":"P+3-P+4","FUNCTIUNE":"Locuinte colective mici","functiune":"Locuinte colective mici","c":"#FCD34D","sursa":"PUG Suceava HCL 162/2017 - vectorizat TSS·FG","id":702},"geometry":{"type":"Polygon","coordinates":[[[26.2480197,47.6506437],[26.2480768,47.6507573],[26.2459784,47.6511609],[26.2457977,47.6511997],[26.2453445,47.6512866],[26.2447243,47.6514018],[26.2440895,47.6515152],[26.2439759,47.6512567],[26.2440631,47.6512381],[26.2439768,47.6510601],[26.2439515,47.6509677],[26.2440379,47.6509505],[26.2439249,47.6507378],[26.243824,47.6507562],[26.243712,47.6505667],[26.2433527,47.6506652],[26.2432684,47.6505019],[26.2430096,47.6505663],[26.2429732,47.6504876],[26.2437562,47.6502701],[26.2438893,47.6502409],[26.2437456,47.6499483],[26.2441128,47.6498468],[26.244633,47.6497414],[26.2448938,47.649581],[26.245025,47.6494555],[26.2450178,47.6493316],[26.2449791,47.6493133],[26.2450833,47.6492112],[26.2455214,47.6491802],[26.2466884,47.6489758],[26.2466538,47.6486171],[26.2467806,47.6486178],[26.2468602,47.647463],[26.2458026,47.64745],[26.2446763,47.6474381],[26.2446945,47.6471334],[26.2448395,47.6465177],[26.2457904,47.6465744],[26.2475631,47.6466047],[26.2475573,47.6469528],[26.2478602,47.6469525],[26.2478241,47.6475039],[26.2483075,47.6475053],[26.2484517,47.6474098],[26.2483833,47.6484886],[26.2484037,47.6487175],[26.2486421,47.6492387],[26.2490077,47.6500379],[26.249061,47.650024],[26.2493096,47.6505244],[26.2491484,47.6505256],[26.2489299,47.6501043],[26.248059,47.6502757],[26.2481954,47.6506016],[26.2480197,47.6506437]]]}},{"type":"Feature","properties":{"UTR":"C1","utr":"C1","DENUMIRE":"Centru civic intensiv","denumire":"Centru civic intensiv","POT":80,"CUT":4.0,"RH":"P+6-P+8","FUNCTIUNE":"Centru civic intensiv","functiune":"Centru civic intensiv","c":"#F97316","sursa":"PUG Suceava HCL 162/2017 - vectorizat TSS·FG","id":703},"geometry":{"type":"Polygon","coordinates":[[[26.2607797,47.6436563],[26.2608267,47.6437436],[26.2606232,47.6437886],[26.2608027,47.6441657],[26.2600402,47.6443238],[26.2598791,47.6438808],[26.2607797,47.6436563]]]}},{"type":"Feature","properties":{"UTR":"L1A","utr":"L1A","DENUMIRE":"Locuinte individuale tip A","denumire":"Locuinte individuale tip A","POT":30,"CUT":0.9,"RH":"P+1-P+2","FUNCTIUNE":"Locuinte individuale tip A","functiune":"Locuinte individuale tip A","c":"#FDE68A","sursa":"PUG Suceava HCL 162/2017 - vectorizat TSS·FG","id":704},"geometry":{"type":"Polygon","coordinates":[[[26.2499252,47.6433713],[26.2498415,47.6433041],[26.2495387,47.6433582],[26.2488226,47.6421988],[26.2492174,47.6420911],[26.2492047,47.6420742],[26.2493624,47.642027],[26.249425,47.6420198],[26.2494504,47.6420284],[26.2492381,47.6421275],[26.2493434,47.642263],[26.2495156,47.6422118],[26.2496084,47.6421635],[26.2496583,47.6421412],[26.2497397,47.6422037],[26.2498051,47.6422549],[26.2498689,47.642328],[26.2499241,47.6424323],[26.2497576,47.642388],[26.2496579,47.6423938],[26.2495254,47.6424282],[26.249603,47.6426041],[26.2499764,47.6428904],[26.2501086,47.6429809],[26.2502386,47.6430459],[26.2503349,47.6431119],[26.2503431,47.6430602],[26.2503773,47.6430228],[26.2504613,47.6431775],[26.2502946,47.6432734],[26.2502148,47.6433886],[26.2499252,47.6433713]]]}},{"type":"Feature","properties":{"UTR":"L2","utr":"L2","DENUMIRE":"Locuinte colective mici","denumire":"Locuinte colective mici","POT":40,"CUT":1.6,"RH":"P+3-P+4","FUNCTIUNE":"Locuinte colective mici","functiune":"Locuinte colective mici","c":"#FCD34D","sursa":"PUG Suceava HCL 162/2017 - vectorizat TSS·FG","id":705},"geometry":{"type":"Polygon","coordinates":[[[26.2498117,47.6439367],[26.2496048,47.6434683],[26.2499252,47.6433713],[26.2502148,47.6433886],[26.2502946,47.6432734],[26.2504739,47.6433444],[26.2507601,47.6435084],[26.2509368,47.6435894],[26.2508875,47.6437157],[26.2509277,47.6437416],[26.2511199,47.6438182],[26.2510068,47.6439465],[26.2506993,47.6438774],[26.2502467,47.6436511],[26.2501148,47.6437344],[26.2499728,47.6438879],[26.2498117,47.6439367]]]}},{"type":"Feature","properties":{"UTR":"LI","utr":"LI","DENUMIRE":"Locuinte individuale izolate","denumire":"Locuinte individuale izolate","POT":25,"CUT":0.8,"RH":"P+1-P+2","FUNCTIUNE":"Locuinte individuale izolate","functiune":"Locuinte individuale izolate","c":"#FEF3C7","sursa":"PUG Suceava HCL 162/2017 - vectorizat TSS·FG","id":706},"geometry":{"type":"Polygon","coordinates":[[[26.2534372,47.6439638],[26.253656,47.6440291],[26.253527,47.6443302],[26.2532539,47.6442724],[26.2533673,47.6440492],[26.2534372,47.6439638]]]}},{"type":"Feature","properties":{"UTR":"LI","utr":"LI","DENUMIRE":"Locuinte individuale izolate","denumire":"Locuinte individuale izolate","POT":25,"CUT":0.8,"RH":"P+1-P+2","FUNCTIUNE":"Locuinte individuale izolate","functiune":"Locuinte individuale izolate","c":"#FEF3C7","sursa":"PUG Suceava HCL 162/2017 - vectorizat TSS·FG","id":707},"geometry":{"type":"Polygon","coordinates":[[[26.252841,47.6441909],[26.2525478,47.6441389],[26.2526812,47.6438488],[26.2529267,47.6438978],[26.252841,47.6441909]]]}},{"type":"Feature","properties":{"UTR":"LC","utr":"LC","DENUMIRE":"Locuinte colective","denumire":"Locuinte colective","POT":40,"CUT":1.6,"RH":"P+3-P+4","FUNCTIUNE":"Locuinte colective","functiune":"Locuinte colective","c":"#FCD34D","sursa":"PUG Suceava HCL 162/2017 - vectorizat TSS·FG","id":708},"geometry":{"type":"Polygon","coordinates":[[[26.2538911,47.6435541],[26.2539825,47.6435573],[26.2541178,47.6435982],[26.2541326,47.643581],[26.254168,47.6435978],[26.2542427,47.6436035],[26.254435,47.6436969],[26.2544084,47.6437602],[26.2546072,47.6438716],[26.2548453,47.6441545],[26.2547724,47.644571],[26.253527,47.6443302],[26.253656,47.6440291],[26.2534372,47.6439638],[26.2533673,47.6440492],[26.2532539,47.6442724],[26.252841,47.6441909],[26.2529267,47.6438978],[26.2526812,47.6438488],[26.2525478,47.6441389],[26.2520984,47.64408],[26.2522244,47.6437087],[26.2520295,47.6436094],[26.2521249,47.6435006],[26.2520776,47.6434826],[26.2521679,47.6433677],[26.2525904,47.6435582],[26.2528668,47.6432353],[26.2529907,47.6432854],[26.2530158,47.6432955],[26.2529525,47.6433672],[26.2531746,47.6434606],[26.2532609,47.6435401],[26.2534012,47.6435998],[26.2534646,47.6436542],[26.2535125,47.6436386],[26.2535421,47.64369],[26.2535483,47.6436928],[26.2535223,47.6437613],[26.2535574,47.6437658],[26.2535738,47.6437273],[26.2539121,47.6437009],[26.2538911,47.6435541]]]}},{"type":"Feature","properties":{"UTR":"LI","utr":"LI","DENUMIRE":"Locuinte individuale izolate","denumire":"Locuinte individuale izolate","POT":25,"CUT":0.8,"RH":"P+1-P+2","FUNCTIUNE":"Locuinte individuale izolate","functiune":"Locuinte individuale izolate","c":"#FEF3C7","sursa":"PUG Suceava HCL 162/2017 - vectorizat TSS·FG","id":709},"geometry":{"type":"Polygon","coordinates":[[[26.2534012,47.6435998],[26.2534701,47.6435429],[26.2534302,47.6434722],[26.2537203,47.6434012],[26.2537766,47.6435278],[26.2538734,47.6435223],[26.2538911,47.6435541],[26.2539121,47.6437009],[26.2535738,47.6437273],[26.2535574,47.6437658],[26.2535223,47.6437613],[26.2535483,47.6436928],[26.2535421,47.64369],[26.2535125,47.6436386],[26.2534646,47.6436542],[26.2534012,47.6435998]]]}},{"type":"Feature","properties":{"UTR":"F","utr":"F","DENUMIRE":"Institutii publice","denumire":"Institutii publice","POT":45,"CUT":1.5,"RH":"P+2-P+4","FUNCTIUNE":"Institutii publice","functiune":"Institutii publice","c":"#93C5FD","sursa":"PUG Suceava HCL 162/2017 - vectorizat TSS·FG","id":710},"geometry":{"type":"Polygon","coordinates":[[[26.2480369,47.6382123],[26.2479324,47.6383342],[26.2476343,47.6381621],[26.2476712,47.6381323],[26.2476298,47.6381071],[26.2476376,47.63806],[26.2478448,47.6379725],[26.2478837,47.6380078],[26.2478049,47.6380514],[26.2480369,47.6382123]]]}},{"type":"Feature","properties":{"UTR":"LI","utr":"LI","DENUMIRE":"Locuinte individuale izolate","denumire":"Locuinte individuale izolate","POT":25,"CUT":0.8,"RH":"P+1-P+2","FUNCTIUNE":"Locuinte individuale izolate","functiune":"Locuinte individuale izolate","c":"#FEF3C7","sursa":"PUG Suceava HCL 162/2017 - vectorizat TSS·FG","id":711},"geometry":{"type":"Polygon","coordinates":[[[26.2494054,47.6400485],[26.2493755,47.6399157],[26.2498638,47.6397964],[26.2502406,47.6396972],[26.2502508,47.6398835],[26.250227,47.6399755],[26.2498639,47.6399828],[26.2497152,47.6400839],[26.2495416,47.6401127],[26.2494054,47.6400485]]]}},{"type":"Feature","properties":{"UTR":"L2","utr":"L2","DENUMIRE":"Locuinte colective mici","denumire":"Locuinte colective mici","POT":40,"CUT":1.6,"RH":"P+3-P+4","FUNCTIUNE":"Locuinte colective mici","functiune":"Locuinte colective mici","c":"#FCD34D","sursa":"PUG Suceava HCL 162/2017 - vectorizat TSS·FG","id":712},"geometry":{"type":"Polygon","coordinates":[[[26.2617663,47.6383998],[26.2616424,47.6385179],[26.2614496,47.638502],[26.2613839,47.6383477],[26.2614183,47.6382564],[26.2616714,47.6381775],[26.2617663,47.6383998]]]}},{"type":"Feature","properties":{"UTR":"C0","utr":"C0","DENUMIRE":"Centru civic principal","denumire":"Centru civic principal","POT":75,"CUT":3.5,"RH":"P+5-P+7","FUNCTIUNE":"Centru civic principal","functiune":"Centru civic principal","c":"#FB923C","sursa":"PUG Suceava HCL 162/2017 - vectorizat TSS·FG","id":713},"geometry":{"type":"Polygon","coordinates":[[[26.260775,47.6480455],[26.2606605,47.647789],[26.2605805,47.6476997],[26.2613787,47.6473908],[26.2617454,47.6472472],[26.2619843,47.6472609],[26.262126,47.6473713],[26.2623093,47.6475815],[26.2624121,47.6477791],[26.2624078,47.6479568],[26.2623416,47.6479536],[26.2622774,47.6481302],[26.2620983,47.6479415],[26.2617802,47.6480623],[26.2617157,47.647989],[26.2612756,47.6481323],[26.2612174,47.6480389],[26.2610611,47.6481127],[26.2609812,47.6480294],[26.2608537,47.6480446],[26.2608162,47.6480674],[26.260775,47.6480455]]]}},{"type":"Feature","properties":{"UTR":"F","utr":"F","DENUMIRE":"Institutii publice","denumire":"Institutii publice","POT":45,"CUT":1.5,"RH":"P+2-P+4","FUNCTIUNE":"Institutii publice","functiune":"Institutii publice","c":"#93C5FD","sursa":"PUG Suceava HCL 162/2017 - vectorizat TSS·FG","id":714},"geometry":{"type":"Polygon","coordinates":[[[26.2630174,47.6535557],[26.2630786,47.6533951],[26.2635291,47.653402],[26.2635283,47.6535821],[26.2630174,47.6535557]]]}},{"type":"Feature","properties":{"UTR":"L1C","utr":"L1C","DENUMIRE":"Locuinte individuale tip C","denumire":"Locuinte individuale tip C","POT":40,"CUT":1.3,"RH":"P+2","FUNCTIUNE":"Locuinte individuale tip C","functiune":"Locuinte individuale tip C","c":"#F59E0B","sursa":"PUG Suceava HCL 162/2017 - vectorizat TSS·FG","id":715},"geometry":{"type":"Polygon","coordinates":[[[26.2950544,47.6858067],[26.294851,47.6858322],[26.2946902,47.6858935],[26.2942438,47.6862373],[26.2938644,47.6865703],[26.2937907,47.6867625],[26.2934194,47.6867309],[26.2932927,47.6872493],[26.2929114,47.6871835],[26.292894,47.6872015],[26.2927613,47.6871916],[26.2927237,47.6872935],[26.2925616,47.6872723],[26.2926313,47.6870161],[26.2923565,47.6870129],[26.2920535,47.6870905],[26.2916943,47.6870977],[26.2912962,47.687063],[26.2913123,47.6869543],[26.2911581,47.686938],[26.2911943,47.6868081],[26.2913069,47.6868175],[26.2913826,47.6864275],[26.2912952,47.6864243],[26.2913351,47.686264],[26.2914946,47.6862676],[26.2915241,47.6861087],[26.2913887,47.6861006],[26.2914356,47.6857961],[26.2914356,47.6857961],[26.2915532,47.685806],[26.2916283,47.6856291],[26.2914514,47.6856075],[26.2914942,47.6854667],[26.2921276,47.6855042],[26.2921752,47.6853828],[26.291887,47.6853756],[26.2918923,47.6852781],[26.2916444,47.6852664],[26.291694,47.6851473],[26.2917677,47.68515],[26.2917932,47.6850471],[26.2914849,47.6850092],[26.2915666,47.6848278],[26.2918682,47.6848576],[26.2919098,47.6846943],[26.2923092,47.6847322],[26.2924433,47.6846582],[26.2927435,47.6846871],[26.2928186,47.6846004],[26.2918066,47.684382],[26.2918445,47.6842356],[26.2925497,47.6843609],[26.292676,47.6841087],[26.2924349,47.6839815],[26.2924527,47.6838172],[26.2921645,47.6837756],[26.2922384,47.6834718],[26.29195,47.6834436],[26.2919792,47.6832433],[26.2921966,47.683273],[26.2922234,47.6831674],[26.2924414,47.6832389],[26.2936313,47.683452],[26.2937706,47.6832656],[26.2939255,47.6832629],[26.2940899,47.6835975],[26.2942789,47.6836032],[26.294321,47.6836925],[26.294247,47.6837046],[26.294366,47.6839139],[26.2942415,47.6839113],[26.2938111,47.6838301],[26.2935805,47.6837449],[26.2933521,47.6840675],[26.293637,47.6841399],[26.2935495,47.6846246],[26.2947336,47.6846364],[26.2947172,47.6845515],[26.2950131,47.6845452],[26.2950066,47.6847497],[26.2949472,47.6847452],[26.2949508,47.684806],[26.2945767,47.684805],[26.294576,47.6852517],[26.2941564,47.685209],[26.2941379,47.6854054],[26.2946298,47.6854648],[26.2946047,47.6855803],[26.2944199,47.685867],[26.2947054,47.6858209],[26.2950391,47.685767],[26.2950544,47.6858067]]]}}],"metadata":{"uat":"Municipiul Suceava","judet":"Suceava","siruta":"148045","sursa":"PUG aprobat HCL nr. 162/2017 — vectorizat TSS·FG din Stereo70","sistem_referinta":"WGS84 (convertit din Stereo70/Pulkovo1942)","utr_count":715,"tip_count":42,"versiune":"2026-05-20"}}