{"type":"FeatureCollection","crs":{"type":"name","properties":{"name":"EPSG:4326"}},"features":[{"type":"Feature","properties":{"fid":1,"Cod_ZF":"ZF01","Tip_ZF":"Zonă aflată permanent sub ape","Cod_SZF":"TA","Tip_SZF":"Ape","utr":"TA","cod":"TA","ZONA":"TA","denumire":"Ape","functiune":"Zonă aflată permanent sub ape"},"geometry":{"type":"Polygon","coordinates":[[[27.359333,47.372156],[27.359762,47.372062],[27.35993,47.371645],[27.360248,47.371373],[27.364579,47.368875],[27.368618,47.367848],[27.372957,47.366453],[27.372936,47.366336],[27.372738,47.366045],[27.372594,47.365892],[27.372555,47.365796],[27.372545,47.365685],[27.372615,47.365585],[27.373405,47.364431],[27.373623,47.364098],[27.374681,47.362476],[27.37439,47.362449],[27.373708,47.362384],[27.371499,47.362229],[27.370398,47.362137],[27.369296,47.362044],[27.368235,47.361968],[27.366855,47.361697],[27.366443,47.361625],[27.366426,47.361783],[27.366445,47.361892],[27.366514,47.362019],[27.366791,47.362305],[27.367433,47.362725],[27.367968,47.363143],[27.368033,47.363273],[27.368062,47.363421],[27.368025,47.363562],[27.367834,47.363762],[27.367547,47.363901],[27.367132,47.364038],[27.366274,47.364322],[27.365841,47.364601],[27.365495,47.365087],[27.365233,47.36549],[27.364971,47.365893],[27.364768,47.366412],[27.364682,47.366994],[27.36462,47.367654],[27.364411,47.368196],[27.36386,47.368526],[27.363448,47.368695],[27.362865,47.36878],[27.362445,47.368775],[27.362146,47.368671],[27.361846,47.368568],[27.361309,47.36862],[27.36058,47.36876],[27.359503,47.368779],[27.358961,47.368853],[27.357665,47.369177],[27.357218,47.369289],[27.356922,47.369422],[27.356448,47.369635],[27.356948,47.369893],[27.357537,47.370396],[27.358197,47.370907],[27.358526,47.371162],[27.358856,47.371418],[27.358953,47.371901],[27.359333,47.372156]]]}},{"type":"Feature","properties":{"fid":2,"Cod_ZF":"ZF17","Tip_ZF":"Zonă terenuri neproductive","Cod_SZF":"TN","Tip_SZF":"Terenuri neproductive","utr":"TN","cod":"TN","ZONA":"TN","denumire":"Terenuri neproductive","functiune":"Zonă terenuri neproductive"},"geometry":{"type":"Polygon","coordinates":[[[27.372957,47.366453],[27.368618,47.367848],[27.364579,47.368875],[27.360248,47.371373],[27.35993,47.371645],[27.359762,47.372062],[27.359333,47.372156],[27.359434,47.372224],[27.359197,47.372511],[27.3594,47.372588],[27.359667,47.37269],[27.35979,47.372623],[27.359861,47.372584],[27.361685,47.371584],[27.361746,47.371622],[27.362503,47.371234],[27.362605,47.371181],[27.362738,47.37093],[27.363736,47.370347],[27.364204,47.369962],[27.36522,47.369479],[27.366231,47.369184],[27.368819,47.368445],[27.372394,47.367351],[27.372727,47.367253],[27.372962,47.36718],[27.372935,47.366852],[27.372999,47.366685],[27.372957,47.366453]]]}},{"type":"Feature","properties":{"fid":3,"Cod_ZF":"ZF06","Tip_ZF":"Căi de comunicație și transporturi","Cod_SZF":"CR","Tip_SZF":"Cai de comunicatie rutiera","utr":"CR","cod":"CR","ZONA":"CR","denumire":"Cai de comunicatie rutiera","functiune":"Căi de comunicație și transporturi"},"geometry":{"type":"Polygon","coordinates":[[[27.369301,47.3719],[27.369671,47.371799],[27.372866,47.370897],[27.373903,47.370605],[27.374917,47.370319],[27.376725,47.369852],[27.379751,47.369078],[27.38015,47.368984],[27.380001,47.368827],[27.379569,47.368962],[27.376861,47.369621],[27.374396,47.370248],[27.372533,47.370765],[27.370575,47.371334],[27.369632,47.371601],[27.368563,47.371898],[27.367868,47.372096],[27.367412,47.37227],[27.367242,47.372343],[27.366141,47.372857],[27.365562,47.373121],[27.365003,47.373397],[27.3648,47.373497],[27.364875,47.373576],[27.364636,47.373688],[27.36441,47.373797],[27.364061,47.373964],[27.36395,47.374018],[27.363834,47.374073],[27.363597,47.374248],[27.362225,47.375389],[27.362063,47.37538],[27.361749,47.375627],[27.361242,47.376451],[27.360906,47.377039],[27.360521,47.377629],[27.360183,47.378159],[27.359841,47.378665],[27.359447,47.379293],[27.358745,47.380402],[27.357955,47.381822],[27.357406,47.382867],[27.356767,47.384028],[27.356412,47.384686],[27.356271,47.385491],[27.356474,47.38667],[27.356574,47.387153],[27.35668,47.387146],[27.356754,47.387142],[27.356836,47.387137],[27.356754,47.386844],[27.356713,47.386649],[27.356607,47.386064],[27.356559,47.38552],[27.356642,47.385027],[27.356713,47.384789],[27.356827,47.384581],[27.358349,47.381742],[27.358872,47.380837],[27.359559,47.379675],[27.360602,47.377999],[27.361941,47.375798],[27.362868,47.375035],[27.363653,47.374351],[27.364168,47.374004],[27.365309,47.373468],[27.367577,47.372397],[27.368297,47.372175],[27.369301,47.3719]]]}},{"type":"Feature","properties":{"fid":4,"Cod_ZF":"ZF03","Tip_ZF":"Terenuri agricole","Cod_SZF":"AR","Tip_SZF":"Arabil","utr":"AR","cod":"AR","ZONA":"AR","denumire":"Arabil","functiune":"Terenuri agricole"},"geometry":{"type":"Polygon","coordinates":[[[27.372962,47.36718],[27.372727,47.367253],[27.372394,47.367351],[27.368819,47.368445],[27.366231,47.369184],[27.36522,47.369479],[27.364204,47.369962],[27.363736,47.370347],[27.362738,47.37093],[27.362605,47.371181],[27.3648,47.373497],[27.365003,47.373397],[27.365562,47.373121],[27.366141,47.372857],[27.367242,47.372343],[27.367412,47.37227],[27.367868,47.372096],[27.368563,47.371898],[27.369632,47.371601],[27.370575,47.371334],[27.372533,47.370765],[27.374396,47.370248],[27.376861,47.369621],[27.379569,47.368962],[27.380001,47.368827],[27.377711,47.366413],[27.377204,47.365931],[27.376383,47.366203],[27.375855,47.366354],[27.372962,47.36718]]]}},{"type":"Feature","properties":{"fid":5,"Cod_ZF":"ZF03","Tip_ZF":"Terenuri agricole","Cod_SZF":"TFN","Tip_SZF":"Fanete","utr":"AR","cod":"AR","ZONA":"AR","denumire":"Fanete","functiune":"Terenuri agricole"},"geometry":{"type":"Polygon","coordinates":[[[27.38015,47.368984],[27.379751,47.369078],[27.376725,47.369852],[27.374917,47.370319],[27.373903,47.370605],[27.372866,47.370897],[27.369671,47.371799],[27.369301,47.3719],[27.3696,47.372098],[27.371931,47.373503],[27.37229,47.373884],[27.372725,47.374189],[27.373416,47.374373],[27.373991,47.37445],[27.374968,47.37475],[27.375583,47.375242],[27.375792,47.375424],[27.376072,47.375666],[27.377248,47.376401],[27.377258,47.376916],[27.378341,47.377579],[27.381835,47.379698],[27.383927,47.38093],[27.384273,47.38095],[27.384343,47.380749],[27.38444,47.38053],[27.384673,47.380101],[27.384718,47.379932],[27.384726,47.379794],[27.384721,47.379687],[27.384711,47.37946],[27.384714,47.379234],[27.384716,47.379074],[27.384696,47.37888],[27.384697,47.378727],[27.384723,47.378563],[27.384765,47.378459],[27.384807,47.378395],[27.385023,47.378092],[27.385243,47.37783],[27.385407,47.377635],[27.385552,47.377443],[27.385641,47.377237],[27.385666,47.377165],[27.385738,47.376649],[27.385748,47.376398],[27.385779,47.376331],[27.385821,47.376268],[27.385799,47.37622],[27.385665,47.3761],[27.385602,47.37598],[27.385583,47.375861],[27.385587,47.375751],[27.385612,47.375608],[27.3856,47.375152],[27.385544,47.374697],[27.385329,47.374172],[27.385255,47.37377],[27.384576,47.373226],[27.383818,47.372654],[27.383349,47.372301],[27.38271,47.371658],[27.381223,47.370215],[27.38064,47.369501],[27.38015,47.368984]]]}},{"type":"Feature","properties":{"fid":6,"Cod_ZF":"ZF02","Tip_ZF":"Fond forestier","Cod_SZF":"TFF","Tip_SZF":"Paduri","utr":"TFF","cod":"TFF","ZONA":"TFF","denumire":"Paduri","functiune":"Fond forestier"},"geometry":{"type":"Polygon","coordinates":[[[27.369301,47.3719],[27.368297,47.372175],[27.367577,47.372397],[27.365309,47.373468],[27.364168,47.374004],[27.363653,47.374351],[27.362868,47.375035],[27.361941,47.375798],[27.360602,47.377999],[27.359559,47.379675],[27.358872,47.380837],[27.360032,47.381054],[27.357627,47.384988],[27.356995,47.385501],[27.357374,47.387106],[27.358173,47.387059],[27.358406,47.388903],[27.35935,47.390174],[27.359825,47.390813],[27.360719,47.392016],[27.360939,47.392313],[27.361007,47.392404],[27.361499,47.392397],[27.362632,47.392635],[27.363565,47.392598],[27.363992,47.392224],[27.364227,47.392153],[27.365163,47.392243],[27.365742,47.392262],[27.365948,47.392118],[27.36667,47.391745],[27.366381,47.391166],[27.366424,47.39107],[27.366838,47.390899],[27.366835,47.389511],[27.366735,47.38925],[27.366704,47.389169],[27.366509,47.388981],[27.366166,47.388927],[27.366013,47.388957],[27.365736,47.38922],[27.364573,47.389235],[27.364292,47.388686],[27.363908,47.388436],[27.363818,47.387724],[27.363719,47.387567],[27.363576,47.387425],[27.363369,47.387213],[27.363141,47.387065],[27.36281,47.386949],[27.36256,47.386947],[27.362082,47.386856],[27.362028,47.386766],[27.362081,47.386549],[27.362145,47.386253],[27.362439,47.385955],[27.362554,47.385431],[27.362482,47.385258],[27.362593,47.385146],[27.362797,47.385116],[27.363911,47.385019],[27.36419,47.384939],[27.364641,47.384659],[27.364865,47.384201],[27.365026,47.384062],[27.36627,47.383727],[27.36655,47.383525],[27.366628,47.383091],[27.366514,47.382845],[27.366306,47.382797],[27.366149,47.382721],[27.366008,47.382593],[27.366109,47.382547],[27.366336,47.382604],[27.366625,47.382607],[27.366943,47.382526],[27.367156,47.382466],[27.367311,47.382117],[27.367181,47.381653],[27.36647,47.380991],[27.366099,47.380728],[27.365174,47.380379],[27.365256,47.379981],[27.365573,47.379577],[27.367069,47.378201],[27.368367,47.377152],[27.368818,47.377014],[27.36934,47.376917],[27.369725,47.376898],[27.37003,47.376897],[27.370672,47.377018],[27.371077,47.376971],[27.371304,47.37688],[27.37202,47.376345],[27.372389,47.376315],[27.373319,47.376146],[27.373857,47.376135],[27.374218,47.376214],[27.374781,47.376191],[27.375168,47.376105],[27.375521,47.375879],[27.37569,47.375658],[27.375792,47.375424],[27.375583,47.375242],[27.374968,47.37475],[27.373991,47.37445],[27.373416,47.374373],[27.372725,47.374189],[27.37229,47.373884],[27.371931,47.373503],[27.3696,47.372098],[27.369301,47.3719]]]}},{"type":"Feature","properties":{"fid":7,"Cod_ZF":"ZF03","Tip_ZF":"Terenuri agricole","Cod_SZF":"TPS","Tip_SZF":"PASUNI","utr":"AR","cod":"AR","ZONA":"AR","denumire":"PASUNI","functiune":"Terenuri agricole"},"geometry":{"type":"Polygon","coordinates":[[[27.366704,47.389169],[27.366735,47.38925],[27.366835,47.389511],[27.366838,47.390899],[27.366424,47.39107],[27.366381,47.391166],[27.36667,47.391745],[27.365948,47.392118],[27.365742,47.392262],[27.365163,47.392243],[27.364227,47.392153],[27.363992,47.392224],[27.363565,47.392598],[27.362632,47.392635],[27.368345,47.393361],[27.369838,47.394143],[27.369995,47.394225],[27.371266,47.394779],[27.371269,47.39478],[27.371275,47.394782],[27.371544,47.39487],[27.371515,47.394789],[27.371498,47.394741],[27.371254,47.393989],[27.371324,47.393749],[27.371652,47.393674],[27.371719,47.393386],[27.372057,47.393304],[27.372461,47.393357],[27.372793,47.393364],[27.372889,47.393267],[27.373167,47.393186],[27.373606,47.393341],[27.373697,47.393373],[27.373696,47.393128],[27.373366,47.392466],[27.374012,47.39143],[27.373773,47.391019],[27.373914,47.390566],[27.37358,47.390279],[27.37301,47.389882],[27.372463,47.389559],[27.371729,47.38954],[27.371282,47.389419],[27.370682,47.389473],[27.370379,47.389656],[27.370078,47.389205],[27.369055,47.389008],[27.368729,47.388681],[27.368299,47.388505],[27.367773,47.388639],[27.367152,47.388911],[27.366704,47.389169]]]}},{"type":"Feature","properties":{"fid":8,"Cod_ZF":"ZF03","Tip_ZF":"Terenuri agricole","Cod_SZF":"TPS","Tip_SZF":"PASUNI","utr":"AR","cod":"AR","ZONA":"AR","denumire":"PASUNI","functiune":"Terenuri agricole"},"geometry":{"type":"Polygon","coordinates":[[[27.368345,47.393361],[27.362632,47.392635],[27.362662,47.393803],[27.3667,47.393666],[27.366926,47.393996],[27.367218,47.394249],[27.367473,47.394332],[27.367858,47.393941],[27.368345,47.393361]]]}},{"type":"Feature","properties":{"fid":9,"Cod_ZF":"ZF02","Tip_ZF":"Fond forestier","Cod_SZF":"TFF","Tip_SZF":"Paduri","utr":"TFF","cod":"TFF","ZONA":"TFF","denumire":"Paduri","functiune":"Fond forestier"},"geometry":{"type":"Polygon","coordinates":[[[27.373606,47.393341],[27.373167,47.393186],[27.372889,47.393267],[27.372793,47.393364],[27.372461,47.393357],[27.372057,47.393304],[27.371719,47.393386],[27.371652,47.393674],[27.371324,47.393749],[27.371254,47.393989],[27.371498,47.394741],[27.371515,47.394789],[27.371815,47.394852],[27.374898,47.395972],[27.375622,47.395922],[27.375418,47.395237],[27.374416,47.394003],[27.37411,47.393867],[27.373933,47.393689],[27.373606,47.393341]]]}},{"type":"Feature","properties":{"fid":10,"Cod_ZF":"ZF03","Tip_ZF":"Terenuri agricole","Cod_SZF":"AR","Tip_SZF":"Arabil","utr":"AR","cod":"AR","ZONA":"AR","denumire":"Arabil","functiune":"Terenuri agricole"},"geometry":{"type":"Polygon","coordinates":[[[27.342907,47.402101],[27.33959,47.400215],[27.337788,47.39919],[27.335657,47.397999],[27.335465,47.397873],[27.333938,47.398102],[27.333192,47.398187],[27.328333,47.398742],[27.327574,47.39894],[27.32588,47.399456],[27.325349,47.399617],[27.324199,47.399945],[27.322486,47.400411],[27.321604,47.400686],[27.321327,47.400797],[27.320966,47.400902],[27.319803,47.401238],[27.319014,47.401502],[27.318677,47.401632],[27.318587,47.401667],[27.318477,47.401709],[27.318782,47.402367],[27.319031,47.402738],[27.31934,47.402569],[27.320883,47.40387],[27.321248,47.403503],[27.321541,47.403209],[27.322195,47.403642],[27.32253,47.403409],[27.322628,47.40334],[27.323522,47.402717],[27.324596,47.40316],[27.32423,47.404102],[27.323995,47.404706],[27.328817,47.407581],[27.328861,47.407607],[27.328907,47.407635],[27.332052,47.40951],[27.337894,47.405517],[27.342907,47.402101]]]}},{"type":"Feature","properties":{"fid":11,"Cod_ZF":"ZF01","Tip_ZF":"Zonă aflată permanent sub ape","Cod_SZF":"TA","Tip_SZF":"Ape","utr":"TA","cod":"TA","ZONA":"TA","denumire":"Ape","functiune":"Zonă aflată permanent sub ape"},"geometry":{"type":"Polygon","coordinates":[[[27.336675,47.416309],[27.335701,47.416436],[27.33572,47.416809],[27.335897,47.417751],[27.336019,47.418411],[27.336229,47.419623],[27.336634,47.420505],[27.335681,47.421803],[27.335224,47.422676],[27.335071,47.422985],[27.335053,47.423457],[27.335589,47.424109],[27.334482,47.425118],[27.333676,47.426238],[27.33322,47.426846],[27.333039,47.427547],[27.333971,47.428873],[27.334436,47.429492],[27.333968,47.430427],[27.333132,47.4316],[27.333226,47.432131],[27.33379,47.432682],[27.333791,47.433285],[27.333065,47.434046],[27.332636,47.434674],[27.332711,47.435502],[27.332731,47.435959],[27.332098,47.436487],[27.32998,47.437054],[27.329482,47.438006],[27.329677,47.438657],[27.329739,47.438891],[27.329435,47.439299],[27.328069,47.439532],[27.327546,47.440232],[27.327625,47.441007],[27.327613,47.441334],[27.326822,47.442206],[27.326392,47.443113],[27.326234,47.443776],[27.326025,47.444078],[27.326058,47.445193],[27.32574,47.446766],[27.32562,47.44713],[27.326217,47.447092],[27.326219,47.446827],[27.326566,47.44546],[27.326566,47.44546],[27.326603,47.445313],[27.326675,47.445016],[27.32712,47.44316],[27.327242,47.442528],[27.3281,47.441686],[27.328356,47.441016],[27.328144,47.440389],[27.328288,47.440022],[27.328755,47.439893],[27.329746,47.439791],[27.330294,47.439466],[27.330438,47.439058],[27.330047,47.438419],[27.329925,47.438002],[27.33013,47.437451],[27.330371,47.437308],[27.332393,47.436756],[27.333326,47.435891],[27.333469,47.435421],[27.333204,47.434724],[27.333276,47.434499],[27.333869,47.433885],[27.334309,47.433353],[27.334438,47.43292],[27.334324,47.432528],[27.333775,47.432032],[27.333667,47.431777],[27.333751,47.431523],[27.334288,47.430813],[27.334774,47.430611],[27.335254,47.430126],[27.335488,47.429733],[27.335291,47.429056],[27.335056,47.428393],[27.334402,47.427407],[27.334444,47.42729],[27.335167,47.42606],[27.336626,47.424586],[27.336789,47.424334],[27.336833,47.424192],[27.336342,47.423239],[27.336792,47.4222],[27.337476,47.421226],[27.337821,47.420582],[27.337746,47.42019],[27.33695,47.417732],[27.336785,47.417347],[27.336753,47.41701],[27.336703,47.416488],[27.336675,47.416309]]]}},{"type":"Feature","properties":{"fid":12,"Cod_ZF":"ZF06","Tip_ZF":"Căi de comunicație și transporturi","Cod_SZF":"CR","Tip_SZF":"Cai de comunicatie rutiera","utr":"CR","cod":"CR","ZONA":"CR","denumire":"Cai de comunicatie rutiera","functiune":"Căi de comunicație și transporturi"},"geometry":{"type":"Polygon","coordinates":[[[27.326217,47.447092],[27.32562,47.44713],[27.325565,47.447295],[27.326216,47.447254],[27.326217,47.447092]]]}},{"type":"Feature","properties":{"fid":13,"Cod_ZF":"ZF01","Tip_ZF":"Zonă aflată permanent sub ape","Cod_SZF":"TA","Tip_SZF":"Ape","utr":"TA","cod":"TA","ZONA":"TA","denumire":"Ape","functiune":"Zonă aflată permanent sub ape"},"geometry":{"type":"Polygon","coordinates":[[[27.326216,47.447254],[27.325565,47.447295],[27.325484,47.44754],[27.324852,47.448534],[27.322952,47.449511],[27.322779,47.449577],[27.322594,47.449649],[27.322345,47.449745],[27.322331,47.449809],[27.321967,47.450427],[27.32146,47.451066],[27.320841,47.451488],[27.320404,47.452004],[27.320294,47.452174],[27.320405,47.452639],[27.321742,47.45307],[27.32209,47.453225],[27.321747,47.454061],[27.321787,47.454392],[27.322441,47.455068],[27.322679,47.456119],[27.322653,47.456399],[27.322288,47.456581],[27.321739,47.456693],[27.320818,47.456659],[27.320142,47.456821],[27.319565,47.457299],[27.319076,47.457309],[27.318248,47.45705],[27.317098,47.457108],[27.316515,47.457316],[27.316019,47.457741],[27.315963,47.457954],[27.315914,47.45814],[27.316167,47.458934],[27.315569,47.459378],[27.314434,47.459627],[27.313929,47.460047],[27.314095,47.460742],[27.314162,47.461025],[27.31561,47.462169],[27.317441,47.463346],[27.318502,47.464402],[27.318028,47.465066],[27.315274,47.465558],[27.31407,47.466086],[27.312676,47.468481],[27.312165,47.469936],[27.313091,47.471343],[27.314067,47.472974],[27.314754,47.473969],[27.314065,47.474788],[27.31372,47.474931],[27.311965,47.475048],[27.310719,47.475557],[27.310254,47.476432],[27.310814,47.477751],[27.310686,47.478258],[27.309742,47.478297],[27.308222,47.478048],[27.307195,47.478259],[27.306491,47.478723],[27.306414,47.479495],[27.306852,47.480087],[27.307286,47.480365],[27.307697,47.480786],[27.308245,47.480829],[27.308297,47.480628],[27.308299,47.480467],[27.308229,47.480287],[27.308115,47.480118],[27.307837,47.48],[27.307616,47.479906],[27.307373,47.479708],[27.30717,47.47949],[27.307118,47.479333],[27.307131,47.479172],[27.307191,47.478988],[27.307548,47.47868],[27.307898,47.478563],[27.308211,47.478512],[27.30855,47.478594],[27.30889,47.478676],[27.30928,47.478718],[27.309774,47.478757],[27.310534,47.478689],[27.310922,47.478545],[27.311349,47.478297],[27.311539,47.478065],[27.311593,47.477803],[27.311483,47.477468],[27.311188,47.476962],[27.311026,47.476568],[27.311053,47.476307],[27.311286,47.475993],[27.311765,47.47568],[27.312256,47.475456],[27.312841,47.475394],[27.313715,47.475385],[27.314175,47.475299],[27.314646,47.475065],[27.315039,47.474773],[27.315341,47.47436],[27.31544,47.474026],[27.315336,47.473621],[27.314956,47.473184],[27.314645,47.472816],[27.31421,47.471904],[27.314004,47.471509],[27.3135,47.47104],[27.31306,47.470541],[27.312834,47.470088],[27.312803,47.46972],[27.313297,47.468718],[27.313925,47.467412],[27.314313,47.466708],[27.314633,47.466393],[27.314893,47.466258],[27.315729,47.465911],[27.318573,47.465378],[27.318872,47.465279],[27.319128,47.465134],[27.319279,47.464965],[27.319336,47.464772],[27.319321,47.464575],[27.319183,47.464339],[27.31812,47.463437],[27.316617,47.462249],[27.315196,47.461318],[27.314931,47.461032],[27.314563,47.46051],[27.314556,47.460351],[27.314814,47.460468],[27.315045,47.459986],[27.315966,47.459789],[27.316781,47.459576],[27.316998,47.459384],[27.317062,47.45909],[27.316762,47.458411],[27.316693,47.458138],[27.316935,47.457788],[27.317407,47.457552],[27.317889,47.457542],[27.318597,47.457681],[27.318938,47.457835],[27.318954,47.457833],[27.319937,47.457719],[27.320581,47.457279],[27.321341,47.457146],[27.322381,47.45709],[27.323108,47.456792],[27.323532,47.456194],[27.32329,47.455064],[27.322784,47.454079],[27.323019,47.453127],[27.322767,47.452652],[27.321694,47.452255],[27.321661,47.451946],[27.322531,47.45109],[27.323355,47.449922],[27.32384,47.449528],[27.324981,47.448981],[27.32593,47.448312],[27.326216,47.447346],[27.326216,47.447254]]]}},{"type":"Feature","properties":{"fid":14,"Cod_ZF":"ZF06","Tip_ZF":"Căi de comunicație și transporturi","Cod_SZF":"CR","Tip_SZF":"Cai de comunicatie rutiera","utr":"CR","cod":"CR","ZONA":"CR","denumire":"Cai de comunicatie rutiera","functiune":"Căi de comunicație și transporturi"},"geometry":{"type":"Polygon","coordinates":[[[27.325565,47.447295],[27.32562,47.44713],[27.322822,47.447301],[27.322652,47.447279],[27.322519,47.447251],[27.322521,47.447304],[27.322524,47.447394],[27.322525,47.44743],[27.325565,47.447295]]]}},{"type":"Feature","properties":{"fid":15,"Cod_ZF":"ZF06","Tip_ZF":"Căi de comunicație și transporturi","Cod_SZF":"CR","Tip_SZF":"Cai de comunicatie rutiera","utr":"CR","cod":"CR","ZONA":"CR","denumire":"Cai de comunicatie rutiera","functiune":"Căi de comunicație și transporturi"},"geometry":{"type":"Polygon","coordinates":[[[27.333257,47.447138],[27.333253,47.447118],[27.333151,47.44708],[27.332925,47.446938],[27.332672,47.446822],[27.332397,47.446778],[27.331437,47.446804],[27.330018,47.446905],[27.328327,47.447003],[27.326217,47.447092],[27.326216,47.447254],[27.328163,47.44713],[27.330483,47.44698],[27.331976,47.446857],[27.332447,47.446893],[27.332787,47.446961],[27.333067,47.447178],[27.333099,47.447185],[27.333278,47.447227],[27.33326,47.44715],[27.333257,47.447138]]]}},{"type":"Feature","properties":{"fid":16,"Cod_ZF":"ZF06","Tip_ZF":"Căi de comunicație și transporturi","Cod_SZF":"CR","Tip_SZF":"Cai de comunicatie rutiera","utr":"CR","cod":"CR","ZONA":"CR","denumire":"Cai de comunicatie rutiera","functiune":"Căi de comunicație și transporturi"},"geometry":{"type":"Polygon","coordinates":[[[27.335701,47.416436],[27.336675,47.416309],[27.336645,47.416115],[27.335692,47.416259],[27.335701,47.416436]]]}},{"type":"Feature","properties":{"fid":17,"Cod_ZF":"ZF01","Tip_ZF":"Zonă aflată permanent sub ape","Cod_SZF":"TA","Tip_SZF":"Ape","utr":"TA","cod":"TA","ZONA":"TA","denumire":"Ape","functiune":"Zonă aflată permanent sub ape"},"geometry":{"type":"Polygon","coordinates":[[[27.335692,47.416259],[27.336645,47.416115],[27.336533,47.415392],[27.33649,47.415009],[27.33683,47.413653],[27.3368,47.41282],[27.337115,47.412391],[27.337144,47.412019],[27.337653,47.411743],[27.340057,47.410411],[27.342368,47.409142],[27.342274,47.408497],[27.342378,47.408086],[27.342653,47.407991],[27.342879,47.408096],[27.343137,47.408036],[27.344419,47.40726],[27.344658,47.406287],[27.344817,47.405786],[27.344553,47.405034],[27.344321,47.403655],[27.344147,47.403113],[27.345113,47.399724],[27.345666,47.397435],[27.34576,47.397074],[27.345299,47.397009],[27.345184,47.396993],[27.344896,47.398185],[27.34466,47.399242],[27.344415,47.399616],[27.344522,47.399975],[27.344538,47.400118],[27.34426,47.40043],[27.344047,47.40137],[27.343999,47.401581],[27.343741,47.401873],[27.343543,47.402634],[27.343669,47.4039],[27.343996,47.4054],[27.344257,47.405845],[27.344066,47.406299],[27.343755,47.406537],[27.343962,47.406901],[27.343216,47.407537],[27.342927,47.407597],[27.342407,47.407635],[27.341774,47.40788],[27.34148,47.408506],[27.341828,47.408861],[27.341531,47.409201],[27.339835,47.409931],[27.339526,47.410203],[27.337581,47.41121],[27.33667,47.411747],[27.336289,47.412689],[27.336009,47.414621],[27.335885,47.414803],[27.335874,47.414838],[27.335679,47.415456],[27.335663,47.415508],[27.335662,47.41551],[27.335655,47.415533],[27.335692,47.416259]]]}},{"type":"Feature","properties":{"fid":18,"Cod_ZF":"ZF06","Tip_ZF":"Căi de comunicație și transporturi","Cod_SZF":"CR","Tip_SZF":"Cai de comunicatie rutiera","utr":"CR","cod":"CR","ZONA":"CR","denumire":"Cai de comunicatie rutiera","functiune":"Căi de comunicație și transporturi"},"geometry":{"type":"Polygon","coordinates":[[[27.335701,47.416436],[27.335692,47.416259],[27.334699,47.416379],[27.334397,47.41641],[27.333933,47.416456],[27.333758,47.416577],[27.333636,47.416638],[27.333495,47.41673],[27.333471,47.416746],[27.333378,47.41678],[27.333382,47.416826],[27.333387,47.416889],[27.333562,47.416845],[27.333831,47.416747],[27.33391,47.416679],[27.334138,47.416659],[27.33438,47.416639],[27.334451,47.416633],[27.334866,47.416538],[27.335701,47.416436]]]}},{"type":"Feature","properties":{"fid":19,"Cod_ZF":"ZF06","Tip_ZF":"Căi de comunicație și transporturi","Cod_SZF":"CR","Tip_SZF":"Cai de comunicatie rutiera","utr":"CR","cod":"CR","ZONA":"CR","denumire":"Cai de comunicatie rutiera","functiune":"Căi de comunicație și transporturi"},"geometry":{"type":"Polygon","coordinates":[[[27.336645,47.416115],[27.336675,47.416309],[27.338174,47.416158],[27.340005,47.416121],[27.345039,47.415975],[27.346452,47.415921],[27.34749,47.415843],[27.348569,47.415683],[27.349393,47.415518],[27.350291,47.415251],[27.351104,47.414916],[27.352105,47.414284],[27.353076,47.41363],[27.353462,47.41332],[27.353142,47.41329],[27.351364,47.414481],[27.350038,47.415105],[27.348976,47.415376],[27.347098,47.415634],[27.343776,47.415791],[27.340037,47.415904],[27.339272,47.415927],[27.338778,47.415942],[27.338781,47.416018],[27.338239,47.416065],[27.338024,47.416081],[27.337125,47.416142],[27.337176,47.416074],[27.336645,47.416115]]]}},{"type":"Feature","properties":{"fid":20,"Cod_ZF":"ZF03","Tip_ZF":"Terenuri agricole","Cod_SZF":"TPS","Tip_SZF":"PASUNI","utr":"AR","cod":"AR","ZONA":"AR","denumire":"PASUNI","functiune":"Terenuri agricole"},"geometry":{"type":"Polygon","coordinates":[[[27.34576,47.397074],[27.345666,47.397435],[27.345113,47.399724],[27.344147,47.403113],[27.344321,47.403655],[27.344553,47.405034],[27.344817,47.405786],[27.344658,47.406287],[27.344419,47.40726],[27.343137,47.408036],[27.342879,47.408096],[27.342653,47.407991],[27.342378,47.408086],[27.342274,47.408497],[27.342368,47.409142],[27.340057,47.410411],[27.337653,47.411743],[27.337144,47.412019],[27.337115,47.412391],[27.3368,47.41282],[27.33683,47.413653],[27.33649,47.415009],[27.336533,47.415392],[27.336645,47.416115],[27.337176,47.416074],[27.337238,47.415991],[27.337236,47.415864],[27.337173,47.415425],[27.337159,47.415332],[27.33713,47.415127],[27.337138,47.41502],[27.337443,47.414495],[27.339326,47.414502],[27.339364,47.415045],[27.338843,47.415057],[27.338747,47.415124],[27.338762,47.415517],[27.338778,47.415942],[27.339272,47.415927],[27.340037,47.415904],[27.343776,47.415791],[27.347098,47.415634],[27.348976,47.415376],[27.350038,47.415105],[27.351364,47.414481],[27.353142,47.41329],[27.352733,47.412886],[27.352707,47.412829],[27.352063,47.411405],[27.352509,47.411419],[27.352576,47.411421],[27.354344,47.411474],[27.356214,47.410341],[27.357038,47.409842],[27.357099,47.409805],[27.357165,47.409765],[27.35638,47.409466],[27.356261,47.409044],[27.356069,47.408362],[27.355739,47.407188],[27.355498,47.406328],[27.355073,47.405759],[27.355226,47.405375],[27.355569,47.404776],[27.355495,47.404297],[27.355034,47.403667],[27.355084,47.403128],[27.355783,47.402199],[27.356115,47.401567],[27.356285,47.401349],[27.357055,47.401046],[27.357232,47.400741],[27.357527,47.400231],[27.358234,47.399697],[27.358597,47.399058],[27.359332,47.39844],[27.359792,47.397818],[27.359942,47.397147],[27.3601,47.396649],[27.360061,47.396233],[27.359872,47.395565],[27.359304,47.394902],[27.358582,47.39406],[27.358341,47.39324],[27.358287,47.392481],[27.358403,47.391778],[27.358648,47.391572],[27.358684,47.39127],[27.35843,47.390834],[27.357643,47.39069],[27.357194,47.390099],[27.357138,47.389447],[27.356795,47.388879],[27.355702,47.387888],[27.355502,47.387371],[27.355183,47.386346],[27.355194,47.385585],[27.355465,47.385328],[27.355494,47.384572],[27.355296,47.384096],[27.354963,47.383666],[27.354665,47.384443],[27.354136,47.38582],[27.353209,47.388232],[27.351458,47.392786],[27.351199,47.393459],[27.350363,47.395757],[27.349932,47.397056],[27.349731,47.397278],[27.348471,47.396927],[27.347573,47.397329],[27.34576,47.397074]]]}},{"type":"Feature","properties":{"fid":21,"Cod_ZF":"ZF03","Tip_ZF":"Terenuri agricole","Cod_SZF":"TPS","Tip_SZF":"PASUNI","utr":"AR","cod":"AR","ZONA":"AR","denumire":"PASUNI","functiune":"Terenuri agricole"},"geometry":{"type":"Polygon","coordinates":[[[27.356574,47.387153],[27.356474,47.38667],[27.356271,47.385491],[27.356412,47.384686],[27.356767,47.384028],[27.357406,47.382867],[27.357955,47.381822],[27.358745,47.380402],[27.359447,47.379293],[27.359841,47.378665],[27.360183,47.378159],[27.360521,47.377629],[27.360906,47.377039],[27.361242,47.376451],[27.361749,47.375627],[27.362063,47.37538],[27.360254,47.375279],[27.359498,47.375236],[27.359043,47.375211],[27.358857,47.375201],[27.358412,47.375176],[27.358016,47.37596],[27.357631,47.376723],[27.356817,47.378842],[27.356376,47.379991],[27.355687,47.381783],[27.355041,47.383464],[27.355576,47.384043],[27.355673,47.38524],[27.355434,47.385616],[27.355381,47.386414],[27.355862,47.387729],[27.356745,47.388538],[27.357368,47.389455],[27.357421,47.390059],[27.357723,47.390508],[27.358265,47.390552],[27.357914,47.389951],[27.356818,47.387662],[27.356574,47.387153]]]}},{"type":"Feature","properties":{"fid":22,"Cod_ZF":"ZF01","Tip_ZF":"Zonă aflată permanent sub ape","Cod_SZF":"TA","Tip_SZF":"Ape","utr":"TA","cod":"TA","ZONA":"TA","denumire":"Ape","functiune":"Zonă aflată permanent sub ape"},"geometry":{"type":"Polygon","coordinates":[[[27.354963,47.383666],[27.355296,47.384096],[27.355494,47.384572],[27.355465,47.385328],[27.355194,47.385585],[27.355183,47.386346],[27.355502,47.387371],[27.355702,47.387888],[27.356795,47.388879],[27.357138,47.389447],[27.357194,47.390099],[27.357643,47.39069],[27.35843,47.390834],[27.358265,47.390552],[27.357723,47.390508],[27.357421,47.390059],[27.357368,47.389455],[27.356745,47.388538],[27.355862,47.387729],[27.355381,47.386414],[27.355434,47.385616],[27.355673,47.38524],[27.355576,47.384043],[27.355041,47.383464],[27.354963,47.383666]]]}},{"type":"Feature","properties":{"fid":23,"Cod_ZF":"ZF03","Tip_ZF":"Terenuri agricole","Cod_SZF":"TFN","Tip_SZF":"Fanete","utr":"AR","cod":"AR","ZONA":"AR","denumire":"Fanete","functiune":"Terenuri agricole"},"geometry":{"type":"Polygon","coordinates":[[[27.342907,47.402101],[27.337894,47.405517],[27.332052,47.40951],[27.332099,47.409538],[27.331046,47.410241],[27.331318,47.410433],[27.331838,47.41085],[27.332821,47.411833],[27.333696,47.413082],[27.334173,47.414291],[27.334416,47.415453],[27.334397,47.41641],[27.334699,47.416379],[27.335692,47.416259],[27.335655,47.415533],[27.335178,47.415501],[27.334804,47.415461],[27.334781,47.415458],[27.334907,47.414709],[27.335885,47.414803],[27.336009,47.414621],[27.336289,47.412689],[27.33667,47.411747],[27.337581,47.41121],[27.339526,47.410203],[27.339835,47.409931],[27.341531,47.409201],[27.341828,47.408861],[27.34148,47.408506],[27.341774,47.40788],[27.342407,47.407635],[27.342927,47.407597],[27.343216,47.407537],[27.343962,47.406901],[27.343755,47.406537],[27.344066,47.406299],[27.344257,47.405845],[27.343996,47.4054],[27.343669,47.4039],[27.343543,47.402634],[27.343741,47.401873],[27.343999,47.401581],[27.344047,47.40137],[27.342907,47.402101]]]}},{"type":"Feature","properties":{"fid":24,"Cod_ZF":"ZF03","Tip_ZF":"Terenuri agricole","Cod_SZF":"TPS","Tip_SZF":"PASUNI","utr":"AR","cod":"AR","ZONA":"AR","denumire":"PASUNI","functiune":"Terenuri agricole"},"geometry":{"type":"Polygon","coordinates":[[[27.335465,47.397873],[27.335657,47.397999],[27.337788,47.39919],[27.33959,47.400215],[27.342907,47.402101],[27.344047,47.40137],[27.34426,47.40043],[27.344538,47.400118],[27.344522,47.399975],[27.344415,47.399616],[27.34466,47.399242],[27.344896,47.398185],[27.345184,47.396993],[27.345137,47.396987],[27.343158,47.396709],[27.342895,47.396697],[27.342539,47.396713],[27.340478,47.397055],[27.339417,47.397247],[27.338357,47.397439],[27.337907,47.397506],[27.335465,47.397873]]]}},{"type":"Feature","properties":{"fid":25,"Cod_ZF":"ZF02","Tip_ZF":"Fond forestier","Cod_SZF":"TFF","Tip_SZF":"Paduri","utr":"TFF","cod":"TFF","ZONA":"TFF","denumire":"Paduri","functiune":"Fond forestier"},"geometry":{"type":"Polygon","coordinates":[[[27.400879,47.4362],[27.401024,47.436129],[27.401169,47.436058],[27.401335,47.435981],[27.401497,47.435908],[27.401721,47.435827],[27.40202,47.435721],[27.402205,47.435653],[27.402456,47.435538],[27.402664,47.435448],[27.402754,47.435412],[27.402958,47.435335],[27.403027,47.435305],[27.403096,47.435276],[27.403282,47.435177],[27.403625,47.434968],[27.404082,47.434731],[27.404477,47.434544],[27.404681,47.434449],[27.40479,47.434402],[27.404832,47.434388],[27.405023,47.434351],[27.405291,47.434352],[27.405495,47.43438],[27.405823,47.434426],[27.406034,47.434464],[27.406221,47.434496],[27.406352,47.43451],[27.406554,47.434542],[27.406718,47.434583],[27.406871,47.434638],[27.407093,47.434735],[27.407178,47.434773],[27.407238,47.434788],[27.407363,47.434805],[27.407497,47.434805],[27.407604,47.434789],[27.407747,47.434766],[27.407929,47.434726],[27.408081,47.434686],[27.408113,47.434666],[27.408144,47.434647],[27.408174,47.434628],[27.408228,47.434594],[27.408283,47.434567],[27.408314,47.434555],[27.408355,47.434545],[27.408453,47.434528],[27.408587,47.434517],[27.408664,47.434511],[27.408705,47.434513],[27.408778,47.434518],[27.408866,47.434535],[27.409071,47.434598],[27.409203,47.43464],[27.409297,47.434672],[27.409368,47.43469],[27.409444,47.4347],[27.409533,47.434696],[27.409662,47.434673],[27.409842,47.434627],[27.410069,47.434546],[27.410187,47.434485],[27.410406,47.434358],[27.410631,47.434254],[27.411108,47.434083],[27.411455,47.433938],[27.411583,47.433895],[27.412173,47.433736],[27.412612,47.433633],[27.413106,47.43349],[27.413372,47.433402],[27.413614,47.43335],[27.414163,47.433295],[27.414171,47.433065],[27.414223,47.432943],[27.414428,47.432685],[27.414636,47.432499],[27.415342,47.432037],[27.415639,47.431798],[27.416,47.431605],[27.416488,47.431378],[27.417065,47.431162],[27.417772,47.430781],[27.418137,47.430607],[27.418555,47.430346],[27.418959,47.429828],[27.419131,47.429532],[27.419354,47.429393],[27.419489,47.429363],[27.419586,47.429347],[27.419796,47.429282],[27.419831,47.429259],[27.419897,47.42917],[27.420002,47.428966],[27.420125,47.428813],[27.420207,47.428681],[27.420247,47.428563],[27.420256,47.428473],[27.420246,47.428431],[27.42014,47.428309],[27.41992,47.428165],[27.419459,47.427922],[27.419393,47.42787],[27.419377,47.427843],[27.419353,47.427744],[27.419203,47.427001],[27.419195,47.42688],[27.41921,47.426818],[27.419216,47.426734],[27.419194,47.426602],[27.419087,47.426434],[27.418878,47.42627],[27.418488,47.426073],[27.418371,47.425986],[27.418142,47.425587],[27.418038,47.425338],[27.417907,47.425111],[27.417834,47.425033],[27.417694,47.424904],[27.417485,47.424768],[27.417301,47.424672],[27.417084,47.424525],[27.416871,47.42442],[27.416657,47.424315],[27.416352,47.424165],[27.416083,47.424033],[27.415912,47.423944],[27.415772,47.423848],[27.41571,47.423786],[27.41566,47.423707],[27.415629,47.423651],[27.415607,47.423586],[27.415584,47.423463],[27.415546,47.423211],[27.415497,47.423095],[27.415442,47.422892],[27.415375,47.422731],[27.415302,47.422538],[27.415297,47.422465],[27.415305,47.422382],[27.41533,47.422288],[27.41542,47.422079],[27.415493,47.421858],[27.415601,47.421503],[27.415714,47.421226],[27.415926,47.420748],[27.416056,47.420503],[27.416076,47.42037],[27.415975,47.420338],[27.41577,47.420327],[27.415568,47.4203],[27.414948,47.420218],[27.414569,47.420167],[27.414497,47.420158],[27.41419,47.420117],[27.413912,47.420098],[27.413634,47.420079],[27.41314,47.420107],[27.412631,47.420209],[27.412549,47.420247],[27.412467,47.420285],[27.412189,47.420521],[27.4119,47.42075],[27.411715,47.420896],[27.411627,47.420965],[27.410888,47.421577],[27.410451,47.421914],[27.409981,47.422308],[27.409752,47.422512],[27.409503,47.422715],[27.407584,47.424602],[27.406558,47.425282],[27.405922,47.425047],[27.404445,47.426716],[27.405297,47.427445],[27.402048,47.429517],[27.40118,47.430354],[27.400655,47.431624],[27.400714,47.432837],[27.402707,47.433615],[27.40108,47.434849],[27.400973,47.43557],[27.40092,47.435923],[27.400879,47.4362]]]}},{"type":"Feature","properties":{"fid":26,"Cod_ZF":"ZF03","Tip_ZF":"Terenuri agricole","Cod_SZF":"TPS","Tip_SZF":"PASUNI","utr":"AR","cod":"AR","ZONA":"AR","denumire":"PASUNI","functiune":"Terenuri agricole"},"geometry":{"type":"Polygon","coordinates":[[[27.36797,47.410936],[27.368027,47.410903],[27.368136,47.41078],[27.368141,47.410775],[27.36874,47.410104],[27.368924,47.409897],[27.36934,47.409431],[27.371441,47.40806],[27.373651,47.408818],[27.373915,47.408855],[27.374802,47.40898],[27.374969,47.409354],[27.376066,47.409212],[27.376685,47.409421],[27.3766,47.408901],[27.376973,47.408162],[27.376616,47.40769],[27.375872,47.407232],[27.375682,47.40693],[27.37561,47.406512],[27.37527,47.4058],[27.3753,47.405295],[27.375722,47.404062],[27.37585,47.403768],[27.374987,47.404415],[27.374266,47.404064],[27.373291,47.404785],[27.371812,47.405469],[27.369974,47.407023],[27.36851,47.407868],[27.367357,47.408736],[27.366216,47.408886],[27.365975,47.408639],[27.366617,47.407972],[27.365705,47.407518],[27.363527,47.408569],[27.362612,47.40845],[27.361861,47.408039],[27.361964,47.407582],[27.362602,47.406826],[27.362152,47.406631],[27.361364,47.407372],[27.360551,47.407377],[27.359828,47.40738],[27.359077,47.407185],[27.358947,47.406025],[27.358543,47.405668],[27.358735,47.405173],[27.35722,47.404518],[27.357339,47.404777],[27.358634,47.407607],[27.360033,47.408038],[27.360097,47.408058],[27.360493,47.40818],[27.361532,47.4085],[27.362506,47.4088],[27.363077,47.409732],[27.363098,47.409767],[27.363147,47.409847],[27.364202,47.410512],[27.365151,47.411491],[27.366096,47.412017],[27.36797,47.410936]]]}},{"type":"Feature","properties":{"fid":27,"Cod_ZF":"ZF02","Tip_ZF":"Fond forestier","Cod_SZF":"TFF","Tip_SZF":"Paduri","utr":"TFF","cod":"TFF","ZONA":"TFF","denumire":"Paduri","functiune":"Fond forestier"},"geometry":{"type":"Polygon","coordinates":[[[27.374384,47.414801],[27.374215,47.414124],[27.373745,47.413976],[27.373693,47.41393],[27.373963,47.413741],[27.37411,47.413612],[27.374132,47.413517],[27.374099,47.413379],[27.37394,47.413233],[27.373846,47.413201],[27.373691,47.413148],[27.373299,47.412977],[27.373326,47.412391],[27.373182,47.411623],[27.373525,47.411453],[27.373482,47.410835],[27.373949,47.410573],[27.373943,47.410431],[27.37136,47.409458],[27.371373,47.409601],[27.371433,47.409749],[27.371453,47.409762],[27.371474,47.409793],[27.371543,47.409998],[27.371504,47.410056],[27.371425,47.410101],[27.368753,47.412185],[27.368205,47.412892],[27.369031,47.414429],[27.368602,47.41682],[27.368508,47.420071],[27.367964,47.420204],[27.367087,47.420212],[27.367027,47.421007],[27.367022,47.421072],[27.367013,47.421183],[27.367007,47.421271],[27.367454,47.42136],[27.367805,47.421493],[27.368018,47.42161],[27.368042,47.422226],[27.368476,47.422271],[27.369013,47.422517],[27.369121,47.42306],[27.369934,47.423661],[27.370647,47.424202],[27.371747,47.421736],[27.370239,47.421506],[27.370709,47.420626],[27.372125,47.420816],[27.372908,47.418728],[27.374384,47.414801]]]}},{"type":"Feature","properties":{"fid":28,"Cod_ZF":"ZF02","Tip_ZF":"Fond forestier","Cod_SZF":"TFF","Tip_SZF":"Paduri","utr":"TFF","cod":"TFF","ZONA":"TFF","denumire":"Paduri","functiune":"Fond forestier"},"geometry":{"type":"Polygon","coordinates":[[[27.376685,47.409421],[27.376066,47.409212],[27.374969,47.409354],[27.374802,47.40898],[27.373915,47.408855],[27.373651,47.408818],[27.372855,47.409273],[27.372453,47.409296],[27.372122,47.409307],[27.370839,47.4093],[27.370742,47.409363],[27.37136,47.409458],[27.373943,47.410431],[27.374113,47.410431],[27.374365,47.410544],[27.374376,47.410593],[27.374301,47.41077],[27.374284,47.410981],[27.374337,47.411277],[27.374534,47.411836],[27.374823,47.412226],[27.374865,47.412333],[27.374793,47.413546],[27.374655,47.413684],[27.374215,47.414124],[27.374384,47.414801],[27.374853,47.414487],[27.375908,47.413608],[27.376609,47.412281],[27.377009,47.411158],[27.376726,47.410145],[27.376685,47.409421]]]}},{"type":"Feature","properties":{"fid":29,"Cod_ZF":"ZF03","Tip_ZF":"Terenuri agricole","Cod_SZF":"TPS","Tip_SZF":"PASUNI","utr":"AR","cod":"AR","ZONA":"AR","denumire":"PASUNI","functiune":"Terenuri agricole"},"geometry":{"type":"Polygon","coordinates":[[[27.370647,47.424202],[27.369934,47.423661],[27.369121,47.42306],[27.369013,47.422517],[27.368476,47.422271],[27.368042,47.422226],[27.368102,47.423768],[27.368014,47.425368],[27.367269,47.425315],[27.367461,47.427965],[27.371449,47.428865],[27.371935,47.428975],[27.371875,47.429259],[27.371869,47.429291],[27.371778,47.429725],[27.371771,47.429758],[27.371636,47.430407],[27.372421,47.430482],[27.372162,47.431725],[27.372113,47.431958],[27.372102,47.432012],[27.371966,47.432666],[27.370712,47.432301],[27.370708,47.432299],[27.37058,47.432262],[27.369593,47.431642],[27.368679,47.431153],[27.368103,47.431188],[27.367345,47.432294],[27.366699,47.43267],[27.366163,47.433217],[27.366081,47.434643],[27.366346,47.434776],[27.366733,47.43497],[27.367779,47.435068],[27.368852,47.43509],[27.368885,47.434226],[27.369111,47.434144],[27.370931,47.434364],[27.370966,47.434753],[27.372155,47.434873],[27.372574,47.434552],[27.373898,47.434537],[27.374459,47.434424],[27.374919,47.434259],[27.376246,47.434483],[27.37691,47.434332],[27.377133,47.434183],[27.377338,47.433634],[27.377052,47.43323],[27.37646,47.432944],[27.376613,47.43242],[27.375713,47.432252],[27.375532,47.431741],[27.375386,47.431042],[27.375582,47.430481],[27.37561,47.429342],[27.375764,47.428823],[27.375661,47.428501],[27.375512,47.428374],[27.375371,47.427339],[27.375612,47.426003],[27.37209,47.42505],[27.371169,47.424985],[27.369875,47.426294],[27.369201,47.426014],[27.370365,47.42478],[27.370647,47.424202]]]}},{"type":"Feature","properties":{"fid":30,"Cod_ZF":"ZF06","Tip_ZF":"Căi de comunicație și transporturi","Cod_SZF":"CR","Tip_SZF":"Cai de comunicatie rutiera","utr":"CR","cod":"CR","ZONA":"CR","denumire":"Cai de comunicatie rutiera","functiune":"Căi de comunicație și transporturi"},"geometry":{"type":"Polygon","coordinates":[[[27.376481,47.45078],[27.375873,47.45018],[27.374243,47.448633],[27.374219,47.448472],[27.374327,47.448228],[27.374717,47.446697],[27.374874,47.446414],[27.375815,47.445332],[27.376063,47.445304],[27.376576,47.445267],[27.376743,47.445213],[27.376908,47.44498],[27.376777,47.444319],[27.376633,47.443497],[27.376398,47.442919],[27.376075,47.442392],[27.37574,47.441724],[27.37534,47.441514],[27.374842,47.441378],[27.374561,47.441277],[27.373869,47.441107],[27.372829,47.440978],[27.372406,47.440764],[27.37134,47.440552],[27.370563,47.440514],[27.370165,47.440718],[27.369778,47.440903],[27.369286,47.441035],[27.367879,47.441444],[27.367475,47.441502],[27.366528,47.441583],[27.365874,47.441351],[27.365197,47.441008],[27.364748,47.440449],[27.364555,47.440047],[27.36438,47.44005],[27.364456,47.440236],[27.36485,47.440842],[27.365634,47.441436],[27.36667,47.441718],[27.367253,47.44164],[27.367952,47.441546],[27.368985,47.44126],[27.370122,47.440884],[27.370581,47.440664],[27.37085,47.440612],[27.372193,47.440887],[27.372608,47.440971],[27.373082,47.441144],[27.373995,47.441261],[27.375323,47.441637],[27.375688,47.441955],[27.376062,47.442611],[27.376493,47.443542],[27.376599,47.444135],[27.376713,47.445038],[27.376503,47.445161],[27.375962,47.445187],[27.375688,47.445254],[27.375538,47.445334],[27.375391,47.445579],[27.374682,47.446414],[27.374552,47.446681],[27.374463,47.447098],[27.374217,47.448035],[27.374063,47.448402],[27.374063,47.448663],[27.374237,47.44882],[27.375207,47.449698],[27.376291,47.450796],[27.376386,47.450983],[27.376429,47.450876],[27.376481,47.45078]]]}},{"type":"Feature","properties":{"fid":31,"Cod_ZF":"ZF03","Tip_ZF":"Terenuri agricole","Cod_SZF":"TFN","Tip_SZF":"Fanete","utr":"AR","cod":"AR","ZONA":"AR","denumire":"Fanete","functiune":"Terenuri agricole"},"geometry":{"type":"Polygon","coordinates":[[[27.366733,47.43497],[27.366346,47.434776],[27.366081,47.434643],[27.365866,47.434769],[27.365861,47.435046],[27.36586,47.435121],[27.365829,47.437001],[27.36559,47.437739],[27.365397,47.438334],[27.365324,47.439215],[27.365262,47.439962],[27.364665,47.440044],[27.364555,47.440047],[27.364748,47.440449],[27.365197,47.441008],[27.365874,47.441351],[27.366528,47.441583],[27.367475,47.441502],[27.367879,47.441444],[27.369286,47.441035],[27.369778,47.440903],[27.370165,47.440718],[27.370563,47.440514],[27.37134,47.440552],[27.372406,47.440764],[27.372829,47.440978],[27.373869,47.441107],[27.374561,47.441277],[27.374842,47.441378],[27.37534,47.441514],[27.375594,47.441505],[27.376652,47.441506],[27.377063,47.44136],[27.378211,47.440473],[27.379771,47.439313],[27.377704,47.438235],[27.37701,47.438747],[27.373474,47.438514],[27.370053,47.438266],[27.368865,47.438566],[27.368427,47.43903],[27.367447,47.439248],[27.367174,47.43926],[27.36735,47.438861],[27.3674,47.437991],[27.367997,47.436911],[27.368153,47.436645],[27.368446,47.436471],[27.367505,47.435605],[27.367049,47.435479],[27.366717,47.435388],[27.366617,47.435361],[27.366733,47.43497]]]}},{"type":"Feature","properties":{"fid":32,"Cod_ZF":"ZF03","Tip_ZF":"Terenuri agricole","Cod_SZF":"TFN","Tip_SZF":"Fanete","utr":"AR","cod":"AR","ZONA":"AR","denumire":"Fanete","functiune":"Terenuri agricole"},"geometry":{"type":"Polygon","coordinates":[[[27.368852,47.43509],[27.367779,47.435068],[27.367505,47.435605],[27.368446,47.436471],[27.368704,47.436322],[27.368926,47.435946],[27.368874,47.43534],[27.368852,47.43509]]]}},{"type":"Feature","properties":{"fid":33,"Cod_ZF":"ZF02","Tip_ZF":"Fond forestier","Cod_SZF":"TFF","Tip_SZF":"Paduri","utr":"TFF","cod":"TFF","ZONA":"TFF","denumire":"Paduri","functiune":"Fond forestier"},"geometry":{"type":"Polygon","coordinates":[[[27.377704,47.438235],[27.379771,47.439313],[27.380287,47.438897],[27.381385,47.438014],[27.382256,47.437312],[27.384154,47.435784],[27.385776,47.434477],[27.386066,47.433766],[27.386726,47.433184],[27.385273,47.432484],[27.383062,47.431808],[27.380719,47.434666],[27.380172,47.43508],[27.379016,47.436405],[27.377704,47.438235]]]}},{"type":"Feature","properties":{"fid":34,"Cod_ZF":"ZF03","Tip_ZF":"Terenuri agricole","Cod_SZF":"AR","Tip_SZF":"Arabil","utr":"AR","cod":"AR","ZONA":"AR","denumire":"Arabil","functiune":"Terenuri agricole"},"geometry":{"type":"Polygon","coordinates":[[[27.384273,47.38095],[27.383927,47.38093],[27.381835,47.379698],[27.378341,47.377579],[27.377258,47.376916],[27.377248,47.376401],[27.376072,47.375666],[27.375792,47.375424],[27.37569,47.375658],[27.375521,47.375879],[27.375168,47.376105],[27.374781,47.376191],[27.374218,47.376214],[27.373857,47.376135],[27.373319,47.376146],[27.372389,47.376315],[27.37202,47.376345],[27.371304,47.37688],[27.371077,47.376971],[27.370672,47.377018],[27.37003,47.376897],[27.369725,47.376898],[27.36934,47.376917],[27.368818,47.377014],[27.368367,47.377152],[27.367069,47.378201],[27.365573,47.379577],[27.365256,47.379981],[27.365174,47.380379],[27.366099,47.380728],[27.36647,47.380991],[27.367181,47.381653],[27.367311,47.382117],[27.367156,47.382466],[27.366943,47.382526],[27.366625,47.382607],[27.366336,47.382604],[27.366109,47.382547],[27.366008,47.382593],[27.366149,47.382721],[27.366306,47.382797],[27.366514,47.382845],[27.366628,47.383091],[27.36655,47.383525],[27.36627,47.383727],[27.365026,47.384062],[27.364865,47.384201],[27.364641,47.384659],[27.36419,47.384939],[27.363911,47.385019],[27.362797,47.385116],[27.362593,47.385146],[27.362482,47.385258],[27.362554,47.385431],[27.362439,47.385955],[27.362145,47.386253],[27.362081,47.386549],[27.362028,47.386766],[27.362082,47.386856],[27.36256,47.386947],[27.36281,47.386949],[27.363141,47.387065],[27.363369,47.387213],[27.363576,47.387425],[27.363719,47.387567],[27.363818,47.387724],[27.363908,47.388436],[27.364292,47.388686],[27.364573,47.389235],[27.365736,47.38922],[27.366013,47.388957],[27.366166,47.388927],[27.366509,47.388981],[27.366704,47.389169],[27.367152,47.388911],[27.367773,47.388639],[27.368299,47.388505],[27.368729,47.388681],[27.369055,47.389008],[27.370078,47.389205],[27.370379,47.389656],[27.370682,47.389473],[27.371282,47.389419],[27.371729,47.38954],[27.372463,47.389559],[27.37301,47.389882],[27.37358,47.390279],[27.373914,47.390566],[27.373773,47.391019],[27.374012,47.39143],[27.373366,47.392466],[27.373696,47.393128],[27.373697,47.393373],[27.373606,47.393341],[27.373933,47.393689],[27.37411,47.393867],[27.374416,47.394003],[27.375418,47.395237],[27.375622,47.395922],[27.374898,47.395972],[27.371815,47.394852],[27.371515,47.394789],[27.371544,47.39487],[27.371275,47.394782],[27.370761,47.395322],[27.370324,47.3953],[27.370297,47.395291],[27.370153,47.395246],[27.369581,47.395066],[27.36862,47.394737],[27.367473,47.394332],[27.367218,47.394249],[27.366926,47.393996],[27.3667,47.393666],[27.362662,47.393803],[27.362665,47.393921],[27.362263,47.395968],[27.362253,47.396019],[27.363587,47.396284],[27.362668,47.399361],[27.36079,47.402262],[27.360745,47.402332],[27.360192,47.403186],[27.358735,47.405173],[27.358543,47.405668],[27.358947,47.406025],[27.359077,47.407185],[27.359828,47.40738],[27.360551,47.407377],[27.361364,47.407372],[27.362152,47.406631],[27.362602,47.406826],[27.361964,47.407582],[27.361861,47.408039],[27.362612,47.40845],[27.363527,47.408569],[27.365705,47.407518],[27.366617,47.407972],[27.365975,47.408639],[27.366216,47.408886],[27.367357,47.408736],[27.36851,47.407868],[27.369974,47.407023],[27.371812,47.405469],[27.373291,47.404785],[27.374266,47.404064],[27.374987,47.404415],[27.37585,47.403768],[27.375722,47.404062],[27.3753,47.405295],[27.37527,47.4058],[27.37561,47.406512],[27.375682,47.40693],[27.375872,47.407232],[27.376616,47.40769],[27.376973,47.408162],[27.3766,47.408901],[27.376685,47.409421],[27.376726,47.410145],[27.377009,47.411158],[27.376609,47.412281],[27.375908,47.413608],[27.374853,47.414487],[27.374384,47.414801],[27.372908,47.418728],[27.372125,47.420816],[27.370709,47.420626],[27.370239,47.421506],[27.371747,47.421736],[27.370647,47.424202],[27.370365,47.42478],[27.369201,47.426014],[27.369875,47.426294],[27.371169,47.424985],[27.37209,47.42505],[27.375612,47.426003],[27.375371,47.427339],[27.375512,47.428374],[27.375661,47.428501],[27.375764,47.428823],[27.37561,47.429342],[27.375582,47.430481],[27.375386,47.431042],[27.375532,47.431741],[27.375713,47.432252],[27.376613,47.43242],[27.37646,47.432944],[27.377052,47.43323],[27.377338,47.433634],[27.377133,47.434183],[27.37691,47.434332],[27.376246,47.434483],[27.374919,47.434259],[27.374459,47.434424],[27.373898,47.434537],[27.372574,47.434552],[27.372155,47.434873],[27.370966,47.434753],[27.370931,47.434364],[27.369111,47.434144],[27.368885,47.434226],[27.368852,47.43509],[27.368874,47.43534],[27.368926,47.435946],[27.368704,47.436322],[27.368446,47.436471],[27.368153,47.436645],[27.367997,47.436911],[27.3674,47.437991],[27.36735,47.438861],[27.367174,47.43926],[27.367447,47.439248],[27.368427,47.43903],[27.368865,47.438566],[27.370053,47.438266],[27.373474,47.438514],[27.37701,47.438747],[27.377704,47.438235],[27.379016,47.436405],[27.380172,47.43508],[27.380719,47.434666],[27.383062,47.431808],[27.385273,47.432484],[27.386726,47.433184],[27.386066,47.433766],[27.385776,47.434477],[27.384154,47.435784],[27.382256,47.437312],[27.381385,47.438014],[27.380287,47.438897],[27.379771,47.439313],[27.378211,47.440473],[27.377063,47.44136],[27.376652,47.441506],[27.375594,47.441505],[27.37534,47.441514],[27.37574,47.441724],[27.376075,47.442392],[27.376398,47.442919],[27.376633,47.443497],[27.376777,47.444319],[27.376908,47.44498],[27.376743,47.445213],[27.376576,47.445267],[27.376063,47.445304],[27.375815,47.445332],[27.374874,47.446414],[27.374717,47.446697],[27.374327,47.448228],[27.374219,47.448472],[27.374243,47.448633],[27.375873,47.45018],[27.376481,47.45078],[27.376715,47.450497],[27.376886,47.450304],[27.376981,47.450148],[27.377069,47.449959],[27.377218,47.449724],[27.377362,47.449467],[27.377542,47.449307],[27.377855,47.449193],[27.378259,47.449046],[27.37858,47.448929],[27.378798,47.448832],[27.378922,47.448749],[27.379045,47.448621],[27.379284,47.448441],[27.379643,47.448254],[27.380279,47.448074],[27.380612,47.447999],[27.381034,47.447853],[27.381175,47.447796],[27.381255,47.447757],[27.38143,47.447652],[27.381627,47.44752],[27.382112,47.447051],[27.382493,47.446619],[27.382777,47.446295],[27.38328,47.445912],[27.383405,47.445737],[27.383541,47.445582],[27.383607,47.445528],[27.38397,47.445266],[27.384163,47.445131],[27.384477,47.444912],[27.385411,47.444381],[27.386225,47.443953],[27.386654,47.443728],[27.386812,47.443622],[27.38723,47.443341],[27.387952,47.442857],[27.389251,47.441985],[27.38984,47.441597],[27.390101,47.44142],[27.390321,47.441271],[27.390526,47.441132],[27.390963,47.440873],[27.391342,47.440697],[27.391448,47.440648],[27.392954,47.439953],[27.393486,47.439715],[27.394253,47.439388],[27.394774,47.439156],[27.395148,47.438956],[27.39546,47.438802],[27.395752,47.438657],[27.396062,47.438528],[27.396336,47.438368],[27.396672,47.43814],[27.397081,47.437862],[27.397261,47.43774],[27.397424,47.437629],[27.397502,47.437587],[27.397666,47.437527],[27.397849,47.43746],[27.398091,47.437371],[27.398243,47.437308],[27.398556,47.43718],[27.399098,47.436958],[27.399354,47.436842],[27.399602,47.43673],[27.399858,47.436612],[27.399983,47.436564],[27.400238,47.436476],[27.400398,47.436421],[27.400483,47.436386],[27.400707,47.436282],[27.400879,47.4362],[27.40092,47.435923],[27.400973,47.43557],[27.40108,47.434849],[27.402707,47.433615],[27.400714,47.432837],[27.400655,47.431624],[27.40118,47.430354],[27.402048,47.429517],[27.405297,47.427445],[27.404445,47.426716],[27.405922,47.425047],[27.406558,47.425282],[27.407584,47.424602],[27.409503,47.422715],[27.409453,47.422698],[27.408993,47.42257],[27.408532,47.422441],[27.406894,47.421984],[27.404247,47.421268],[27.402717,47.420854],[27.402706,47.420701],[27.402708,47.420611],[27.402695,47.419938],[27.402684,47.419774],[27.402533,47.419246],[27.402332,47.41869],[27.402443,47.418707],[27.402504,47.418681],[27.402682,47.418698],[27.40279,47.418687],[27.40299,47.418612],[27.403174,47.418487],[27.403396,47.418293],[27.403976,47.417834],[27.404259,47.41761],[27.404162,47.417378],[27.404118,47.417244],[27.403977,47.416981],[27.403812,47.416582],[27.403732,47.416204],[27.403684,47.415907],[27.403424,47.415306],[27.403319,47.415062],[27.403222,47.414838],[27.403141,47.41445],[27.402951,47.414479],[27.402648,47.414143],[27.402094,47.413109],[27.401761,47.412111],[27.401676,47.411855],[27.401587,47.411636],[27.401406,47.411412],[27.400817,47.410385],[27.399809,47.410599],[27.399687,47.410655],[27.399489,47.410721],[27.399353,47.41074],[27.399213,47.410741],[27.399012,47.410724],[27.398777,47.410685],[27.398637,47.410674],[27.398418,47.410687],[27.398087,47.410681],[27.397646,47.410617],[27.397258,47.410524],[27.396882,47.41041],[27.39665,47.410298],[27.396428,47.410204],[27.39613,47.410271],[27.395451,47.410443],[27.395285,47.41049],[27.393767,47.410741],[27.393282,47.410941],[27.393147,47.411048],[27.392975,47.411206],[27.39288,47.411331],[27.392819,47.411491],[27.392803,47.411672],[27.392752,47.41188],[27.392746,47.411979],[27.392592,47.412072],[27.392343,47.412094],[27.392171,47.412082],[27.39191,47.412123],[27.391692,47.412101],[27.391444,47.412017],[27.391306,47.411953],[27.391141,47.411866],[27.390997,47.41174],[27.390966,47.411693],[27.390985,47.411575],[27.391004,47.411457],[27.391069,47.411206],[27.391187,47.410948],[27.391353,47.410621],[27.391458,47.4104],[27.391607,47.410082],[27.391662,47.409941],[27.391748,47.409621],[27.391981,47.408758],[27.392108,47.408328],[27.392239,47.407886],[27.39231,47.407448],[27.392356,47.407168],[27.392362,47.40701],[27.39234,47.406807],[27.392292,47.406667],[27.392202,47.406403],[27.392136,47.406289],[27.392019,47.406168],[27.3919,47.406103],[27.39183,47.406043],[27.391823,47.405969],[27.391913,47.405872],[27.392306,47.405621],[27.392499,47.405498],[27.392662,47.405337],[27.392751,47.405222],[27.3928,47.40502],[27.392746,47.404847],[27.392639,47.404519],[27.392625,47.404368],[27.392734,47.404124],[27.392885,47.403784],[27.392937,47.403668],[27.39308,47.403474],[27.393382,47.403103],[27.393803,47.402562],[27.393838,47.402484],[27.393849,47.402421],[27.393858,47.40237],[27.393854,47.402318],[27.393835,47.40221],[27.393774,47.401924],[27.393713,47.4016],[27.393694,47.401438],[27.393701,47.401329],[27.393758,47.401196],[27.394004,47.400753],[27.394304,47.400344],[27.394595,47.399948],[27.394839,47.399637],[27.395149,47.399199],[27.395454,47.398812],[27.395677,47.398458],[27.395867,47.398095],[27.396089,47.397741],[27.396278,47.397427],[27.396509,47.396931],[27.396627,47.39665],[27.397016,47.395823],[27.397345,47.395022],[27.397477,47.394699],[27.397637,47.394212],[27.397764,47.39372],[27.397919,47.393122],[27.39804,47.392655],[27.39813,47.392309],[27.398144,47.39211],[27.398146,47.391466],[27.398093,47.391277],[27.398097,47.391037],[27.398101,47.390848],[27.398058,47.390575],[27.39802,47.390326],[27.397933,47.390123],[27.397924,47.38993],[27.397871,47.38971],[27.397886,47.389488],[27.397996,47.389306],[27.398155,47.388956],[27.398298,47.388639],[27.398344,47.388216],[27.398321,47.387722],[27.398313,47.387549],[27.398284,47.387407],[27.398255,47.387266],[27.398138,47.387123],[27.398092,47.387012],[27.39805,47.386911],[27.398051,47.386871],[27.398065,47.386812],[27.398161,47.386654],[27.398199,47.386564],[27.398216,47.38638],[27.398216,47.386004],[27.398023,47.386117],[27.39783,47.38623],[27.397386,47.386534],[27.39713,47.386708],[27.39669,47.386982],[27.396244,47.387235],[27.395966,47.38736],[27.395578,47.387556],[27.395166,47.387801],[27.394729,47.388061],[27.394415,47.388232],[27.394162,47.388358],[27.393566,47.388656],[27.393365,47.388746],[27.393281,47.388789],[27.393154,47.388854],[27.392841,47.389035],[27.392376,47.389292],[27.392094,47.389435],[27.391726,47.389621],[27.39124,47.389867],[27.391085,47.389959],[27.390875,47.390106],[27.390648,47.390241],[27.390178,47.390471],[27.390001,47.390571],[27.389763,47.390722],[27.389505,47.390916],[27.389066,47.391197],[27.388701,47.391458],[27.38838,47.391658],[27.388134,47.391812],[27.387987,47.391921],[27.387892,47.391992],[27.38782,47.391997],[27.387778,47.391998],[27.387739,47.391885],[27.38766,47.391808],[27.387398,47.391686],[27.387178,47.391582],[27.38641,47.39124],[27.384994,47.390634],[27.392467,47.384085],[27.390349,47.383336],[27.389202,47.382937],[27.388735,47.382774],[27.387935,47.382495],[27.387577,47.38237],[27.386985,47.382164],[27.386413,47.381965],[27.386282,47.381919],[27.384612,47.381336],[27.384436,47.381286],[27.384311,47.38121],[27.384292,47.381147],[27.384273,47.38095]]]}},{"type":"Feature","properties":{"fid":35,"Cod_ZF":"ZF06","Tip_ZF":"Căi de comunicație și transporturi","Cod_SZF":"CR","Tip_SZF":"Cai de comunicatie rutiera","utr":"CR","cod":"CR","ZONA":"CR","denumire":"Cai de comunicatie rutiera","functiune":"Căi de comunicație și transporturi"},"geometry":{"type":"Polygon","coordinates":[[[27.335506,47.458668],[27.335078,47.458937],[27.333892,47.4595],[27.333167,47.459967],[27.332243,47.460773],[27.331215,47.461657],[27.330954,47.461824],[27.330697,47.461966],[27.330131,47.462589],[27.329495,47.463393],[27.328794,47.464619],[27.328238,47.465368],[27.328147,47.465649],[27.327886,47.465978],[27.327624,47.46653],[27.327697,47.466562],[27.328003,47.466009],[27.328217,47.465739],[27.328301,47.465576],[27.328522,47.465166],[27.328891,47.464659],[27.329232,47.464085],[27.329979,47.462978],[27.330791,47.462037],[27.331112,47.461855],[27.33236,47.46081],[27.333436,47.459895],[27.334502,47.459309],[27.335359,47.458862],[27.335451,47.458847],[27.335506,47.458668]]]}},{"type":"Feature","properties":{"fid":36,"Cod_ZF":"ZF02","Tip_ZF":"Fond forestier","Cod_SZF":"TFF","Tip_SZF":"Paduri","utr":"TFF","cod":"TFF","ZONA":"TFF","denumire":"Paduri","functiune":"Fond forestier"},"geometry":{"type":"Polygon","coordinates":[[[27.342311,47.444764],[27.342337,47.444842],[27.342307,47.445261],[27.342145,47.44582],[27.342186,47.446174],[27.34253,47.446581],[27.341886,47.447772],[27.341295,47.448865],[27.339974,47.449308],[27.33771,47.451584],[27.337713,47.452007],[27.338557,47.453379],[27.338955,47.452958],[27.339286,47.452822],[27.340301,47.452644],[27.340587,47.452438],[27.341208,47.452168],[27.34263,47.450702],[27.34331,47.450353],[27.343541,47.449847],[27.344186,47.44942],[27.344559,47.448304],[27.345819,47.447477],[27.346298,47.446846],[27.346925,47.446497],[27.347318,47.446089],[27.347447,47.445414],[27.346383,47.444241],[27.345952,47.443299],[27.344846,47.442349],[27.34414,47.442113],[27.343809,47.44154],[27.342891,47.441044],[27.342978,47.440134],[27.343819,47.439845],[27.3448,47.43916],[27.346938,47.43911],[27.347261,47.439511],[27.348882,47.440429],[27.349483,47.440424],[27.349713,47.440187],[27.349746,47.438298],[27.350171,47.437854],[27.351806,47.436111],[27.352624,47.43542],[27.354421,47.435061],[27.354755,47.434497],[27.354268,47.434442],[27.353957,47.434098],[27.353987,47.433097],[27.353664,47.432703],[27.352308,47.43303],[27.352503,47.433764],[27.351881,47.434333],[27.351014,47.434501],[27.350705,47.434422],[27.34995,47.434044],[27.349474,47.433989],[27.347177,47.438798],[27.346873,47.43884],[27.345784,47.437553],[27.345021,47.437225],[27.344446,47.437337],[27.340745,47.439457],[27.340134,47.440184],[27.340172,47.441042],[27.340825,47.44223],[27.342221,47.444612],[27.342274,47.444702],[27.342311,47.444764]]]}},{"type":"Feature","properties":{"fid":37,"Cod_ZF":"ZF03","Tip_ZF":"Terenuri agricole","Cod_SZF":"TPS","Tip_SZF":"PASUNI","utr":"AR","cod":"AR","ZONA":"AR","denumire":"PASUNI","functiune":"Terenuri agricole"},"geometry":{"type":"Polygon","coordinates":[[[27.335506,47.458668],[27.335558,47.458499],[27.335425,47.458513],[27.334951,47.458562],[27.333986,47.457821],[27.333953,47.457795],[27.333717,47.457614],[27.334257,47.455609],[27.334297,47.455312],[27.334764,47.451905],[27.335684,47.452148],[27.336147,47.451915],[27.337388,47.44987],[27.337418,47.449821],[27.338118,47.448668],[27.337987,47.44857],[27.337851,47.448518],[27.336849,47.448238],[27.336217,47.44801],[27.334907,47.447599],[27.334526,47.447518],[27.333742,47.447421],[27.333437,47.44735],[27.333099,47.447185],[27.333067,47.447178],[27.332787,47.446961],[27.332447,47.446893],[27.331976,47.446857],[27.330483,47.44698],[27.328163,47.44713],[27.326216,47.447254],[27.326216,47.447346],[27.32593,47.448312],[27.324981,47.448981],[27.32384,47.449528],[27.323355,47.449922],[27.322531,47.45109],[27.321661,47.451946],[27.321694,47.452255],[27.322767,47.452652],[27.323019,47.453127],[27.322784,47.454079],[27.32329,47.455064],[27.323532,47.456194],[27.323108,47.456792],[27.322381,47.45709],[27.321341,47.457146],[27.320581,47.457279],[27.319937,47.457719],[27.318954,47.457833],[27.318415,47.458569],[27.324625,47.461194],[27.32387,47.463656],[27.323573,47.464113],[27.323426,47.464337],[27.324258,47.464711],[27.32421,47.465037],[27.325079,47.46542],[27.327624,47.46653],[27.327886,47.465978],[27.328147,47.465649],[27.328238,47.465368],[27.328794,47.464619],[27.329495,47.463393],[27.330131,47.462589],[27.330697,47.461966],[27.330954,47.461824],[27.331215,47.461657],[27.332243,47.460773],[27.333167,47.459967],[27.333892,47.4595],[27.335078,47.458937],[27.335506,47.458668]]]}},{"type":"Feature","properties":{"fid":38,"Cod_ZF":"ZF03","Tip_ZF":"Terenuri agricole","Cod_SZF":"TPS","Tip_SZF":"PASUNI","utr":"AR","cod":"AR","ZONA":"AR","denumire":"PASUNI","functiune":"Terenuri agricole"},"geometry":{"type":"Polygon","coordinates":[[[27.335451,47.458847],[27.335359,47.458862],[27.334502,47.459309],[27.333436,47.459895],[27.33236,47.46081],[27.331112,47.461855],[27.330791,47.462037],[27.329979,47.462978],[27.329232,47.464085],[27.328891,47.464659],[27.328522,47.465166],[27.328301,47.465576],[27.328217,47.465739],[27.328003,47.466009],[27.327697,47.466562],[27.327882,47.466642],[27.330599,47.465535],[27.333025,47.464209],[27.334913,47.463723],[27.335289,47.463683],[27.335826,47.463889],[27.335898,47.463916],[27.337241,47.463116],[27.337283,47.46309],[27.338393,47.462429],[27.338165,47.462281],[27.338133,47.46226],[27.335142,47.460323],[27.335113,47.460304],[27.335018,47.460242],[27.335272,47.459424],[27.335451,47.458847]]]}},{"type":"Feature","properties":{"fid":39,"Cod_ZF":"ZF03","Tip_ZF":"Terenuri agricole","Cod_SZF":"TPS","Tip_SZF":"PASUNI","utr":"AR","cod":"AR","ZONA":"AR","denumire":"PASUNI","functiune":"Terenuri agricole"},"geometry":{"type":"Polygon","coordinates":[[[27.336675,47.416309],[27.336703,47.416488],[27.336753,47.41701],[27.343182,47.4167],[27.343075,47.417629],[27.347881,47.417241],[27.347986,47.416267],[27.349393,47.415518],[27.348569,47.415683],[27.34749,47.415843],[27.346452,47.415921],[27.345039,47.415975],[27.340005,47.416121],[27.338174,47.416158],[27.336675,47.416309]]]}},{"type":"Feature","properties":{"fid":40,"Cod_ZF":"ZF03","Tip_ZF":"Terenuri agricole","Cod_SZF":"AR","Tip_SZF":"Arabil","utr":"AR","cod":"AR","ZONA":"AR","denumire":"Arabil","functiune":"Terenuri agricole"},"geometry":{"type":"Polygon","coordinates":[[[27.36485,47.440842],[27.364456,47.440236],[27.36438,47.44005],[27.363922,47.440059],[27.363503,47.439801],[27.363491,47.439794],[27.363441,47.439763],[27.363439,47.439762],[27.363372,47.43972],[27.363143,47.438637],[27.363042,47.438161],[27.362995,47.437939],[27.36336,47.437042],[27.363438,47.43685],[27.363218,47.43573],[27.362957,47.435588],[27.362948,47.435583],[27.362808,47.435506],[27.362798,47.435501],[27.362737,47.435511],[27.362275,47.43559],[27.36199,47.438403],[27.362296,47.439145],[27.363726,47.441009],[27.364179,47.440942],[27.364256,47.44093],[27.364287,47.440926],[27.364696,47.440865],[27.36485,47.440842]]]}},{"type":"Feature","properties":{"fid":41,"Cod_ZF":"ZF03","Tip_ZF":"Terenuri agricole","Cod_SZF":"TPS","Tip_SZF":"PASUNI","utr":"AR","cod":"AR","ZONA":"AR","denumire":"PASUNI","functiune":"Terenuri agricole"},"geometry":{"type":"Polygon","coordinates":[[[27.367253,47.44164],[27.36667,47.441718],[27.365634,47.441436],[27.36485,47.440842],[27.364696,47.440865],[27.364287,47.440926],[27.364256,47.44093],[27.364179,47.440942],[27.363726,47.441009],[27.363872,47.441199],[27.364155,47.442047],[27.364029,47.44283],[27.362068,47.445466],[27.361399,47.4471],[27.362478,47.44729],[27.36304,47.446229],[27.364372,47.443945],[27.365213,47.443235],[27.365721,47.442789],[27.366587,47.442648],[27.367068,47.441979],[27.367253,47.44164]]]}},{"type":"Feature","properties":{"fid":42,"Cod_ZF":"ZF02","Tip_ZF":"Fond forestier","Cod_SZF":"TFF","Tip_SZF":"Paduri","utr":"TFF","cod":"TFF","ZONA":"TFF","denumire":"Paduri","functiune":"Fond forestier"},"geometry":{"type":"Polygon","coordinates":[[[27.372193,47.440887],[27.37085,47.440612],[27.370581,47.440664],[27.370122,47.440884],[27.368985,47.44126],[27.367952,47.441546],[27.367253,47.44164],[27.367068,47.441979],[27.366587,47.442648],[27.365721,47.442789],[27.365213,47.443235],[27.364372,47.443945],[27.36304,47.446229],[27.362478,47.44729],[27.362668,47.447693],[27.36237,47.449326],[27.361653,47.450603],[27.361831,47.451661],[27.362212,47.452943],[27.362156,47.454146],[27.362746,47.455955],[27.364109,47.455849],[27.36468,47.455994],[27.364834,47.456605],[27.365318,47.456729],[27.36793,47.456944],[27.368572,47.456205],[27.368433,47.454543],[27.368054,47.454182],[27.366975,47.45436],[27.36555,47.454915],[27.365107,47.454946],[27.365389,47.453521],[27.36528,47.45292],[27.365935,47.4517],[27.365785,47.450173],[27.365991,47.448504],[27.367256,47.446947],[27.369934,47.446423],[27.370852,47.445957],[27.371011,47.445474],[27.369777,47.444393],[27.372379,47.442898],[27.372368,47.442642],[27.371778,47.441961],[27.372193,47.440887]]]}},{"type":"Feature","properties":{"fid":43,"Cod_ZF":"ZF03","Tip_ZF":"Terenuri agricole","Cod_SZF":"AR","Tip_SZF":"Arabil","utr":"AR","cod":"AR","ZONA":"AR","denumire":"Arabil","functiune":"Terenuri agricole"},"geometry":{"type":"Polygon","coordinates":[[[27.336753,47.41701],[27.336785,47.417347],[27.33695,47.417732],[27.337746,47.42019],[27.337821,47.420582],[27.337476,47.421226],[27.336792,47.4222],[27.336342,47.423239],[27.336833,47.424192],[27.336789,47.424334],[27.336626,47.424586],[27.335167,47.42606],[27.334444,47.42729],[27.334402,47.427407],[27.335056,47.428393],[27.335291,47.429056],[27.335488,47.429733],[27.335254,47.430126],[27.334774,47.430611],[27.334288,47.430813],[27.333751,47.431523],[27.333667,47.431777],[27.333775,47.432032],[27.334324,47.432528],[27.334438,47.43292],[27.334309,47.433353],[27.333869,47.433885],[27.333276,47.434499],[27.333204,47.434724],[27.333469,47.435421],[27.333326,47.435891],[27.332393,47.436756],[27.330371,47.437308],[27.33013,47.437451],[27.329925,47.438002],[27.330047,47.438419],[27.330438,47.439058],[27.330294,47.439466],[27.329746,47.439791],[27.328755,47.439893],[27.328288,47.440022],[27.328144,47.440389],[27.328356,47.441016],[27.3281,47.441686],[27.327242,47.442528],[27.32712,47.44316],[27.326675,47.445016],[27.326603,47.445313],[27.326566,47.44546],[27.326566,47.44546],[27.326219,47.446827],[27.326217,47.447092],[27.328327,47.447003],[27.330018,47.446905],[27.331437,47.446804],[27.332397,47.446778],[27.332672,47.446822],[27.332925,47.446938],[27.333151,47.44708],[27.333253,47.447118],[27.333206,47.446919],[27.333113,47.446526],[27.333102,47.446477],[27.333096,47.446452],[27.333092,47.446438],[27.33306,47.446302],[27.333052,47.446268],[27.333038,47.446206],[27.333023,47.446142],[27.332086,47.446141],[27.331609,47.445719],[27.331703,47.444524],[27.333862,47.444601],[27.333812,47.444565],[27.333644,47.444421],[27.339897,47.444669],[27.341291,47.444724],[27.341369,47.444727],[27.342201,47.44476],[27.342278,47.444763],[27.342311,47.444764],[27.342274,47.444702],[27.342221,47.444612],[27.340825,47.44223],[27.340172,47.441042],[27.340134,47.440184],[27.340745,47.439457],[27.344446,47.437337],[27.345021,47.437225],[27.345784,47.437553],[27.346873,47.43884],[27.347177,47.438798],[27.349474,47.433989],[27.34995,47.434044],[27.350705,47.434422],[27.351014,47.434501],[27.351881,47.434333],[27.352503,47.433764],[27.352308,47.43303],[27.353664,47.432703],[27.353987,47.433097],[27.353957,47.434098],[27.354268,47.434442],[27.354755,47.434497],[27.354421,47.435061],[27.352624,47.43542],[27.351806,47.436111],[27.350171,47.437854],[27.349746,47.438298],[27.349713,47.440187],[27.349483,47.440424],[27.348882,47.440429],[27.347261,47.439511],[27.346938,47.43911],[27.3448,47.43916],[27.343819,47.439845],[27.342978,47.440134],[27.342891,47.441044],[27.343809,47.44154],[27.34414,47.442113],[27.344846,47.442349],[27.345952,47.443299],[27.346383,47.444241],[27.347447,47.445414],[27.347318,47.446089],[27.346925,47.446497],[27.346298,47.446846],[27.345819,47.447477],[27.344559,47.448304],[27.344186,47.44942],[27.343541,47.449847],[27.34331,47.450353],[27.34263,47.450702],[27.341208,47.452168],[27.340587,47.452438],[27.340301,47.452644],[27.339286,47.452822],[27.338955,47.452958],[27.338557,47.453379],[27.339255,47.453589],[27.340599,47.454199],[27.340663,47.454228],[27.33896,47.455589],[27.339244,47.45606],[27.338182,47.45672],[27.340007,47.458276],[27.340216,47.458144],[27.341433,47.459026],[27.341908,47.459391],[27.341144,47.459849],[27.340768,47.459576],[27.340674,47.459508],[27.340632,47.459534],[27.339784,47.460072],[27.339732,47.460105],[27.340003,47.460049],[27.340208,47.460055],[27.340442,47.460237],[27.340482,47.460495],[27.340634,47.460411],[27.340733,47.460078],[27.341119,47.460008],[27.341375,47.460199],[27.341802,47.460411],[27.341849,47.46088],[27.343274,47.460109],[27.343061,47.460046],[27.342304,47.460421],[27.341724,47.460065],[27.344115,47.458612],[27.344871,47.458712],[27.345351,47.459055],[27.345981,47.459057],[27.342077,47.461033],[27.342323,47.461173],[27.342671,47.461363],[27.342867,47.461633],[27.343262,47.461937],[27.343269,47.462035],[27.344815,47.461547],[27.345088,47.461656],[27.347471,47.460459],[27.347376,47.461035],[27.347113,47.461345],[27.347589,47.461957],[27.347184,47.462949],[27.34703,47.463374],[27.347485,47.463915],[27.34793,47.464199],[27.347692,47.464696],[27.344681,47.465354],[27.344001,47.465216],[27.343301,47.466191],[27.34313,47.467014],[27.343751,47.4674],[27.343842,47.467878],[27.344449,47.468323],[27.342481,47.468363],[27.342443,47.467497],[27.342619,47.466017],[27.343015,47.46479],[27.343234,47.464282],[27.342893,47.463598],[27.34328,47.462973],[27.342999,47.462863],[27.34305,47.462104],[27.342948,47.461856],[27.34253,47.46138],[27.342193,47.461277],[27.341667,47.460889],[27.341666,47.460544],[27.341025,47.460139],[27.340872,47.46019],[27.340698,47.460573],[27.340386,47.460579],[27.34156,47.461431],[27.340031,47.462668],[27.340002,47.462691],[27.339241,47.463307],[27.338917,47.463569],[27.337939,47.46436],[27.337866,47.46442],[27.337426,47.464775],[27.337381,47.464812],[27.337351,47.464836],[27.336992,47.464609],[27.33656,47.464335],[27.335898,47.463916],[27.335826,47.463889],[27.335289,47.463683],[27.334913,47.463723],[27.333025,47.464209],[27.330599,47.465535],[27.327882,47.466642],[27.328442,47.466893],[27.329176,47.467222],[27.32986,47.467516],[27.330028,47.467539],[27.330432,47.467333],[27.331307,47.467706],[27.334471,47.469264],[27.33484,47.469487],[27.335536,47.469826],[27.336546,47.47036],[27.337199,47.470715],[27.338116,47.471195],[27.33908,47.471699],[27.339607,47.471965],[27.340405,47.472368],[27.34116,47.472749],[27.341629,47.473001],[27.342549,47.473522],[27.343082,47.473781],[27.346277,47.475521],[27.348454,47.476371],[27.350762,47.477472],[27.361941,47.482757],[27.363375,47.483426],[27.368071,47.475898],[27.368499,47.475941],[27.370027,47.476095],[27.371312,47.476224],[27.372065,47.476282],[27.373212,47.476424],[27.373989,47.476504],[27.375193,47.476628],[27.375235,47.475717],[27.375577,47.474994],[27.375919,47.474271],[27.376045,47.473936],[27.376183,47.473568],[27.376389,47.473159],[27.376609,47.472717],[27.377077,47.472068],[27.377887,47.470435],[27.378013,47.470463],[27.378197,47.470079],[27.378223,47.469829],[27.378241,47.469646],[27.37821,47.469159],[27.37818,47.468673],[27.378106,47.468376],[27.377953,47.467754],[27.377887,47.467338],[27.377822,47.466922],[27.377744,47.466177],[27.377741,47.465977],[27.377739,47.465778],[27.377756,47.465355],[27.377826,47.464918],[27.377905,47.464382],[27.377985,47.463847],[27.377845,47.463168],[27.377848,47.462592],[27.377872,47.461589],[27.377863,47.461143],[27.377819,47.460698],[27.377743,47.460397],[27.377677,47.460136],[27.37758,47.459953],[27.377293,47.459629],[27.376648,47.4589],[27.376459,47.458622],[27.376269,47.458295],[27.376157,47.458066],[27.375979,47.457529],[27.375766,47.456884],[27.375476,47.456074],[27.375264,47.455333],[27.375022,47.454456],[27.37504,47.45427],[27.375133,47.454016],[27.375295,47.453608],[27.375461,47.453285],[27.375701,47.452689],[27.376001,47.451941],[27.376174,47.451511],[27.376386,47.450983],[27.376291,47.450796],[27.375207,47.449698],[27.374237,47.44882],[27.374063,47.448663],[27.374063,47.448402],[27.374217,47.448035],[27.374463,47.447098],[27.374552,47.446681],[27.374682,47.446414],[27.375391,47.445579],[27.375538,47.445334],[27.375688,47.445254],[27.375962,47.445187],[27.376503,47.445161],[27.376713,47.445038],[27.376599,47.444135],[27.376493,47.443542],[27.376062,47.442611],[27.375688,47.441955],[27.375323,47.441637],[27.373995,47.441261],[27.373082,47.441144],[27.372608,47.440971],[27.372193,47.440887],[27.371778,47.441961],[27.372368,47.442642],[27.372379,47.442898],[27.369777,47.444393],[27.371011,47.445474],[27.370852,47.445957],[27.369934,47.446423],[27.367256,47.446947],[27.365991,47.448504],[27.365785,47.450173],[27.365935,47.4517],[27.36528,47.45292],[27.365389,47.453521],[27.365107,47.454946],[27.36555,47.454915],[27.366975,47.45436],[27.368054,47.454182],[27.368433,47.454543],[27.368572,47.456205],[27.36793,47.456944],[27.365318,47.456729],[27.364834,47.456605],[27.36468,47.455994],[27.364109,47.455849],[27.362746,47.455955],[27.362156,47.454146],[27.362212,47.452943],[27.361831,47.451661],[27.361653,47.450603],[27.36237,47.449326],[27.362668,47.447693],[27.362478,47.44729],[27.361399,47.4471],[27.362068,47.445466],[27.364029,47.44283],[27.363381,47.442712],[27.363484,47.442073],[27.363241,47.441344],[27.361617,47.439384],[27.361536,47.439064],[27.358584,47.438638],[27.35892,47.43809],[27.361375,47.43843],[27.361361,47.438374],[27.361326,47.438333],[27.36107,47.438038],[27.360769,47.437692],[27.361036,47.43692],[27.361115,47.436691],[27.361129,47.436651],[27.361233,47.43635],[27.361416,47.435819],[27.361435,47.435765],[27.361463,47.435684],[27.361753,47.434846],[27.361739,47.434809],[27.361667,47.43462],[27.361523,47.434245],[27.361941,47.432935],[27.362625,47.431921],[27.362952,47.430573],[27.36287,47.429727],[27.362843,47.429452],[27.362781,47.429438],[27.362729,47.429426],[27.362097,47.429285],[27.362124,47.429229],[27.362143,47.429188],[27.363331,47.426737],[27.363023,47.421324],[27.362979,47.420907],[27.362964,47.420763],[27.362637,47.417623],[27.362635,47.417608],[27.362619,47.417589],[27.362149,47.417032],[27.36144,47.417814],[27.360466,47.418888],[27.360027,47.420114],[27.359772,47.420827],[27.358106,47.420384],[27.357237,47.42189],[27.357952,47.422961],[27.360067,47.425068],[27.360662,47.426771],[27.359743,47.428838],[27.358839,47.428653],[27.359441,47.427298],[27.359733,47.425897],[27.358716,47.424661],[27.357539,47.423492],[27.356603,47.422363],[27.356541,47.422087],[27.356511,47.422084],[27.356428,47.422076],[27.356133,47.42205],[27.356079,47.421427],[27.357071,47.420057],[27.358446,47.418161],[27.359472,47.416745],[27.361029,47.41543],[27.360369,47.414962],[27.359724,47.414503],[27.357734,47.413089],[27.356373,47.413084],[27.353858,47.413356],[27.353462,47.41332],[27.353076,47.41363],[27.352105,47.414284],[27.351104,47.414916],[27.350291,47.415251],[27.349393,47.415518],[27.347986,47.416267],[27.347881,47.417241],[27.343075,47.417629],[27.343182,47.4167],[27.336753,47.41701]],[[27.369928,47.465942],[27.369003,47.465894],[27.368248,47.465976],[27.367422,47.465926],[27.367282,47.465728],[27.367712,47.463552],[27.368527,47.462597],[27.368032,47.462205],[27.36838,47.461885],[27.369546,47.461436],[27.370315,47.460191],[27.371389,47.46027],[27.37229,47.46052],[27.373029,47.461588],[27.373002,47.46246],[27.37238,47.463289],[27.372538,47.463889],[27.371965,47.464336],[27.370037,47.464331],[27.37002,47.465426],[27.37019,47.465937],[27.369928,47.465942]],[[27.351436,47.441157],[27.35184,47.440602],[27.352453,47.44069],[27.353016,47.440019],[27.354627,47.439942],[27.355849,47.43966],[27.356287,47.439506],[27.357624,47.439188],[27.358273,47.438902],[27.359729,47.439123],[27.35893,47.439687],[27.356638,47.440359],[27.356305,47.440288],[27.355624,47.440525],[27.35769,47.440695],[27.357969,47.440299],[27.359775,47.440541],[27.3597,47.44071],[27.358839,47.440605],[27.358457,47.440914],[27.355492,47.441645],[27.354277,47.442843],[27.352892,47.443564],[27.351992,47.443682],[27.351242,47.443474],[27.350755,47.443261],[27.350445,47.442585],[27.350253,47.441975],[27.35052,47.441299],[27.351436,47.441157]]]}},{"type":"Feature","properties":{"fid":44,"Cod_ZF":"ZF02","Tip_ZF":"Fond forestier","Cod_SZF":"TFF","Tip_SZF":"Paduri","utr":"TFF","cod":"TFF","ZONA":"TFF","denumire":"Paduri","functiune":"Fond forestier"},"geometry":{"type":"Polygon","coordinates":[[[27.369928,47.465942],[27.37019,47.465937],[27.37002,47.465426],[27.370037,47.464331],[27.371965,47.464336],[27.372538,47.463889],[27.37238,47.463289],[27.373002,47.46246],[27.373029,47.461588],[27.37229,47.46052],[27.371389,47.46027],[27.370315,47.460191],[27.369546,47.461436],[27.36838,47.461885],[27.368032,47.462205],[27.368527,47.462597],[27.367712,47.463552],[27.367282,47.465728],[27.367422,47.465926],[27.368248,47.465976],[27.369003,47.465894],[27.369928,47.465942]]]}},{"type":"Feature","properties":{"fid":45,"Cod_ZF":"ZF03","Tip_ZF":"Terenuri agricole","Cod_SZF":"TVII","Tip_SZF":"VII","utr":"AR","cod":"AR","ZONA":"AR","denumire":"VII","functiune":"Terenuri agricole"},"geometry":{"type":"Polygon","coordinates":[[[27.361375,47.43843],[27.35892,47.43809],[27.358584,47.438638],[27.361536,47.439064],[27.361375,47.43843]]]}},{"type":"Feature","properties":{"fid":46,"Cod_ZF":"ZF03","Tip_ZF":"Terenuri agricole","Cod_SZF":"TFN","Tip_SZF":"Fanete","utr":"AR","cod":"AR","ZONA":"AR","denumire":"Fanete","functiune":"Terenuri agricole"},"geometry":{"type":"Polygon","coordinates":[[[27.351436,47.441157],[27.35052,47.441299],[27.350253,47.441975],[27.350445,47.442585],[27.350755,47.443261],[27.351242,47.443474],[27.351992,47.443682],[27.352892,47.443564],[27.354277,47.442843],[27.355492,47.441645],[27.358457,47.440914],[27.358839,47.440605],[27.3597,47.44071],[27.359775,47.440541],[27.357969,47.440299],[27.35769,47.440695],[27.355624,47.440525],[27.356305,47.440288],[27.356638,47.440359],[27.35893,47.439687],[27.359729,47.439123],[27.358273,47.438902],[27.357624,47.439188],[27.356287,47.439506],[27.355849,47.43966],[27.354627,47.439942],[27.353016,47.440019],[27.352453,47.44069],[27.35184,47.440602],[27.351436,47.441157]]]}},{"type":"Feature","properties":{"fid":47,"Cod_ZF":"ZF03","Tip_ZF":"Terenuri agricole","Cod_SZF":"TFN","Tip_SZF":"Fanete","utr":"AR","cod":"AR","ZONA":"AR","denumire":"Fanete","functiune":"Terenuri agricole"},"geometry":{"type":"Polygon","coordinates":[[[27.342077,47.461033],[27.345981,47.459057],[27.345351,47.459055],[27.344871,47.458712],[27.344115,47.458612],[27.341724,47.460065],[27.342304,47.460421],[27.343061,47.460046],[27.343274,47.460109],[27.341849,47.46088],[27.342077,47.461033]]]}},{"type":"Feature","properties":{"fid":48,"Cod_ZF":"ZF03","Tip_ZF":"Terenuri agricole","Cod_SZF":"TFN","Tip_SZF":"Fanete","utr":"AR","cod":"AR","ZONA":"AR","denumire":"Fanete","functiune":"Terenuri agricole"},"geometry":{"type":"Polygon","coordinates":[[[27.34305,47.462104],[27.342999,47.462863],[27.34328,47.462973],[27.342893,47.463598],[27.343234,47.464282],[27.343015,47.46479],[27.342619,47.466017],[27.342443,47.467497],[27.342481,47.468363],[27.344449,47.468323],[27.343842,47.467878],[27.343751,47.4674],[27.34313,47.467014],[27.343301,47.466191],[27.344001,47.465216],[27.344681,47.465354],[27.347692,47.464696],[27.34793,47.464199],[27.347485,47.463915],[27.34703,47.463374],[27.347184,47.462949],[27.347589,47.461957],[27.347113,47.461345],[27.347376,47.461035],[27.347471,47.460459],[27.345088,47.461656],[27.344815,47.461547],[27.343269,47.462035],[27.343298,47.462435],[27.343151,47.462457],[27.34305,47.462104]]]}},{"type":"Feature","properties":{"fid":49,"Cod_ZF":"ZF03","Tip_ZF":"Terenuri agricole","Cod_SZF":"AR","Tip_SZF":"Arabil","utr":"AR","cod":"AR","ZONA":"AR","denumire":"Arabil","functiune":"Terenuri agricole"},"geometry":{"type":"Polygon","coordinates":[[[27.339923,47.460243],[27.340386,47.460579],[27.3403,47.460379],[27.340003,47.460222],[27.339923,47.460243]]]}},{"type":"Feature","properties":{"fid":50,"Cod_ZF":"ZF01","Tip_ZF":"Zonă aflată permanent sub ape","Cod_SZF":"TA","Tip_SZF":"Ape","utr":"TA","cod":"TA","ZONA":"TA","denumire":"Ape","functiune":"Zonă aflată permanent sub ape"},"geometry":{"type":"Polygon","coordinates":[[[27.341849,47.46088],[27.341802,47.460411],[27.341375,47.460199],[27.341119,47.460008],[27.340733,47.460078],[27.340634,47.460411],[27.340482,47.460495],[27.340442,47.460237],[27.340208,47.460055],[27.340003,47.460049],[27.339732,47.460105],[27.339791,47.460148],[27.339923,47.460243],[27.340003,47.460222],[27.3403,47.460379],[27.340386,47.460579],[27.340698,47.460573],[27.340872,47.46019],[27.341025,47.460139],[27.341666,47.460544],[27.341667,47.460889],[27.342193,47.461277],[27.34253,47.46138],[27.342948,47.461856],[27.34305,47.462104],[27.343269,47.462035],[27.343262,47.461937],[27.342867,47.461633],[27.342671,47.461363],[27.342323,47.461173],[27.342077,47.461033],[27.341849,47.46088]]]}},{"type":"Feature","properties":{"fid":51,"Cod_ZF":"ZF01","Tip_ZF":"Zonă aflată permanent sub ape","Cod_SZF":"TA","Tip_SZF":"Ape","utr":"TA","cod":"TA","ZONA":"TA","denumire":"Ape","functiune":"Zonă aflată permanent sub ape"},"geometry":{"type":"Polygon","coordinates":[[[27.34305,47.462104],[27.343151,47.462457],[27.343298,47.462435],[27.343269,47.462035],[27.34305,47.462104]]]}},{"type":"Feature","properties":{"fid":52,"Cod_ZF":"ZF02","Tip_ZF":"Fond forestier","Cod_SZF":"TFF","Tip_SZF":"Paduri","utr":"TFF","cod":"TFF","ZONA":"TFF","denumire":"Paduri","functiune":"Fond forestier"},"geometry":{"type":"Polygon","coordinates":[[[27.322345,47.449745],[27.322594,47.449649],[27.322779,47.449577],[27.322952,47.449511],[27.324852,47.448534],[27.325484,47.44754],[27.325565,47.447295],[27.322525,47.44743],[27.322569,47.448609],[27.32257,47.448645],[27.322571,47.448674],[27.322477,47.449118],[27.322477,47.449119],[27.322468,47.449163],[27.322345,47.449745]]]}},{"type":"Feature","properties":{"fid":53,"Cod_ZF":"ZF02","Tip_ZF":"Fond forestier","Cod_SZF":"TFF","Tip_SZF":"Paduri","utr":"TFF","cod":"TFF","ZONA":"TFF","denumire":"Paduri","functiune":"Fond forestier"},"geometry":{"type":"Polygon","coordinates":[[[27.32562,47.44713],[27.32574,47.446766],[27.326058,47.445193],[27.326025,47.444078],[27.325316,47.44476],[27.324793,47.445179],[27.32475,47.445213],[27.324357,47.445528],[27.323846,47.445938],[27.323336,47.446346],[27.323185,47.446467],[27.322784,47.446789],[27.322743,47.446821],[27.32251,47.447008],[27.322519,47.447251],[27.322652,47.447279],[27.322822,47.447301],[27.32562,47.44713]]]}},{"type":"Feature","properties":{"fid":54,"Cod_ZF":"ZF06","Tip_ZF":"Căi de comunicație și transporturi","Cod_SZF":"CF","Tip_SZF":"Zona cai de comunicatie feroviara si amenajari aferente","utr":"CF","cod":"CF","ZONA":"CF","denumire":"Zona cai de comunicatie feroviara si amenajari aferente","functiune":"Căi de comunicație și transporturi"},"geometry":{"type":"Polygon","coordinates":[[[27.33438,47.416639],[27.334138,47.416659],[27.334105,47.416951],[27.333936,47.417766],[27.333721,47.41836],[27.333252,47.419262],[27.333022,47.419665],[27.332503,47.4204],[27.332184,47.420718],[27.331776,47.421087],[27.331314,47.421509],[27.330865,47.42193],[27.329389,47.422914],[27.319999,47.428948],[27.314357,47.432573],[27.309836,47.435476],[27.309036,47.436091],[27.308244,47.43676],[27.307601,47.437435],[27.30716,47.438014],[27.30654,47.439202],[27.30618,47.439891],[27.306027,47.440288],[27.305724,47.442266],[27.305334,47.444824],[27.304424,47.450982],[27.303709,47.455685],[27.303685,47.455837],[27.3033,47.458375],[27.302351,47.46492],[27.301217,47.472256],[27.300562,47.476755],[27.299985,47.480699],[27.30015,47.480702],[27.300179,47.480706],[27.300192,47.480464],[27.300496,47.47839],[27.300908,47.47558],[27.301469,47.471933],[27.302082,47.467888],[27.302738,47.463404],[27.303245,47.46022],[27.303837,47.456083],[27.304047,47.454686],[27.304622,47.450863],[27.304679,47.450464],[27.304884,47.449039],[27.30492,47.448787],[27.305163,47.44713],[27.305173,47.447061],[27.305324,47.446032],[27.305832,47.442732],[27.306086,47.441229],[27.306178,47.440685],[27.306378,47.439966],[27.306702,47.439188],[27.307159,47.438356],[27.308005,47.437295],[27.309434,47.435995],[27.309992,47.435622],[27.311413,47.434669],[27.313824,47.433139],[27.31432,47.432824],[27.317311,47.430912],[27.321001,47.42855],[27.324411,47.426323],[27.327594,47.424275],[27.330613,47.422313],[27.331025,47.42199],[27.331536,47.421588],[27.332531,47.420653],[27.333624,47.419046],[27.334063,47.418051],[27.334319,47.417096],[27.33438,47.416639]]]}},{"type":"Feature","properties":{"fid":55,"Cod_ZF":"ZF06","Tip_ZF":"Căi de comunicație și transporturi","Cod_SZF":"CF","Tip_SZF":"Zona cai de comunicatie feroviara si amenajari aferente","utr":"CF","cod":"CF","ZONA":"CF","denumire":"Zona cai de comunicatie feroviara si amenajari aferente","functiune":"Căi de comunicație și transporturi"},"geometry":{"type":"Polygon","coordinates":[[[27.334397,47.41641],[27.334416,47.415453],[27.334173,47.414291],[27.333696,47.413082],[27.332821,47.411833],[27.331838,47.41085],[27.331318,47.410433],[27.331046,47.410241],[27.330901,47.410339],[27.330678,47.410488],[27.330958,47.410689],[27.331275,47.410935],[27.331575,47.411192],[27.331885,47.41148],[27.332043,47.411641],[27.332309,47.411926],[27.332491,47.41214],[27.332661,47.412357],[27.332819,47.412571],[27.333022,47.412883],[27.333103,47.413014],[27.333238,47.413249],[27.333439,47.413661],[27.333559,47.413943],[27.333692,47.414317],[27.333775,47.414607],[27.333823,47.414811],[27.333885,47.415135],[27.333906,47.41531],[27.333921,47.415437],[27.333945,47.415736],[27.333949,47.415955],[27.333948,47.416134],[27.333943,47.416276],[27.333936,47.416406],[27.333933,47.416456],[27.334397,47.41641]]]}},{"type":"Feature","properties":{"fid":56,"Cod_ZF":"ZF06","Tip_ZF":"Căi de comunicație și transporturi","Cod_SZF":"CF","Tip_SZF":"Zona cai de comunicatie feroviara si amenajari aferente","utr":"CF","cod":"CF","ZONA":"CF","denumire":"Zona cai de comunicatie feroviara si amenajari aferente","functiune":"Căi de comunicație și transporturi"},"geometry":{"type":"Polygon","coordinates":[[[27.319031,47.402738],[27.318782,47.402367],[27.318477,47.401709],[27.318349,47.401725],[27.318216,47.401751],[27.318418,47.402105],[27.318637,47.402591],[27.318779,47.402768],[27.318839,47.402843],[27.319031,47.402738]]]}},{"type":"Feature","properties":{"fid":57,"Cod_ZF":"ZF01","Tip_ZF":"Zonă aflată permanent sub ape","Cod_SZF":"TA","Tip_SZF":"Ape","utr":"TA","cod":"TA","ZONA":"TA","denumire":"Ape","functiune":"Zonă aflată permanent sub ape"},"geometry":{"type":"Polygon","coordinates":[[[27.304679,47.450464],[27.304622,47.450863],[27.304047,47.454686],[27.304302,47.454693],[27.304474,47.454687],[27.30444,47.454515],[27.304484,47.454075],[27.304597,47.453962],[27.304746,47.453959],[27.30522,47.453824],[27.305368,47.453582],[27.305558,47.452954],[27.305644,47.453042],[27.305758,47.453285],[27.305993,47.453572],[27.30625,47.4536],[27.306277,47.453763],[27.306106,47.454424],[27.306218,47.454587],[27.306514,47.454625],[27.306858,47.45474],[27.30712,47.454929],[27.307338,47.455044],[27.307772,47.455131],[27.30809,47.455266],[27.308188,47.45554],[27.308158,47.455796],[27.308047,47.455942],[27.307781,47.455984],[27.307278,47.455767],[27.306806,47.455727],[27.30636,47.455887],[27.305823,47.456137],[27.305695,47.457052],[27.305579,47.458037],[27.30553,47.458477],[27.305908,47.458644],[27.306075,47.458736],[27.306237,47.458923],[27.30666,47.459262],[27.30694,47.459247],[27.306852,47.459],[27.306627,47.458707],[27.305872,47.458436],[27.30577,47.458279],[27.305903,47.457677],[27.305893,47.457342],[27.305993,47.456631],[27.306298,47.456051],[27.306772,47.455883],[27.307097,47.455881],[27.307737,47.456118],[27.30807,47.45613],[27.308368,47.455971],[27.308464,47.455571],[27.30817,47.454991],[27.307679,47.454929],[27.307303,47.454917],[27.307044,47.454639],[27.306535,47.454491],[27.306384,47.454427],[27.306363,47.454269],[27.306523,47.453891],[27.306543,47.453531],[27.306561,47.452974],[27.306724,47.452649],[27.306815,47.452633],[27.30721,47.452587],[27.307521,47.452437],[27.307657,47.452132],[27.307491,47.45146],[27.307549,47.451345],[27.307781,47.451372],[27.308098,47.451482],[27.308423,47.451454],[27.308633,47.451281],[27.308656,47.450986],[27.308306,47.450642],[27.307779,47.450484],[27.307778,47.450364],[27.307842,47.45017],[27.307975,47.450105],[27.308659,47.449994],[27.309026,47.450017],[27.309381,47.449958],[27.309933,47.449627],[27.310104,47.449649],[27.310403,47.449805],[27.310688,47.449815],[27.310942,47.449724],[27.311101,47.449527],[27.311102,47.449334],[27.310957,47.44891],[27.310697,47.448648],[27.310316,47.44844],[27.310211,47.448209],[27.310226,47.44792],[27.310168,47.447715],[27.309691,47.447633],[27.309126,47.447817],[27.308998,47.447815],[27.309145,47.447438],[27.305856,47.447124],[27.305173,47.447061],[27.305163,47.44713],[27.30492,47.448787],[27.304884,47.449039],[27.305253,47.449036],[27.305418,47.448971],[27.305512,47.449049],[27.305689,47.449254],[27.305744,47.449486],[27.305573,47.449932],[27.305321,47.450493],[27.305168,47.450628],[27.305021,47.45057],[27.304827,47.45051],[27.304679,47.450464]],[[27.305352,47.452778],[27.305247,47.452908],[27.305166,47.453104],[27.305048,47.453398],[27.304902,47.45364],[27.30481,47.453639],[27.304755,47.453508],[27.304788,47.453348],[27.304749,47.452987],[27.304668,47.452766],[27.30488,47.45252],[27.305038,47.452419],[27.305091,47.452316],[27.305169,47.452027],[27.305521,47.451665],[27.305922,47.451161],[27.306079,47.451036],[27.306226,47.451004],[27.306513,47.450943],[27.306817,47.450862],[27.307215,47.450835],[27.307732,47.45072],[27.307888,47.450717],[27.308048,47.450726],[27.308189,47.450772],[27.308254,47.450871],[27.308411,47.451011],[27.308439,47.451137],[27.308337,47.451257],[27.308187,47.451268],[27.30796,47.451235],[27.307675,47.451152],[27.30734,47.45117],[27.307185,47.451282],[27.307169,47.451443],[27.307239,47.45166],[27.307325,47.451977],[27.307347,47.452151],[27.307265,47.45233],[27.307033,47.452458],[27.306987,47.452453],[27.306658,47.452485],[27.306386,47.452565],[27.306222,47.452852],[27.306212,47.453042],[27.306239,47.453252],[27.306219,47.453408],[27.306113,47.453363],[27.305953,47.453274],[27.305825,47.45307],[27.305713,47.452891],[27.305484,47.452748],[27.305352,47.452778]],[[27.306604,47.450766],[27.30609,47.45083],[27.305992,47.450728],[27.30595,47.450603],[27.305976,47.450474],[27.30606,47.450309],[27.306143,47.450133],[27.306184,47.449929],[27.306245,47.449467],[27.306336,47.449269],[27.306455,47.449285],[27.306589,47.449344],[27.306752,47.449463],[27.306895,47.449629],[27.306942,47.449773],[27.307104,47.449963],[27.307334,47.450137],[27.307422,47.450285],[27.307376,47.450492],[27.307212,47.450572],[27.306604,47.450766]],[[27.307311,47.449403],[27.307171,47.449212],[27.307019,47.449031],[27.306912,47.448969],[27.306891,47.448809],[27.306974,47.448722],[27.307262,47.448796],[27.30754,47.448833],[27.307649,47.448831],[27.307909,47.448786],[27.308093,47.448632],[27.308396,47.448635],[27.308279,47.448862],[27.308216,47.449072],[27.308364,47.449244],[27.308568,47.449369],[27.309097,47.449441],[27.309341,47.449544],[27.309414,47.449656],[27.309119,47.449757],[27.308803,47.449773],[27.308595,47.449771],[27.308368,47.449772],[27.307928,47.449851],[27.307847,47.449862],[27.307666,47.449854],[27.307513,47.449783],[27.307471,47.449643],[27.307311,47.449403]],[[27.308732,47.448709],[27.308672,47.448522],[27.308712,47.448306],[27.308818,47.448228],[27.308912,47.448207],[27.309225,47.44813],[27.309565,47.447915],[27.30988,47.447869],[27.309908,47.448012],[27.309929,47.448384],[27.310165,47.448603],[27.310448,47.448754],[27.310717,47.449016],[27.310762,47.449218],[27.310741,47.449467],[27.310507,47.449594],[27.310224,47.449542],[27.309997,47.449319],[27.309852,47.448999],[27.309581,47.44882],[27.308934,47.44871],[27.308732,47.448709]]]}},{"type":"Feature","properties":{"fid":58,"Cod_ZF":"ZF03","Tip_ZF":"Terenuri agricole","Cod_SZF":"TPS","Tip_SZF":"PASUNI","utr":"AR","cod":"AR","ZONA":"AR","denumire":"PASUNI","functiune":"Terenuri agricole"},"geometry":{"type":"Polygon","coordinates":[[[27.304884,47.449039],[27.304679,47.450464],[27.304827,47.45051],[27.305021,47.45057],[27.305168,47.450628],[27.305321,47.450493],[27.305573,47.449932],[27.305744,47.449486],[27.305689,47.449254],[27.305512,47.449049],[27.305418,47.448971],[27.305253,47.449036],[27.304884,47.449039]]]}},{"type":"Feature","properties":{"fid":59,"Cod_ZF":"ZF03","Tip_ZF":"Terenuri agricole","Cod_SZF":"TPS","Tip_SZF":"PASUNI","utr":"AR","cod":"AR","ZONA":"AR","denumire":"PASUNI","functiune":"Terenuri agricole"},"geometry":{"type":"Polygon","coordinates":[[[27.308732,47.448709],[27.308934,47.44871],[27.309581,47.44882],[27.309852,47.448999],[27.309997,47.449319],[27.310224,47.449542],[27.310507,47.449594],[27.310741,47.449467],[27.310762,47.449218],[27.310717,47.449016],[27.310448,47.448754],[27.310165,47.448603],[27.309929,47.448384],[27.309908,47.448012],[27.30988,47.447869],[27.309565,47.447915],[27.309225,47.44813],[27.308912,47.448207],[27.308818,47.448228],[27.308712,47.448306],[27.308672,47.448522],[27.308732,47.448709]]]}},{"type":"Feature","properties":{"fid":60,"Cod_ZF":"ZF03","Tip_ZF":"Terenuri agricole","Cod_SZF":"TPS","Tip_SZF":"PASUNI","utr":"AR","cod":"AR","ZONA":"AR","denumire":"PASUNI","functiune":"Terenuri agricole"},"geometry":{"type":"Polygon","coordinates":[[[27.307311,47.449403],[27.307471,47.449643],[27.307513,47.449783],[27.307666,47.449854],[27.307847,47.449862],[27.307928,47.449851],[27.308368,47.449772],[27.308595,47.449771],[27.308803,47.449773],[27.309119,47.449757],[27.309414,47.449656],[27.309341,47.449544],[27.309097,47.449441],[27.308568,47.449369],[27.308364,47.449244],[27.308216,47.449072],[27.308279,47.448862],[27.308396,47.448635],[27.308093,47.448632],[27.307909,47.448786],[27.307649,47.448831],[27.30754,47.448833],[27.307262,47.448796],[27.306974,47.448722],[27.306891,47.448809],[27.306912,47.448969],[27.307019,47.449031],[27.307171,47.449212],[27.307311,47.449403]]]}},{"type":"Feature","properties":{"fid":61,"Cod_ZF":"ZF03","Tip_ZF":"Terenuri agricole","Cod_SZF":"TPS","Tip_SZF":"PASUNI","utr":"AR","cod":"AR","ZONA":"AR","denumire":"PASUNI","functiune":"Terenuri agricole"},"geometry":{"type":"Polygon","coordinates":[[[27.306604,47.450766],[27.307212,47.450572],[27.307376,47.450492],[27.307422,47.450285],[27.307334,47.450137],[27.307104,47.449963],[27.306942,47.449773],[27.306895,47.449629],[27.306752,47.449463],[27.306589,47.449344],[27.306455,47.449285],[27.306336,47.449269],[27.306245,47.449467],[27.306184,47.449929],[27.306143,47.450133],[27.30606,47.450309],[27.305976,47.450474],[27.30595,47.450603],[27.305992,47.450728],[27.30609,47.45083],[27.306604,47.450766]]]}},{"type":"Feature","properties":{"fid":62,"Cod_ZF":"ZF03","Tip_ZF":"Terenuri agricole","Cod_SZF":"TPS","Tip_SZF":"PASUNI","utr":"AR","cod":"AR","ZONA":"AR","denumire":"PASUNI","functiune":"Terenuri agricole"},"geometry":{"type":"Polygon","coordinates":[[[27.305352,47.452778],[27.305484,47.452748],[27.305713,47.452891],[27.305825,47.45307],[27.305953,47.453274],[27.306113,47.453363],[27.306219,47.453408],[27.306239,47.453252],[27.306212,47.453042],[27.306222,47.452852],[27.306386,47.452565],[27.306658,47.452485],[27.306987,47.452453],[27.307033,47.452458],[27.307265,47.45233],[27.307347,47.452151],[27.307325,47.451977],[27.307239,47.45166],[27.307169,47.451443],[27.307185,47.451282],[27.30734,47.45117],[27.307675,47.451152],[27.30796,47.451235],[27.308187,47.451268],[27.308337,47.451257],[27.308439,47.451137],[27.308411,47.451011],[27.308254,47.450871],[27.308189,47.450772],[27.308048,47.450726],[27.307888,47.450717],[27.307732,47.45072],[27.307215,47.450835],[27.306817,47.450862],[27.306513,47.450943],[27.306226,47.451004],[27.306079,47.451036],[27.305922,47.451161],[27.305521,47.451665],[27.305169,47.452027],[27.305091,47.452316],[27.305038,47.452419],[27.30488,47.45252],[27.304668,47.452766],[27.304749,47.452987],[27.304788,47.453348],[27.304755,47.453508],[27.30481,47.453639],[27.304902,47.45364],[27.305048,47.453398],[27.305166,47.453104],[27.305247,47.452908],[27.305352,47.452778]]]}},{"type":"Feature","properties":{"fid":63,"Cod_ZF":"ZF06","Tip_ZF":"Căi de comunicație și transporturi","Cod_SZF":"CR","Tip_SZF":"Cai de comunicatie rutiera","utr":"CR","cod":"CR","ZONA":"CR","denumire":"Cai de comunicatie rutiera","functiune":"Căi de comunicație și transporturi"},"geometry":{"type":"Polygon","coordinates":[[[27.305735,47.438268],[27.306545,47.435579],[27.306515,47.435206],[27.30595,47.433581],[27.30561,47.433261],[27.30514,47.432186],[27.305306,47.431295],[27.305594,47.431035],[27.306449,47.43041],[27.308641,47.428858],[27.310322,47.427708],[27.310285,47.427668],[27.310276,47.427659],[27.310258,47.42764],[27.310125,47.427556],[27.309819,47.427732],[27.307867,47.42908],[27.304875,47.431356],[27.303586,47.432868],[27.302849,47.433611],[27.302036,47.433857],[27.301475,47.433859],[27.300784,47.43379],[27.298599,47.433195],[27.292423,47.431548],[27.289842,47.430835],[27.290013,47.430977],[27.290015,47.431086],[27.290068,47.431119],[27.290956,47.431353],[27.291804,47.431578],[27.292752,47.431828],[27.294023,47.432158],[27.29455,47.432288],[27.294879,47.43237],[27.295686,47.432586],[27.297845,47.433156],[27.298876,47.433452],[27.299355,47.433593],[27.3,47.433783],[27.300701,47.433938],[27.301128,47.434013],[27.301511,47.434052],[27.301748,47.434057],[27.301812,47.434054],[27.302094,47.434038],[27.302322,47.433996],[27.302472,47.433969],[27.302586,47.43394],[27.302793,47.433887],[27.303081,47.433789],[27.303242,47.433692],[27.303349,47.433575],[27.303692,47.433202],[27.303772,47.433107],[27.304136,47.432678],[27.304195,47.432612],[27.304339,47.43245],[27.304718,47.432021],[27.305004,47.43169],[27.304978,47.431805],[27.30491,47.432005],[27.304802,47.432319],[27.304839,47.432704],[27.304932,47.43285],[27.305167,47.433068],[27.3056,47.433463],[27.305821,47.433732],[27.30587,47.433854],[27.305956,47.434121],[27.306077,47.43454],[27.306388,47.435161],[27.30639,47.435214],[27.306394,47.435444],[27.306376,47.435523],[27.306368,47.435561],[27.306361,47.435589],[27.306343,47.43567],[27.306336,47.435693],[27.306261,47.435676],[27.305584,47.437887],[27.304617,47.441199],[27.303762,47.444186],[27.302975,47.446769],[27.302522,47.448563],[27.302314,47.448817],[27.300987,47.450283],[27.300051,47.451205],[27.29931,47.451931],[27.298599,47.452617],[27.298385,47.452827],[27.298491,47.452854],[27.298593,47.452881],[27.300102,47.451505],[27.301888,47.449593],[27.302774,47.448649],[27.303187,47.447091],[27.303708,47.445228],[27.304489,47.442508],[27.304815,47.441372],[27.30557,47.438825],[27.305735,47.438268]]]}},{"type":"Feature","properties":{"fid":64,"Cod_ZF":"ZF06","Tip_ZF":"Căi de comunicație și transporturi","Cod_SZF":"CR","Tip_SZF":"Cai de comunicatie rutiera","utr":"CR","cod":"CR","ZONA":"CR","denumire":"Cai de comunicatie rutiera","functiune":"Căi de comunicație și transporturi"},"geometry":{"type":"Polygon","coordinates":[[[27.299838,47.480697],[27.299676,47.480369],[27.299714,47.480057],[27.299912,47.479489],[27.299894,47.478886],[27.299566,47.476789],[27.299196,47.47423],[27.298993,47.473842],[27.29866,47.473003],[27.298562,47.471752],[27.298641,47.470434],[27.298563,47.470413],[27.298407,47.470372],[27.29836,47.470498],[27.298314,47.471334],[27.298324,47.472763],[27.29847,47.473233],[27.298648,47.473753],[27.298873,47.474136],[27.299059,47.47536],[27.299417,47.477614],[27.299612,47.47942],[27.299391,47.480219],[27.299417,47.480556],[27.29961,47.48078],[27.299664,47.480735],[27.299721,47.480695],[27.299838,47.480697]]]}},{"type":"Feature","properties":{"fid":65,"Cod_ZF":"ZF03","Tip_ZF":"Terenuri agricole","Cod_SZF":"TPS","Tip_SZF":"PASUNI","utr":"AR","cod":"AR","ZONA":"AR","denumire":"PASUNI","functiune":"Terenuri agricole"},"geometry":{"type":"Polygon","coordinates":[[[27.314095,47.460742],[27.313929,47.460047],[27.314434,47.459627],[27.315569,47.459378],[27.316167,47.458934],[27.315914,47.45814],[27.315963,47.457954],[27.31296,47.456545],[27.314991,47.450634],[27.315682,47.450427],[27.317416,47.451119],[27.318481,47.451653],[27.319324,47.451846],[27.319369,47.451644],[27.32012,47.451721],[27.320284,47.451332],[27.320367,47.451134],[27.320472,47.450312],[27.320378,47.450298],[27.320227,47.450275],[27.319038,47.4501],[27.319217,47.449544],[27.318708,47.449425],[27.317982,47.449256],[27.317752,47.44918],[27.317715,47.449168],[27.316807,47.448869],[27.317055,47.448651],[27.316889,47.448564],[27.315864,47.448027],[27.316231,47.447486],[27.316264,47.447437],[27.316295,47.447391],[27.316766,47.446696],[27.316756,47.445676],[27.317226,47.445159],[27.317191,47.445093],[27.317097,47.444914],[27.316938,47.444916],[27.316383,47.444372],[27.315044,47.443276],[27.314449,47.442985],[27.313393,47.442606],[27.312826,47.443221],[27.312519,47.443358],[27.312398,47.443427],[27.312379,47.44342],[27.31066,47.444186],[27.308515,47.44315],[27.308214,47.442361],[27.30784,47.442038],[27.307254,47.441633],[27.306434,47.441215],[27.306086,47.441229],[27.305832,47.442732],[27.305324,47.446032],[27.305173,47.447061],[27.305856,47.447124],[27.309145,47.447438],[27.308998,47.447815],[27.309126,47.447817],[27.309691,47.447633],[27.310168,47.447715],[27.310226,47.44792],[27.310211,47.448209],[27.310316,47.44844],[27.310697,47.448648],[27.310957,47.44891],[27.311102,47.449334],[27.311101,47.449527],[27.310942,47.449724],[27.310688,47.449815],[27.310403,47.449805],[27.310104,47.449649],[27.309933,47.449627],[27.309381,47.449958],[27.309026,47.450017],[27.308659,47.449994],[27.307975,47.450105],[27.307842,47.45017],[27.307778,47.450364],[27.307779,47.450484],[27.308306,47.450642],[27.308656,47.450986],[27.308633,47.451281],[27.308423,47.451454],[27.308098,47.451482],[27.307781,47.451372],[27.307549,47.451345],[27.307491,47.45146],[27.307657,47.452132],[27.307521,47.452437],[27.30721,47.452587],[27.306815,47.452633],[27.306724,47.452649],[27.306561,47.452974],[27.306543,47.453531],[27.306523,47.453891],[27.306363,47.454269],[27.306384,47.454427],[27.306535,47.454491],[27.307044,47.454639],[27.307303,47.454917],[27.307679,47.454929],[27.30817,47.454991],[27.308464,47.455571],[27.308368,47.455971],[27.30807,47.45613],[27.307737,47.456118],[27.307097,47.455881],[27.306772,47.455883],[27.306298,47.456051],[27.305993,47.456631],[27.305893,47.457342],[27.305903,47.457677],[27.30577,47.458279],[27.305872,47.458436],[27.306627,47.458707],[27.306852,47.459],[27.30694,47.459247],[27.30666,47.459262],[27.306237,47.458923],[27.306075,47.458736],[27.305908,47.458644],[27.30553,47.458477],[27.305579,47.458037],[27.305695,47.457052],[27.305823,47.456137],[27.30636,47.455887],[27.306806,47.455727],[27.307278,47.455767],[27.307781,47.455984],[27.308047,47.455942],[27.308158,47.455796],[27.308188,47.45554],[27.30809,47.455266],[27.307772,47.455131],[27.307338,47.455044],[27.30712,47.454929],[27.306858,47.45474],[27.306514,47.454625],[27.306218,47.454587],[27.306106,47.454424],[27.306277,47.453763],[27.30625,47.4536],[27.305993,47.453572],[27.305758,47.453285],[27.305644,47.453042],[27.305558,47.452954],[27.305368,47.453582],[27.30522,47.453824],[27.304746,47.453959],[27.304597,47.453962],[27.304484,47.454075],[27.30444,47.454515],[27.304474,47.454687],[27.304302,47.454693],[27.304047,47.454686],[27.303837,47.456083],[27.303245,47.46022],[27.302738,47.463404],[27.302082,47.467888],[27.301469,47.471933],[27.300908,47.47558],[27.300496,47.47839],[27.300192,47.480464],[27.300179,47.480706],[27.300313,47.480725],[27.300439,47.480769],[27.300673,47.480791],[27.300872,47.480643],[27.301015,47.480543],[27.301172,47.480451],[27.301353,47.480383],[27.301644,47.480336],[27.301819,47.480331],[27.30189,47.480071],[27.303014,47.477374],[27.304298,47.477456],[27.306218,47.470297],[27.307489,47.470406],[27.308206,47.464121],[27.308758,47.459486],[27.313228,47.460685],[27.314095,47.460742]]]}},{"type":"Feature","properties":{"fid":66,"Cod_ZF":"ZF03","Tip_ZF":"Terenuri agricole","Cod_SZF":"TPS","Tip_SZF":"PASUNI","utr":"AR","cod":"AR","ZONA":"AR","denumire":"PASUNI","functiune":"Terenuri agricole"},"geometry":{"type":"Polygon","coordinates":[[[27.306702,47.439188],[27.306378,47.439966],[27.306178,47.440685],[27.306086,47.441229],[27.306434,47.441215],[27.306461,47.441046],[27.306537,47.440663],[27.306681,47.440138],[27.306891,47.439582],[27.306994,47.439358],[27.306762,47.439223],[27.306702,47.439188]]]}},{"type":"Feature","properties":{"fid":67,"Cod_ZF":"ZF03","Tip_ZF":"Terenuri agricole","Cod_SZF":"AR","Tip_SZF":"Arabil","utr":"AR","cod":"AR","ZONA":"AR","denumire":"Arabil","functiune":"Terenuri agricole"},"geometry":{"type":"Polygon","coordinates":[[[27.327607,47.429751],[27.327468,47.429708],[27.326422,47.43185],[27.329697,47.432777],[27.330701,47.430699],[27.327607,47.429751]]]}},{"type":"Feature","properties":{"fid":68,"Cod_ZF":"ZF03","Tip_ZF":"Terenuri agricole","Cod_SZF":"AR","Tip_SZF":"Arabil","utr":"AR","cod":"AR","ZONA":"AR","denumire":"Arabil","functiune":"Terenuri agricole"},"geometry":{"type":"Polygon","coordinates":[[[27.328545,47.435215],[27.328953,47.434438],[27.328918,47.434426],[27.32475,47.433001],[27.323854,47.434209],[27.320459,47.43315],[27.320301,47.433314],[27.324853,47.434761],[27.324964,47.43458],[27.324068,47.434276],[27.324381,47.433894],[27.328527,47.435251],[27.328545,47.435215]]]}},{"type":"Feature","properties":{"fid":69,"Cod_ZF":"ZF03","Tip_ZF":"Terenuri agricole","Cod_SZF":"TFN","Tip_SZF":"Fanete","utr":"AR","cod":"AR","ZONA":"AR","denumire":"Fanete","functiune":"Terenuri agricole"},"geometry":{"type":"Polygon","coordinates":[[[27.326025,47.444078],[27.326234,47.443776],[27.326392,47.443113],[27.326822,47.442206],[27.327613,47.441334],[27.327625,47.441007],[27.327546,47.440232],[27.328069,47.439532],[27.329435,47.439299],[27.329739,47.438891],[27.329677,47.438657],[27.329482,47.438006],[27.32998,47.437054],[27.332098,47.436487],[27.332731,47.435959],[27.332711,47.435502],[27.332636,47.434674],[27.333065,47.434046],[27.333791,47.433285],[27.33379,47.432682],[27.333226,47.432131],[27.333132,47.4316],[27.333968,47.430427],[27.334436,47.429492],[27.333971,47.428873],[27.333039,47.427547],[27.33322,47.426846],[27.333676,47.426238],[27.334482,47.425118],[27.335589,47.424109],[27.335053,47.423457],[27.335071,47.422985],[27.335224,47.422676],[27.335681,47.421803],[27.336634,47.420505],[27.336229,47.419623],[27.336019,47.418411],[27.335897,47.417751],[27.33572,47.416809],[27.335701,47.416436],[27.334866,47.416538],[27.334451,47.416633],[27.33438,47.416639],[27.334319,47.417096],[27.334063,47.418051],[27.333624,47.419046],[27.332531,47.420653],[27.331536,47.421588],[27.331025,47.42199],[27.331138,47.42289],[27.329456,47.424212],[27.329163,47.42717],[27.328684,47.427975],[27.328031,47.428427],[27.327582,47.428409],[27.326766,47.428425],[27.326082,47.429074],[27.327607,47.429751],[27.330701,47.430699],[27.329697,47.432777],[27.328918,47.434426],[27.328953,47.434438],[27.328545,47.435215],[27.328358,47.435612],[27.327529,47.437216],[27.32747,47.43733],[27.327338,47.437628],[27.328335,47.438109],[27.325454,47.440984],[27.318413,47.438853],[27.315575,47.443338],[27.317598,47.444274],[27.317845,47.443959],[27.319817,47.444358],[27.320418,47.444346],[27.320469,47.444345],[27.320513,47.444344],[27.321995,47.444448],[27.321952,47.444027],[27.32285,47.443985],[27.322955,47.44398],[27.323,47.443978],[27.32364,47.444152],[27.323705,47.444169],[27.32376,47.444184],[27.323666,47.444344],[27.324732,47.444634],[27.325474,47.44391],[27.326025,47.444078]]]}},{"type":"Feature","properties":{"fid":70,"Cod_ZF":"ZF03","Tip_ZF":"Terenuri agricole","Cod_SZF":"AR","Tip_SZF":"Arabil","utr":"AR","cod":"AR","ZONA":"AR","denumire":"Arabil","functiune":"Terenuri agricole"},"geometry":{"type":"Polygon","coordinates":[[[27.313824,47.433139],[27.311413,47.434669],[27.309992,47.435622],[27.309434,47.435995],[27.308005,47.437295],[27.307159,47.438356],[27.306702,47.439188],[27.306762,47.439223],[27.306994,47.439358],[27.307326,47.43951],[27.308225,47.440177],[27.308204,47.4397],[27.308203,47.439675],[27.308199,47.439579],[27.308367,47.439492],[27.308469,47.439384],[27.308702,47.439245],[27.308879,47.439225],[27.308923,47.439202],[27.3089,47.439223],[27.309155,47.439299],[27.309209,47.439316],[27.309389,47.439483],[27.309584,47.439704],[27.309522,47.439808],[27.310201,47.440747],[27.311739,47.441432],[27.312922,47.441409],[27.313555,47.441278],[27.314044,47.441316],[27.314267,47.441657],[27.313685,47.442289],[27.313569,47.442471],[27.313565,47.442478],[27.314937,47.442952],[27.31576,47.44364],[27.316808,47.444449],[27.317181,47.444806],[27.317598,47.444274],[27.315575,47.443338],[27.318413,47.438853],[27.325454,47.440984],[27.328335,47.438109],[27.327338,47.437628],[27.32747,47.43733],[27.327529,47.437216],[27.327386,47.437184],[27.320879,47.435397],[27.316985,47.434141],[27.313824,47.433139]]]}},{"type":"Feature","properties":{"fid":71,"Cod_ZF":"ZF06","Tip_ZF":"Căi de comunicație și transporturi","Cod_SZF":"CR","Tip_SZF":"Cai de comunicatie rutiera","utr":"CR","cod":"CR","ZONA":"CR","denumire":"Cai de comunicatie rutiera","functiune":"Căi de comunicație și transporturi"},"geometry":{"type":"Polygon","coordinates":[[[27.313393,47.442606],[27.314449,47.442985],[27.315044,47.443276],[27.316383,47.444372],[27.316938,47.444916],[27.317097,47.444914],[27.317166,47.444826],[27.317181,47.444806],[27.316808,47.444449],[27.31576,47.44364],[27.314937,47.442952],[27.313565,47.442478],[27.313514,47.442559],[27.313454,47.44254],[27.313393,47.442606]]]}},{"type":"Feature","properties":{"fid":72,"Cod_ZF":"ZF03","Tip_ZF":"Terenuri agricole","Cod_SZF":"TPS","Tip_SZF":"PASUNI","utr":"AR","cod":"AR","ZONA":"AR","denumire":"PASUNI","functiune":"Terenuri agricole"},"geometry":{"type":"Polygon","coordinates":[[[27.331025,47.42199],[27.330613,47.422313],[27.327594,47.424275],[27.324411,47.426323],[27.321001,47.42855],[27.317311,47.430912],[27.31432,47.432824],[27.313824,47.433139],[27.316985,47.434141],[27.320879,47.435397],[27.327386,47.437184],[27.327529,47.437216],[27.328358,47.435612],[27.328545,47.435215],[27.328527,47.435251],[27.324381,47.433894],[27.324068,47.434276],[27.324964,47.43458],[27.324853,47.434761],[27.320301,47.433314],[27.320459,47.43315],[27.323854,47.434209],[27.32475,47.433001],[27.328918,47.434426],[27.329697,47.432777],[27.326422,47.43185],[27.327468,47.429708],[27.327607,47.429751],[27.326082,47.429074],[27.326766,47.428425],[27.327582,47.428409],[27.328031,47.428427],[27.328684,47.427975],[27.329163,47.42717],[27.329456,47.424212],[27.331138,47.42289],[27.331025,47.42199]]]}},{"type":"Feature","properties":{"fid":73,"Cod_ZF":"ZF03","Tip_ZF":"Terenuri agricole","Cod_SZF":"AR","Tip_SZF":"Arabil","utr":"AR","cod":"AR","ZONA":"AR","denumire":"Arabil","functiune":"Terenuri agricole"},"geometry":{"type":"Polygon","coordinates":[[[27.307697,47.480786],[27.307286,47.480365],[27.306852,47.480087],[27.306414,47.479495],[27.306491,47.478723],[27.307195,47.478259],[27.308222,47.478048],[27.309742,47.478297],[27.310686,47.478258],[27.310814,47.477751],[27.310254,47.476432],[27.310719,47.475557],[27.311965,47.475048],[27.31372,47.474931],[27.314065,47.474788],[27.314754,47.473969],[27.314067,47.472974],[27.313091,47.471343],[27.312165,47.469936],[27.312676,47.468481],[27.31407,47.466086],[27.315274,47.465558],[27.318028,47.465066],[27.318502,47.464402],[27.317441,47.463346],[27.31561,47.462169],[27.314162,47.461025],[27.314095,47.460742],[27.313228,47.460685],[27.308758,47.459486],[27.308206,47.464121],[27.307489,47.470406],[27.306218,47.470297],[27.304298,47.477456],[27.303014,47.477374],[27.30189,47.480071],[27.301819,47.480331],[27.301979,47.480343],[27.303214,47.480429],[27.304273,47.480512],[27.305818,47.480638],[27.306822,47.480717],[27.307697,47.480786]]]}},{"type":"Feature","properties":{"fid":74,"Cod_ZF":"ZF03","Tip_ZF":"Terenuri agricole","Cod_SZF":"AR","Tip_SZF":"Arabil","utr":"AR","cod":"AR","ZONA":"AR","denumire":"Arabil","functiune":"Terenuri agricole"},"geometry":{"type":"Polygon","coordinates":[[[27.315963,47.457954],[27.316019,47.457741],[27.316515,47.457316],[27.317098,47.457108],[27.318248,47.45705],[27.319076,47.457309],[27.319565,47.457299],[27.320142,47.456821],[27.320818,47.456659],[27.321739,47.456693],[27.322288,47.456581],[27.322653,47.456399],[27.322679,47.456119],[27.322441,47.455068],[27.321787,47.454392],[27.321747,47.454061],[27.32209,47.453225],[27.321742,47.45307],[27.320405,47.452639],[27.320294,47.452174],[27.320404,47.452004],[27.320221,47.45196],[27.320115,47.451934],[27.320075,47.451924],[27.319988,47.451903],[27.319846,47.452061],[27.319324,47.451846],[27.318481,47.451653],[27.317416,47.451119],[27.315682,47.450427],[27.314991,47.450634],[27.31296,47.456545],[27.315963,47.457954]]]}},{"type":"Feature","properties":{"fid":75,"Cod_ZF":"ZF03","Tip_ZF":"Terenuri agricole","Cod_SZF":"TFN","Tip_SZF":"Fanete","utr":"AR","cod":"AR","ZONA":"AR","denumire":"Fanete","functiune":"Terenuri agricole"},"geometry":{"type":"Polygon","coordinates":[[[27.319999,47.428948],[27.329389,47.422914],[27.330865,47.42193],[27.331314,47.421509],[27.331776,47.421087],[27.332184,47.420718],[27.332503,47.4204],[27.333022,47.419665],[27.333252,47.419262],[27.333721,47.41836],[27.333936,47.417766],[27.334105,47.416951],[27.334138,47.416659],[27.33391,47.416679],[27.333831,47.416747],[27.333562,47.416845],[27.333387,47.416889],[27.333442,47.417597],[27.332972,47.417924],[27.332912,47.417966],[27.333139,47.418831],[27.331939,47.419161],[27.330561,47.419696],[27.329344,47.420597],[27.328141,47.421184],[27.327777,47.421171],[27.327703,47.421168],[27.326121,47.421112],[27.325244,47.421152],[27.324104,47.421204],[27.322229,47.421874],[27.317969,47.424057],[27.316144,47.424992],[27.316776,47.425561],[27.316213,47.425849],[27.316848,47.426516],[27.316441,47.427064],[27.313772,47.428363],[27.313615,47.428439],[27.313258,47.428612],[27.311604,47.428645],[27.310809,47.428217],[27.310322,47.427708],[27.308641,47.428858],[27.306449,47.43041],[27.305594,47.431035],[27.305306,47.431295],[27.30514,47.432186],[27.30561,47.433261],[27.30595,47.433581],[27.306515,47.435206],[27.306545,47.435579],[27.305735,47.438268],[27.30557,47.438825],[27.306039,47.439007],[27.306123,47.43904],[27.30654,47.439202],[27.30716,47.438014],[27.307601,47.437435],[27.308244,47.43676],[27.309036,47.436091],[27.309836,47.435476],[27.314357,47.432573],[27.319999,47.428948]]]}},{"type":"Feature","properties":{"fid":76,"Cod_ZF":"ZF03","Tip_ZF":"Terenuri agricole","Cod_SZF":"TPS","Tip_SZF":"PASUNI","utr":"AR","cod":"AR","ZONA":"AR","denumire":"PASUNI","functiune":"Terenuri agricole"},"geometry":{"type":"Polygon","coordinates":[[[27.3033,47.458375],[27.303685,47.455837],[27.303709,47.455685],[27.304424,47.450982],[27.305334,47.444824],[27.305724,47.442266],[27.306027,47.440288],[27.30618,47.439891],[27.30654,47.439202],[27.306123,47.43904],[27.30559,47.441266],[27.305378,47.441242],[27.305098,47.442559],[27.304489,47.442508],[27.303708,47.445228],[27.303187,47.447091],[27.302774,47.448649],[27.301888,47.449593],[27.300102,47.451505],[27.298593,47.452881],[27.302547,47.453907],[27.302522,47.45397],[27.302498,47.45403],[27.302161,47.45489],[27.302136,47.454954],[27.301897,47.455564],[27.301681,47.455863],[27.301625,47.455941],[27.301455,47.456175],[27.301419,47.456226],[27.300916,47.456922],[27.300874,47.45698],[27.300395,47.457643],[27.297514,47.457064],[27.297793,47.457321],[27.298184,47.457526],[27.298216,47.457542],[27.298269,47.45757],[27.298295,47.457584],[27.298172,47.457826],[27.29813,47.457908],[27.29776,47.458634],[27.29793,47.458673],[27.298795,47.458876],[27.298897,47.459615],[27.298879,47.459663],[27.298847,47.459747],[27.298572,47.460476],[27.29855,47.460536],[27.298273,47.461268],[27.298262,47.461298],[27.298729,47.461379],[27.298546,47.461862],[27.298528,47.46191],[27.298314,47.462478],[27.298043,47.462786],[27.29883,47.464486],[27.300094,47.465853],[27.298641,47.470434],[27.298562,47.471752],[27.29866,47.473003],[27.298993,47.473842],[27.299196,47.47423],[27.299566,47.476789],[27.299894,47.478886],[27.299912,47.479489],[27.299714,47.480057],[27.299676,47.480369],[27.299838,47.480697],[27.299985,47.480699],[27.300562,47.476755],[27.301217,47.472256],[27.302351,47.46492],[27.3033,47.458375]]]}},{"type":"Feature","properties":{"fid":77,"Cod_ZF":"ZF03","Tip_ZF":"Terenuri agricole","Cod_SZF":"AR","Tip_SZF":"Arabil","utr":"AR","cod":"AR","ZONA":"AR","denumire":"Arabil","functiune":"Terenuri agricole"},"geometry":{"type":"Polygon","coordinates":[[[27.305098,47.442559],[27.305378,47.441242],[27.30559,47.441266],[27.306123,47.43904],[27.306039,47.439007],[27.30557,47.438825],[27.304815,47.441372],[27.304489,47.442508],[27.305098,47.442559]]]}},{"type":"Feature","properties":{"fid":78,"Cod_ZF":"ZF01","Tip_ZF":"Zonă aflată permanent sub ape","Cod_SZF":"TA","Tip_SZF":"Ape","utr":"TA","cod":"TA","ZONA":"TA","denumire":"Ape","functiune":"Zonă aflată permanent sub ape"},"geometry":{"type":"Polygon","coordinates":[[[27.286541,47.458137],[27.286647,47.45787],[27.286665,47.457824],[27.286336,47.458006],[27.286331,47.458003],[27.285926,47.458249],[27.285034,47.458775],[27.28439,47.459017],[27.284174,47.459051],[27.283921,47.459238],[27.283715,47.459382],[27.283645,47.459469],[27.283365,47.459534],[27.283276,47.45965],[27.283149,47.459709],[27.282477,47.460172],[27.282264,47.460153],[27.281328,47.460594],[27.280145,47.461468],[27.279179,47.46186],[27.279846,47.462488],[27.279871,47.462741],[27.27978,47.462865],[27.279499,47.463168],[27.278551,47.463656],[27.278067,47.464064],[27.277664,47.464583],[27.277236,47.464973],[27.276774,47.46465],[27.275686,47.464459],[27.275483,47.465053],[27.27454,47.4653],[27.273696,47.465907],[27.271677,47.467263],[27.271253,47.467391],[27.270281,47.468149],[27.269434,47.46867],[27.268365,47.469586],[27.268036,47.469932],[27.266699,47.470537],[27.266562,47.470623],[27.266309,47.470457],[27.265278,47.471361],[27.264836,47.471702],[27.264506,47.471891],[27.264281,47.472068],[27.264009,47.472407],[27.26362,47.472812],[27.263044,47.473095],[27.263891,47.473582],[27.265193,47.474102],[27.266186,47.472956],[27.266862,47.472093],[27.267569,47.471556],[27.26927,47.470636],[27.271019,47.469587],[27.27171,47.469306],[27.272878,47.468576],[27.274129,47.46776],[27.274311,47.467338],[27.276439,47.465912],[27.276986,47.465813],[27.277181,47.465714],[27.277539,47.465483],[27.277749,47.465333],[27.277338,47.465073],[27.277674,47.464843],[27.277943,47.464442],[27.278381,47.463943],[27.278875,47.463614],[27.27969,47.463228],[27.280033,47.462771],[27.280104,47.462549],[27.280191,47.462555],[27.280662,47.462073],[27.282915,47.460567],[27.282541,47.460266],[27.283045,47.459941],[27.283408,47.459714],[27.283555,47.459598],[27.283742,47.459565],[27.283998,47.459347],[27.284237,47.459141],[27.28465,47.45906],[27.285197,47.458833],[27.28571,47.45846],[27.286541,47.458137]]]}},{"type":"Feature","properties":{"fid":79,"Cod_ZF":"ZF03","Tip_ZF":"Terenuri agricole","Cod_SZF":"TPS","Tip_SZF":"PASUNI","utr":"AR","cod":"AR","ZONA":"AR","denumire":"PASUNI","functiune":"Terenuri agricole"},"geometry":{"type":"Polygon","coordinates":[[[27.29961,47.48078],[27.299417,47.480556],[27.299391,47.480219],[27.299612,47.47942],[27.299417,47.477614],[27.299059,47.47536],[27.298873,47.474136],[27.298648,47.473753],[27.298542,47.473646],[27.297958,47.473519],[27.297727,47.473454],[27.296131,47.476394],[27.294843,47.478823],[27.292143,47.484579],[27.291847,47.485211],[27.292172,47.485281],[27.293394,47.485508],[27.294312,47.485699],[27.295363,47.485919],[27.296415,47.486138],[27.29687,47.486233],[27.298829,47.486403],[27.298938,47.485421],[27.298969,47.485256],[27.298988,47.485064],[27.299053,47.484662],[27.299139,47.484139],[27.299092,47.483883],[27.299091,47.483421],[27.299148,47.483198],[27.299267,47.482995],[27.299304,47.482888],[27.299347,47.482724],[27.29937,47.482547],[27.299418,47.482177],[27.299463,47.482006],[27.299488,47.481809],[27.299524,47.481613],[27.299555,47.481458],[27.29958,47.481231],[27.299598,47.481069],[27.299582,47.480883],[27.299582,47.480816],[27.29961,47.48078]]]}},{"type":"Feature","properties":{"fid":80,"Cod_ZF":"ZF03","Tip_ZF":"Terenuri agricole","Cod_SZF":"AR","Tip_SZF":"Arabil","utr":"AR","cod":"AR","ZONA":"AR","denumire":"Arabil","functiune":"Terenuri agricole"},"geometry":{"type":"Polygon","coordinates":[[[27.298648,47.473753],[27.29847,47.473233],[27.298324,47.472763],[27.298314,47.471334],[27.29836,47.470498],[27.298407,47.470372],[27.297331,47.470086],[27.298632,47.467366],[27.298557,47.4673],[27.297978,47.466675],[27.297479,47.466065],[27.293303,47.462203],[27.29373,47.461397],[27.293641,47.461326],[27.293663,47.461277],[27.293723,47.46114],[27.289844,47.460443],[27.289774,47.46043],[27.285908,47.459736],[27.286183,47.459041],[27.286204,47.458988],[27.286369,47.458571],[27.286494,47.458255],[27.286541,47.458137],[27.28571,47.45846],[27.285197,47.458833],[27.28465,47.45906],[27.284237,47.459141],[27.283998,47.459347],[27.283742,47.459565],[27.283555,47.459598],[27.283408,47.459714],[27.283045,47.459941],[27.282541,47.460266],[27.282915,47.460567],[27.280662,47.462073],[27.280191,47.462555],[27.280104,47.462549],[27.280033,47.462771],[27.27969,47.463228],[27.278875,47.463614],[27.278381,47.463943],[27.277943,47.464442],[27.277674,47.464843],[27.277338,47.465073],[27.277749,47.465333],[27.277539,47.465483],[27.277181,47.465714],[27.276986,47.465813],[27.276439,47.465912],[27.274311,47.467338],[27.274129,47.46776],[27.272878,47.468576],[27.27171,47.469306],[27.271019,47.469587],[27.26927,47.470636],[27.267569,47.471556],[27.266862,47.472093],[27.266186,47.472956],[27.265193,47.474102],[27.263891,47.473582],[27.263044,47.473095],[27.262612,47.473307],[27.262217,47.473432],[27.26204,47.473504],[27.261905,47.473534],[27.261531,47.473529],[27.261021,47.473522],[27.260849,47.473554],[27.260716,47.473608],[27.260618,47.473637],[27.260199,47.473679],[27.259758,47.473715],[27.259724,47.473736],[27.259708,47.473783],[27.259713,47.473845],[27.259635,47.47415],[27.259662,47.474207],[27.259784,47.47429],[27.260421,47.474428],[27.260845,47.474533],[27.261233,47.474641],[27.26134,47.474703],[27.26136,47.474857],[27.261331,47.475024],[27.261253,47.475194],[27.261238,47.475301],[27.261267,47.475506],[27.261295,47.47571],[27.2613,47.475868],[27.261201,47.476011],[27.261152,47.476107],[27.261157,47.476222],[27.262056,47.476558],[27.262728,47.476763],[27.262812,47.476789],[27.263521,47.477033],[27.263686,47.477091],[27.264482,47.477348],[27.264853,47.477469],[27.265017,47.477522],[27.265511,47.477683],[27.26569,47.477717],[27.265765,47.477731],[27.265884,47.477764],[27.265982,47.477801],[27.266065,47.47786],[27.266202,47.477941],[27.266307,47.47798],[27.266938,47.478108],[27.267652,47.47829],[27.268796,47.478582],[27.269621,47.478792],[27.270347,47.478977],[27.270893,47.479127],[27.271478,47.479309],[27.271846,47.479433],[27.272733,47.479752],[27.27362,47.480072],[27.27451,47.480397],[27.275348,47.480712],[27.27586,47.480904],[27.27623,47.481043],[27.2766,47.481183],[27.277049,47.481323],[27.277541,47.481471],[27.277859,47.481566],[27.278033,47.481623],[27.278232,47.481664],[27.278569,47.481725],[27.280435,47.482219],[27.281803,47.482587],[27.282244,47.482706],[27.283504,47.483045],[27.285573,47.483623],[27.286897,47.484022],[27.288531,47.484451],[27.288672,47.4845],[27.288972,47.484575],[27.290925,47.485011],[27.291847,47.485211],[27.292143,47.484579],[27.294843,47.478823],[27.296131,47.476394],[27.297727,47.473454],[27.297958,47.473519],[27.298542,47.473646],[27.298648,47.473753]]]}},{"type":"Feature","properties":{"fid":81,"Cod_ZF":"ZF03","Tip_ZF":"Terenuri agricole","Cod_SZF":"TVII","Tip_SZF":"VII","utr":"AR","cod":"AR","ZONA":"AR","denumire":"VII","functiune":"Terenuri agricole"},"geometry":{"type":"Polygon","coordinates":[[[27.293542,47.451934],[27.29482,47.448849],[27.291029,47.448083],[27.289666,47.451115],[27.293542,47.451934]]]}},{"type":"Feature","properties":{"fid":82,"Cod_ZF":"ZF03","Tip_ZF":"Terenuri agricole","Cod_SZF":"TLE","Tip_SZF":"LIVEZI","utr":"AR","cod":"AR","ZONA":"AR","denumire":"LIVEZI","functiune":"Terenuri agricole"},"geometry":{"type":"Polygon","coordinates":[[[27.289666,47.451115],[27.289082,47.452505],[27.292967,47.453305],[27.293542,47.451934],[27.289666,47.451115]]]}},{"type":"Feature","properties":{"fid":83,"Cod_ZF":"ZF03","Tip_ZF":"Terenuri agricole","Cod_SZF":"TPS","Tip_SZF":"PASUNI","utr":"AR","cod":"AR","ZONA":"AR","denumire":"PASUNI","functiune":"Terenuri agricole"},"geometry":{"type":"Polygon","coordinates":[[[27.310709,47.406709],[27.310571,47.40664],[27.310417,47.40659],[27.31021,47.406539],[27.309938,47.406557],[27.3097,47.406512],[27.309315,47.40638],[27.309157,47.406272],[27.309067,47.406017],[27.308935,47.405769],[27.308677,47.405653],[27.30857,47.405353],[27.308461,47.404972],[27.308143,47.404893],[27.307767,47.404853],[27.307353,47.404809],[27.306388,47.404706],[27.305307,47.404552],[27.30518,47.404513],[27.305052,47.404474],[27.304894,47.404402],[27.304759,47.404326],[27.304614,47.404225],[27.304152,47.403906],[27.303993,47.403977],[27.3038,47.404108],[27.303776,47.404117],[27.303746,47.404134],[27.303716,47.404151],[27.303682,47.404144],[27.303261,47.404399],[27.303192,47.404519],[27.303137,47.404617],[27.302708,47.405373],[27.302788,47.405684],[27.302591,47.406229],[27.303094,47.407202],[27.303675,47.407998],[27.304071,47.408056],[27.304518,47.407741],[27.304864,47.407102],[27.306,47.406949],[27.307672,47.407007],[27.309333,47.407254],[27.310078,47.407187],[27.310532,47.407041],[27.310709,47.406709]]]}},{"type":"Feature","properties":{"fid":84,"Cod_ZF":"ZF01","Tip_ZF":"Zonă aflată permanent sub ape","Cod_SZF":"TA","Tip_SZF":"Ape","utr":"TA","cod":"TA","ZONA":"TA","denumire":"Ape","functiune":"Zonă aflată permanent sub ape"},"geometry":{"type":"Polygon","coordinates":[[[27.311984,47.406675],[27.31073,47.406788],[27.310709,47.406709],[27.310532,47.407041],[27.310078,47.407187],[27.309333,47.407254],[27.307672,47.407007],[27.306,47.406949],[27.304864,47.407102],[27.304518,47.407741],[27.304071,47.408056],[27.303675,47.407998],[27.303094,47.407202],[27.302591,47.406229],[27.302788,47.405684],[27.302708,47.405373],[27.303137,47.404617],[27.303192,47.404519],[27.303261,47.404399],[27.303247,47.404399],[27.303098,47.404405],[27.303044,47.404412],[27.303029,47.404367],[27.303026,47.404357],[27.302748,47.404149],[27.302477,47.403951],[27.301712,47.403391],[27.301674,47.403363],[27.301848,47.40318],[27.30224,47.402696],[27.302344,47.402546],[27.302258,47.402476],[27.300856,47.404068],[27.300293,47.404685],[27.300521,47.404778],[27.302486,47.405579],[27.302652,47.405649],[27.302599,47.405707],[27.302287,47.406051],[27.301308,47.40717],[27.298945,47.409811],[27.297974,47.4108],[27.297755,47.411022],[27.297566,47.411206],[27.298253,47.411998],[27.298672,47.412214],[27.300264,47.411848],[27.303864,47.411579],[27.305286,47.411307],[27.309909,47.409733],[27.310341,47.40947],[27.311963,47.408708],[27.313237,47.407802],[27.311984,47.406675]]]}},{"type":"Feature","properties":{"fid":85,"Cod_ZF":"ZF01","Tip_ZF":"Zonă aflată permanent sub ape","Cod_SZF":"TA","Tip_SZF":"Ape","utr":"TA","cod":"TA","ZONA":"TA","denumire":"Ape","functiune":"Zonă aflată permanent sub ape"},"geometry":{"type":"Polygon","coordinates":[[[27.291607,47.416423],[27.291483,47.416641],[27.291451,47.416899],[27.291378,47.417063],[27.291297,47.41718],[27.291264,47.417209],[27.291214,47.417246],[27.291148,47.417268],[27.291083,47.417272],[27.291,47.417268],[27.290887,47.417245],[27.290623,47.417184],[27.290386,47.417117],[27.290335,47.41711],[27.290262,47.417113],[27.290216,47.417126],[27.290184,47.417149],[27.290132,47.417201],[27.290053,47.417354],[27.289916,47.417622],[27.289811,47.417829],[27.289791,47.417881],[27.289792,47.417934],[27.289836,47.417995],[27.289946,47.418049],[27.290056,47.418079],[27.290256,47.418106],[27.290511,47.418154],[27.290796,47.418258],[27.291019,47.418348],[27.291146,47.418438],[27.291185,47.41852],[27.291192,47.418608],[27.291186,47.418627],[27.29117,47.418665],[27.291144,47.418701],[27.291109,47.418723],[27.291084,47.418734],[27.290966,47.418769],[27.29087,47.418783],[27.290751,47.418805],[27.290647,47.418804],[27.290645,47.419104],[27.290587,47.419352],[27.290577,47.41947],[27.290608,47.419567],[27.290673,47.419634],[27.290738,47.419702],[27.291062,47.419916],[27.291318,47.42006],[27.291548,47.420185],[27.291731,47.420324],[27.291803,47.420408],[27.291847,47.420529],[27.291817,47.420615],[27.291737,47.42068],[27.291583,47.420697],[27.291491,47.420682],[27.29134,47.420643],[27.291166,47.420586],[27.29105,47.420572],[27.290935,47.420557],[27.290803,47.420567],[27.29039,47.42072],[27.289892,47.420904],[27.289744,47.421033],[27.289745,47.421211],[27.289874,47.421441],[27.290161,47.421473],[27.290612,47.421402],[27.291003,47.421363],[27.291197,47.421417],[27.291204,47.421628],[27.29067,47.422204],[27.290171,47.422504],[27.289263,47.422724],[27.28897,47.422909],[27.288589,47.423374],[27.288294,47.423569],[27.288,47.423764],[27.287526,47.423837],[27.287344,47.423865],[27.286753,47.42384],[27.286463,47.423928],[27.286351,47.424236],[27.286424,47.424467],[27.286453,47.424562],[27.286454,47.424654],[27.286437,47.424731],[27.2864,47.424849],[27.286361,47.424913],[27.286298,47.424968],[27.286176,47.425019],[27.286075,47.425061],[27.285996,47.425084],[27.285913,47.425097],[27.285841,47.425096],[27.28577,47.425084],[27.285676,47.42505],[27.285605,47.424996],[27.28553,47.424908],[27.285478,47.424813],[27.285437,47.424682],[27.285414,47.424575],[27.285405,47.424493],[27.285375,47.424438],[27.285305,47.424353],[27.285218,47.424291],[27.285141,47.424279],[27.285024,47.424308],[27.284893,47.424374],[27.28475,47.424427],[27.284505,47.424519],[27.284383,47.424564],[27.284261,47.42461],[27.284121,47.424662],[27.284031,47.424687],[27.283906,47.424722],[27.283811,47.424749],[27.283695,47.424799],[27.283561,47.424856],[27.283415,47.424899],[27.283285,47.424937],[27.283155,47.424975],[27.28295,47.425052],[27.28675,47.428258],[27.289424,47.427431],[27.289697,47.42724],[27.289913,47.427078],[27.290139,47.426928],[27.290385,47.426754],[27.290607,47.4266],[27.290759,47.426454],[27.290941,47.426126],[27.29127,47.425794],[27.291676,47.424906],[27.292555,47.422723],[27.293395,47.422023],[27.2942,47.421312],[27.295265,47.419879],[27.295268,47.418767],[27.29375,47.417187],[27.292861,47.417147],[27.292432,47.416692],[27.291607,47.416423]]]}},{"type":"Feature","properties":{"fid":86,"Cod_ZF":"ZF03","Tip_ZF":"Terenuri agricole","Cod_SZF":"TPS","Tip_SZF":"PASUNI","utr":"AR","cod":"AR","ZONA":"AR","denumire":"PASUNI","functiune":"Terenuri agricole"},"geometry":{"type":"Polygon","coordinates":[[[27.289424,47.427431],[27.28675,47.428258],[27.287987,47.429302],[27.288884,47.430043],[27.289355,47.429878],[27.289989,47.429384],[27.290381,47.428857],[27.290801,47.428204],[27.290547,47.427942],[27.289424,47.427431]]]}},{"type":"Feature","properties":{"fid":87,"Cod_ZF":"ZF03","Tip_ZF":"Terenuri agricole","Cod_SZF":"TPS","Tip_SZF":"PASUNI","utr":"AR","cod":"AR","ZONA":"AR","denumire":"PASUNI","functiune":"Terenuri agricole"},"geometry":{"type":"Polygon","coordinates":[[[27.2942,47.421312],[27.293395,47.422023],[27.292555,47.422723],[27.291676,47.424906],[27.29127,47.425794],[27.290941,47.426126],[27.290759,47.426454],[27.291117,47.426553],[27.29135,47.426641],[27.291642,47.426775],[27.291896,47.426886],[27.291978,47.426942],[27.292048,47.427021],[27.293508,47.425883],[27.293307,47.425523],[27.293416,47.42501],[27.293888,47.423902],[27.294361,47.423101],[27.294938,47.422823],[27.295593,47.422566],[27.2942,47.421312]]]}},{"type":"Feature","properties":{"fid":88,"Cod_ZF":"ZF03","Tip_ZF":"Terenuri agricole","Cod_SZF":"AR","Tip_SZF":"Arabil","utr":"AR","cod":"AR","ZONA":"AR","denumire":"Arabil","functiune":"Terenuri agricole"},"geometry":{"type":"Polygon","coordinates":[[[27.317494,47.41805],[27.317605,47.41792],[27.317749,47.417751],[27.319025,47.416256],[27.320046,47.415185],[27.320103,47.415124],[27.321683,47.413468],[27.321708,47.41269],[27.321532,47.412601],[27.318351,47.411001],[27.316862,47.409911],[27.316212,47.407956],[27.316319,47.407716],[27.317513,47.405044],[27.318015,47.404055],[27.318172,47.403714],[27.318484,47.403036],[27.318839,47.402843],[27.318779,47.402768],[27.318637,47.402591],[27.318418,47.402105],[27.318216,47.401751],[27.318078,47.401778],[27.317708,47.401821],[27.317504,47.401845],[27.317262,47.40189],[27.316929,47.401975],[27.316596,47.402061],[27.31622,47.402157],[27.315577,47.402168],[27.315298,47.402244],[27.314809,47.402399],[27.314496,47.402523],[27.314191,47.402689],[27.313966,47.402812],[27.313508,47.403062],[27.312849,47.403422],[27.312668,47.403508],[27.31249,47.403616],[27.312355,47.403722],[27.312239,47.403838],[27.312101,47.403976],[27.312029,47.404081],[27.31193,47.404227],[27.311713,47.404546],[27.311597,47.404735],[27.311496,47.404829],[27.311326,47.404953],[27.311173,47.405049],[27.311001,47.40513],[27.310797,47.405215],[27.31067,47.405263],[27.310698,47.405297],[27.310795,47.405483],[27.31087,47.405581],[27.311364,47.406106],[27.311487,47.406221],[27.311703,47.406424],[27.311984,47.406675],[27.313237,47.407802],[27.311963,47.408708],[27.310341,47.40947],[27.309909,47.409733],[27.305286,47.411307],[27.303864,47.411579],[27.300264,47.411848],[27.298672,47.412214],[27.298253,47.411998],[27.296868,47.412552],[27.296403,47.412677],[27.296079,47.412714],[27.294004,47.413255],[27.293657,47.413142],[27.293646,47.413156],[27.293537,47.413296],[27.292736,47.41467],[27.292395,47.415179],[27.292255,47.415427],[27.292209,47.415567],[27.2921,47.415671],[27.291969,47.415869],[27.291642,47.416361],[27.291607,47.416423],[27.292432,47.416692],[27.292861,47.417147],[27.29375,47.417187],[27.295268,47.418767],[27.295265,47.419879],[27.2942,47.421312],[27.295593,47.422566],[27.294938,47.422823],[27.294361,47.423101],[27.293888,47.423902],[27.293416,47.42501],[27.293307,47.425523],[27.293508,47.425883],[27.292048,47.427021],[27.291811,47.427169],[27.291146,47.427591],[27.2909,47.427712],[27.290627,47.427887],[27.290547,47.427942],[27.290801,47.428204],[27.290381,47.428857],[27.289989,47.429384],[27.289355,47.429878],[27.288884,47.430043],[27.289842,47.430835],[27.292423,47.431548],[27.298599,47.433195],[27.300784,47.43379],[27.301475,47.433859],[27.302036,47.433857],[27.302849,47.433611],[27.303586,47.432868],[27.304875,47.431356],[27.307867,47.42908],[27.309819,47.427732],[27.310125,47.427556],[27.309386,47.427085],[27.320469,47.421519],[27.321461,47.421021],[27.319246,47.420318],[27.316573,47.41913],[27.317449,47.418102],[27.317452,47.418099],[27.317494,47.41805]],[[27.315005,47.417558],[27.315008,47.417547],[27.315979,47.417565],[27.315979,47.417568],[27.315971,47.417971],[27.315969,47.418038],[27.315969,47.418044],[27.315391,47.418065],[27.315282,47.418069],[27.315106,47.418075],[27.314916,47.418082],[27.314896,47.418082],[27.314937,47.417885],[27.315005,47.417558]]]}},{"type":"Feature","properties":{"fid":89,"Cod_ZF":"ZF03","Tip_ZF":"Terenuri agricole","Cod_SZF":"TPS","Tip_SZF":"PASUNI","utr":"AR","cod":"AR","ZONA":"AR","denumire":"PASUNI","functiune":"Terenuri agricole"},"geometry":{"type":"Polygon","coordinates":[[[27.371275,47.394782],[27.371269,47.39478],[27.371266,47.394779],[27.369995,47.394225],[27.369491,47.394628],[27.368469,47.394198],[27.368307,47.39413],[27.367858,47.393941],[27.367473,47.394332],[27.36862,47.394737],[27.369581,47.395066],[27.370153,47.395246],[27.370297,47.395291],[27.370324,47.3953],[27.370761,47.395322],[27.371275,47.394782]]]}},{"type":"Feature","properties":{"fid":90,"Cod_ZF":"ZF06","Tip_ZF":"Căi de comunicație și transporturi","Cod_SZF":"CR","Tip_SZF":"Cai de comunicatie rutiera","utr":"CR","cod":"CR","ZONA":"CR","denumire":"Cai de comunicatie rutiera","functiune":"Căi de comunicație și transporturi"},"geometry":{"type":"Polygon","coordinates":[[[27.322524,47.447394],[27.322521,47.447304],[27.322519,47.447251],[27.322219,47.447258],[27.32211,47.447193],[27.32175,47.446847],[27.321709,47.446808],[27.321599,47.446701],[27.321298,47.446442],[27.321232,47.446316],[27.321226,47.446305],[27.321207,47.44627],[27.321138,47.446255],[27.321091,47.446244],[27.320236,47.445885],[27.319844,47.44572],[27.319796,47.445699],[27.319642,47.445632],[27.319588,47.445608],[27.319099,47.445395],[27.318914,47.445365],[27.318687,47.445358],[27.318264,47.445353],[27.318039,47.44535],[27.31779,47.445346],[27.317674,47.445299],[27.317458,47.445097],[27.317387,47.445031],[27.317343,47.44499],[27.317166,47.444826],[27.317097,47.444914],[27.317191,47.445093],[27.317231,47.445125],[27.317497,47.445373],[27.317643,47.445455],[27.317775,47.445459],[27.317817,47.44546],[27.318588,47.445465],[27.318954,47.445498],[27.319522,47.445711],[27.320026,47.445935],[27.320495,47.44616],[27.3208,47.446307],[27.320895,47.446352],[27.320995,47.446422],[27.321062,47.446469],[27.321121,47.44651],[27.321619,47.4469],[27.32202,47.447273],[27.322088,47.447319],[27.322159,47.447367],[27.322225,47.447412],[27.322524,47.447394]]]}},{"type":"Feature","properties":{"fid":91,"Cod_ZF":"ZF06","Tip_ZF":"Căi de comunicație și transporturi","Cod_SZF":"CR","Tip_SZF":"Cai de comunicatie rutiera","utr":"CR","cod":"CR","ZONA":"CR","denumire":"Cai de comunicatie rutiera","functiune":"Căi de comunicație și transporturi"},"geometry":{"type":"Polygon","coordinates":[[[27.319588,47.445608],[27.319642,47.445632],[27.319883,47.44512],[27.319923,47.445079],[27.320258,47.445061],[27.320626,47.445033],[27.321027,47.445027],[27.321421,47.444969],[27.322196,47.444895],[27.322238,47.444852],[27.320877,47.444979],[27.320737,47.444968],[27.320728,47.444969],[27.320639,47.444982],[27.320574,47.444992],[27.3202,47.445023],[27.319872,47.445008],[27.319627,47.44497],[27.319108,47.444768],[27.318782,47.444659],[27.318692,47.44466],[27.318619,47.444665],[27.318474,47.444708],[27.318262,47.444771],[27.31784,47.444882],[27.317667,47.444928],[27.317343,47.44499],[27.317387,47.445031],[27.317427,47.445015],[27.317701,47.444967],[27.317754,47.444949],[27.318273,47.444804],[27.318666,47.444697],[27.318761,47.444694],[27.319009,47.444778],[27.319478,47.444973],[27.319715,47.445096],[27.319802,47.445119],[27.319818,47.445147],[27.319588,47.445608]]]}},{"type":"Feature","properties":{"fid":92,"Cod_ZF":"ZF06","Tip_ZF":"Căi de comunicație și transporturi","Cod_SZF":"CR","Tip_SZF":"Cai de comunicatie rutiera","utr":"CR","cod":"CR","ZONA":"CR","denumire":"Cai de comunicatie rutiera","functiune":"Căi de comunicație și transporturi"},"geometry":{"type":"Polygon","coordinates":[[[27.320469,47.444345],[27.320418,47.444346],[27.320498,47.444543],[27.320637,47.444888],[27.320639,47.444982],[27.320728,47.444969],[27.320724,47.444899],[27.320539,47.444517],[27.320469,47.444345]]]}},{"type":"Feature","properties":{"fid":93,"Cod_ZF":"ZF06","Tip_ZF":"Căi de comunicație și transporturi","Cod_SZF":"CR","Tip_SZF":"Cai de comunicatie rutiera","utr":"CR","cod":"CR","ZONA":"CR","denumire":"Cai de comunicatie rutiera","functiune":"Căi de comunicație și transporturi"},"geometry":{"type":"Polygon","coordinates":[[[27.32475,47.445213],[27.324793,47.445179],[27.324487,47.445085],[27.324056,47.444971],[27.323573,47.444854],[27.323398,47.444811],[27.323364,47.444803],[27.323593,47.444379],[27.323705,47.444169],[27.32364,47.444152],[27.323573,47.444296],[27.323559,47.444325],[27.323324,47.444719],[27.323277,47.444784],[27.32322,47.444878],[27.323094,47.445008],[27.322873,47.445128],[27.322001,47.445516],[27.321951,47.445502],[27.32195,47.445449],[27.322067,47.445257],[27.322423,47.444744],[27.322883,47.444157],[27.322955,47.44398],[27.32285,47.443985],[27.322824,47.444125],[27.322765,47.444203],[27.322705,47.444274],[27.322492,47.444499],[27.322238,47.444852],[27.322196,47.444895],[27.32221,47.444917],[27.322143,47.44505],[27.321886,47.445445],[27.321743,47.445574],[27.321395,47.445833],[27.321138,47.446255],[27.321207,47.44627],[27.321226,47.446305],[27.321232,47.446316],[27.321498,47.445867],[27.321503,47.445864],[27.32185,47.44564],[27.322482,47.445353],[27.322499,47.445345],[27.323031,47.445116],[27.32316,47.445033],[27.323341,47.444835],[27.323366,47.444837],[27.324603,47.445156],[27.32475,47.445213]]]}},{"type":"Feature","properties":{"fid":94,"Cod_ZF":"ZF06","Tip_ZF":"Căi de comunicație și transporturi","Cod_SZF":"CR","Tip_SZF":"Cai de comunicatie rutiera","utr":"CR","cod":"CR","ZONA":"CR","denumire":"Cai de comunicatie rutiera","functiune":"Căi de comunicație și transporturi"},"geometry":{"type":"Polygon","coordinates":[[[27.32257,47.448645],[27.322569,47.448609],[27.322435,47.448583],[27.321781,47.448483],[27.321287,47.448372],[27.321087,47.448267],[27.320957,47.448231],[27.320822,47.448193],[27.320477,47.448198],[27.320685,47.447277],[27.321179,47.447308],[27.321961,47.447402],[27.322159,47.447367],[27.322088,47.447319],[27.321849,47.447368],[27.321081,47.447256],[27.320704,47.447235],[27.320717,47.447206],[27.321062,47.446469],[27.320995,47.446422],[27.320988,47.446438],[27.320963,47.446499],[27.3208,47.44688],[27.320622,47.447271],[27.320574,47.447302],[27.320595,47.447337],[27.320575,47.447507],[27.320569,47.447555],[27.320494,47.447785],[27.320492,47.447792],[27.320397,47.448274],[27.320304,47.448675],[27.320316,47.448746],[27.320418,47.449044],[27.320503,47.449269],[27.320507,47.449515],[27.320479,47.449736],[27.320424,47.449913],[27.320339,47.45011],[27.320227,47.450275],[27.320378,47.450298],[27.32042,47.450218],[27.320668,47.45022],[27.321651,47.450378],[27.321683,47.450345],[27.320456,47.450155],[27.320462,47.450116],[27.320491,47.449948],[27.32054,47.44971],[27.320552,47.449577],[27.320556,47.449353],[27.320541,47.449266],[27.320509,47.449131],[27.320932,47.449122],[27.320934,47.449077],[27.320485,47.449079],[27.320378,47.44877],[27.320378,47.448558],[27.32046,47.448249],[27.320821,47.448235],[27.321002,47.448279],[27.321265,47.448415],[27.321891,47.448552],[27.322051,47.448576],[27.32257,47.448645]]]}},{"type":"Feature","properties":{"fid":95,"Cod_ZF":"ZF06","Tip_ZF":"Căi de comunicație și transporturi","Cod_SZF":"CR","Tip_SZF":"Cai de comunicatie rutiera","utr":"CR","cod":"CR","ZONA":"CR","denumire":"Cai de comunicatie rutiera","functiune":"Căi de comunicație și transporturi"},"geometry":{"type":"Polygon","coordinates":[[[27.322468,47.449163],[27.322477,47.449119],[27.322477,47.449118],[27.322409,47.449137],[27.322325,47.449199],[27.322234,47.449307],[27.322062,47.449539],[27.321997,47.449623],[27.321794,47.449789],[27.321744,47.449856],[27.321715,47.449931],[27.321717,47.450051],[27.321707,47.450298],[27.321683,47.450345],[27.321651,47.450378],[27.32164,47.450404],[27.321332,47.450825],[27.32118,47.451013],[27.32082,47.451279],[27.320527,47.451463],[27.320221,47.451687],[27.320135,47.451797],[27.320075,47.451924],[27.320115,47.451934],[27.320219,47.45175],[27.320579,47.451474],[27.321224,47.451017],[27.321368,47.450852],[27.321735,47.450347],[27.321774,47.449876],[27.321844,47.449803],[27.322017,47.449647],[27.32208,47.449575],[27.322468,47.449163]]]}},{"type":"Feature","properties":{"fid":96,"Cod_ZF":"ZF11","Tip_ZF":"Zonă locuințe și funcțiuni complementare","Cod_SZF":"L","Tip_SZF":"Zona de locuinte si functiuni complementare","utr":"Li1","cod":"Li1","ZONA":"Li1","denumire":"Zona de locuinte si functiuni complementare","functiune":"Zonă locuințe și funcțiuni complementare"},"geometry":{"type":"Polygon","coordinates":[[[27.319068,47.44662],[27.318712,47.446558],[27.318167,47.446595],[27.317976,47.446598],[27.317912,47.446616],[27.317905,47.446614],[27.317788,47.447049],[27.317779,47.447247],[27.317802,47.447343],[27.317838,47.447386],[27.317888,47.447383],[27.318315,47.4473],[27.319009,47.447112],[27.319115,47.447055],[27.319171,47.446983],[27.319159,47.446728],[27.319127,47.446657],[27.319068,47.44662]]]}},{"type":"Feature","properties":{"fid":97,"Cod_ZF":"ZF06","Tip_ZF":"Căi de comunicație și transporturi","Cod_SZF":"CR","Tip_SZF":"Cai de comunicatie rutiera","utr":"CR","cod":"CR","ZONA":"CR","denumire":"Cai de comunicatie rutiera","functiune":"Căi de comunicație și transporturi"},"geometry":{"type":"Polygon","coordinates":[[[27.316295,47.447391],[27.316264,47.447437],[27.316864,47.44745],[27.31749,47.447463],[27.317775,47.447431],[27.317849,47.447431],[27.317877,47.447418],[27.318257,47.447342],[27.318419,47.447321],[27.31907,47.447127],[27.319128,47.447097],[27.319191,47.447046],[27.319416,47.44711],[27.320135,47.447241],[27.320347,47.447274],[27.320574,47.447302],[27.320622,47.447271],[27.320567,47.447268],[27.32034,47.447239],[27.319859,47.447183],[27.31953,47.447104],[27.319232,47.447012],[27.319235,47.446991],[27.319205,47.446626],[27.318915,47.44654],[27.318777,47.446523],[27.318432,47.446546],[27.317987,47.446563],[27.317928,47.446518],[27.31781,47.446102],[27.317812,47.445927],[27.317829,47.445661],[27.317817,47.44546],[27.317775,47.445459],[27.317765,47.445518],[27.317764,47.445687],[27.317745,47.445938],[27.317755,47.446139],[27.317785,47.446253],[27.317865,47.446537],[27.317757,47.44655],[27.317388,47.446504],[27.317349,47.446549],[27.317545,47.446571],[27.317845,47.446619],[27.31777,47.446905],[27.317725,47.447045],[27.317717,47.447233],[27.317733,47.447395],[27.317655,47.447409],[27.317499,47.447427],[27.317444,47.447427],[27.316918,47.447415],[27.316766,47.447409],[27.31662,47.447403],[27.316295,47.447391]],[[27.319068,47.44662],[27.319127,47.446657],[27.319159,47.446728],[27.319171,47.446983],[27.319115,47.447055],[27.319009,47.447112],[27.318315,47.4473],[27.317888,47.447383],[27.317838,47.447386],[27.317802,47.447343],[27.317779,47.447247],[27.317788,47.447049],[27.317905,47.446614],[27.317912,47.446616],[27.317976,47.446598],[27.318167,47.446595],[27.318712,47.446558],[27.319068,47.44662]]]}},{"type":"Feature","properties":{"fid":98,"Cod_ZF":"ZF06","Tip_ZF":"Căi de comunicație și transporturi","Cod_SZF":"CR","Tip_SZF":"Cai de comunicatie rutiera","utr":"CR","cod":"CR","ZONA":"CR","denumire":"Cai de comunicatie rutiera","functiune":"Căi de comunicație și transporturi"},"geometry":{"type":"Polygon","coordinates":[[[27.317715,47.449168],[27.317752,47.44918],[27.317793,47.449116],[27.317982,47.44887],[27.318044,47.4487],[27.318222,47.448297],[27.31831,47.448193],[27.318329,47.448275],[27.318482,47.448358],[27.318583,47.448388],[27.319067,47.448523],[27.319425,47.448617],[27.319661,47.448653],[27.320257,47.448744],[27.320316,47.448746],[27.320304,47.448675],[27.320221,47.448692],[27.320131,47.448689],[27.319779,47.448641],[27.319721,47.448631],[27.31943,47.448583],[27.319158,47.448499],[27.31917,47.448423],[27.319392,47.448135],[27.319962,47.447977],[27.320303,47.447741],[27.320494,47.447785],[27.320569,47.447555],[27.320575,47.447507],[27.320473,47.447571],[27.320218,47.447728],[27.319933,47.447942],[27.319493,47.448075],[27.319404,47.448097],[27.319334,47.448134],[27.319082,47.448485],[27.318497,47.448313],[27.31838,47.448257],[27.318345,47.448039],[27.318033,47.447811],[27.3179,47.447561],[27.317849,47.447431],[27.317775,47.447431],[27.317886,47.44763],[27.317989,47.447833],[27.318292,47.448051],[27.318318,47.448138],[27.318272,47.448184],[27.318192,47.448276],[27.318053,47.448582],[27.317939,47.448819],[27.317882,47.448914],[27.317715,47.449168]]]}},{"type":"Feature","properties":{"fid":99,"Cod_ZF":"ZF11","Tip_ZF":"Zonă locuințe și funcțiuni complementare","Cod_SZF":"L","Tip_SZF":"Zona de locuinte si functiuni complementare","utr":"Li1","cod":"Li1","ZONA":"Li1","denumire":"Zona de locuinte si functiuni complementare","functiune":"Zonă locuințe și funcțiuni complementare"},"geometry":{"type":"Polygon","coordinates":[[[27.320418,47.444346],[27.319817,47.444358],[27.317845,47.443959],[27.317598,47.444274],[27.317181,47.444806],[27.317166,47.444826],[27.317343,47.44499],[27.317667,47.444928],[27.31784,47.444882],[27.318262,47.444771],[27.318474,47.444708],[27.318619,47.444665],[27.318692,47.44466],[27.318782,47.444659],[27.319108,47.444768],[27.319627,47.44497],[27.319872,47.445008],[27.3202,47.445023],[27.320574,47.444992],[27.320639,47.444982],[27.320637,47.444888],[27.320498,47.444543],[27.320418,47.444346]]]}},{"type":"Feature","properties":{"fid":100,"Cod_ZF":"ZF11","Tip_ZF":"Zonă locuințe și funcțiuni complementare","Cod_SZF":"L","Tip_SZF":"Zona de locuinte si functiuni complementare","utr":"Li1","cod":"Li1","ZONA":"Li1","denumire":"Zona de locuinte si functiuni complementare","functiune":"Zonă locuințe și funcțiuni complementare"},"geometry":{"type":"Polygon","coordinates":[[[27.317387,47.445031],[27.317458,47.445097],[27.317674,47.445299],[27.31779,47.445346],[27.318039,47.44535],[27.318264,47.445353],[27.318687,47.445358],[27.318914,47.445365],[27.319099,47.445395],[27.319588,47.445608],[27.319818,47.445147],[27.319802,47.445119],[27.319715,47.445096],[27.319478,47.444973],[27.319009,47.444778],[27.318761,47.444694],[27.318666,47.444697],[27.318273,47.444804],[27.317754,47.444949],[27.317701,47.444967],[27.317427,47.445015],[27.317387,47.445031]]]}},{"type":"Feature","properties":{"fid":101,"Cod_ZF":"ZF11","Tip_ZF":"Zonă locuințe și funcțiuni complementare","Cod_SZF":"L","Tip_SZF":"Zona de locuinte si functiuni complementare","utr":"Li1","cod":"Li1","ZONA":"Li1","denumire":"Zona de locuinte si functiuni complementare","functiune":"Zonă locuințe și funcțiuni complementare"},"geometry":{"type":"Polygon","coordinates":[[[27.319642,47.445632],[27.319796,47.445699],[27.319844,47.44572],[27.320236,47.445885],[27.321091,47.446244],[27.321138,47.446255],[27.321395,47.445833],[27.321743,47.445574],[27.321886,47.445445],[27.322143,47.44505],[27.32221,47.444917],[27.322196,47.444895],[27.321421,47.444969],[27.321027,47.445027],[27.320626,47.445033],[27.320258,47.445061],[27.319923,47.445079],[27.319883,47.44512],[27.319642,47.445632]]]}},{"type":"Feature","properties":{"fid":102,"Cod_ZF":"ZF11","Tip_ZF":"Zonă locuințe și funcțiuni complementare","Cod_SZF":"L","Tip_SZF":"Zona de locuinte si functiuni complementare","utr":"Li1","cod":"Li1","ZONA":"Li1","denumire":"Zona de locuinte si functiuni complementare","functiune":"Zonă locuințe și funcțiuni complementare"},"geometry":{"type":"Polygon","coordinates":[[[27.32285,47.443985],[27.321952,47.444027],[27.321995,47.444448],[27.320513,47.444344],[27.320469,47.444345],[27.320539,47.444517],[27.320724,47.444899],[27.320728,47.444969],[27.320737,47.444968],[27.320877,47.444979],[27.322238,47.444852],[27.322492,47.444499],[27.322705,47.444274],[27.322765,47.444203],[27.322824,47.444125],[27.32285,47.443985]]]}},{"type":"Feature","properties":{"fid":103,"Cod_ZF":"ZF11","Tip_ZF":"Zonă locuințe și funcțiuni complementare","Cod_SZF":"L","Tip_SZF":"Zona de locuinte si functiuni complementare","utr":"Li1","cod":"Li1","ZONA":"Li1","denumire":"Zona de locuinte si functiuni complementare","functiune":"Zonă locuințe și funcțiuni complementare"},"geometry":{"type":"Polygon","coordinates":[[[27.32364,47.444152],[27.323,47.443978],[27.322955,47.44398],[27.322883,47.444157],[27.322423,47.444744],[27.322067,47.445257],[27.32195,47.445449],[27.321951,47.445502],[27.322001,47.445516],[27.322873,47.445128],[27.323094,47.445008],[27.32322,47.444878],[27.323277,47.444784],[27.323324,47.444719],[27.323559,47.444325],[27.323573,47.444296],[27.32364,47.444152]]]}},{"type":"Feature","properties":{"fid":104,"Cod_ZF":"ZF11","Tip_ZF":"Zonă locuințe și funcțiuni complementare","Cod_SZF":"L","Tip_SZF":"Zona de locuinte si functiuni complementare","utr":"Li1","cod":"Li1","ZONA":"Li1","denumire":"Zona de locuinte si functiuni complementare","functiune":"Zonă locuințe și funcțiuni complementare"},"geometry":{"type":"Polygon","coordinates":[[[27.324793,47.445179],[27.325316,47.44476],[27.326025,47.444078],[27.325474,47.44391],[27.324732,47.444634],[27.323666,47.444344],[27.32376,47.444184],[27.323705,47.444169],[27.323593,47.444379],[27.323364,47.444803],[27.323398,47.444811],[27.323573,47.444854],[27.324056,47.444971],[27.324487,47.445085],[27.324793,47.445179]]]}},{"type":"Feature","properties":{"fid":105,"Cod_ZF":"ZF11","Tip_ZF":"Zonă locuințe și funcțiuni complementare","Cod_SZF":"L","Tip_SZF":"Zona de locuinte si functiuni complementare","utr":"Li1","cod":"Li1","ZONA":"Li1","denumire":"Zona de locuinte si functiuni complementare","functiune":"Zonă locuințe și funcțiuni complementare"},"geometry":{"type":"Polygon","coordinates":[[[27.322519,47.447251],[27.32251,47.447008],[27.322743,47.446821],[27.322784,47.446789],[27.323185,47.446467],[27.322884,47.446223],[27.322583,47.446121],[27.322308,47.446101],[27.321879,47.445975],[27.321503,47.445864],[27.321498,47.445867],[27.321232,47.446316],[27.321298,47.446442],[27.321599,47.446701],[27.321709,47.446808],[27.32175,47.446847],[27.32211,47.447193],[27.322219,47.447258],[27.322519,47.447251]]]}},{"type":"Feature","properties":{"fid":106,"Cod_ZF":"ZF11","Tip_ZF":"Zonă locuințe și funcțiuni complementare","Cod_SZF":"L","Tip_SZF":"Zona de locuinte si functiuni complementare","utr":"Li1","cod":"Li1","ZONA":"Li1","denumire":"Zona de locuinte si functiuni complementare","functiune":"Zonă locuințe și funcțiuni complementare"},"geometry":{"type":"Polygon","coordinates":[[[27.323846,47.445938],[27.324357,47.445528],[27.32475,47.445213],[27.324603,47.445156],[27.323366,47.444837],[27.323341,47.444835],[27.32316,47.445033],[27.323031,47.445116],[27.322499,47.445345],[27.323186,47.445588],[27.323605,47.445758],[27.323574,47.445811],[27.323788,47.445922],[27.323846,47.445938]]]}},{"type":"Feature","properties":{"fid":107,"Cod_ZF":"ZF09","Tip_ZF":"Zonă instituții publice","Cod_SZF":"IS","Tip_SZF":"Zona de institutii publice si servicii","utr":"IS","cod":"IS","ZONA":"IS","denumire":"Zona de institutii publice si servicii","functiune":"Zonă instituții publice"},"geometry":{"type":"Polygon","coordinates":[[[27.323185,47.446467],[27.323336,47.446346],[27.323846,47.445938],[27.323788,47.445922],[27.323574,47.445811],[27.323605,47.445758],[27.323186,47.445588],[27.322499,47.445345],[27.322482,47.445353],[27.32185,47.44564],[27.321503,47.445864],[27.321879,47.445975],[27.322308,47.446101],[27.322583,47.446121],[27.322884,47.446223],[27.323185,47.446467]]]}},{"type":"Feature","properties":{"fid":108,"Cod_ZF":"ZF11","Tip_ZF":"Zonă locuințe și funcțiuni complementare","Cod_SZF":"L","Tip_SZF":"Zona de locuinte si functiuni complementare","utr":"Li1","cod":"Li1","ZONA":"Li1","denumire":"Zona de locuinte si functiuni complementare","functiune":"Zonă locuințe și funcțiuni complementare"},"geometry":{"type":"Polygon","coordinates":[[[27.317191,47.445093],[27.317226,47.445159],[27.316756,47.445676],[27.316766,47.446696],[27.316295,47.447391],[27.31662,47.447403],[27.316766,47.447409],[27.316918,47.447415],[27.317444,47.447427],[27.317499,47.447427],[27.317655,47.447409],[27.317733,47.447395],[27.317717,47.447233],[27.317725,47.447045],[27.31777,47.446905],[27.317845,47.446619],[27.317545,47.446571],[27.317349,47.446549],[27.317388,47.446504],[27.317757,47.44655],[27.317865,47.446537],[27.317785,47.446253],[27.317755,47.446139],[27.317745,47.445938],[27.317764,47.445687],[27.317765,47.445518],[27.317775,47.445459],[27.317643,47.445455],[27.317497,47.445373],[27.317231,47.445125],[27.317191,47.445093]]]}},{"type":"Feature","properties":{"fid":109,"Cod_ZF":"ZF11","Tip_ZF":"Zonă locuințe și funcțiuni complementare","Cod_SZF":"L","Tip_SZF":"Zona de locuinte si functiuni complementare","utr":"Li1","cod":"Li1","ZONA":"Li1","denumire":"Zona de locuinte si functiuni complementare","functiune":"Zonă locuințe și funcțiuni complementare"},"geometry":{"type":"Polygon","coordinates":[[[27.316264,47.447437],[27.316231,47.447486],[27.315864,47.448027],[27.316889,47.448564],[27.317055,47.448651],[27.316807,47.448869],[27.317715,47.449168],[27.317882,47.448914],[27.317939,47.448819],[27.318053,47.448582],[27.318192,47.448276],[27.318272,47.448184],[27.318318,47.448138],[27.318292,47.448051],[27.317989,47.447833],[27.317886,47.44763],[27.317775,47.447431],[27.31749,47.447463],[27.316864,47.44745],[27.316264,47.447437]]]}},{"type":"Feature","properties":{"fid":110,"Cod_ZF":"ZF11","Tip_ZF":"Zonă locuințe și funcțiuni complementare","Cod_SZF":"L","Tip_SZF":"Zona de locuinte si functiuni complementare","utr":"Li1","cod":"Li1","ZONA":"Li1","denumire":"Zona de locuinte si functiuni complementare","functiune":"Zonă locuințe și funcțiuni complementare"},"geometry":{"type":"Polygon","coordinates":[[[27.317752,47.44918],[27.317982,47.449256],[27.318708,47.449425],[27.319217,47.449544],[27.319038,47.4501],[27.320227,47.450275],[27.320339,47.45011],[27.320424,47.449913],[27.320479,47.449736],[27.320507,47.449515],[27.320503,47.449269],[27.320418,47.449044],[27.320316,47.448746],[27.320257,47.448744],[27.319661,47.448653],[27.319425,47.448617],[27.319067,47.448523],[27.318583,47.448388],[27.318482,47.448358],[27.318329,47.448275],[27.31831,47.448193],[27.318222,47.448297],[27.318044,47.4487],[27.317982,47.44887],[27.317793,47.449116],[27.317752,47.44918]]]}},{"type":"Feature","properties":{"fid":111,"Cod_ZF":"ZF11","Tip_ZF":"Zonă locuințe și funcțiuni complementare","Cod_SZF":"L","Tip_SZF":"Zona de locuinte si functiuni complementare","utr":"Li1","cod":"Li1","ZONA":"Li1","denumire":"Zona de locuinte si functiuni complementare","functiune":"Zonă locuințe și funcțiuni complementare"},"geometry":{"type":"Polygon","coordinates":[[[27.320575,47.447507],[27.320595,47.447337],[27.320574,47.447302],[27.320347,47.447274],[27.320135,47.447241],[27.319416,47.44711],[27.319191,47.447046],[27.319128,47.447097],[27.31907,47.447127],[27.318419,47.447321],[27.318257,47.447342],[27.317877,47.447418],[27.317849,47.447431],[27.3179,47.447561],[27.318033,47.447811],[27.318345,47.448039],[27.31838,47.448257],[27.318497,47.448313],[27.319082,47.448485],[27.319334,47.448134],[27.319404,47.448097],[27.319493,47.448075],[27.319933,47.447942],[27.320218,47.447728],[27.320473,47.447571],[27.320575,47.447507]]]}},{"type":"Feature","properties":{"fid":112,"Cod_ZF":"ZF11","Tip_ZF":"Zonă locuințe și funcțiuni complementare","Cod_SZF":"L","Tip_SZF":"Zona de locuinte si functiuni complementare","utr":"Li1","cod":"Li1","ZONA":"Li1","denumire":"Zona de locuinte si functiuni complementare","functiune":"Zonă locuințe și funcțiuni complementare"},"geometry":{"type":"Polygon","coordinates":[[[27.320304,47.448675],[27.320397,47.448274],[27.320492,47.447792],[27.320494,47.447785],[27.320303,47.447741],[27.319962,47.447977],[27.319392,47.448135],[27.31917,47.448423],[27.319158,47.448499],[27.31943,47.448583],[27.319721,47.448631],[27.319779,47.448641],[27.320131,47.448689],[27.320221,47.448692],[27.320304,47.448675]]]}},{"type":"Feature","properties":{"fid":113,"Cod_ZF":"ZF11","Tip_ZF":"Zonă locuințe și funcțiuni complementare","Cod_SZF":"L","Tip_SZF":"Zona de locuinte si functiuni complementare","utr":"Li1","cod":"Li1","ZONA":"Li1","denumire":"Zona de locuinte si functiuni complementare","functiune":"Zonă locuințe și funcțiuni complementare"},"geometry":{"type":"Polygon","coordinates":[[[27.320378,47.450298],[27.320472,47.450312],[27.320367,47.451134],[27.320284,47.451332],[27.32012,47.451721],[27.319369,47.451644],[27.319324,47.451846],[27.319846,47.452061],[27.319988,47.451903],[27.320075,47.451924],[27.320135,47.451797],[27.320221,47.451687],[27.320527,47.451463],[27.32082,47.451279],[27.32118,47.451013],[27.321332,47.450825],[27.32164,47.450404],[27.321651,47.450378],[27.320668,47.45022],[27.32042,47.450218],[27.320378,47.450298]]]}},{"type":"Feature","properties":{"fid":114,"Cod_ZF":"ZF11","Tip_ZF":"Zonă locuințe și funcțiuni complementare","Cod_SZF":"L","Tip_SZF":"Zona de locuinte si functiuni complementare","utr":"Li1","cod":"Li1","ZONA":"Li1","denumire":"Zona de locuinte si functiuni complementare","functiune":"Zonă locuințe și funcțiuni complementare"},"geometry":{"type":"Polygon","coordinates":[[[27.320404,47.452004],[27.320841,47.451488],[27.32146,47.451066],[27.321967,47.450427],[27.322331,47.449809],[27.322345,47.449745],[27.322468,47.449163],[27.32208,47.449575],[27.322017,47.449647],[27.321844,47.449803],[27.321774,47.449876],[27.321735,47.450347],[27.321368,47.450852],[27.321224,47.451017],[27.320579,47.451474],[27.320219,47.45175],[27.320115,47.451934],[27.320221,47.45196],[27.320404,47.452004]]]}},{"type":"Feature","properties":{"fid":115,"Cod_ZF":"ZF11","Tip_ZF":"Zonă locuințe și funcțiuni complementare","Cod_SZF":"L","Tip_SZF":"Zona de locuinte si functiuni complementare","utr":"Li1","cod":"Li1","ZONA":"Li1","denumire":"Zona de locuinte si functiuni complementare","functiune":"Zonă locuințe și funcțiuni complementare"},"geometry":{"type":"Polygon","coordinates":[[[27.322477,47.449118],[27.322571,47.448674],[27.32257,47.448645],[27.322051,47.448576],[27.321891,47.448552],[27.321265,47.448415],[27.321002,47.448279],[27.320821,47.448235],[27.32046,47.448249],[27.320378,47.448558],[27.320378,47.44877],[27.320485,47.449079],[27.320934,47.449077],[27.320932,47.449122],[27.320509,47.449131],[27.320541,47.449266],[27.320556,47.449353],[27.320552,47.449577],[27.32054,47.44971],[27.320491,47.449948],[27.320462,47.450116],[27.320456,47.450155],[27.321683,47.450345],[27.321707,47.450298],[27.321717,47.450051],[27.321715,47.449931],[27.321744,47.449856],[27.321794,47.449789],[27.321997,47.449623],[27.322062,47.449539],[27.322234,47.449307],[27.322325,47.449199],[27.322409,47.449137],[27.322477,47.449118]]]}},{"type":"Feature","properties":{"fid":116,"Cod_ZF":"ZF11","Tip_ZF":"Zonă locuințe și funcțiuni complementare","Cod_SZF":"L","Tip_SZF":"Zona de locuinte si functiuni complementare","utr":"Li1","cod":"Li1","ZONA":"Li1","denumire":"Zona de locuinte si functiuni complementare","functiune":"Zonă locuințe și funcțiuni complementare"},"geometry":{"type":"Polygon","coordinates":[[[27.322088,47.447319],[27.32202,47.447273],[27.321619,47.4469],[27.321121,47.44651],[27.321062,47.446469],[27.320717,47.447206],[27.320704,47.447235],[27.321081,47.447256],[27.321849,47.447368],[27.322088,47.447319]]]}},{"type":"Feature","properties":{"fid":117,"Cod_ZF":"ZF11","Tip_ZF":"Zonă locuințe și funcțiuni complementare","Cod_SZF":"L","Tip_SZF":"Zona de locuinte si functiuni complementare","utr":"Li1","cod":"Li1","ZONA":"Li1","denumire":"Zona de locuinte si functiuni complementare","functiune":"Zonă locuințe și funcțiuni complementare"},"geometry":{"type":"Polygon","coordinates":[[[27.320495,47.44616],[27.320026,47.445935],[27.319522,47.445711],[27.318954,47.445498],[27.318588,47.445465],[27.317817,47.44546],[27.317829,47.445661],[27.317812,47.445927],[27.31781,47.446102],[27.317928,47.446518],[27.317987,47.446563],[27.318432,47.446546],[27.318777,47.446523],[27.318915,47.44654],[27.319205,47.446626],[27.319235,47.446991],[27.319232,47.447012],[27.31953,47.447104],[27.319859,47.447183],[27.32034,47.447239],[27.320567,47.447268],[27.320622,47.447271],[27.3208,47.44688],[27.320963,47.446499],[27.320303,47.446597],[27.319948,47.446601],[27.319791,47.446327],[27.320495,47.44616]]]}},{"type":"Feature","properties":{"fid":118,"Cod_ZF":"ZF09","Tip_ZF":"Zonă instituții publice","Cod_SZF":"IS","Tip_SZF":"Zona de institutii publice si servicii","utr":"IS","cod":"IS","ZONA":"IS","denumire":"Zona de institutii publice si servicii","functiune":"Zonă instituții publice"},"geometry":{"type":"Polygon","coordinates":[[[27.320995,47.446422],[27.320895,47.446352],[27.3208,47.446307],[27.320495,47.44616],[27.319791,47.446327],[27.319948,47.446601],[27.320303,47.446597],[27.320963,47.446499],[27.320988,47.446438],[27.320995,47.446422]]]}},{"type":"Feature","properties":{"fid":119,"Cod_ZF":"ZF11","Tip_ZF":"Zonă locuințe și funcțiuni complementare","Cod_SZF":"L","Tip_SZF":"Zona de locuinte si functiuni complementare","utr":"Li1","cod":"Li1","ZONA":"Li1","denumire":"Zona de locuinte si functiuni complementare","functiune":"Zonă locuințe și funcțiuni complementare"},"geometry":{"type":"Polygon","coordinates":[[[27.322525,47.44743],[27.322524,47.447394],[27.322225,47.447412],[27.322159,47.447367],[27.321961,47.447402],[27.321179,47.447308],[27.320685,47.447277],[27.320477,47.448198],[27.320822,47.448193],[27.320957,47.448231],[27.321087,47.448267],[27.321287,47.448372],[27.321781,47.448483],[27.322435,47.448583],[27.322569,47.448609],[27.322525,47.44743]]]}},{"type":"Feature","properties":{"fid":120,"Cod_ZF":"ZF06","Tip_ZF":"Căi de comunicație și transporturi","Cod_SZF":"CR","Tip_SZF":"Cai de comunicatie rutiera","utr":"CR","cod":"CR","ZONA":"CR","denumire":"Cai de comunicatie rutiera","functiune":"Căi de comunicație și transporturi"},"geometry":{"type":"Polygon","coordinates":[[[27.313565,47.442478],[27.313569,47.442471],[27.312928,47.442243],[27.312805,47.442199],[27.312732,47.44217],[27.312163,47.44194],[27.31102,47.441492],[27.310188,47.441071],[27.308815,47.440361],[27.308724,47.440369],[27.308654,47.44043],[27.309784,47.44104],[27.310253,47.441275],[27.31066,47.441478],[27.311176,47.441705],[27.311205,47.441717],[27.311713,47.44194],[27.312206,47.442118],[27.313332,47.442525],[27.313403,47.442565],[27.313433,47.442533],[27.313454,47.44254],[27.313514,47.442559],[27.313565,47.442478]]]}},{"type":"Feature","properties":{"fid":121,"Cod_ZF":"ZF11","Tip_ZF":"Zonă locuințe și funcțiuni complementare","Cod_SZF":"L","Tip_SZF":"Zona de locuinte si functiuni complementare","utr":"Li1","cod":"Li1","ZONA":"Li1","denumire":"Zona de locuinte si functiuni complementare","functiune":"Zonă locuințe și funcțiuni complementare"},"geometry":{"type":"Polygon","coordinates":[[[27.309522,47.439808],[27.309584,47.439704],[27.309389,47.439483],[27.309209,47.439316],[27.309155,47.439299],[27.3089,47.439223],[27.308923,47.439202],[27.308879,47.439225],[27.308702,47.439245],[27.308469,47.439384],[27.308367,47.439492],[27.30833,47.439531],[27.308321,47.43963],[27.308318,47.43971],[27.308314,47.439783],[27.308334,47.439936],[27.308353,47.44007],[27.308275,47.440099],[27.308357,47.440151],[27.308684,47.440352],[27.308724,47.440369],[27.308815,47.440361],[27.310188,47.441071],[27.31102,47.441492],[27.312163,47.44194],[27.312732,47.44217],[27.312805,47.442199],[27.312928,47.442243],[27.313032,47.442061],[27.313029,47.44199],[27.313043,47.441906],[27.313144,47.441748],[27.3132,47.441552],[27.31286,47.441546],[27.31287,47.441465],[27.312763,47.44144],[27.312153,47.441461],[27.31213,47.441525],[27.311488,47.441411],[27.310451,47.441054],[27.310163,47.440835],[27.309952,47.440551],[27.309466,47.440039],[27.309448,47.439932],[27.3095,47.439845],[27.309522,47.439808]]]}},{"type":"Feature","properties":{"fid":122,"Cod_ZF":"ZF13","Tip_ZF":"Zonă gospodării comunale","Cod_SZF":"GC","Tip_SZF":"Zona gospodarie comunala, cimitire","utr":"GC","cod":"GC","ZONA":"GC","denumire":"Zona gospodarie comunala, cimitire","functiune":"Zonă gospodării comunale"},"geometry":{"type":"Polygon","coordinates":[[[27.313569,47.442471],[27.313685,47.442289],[27.314023,47.441757],[27.314017,47.441737],[27.313961,47.441542],[27.313894,47.441545],[27.313577,47.441559],[27.3132,47.441552],[27.313144,47.441748],[27.313043,47.441906],[27.313029,47.44199],[27.313032,47.442061],[27.312928,47.442243],[27.313569,47.442471]]]}},{"type":"Feature","properties":{"fid":123,"Cod_ZF":"ZF06","Tip_ZF":"Căi de comunicație și transporturi","Cod_SZF":"CR","Tip_SZF":"Cai de comunicatie rutiera","utr":"CR","cod":"CR","ZONA":"CR","denumire":"Cai de comunicatie rutiera","functiune":"Căi de comunicație și transporturi"},"geometry":{"type":"Polygon","coordinates":[[[27.311205,47.441717],[27.311176,47.441705],[27.31065,47.442397],[27.3106,47.442402],[27.30993,47.442135],[27.30975,47.442063],[27.309614,47.442009],[27.309553,47.442044],[27.309577,47.442053],[27.310596,47.44246],[27.310381,47.442754],[27.310136,47.443095],[27.310103,47.443141],[27.310159,47.443176],[27.310176,47.443133],[27.310353,47.442893],[27.310701,47.442402],[27.311166,47.441771],[27.311205,47.441717]]]}},{"type":"Feature","properties":{"fid":124,"Cod_ZF":"ZF12","Tip_ZF":"Zonă unități industriale și de depozitare","Cod_SZF":"AI","Tip_SZF":"Zona unitati agro-industriale","utr":"AI","cod":"AI","ZONA":"AI","denumire":"Zona unitati agro-industriale","functiune":"Zonă unități industriale și de depozitare"},"geometry":{"type":"Polygon","coordinates":[[[27.310253,47.441275],[27.309784,47.44104],[27.308654,47.44043],[27.308264,47.440765],[27.308563,47.44093],[27.308141,47.441298],[27.308499,47.441597],[27.309013,47.44183],[27.309553,47.442044],[27.309614,47.442009],[27.310253,47.441275]]]}},{"type":"Feature","properties":{"fid":125,"Cod_ZF":"ZF12","Tip_ZF":"Zonă unități industriale și de depozitare","Cod_SZF":"AI","Tip_SZF":"Zona unitati agro-industriale","utr":"AI","cod":"AI","ZONA":"AI","denumire":"Zona unitati agro-industriale","functiune":"Zonă unități industriale și de depozitare"},"geometry":{"type":"Polygon","coordinates":[[[27.312206,47.442118],[27.311713,47.44194],[27.311205,47.441717],[27.311166,47.441771],[27.310701,47.442402],[27.310353,47.442893],[27.310176,47.443133],[27.310159,47.443176],[27.310186,47.443192],[27.310726,47.443406],[27.310486,47.443699],[27.310732,47.443835],[27.31084,47.44373],[27.31094,47.443672],[27.311023,47.443576],[27.311025,47.443541],[27.311072,47.443516],[27.311074,47.443492],[27.311248,47.443312],[27.311317,47.443241],[27.311554,47.442997],[27.312206,47.442118]]]}},{"type":"Feature","properties":{"fid":126,"Cod_ZF":"ZF13","Tip_ZF":"Zonă gospodării comunale","Cod_SZF":"GC","Tip_SZF":"Zona gospodarie comunala, cimitire","utr":"GC","cod":"GC","ZONA":"GC","denumire":"Zona gospodarie comunala, cimitire","functiune":"Zonă gospodării comunale"},"geometry":{"type":"Polygon","coordinates":[[[27.311554,47.442997],[27.311317,47.443241],[27.311248,47.443312],[27.311074,47.443492],[27.311072,47.443516],[27.311025,47.443541],[27.311023,47.443576],[27.31094,47.443672],[27.31084,47.44373],[27.310732,47.443835],[27.310894,47.443925],[27.311601,47.443722],[27.312155,47.443342],[27.312047,47.443254],[27.31186,47.443156],[27.311809,47.44313],[27.311554,47.442997]]]}},{"type":"Feature","properties":{"fid":127,"Cod_ZF":"ZF11","Tip_ZF":"Zonă locuințe și funcțiuni complementare","Cod_SZF":"L","Tip_SZF":"Zona de locuinte si functiuni complementare","utr":"Li1","cod":"Li1","ZONA":"Li1","denumire":"Zona de locuinte si functiuni complementare","functiune":"Zonă locuințe și funcțiuni complementare"},"geometry":{"type":"Polygon","coordinates":[[[27.312379,47.44342],[27.312398,47.443427],[27.312519,47.443358],[27.312826,47.443221],[27.313393,47.442606],[27.313454,47.44254],[27.313433,47.442533],[27.313403,47.442565],[27.313332,47.442525],[27.312206,47.442118],[27.311554,47.442997],[27.311809,47.44313],[27.31186,47.443156],[27.312047,47.443254],[27.312155,47.443342],[27.312379,47.44342]]]}},{"type":"Feature","properties":{"fid":128,"Cod_ZF":"ZF11","Tip_ZF":"Zonă locuințe și funcțiuni complementare","Cod_SZF":"L","Tip_SZF":"Zona de locuinte si functiuni complementare","utr":"Li1","cod":"Li1","ZONA":"Li1","denumire":"Zona de locuinte si functiuni complementare","functiune":"Zonă locuințe și funcțiuni complementare"},"geometry":{"type":"Polygon","coordinates":[[[27.311176,47.441705],[27.31066,47.441478],[27.310253,47.441275],[27.309614,47.442009],[27.30975,47.442063],[27.30993,47.442135],[27.3106,47.442402],[27.31065,47.442397],[27.311176,47.441705]]]}},{"type":"Feature","properties":{"fid":129,"Cod_ZF":"ZF11","Tip_ZF":"Zonă locuințe și funcțiuni complementare","Cod_SZF":"L","Tip_SZF":"Zona de locuinte si functiuni complementare","utr":"Li1","cod":"Li1","ZONA":"Li1","denumire":"Zona de locuinte si functiuni complementare","functiune":"Zonă locuințe și funcțiuni complementare"},"geometry":{"type":"Polygon","coordinates":[[[27.310103,47.443141],[27.310136,47.443095],[27.310381,47.442754],[27.310596,47.44246],[27.309577,47.442053],[27.309553,47.442044],[27.309204,47.442564],[27.309518,47.442782],[27.309622,47.442846],[27.310103,47.443141]]]}},{"type":"Feature","properties":{"fid":130,"Cod_ZF":"ZF12","Tip_ZF":"Zonă unități industriale și de depozitare","Cod_SZF":"AI","Tip_SZF":"Zona unitati agro-industriale","utr":"AI","cod":"AI","ZONA":"AI","denumire":"Zona unitati agro-industriale","functiune":"Zonă unități industriale și de depozitare"},"geometry":{"type":"Polygon","coordinates":[[[27.306434,47.441215],[27.307254,47.441633],[27.30784,47.442038],[27.308214,47.442361],[27.308515,47.44315],[27.31066,47.444186],[27.312379,47.44342],[27.312155,47.443342],[27.311601,47.443722],[27.310894,47.443925],[27.310732,47.443835],[27.310486,47.443699],[27.310726,47.443406],[27.310186,47.443192],[27.310159,47.443176],[27.310103,47.443141],[27.309622,47.442846],[27.309518,47.442782],[27.309204,47.442564],[27.309553,47.442044],[27.309013,47.44183],[27.308499,47.441597],[27.308141,47.441298],[27.308563,47.44093],[27.308264,47.440765],[27.308654,47.44043],[27.308724,47.440369],[27.308684,47.440352],[27.308357,47.440151],[27.308275,47.440099],[27.308225,47.440177],[27.307326,47.43951],[27.306994,47.439358],[27.306891,47.439582],[27.306681,47.440138],[27.306537,47.440663],[27.306461,47.441046],[27.306434,47.441215]]]}},{"type":"Feature","properties":{"fid":131,"Cod_ZF":"ZF11","Tip_ZF":"Zonă locuințe și funcțiuni complementare","Cod_SZF":"L","Tip_SZF":"Zona de locuinte si functiuni complementare","utr":"Li1","cod":"Li1","ZONA":"Li1","denumire":"Zona de locuinte si functiuni complementare","functiune":"Zonă locuințe și funcțiuni complementare"},"geometry":{"type":"Polygon","coordinates":[[[27.308367,47.439492],[27.308199,47.439579],[27.308203,47.439675],[27.308204,47.4397],[27.308225,47.440177],[27.308275,47.440099],[27.308353,47.44007],[27.308334,47.439936],[27.308314,47.439783],[27.308318,47.43971],[27.308321,47.43963],[27.30833,47.439531],[27.308367,47.439492]]]}},{"type":"Feature","properties":{"fid":132,"Cod_ZF":"ZF11","Tip_ZF":"Zonă locuințe și funcțiuni complementare","Cod_SZF":"L","Tip_SZF":"Zona de locuinte si functiuni complementare","utr":"Li1","cod":"Li1","ZONA":"Li1","denumire":"Zona de locuinte si functiuni complementare","functiune":"Zonă locuințe și funcțiuni complementare"},"geometry":{"type":"Polygon","coordinates":[[[27.313685,47.442289],[27.314267,47.441657],[27.314044,47.441316],[27.313555,47.441278],[27.312922,47.441409],[27.311739,47.441432],[27.310201,47.440747],[27.309522,47.439808],[27.3095,47.439845],[27.309448,47.439932],[27.309466,47.440039],[27.309952,47.440551],[27.310163,47.440835],[27.310451,47.441054],[27.311488,47.441411],[27.31213,47.441525],[27.312153,47.441461],[27.312763,47.44144],[27.31287,47.441465],[27.31286,47.441546],[27.3132,47.441552],[27.313577,47.441559],[27.313894,47.441545],[27.313961,47.441542],[27.314017,47.441737],[27.314023,47.441757],[27.313685,47.442289]]]}},{"type":"Feature","properties":{"fid":133,"Cod_ZF":"ZF06","Tip_ZF":"Căi de comunicație și transporturi","Cod_SZF":"CR","Tip_SZF":"Cai de comunicatie rutiera","utr":"CR","cod":"CR","ZONA":"CR","denumire":"Cai de comunicatie rutiera","functiune":"Căi de comunicație și transporturi"},"geometry":{"type":"Polygon","coordinates":[[[27.362729,47.429426],[27.362781,47.429438],[27.362832,47.429358],[27.363251,47.429413],[27.363371,47.429442],[27.363803,47.429475],[27.363876,47.429503],[27.363956,47.429559],[27.363973,47.429562],[27.364046,47.429571],[27.364101,47.429519],[27.364235,47.429515],[27.364592,47.429551],[27.364693,47.429516],[27.36475,47.429468],[27.364814,47.429351],[27.364806,47.429201],[27.364764,47.428957],[27.364678,47.428821],[27.364657,47.428721],[27.364621,47.428176],[27.364603,47.427672],[27.36456,47.427409],[27.36454,47.427324],[27.364558,47.427181],[27.364677,47.42696],[27.364989,47.426495],[27.365174,47.426256],[27.365335,47.426158],[27.365384,47.426161],[27.365485,47.426166],[27.365993,47.426192],[27.365981,47.426153],[27.365479,47.426131],[27.365382,47.426127],[27.365372,47.426127],[27.365222,47.426122],[27.365016,47.426085],[27.364846,47.426027],[27.364733,47.425971],[27.36466,47.425864],[27.364603,47.425703],[27.364603,47.425676],[27.364603,47.425676],[27.364583,47.425023],[27.36457,47.424587],[27.364562,47.424449],[27.364578,47.424449],[27.364553,47.423867],[27.364496,47.42352],[27.364442,47.423198],[27.36445,47.422904],[27.3645,47.4225],[27.364491,47.422076],[27.364475,47.421156],[27.364449,47.420938],[27.364355,47.420937],[27.364382,47.421789],[27.364415,47.422427],[27.364326,47.423062],[27.364461,47.423745],[27.364473,47.423843],[27.364454,47.42431],[27.364514,47.425486],[27.36449,47.425677],[27.364594,47.425938],[27.364654,47.42601],[27.364705,47.42626],[27.364574,47.426926],[27.364574,47.426928],[27.364565,47.42709],[27.36449,47.427223],[27.36452,47.427427],[27.364554,47.428019],[27.364604,47.428429],[27.364615,47.428747],[27.364689,47.428964],[27.364765,47.429176],[27.364735,47.42941],[27.36468,47.429462],[27.364561,47.429501],[27.363907,47.429454],[27.36329,47.429356],[27.362949,47.4293],[27.362584,47.429239],[27.362422,47.429216],[27.36224,47.42919],[27.362143,47.429188],[27.362124,47.429229],[27.362772,47.429347],[27.362729,47.429426]],[[27.364765,47.426255],[27.364731,47.426022],[27.364951,47.426105],[27.365229,47.426146],[27.365104,47.426229],[27.364791,47.42673],[27.364731,47.426824],[27.364687,47.426889],[27.364638,47.426931],[27.364765,47.426255]]]}},{"type":"Feature","properties":{"fid":134,"Cod_ZF":"ZF11","Tip_ZF":"Zonă locuințe și funcțiuni complementare","Cod_SZF":"L","Tip_SZF":"Zona de locuinte si functiuni complementare","utr":"Li1","cod":"Li1","ZONA":"Li1","denumire":"Zona de locuinte si functiuni complementare","functiune":"Zonă locuințe și funcțiuni complementare"},"geometry":{"type":"Polygon","coordinates":[[[27.364765,47.426255],[27.364638,47.426931],[27.364687,47.426889],[27.364731,47.426824],[27.364791,47.42673],[27.365104,47.426229],[27.365229,47.426146],[27.364951,47.426105],[27.364731,47.426022],[27.364765,47.426255]]]}},{"type":"Feature","properties":{"fid":135,"Cod_ZF":"ZF06","Tip_ZF":"Căi de comunicație și transporturi","Cod_SZF":"CR","Tip_SZF":"Cai de comunicatie rutiera","utr":"CR","cod":"CR","ZONA":"CR","denumire":"Cai de comunicatie rutiera","functiune":"Căi de comunicație și transporturi"},"geometry":{"type":"Polygon","coordinates":[[[27.362737,47.435511],[27.362798,47.435501],[27.362899,47.435432],[27.36291,47.435424],[27.362985,47.435374],[27.36324,47.43537],[27.363471,47.435396],[27.363709,47.435422],[27.363709,47.435377],[27.36319,47.435333],[27.363112,47.435326],[27.362935,47.435312],[27.362892,47.435308],[27.362906,47.435029],[27.362833,47.434901],[27.36281,47.434859],[27.362886,47.43416],[27.363032,47.433694],[27.363161,47.43342],[27.363504,47.433026],[27.363628,47.432896],[27.363665,47.432959],[27.363846,47.43309],[27.363944,47.433207],[27.363971,47.433219],[27.363982,47.433223],[27.364024,47.43324],[27.364346,47.433373],[27.364375,47.43334],[27.364174,47.433262],[27.364054,47.433216],[27.363977,47.433186],[27.363896,47.433078],[27.363822,47.433028],[27.363779,47.432999],[27.363709,47.432952],[27.363671,47.432891],[27.363673,47.432833],[27.363834,47.432571],[27.363964,47.432322],[27.36414,47.431947],[27.364289,47.43159],[27.364332,47.431828],[27.364378,47.431895],[27.364413,47.431943],[27.364444,47.431986],[27.364478,47.432032],[27.364637,47.432079],[27.364979,47.432193],[27.365011,47.432225],[27.365074,47.432135],[27.364961,47.432108],[27.364723,47.432077],[27.364503,47.432015],[27.364479,47.431971],[27.36446,47.431938],[27.364389,47.431809],[27.364358,47.431694],[27.364467,47.431546],[27.364591,47.431437],[27.364754,47.431299],[27.364835,47.431194],[27.364959,47.430952],[27.365027,47.430704],[27.365,47.430696],[27.36493,47.430941],[27.364806,47.431193],[27.364737,47.431286],[27.364435,47.431539],[27.364347,47.431663],[27.364334,47.431615],[27.3643,47.431316],[27.364264,47.430964],[27.36424,47.430727],[27.364239,47.430723],[27.364203,47.430518],[27.36404,47.429603],[27.364046,47.429571],[27.363973,47.429562],[27.363983,47.429581],[27.363994,47.42963],[27.364072,47.430019],[27.364143,47.430415],[27.364199,47.430727],[27.364272,47.431497],[27.364145,47.431809],[27.363963,47.432196],[27.363778,47.432591],[27.363597,47.432871],[27.363475,47.432995],[27.363122,47.433411],[27.362976,47.433735],[27.362836,47.434132],[27.362825,47.434259],[27.362767,47.434688],[27.36274,47.434877],[27.362705,47.434874],[27.362701,47.434891],[27.362554,47.43488],[27.362358,47.434849],[27.362075,47.434821],[27.361739,47.434809],[27.361753,47.434846],[27.362152,47.434897],[27.362218,47.434883],[27.362594,47.434934],[27.362768,47.434974],[27.362791,47.43501],[27.362854,47.435013],[27.362847,47.43534],[27.362815,47.435385],[27.362737,47.435511]]]}},{"type":"Feature","properties":{"fid":136,"Cod_ZF":"ZF06","Tip_ZF":"Căi de comunicație și transporturi","Cod_SZF":"CR","Tip_SZF":"Cai de comunicatie rutiera","utr":"CR","cod":"CR","ZONA":"CR","denumire":"Cai de comunicatie rutiera","functiune":"Căi de comunicație și transporturi"},"geometry":{"type":"Polygon","coordinates":[[[27.361129,47.436651],[27.361115,47.436691],[27.36136,47.436754],[27.361505,47.435724],[27.361463,47.435684],[27.361435,47.435765],[27.361443,47.435795],[27.361393,47.436072],[27.361312,47.436697],[27.361129,47.436651]]]}},{"type":"Feature","properties":{"fid":137,"Cod_ZF":"ZF06","Tip_ZF":"Căi de comunicație și transporturi","Cod_SZF":"CR","Tip_SZF":"Cai de comunicatie rutiera","utr":"CR","cod":"CR","ZONA":"CR","denumire":"Cai de comunicatie rutiera","functiune":"Căi de comunicație și transporturi"},"geometry":{"type":"Polygon","coordinates":[[[27.366791,47.427697],[27.366883,47.427713],[27.366904,47.427572],[27.366919,47.427271],[27.366899,47.427078],[27.366982,47.426834],[27.366873,47.426831],[27.366834,47.427064],[27.366831,47.427589],[27.366791,47.427697]]]}},{"type":"Feature","properties":{"fid":138,"Cod_ZF":"ZF06","Tip_ZF":"Căi de comunicație și transporturi","Cod_SZF":"CR","Tip_SZF":"Cai de comunicatie rutiera","utr":"CR","cod":"CR","ZONA":"CR","denumire":"Cai de comunicatie rutiera","functiune":"Căi de comunicație și transporturi"},"geometry":{"type":"Polygon","coordinates":[[[27.371869,47.429291],[27.371875,47.429259],[27.371726,47.429243],[27.371071,47.429092],[27.370658,47.429046],[27.369427,47.428816],[27.369032,47.42874],[27.368328,47.428606],[27.367135,47.428384],[27.367151,47.428447],[27.36733,47.428482],[27.367711,47.428555],[27.368035,47.428629],[27.368303,47.428683],[27.368768,47.428756],[27.369188,47.428807],[27.370046,47.428984],[27.370624,47.429075],[27.371053,47.429121],[27.371564,47.429233],[27.371869,47.429291]]]}},{"type":"Feature","properties":{"fid":139,"Cod_ZF":"ZF06","Tip_ZF":"Căi de comunicație și transporturi","Cod_SZF":"CR","Tip_SZF":"Cai de comunicatie rutiera","utr":"CR","cod":"CR","ZONA":"CR","denumire":"Cai de comunicatie rutiera","functiune":"Căi de comunicație și transporturi"},"geometry":{"type":"Polygon","coordinates":[[[27.371771,47.429758],[27.371778,47.429725],[27.371687,47.429711],[27.370664,47.429517],[27.369598,47.429343],[27.369332,47.4293],[27.36892,47.429231],[27.367819,47.429044],[27.367503,47.428981],[27.367204,47.428932],[27.36723,47.429016],[27.367551,47.429063],[27.3681,47.429166],[27.368993,47.429317],[27.369522,47.429405],[27.369754,47.429432],[27.37054,47.429559],[27.371595,47.429726],[27.371771,47.429758]]]}},{"type":"Feature","properties":{"fid":140,"Cod_ZF":"ZF06","Tip_ZF":"Căi de comunicație și transporturi","Cod_SZF":"CR","Tip_SZF":"Cai de comunicatie rutiera","utr":"CR","cod":"CR","ZONA":"CR","denumire":"Cai de comunicatie rutiera","functiune":"Căi de comunicație și transporturi"},"geometry":{"type":"Polygon","coordinates":[[[27.367007,47.421271],[27.367013,47.421183],[27.3669,47.42118],[27.366795,47.421178],[27.366775,47.421809],[27.366749,47.422166],[27.366848,47.422521],[27.366975,47.422801],[27.366957,47.423106],[27.366882,47.423415],[27.366351,47.424345],[27.366148,47.424713],[27.366078,47.425018],[27.366121,47.425042],[27.365998,47.425859],[27.365981,47.426153],[27.365993,47.426192],[27.36604,47.426665],[27.366065,47.427009],[27.366159,47.427244],[27.366565,47.42767],[27.366688,47.427829],[27.36685,47.428156],[27.366889,47.428146],[27.367023,47.428763],[27.367014,47.428865],[27.367048,47.429314],[27.367023,47.429591],[27.366998,47.430141],[27.366767,47.430659],[27.366576,47.430923],[27.365718,47.431665],[27.365226,47.432057],[27.365124,47.432093],[27.365074,47.432135],[27.365011,47.432225],[27.364783,47.432526],[27.364627,47.432836],[27.36455,47.432981],[27.364451,47.433247],[27.364375,47.43334],[27.364346,47.433373],[27.364279,47.433486],[27.364105,47.433849],[27.363958,47.434386],[27.363719,47.435083],[27.363709,47.435377],[27.363709,47.435422],[27.363761,47.436929],[27.363839,47.43802],[27.363904,47.43874],[27.363851,47.438746],[27.363914,47.439102],[27.363954,47.43911],[27.364045,47.439502],[27.364316,47.439983],[27.36438,47.44005],[27.364555,47.440047],[27.364341,47.439632],[27.364167,47.439178],[27.364107,47.438797],[27.364063,47.438108],[27.363991,47.437232],[27.36396,47.436988],[27.363923,47.436676],[27.363925,47.436664],[27.363949,47.436116],[27.363944,47.436087],[27.363916,47.435634],[27.363894,47.435422],[27.363893,47.43542],[27.363913,47.435152],[27.364004,47.434827],[27.364011,47.434802],[27.364032,47.434743],[27.364059,47.434615],[27.364127,47.434582],[27.364292,47.434015],[27.364303,47.433976],[27.364314,47.433939],[27.364478,47.433597],[27.364511,47.433424],[27.364553,47.433351],[27.364569,47.433323],[27.364706,47.433048],[27.364915,47.432716],[27.365308,47.432183],[27.365604,47.431929],[27.365606,47.431909],[27.366007,47.431597],[27.366031,47.431608],[27.3665,47.431207],[27.366775,47.430954],[27.366883,47.430791],[27.36713,47.430411],[27.367278,47.430132],[27.367252,47.429978],[27.367247,47.429935],[27.367209,47.429625],[27.367219,47.429093],[27.36723,47.429016],[27.367204,47.428932],[27.367152,47.428501],[27.367151,47.428447],[27.367135,47.428384],[27.366955,47.427859],[27.366883,47.427713],[27.366791,47.427697],[27.366728,47.427584],[27.366469,47.427293],[27.366391,47.427158],[27.366337,47.427061],[27.366263,47.426829],[27.366197,47.426305],[27.366249,47.425557],[27.366391,47.424735],[27.366666,47.424083],[27.366726,47.424016],[27.367067,47.423427],[27.367179,47.423174],[27.367235,47.423093],[27.367182,47.423005],[27.366946,47.422061],[27.366993,47.421457],[27.367007,47.421271]]]}},{"type":"Feature","properties":{"fid":141,"Cod_ZF":"ZF01","Tip_ZF":"Zonă aflată permanent sub ape","Cod_SZF":"TA","Tip_SZF":"Ape","utr":"TA","cod":"TA","ZONA":"TA","denumire":"Ape","functiune":"Zonă aflată permanent sub ape"},"geometry":{"type":"Polygon","coordinates":[[[27.365382,47.426127],[27.365479,47.426131],[27.365476,47.426109],[27.365468,47.425981],[27.365439,47.425505],[27.365392,47.424658],[27.365368,47.424171],[27.36534,47.423663],[27.365267,47.422405],[27.365238,47.421846],[27.365265,47.42166],[27.365312,47.42109],[27.365227,47.421067],[27.365232,47.42108],[27.365204,47.421405],[27.365137,47.421883],[27.365166,47.422349],[27.365189,47.422759],[27.365211,47.423117],[27.365247,47.423786],[27.365316,47.424943],[27.365348,47.425598],[27.365367,47.425984],[27.365382,47.426127]]]}},{"type":"Feature","properties":{"fid":142,"Cod_ZF":"ZF01","Tip_ZF":"Zonă aflată permanent sub ape","Cod_SZF":"TA","Tip_SZF":"Ape","utr":"TA","cod":"TA","ZONA":"TA","denumire":"Ape","functiune":"Zonă aflată permanent sub ape"},"geometry":{"type":"Polygon","coordinates":[[[27.365485,47.426166],[27.365384,47.426161],[27.365385,47.426242],[27.365372,47.42647],[27.365315,47.427566],[27.365286,47.428269],[27.365233,47.429211],[27.365203,47.429738],[27.365183,47.429996],[27.365082,47.430536],[27.365014,47.431273],[27.364795,47.431711],[27.36468,47.431853],[27.364547,47.431935],[27.36446,47.431938],[27.364479,47.431971],[27.364555,47.431957],[27.364637,47.431953],[27.364781,47.431859],[27.364901,47.431687],[27.365105,47.431295],[27.365125,47.431042],[27.365159,47.430856],[27.36516,47.430772],[27.365169,47.430559],[27.365265,47.43009],[27.365274,47.430027],[27.365284,47.429961],[27.365292,47.429821],[27.36533,47.429141],[27.365372,47.428349],[27.365415,47.4275],[27.36545,47.426769],[27.365485,47.426166]]]}},{"type":"Feature","properties":{"fid":143,"Cod_ZF":"ZF01","Tip_ZF":"Zonă aflată permanent sub ape","Cod_SZF":"TA","Tip_SZF":"Ape","utr":"TA","cod":"TA","ZONA":"TA","denumire":"Ape","functiune":"Zonă aflată permanent sub ape"},"geometry":{"type":"Polygon","coordinates":[[[27.363977,47.433186],[27.364054,47.433216],[27.36408,47.433196],[27.364088,47.433161],[27.364033,47.43314],[27.364107,47.43271],[27.36409,47.432608],[27.364097,47.432484],[27.364112,47.432478],[27.364214,47.432143],[27.36426,47.432061],[27.364444,47.431986],[27.364413,47.431943],[27.364335,47.431976],[27.364157,47.432051],[27.364108,47.432139],[27.363995,47.432492],[27.363991,47.432614],[27.364023,47.432745],[27.363996,47.433039],[27.363977,47.433186]]]}},{"type":"Feature","properties":{"fid":144,"Cod_ZF":"ZF01","Tip_ZF":"Zonă aflată permanent sub ape","Cod_SZF":"TA","Tip_SZF":"Ape","utr":"TA","cod":"TA","ZONA":"TA","denumire":"Ape","functiune":"Zonă aflată permanent sub ape"},"geometry":{"type":"Polygon","coordinates":[[[27.362833,47.434901],[27.362906,47.435029],[27.362892,47.435308],[27.362935,47.435312],[27.362977,47.43502],[27.362923,47.434954],[27.362939,47.434751],[27.36296,47.434356],[27.362933,47.434305],[27.362969,47.434148],[27.363066,47.433939],[27.363186,47.433696],[27.363312,47.433491],[27.363353,47.433471],[27.363496,47.433468],[27.36382,47.433414],[27.364024,47.43324],[27.363982,47.433223],[27.363971,47.433219],[27.363753,47.433378],[27.363557,47.433414],[27.363303,47.43343],[27.363247,47.433474],[27.363157,47.43361],[27.363023,47.433844],[27.362912,47.434141],[27.362908,47.434237],[27.362898,47.434422],[27.362897,47.434663],[27.362883,47.434722],[27.362833,47.434901]]]}},{"type":"Feature","properties":{"fid":145,"Cod_ZF":"ZF11","Tip_ZF":"Zonă locuințe și funcțiuni complementare","Cod_SZF":"L","Tip_SZF":"Zona de locuinte si functiuni complementare","utr":"Li1","cod":"Li1","ZONA":"Li1","denumire":"Zona de locuinte si functiuni complementare","functiune":"Zonă locuințe și funcțiuni complementare"},"geometry":{"type":"Polygon","coordinates":[[[27.364449,47.420938],[27.364475,47.421156],[27.364491,47.422076],[27.3645,47.4225],[27.36445,47.422904],[27.364442,47.423198],[27.364496,47.42352],[27.364553,47.423867],[27.364578,47.424449],[27.364562,47.424449],[27.36457,47.424587],[27.364583,47.425023],[27.364603,47.425676],[27.364603,47.425676],[27.364603,47.425703],[27.36466,47.425864],[27.364733,47.425971],[27.364846,47.426027],[27.365016,47.426085],[27.365222,47.426122],[27.365372,47.426127],[27.365382,47.426127],[27.365367,47.425984],[27.365348,47.425598],[27.365316,47.424943],[27.365247,47.423786],[27.365211,47.423117],[27.365189,47.422759],[27.365166,47.422349],[27.365137,47.421883],[27.365204,47.421405],[27.365232,47.42108],[27.365227,47.421067],[27.365245,47.421004],[27.364449,47.420938]]]}},{"type":"Feature","properties":{"fid":146,"Cod_ZF":"ZF11","Tip_ZF":"Zonă locuințe și funcțiuni complementare","Cod_SZF":"L","Tip_SZF":"Zona de locuinte si functiuni complementare","utr":"Li1","cod":"Li1","ZONA":"Li1","denumire":"Zona de locuinte si functiuni complementare","functiune":"Zonă locuințe și funcțiuni complementare"},"geometry":{"type":"Polygon","coordinates":[[[27.365479,47.426131],[27.365981,47.426153],[27.365998,47.425859],[27.366121,47.425042],[27.366078,47.425018],[27.366148,47.424713],[27.366351,47.424345],[27.366882,47.423415],[27.366957,47.423106],[27.366975,47.422801],[27.366848,47.422521],[27.366749,47.422166],[27.366775,47.421809],[27.366795,47.421178],[27.366812,47.421064],[27.365602,47.420827],[27.365528,47.420886],[27.365343,47.42103],[27.365312,47.42109],[27.365265,47.42166],[27.365238,47.421846],[27.365267,47.422405],[27.36534,47.423663],[27.365368,47.424171],[27.365392,47.424658],[27.365439,47.425505],[27.365468,47.425981],[27.365476,47.426109],[27.365479,47.426131]]]}},{"type":"Feature","properties":{"fid":147,"Cod_ZF":"ZF11","Tip_ZF":"Zonă locuințe și funcțiuni complementare","Cod_SZF":"L","Tip_SZF":"Zona de locuinte si functiuni complementare","utr":"Li1","cod":"Li1","ZONA":"Li1","denumire":"Zona de locuinte si functiuni complementare","functiune":"Zonă locuințe și funcțiuni complementare"},"geometry":{"type":"Polygon","coordinates":[[[27.362964,47.420763],[27.362979,47.420907],[27.363023,47.421324],[27.363331,47.426737],[27.362143,47.429188],[27.36224,47.42919],[27.362422,47.429216],[27.362584,47.429239],[27.362949,47.4293],[27.36329,47.429356],[27.363907,47.429454],[27.364561,47.429501],[27.36468,47.429462],[27.364735,47.42941],[27.364765,47.429176],[27.364689,47.428964],[27.364615,47.428747],[27.364604,47.428429],[27.364554,47.428019],[27.36452,47.427427],[27.36449,47.427223],[27.364565,47.42709],[27.364574,47.426928],[27.364574,47.426926],[27.364705,47.42626],[27.364654,47.42601],[27.364594,47.425938],[27.36449,47.425677],[27.364514,47.425486],[27.364454,47.42431],[27.364473,47.423843],[27.364461,47.423745],[27.364326,47.423062],[27.364415,47.422427],[27.364382,47.421789],[27.364355,47.420937],[27.362964,47.420763]]]}},{"type":"Feature","properties":{"fid":148,"Cod_ZF":"ZF11","Tip_ZF":"Zonă locuințe și funcțiuni complementare","Cod_SZF":"L","Tip_SZF":"Zona de locuinte si functiuni complementare","utr":"Li1","cod":"Li1","ZONA":"Li1","denumire":"Zona de locuinte si functiuni complementare","functiune":"Zonă locuințe și funcțiuni complementare"},"geometry":{"type":"Polygon","coordinates":[[[27.371875,47.429259],[27.371935,47.428975],[27.371449,47.428865],[27.367461,47.427965],[27.367269,47.425315],[27.367231,47.4248],[27.367582,47.423663],[27.367514,47.42355],[27.367235,47.423093],[27.367179,47.423174],[27.367067,47.423427],[27.366726,47.424016],[27.366666,47.424083],[27.366391,47.424735],[27.366249,47.425557],[27.366197,47.426305],[27.366263,47.426829],[27.366337,47.427061],[27.366391,47.427158],[27.366469,47.427293],[27.366728,47.427584],[27.366791,47.427697],[27.366831,47.427589],[27.366834,47.427064],[27.366873,47.426831],[27.366982,47.426834],[27.366899,47.427078],[27.366919,47.427271],[27.366904,47.427572],[27.366883,47.427713],[27.366955,47.427859],[27.367135,47.428384],[27.368328,47.428606],[27.369032,47.42874],[27.369427,47.428816],[27.370658,47.429046],[27.371071,47.429092],[27.371726,47.429243],[27.371875,47.429259]]]}},{"type":"Feature","properties":{"fid":149,"Cod_ZF":"ZF11","Tip_ZF":"Zonă locuințe și funcțiuni complementare","Cod_SZF":"L","Tip_SZF":"Zona de locuinte si functiuni complementare","utr":"Li1","cod":"Li1","ZONA":"Li1","denumire":"Zona de locuinte si functiuni complementare","functiune":"Zonă locuințe și funcțiuni complementare"},"geometry":{"type":"Polygon","coordinates":[[[27.371778,47.429725],[27.371869,47.429291],[27.371564,47.429233],[27.371053,47.429121],[27.370624,47.429075],[27.370046,47.428984],[27.369188,47.428807],[27.368768,47.428756],[27.368303,47.428683],[27.368035,47.428629],[27.367711,47.428555],[27.36733,47.428482],[27.367151,47.428447],[27.367152,47.428501],[27.367204,47.428932],[27.367503,47.428981],[27.367819,47.429044],[27.36892,47.429231],[27.369332,47.4293],[27.369598,47.429343],[27.370664,47.429517],[27.371687,47.429711],[27.371778,47.429725]]]}},{"type":"Feature","properties":{"fid":150,"Cod_ZF":"ZF11","Tip_ZF":"Zonă locuințe și funcțiuni complementare","Cod_SZF":"L","Tip_SZF":"Zona de locuinte si functiuni complementare","utr":"Li1","cod":"Li1","ZONA":"Li1","denumire":"Zona de locuinte si functiuni complementare","functiune":"Zonă locuințe și funcțiuni complementare"},"geometry":{"type":"Polygon","coordinates":[[[27.372113,47.431958],[27.372162,47.431725],[27.372421,47.430482],[27.371636,47.430407],[27.371771,47.429758],[27.371595,47.429726],[27.37054,47.429559],[27.369754,47.429432],[27.369522,47.429405],[27.368993,47.429317],[27.3681,47.429166],[27.367551,47.429063],[27.36723,47.429016],[27.367219,47.429093],[27.367209,47.429625],[27.367247,47.429935],[27.367294,47.429933],[27.367698,47.430039],[27.368093,47.430235],[27.36836,47.430336],[27.368721,47.430439],[27.369195,47.430601],[27.369397,47.430679],[27.369497,47.430734],[27.369885,47.430944],[27.370352,47.431198],[27.371098,47.431567],[27.37155,47.431745],[27.371975,47.431921],[27.372113,47.431958]]]}},{"type":"Feature","properties":{"fid":151,"Cod_ZF":"ZF11","Tip_ZF":"Zonă locuințe și funcțiuni complementare","Cod_SZF":"L","Tip_SZF":"Zona de locuinte si functiuni complementare","utr":"Li1","cod":"Li1","ZONA":"Li1","denumire":"Zona de locuinte si functiuni complementare","functiune":"Zonă locuințe și funcțiuni complementare"},"geometry":{"type":"Polygon","coordinates":[[[27.365993,47.426192],[27.365485,47.426166],[27.36545,47.426769],[27.365415,47.4275],[27.365372,47.428349],[27.36533,47.429141],[27.365292,47.429821],[27.365284,47.429961],[27.365274,47.430027],[27.365265,47.43009],[27.365169,47.430559],[27.36516,47.430772],[27.365159,47.430856],[27.365125,47.431042],[27.365105,47.431295],[27.364901,47.431687],[27.364781,47.431859],[27.364637,47.431953],[27.364555,47.431957],[27.364479,47.431971],[27.364503,47.432015],[27.364723,47.432077],[27.364961,47.432108],[27.365074,47.432135],[27.365124,47.432093],[27.365226,47.432057],[27.365718,47.431665],[27.366576,47.430923],[27.366767,47.430659],[27.366998,47.430141],[27.367023,47.429591],[27.367048,47.429314],[27.367014,47.428865],[27.367023,47.428763],[27.366889,47.428146],[27.36685,47.428156],[27.366688,47.427829],[27.366565,47.42767],[27.366159,47.427244],[27.366065,47.427009],[27.36604,47.426665],[27.365993,47.426192]]]}},{"type":"Feature","properties":{"fid":152,"Cod_ZF":"ZF11","Tip_ZF":"Zonă locuințe și funcțiuni complementare","Cod_SZF":"L","Tip_SZF":"Zona de locuinte si functiuni complementare","utr":"Li1","cod":"Li1","ZONA":"Li1","denumire":"Zona de locuinte si functiuni complementare","functiune":"Zonă locuințe și funcțiuni complementare"},"geometry":{"type":"Polygon","coordinates":[[[27.365384,47.426161],[27.365335,47.426158],[27.365174,47.426256],[27.364989,47.426495],[27.364677,47.42696],[27.364558,47.427181],[27.36454,47.427324],[27.36456,47.427409],[27.364603,47.427672],[27.364621,47.428176],[27.364657,47.428721],[27.364678,47.428821],[27.364764,47.428957],[27.364806,47.429201],[27.364814,47.429351],[27.36475,47.429468],[27.364693,47.429516],[27.364592,47.429551],[27.364235,47.429515],[27.364101,47.429519],[27.364046,47.429571],[27.36404,47.429603],[27.364203,47.430518],[27.364239,47.430723],[27.36424,47.430727],[27.364264,47.430964],[27.3643,47.431316],[27.364334,47.431615],[27.364347,47.431663],[27.364435,47.431539],[27.364737,47.431286],[27.364806,47.431193],[27.36493,47.430941],[27.365,47.430696],[27.365027,47.430704],[27.364959,47.430952],[27.364835,47.431194],[27.364754,47.431299],[27.364591,47.431437],[27.364467,47.431546],[27.364358,47.431694],[27.364389,47.431809],[27.36446,47.431938],[27.364547,47.431935],[27.36468,47.431853],[27.364795,47.431711],[27.365014,47.431273],[27.365082,47.430536],[27.365183,47.429996],[27.365203,47.429738],[27.365233,47.429211],[27.365286,47.428269],[27.365315,47.427566],[27.365372,47.42647],[27.365385,47.426242],[27.365384,47.426161]]]}},{"type":"Feature","properties":{"fid":153,"Cod_ZF":"ZF11","Tip_ZF":"Zonă locuințe și funcțiuni complementare","Cod_SZF":"L","Tip_SZF":"Zona de locuinte si functiuni complementare","utr":"Li1","cod":"Li1","ZONA":"Li1","denumire":"Zona de locuinte si functiuni complementare","functiune":"Zonă locuințe și funcțiuni complementare"},"geometry":{"type":"Polygon","coordinates":[[[27.362781,47.429438],[27.362843,47.429452],[27.36287,47.429727],[27.362952,47.430573],[27.362625,47.431921],[27.361941,47.432935],[27.361523,47.434245],[27.361667,47.43462],[27.361739,47.434809],[27.362075,47.434821],[27.362358,47.434849],[27.362554,47.43488],[27.362701,47.434891],[27.362705,47.434874],[27.36274,47.434877],[27.362767,47.434688],[27.362825,47.434259],[27.362836,47.434132],[27.362976,47.433735],[27.363122,47.433411],[27.363475,47.432995],[27.363597,47.432871],[27.363778,47.432591],[27.363963,47.432196],[27.364145,47.431809],[27.364272,47.431497],[27.364199,47.430727],[27.364143,47.430415],[27.364072,47.430019],[27.363994,47.42963],[27.363983,47.429581],[27.363973,47.429562],[27.363956,47.429559],[27.363876,47.429503],[27.363803,47.429475],[27.363371,47.429442],[27.363251,47.429413],[27.362832,47.429358],[27.362781,47.429438]]]}},{"type":"Feature","properties":{"fid":154,"Cod_ZF":"ZF11","Tip_ZF":"Zonă locuințe și funcțiuni complementare","Cod_SZF":"L","Tip_SZF":"Zona de locuinte si functiuni complementare","utr":"Li1","cod":"Li1","ZONA":"Li1","denumire":"Zona de locuinte si functiuni complementare","functiune":"Zonă locuințe și funcțiuni complementare"},"geometry":{"type":"Polygon","coordinates":[[[27.36199,47.438403],[27.362275,47.43559],[27.362737,47.435511],[27.362815,47.435385],[27.362847,47.43534],[27.362854,47.435013],[27.362791,47.43501],[27.362768,47.434974],[27.362594,47.434934],[27.362218,47.434883],[27.362152,47.434897],[27.361753,47.434846],[27.361463,47.435684],[27.361505,47.435724],[27.36136,47.436754],[27.361115,47.436691],[27.361036,47.43692],[27.360769,47.437692],[27.36107,47.438038],[27.361326,47.438333],[27.361361,47.438374],[27.36199,47.438403]]]}},{"type":"Feature","properties":{"fid":155,"Cod_ZF":"ZF11","Tip_ZF":"Zonă locuințe și funcțiuni complementare","Cod_SZF":"L","Tip_SZF":"Zona de locuinte si functiuni complementare","utr":"Li1","cod":"Li1","ZONA":"Li1","denumire":"Zona de locuinte si functiuni complementare","functiune":"Zonă locuințe și funcțiuni complementare"},"geometry":{"type":"Polygon","coordinates":[[[27.361435,47.435765],[27.361416,47.435819],[27.361233,47.43635],[27.361129,47.436651],[27.361312,47.436697],[27.361393,47.436072],[27.361443,47.435795],[27.361435,47.435765]]]}},{"type":"Feature","properties":{"fid":156,"Cod_ZF":"ZF11","Tip_ZF":"Zonă locuințe și funcțiuni complementare","Cod_SZF":"L","Tip_SZF":"Zona de locuinte si functiuni complementare","utr":"Li1","cod":"Li1","ZONA":"Li1","denumire":"Zona de locuinte si functiuni complementare","functiune":"Zonă locuințe și funcțiuni complementare"},"geometry":{"type":"Polygon","coordinates":[[[27.362935,47.435312],[27.363112,47.435326],[27.36319,47.435333],[27.363709,47.435377],[27.363719,47.435083],[27.363958,47.434386],[27.364105,47.433849],[27.364279,47.433486],[27.364346,47.433373],[27.364024,47.43324],[27.36382,47.433414],[27.363496,47.433468],[27.363353,47.433471],[27.363312,47.433491],[27.363186,47.433696],[27.363066,47.433939],[27.362969,47.434148],[27.362933,47.434305],[27.36296,47.434356],[27.362939,47.434751],[27.362923,47.434954],[27.362977,47.43502],[27.362935,47.435312]]]}},{"type":"Feature","properties":{"fid":157,"Cod_ZF":"ZF11","Tip_ZF":"Zonă locuințe și funcțiuni complementare","Cod_SZF":"L","Tip_SZF":"Zona de locuinte si functiuni complementare","utr":"Li1","cod":"Li1","ZONA":"Li1","denumire":"Zona de locuinte si functiuni complementare","functiune":"Zonă locuințe și funcțiuni complementare"},"geometry":{"type":"Polygon","coordinates":[[[27.364054,47.433216],[27.364174,47.433262],[27.364375,47.43334],[27.364451,47.433247],[27.36455,47.432981],[27.364627,47.432836],[27.364783,47.432526],[27.365011,47.432225],[27.364979,47.432193],[27.364637,47.432079],[27.364478,47.432032],[27.364444,47.431986],[27.36426,47.432061],[27.364214,47.432143],[27.364112,47.432478],[27.364097,47.432484],[27.36409,47.432608],[27.364107,47.43271],[27.364033,47.43314],[27.364088,47.433161],[27.36408,47.433196],[27.364054,47.433216]]]}},{"type":"Feature","properties":{"fid":158,"Cod_ZF":"ZF11","Tip_ZF":"Zonă locuințe și funcțiuni complementare","Cod_SZF":"L","Tip_SZF":"Zona de locuinte si functiuni complementare","utr":"Li1","cod":"Li1","ZONA":"Li1","denumire":"Zona de locuinte si functiuni complementare","functiune":"Zonă locuințe și funcțiuni complementare"},"geometry":{"type":"Polygon","coordinates":[[[27.364413,47.431943],[27.364378,47.431895],[27.364332,47.431828],[27.364289,47.43159],[27.36414,47.431947],[27.363964,47.432322],[27.363834,47.432571],[27.363673,47.432833],[27.363671,47.432891],[27.363709,47.432952],[27.363779,47.432999],[27.363822,47.433028],[27.363896,47.433078],[27.363977,47.433186],[27.363996,47.433039],[27.364023,47.432745],[27.363991,47.432614],[27.363995,47.432492],[27.364108,47.432139],[27.364157,47.432051],[27.364335,47.431976],[27.364413,47.431943]]]}},{"type":"Feature","properties":{"fid":159,"Cod_ZF":"ZF11","Tip_ZF":"Zonă locuințe și funcțiuni complementare","Cod_SZF":"L","Tip_SZF":"Zona de locuinte si functiuni complementare","utr":"Li1","cod":"Li1","ZONA":"Li1","denumire":"Zona de locuinte si functiuni complementare","functiune":"Zonă locuințe și funcțiuni complementare"},"geometry":{"type":"Polygon","coordinates":[[[27.363971,47.433219],[27.363944,47.433207],[27.363846,47.43309],[27.363665,47.432959],[27.363628,47.432896],[27.363504,47.433026],[27.363161,47.43342],[27.363032,47.433694],[27.362886,47.43416],[27.36281,47.434859],[27.362833,47.434901],[27.362883,47.434722],[27.362897,47.434663],[27.362898,47.434422],[27.362908,47.434237],[27.362912,47.434141],[27.363023,47.433844],[27.363157,47.43361],[27.363247,47.433474],[27.363303,47.43343],[27.363557,47.433414],[27.363753,47.433378],[27.363971,47.433219]]]}},{"type":"Feature","properties":{"fid":160,"Cod_ZF":"ZF01","Tip_ZF":"Zonă aflată permanent sub ape","Cod_SZF":"TA","Tip_SZF":"Ape","utr":"TA","cod":"TA","ZONA":"TA","denumire":"Ape","functiune":"Zonă aflată permanent sub ape"},"geometry":{"type":"Polygon","coordinates":[[[27.363042,47.438161],[27.363143,47.438637],[27.363372,47.43972],[27.363439,47.439762],[27.363441,47.439763],[27.363491,47.439794],[27.363372,47.439174],[27.363269,47.438762],[27.363162,47.438481],[27.363092,47.438241],[27.363042,47.438161]]]}},{"type":"Feature","properties":{"fid":161,"Cod_ZF":"ZF11","Tip_ZF":"Zonă locuințe și funcțiuni complementare","Cod_SZF":"L","Tip_SZF":"Zona de locuinte si functiuni complementare","utr":"Li1","cod":"Li1","ZONA":"Li1","denumire":"Zona de locuinte si functiuni complementare","functiune":"Zonă locuințe și funcțiuni complementare"},"geometry":{"type":"Polygon","coordinates":[[[27.363491,47.439794],[27.363503,47.439801],[27.363922,47.440059],[27.36438,47.44005],[27.364316,47.439983],[27.364045,47.439502],[27.363954,47.43911],[27.363914,47.439102],[27.363851,47.438746],[27.363904,47.43874],[27.363839,47.43802],[27.363761,47.436929],[27.363709,47.435422],[27.363471,47.435396],[27.36324,47.43537],[27.362985,47.435374],[27.36291,47.435424],[27.362899,47.435432],[27.362798,47.435501],[27.362808,47.435506],[27.362948,47.435583],[27.362957,47.435588],[27.363218,47.43573],[27.363438,47.43685],[27.36336,47.437042],[27.362995,47.437939],[27.363042,47.438161],[27.363092,47.438241],[27.363162,47.438481],[27.363269,47.438762],[27.363372,47.439174],[27.363491,47.439794]]]}},{"type":"Feature","properties":{"fid":162,"Cod_ZF":"ZF11","Tip_ZF":"Zonă locuințe și funcțiuni complementare","Cod_SZF":"L","Tip_SZF":"Zona de locuinte si functiuni complementare","utr":"Li1","cod":"Li1","ZONA":"Li1","denumire":"Zona de locuinte si functiuni complementare","functiune":"Zonă locuințe și funcțiuni complementare"},"geometry":{"type":"Polygon","coordinates":[[[27.364555,47.440047],[27.364665,47.440044],[27.365262,47.439962],[27.365324,47.439215],[27.365397,47.438334],[27.36559,47.437739],[27.365829,47.437001],[27.36586,47.435121],[27.365729,47.435088],[27.365562,47.435097],[27.365415,47.435091],[27.364722,47.435108],[27.364703,47.435119],[27.364745,47.435308],[27.364885,47.435845],[27.364839,47.435933],[27.364773,47.435994],[27.364662,47.43622],[27.364638,47.436387],[27.364658,47.4365],[27.364634,47.436678],[27.364639,47.436789],[27.364589,47.436788],[27.364604,47.436567],[27.364621,47.436518],[27.364608,47.436382],[27.364621,47.43622],[27.364731,47.436005],[27.364566,47.436083],[27.364455,47.436122],[27.364241,47.436144],[27.363949,47.436116],[27.363925,47.436664],[27.363923,47.436676],[27.36396,47.436988],[27.363991,47.437232],[27.364063,47.438108],[27.364107,47.438797],[27.364167,47.439178],[27.364341,47.439632],[27.364555,47.440047]]]}},{"type":"Feature","properties":{"fid":163,"Cod_ZF":"ZF11","Tip_ZF":"Zonă locuințe și funcțiuni complementare","Cod_SZF":"L","Tip_SZF":"Zona de locuinte si functiuni complementare","utr":"Li1","cod":"Li1","ZONA":"Li1","denumire":"Zona de locuinte si functiuni complementare","functiune":"Zonă locuințe și funcțiuni complementare"},"geometry":{"type":"Polygon","coordinates":[[[27.366081,47.434643],[27.366163,47.433217],[27.366699,47.43267],[27.367345,47.432294],[27.368103,47.431188],[27.368679,47.431153],[27.369593,47.431642],[27.37058,47.432262],[27.370708,47.432299],[27.370712,47.432301],[27.371966,47.432666],[27.372102,47.432012],[27.371903,47.431948],[27.371057,47.431582],[27.370203,47.431164],[27.369638,47.430859],[27.369348,47.430697],[27.369008,47.430574],[27.3686,47.430443],[27.368342,47.43037],[27.3681,47.430274],[27.367723,47.430099],[27.36765,47.430074],[27.36733,47.429983],[27.367252,47.429978],[27.367278,47.430132],[27.36713,47.430411],[27.366883,47.430791],[27.366775,47.430954],[27.3665,47.431207],[27.366031,47.431608],[27.366007,47.431597],[27.365606,47.431909],[27.365604,47.431929],[27.365308,47.432183],[27.364915,47.432716],[27.364706,47.433048],[27.364569,47.433323],[27.365318,47.433512],[27.365329,47.433456],[27.365403,47.433319],[27.365547,47.43317],[27.365842,47.432979],[27.365856,47.432994],[27.365568,47.433185],[27.365432,47.433328],[27.365345,47.433526],[27.365354,47.433805],[27.36543,47.433631],[27.365468,47.433636],[27.365318,47.43398],[27.365174,47.434169],[27.365015,47.434329],[27.364847,47.434479],[27.364762,47.434524],[27.364376,47.434683],[27.364441,47.434701],[27.364493,47.434739],[27.364642,47.435047],[27.365018,47.435062],[27.365414,47.435048],[27.365736,47.435046],[27.365861,47.435046],[27.365866,47.434769],[27.366081,47.434643]]]}},{"type":"Feature","properties":{"fid":164,"Cod_ZF":"ZF11","Tip_ZF":"Zonă locuințe și funcțiuni complementare","Cod_SZF":"L","Tip_SZF":"Zona de locuinte si functiuni complementare","utr":"Li1","cod":"Li1","ZONA":"Li1","denumire":"Zona de locuinte si functiuni complementare","functiune":"Zonă locuințe și funcțiuni complementare"},"geometry":{"type":"Polygon","coordinates":[[[27.363894,47.435422],[27.363916,47.435634],[27.363944,47.436087],[27.364116,47.436104],[27.364222,47.436114],[27.364438,47.436102],[27.364565,47.436056],[27.364743,47.435957],[27.364825,47.435828],[27.364783,47.435617],[27.364748,47.435491],[27.363894,47.435422]]]}},{"type":"Feature","properties":{"fid":165,"Cod_ZF":"ZF09","Tip_ZF":"Zonă instituții publice","Cod_SZF":"IS","Tip_SZF":"Zona de institutii publice si servicii","utr":"IS","cod":"IS","ZONA":"IS","denumire":"Zona de institutii publice si servicii","functiune":"Zonă instituții publice"},"geometry":{"type":"Polygon","coordinates":[[[27.364011,47.434802],[27.364004,47.434827],[27.363913,47.435152],[27.363893,47.43542],[27.363894,47.435422],[27.364748,47.435491],[27.364643,47.435113],[27.364538,47.434873],[27.364455,47.434734],[27.364391,47.434713],[27.364317,47.434711],[27.364011,47.434802]]]}},{"type":"Feature","properties":{"fid":166,"Cod_ZF":"ZF06","Tip_ZF":"Căi de comunicație și transporturi","Cod_SZF":"CR","Tip_SZF":"Cai de comunicatie rutiera","utr":"CR","cod":"CR","ZONA":"CR","denumire":"Cai de comunicatie rutiera","functiune":"Căi de comunicație și transporturi"},"geometry":{"type":"Polygon","coordinates":[[[27.36586,47.435121],[27.365861,47.435046],[27.365736,47.435046],[27.365414,47.435048],[27.365018,47.435062],[27.364642,47.435047],[27.364493,47.434739],[27.364441,47.434701],[27.364376,47.434683],[27.364762,47.434524],[27.364847,47.434479],[27.365015,47.434329],[27.365174,47.434169],[27.365318,47.43398],[27.365468,47.433636],[27.36543,47.433631],[27.365354,47.433805],[27.365345,47.433526],[27.365432,47.433328],[27.365568,47.433185],[27.365856,47.432994],[27.365842,47.432979],[27.365547,47.43317],[27.365403,47.433319],[27.365329,47.433456],[27.365318,47.433512],[27.364569,47.433323],[27.364553,47.433351],[27.365321,47.433556],[27.365326,47.433626],[27.365327,47.433782],[27.365326,47.433872],[27.36532,47.433895],[27.365311,47.433926],[27.365125,47.434159],[27.364811,47.434455],[27.36417,47.434736],[27.364032,47.434743],[27.364011,47.434802],[27.364317,47.434711],[27.364391,47.434713],[27.364455,47.434734],[27.364538,47.434873],[27.364643,47.435113],[27.364748,47.435491],[27.364783,47.435617],[27.364825,47.435828],[27.364743,47.435957],[27.364565,47.436056],[27.364438,47.436102],[27.364222,47.436114],[27.364116,47.436104],[27.363944,47.436087],[27.363949,47.436116],[27.364241,47.436144],[27.364455,47.436122],[27.364566,47.436083],[27.364731,47.436005],[27.364621,47.43622],[27.364608,47.436382],[27.364621,47.436518],[27.364604,47.436567],[27.364589,47.436788],[27.364639,47.436789],[27.364634,47.436678],[27.364658,47.4365],[27.364638,47.436387],[27.364662,47.43622],[27.364773,47.435994],[27.364839,47.435933],[27.364885,47.435845],[27.364745,47.435308],[27.364703,47.435119],[27.364722,47.435108],[27.365415,47.435091],[27.365562,47.435097],[27.365729,47.435088],[27.36586,47.435121]]]}},{"type":"Feature","properties":{"fid":167,"Cod_ZF":"ZF11","Tip_ZF":"Zonă locuințe și funcțiuni complementare","Cod_SZF":"L","Tip_SZF":"Zona de locuinte si functiuni complementare","utr":"Li1","cod":"Li1","ZONA":"Li1","denumire":"Zona de locuinte si functiuni complementare","functiune":"Zonă locuințe și funcțiuni complementare"},"geometry":{"type":"Polygon","coordinates":[[[27.364553,47.433351],[27.364511,47.433424],[27.364478,47.433597],[27.364314,47.433939],[27.364303,47.433976],[27.364292,47.434015],[27.364127,47.434582],[27.364059,47.434615],[27.364032,47.434743],[27.36417,47.434736],[27.364811,47.434455],[27.365125,47.434159],[27.365311,47.433926],[27.36532,47.433895],[27.365326,47.433872],[27.365327,47.433782],[27.365326,47.433626],[27.365321,47.433556],[27.364553,47.433351]]]}},{"type":"Feature","properties":{"fid":168,"Cod_ZF":"ZF06","Tip_ZF":"Căi de comunicație și transporturi","Cod_SZF":"CR","Tip_SZF":"Cai de comunicatie rutiera","utr":"CR","cod":"CR","ZONA":"CR","denumire":"Cai de comunicatie rutiera","functiune":"Căi de comunicație și transporturi"},"geometry":{"type":"Polygon","coordinates":[[[27.372102,47.432012],[27.372113,47.431958],[27.371975,47.431921],[27.37155,47.431745],[27.371098,47.431567],[27.370352,47.431198],[27.369885,47.430944],[27.369497,47.430734],[27.369397,47.430679],[27.369195,47.430601],[27.368721,47.430439],[27.36836,47.430336],[27.368093,47.430235],[27.367698,47.430039],[27.367294,47.429933],[27.367247,47.429935],[27.367252,47.429978],[27.36733,47.429983],[27.36765,47.430074],[27.367723,47.430099],[27.3681,47.430274],[27.368342,47.43037],[27.3686,47.430443],[27.369008,47.430574],[27.369348,47.430697],[27.369638,47.430859],[27.370203,47.431164],[27.371057,47.431582],[27.371903,47.431948],[27.372102,47.432012]]]}},{"type":"Feature","properties":{"fid":169,"Cod_ZF":"ZF13","Tip_ZF":"Zonă gospodării comunale","Cod_SZF":"GC","Tip_SZF":"Zona gospodarie comunala, cimitire","utr":"GC","cod":"GC","ZONA":"GC","denumire":"Zona gospodarie comunala, cimitire","functiune":"Zonă gospodării comunale"},"geometry":{"type":"Polygon","coordinates":[[[27.367779,47.435068],[27.366733,47.43497],[27.366617,47.435361],[27.366717,47.435388],[27.367049,47.435479],[27.367505,47.435605],[27.367779,47.435068]]]}},{"type":"Feature","properties":{"fid":170,"Cod_ZF":"ZF11","Tip_ZF":"Zonă locuințe și funcțiuni complementare","Cod_SZF":"L","Tip_SZF":"Zona de locuinte si functiuni complementare","utr":"Li1","cod":"Li1","ZONA":"Li1","denumire":"Zona de locuinte si functiuni complementare","functiune":"Zonă locuințe și funcțiuni complementare"},"geometry":{"type":"Polygon","coordinates":[[[27.363726,47.441009],[27.362296,47.439145],[27.36199,47.438403],[27.361361,47.438374],[27.361375,47.43843],[27.361536,47.439064],[27.361617,47.439384],[27.363241,47.441344],[27.363484,47.442073],[27.363381,47.442712],[27.364029,47.44283],[27.364155,47.442047],[27.363872,47.441199],[27.363726,47.441009]]]}},{"type":"Feature","properties":{"fid":171,"Cod_ZF":"ZF11","Tip_ZF":"Zonă locuințe și funcțiuni complementare","Cod_SZF":"L","Tip_SZF":"Zona de locuinte si functiuni complementare","utr":"Li1","cod":"Li1","ZONA":"Li1","denumire":"Zona de locuinte si functiuni complementare","functiune":"Zonă locuințe și funcțiuni complementare"},"geometry":{"type":"Polygon","coordinates":[[[27.368042,47.422226],[27.368018,47.42161],[27.367805,47.421493],[27.367454,47.42136],[27.367007,47.421271],[27.366993,47.421457],[27.366946,47.422061],[27.367182,47.423005],[27.367235,47.423093],[27.367514,47.42355],[27.367582,47.423663],[27.367231,47.4248],[27.367269,47.425315],[27.368014,47.425368],[27.368102,47.423768],[27.368042,47.422226]]]}},{"type":"Feature","properties":{"fid":172,"Cod_ZF":"ZF06","Tip_ZF":"Căi de comunicație și transporturi","Cod_SZF":"CR","Tip_SZF":"Cai de comunicatie rutiera","utr":"CR","cod":"CR","ZONA":"CR","denumire":"Cai de comunicatie rutiera","functiune":"Căi de comunicație și transporturi"},"geometry":{"type":"Polygon","coordinates":[[[27.333102,47.446477],[27.333113,47.446526],[27.333504,47.446381],[27.333719,47.446343],[27.334634,47.446371],[27.33492,47.446441],[27.334927,47.446468],[27.33529,47.446522],[27.335309,47.44651],[27.33681,47.446766],[27.338262,47.44701],[27.338754,47.447095],[27.338774,47.447042],[27.337746,47.446872],[27.337328,47.446802],[27.335307,47.446458],[27.33465,47.446343],[27.3339,47.446306],[27.333685,47.446306],[27.333348,47.446388],[27.333038,47.446206],[27.333052,47.446268],[27.33328,47.446407],[27.333233,47.446425],[27.333183,47.446445],[27.333102,47.446477]]]}},{"type":"Feature","properties":{"fid":173,"Cod_ZF":"ZF06","Tip_ZF":"Căi de comunicație și transporturi","Cod_SZF":"CR","Tip_SZF":"Cai de comunicatie rutiera","utr":"CR","cod":"CR","ZONA":"CR","denumire":"Cai de comunicatie rutiera","functiune":"Căi de comunicație și transporturi"},"geometry":{"type":"Polygon","coordinates":[[[27.342278,47.444763],[27.342201,47.44476],[27.342229,47.44498],[27.342214,47.445184],[27.342043,47.445667],[27.342026,47.445695],[27.34202,47.446008],[27.341943,47.446073],[27.341824,47.446083],[27.341457,47.446075],[27.341389,47.446123],[27.341344,47.446376],[27.340787,47.447407],[27.340395,47.447278],[27.338775,47.447041],[27.338774,47.447042],[27.338754,47.447095],[27.339941,47.447254],[27.340354,47.44733],[27.340697,47.447439],[27.340735,47.447472],[27.340097,47.448519],[27.340071,47.448573],[27.340078,47.448573],[27.340156,47.448576],[27.340664,47.447729],[27.340749,47.447634],[27.34083,47.447485],[27.341462,47.446315],[27.341441,47.446219],[27.341473,47.446123],[27.341815,47.446121],[27.341986,47.446115],[27.342091,47.445995],[27.342094,47.445685],[27.342253,47.445259],[27.342283,47.444857],[27.342278,47.444763]]]}},{"type":"Feature","properties":{"fid":174,"Cod_ZF":"ZF06","Tip_ZF":"Căi de comunicație și transporturi","Cod_SZF":"CR","Tip_SZF":"Cai de comunicatie rutiera","utr":"CR","cod":"CR","ZONA":"CR","denumire":"Cai de comunicatie rutiera","functiune":"Căi de comunicație și transporturi"},"geometry":{"type":"Polygon","coordinates":[[[27.340599,47.454199],[27.339255,47.453589],[27.338557,47.453379],[27.337713,47.452007],[27.33771,47.451584],[27.339974,47.449308],[27.339848,47.44925],[27.339814,47.449234],[27.339773,47.449215],[27.339732,47.449319],[27.338558,47.450576],[27.337548,47.451615],[27.337387,47.451704],[27.337324,47.451694],[27.337296,47.451689],[27.337188,47.451672],[27.337114,47.45163],[27.33706,47.4516],[27.336989,47.451687],[27.337033,47.451693],[27.337151,47.451709],[27.337513,47.451777],[27.337643,47.451876],[27.337829,47.452482],[27.338168,47.452974],[27.338369,47.453212],[27.338468,47.453374],[27.339054,47.453553],[27.339121,47.453574],[27.340531,47.454239],[27.340599,47.454199]]]}},{"type":"Feature","properties":{"fid":175,"Cod_ZF":"ZF06","Tip_ZF":"Căi de comunicație și transporturi","Cod_SZF":"CR","Tip_SZF":"Cai de comunicatie rutiera","utr":"CR","cod":"CR","ZONA":"CR","denumire":"Cai de comunicatie rutiera","functiune":"Căi de comunicație și transporturi"},"geometry":{"type":"Polygon","coordinates":[[[27.335506,47.458668],[27.335451,47.458847],[27.335272,47.459424],[27.335018,47.460242],[27.335113,47.460304],[27.335142,47.460323],[27.335248,47.459981],[27.335329,47.459718],[27.335389,47.459521],[27.335405,47.459468],[27.335685,47.45856],[27.335597,47.458475],[27.335599,47.458466],[27.335602,47.458453],[27.335614,47.458398],[27.335797,47.457135],[27.33583,47.456738],[27.335876,47.456193],[27.335885,47.45609],[27.335875,47.455462],[27.335872,47.455256],[27.335885,47.455046],[27.335899,47.454812],[27.335944,47.453988],[27.336001,47.453307],[27.336062,47.453083],[27.336245,47.452745],[27.336657,47.452289],[27.337033,47.451693],[27.336989,47.451687],[27.336929,47.451761],[27.336651,47.452103],[27.336589,47.452122],[27.335835,47.453104],[27.335797,47.453245],[27.335775,47.453481],[27.335756,47.453678],[27.33574,47.453847],[27.335729,47.455133],[27.335723,47.455569],[27.335717,47.456003],[27.335715,47.456118],[27.335596,47.457223],[27.335564,47.457557],[27.33556,47.4576],[27.335504,47.458178],[27.335453,47.458394],[27.335442,47.458442],[27.335425,47.458513],[27.335558,47.458499],[27.335506,47.458668]]]}},{"type":"Feature","properties":{"fid":176,"Cod_ZF":"ZF06","Tip_ZF":"Căi de comunicație și transporturi","Cod_SZF":"CR","Tip_SZF":"Cai de comunicatie rutiera","utr":"CR","cod":"CR","ZONA":"CR","denumire":"Cai de comunicatie rutiera","functiune":"Căi de comunicație și transporturi"},"geometry":{"type":"Polygon","coordinates":[[[27.340632,47.459534],[27.340674,47.459508],[27.340367,47.459296],[27.339528,47.458682],[27.33892,47.458243],[27.338412,47.457876],[27.33805,47.457614],[27.336171,47.45627],[27.33594,47.456118],[27.335885,47.45609],[27.335876,47.456193],[27.335971,47.456213],[27.336554,47.456663],[27.336723,47.456793],[27.337923,47.457624],[27.339387,47.458685],[27.340186,47.459254],[27.340208,47.45927],[27.340411,47.459415],[27.340439,47.45943],[27.340473,47.459448],[27.340632,47.459534]]]}},{"type":"Feature","properties":{"fid":177,"Cod_ZF":"ZF06","Tip_ZF":"Căi de comunicație și transporturi","Cod_SZF":"CR","Tip_SZF":"Cai de comunicatie rutiera","utr":"CR","cod":"CR","ZONA":"CR","denumire":"Cai de comunicatie rutiera","functiune":"Căi de comunicație și transporturi"},"geometry":{"type":"Polygon","coordinates":[[[27.339121,47.453574],[27.339054,47.453553],[27.338513,47.453803],[27.337439,47.454053],[27.337353,47.454017],[27.337277,47.454013],[27.33728,47.454095],[27.337087,47.454253],[27.336535,47.45466],[27.336314,47.454965],[27.336099,47.455209],[27.335872,47.455256],[27.335875,47.455462],[27.336037,47.455289],[27.336098,47.455279],[27.336723,47.455713],[27.337345,47.456159],[27.338121,47.456743],[27.338172,47.456712],[27.337848,47.456436],[27.337691,47.456301],[27.337596,47.456261],[27.337181,47.455949],[27.336608,47.455542],[27.336545,47.455497],[27.33618,47.455237],[27.336459,47.45495],[27.336644,47.454678],[27.336877,47.454502],[27.337444,47.454137],[27.337785,47.454024],[27.338073,47.453947],[27.338606,47.453823],[27.339121,47.453574]]]}},{"type":"Feature","properties":{"fid":178,"Cod_ZF":"ZF06","Tip_ZF":"Căi de comunicație și transporturi","Cod_SZF":"CR","Tip_SZF":"Cai de comunicatie rutiera","utr":"CR","cod":"CR","ZONA":"CR","denumire":"Cai de comunicatie rutiera","functiune":"Căi de comunicație și transporturi"},"geometry":{"type":"Polygon","coordinates":[[[27.335599,47.458466],[27.335597,47.458475],[27.335685,47.45856],[27.335689,47.458542],[27.336407,47.458563],[27.337083,47.459031],[27.337667,47.459444],[27.338321,47.459907],[27.33877,47.460222],[27.339136,47.460512],[27.339218,47.460574],[27.33926,47.460607],[27.339272,47.460616],[27.3393,47.460637],[27.339297,47.460645],[27.339397,47.460721],[27.339413,47.460733],[27.339414,47.460725],[27.339443,47.460748],[27.33951,47.460799],[27.339634,47.460845],[27.339789,47.460857],[27.340002,47.460883],[27.340047,47.460888],[27.340716,47.461336],[27.340747,47.461309],[27.340577,47.461199],[27.340552,47.461174],[27.340268,47.46098],[27.340027,47.460841],[27.339699,47.460807],[27.339537,47.460762],[27.33947,47.460693],[27.339442,47.460667],[27.339326,47.460558],[27.338618,47.460039],[27.338471,47.459934],[27.33826,47.459783],[27.337815,47.459464],[27.336934,47.458847],[27.33644,47.458486],[27.33585,47.458474],[27.33576,47.458471],[27.335599,47.458466]]]}},{"type":"Feature","properties":{"fid":179,"Cod_ZF":"ZF06","Tip_ZF":"Căi de comunicație și transporturi","Cod_SZF":"CR","Tip_SZF":"Cai de comunicatie rutiera","utr":"CR","cod":"CR","ZONA":"CR","denumire":"Cai de comunicatie rutiera","functiune":"Căi de comunicație și transporturi"},"geometry":{"type":"Polygon","coordinates":[[[27.339791,47.460148],[27.339732,47.460105],[27.339758,47.460183],[27.339847,47.46032],[27.33986,47.46038],[27.339811,47.460423],[27.339442,47.460667],[27.33947,47.460693],[27.339624,47.46059],[27.339782,47.460482],[27.339851,47.460444],[27.339906,47.460392],[27.339901,47.460326],[27.33981,47.460187],[27.339791,47.460148]]]}},{"type":"Feature","properties":{"fid":180,"Cod_ZF":"ZF01","Tip_ZF":"Zonă aflată permanent sub ape","Cod_SZF":"TA","Tip_SZF":"Ape","utr":"TA","cod":"TA","ZONA":"TA","denumire":"Ape","functiune":"Zonă aflată permanent sub ape"},"geometry":{"type":"Polygon","coordinates":[[[27.335614,47.458398],[27.335602,47.458453],[27.335599,47.458466],[27.33576,47.458471],[27.336033,47.458459],[27.336171,47.458457],[27.336561,47.458449],[27.336679,47.45843],[27.336941,47.458404],[27.337216,47.458353],[27.337309,47.458358],[27.337372,47.458387],[27.337494,47.458542],[27.337625,47.458653],[27.33776,47.458747],[27.337925,47.458828],[27.338045,47.458941],[27.338275,47.459156],[27.338357,47.459223],[27.338465,47.45928],[27.338535,47.459335],[27.33866,47.459498],[27.33879,47.459732],[27.338848,47.459783],[27.339204,47.459959],[27.339316,47.459982],[27.339459,47.459976],[27.339529,47.459958],[27.339646,47.459858],[27.339701,47.459838],[27.339735,47.459835],[27.339736,47.459902],[27.339603,47.460072],[27.339608,47.460146],[27.339634,47.460183],[27.339758,47.460183],[27.339732,47.460105],[27.339703,47.460117],[27.339692,47.460114],[27.339668,47.460072],[27.339677,47.460045],[27.339787,47.45997],[27.339838,47.459892],[27.339837,47.459823],[27.339805,47.45979],[27.339744,47.459766],[27.339664,47.459758],[27.339592,47.459789],[27.339569,47.459826],[27.339526,47.459856],[27.339404,47.459938],[27.339336,47.459949],[27.339272,47.459933],[27.339048,47.459841],[27.338947,47.459794],[27.338908,47.459749],[27.338884,47.45971],[27.338725,47.459468],[27.338603,47.459338],[27.338501,47.459255],[27.338419,47.459214],[27.338291,47.459117],[27.338218,47.459036],[27.338112,47.458913],[27.338014,47.458816],[27.337912,47.458771],[27.337776,47.458685],[27.337668,47.4586],[27.337502,47.458387],[27.3373,47.458314],[27.33717,47.458307],[27.33688,47.458364],[27.336503,47.458394],[27.33641,47.458399],[27.335614,47.458398]]]}},{"type":"Feature","properties":{"fid":181,"Cod_ZF":"ZF06","Tip_ZF":"Căi de comunicație și transporturi","Cod_SZF":"CR","Tip_SZF":"Cai de comunicatie rutiera","utr":"CR","cod":"CR","ZONA":"CR","denumire":"Cai de comunicatie rutiera","functiune":"Căi de comunicație și transporturi"},"geometry":{"type":"Polygon","coordinates":[[[27.335405,47.459468],[27.335389,47.459521],[27.336358,47.460209],[27.336441,47.460265],[27.336472,47.460326],[27.338063,47.461419],[27.338674,47.461835],[27.338703,47.461789],[27.338636,47.461743],[27.338499,47.46165],[27.338378,47.461567],[27.338349,47.461547],[27.338225,47.461462],[27.338184,47.461434],[27.338105,47.461355],[27.337234,47.46074],[27.336846,47.460469],[27.336664,47.460341],[27.336601,47.460297],[27.336085,47.459923],[27.335405,47.459468]]]}},{"type":"Feature","properties":{"fid":182,"Cod_ZF":"ZF06","Tip_ZF":"Căi de comunicație și transporturi","Cod_SZF":"CR","Tip_SZF":"Cai de comunicatie rutiera","utr":"CR","cod":"CR","ZONA":"CR","denumire":"Cai de comunicatie rutiera","functiune":"Căi de comunicație și transporturi"},"geometry":{"type":"Polygon","coordinates":[[[27.33926,47.460607],[27.339218,47.460574],[27.338502,47.461165],[27.338184,47.461434],[27.338225,47.461462],[27.33926,47.460607]]]}},{"type":"Feature","properties":{"fid":183,"Cod_ZF":"ZF06","Tip_ZF":"Căi de comunicație și transporturi","Cod_SZF":"CR","Tip_SZF":"Cai de comunicatie rutiera","utr":"CR","cod":"CR","ZONA":"CR","denumire":"Cai de comunicatie rutiera","functiune":"Căi de comunicație și transporturi"},"geometry":{"type":"Polygon","coordinates":[[[27.338133,47.46226],[27.338165,47.462281],[27.338182,47.462274],[27.338647,47.461893],[27.338765,47.461801],[27.339173,47.46156],[27.339683,47.461221],[27.33985,47.461069],[27.340047,47.460888],[27.340002,47.460883],[27.339652,47.461197],[27.33964,47.461204],[27.339574,47.461245],[27.339199,47.461492],[27.338703,47.461789],[27.338674,47.461835],[27.338675,47.461843],[27.338509,47.461971],[27.338155,47.462257],[27.338133,47.46226]]]}},{"type":"Feature","properties":{"fid":184,"Cod_ZF":"ZF06","Tip_ZF":"Căi de comunicație și transporturi","Cod_SZF":"CR","Tip_SZF":"Cai de comunicatie rutiera","utr":"CR","cod":"CR","ZONA":"CR","denumire":"Cai de comunicatie rutiera","functiune":"Căi de comunicație și transporturi"},"geometry":{"type":"Polygon","coordinates":[[[27.339297,47.460645],[27.3393,47.460637],[27.339272,47.460616],[27.339255,47.46069],[27.338988,47.460927],[27.338822,47.461085],[27.338735,47.46124],[27.338631,47.46133],[27.338579,47.461375],[27.338495,47.461409],[27.338473,47.461417],[27.338364,47.461478],[27.338349,47.461547],[27.338378,47.461567],[27.338375,47.461538],[27.338388,47.46149],[27.338516,47.461421],[27.338596,47.461392],[27.338657,47.461344],[27.33876,47.461248],[27.338842,47.461092],[27.339017,47.460931],[27.339143,47.460914],[27.339239,47.460915],[27.339366,47.461016],[27.33964,47.461204],[27.339652,47.461197],[27.339486,47.461064],[27.339461,47.461044],[27.339422,47.461013],[27.33942,47.460897],[27.339419,47.460847],[27.339443,47.460748],[27.339414,47.460725],[27.339413,47.460733],[27.339407,47.460768],[27.339394,47.460918],[27.339396,47.461004],[27.339247,47.460893],[27.339219,47.460893],[27.339064,47.460896],[27.339282,47.4607],[27.339297,47.460645]]]}},{"type":"Feature","properties":{"fid":185,"Cod_ZF":"ZF11","Tip_ZF":"Zonă locuințe și funcțiuni complementare","Cod_SZF":"L","Tip_SZF":"Zona de locuinte si functiuni complementare","utr":"Li1","cod":"Li1","ZONA":"Li1","denumire":"Zona de locuinte si functiuni complementare","functiune":"Zonă locuințe și funcțiuni complementare"},"geometry":{"type":"Polygon","coordinates":[[[27.339773,47.449215],[27.339205,47.448955],[27.337586,47.450951],[27.337424,47.45115],[27.337375,47.451212],[27.33719,47.451541],[27.337114,47.45163],[27.337188,47.451672],[27.337296,47.451689],[27.337324,47.451694],[27.337387,47.451704],[27.337548,47.451615],[27.338558,47.450576],[27.339732,47.449319],[27.339773,47.449215]]]}},{"type":"Feature","properties":{"fid":186,"Cod_ZF":"ZF11","Tip_ZF":"Zonă locuințe și funcțiuni complementare","Cod_SZF":"L","Tip_SZF":"Zona de locuinte si functiuni complementare","utr":"Li1","cod":"Li1","ZONA":"Li1","denumire":"Zona de locuinte si functiuni complementare","functiune":"Zonă locuințe și funcțiuni complementare"},"geometry":{"type":"Polygon","coordinates":[[[27.339054,47.453553],[27.338468,47.453374],[27.338369,47.453212],[27.338168,47.452974],[27.337829,47.452482],[27.337643,47.451876],[27.337513,47.451777],[27.337151,47.451709],[27.337033,47.451693],[27.336657,47.452289],[27.336245,47.452745],[27.336062,47.453083],[27.336001,47.453307],[27.335944,47.453988],[27.335899,47.454812],[27.335885,47.455046],[27.335872,47.455256],[27.336099,47.455209],[27.336314,47.454965],[27.336535,47.45466],[27.337087,47.454253],[27.33728,47.454095],[27.337277,47.454013],[27.337353,47.454017],[27.337439,47.454053],[27.338513,47.453803],[27.339054,47.453553]]]}},{"type":"Feature","properties":{"fid":187,"Cod_ZF":"ZF11","Tip_ZF":"Zonă locuințe și funcțiuni complementare","Cod_SZF":"L","Tip_SZF":"Zona de locuinte si functiuni complementare","utr":"Li1","cod":"Li1","ZONA":"Li1","denumire":"Zona de locuinte si functiuni complementare","functiune":"Zonă locuințe și funcțiuni complementare"},"geometry":{"type":"Polygon","coordinates":[[[27.33896,47.455589],[27.340663,47.454228],[27.340599,47.454199],[27.340531,47.454239],[27.339121,47.453574],[27.338606,47.453823],[27.338073,47.453947],[27.337785,47.454024],[27.337444,47.454137],[27.336877,47.454502],[27.336644,47.454678],[27.336459,47.45495],[27.33618,47.455237],[27.336545,47.455497],[27.336608,47.455542],[27.337181,47.455949],[27.337596,47.456261],[27.337691,47.456301],[27.33874,47.455463],[27.33896,47.455589]]]}},{"type":"Feature","properties":{"fid":188,"Cod_ZF":"ZF11","Tip_ZF":"Zonă locuințe și funcțiuni complementare","Cod_SZF":"L","Tip_SZF":"Zona de locuinte si functiuni complementare","utr":"Li1","cod":"Li1","ZONA":"Li1","denumire":"Zona de locuinte si functiuni complementare","functiune":"Zonă locuințe și funcțiuni complementare"},"geometry":{"type":"Polygon","coordinates":[[[27.341433,47.459026],[27.340216,47.458144],[27.340007,47.458276],[27.338182,47.45672],[27.338172,47.456712],[27.338121,47.456743],[27.337345,47.456159],[27.336723,47.455713],[27.336098,47.455279],[27.336037,47.455289],[27.335875,47.455462],[27.335885,47.45609],[27.33594,47.456118],[27.336171,47.45627],[27.33805,47.457614],[27.338412,47.457876],[27.33892,47.458243],[27.339528,47.458682],[27.340367,47.459296],[27.340674,47.459508],[27.341291,47.459116],[27.341433,47.459026]]]}},{"type":"Feature","properties":{"fid":189,"Cod_ZF":"ZF11","Tip_ZF":"Zonă locuințe și funcțiuni complementare","Cod_SZF":"L","Tip_SZF":"Zona de locuinte si functiuni complementare","utr":"Li1","cod":"Li1","ZONA":"Li1","denumire":"Zona de locuinte si functiuni complementare","functiune":"Zonă locuințe și funcțiuni complementare"},"geometry":{"type":"Polygon","coordinates":[[[27.336147,47.451915],[27.335684,47.452148],[27.334764,47.451905],[27.334297,47.455312],[27.335723,47.455569],[27.335729,47.455133],[27.33574,47.453847],[27.335756,47.453678],[27.335051,47.453528],[27.335175,47.453328],[27.335775,47.453481],[27.335797,47.453245],[27.335835,47.453104],[27.336589,47.452122],[27.336651,47.452103],[27.336147,47.451915]]]}},{"type":"Feature","properties":{"fid":190,"Cod_ZF":"ZF11","Tip_ZF":"Zonă locuințe și funcțiuni complementare","Cod_SZF":"L","Tip_SZF":"Zona de locuinte si functiuni complementare","utr":"Li1","cod":"Li1","ZONA":"Li1","denumire":"Zona de locuinte si functiuni complementare","functiune":"Zonă locuințe și funcțiuni complementare"},"geometry":{"type":"Polygon","coordinates":[[[27.335564,47.457557],[27.335596,47.457223],[27.335715,47.456118],[27.335717,47.456003],[27.335426,47.455952],[27.335404,47.45599],[27.335142,47.457479],[27.335171,47.457484],[27.335334,47.457514],[27.335564,47.457557]]]}},{"type":"Feature","properties":{"fid":191,"Cod_ZF":"ZF09","Tip_ZF":"Zonă instituții publice","Cod_SZF":"IS","Tip_SZF":"Zona de institutii publice si servicii","utr":"IS","cod":"IS","ZONA":"IS","denumire":"Zona de institutii publice si servicii","functiune":"Zonă instituții publice"},"geometry":{"type":"Polygon","coordinates":[[[27.334297,47.455312],[27.334257,47.455609],[27.335404,47.45599],[27.335426,47.455952],[27.335717,47.456003],[27.335723,47.455569],[27.334297,47.455312]]]}},{"type":"Feature","properties":{"fid":192,"Cod_ZF":"ZF09","Tip_ZF":"Zonă instituții publice","Cod_SZF":"IS","Tip_SZF":"Zona de institutii publice si servicii","utr":"IS","cod":"IS","ZONA":"IS","denumire":"Zona de institutii publice si servicii","functiune":"Zonă instituții publice"},"geometry":{"type":"Polygon","coordinates":[[[27.335756,47.453678],[27.335775,47.453481],[27.335175,47.453328],[27.335051,47.453528],[27.335756,47.453678]]]}},{"type":"Feature","properties":{"fid":193,"Cod_ZF":"ZF11","Tip_ZF":"Zonă locuințe și funcțiuni complementare","Cod_SZF":"L","Tip_SZF":"Zona de locuinte si functiuni complementare","utr":"Li1","cod":"Li1","ZONA":"Li1","denumire":"Zona de locuinte si functiuni complementare","functiune":"Zonă locuințe și funcțiuni complementare"},"geometry":{"type":"Polygon","coordinates":[[[27.33583,47.456738],[27.335797,47.457135],[27.335614,47.458398],[27.33641,47.458399],[27.336503,47.458394],[27.33688,47.458364],[27.33717,47.458307],[27.3373,47.458314],[27.337502,47.458387],[27.337668,47.4586],[27.337776,47.458685],[27.337912,47.458771],[27.338014,47.458816],[27.338112,47.458913],[27.338218,47.459036],[27.338291,47.459117],[27.338419,47.459214],[27.338501,47.459255],[27.338603,47.459338],[27.338725,47.459468],[27.338884,47.45971],[27.338908,47.459749],[27.338947,47.459794],[27.339048,47.459841],[27.339272,47.459933],[27.339336,47.459949],[27.339404,47.459938],[27.339526,47.459856],[27.339569,47.459826],[27.339592,47.459789],[27.339664,47.459758],[27.339744,47.459766],[27.339805,47.45979],[27.339837,47.459823],[27.339838,47.459892],[27.339787,47.45997],[27.339677,47.460045],[27.339668,47.460072],[27.339692,47.460114],[27.339703,47.460117],[27.339732,47.460105],[27.339753,47.460026],[27.339959,47.459796],[27.340172,47.459673],[27.340439,47.45943],[27.340411,47.459415],[27.340208,47.45927],[27.340186,47.459254],[27.339387,47.458685],[27.337923,47.457624],[27.336723,47.456793],[27.336554,47.456663],[27.336334,47.456823],[27.33583,47.456738]]]}},{"type":"Feature","properties":{"fid":194,"Cod_ZF":"ZF11","Tip_ZF":"Zonă locuințe și funcțiuni complementare","Cod_SZF":"L","Tip_SZF":"Zona de locuinte si functiuni complementare","utr":"Li1","cod":"Li1","ZONA":"Li1","denumire":"Zona de locuinte si functiuni complementare","functiune":"Zonă locuințe și funcțiuni complementare"},"geometry":{"type":"Polygon","coordinates":[[[27.335876,47.456193],[27.33583,47.456738],[27.336334,47.456823],[27.336554,47.456663],[27.335971,47.456213],[27.335876,47.456193]]]}},{"type":"Feature","properties":{"fid":195,"Cod_ZF":"ZF11","Tip_ZF":"Zonă locuințe și funcțiuni complementare","Cod_SZF":"L","Tip_SZF":"Zona de locuinte si functiuni complementare","utr":"Li1","cod":"Li1","ZONA":"Li1","denumire":"Zona de locuinte si functiuni complementare","functiune":"Zonă locuințe și funcțiuni complementare"},"geometry":{"type":"Polygon","coordinates":[[[27.335142,47.460323],[27.338133,47.46226],[27.338155,47.462257],[27.338509,47.461971],[27.338675,47.461843],[27.338674,47.461835],[27.338063,47.461419],[27.336472,47.460326],[27.336441,47.460265],[27.336358,47.460209],[27.335389,47.459521],[27.335329,47.459718],[27.335248,47.459981],[27.335142,47.460323]]]}},{"type":"Feature","properties":{"fid":196,"Cod_ZF":"ZF11","Tip_ZF":"Zonă locuințe și funcțiuni complementare","Cod_SZF":"L","Tip_SZF":"Zona de locuinte si functiuni complementare","utr":"Li1","cod":"Li1","ZONA":"Li1","denumire":"Zona de locuinte si functiuni complementare","functiune":"Zonă locuințe și funcțiuni complementare"},"geometry":{"type":"Polygon","coordinates":[[[27.33576,47.458471],[27.33585,47.458474],[27.33644,47.458486],[27.336934,47.458847],[27.337815,47.459464],[27.33826,47.459783],[27.338471,47.459934],[27.338618,47.460039],[27.339326,47.460558],[27.339442,47.460667],[27.339811,47.460423],[27.33986,47.46038],[27.339847,47.46032],[27.339758,47.460183],[27.339634,47.460183],[27.339608,47.460146],[27.339603,47.460072],[27.339736,47.459902],[27.339735,47.459835],[27.339701,47.459838],[27.339646,47.459858],[27.339529,47.459958],[27.339459,47.459976],[27.339316,47.459982],[27.339204,47.459959],[27.338848,47.459783],[27.33879,47.459732],[27.33866,47.459498],[27.338535,47.459335],[27.338465,47.45928],[27.338357,47.459223],[27.338275,47.459156],[27.338045,47.458941],[27.337925,47.458828],[27.33776,47.458747],[27.337625,47.458653],[27.337494,47.458542],[27.337372,47.458387],[27.337309,47.458358],[27.337216,47.458353],[27.336941,47.458404],[27.336679,47.45843],[27.336561,47.458449],[27.336171,47.458457],[27.336033,47.458459],[27.33576,47.458471]]]}},{"type":"Feature","properties":{"fid":197,"Cod_ZF":"ZF11","Tip_ZF":"Zonă locuințe și funcțiuni complementare","Cod_SZF":"L","Tip_SZF":"Zona de locuinte si functiuni complementare","utr":"Li1","cod":"Li1","ZONA":"Li1","denumire":"Zona de locuinte si functiuni complementare","functiune":"Zonă locuințe și funcțiuni complementare"},"geometry":{"type":"Polygon","coordinates":[[[27.335685,47.45856],[27.335405,47.459468],[27.336085,47.459923],[27.336601,47.460297],[27.336664,47.460341],[27.336846,47.460469],[27.337234,47.46074],[27.338105,47.461355],[27.338184,47.461434],[27.338502,47.461165],[27.339218,47.460574],[27.339136,47.460512],[27.33877,47.460222],[27.338321,47.459907],[27.337667,47.459444],[27.337083,47.459031],[27.336407,47.458563],[27.335689,47.458542],[27.335685,47.45856]]]}},{"type":"Feature","properties":{"fid":198,"Cod_ZF":"ZF11","Tip_ZF":"Zonă locuințe și funcțiuni complementare","Cod_SZF":"L","Tip_SZF":"Zona de locuinte si functiuni complementare","utr":"Li1","cod":"Li1","ZONA":"Li1","denumire":"Zona de locuinte si functiuni complementare","functiune":"Zonă locuințe și funcțiuni complementare"},"geometry":{"type":"Polygon","coordinates":[[[27.338165,47.462281],[27.338393,47.462429],[27.337283,47.46309],[27.337373,47.463192],[27.337549,47.463538],[27.337582,47.463683],[27.337195,47.464519],[27.337192,47.464615],[27.337321,47.464703],[27.337426,47.464775],[27.337866,47.46442],[27.337906,47.464352],[27.338091,47.464107],[27.338497,47.463635],[27.339238,47.462777],[27.339634,47.462473],[27.339487,47.462353],[27.339511,47.462332],[27.340031,47.462668],[27.34156,47.461431],[27.340386,47.460579],[27.339923,47.460243],[27.339791,47.460148],[27.33981,47.460187],[27.339901,47.460326],[27.339906,47.460392],[27.339851,47.460444],[27.339782,47.460482],[27.339624,47.46059],[27.33947,47.460693],[27.339537,47.460762],[27.339699,47.460807],[27.340027,47.460841],[27.340268,47.46098],[27.340552,47.461174],[27.340577,47.461199],[27.340747,47.461309],[27.340716,47.461336],[27.340047,47.460888],[27.33985,47.461069],[27.339683,47.461221],[27.339173,47.46156],[27.338765,47.461801],[27.338647,47.461893],[27.338182,47.462274],[27.338165,47.462281]]]}},{"type":"Feature","properties":{"fid":199,"Cod_ZF":"ZF11","Tip_ZF":"Zonă locuințe și funcțiuni complementare","Cod_SZF":"L","Tip_SZF":"Zona de locuinte si functiuni complementare","utr":"Li1","cod":"Li1","ZONA":"Li1","denumire":"Zona de locuinte si functiuni complementare","functiune":"Zonă locuințe și funcțiuni complementare"},"geometry":{"type":"Polygon","coordinates":[[[27.337241,47.463116],[27.335898,47.463916],[27.33656,47.464335],[27.336992,47.464609],[27.337351,47.464836],[27.337381,47.464812],[27.337251,47.464744],[27.337135,47.464644],[27.33712,47.464524],[27.33721,47.464342],[27.337519,47.463678],[27.337466,47.463543],[27.337332,47.463247],[27.337241,47.463116]]]}},{"type":"Feature","properties":{"fid":200,"Cod_ZF":"ZF11","Tip_ZF":"Zonă locuințe și funcțiuni complementare","Cod_SZF":"L","Tip_SZF":"Zona de locuinte si functiuni complementare","utr":"Li1","cod":"Li1","ZONA":"Li1","denumire":"Zona de locuinte si functiuni complementare","functiune":"Zonă locuințe și funcțiuni complementare"},"geometry":{"type":"Polygon","coordinates":[[[27.338378,47.461567],[27.338499,47.46165],[27.338636,47.461743],[27.338703,47.461789],[27.339199,47.461492],[27.339574,47.461245],[27.33964,47.461204],[27.339366,47.461016],[27.339239,47.460915],[27.339143,47.460914],[27.339017,47.460931],[27.338842,47.461092],[27.33876,47.461248],[27.338657,47.461344],[27.338596,47.461392],[27.338516,47.461421],[27.338388,47.46149],[27.338375,47.461538],[27.338378,47.461567]]]}},{"type":"Feature","properties":{"fid":201,"Cod_ZF":"ZF11","Tip_ZF":"Zonă locuințe și funcțiuni complementare","Cod_SZF":"L","Tip_SZF":"Zona de locuinte si functiuni complementare","utr":"Li1","cod":"Li1","ZONA":"Li1","denumire":"Zona de locuinte si functiuni complementare","functiune":"Zonă locuințe și funcțiuni complementare"},"geometry":{"type":"Polygon","coordinates":[[[27.340002,47.460883],[27.339789,47.460857],[27.339634,47.460845],[27.33951,47.460799],[27.339443,47.460748],[27.339419,47.460847],[27.33942,47.460897],[27.339422,47.461013],[27.339461,47.461044],[27.339486,47.461064],[27.339652,47.461197],[27.340002,47.460883]]]}},{"type":"Feature","properties":{"fid":202,"Cod_ZF":"ZF11","Tip_ZF":"Zonă locuințe și funcțiuni complementare","Cod_SZF":"L","Tip_SZF":"Zona de locuinte si functiuni complementare","utr":"Li1","cod":"Li1","ZONA":"Li1","denumire":"Zona de locuinte si functiuni complementare","functiune":"Zonă locuințe și funcțiuni complementare"},"geometry":{"type":"Polygon","coordinates":[[[27.339272,47.460616],[27.33926,47.460607],[27.338225,47.461462],[27.338349,47.461547],[27.338364,47.461478],[27.338473,47.461417],[27.338495,47.461409],[27.338579,47.461375],[27.338631,47.46133],[27.338735,47.46124],[27.338822,47.461085],[27.338988,47.460927],[27.339255,47.46069],[27.339272,47.460616]]]}},{"type":"Feature","properties":{"fid":203,"Cod_ZF":"ZF11","Tip_ZF":"Zonă locuințe și funcțiuni complementare","Cod_SZF":"L","Tip_SZF":"Zona de locuinte si functiuni complementare","utr":"Li1","cod":"Li1","ZONA":"Li1","denumire":"Zona de locuinte si functiuni complementare","functiune":"Zonă locuințe și funcțiuni complementare"},"geometry":{"type":"Polygon","coordinates":[[[27.339413,47.460733],[27.339397,47.460721],[27.339297,47.460645],[27.339282,47.4607],[27.339064,47.460896],[27.339219,47.460893],[27.339247,47.460893],[27.339396,47.461004],[27.339394,47.460918],[27.339407,47.460768],[27.339413,47.460733]]]}},{"type":"Feature","properties":{"fid":204,"Cod_ZF":"ZF06","Tip_ZF":"Căi de comunicație și transporturi","Cod_SZF":"CR","Tip_SZF":"Cai de comunicatie rutiera","utr":"CR","cod":"CR","ZONA":"CR","denumire":"Cai de comunicatie rutiera","functiune":"Căi de comunicație și transporturi"},"geometry":{"type":"Polygon","coordinates":[[[27.33556,47.4576],[27.335564,47.457557],[27.335334,47.457514],[27.335171,47.457484],[27.335142,47.457479],[27.335135,47.457518],[27.33556,47.4576]]]}},{"type":"Feature","properties":{"fid":205,"Cod_ZF":"ZF01","Tip_ZF":"Zonă aflată permanent sub ape","Cod_SZF":"TA","Tip_SZF":"Ape","utr":"TA","cod":"TA","ZONA":"TA","denumire":"Ape","functiune":"Zonă aflată permanent sub ape"},"geometry":{"type":"Polygon","coordinates":[[[27.335442,47.458442],[27.335453,47.458394],[27.334982,47.458386],[27.334972,47.458445],[27.335255,47.458445],[27.335442,47.458442]]]}},{"type":"Feature","properties":{"fid":206,"Cod_ZF":"ZF11","Tip_ZF":"Zonă locuințe și funcțiuni complementare","Cod_SZF":"L","Tip_SZF":"Zona de locuinte si functiuni complementare","utr":"Li1","cod":"Li1","ZONA":"Li1","denumire":"Zona de locuinte si functiuni complementare","functiune":"Zonă locuințe și funcțiuni complementare"},"geometry":{"type":"Polygon","coordinates":[[[27.334951,47.458562],[27.335425,47.458513],[27.335442,47.458442],[27.335255,47.458445],[27.334972,47.458445],[27.334968,47.458466],[27.334951,47.458562]]]}},{"type":"Feature","properties":{"fid":207,"Cod_ZF":"ZF11","Tip_ZF":"Zonă locuințe și funcțiuni complementare","Cod_SZF":"L","Tip_SZF":"Zona de locuinte si functiuni complementare","utr":"Li1","cod":"Li1","ZONA":"Li1","denumire":"Zona de locuinte si functiuni complementare","functiune":"Zonă locuințe și funcțiuni complementare"},"geometry":{"type":"Polygon","coordinates":[[[27.335453,47.458394],[27.335504,47.458178],[27.33556,47.4576],[27.335135,47.457518],[27.335085,47.457803],[27.335049,47.458005],[27.335007,47.458243],[27.334991,47.458334],[27.334982,47.458386],[27.335453,47.458394]]]}},{"type":"Feature","properties":{"fid":208,"Cod_ZF":"ZF06","Tip_ZF":"Căi de comunicație și transporturi","Cod_SZF":"CR","Tip_SZF":"Cai de comunicatie rutiera","utr":"CR","cod":"CR","ZONA":"CR","denumire":"Cai de comunicatie rutiera","functiune":"Căi de comunicație și transporturi"},"geometry":{"type":"Polygon","coordinates":[[[27.340002,47.462691],[27.340031,47.462668],[27.339511,47.462332],[27.339487,47.462353],[27.339634,47.462473],[27.339238,47.462777],[27.338497,47.463635],[27.338091,47.464107],[27.337906,47.464352],[27.337866,47.46442],[27.337939,47.46436],[27.338078,47.464167],[27.338135,47.46409],[27.338283,47.463925],[27.338465,47.463714],[27.338817,47.463314],[27.339096,47.462994],[27.339276,47.462802],[27.339688,47.462494],[27.340002,47.462691]]]}},{"type":"Feature","properties":{"fid":209,"Cod_ZF":"ZF06","Tip_ZF":"Căi de comunicație și transporturi","Cod_SZF":"CR","Tip_SZF":"Cai de comunicatie rutiera","utr":"CR","cod":"CR","ZONA":"CR","denumire":"Cai de comunicatie rutiera","functiune":"Căi de comunicație și transporturi"},"geometry":{"type":"Polygon","coordinates":[[[27.337283,47.46309],[27.337241,47.463116],[27.337332,47.463247],[27.337466,47.463543],[27.337519,47.463678],[27.33721,47.464342],[27.33712,47.464524],[27.337135,47.464644],[27.337251,47.464744],[27.337381,47.464812],[27.337426,47.464775],[27.337321,47.464703],[27.337192,47.464615],[27.337195,47.464519],[27.337582,47.463683],[27.337549,47.463538],[27.337373,47.463192],[27.337283,47.46309]]]}},{"type":"Feature","properties":{"fid":210,"Cod_ZF":"ZF11","Tip_ZF":"Zonă locuințe și funcțiuni complementare","Cod_SZF":"L","Tip_SZF":"Zona de locuinte si functiuni complementare","utr":"Li1","cod":"Li1","ZONA":"Li1","denumire":"Zona de locuinte si functiuni complementare","functiune":"Zonă locuințe și funcțiuni complementare"},"geometry":{"type":"Polygon","coordinates":[[[27.337939,47.46436],[27.338917,47.463569],[27.339241,47.463307],[27.340002,47.462691],[27.339688,47.462494],[27.339276,47.462802],[27.339096,47.462994],[27.338817,47.463314],[27.338465,47.463714],[27.338283,47.463925],[27.338135,47.46409],[27.338078,47.464167],[27.337939,47.46436]]]}},{"type":"Feature","properties":{"fid":211,"Cod_ZF":"ZF13","Tip_ZF":"Zonă gospodării comunale","Cod_SZF":"GC","Tip_SZF":"Zona gospodarie comunala, cimitire","utr":"GC","cod":"GC","ZONA":"GC","denumire":"Zona gospodarie comunala, cimitire","functiune":"Zonă gospodării comunale"},"geometry":{"type":"Polygon","coordinates":[[[27.338182,47.45672],[27.339244,47.45606],[27.33896,47.455589],[27.33874,47.455463],[27.337691,47.456301],[27.337848,47.456436],[27.338172,47.456712],[27.338182,47.45672]]]}},{"type":"Feature","properties":{"fid":212,"Cod_ZF":"ZF11","Tip_ZF":"Zonă locuințe și funcțiuni complementare","Cod_SZF":"L","Tip_SZF":"Zona de locuinte si functiuni complementare","utr":"Li1","cod":"Li1","ZONA":"Li1","denumire":"Zona de locuinte si functiuni complementare","functiune":"Zonă locuințe și funcțiuni complementare"},"geometry":{"type":"Polygon","coordinates":[[[27.334257,47.455609],[27.333717,47.457614],[27.333953,47.457795],[27.333986,47.457821],[27.334951,47.458562],[27.334968,47.458466],[27.334972,47.458445],[27.334982,47.458386],[27.334991,47.458334],[27.335007,47.458243],[27.335049,47.458005],[27.335085,47.457803],[27.335135,47.457518],[27.335142,47.457479],[27.335404,47.45599],[27.334257,47.455609]]]}},{"type":"Feature","properties":{"fid":213,"Cod_ZF":"ZF11","Tip_ZF":"Zonă locuințe și funcțiuni complementare","Cod_SZF":"L","Tip_SZF":"Zona de locuinte si functiuni complementare","utr":"Li1","cod":"Li1","ZONA":"Li1","denumire":"Zona de locuinte si functiuni complementare","functiune":"Zonă locuințe și funcțiuni complementare"},"geometry":{"type":"Polygon","coordinates":[[[27.340674,47.459508],[27.340768,47.459576],[27.341144,47.459849],[27.341908,47.459391],[27.341433,47.459026],[27.341291,47.459116],[27.340674,47.459508]]]}},{"type":"Feature","properties":{"fid":214,"Cod_ZF":"ZF09","Tip_ZF":"Zonă instituții publice","Cod_SZF":"IS","Tip_SZF":"Zona de institutii publice si servicii","utr":"IS","cod":"IS","ZONA":"IS","denumire":"Zona de institutii publice si servicii","functiune":"Zonă instituții publice"},"geometry":{"type":"Polygon","coordinates":[[[27.336989,47.451687],[27.33706,47.4516],[27.33713,47.451513],[27.337546,47.450772],[27.338,47.449979],[27.3384,47.449235],[27.338409,47.449162],[27.338385,47.44897],[27.338118,47.448668],[27.337418,47.449821],[27.337388,47.44987],[27.336147,47.451915],[27.336651,47.452103],[27.336929,47.451761],[27.336989,47.451687]]]}},{"type":"Feature","properties":{"fid":215,"Cod_ZF":"ZF06","Tip_ZF":"Căi de comunicație și transporturi","Cod_SZF":"CR","Tip_SZF":"Cai de comunicatie rutiera","utr":"CR","cod":"CR","ZONA":"CR","denumire":"Cai de comunicatie rutiera","functiune":"Căi de comunicație și transporturi"},"geometry":{"type":"Polygon","coordinates":[[[27.340156,47.448576],[27.340078,47.448573],[27.339923,47.448933],[27.339876,47.448996],[27.339472,47.448814],[27.339136,47.448633],[27.338535,47.448503],[27.338391,47.448497],[27.339129,47.448677],[27.339476,47.448854],[27.339847,47.449017],[27.339773,47.449215],[27.339814,47.449234],[27.340156,47.448576]]]}},{"type":"Feature","properties":{"fid":216,"Cod_ZF":"ZF12","Tip_ZF":"Zonă unități industriale și de depozitare","Cod_SZF":"AI","Tip_SZF":"Zona unitati agro-industriale","utr":"AI","cod":"AI","ZONA":"AI","denumire":"Zona unitati agro-industriale","functiune":"Zonă unități industriale și de depozitare"},"geometry":{"type":"Polygon","coordinates":[[[27.339129,47.448677],[27.338391,47.448497],[27.338535,47.448503],[27.339136,47.448633],[27.339472,47.448814],[27.339876,47.448996],[27.339923,47.448933],[27.340078,47.448573],[27.340071,47.448573],[27.340097,47.448519],[27.340735,47.447472],[27.340697,47.447439],[27.340354,47.44733],[27.339941,47.447254],[27.338754,47.447095],[27.338262,47.44701],[27.33681,47.446766],[27.335309,47.44651],[27.33529,47.446522],[27.334927,47.446468],[27.33492,47.446441],[27.334634,47.446371],[27.333719,47.446343],[27.333504,47.446381],[27.333113,47.446526],[27.333206,47.446919],[27.333253,47.447118],[27.333257,47.447138],[27.333562,47.447267],[27.335074,47.447483],[27.336002,47.44778],[27.336459,47.447926],[27.338226,47.44849],[27.339205,47.448955],[27.339773,47.449215],[27.339847,47.449017],[27.339476,47.448854],[27.339129,47.448677]]]}},{"type":"Feature","properties":{"fid":217,"Cod_ZF":"ZF12","Tip_ZF":"Zonă unități industriale și de depozitare","Cod_SZF":"AI","Tip_SZF":"Zona unitati agro-industriale","utr":"AI","cod":"AI","ZONA":"AI","denumire":"Zona unitati agro-industriale","functiune":"Zonă unități industriale și de depozitare"},"geometry":{"type":"Polygon","coordinates":[[[27.333052,47.446268],[27.33306,47.446302],[27.333092,47.446438],[27.333096,47.446452],[27.333102,47.446477],[27.333183,47.446445],[27.333233,47.446425],[27.33328,47.446407],[27.333052,47.446268]]]}},{"type":"Feature","properties":{"fid":218,"Cod_ZF":"ZF12","Tip_ZF":"Zonă unități industriale și de depozitare","Cod_SZF":"AI","Tip_SZF":"Zona unitati agro-industriale","utr":"AI","cod":"AI","ZONA":"AI","denumire":"Zona unitati agro-industriale","functiune":"Zonă unități industriale și de depozitare"},"geometry":{"type":"Polygon","coordinates":[[[27.342201,47.44476],[27.341369,47.444727],[27.341291,47.444724],[27.339897,47.444669],[27.333644,47.444421],[27.333812,47.444565],[27.333862,47.444601],[27.331703,47.444524],[27.331609,47.445719],[27.332086,47.446141],[27.333023,47.446142],[27.333038,47.446206],[27.333348,47.446388],[27.333685,47.446306],[27.3339,47.446306],[27.33465,47.446343],[27.335307,47.446458],[27.337328,47.446802],[27.337746,47.446872],[27.338774,47.447042],[27.338775,47.447041],[27.340395,47.447278],[27.340787,47.447407],[27.341344,47.446376],[27.341389,47.446123],[27.341457,47.446075],[27.341824,47.446083],[27.341943,47.446073],[27.34202,47.446008],[27.342026,47.445695],[27.342043,47.445667],[27.342214,47.445184],[27.342229,47.44498],[27.342201,47.44476]]]}},{"type":"Feature","properties":{"fid":219,"Cod_ZF":"ZF09","Tip_ZF":"Zonă instituții publice","Cod_SZF":"IS","Tip_SZF":"Zona de institutii publice si servicii","utr":"IS","cod":"IS","ZONA":"IS","denumire":"Zona de institutii publice si servicii","functiune":"Zonă instituții publice"},"geometry":{"type":"Polygon","coordinates":[[[27.339974,47.449308],[27.341295,47.448865],[27.341886,47.447772],[27.341636,47.447704],[27.341326,47.44762],[27.34083,47.447485],[27.340749,47.447634],[27.340664,47.447729],[27.340156,47.448576],[27.339814,47.449234],[27.339848,47.44925],[27.339974,47.449308]]]}},{"type":"Feature","properties":{"fid":220,"Cod_ZF":"ZF12","Tip_ZF":"Zonă unități industriale și de depozitare","Cod_SZF":"AI","Tip_SZF":"Zona unitati agro-industriale","utr":"AI","cod":"AI","ZONA":"AI","denumire":"Zona unitati agro-industriale","functiune":"Zonă unități industriale și de depozitare"},"geometry":{"type":"Polygon","coordinates":[[[27.341886,47.447772],[27.34253,47.446581],[27.342186,47.446174],[27.342145,47.44582],[27.342307,47.445261],[27.342337,47.444842],[27.342311,47.444764],[27.342278,47.444763],[27.342283,47.444857],[27.342253,47.445259],[27.342094,47.445685],[27.342091,47.445995],[27.341986,47.446115],[27.341815,47.446121],[27.341473,47.446123],[27.341441,47.446219],[27.341462,47.446315],[27.34083,47.447485],[27.341326,47.44762],[27.341636,47.447704],[27.341886,47.447772]]]}},{"type":"Feature","properties":{"fid":221,"Cod_ZF":"ZF09","Tip_ZF":"Zonă instituții publice","Cod_SZF":"IS","Tip_SZF":"Zona de institutii publice si servicii","utr":"IS","cod":"IS","ZONA":"IS","denumire":"Zona de institutii publice si servicii","functiune":"Zonă instituții publice"},"geometry":{"type":"Polygon","coordinates":[[[27.290759,47.426454],[27.290607,47.4266],[27.290385,47.426754],[27.290139,47.426928],[27.289913,47.427078],[27.289697,47.42724],[27.289424,47.427431],[27.290547,47.427942],[27.290627,47.427887],[27.2909,47.427712],[27.291146,47.427591],[27.291811,47.427169],[27.292048,47.427021],[27.291978,47.426942],[27.291896,47.426886],[27.291642,47.426775],[27.29135,47.426641],[27.291117,47.426553],[27.290759,47.426454]]]}},{"type":"Feature","properties":{"fid":222,"Cod_ZF":"ZF09","Tip_ZF":"Zonă instituții publice","Cod_SZF":"IS","Tip_SZF":"Zona de institutii publice si servicii","utr":"IS","cod":"IS","ZONA":"IS","denumire":"Zona de institutii publice si servicii","functiune":"Zonă instituții publice"},"geometry":{"type":"Polygon","coordinates":[[[27.303261,47.404399],[27.303682,47.404144],[27.303716,47.404151],[27.303746,47.404134],[27.303776,47.404117],[27.3038,47.404108],[27.303993,47.403977],[27.304152,47.403906],[27.304116,47.403881],[27.304061,47.403843],[27.303351,47.403323],[27.302942,47.403024],[27.3027,47.402823],[27.302483,47.402661],[27.302344,47.402546],[27.30224,47.402696],[27.301848,47.40318],[27.301674,47.403363],[27.301712,47.403391],[27.302477,47.403951],[27.302748,47.404149],[27.303026,47.404357],[27.303029,47.404367],[27.303044,47.404412],[27.303098,47.404405],[27.303247,47.404399],[27.303261,47.404399]]]}},{"type":"Feature","properties":{"fid":223,"Cod_ZF":"ZF06","Tip_ZF":"Căi de comunicație și transporturi","Cod_SZF":"CR","Tip_SZF":"Cai de comunicatie rutiera","utr":"CR","cod":"CR","ZONA":"CR","denumire":"Cai de comunicatie rutiera","functiune":"Căi de comunicație și transporturi"},"geometry":{"type":"Polygon","coordinates":[[[27.32677,47.413931],[27.326887,47.413907],[27.327391,47.413901],[27.32759,47.413955],[27.327965,47.41412],[27.329136,47.414685],[27.329611,47.41503],[27.329709,47.415149],[27.329747,47.415196],[27.330415,47.415873],[27.330457,47.415908],[27.330981,47.41635],[27.331053,47.416392],[27.331423,47.416608],[27.331473,47.416624],[27.332593,47.416965],[27.332898,47.416974],[27.333387,47.416889],[27.333382,47.416826],[27.333378,47.41678],[27.333213,47.416805],[27.332996,47.416838],[27.332863,47.416858],[27.332581,47.416841],[27.332082,47.416692],[27.332063,47.416687],[27.332044,47.416681],[27.331512,47.416517],[27.33114,47.416302],[27.330743,47.415975],[27.330723,47.415957],[27.330689,47.415925],[27.3304,47.415656],[27.329997,47.415279],[27.329767,47.415],[27.329747,47.414975],[27.32974,47.414968],[27.329466,47.414747],[27.329275,47.414593],[27.328802,47.414367],[27.328662,47.414303],[27.328573,47.414262],[27.328048,47.41402],[27.327928,47.413965],[27.327596,47.413812],[27.327561,47.413802],[27.327523,47.413792],[27.327385,47.413755],[27.327269,47.41376],[27.326808,47.413778],[27.326789,47.413779],[27.326669,47.41379],[27.326549,47.41383],[27.326495,47.413896],[27.326535,47.41412],[27.326735,47.414857],[27.326741,47.414878],[27.326901,47.415469],[27.327183,47.416496],[27.3272,47.41654],[27.327284,47.416706],[27.3275,47.417508],[27.327488,47.417735],[27.327363,47.418101],[27.327038,47.418817],[27.326988,47.418927],[27.326864,47.4192],[27.326485,47.419897],[27.326367,47.420014],[27.32633,47.420051],[27.326258,47.420122],[27.325807,47.420348],[27.32384,47.420883],[27.323484,47.420974],[27.322576,47.421203],[27.322268,47.421281],[27.322152,47.421314],[27.322093,47.42133],[27.321842,47.4214],[27.321555,47.421557],[27.32141,47.42163],[27.320932,47.421888],[27.32076,47.421982],[27.32054,47.422105],[27.320192,47.422298],[27.319725,47.422559],[27.318487,47.423252],[27.317479,47.423801],[27.316542,47.424305],[27.315428,47.424879],[27.313978,47.425593],[27.31285,47.426159],[27.311673,47.426737],[27.310746,47.427194],[27.310125,47.427556],[27.310258,47.42764],[27.310276,47.427659],[27.310534,47.427482],[27.310864,47.427296],[27.312295,47.426578],[27.313834,47.42582],[27.316127,47.424715],[27.31795,47.423737],[27.31858,47.423406],[27.320245,47.422415],[27.320973,47.422013],[27.321998,47.421497],[27.322347,47.421365],[27.323891,47.420934],[27.325142,47.420603],[27.325805,47.420427],[27.326132,47.420294],[27.326431,47.420172],[27.326611,47.420019],[27.326844,47.419581],[27.326871,47.419531],[27.326931,47.419417],[27.327174,47.418909],[27.327203,47.418848],[27.327454,47.41829],[27.327521,47.41814],[27.32756,47.418054],[27.327692,47.417761],[27.327687,47.417652],[27.327684,47.417576],[27.327682,47.417536],[27.32764,47.417322],[27.327624,47.417238],[27.32761,47.417169],[27.327584,47.417078],[27.327426,47.416529],[27.32741,47.416472],[27.32732,47.41616],[27.327312,47.416131],[27.327246,47.415901],[27.327193,47.415715],[27.327164,47.415603],[27.327027,47.415078],[27.327004,47.414987],[27.326963,47.414841],[27.326724,47.413988],[27.32677,47.413931]]]}},{"type":"Feature","properties":{"fid":224,"Cod_ZF":"ZF06","Tip_ZF":"Căi de comunicație și transporturi","Cod_SZF":"CR","Tip_SZF":"Cai de comunicatie rutiera","utr":"CR","cod":"CR","ZONA":"CR","denumire":"Cai de comunicatie rutiera","functiune":"Căi de comunicație și transporturi"},"geometry":{"type":"Polygon","coordinates":[[[27.329324,47.414124],[27.329442,47.414113],[27.329493,47.414111],[27.329745,47.414102],[27.329973,47.414104],[27.329971,47.414078],[27.329465,47.414079],[27.329455,47.414079],[27.328926,47.414137],[27.32882,47.414121],[27.328784,47.413816],[27.328756,47.413638],[27.328769,47.413562],[27.328816,47.413457],[27.328895,47.413384],[27.328911,47.413331],[27.328917,47.413134],[27.32887,47.413044],[27.328613,47.412857],[27.328522,47.412856],[27.328322,47.412898],[27.328182,47.412894],[27.328137,47.412875],[27.327947,47.412551],[27.327867,47.412399],[27.327733,47.41227],[27.327639,47.412249],[27.327557,47.412256],[27.327498,47.412287],[27.326786,47.412994],[27.32661,47.41313],[27.326583,47.412447],[27.326622,47.41155],[27.32668,47.410824],[27.326563,47.410788],[27.326563,47.410788],[27.326563,47.410789],[27.326563,47.410789],[27.326528,47.411241],[27.326499,47.411736],[27.326456,47.412246],[27.326452,47.412358],[27.326444,47.412603],[27.326435,47.412875],[27.326409,47.41297],[27.32583,47.412908],[27.32571,47.412882],[27.325548,47.412848],[27.32531,47.412651],[27.324992,47.412388],[27.324963,47.412372],[27.323934,47.411818],[27.323181,47.41143],[27.321854,47.410751],[27.321314,47.410496],[27.321523,47.410325],[27.321937,47.409929],[27.322071,47.409775],[27.322215,47.409623],[27.322603,47.409458],[27.322656,47.409414],[27.322789,47.409302],[27.322856,47.409309],[27.323073,47.409383],[27.323256,47.409425],[27.32352,47.40942],[27.323622,47.409408],[27.323604,47.409397],[27.323568,47.409397],[27.323333,47.409403],[27.323256,47.4094],[27.323055,47.409351],[27.322911,47.409302],[27.322917,47.409278],[27.323262,47.409171],[27.323238,47.409155],[27.323201,47.409167],[27.322997,47.409235],[27.322875,47.409257],[27.322819,47.40926],[27.322808,47.409237],[27.322806,47.409232],[27.322965,47.408974],[27.322938,47.408969],[27.322808,47.409155],[27.322754,47.409275],[27.322588,47.409418],[27.322385,47.409511],[27.322227,47.409571],[27.322169,47.409608],[27.322027,47.409754],[27.321223,47.409269],[27.321176,47.409302],[27.321904,47.40975],[27.321997,47.409793],[27.321622,47.410164],[27.32088,47.409771],[27.319788,47.409198],[27.319752,47.409226],[27.320648,47.409696],[27.321348,47.410086],[27.321586,47.410203],[27.321234,47.410501],[27.320844,47.410292],[27.320624,47.410175],[27.319466,47.409556],[27.317871,47.408745],[27.317574,47.408594],[27.316278,47.407909],[27.316319,47.407716],[27.316212,47.407956],[27.31654,47.40818],[27.317541,47.408711],[27.318247,47.40906],[27.318428,47.409149],[27.318595,47.409232],[27.319189,47.409546],[27.319237,47.409572],[27.319355,47.409634],[27.320019,47.409975],[27.320962,47.410452],[27.321701,47.410841],[27.321774,47.410879],[27.321811,47.410898],[27.322776,47.411371],[27.322823,47.411395],[27.322898,47.411431],[27.323805,47.411904],[27.323882,47.411944],[27.323995,47.412003],[27.324879,47.412457],[27.325012,47.412522],[27.325199,47.412684],[27.325266,47.412742],[27.325482,47.412887],[27.325649,47.412944],[27.326013,47.412979],[27.326087,47.412986],[27.326276,47.413015],[27.326396,47.413061],[27.326476,47.413793],[27.326478,47.413803],[27.326495,47.413896],[27.326549,47.41383],[27.326669,47.41379],[27.326789,47.413779],[27.326702,47.413729],[27.326685,47.413719],[27.326609,47.413351],[27.326637,47.41335],[27.326749,47.413412],[27.327276,47.413722],[27.327269,47.41376],[27.327385,47.413755],[27.327523,47.413792],[27.326626,47.413201],[27.326708,47.413113],[27.326856,47.413001],[27.327348,47.412503],[27.327538,47.412315],[27.327619,47.412288],[27.327682,47.412296],[27.327802,47.412419],[27.328064,47.412883],[27.327916,47.412954],[27.327805,47.412984],[27.327627,47.413001],[27.327485,47.412987],[27.327474,47.41302],[27.327632,47.413032],[27.327826,47.413018],[27.327967,47.412968],[27.328092,47.412913],[27.328207,47.41294],[27.328364,47.412921],[27.328547,47.412892],[27.328686,47.412976],[27.328808,47.413116],[27.328832,47.413247],[27.328786,47.413295],[27.328683,47.413554],[27.328715,47.413938],[27.328728,47.414099],[27.328713,47.414114],[27.328606,47.414218],[27.328573,47.414262],[27.328662,47.414303],[27.328704,47.414248],[27.328798,47.414178],[27.328901,47.414165],[27.329324,47.414124]]]}},{"type":"Feature","properties":{"fid":225,"Cod_ZF":"ZF06","Tip_ZF":"Căi de comunicație și transporturi","Cod_SZF":"CR","Tip_SZF":"Cai de comunicatie rutiera","utr":"CR","cod":"CR","ZONA":"CR","denumire":"Cai de comunicatie rutiera","functiune":"Căi de comunicație și transporturi"},"geometry":{"type":"Polygon","coordinates":[[[27.320103,47.415124],[27.320046,47.415185],[27.320142,47.415196],[27.32065,47.415461],[27.320684,47.415495],[27.320559,47.41567],[27.320279,47.41597],[27.319914,47.416343],[27.319073,47.417302],[27.318733,47.417929],[27.318706,47.418075],[27.318812,47.418052],[27.318772,47.417963],[27.319191,47.417271],[27.319599,47.416819],[27.320013,47.416345],[27.320133,47.416224],[27.320327,47.416025],[27.32057,47.415752],[27.320761,47.415518],[27.320921,47.415597],[27.321509,47.415899],[27.322088,47.4162],[27.322792,47.416569],[27.32283,47.416589],[27.322867,47.416554],[27.322745,47.416501],[27.322655,47.416456],[27.321935,47.416087],[27.320787,47.415483],[27.320837,47.415419],[27.321284,47.414863],[27.321516,47.414592],[27.321945,47.41409],[27.321967,47.414095],[27.322024,47.414016],[27.322373,47.413621],[27.322523,47.413677],[27.323288,47.414072],[27.324006,47.414437],[27.324543,47.414709],[27.324636,47.414756],[27.324699,47.414716],[27.324296,47.414516],[27.323424,47.414073],[27.32349,47.414006],[27.324315,47.413432],[27.325266,47.412742],[27.325199,47.412684],[27.32513,47.412746],[27.325009,47.412855],[27.324283,47.413386],[27.323526,47.413917],[27.323369,47.414046],[27.322756,47.413731],[27.322432,47.41355],[27.322522,47.413449],[27.322711,47.413239],[27.323094,47.412811],[27.323882,47.411944],[27.323805,47.411904],[27.323747,47.411967],[27.323219,47.41254],[27.322908,47.412405],[27.322769,47.412345],[27.322183,47.412056],[27.322823,47.411395],[27.322776,47.411371],[27.322699,47.411452],[27.322143,47.412032],[27.322115,47.412034],[27.321551,47.411772],[27.321297,47.411654],[27.321132,47.411566],[27.321116,47.411497],[27.321774,47.410879],[27.321701,47.410841],[27.321626,47.410913],[27.321008,47.411495],[27.320853,47.411427],[27.320086,47.411048],[27.319411,47.410708],[27.318665,47.410306],[27.318554,47.410222],[27.318555,47.410194],[27.318602,47.410126],[27.319237,47.409572],[27.319189,47.409546],[27.318742,47.409948],[27.31854,47.410126],[27.318449,47.410238],[27.318515,47.410263],[27.31905,47.410567],[27.320131,47.411123],[27.32101,47.41157],[27.322179,47.41212],[27.323161,47.412585],[27.322389,47.413394],[27.321785,47.414081],[27.32101,47.414978],[27.320666,47.41542],[27.320166,47.415177],[27.320103,47.415124]]]}},{"type":"Feature","properties":{"fid":226,"Cod_ZF":"ZF06","Tip_ZF":"Căi de comunicație și transporturi","Cod_SZF":"CR","Tip_SZF":"Cai de comunicatie rutiera","utr":"CR","cod":"CR","ZONA":"CR","denumire":"Cai de comunicatie rutiera","functiune":"Căi de comunicație și transporturi"},"geometry":{"type":"Polygon","coordinates":[[[27.330689,47.415925],[27.330723,47.415957],[27.330754,47.41594],[27.330907,47.415967],[27.331115,47.416028],[27.331227,47.416046],[27.331402,47.416043],[27.33138,47.416003],[27.331182,47.416007],[27.331001,47.415966],[27.330787,47.415893],[27.331034,47.415655],[27.331204,47.4156],[27.331768,47.415497],[27.331715,47.415429],[27.331194,47.415569],[27.331089,47.415598],[27.331094,47.415585],[27.331107,47.415551],[27.331072,47.414943],[27.331023,47.414851],[27.330922,47.41481],[27.330729,47.414778],[27.330434,47.414781],[27.330315,47.414799],[27.330224,47.414825],[27.330029,47.41488],[27.329747,47.414975],[27.329767,47.415],[27.330245,47.414853],[27.330561,47.414814],[27.330882,47.414832],[27.330988,47.414918],[27.331025,47.41503],[27.331056,47.415567],[27.330974,47.415662],[27.330867,47.415747],[27.330689,47.415925]]]}},{"type":"Feature","properties":{"fid":227,"Cod_ZF":"ZF06","Tip_ZF":"Căi de comunicație și transporturi","Cod_SZF":"CR","Tip_SZF":"Cai de comunicatie rutiera","utr":"CR","cod":"CR","ZONA":"CR","denumire":"Cai de comunicatie rutiera","functiune":"Căi de comunicație și transporturi"},"geometry":{"type":"Polygon","coordinates":[[[27.332044,47.416681],[27.332063,47.416687],[27.332082,47.416692],[27.332329,47.416185],[27.332669,47.415831],[27.332621,47.415803],[27.332461,47.41597],[27.332264,47.416206],[27.332108,47.416526],[27.332044,47.416681]]]}},{"type":"Feature","properties":{"fid":228,"Cod_ZF":"ZF11","Tip_ZF":"Zonă locuințe și funcțiuni complementare","Cod_SZF":"L","Tip_SZF":"Zona de locuinte si functiuni complementare","utr":"Li1","cod":"Li1","ZONA":"Li1","denumire":"Zona de locuinte si functiuni complementare","functiune":"Zonă locuințe și funcțiuni complementare"},"geometry":{"type":"Polygon","coordinates":[[[27.331624,47.417204],[27.331602,47.417214],[27.33119,47.417286],[27.33104,47.417018],[27.330945,47.417108],[27.330751,47.417309],[27.330815,47.417397],[27.330906,47.417623],[27.330906,47.417705],[27.330858,47.417711],[27.330839,47.417564],[27.33076,47.417402],[27.330702,47.417368],[27.330544,47.417481],[27.330062,47.41779],[27.329836,47.418025],[27.330006,47.418228],[27.330326,47.418442],[27.33075,47.418652],[27.330922,47.418661],[27.331545,47.418511],[27.331826,47.418434],[27.332004,47.418284],[27.332007,47.418189],[27.331939,47.417949],[27.332013,47.417563],[27.331895,47.417391],[27.331716,47.417219],[27.331624,47.417204]]]}},{"type":"Feature","properties":{"fid":229,"Cod_ZF":"ZF06","Tip_ZF":"Căi de comunicație și transporturi","Cod_SZF":"CR","Tip_SZF":"Cai de comunicatie rutiera","utr":"CR","cod":"CR","ZONA":"CR","denumire":"Cai de comunicatie rutiera","functiune":"Căi de comunicație și transporturi"},"geometry":{"type":"Polygon","coordinates":[[[27.330702,47.417368],[27.33076,47.417402],[27.330839,47.417564],[27.330858,47.417711],[27.330906,47.417705],[27.330906,47.417623],[27.330815,47.417397],[27.330751,47.417309],[27.330702,47.417368]]]}},{"type":"Feature","properties":{"fid":230,"Cod_ZF":"ZF06","Tip_ZF":"Căi de comunicație și transporturi","Cod_SZF":"CR","Tip_SZF":"Cai de comunicatie rutiera","utr":"CR","cod":"CR","ZONA":"CR","denumire":"Cai de comunicatie rutiera","functiune":"Căi de comunicație și transporturi"},"geometry":{"type":"Polygon","coordinates":[[[27.327203,47.418848],[27.327174,47.418909],[27.327395,47.418881],[27.327786,47.418824],[27.328105,47.418752],[27.328561,47.418672],[27.328903,47.418615],[27.329297,47.418542],[27.329546,47.418416],[27.329751,47.418768],[27.329745,47.41885],[27.329715,47.418988],[27.329748,47.418997],[27.32978,47.418825],[27.329776,47.418738],[27.329727,47.418647],[27.329588,47.418393],[27.329793,47.418139],[27.329883,47.418203],[27.330416,47.418571],[27.330519,47.418717],[27.330383,47.418796],[27.330428,47.418836],[27.330657,47.418692],[27.330713,47.41869],[27.330909,47.41869],[27.331757,47.41852],[27.331856,47.418471],[27.332085,47.418422],[27.332055,47.418195],[27.331998,47.417982],[27.332012,47.417776],[27.332092,47.417571],[27.332003,47.417403],[27.331673,47.417142],[27.331526,47.416765],[27.331384,47.416698],[27.331473,47.416624],[27.331423,47.416608],[27.331098,47.416878],[27.33073,47.417235],[27.330656,47.41735],[27.330498,47.417455],[27.33004,47.417729],[27.330035,47.417532],[27.330066,47.417184],[27.330083,47.417118],[27.330117,47.416981],[27.330148,47.416855],[27.330122,47.416754],[27.330077,47.41678],[27.330072,47.416858],[27.330054,47.416969],[27.330036,47.417115],[27.330014,47.417222],[27.329962,47.41775],[27.329916,47.41781],[27.329597,47.418157],[27.329377,47.418373],[27.329295,47.418415],[27.329012,47.418514],[27.328351,47.418663],[27.327788,47.418764],[27.327361,47.418841],[27.327203,47.418848]],[[27.330751,47.417309],[27.330945,47.417108],[27.33104,47.417018],[27.331333,47.416741],[27.331425,47.41677],[27.331606,47.417201],[27.331624,47.417204],[27.331716,47.417219],[27.331895,47.417391],[27.332013,47.417563],[27.331939,47.417949],[27.332007,47.418189],[27.332004,47.418284],[27.331826,47.418434],[27.331545,47.418511],[27.330922,47.418661],[27.33075,47.418652],[27.330326,47.418442],[27.330006,47.418228],[27.329836,47.418025],[27.330062,47.41779],[27.330544,47.417481],[27.330702,47.417368],[27.330751,47.417309]]]}},{"type":"Feature","properties":{"fid":231,"Cod_ZF":"ZF09","Tip_ZF":"Zonă instituții publice","Cod_SZF":"IS","Tip_SZF":"Zona de institutii publice si servicii","utr":"IS","cod":"IS","ZONA":"IS","denumire":"Zona de institutii publice si servicii","functiune":"Zonă instituții publice"},"geometry":{"type":"Polygon","coordinates":[[[27.33104,47.417018],[27.33119,47.417286],[27.331602,47.417214],[27.331624,47.417204],[27.331606,47.417201],[27.331425,47.41677],[27.331333,47.416741],[27.33104,47.417018]]]}},{"type":"Feature","properties":{"fid":232,"Cod_ZF":"ZF06","Tip_ZF":"Căi de comunicație și transporturi","Cod_SZF":"CR","Tip_SZF":"Cai de comunicatie rutiera","utr":"CR","cod":"CR","ZONA":"CR","denumire":"Cai de comunicatie rutiera","functiune":"Căi de comunicație și transporturi"},"geometry":{"type":"Polygon","coordinates":[[[27.327684,47.417576],[27.327687,47.417652],[27.327756,47.417636],[27.328266,47.417441],[27.328959,47.417183],[27.32908,47.417504],[27.329128,47.417496],[27.329012,47.417169],[27.329149,47.417112],[27.33002,47.416782],[27.330077,47.41678],[27.330122,47.416754],[27.330164,47.416733],[27.331053,47.416392],[27.330981,47.41635],[27.330851,47.416399],[27.33036,47.416586],[27.330334,47.416477],[27.330386,47.416211],[27.330417,47.415965],[27.330457,47.415908],[27.330415,47.415873],[27.330371,47.415933],[27.330345,47.416038],[27.330315,47.416261],[27.330277,47.416571],[27.330254,47.416621],[27.329287,47.416989],[27.329227,47.416922],[27.329097,47.416777],[27.328943,47.416605],[27.329313,47.416083],[27.329374,47.415951],[27.329369,47.415875],[27.329297,47.415672],[27.329165,47.415386],[27.329747,47.415196],[27.329709,47.415149],[27.329059,47.415385],[27.32851,47.415577],[27.328191,47.415607],[27.328069,47.415671],[27.328031,47.41574],[27.328025,47.415808],[27.328026,47.415812],[27.328062,47.415971],[27.32816,47.41614],[27.328205,47.416218],[27.328204,47.416263],[27.328112,47.416342],[27.32798,47.416389],[27.327725,47.416429],[27.327704,47.416432],[27.327544,47.416454],[27.327521,47.416457],[27.32741,47.416472],[27.327426,47.416529],[27.327542,47.416515],[27.327722,47.416485],[27.327984,47.416435],[27.328163,47.41636],[27.328232,47.416299],[27.328274,47.416201],[27.328121,47.41597],[27.328084,47.41581],[27.328133,47.415677],[27.32829,47.415623],[27.328535,47.415609],[27.328618,47.415769],[27.328668,47.41576],[27.32859,47.415642],[27.328594,47.415583],[27.329098,47.415409],[27.329331,47.415881],[27.329324,47.415929],[27.329276,47.416058],[27.329235,47.4161],[27.328897,47.416579],[27.32863,47.416483],[27.32861,47.416511],[27.3289,47.416609],[27.328967,47.416678],[27.329224,47.417007],[27.328562,47.417264],[27.328294,47.41737],[27.327971,47.417498],[27.327811,47.417541],[27.327684,47.417576]]]}},{"type":"Feature","properties":{"fid":233,"Cod_ZF":"ZF06","Tip_ZF":"Căi de comunicație și transporturi","Cod_SZF":"CR","Tip_SZF":"Cai de comunicatie rutiera","utr":"CR","cod":"CR","ZONA":"CR","denumire":"Cai de comunicatie rutiera","functiune":"Căi de comunicație și transporturi"},"geometry":{"type":"Polygon","coordinates":[[[27.326871,47.419531],[27.326844,47.419581],[27.328008,47.419945],[27.32805,47.41995],[27.328065,47.419914],[27.326871,47.419531]]]}},{"type":"Feature","properties":{"fid":234,"Cod_ZF":"ZF06","Tip_ZF":"Căi de comunicație și transporturi","Cod_SZF":"CR","Tip_SZF":"Cai de comunicatie rutiera","utr":"CR","cod":"CR","ZONA":"CR","denumire":"Cai de comunicatie rutiera","functiune":"Căi de comunicație și transporturi"},"geometry":{"type":"Polygon","coordinates":[[[27.317494,47.41805],[27.317452,47.418099],[27.317449,47.418102],[27.317875,47.418095],[27.318462,47.418115],[27.318583,47.418135],[27.319506,47.41814],[27.319399,47.418326],[27.319028,47.41853],[27.318889,47.418751],[27.318843,47.418814],[27.318629,47.419049],[27.318576,47.419113],[27.318403,47.419265],[27.318376,47.419342],[27.318116,47.419728],[27.318156,47.419742],[27.318449,47.419342],[27.318446,47.419278],[27.318483,47.419238],[27.318504,47.419234],[27.31867,47.419068],[27.318865,47.418829],[27.318916,47.418775],[27.319073,47.418545],[27.319447,47.418344],[27.319556,47.418146],[27.320037,47.418148],[27.320012,47.418215],[27.319734,47.418579],[27.31921,47.41931],[27.318738,47.41996],[27.318764,47.419975],[27.318913,47.419771],[27.31893,47.419747],[27.319141,47.419459],[27.319749,47.418656],[27.320181,47.418128],[27.320242,47.418123],[27.320725,47.417975],[27.320795,47.417949],[27.321431,47.41771],[27.322077,47.41747],[27.322258,47.417322],[27.322548,47.418086],[27.322841,47.418591],[27.322853,47.418657],[27.322955,47.418831],[27.322988,47.418817],[27.322821,47.418432],[27.322537,47.418007],[27.322323,47.417268],[27.322408,47.417196],[27.322476,47.417185],[27.323873,47.417729],[27.325135,47.418217],[27.325966,47.418539],[27.326988,47.418927],[27.327038,47.418817],[27.326927,47.418813],[27.326598,47.418693],[27.326463,47.418643],[27.32641,47.418623],[27.325785,47.41839],[27.325604,47.41832],[27.325537,47.418294],[27.325537,47.418294],[27.323877,47.41765],[27.322516,47.417131],[27.322544,47.417066],[27.322566,47.417012],[27.322765,47.416805],[27.32331,47.416275],[27.323364,47.416216],[27.323562,47.415998],[27.323877,47.415652],[27.324344,47.415174],[27.325049,47.414596],[27.325106,47.414692],[27.325112,47.414791],[27.325131,47.415062],[27.325197,47.415056],[27.325964,47.414975],[27.326032,47.414967],[27.326067,47.414962],[27.326741,47.414878],[27.326735,47.414857],[27.3266,47.414872],[27.325182,47.415032],[27.32515,47.414671],[27.325075,47.414573],[27.325252,47.414409],[27.325677,47.413996],[27.326419,47.41388],[27.326495,47.413896],[27.326478,47.413803],[27.3264,47.413814],[27.325744,47.413913],[27.325699,47.413881],[27.325746,47.413814],[27.32609,47.413303],[27.326087,47.412986],[27.326013,47.412979],[27.326028,47.413316],[27.325987,47.413392],[27.325783,47.413688],[27.32556,47.413976],[27.325342,47.414194],[27.324988,47.414516],[27.324699,47.414716],[27.324636,47.414756],[27.324369,47.414969],[27.32383,47.415473],[27.323849,47.415498],[27.323445,47.415952],[27.322867,47.416554],[27.32283,47.416589],[27.322798,47.416654],[27.322206,47.417225],[27.321962,47.417444],[27.321745,47.41753],[27.3207,47.41792],[27.319958,47.418076],[27.319441,47.418075],[27.318812,47.418052],[27.318706,47.418075],[27.318572,47.418065],[27.31763,47.418052],[27.317571,47.418051],[27.317494,47.41805]]]}},{"type":"Feature","properties":{"fid":235,"Cod_ZF":"ZF06","Tip_ZF":"Căi de comunicație și transporturi","Cod_SZF":"CR","Tip_SZF":"Cai de comunicatie rutiera","utr":"CR","cod":"CR","ZONA":"CR","denumire":"Cai de comunicatie rutiera","functiune":"Căi de comunicație și transporturi"},"geometry":{"type":"Polygon","coordinates":[[[27.3272,47.41654],[27.327183,47.416496],[27.326942,47.416526],[27.326327,47.416599],[27.326252,47.416062],[27.326248,47.416034],[27.326203,47.415782],[27.326126,47.415354],[27.326107,47.415249],[27.326067,47.414962],[27.326032,47.414967],[27.326035,47.414997],[27.326037,47.415012],[27.326099,47.415436],[27.32619,47.415984],[27.326266,47.416593],[27.326254,47.41663],[27.325566,47.416721],[27.325382,47.416746],[27.325325,47.416734],[27.32534,47.416621],[27.325268,47.415659],[27.325221,47.415393],[27.325197,47.415056],[27.325131,47.415062],[27.325133,47.415102],[27.325141,47.415316],[27.325208,47.415727],[27.325272,47.416262],[27.3253,47.416722],[27.325239,47.416716],[27.324892,47.416549],[27.324743,47.416561],[27.32448,47.416651],[27.324417,47.416551],[27.324365,47.416111],[27.324331,47.416113],[27.324368,47.416537],[27.324409,47.416629],[27.324415,47.416681],[27.324093,47.416805],[27.323824,47.41687],[27.323624,47.416914],[27.322566,47.417012],[27.322544,47.417066],[27.322832,47.417027],[27.323694,47.416963],[27.324143,47.416834],[27.324755,47.416602],[27.324891,47.416596],[27.325165,47.416735],[27.325247,47.416814],[27.325306,47.416973],[27.325335,47.4171],[27.325341,47.417125],[27.325453,47.41769],[27.325479,47.417952],[27.325537,47.418294],[27.325604,47.41832],[27.325521,47.417832],[27.325506,47.417744],[27.325441,47.417278],[27.325357,47.416799],[27.325385,47.416781],[27.326287,47.416667],[27.326289,47.416833],[27.326317,47.416953],[27.326359,47.417426],[27.326386,47.417871],[27.326448,47.418435],[27.326438,47.41851],[27.32641,47.418623],[27.326463,47.418643],[27.326477,47.418576],[27.326475,47.418405],[27.326462,47.418206],[27.326459,47.418167],[27.326449,47.418008],[27.326399,47.417555],[27.326359,47.416981],[27.326335,47.416826],[27.326336,47.416655],[27.3272,47.41654]]]}},{"type":"Feature","properties":{"fid":236,"Cod_ZF":"ZF06","Tip_ZF":"Căi de comunicație și transporturi","Cod_SZF":"CR","Tip_SZF":"Cai de comunicatie rutiera","utr":"CR","cod":"CR","ZONA":"CR","denumire":"Cai de comunicatie rutiera","functiune":"Căi de comunicație și transporturi"},"geometry":{"type":"Polygon","coordinates":[[[27.32633,47.420051],[27.326367,47.420014],[27.325974,47.420138],[27.325704,47.420247],[27.325694,47.420251],[27.324613,47.420507],[27.323914,47.420301],[27.322993,47.420026],[27.322354,47.419834],[27.322384,47.419782],[27.322351,47.419776],[27.322103,47.420103],[27.321926,47.420453],[27.321873,47.420626],[27.321889,47.420757],[27.321892,47.42078],[27.322152,47.421314],[27.322199,47.421299],[27.321975,47.420842],[27.321906,47.420658],[27.321942,47.420528],[27.322143,47.420114],[27.32235,47.419859],[27.323095,47.420106],[27.324102,47.420384],[27.324471,47.420522],[27.324597,47.420538],[27.325264,47.420393],[27.325742,47.420275],[27.326285,47.42006],[27.32633,47.420051]]]}},{"type":"Feature","properties":{"fid":237,"Cod_ZF":"ZF06","Tip_ZF":"Căi de comunicație și transporturi","Cod_SZF":"CR","Tip_SZF":"Cai de comunicatie rutiera","utr":"CR","cod":"CR","ZONA":"CR","denumire":"Cai de comunicatie rutiera","functiune":"Căi de comunicație și transporturi"},"geometry":{"type":"Polygon","coordinates":[[[27.31893,47.419747],[27.318913,47.419771],[27.318939,47.419796],[27.31936,47.420175],[27.319555,47.420256],[27.321435,47.420677],[27.321684,47.420745],[27.321892,47.42078],[27.321889,47.420757],[27.321862,47.420758],[27.321861,47.42074],[27.321827,47.420679],[27.321751,47.420591],[27.321677,47.420408],[27.321691,47.420339],[27.321689,47.420194],[27.321589,47.419696],[27.321529,47.419499],[27.321463,47.41928],[27.321601,47.419226],[27.322068,47.418733],[27.321988,47.418708],[27.321743,47.418965],[27.321517,47.419197],[27.321409,47.419247],[27.321395,47.419284],[27.321402,47.419334],[27.321443,47.41944],[27.321558,47.419839],[27.321622,47.42015],[27.321644,47.420299],[27.321606,47.420364],[27.321625,47.420456],[27.321594,47.420492],[27.321699,47.420635],[27.321682,47.420719],[27.32154,47.420686],[27.321445,47.42065],[27.320159,47.420348],[27.319422,47.420176],[27.319671,47.419892],[27.319791,47.419719],[27.319968,47.419541],[27.320187,47.419247],[27.320454,47.418988],[27.320423,47.418963],[27.320295,47.419053],[27.320205,47.419156],[27.319965,47.419467],[27.31977,47.419675],[27.319423,47.420119],[27.319392,47.42016],[27.31893,47.419747]]]}},{"type":"Feature","properties":{"fid":238,"Cod_ZF":"ZF11","Tip_ZF":"Zonă locuințe și funcțiuni complementare","Cod_SZF":"L","Tip_SZF":"Zona de locuinte si functiuni complementare","utr":"Li1","cod":"Li1","ZONA":"Li1","denumire":"Zona de locuinte si functiuni complementare","functiune":"Zonă locuințe și funcțiuni complementare"},"geometry":{"type":"Polygon","coordinates":[[[27.332879,47.416794],[27.332749,47.416631],[27.333003,47.416629],[27.333098,47.416578],[27.333213,47.416805],[27.333378,47.41678],[27.333377,47.416764],[27.333373,47.416714],[27.33327,47.415398],[27.333252,47.415352],[27.333078,47.414905],[27.332013,47.414627],[27.331298,47.414578],[27.32668,47.410824],[27.326622,47.41155],[27.326583,47.412447],[27.32661,47.41313],[27.326786,47.412994],[27.327498,47.412287],[27.327557,47.412256],[27.327639,47.412249],[27.327733,47.41227],[27.327867,47.412399],[27.327947,47.412551],[27.328137,47.412875],[27.328182,47.412894],[27.328322,47.412898],[27.328522,47.412856],[27.328613,47.412857],[27.32887,47.413044],[27.328917,47.413134],[27.328911,47.413331],[27.328895,47.413384],[27.328816,47.413457],[27.328769,47.413562],[27.328756,47.413638],[27.328784,47.413816],[27.32882,47.414121],[27.328926,47.414137],[27.329455,47.414079],[27.329465,47.414079],[27.329971,47.414078],[27.329973,47.414104],[27.329745,47.414102],[27.329493,47.414111],[27.329442,47.414113],[27.329324,47.414124],[27.329532,47.414409],[27.329275,47.414593],[27.329466,47.414747],[27.32974,47.414968],[27.329747,47.414975],[27.330029,47.41488],[27.330224,47.414825],[27.330315,47.414799],[27.330434,47.414781],[27.330729,47.414778],[27.330922,47.41481],[27.331023,47.414851],[27.331072,47.414943],[27.331107,47.415551],[27.331094,47.415585],[27.331089,47.415598],[27.331194,47.415569],[27.331715,47.415429],[27.331768,47.415497],[27.331204,47.4156],[27.331034,47.415655],[27.330787,47.415893],[27.331001,47.415966],[27.331182,47.416007],[27.33138,47.416003],[27.331402,47.416043],[27.331227,47.416046],[27.331115,47.416028],[27.330907,47.415967],[27.330754,47.41594],[27.330723,47.415957],[27.330743,47.415975],[27.33114,47.416302],[27.331512,47.416517],[27.332044,47.416681],[27.332108,47.416526],[27.332264,47.416206],[27.332461,47.41597],[27.332621,47.415803],[27.332669,47.415831],[27.332329,47.416185],[27.332082,47.416692],[27.332581,47.416841],[27.332863,47.416858],[27.332879,47.416794]]]}},{"type":"Feature","properties":{"fid":239,"Cod_ZF":"ZF12","Tip_ZF":"Zonă unități industriale și de depozitare","Cod_SZF":"AI","Tip_SZF":"Zona unitati agro-industriale","utr":"AI","cod":"AI","ZONA":"AI","denumire":"Zona unitati agro-industriale","functiune":"Zonă unități industriale și de depozitare"},"geometry":{"type":"Polygon","coordinates":[[[27.332863,47.416858],[27.332996,47.416838],[27.333213,47.416805],[27.333098,47.416578],[27.333003,47.416629],[27.332749,47.416631],[27.332879,47.416794],[27.332863,47.416858]]]}},{"type":"Feature","properties":{"fid":240,"Cod_ZF":"ZF11","Tip_ZF":"Zonă locuințe și funcțiuni complementare","Cod_SZF":"L","Tip_SZF":"Zona de locuinte si functiuni complementare","utr":"Li1","cod":"Li1","ZONA":"Li1","denumire":"Zona de locuinte si functiuni complementare","functiune":"Zonă locuințe și funcțiuni complementare"},"geometry":{"type":"Polygon","coordinates":[[[27.327164,47.415603],[27.327193,47.415715],[27.327246,47.415901],[27.328026,47.415812],[27.328025,47.415808],[27.328031,47.41574],[27.328069,47.415671],[27.328191,47.415607],[27.32851,47.415577],[27.329059,47.415385],[27.329709,47.415149],[27.329611,47.41503],[27.329136,47.414685],[27.327965,47.41412],[27.32759,47.413955],[27.327391,47.413901],[27.327375,47.414094],[27.327452,47.414129],[27.327238,47.41433],[27.327151,47.414357],[27.32716,47.414451],[27.32729,47.414469],[27.3274,47.414771],[27.326963,47.414841],[27.327004,47.414987],[27.327027,47.415078],[27.32779,47.414951],[27.327939,47.415495],[27.327164,47.415603]]]}},{"type":"Feature","properties":{"fid":241,"Cod_ZF":"ZF11","Tip_ZF":"Zonă locuințe și funcțiuni complementare","Cod_SZF":"L","Tip_SZF":"Zona de locuinte si functiuni complementare","utr":"Li1","cod":"Li1","ZONA":"Li1","denumire":"Zona de locuinte si functiuni complementare","functiune":"Zonă locuințe și funcțiuni complementare"},"geometry":{"type":"Polygon","coordinates":[[[27.329767,47.415],[27.329997,47.415279],[27.3304,47.415656],[27.330689,47.415925],[27.330867,47.415747],[27.330974,47.415662],[27.331056,47.415567],[27.331025,47.41503],[27.330988,47.414918],[27.330882,47.414832],[27.330561,47.414814],[27.330245,47.414853],[27.329767,47.415]]]}},{"type":"Feature","properties":{"fid":242,"Cod_ZF":"ZF11","Tip_ZF":"Zonă locuințe și funcțiuni complementare","Cod_SZF":"L","Tip_SZF":"Zona de locuinte si functiuni complementare","utr":"Li1","cod":"Li1","ZONA":"Li1","denumire":"Zona de locuinte si functiuni complementare","functiune":"Zonă locuințe și funcțiuni complementare"},"geometry":{"type":"Polygon","coordinates":[[[27.327426,47.416529],[27.327584,47.417078],[27.328081,47.417005],[27.32815,47.417158],[27.328294,47.41737],[27.328562,47.417264],[27.329224,47.417007],[27.328967,47.416678],[27.3289,47.416609],[27.32861,47.416511],[27.32863,47.416483],[27.328897,47.416579],[27.329235,47.4161],[27.329276,47.416058],[27.329324,47.415929],[27.329331,47.415881],[27.329098,47.415409],[27.328594,47.415583],[27.32859,47.415642],[27.328668,47.41576],[27.328618,47.415769],[27.328535,47.415609],[27.32829,47.415623],[27.328133,47.415677],[27.328084,47.41581],[27.328121,47.41597],[27.328274,47.416201],[27.328232,47.416299],[27.328163,47.41636],[27.327984,47.416435],[27.327722,47.416485],[27.327542,47.416515],[27.327426,47.416529]]]}},{"type":"Feature","properties":{"fid":243,"Cod_ZF":"ZF11","Tip_ZF":"Zonă locuințe și funcțiuni complementare","Cod_SZF":"L","Tip_SZF":"Zona de locuinte si functiuni complementare","utr":"Li1","cod":"Li1","ZONA":"Li1","denumire":"Zona de locuinte si functiuni complementare","functiune":"Zonă locuințe și funcțiuni complementare"},"geometry":{"type":"Polygon","coordinates":[[[27.327584,47.417078],[27.32761,47.417169],[27.327624,47.417238],[27.32764,47.417322],[27.327682,47.417536],[27.327684,47.417576],[27.327811,47.417541],[27.327971,47.417498],[27.328294,47.41737],[27.32815,47.417158],[27.328081,47.417005],[27.327584,47.417078]]]}},{"type":"Feature","properties":{"fid":244,"Cod_ZF":"ZF11","Tip_ZF":"Zonă locuințe și funcțiuni complementare","Cod_SZF":"L","Tip_SZF":"Zona de locuinte si functiuni complementare","utr":"Li1","cod":"Li1","ZONA":"Li1","denumire":"Zona de locuinte si functiuni complementare","functiune":"Zonă locuințe și funcțiuni complementare"},"geometry":{"type":"Polygon","coordinates":[[[27.330415,47.415873],[27.329747,47.415196],[27.329165,47.415386],[27.329297,47.415672],[27.329369,47.415875],[27.329374,47.415951],[27.329313,47.416083],[27.328943,47.416605],[27.329097,47.416777],[27.329227,47.416922],[27.329287,47.416989],[27.330254,47.416621],[27.330277,47.416571],[27.330315,47.416261],[27.330345,47.416038],[27.330371,47.415933],[27.330415,47.415873]]]}},{"type":"Feature","properties":{"fid":245,"Cod_ZF":"ZF11","Tip_ZF":"Zonă locuințe și funcțiuni complementare","Cod_SZF":"L","Tip_SZF":"Zona de locuinte si functiuni complementare","utr":"Li1","cod":"Li1","ZONA":"Li1","denumire":"Zona de locuinte si functiuni complementare","functiune":"Zonă locuințe și funcțiuni complementare"},"geometry":{"type":"Polygon","coordinates":[[[27.330981,47.41635],[27.330457,47.415908],[27.330417,47.415965],[27.330386,47.416211],[27.330334,47.416477],[27.33036,47.416586],[27.330851,47.416399],[27.330981,47.41635]]]}},{"type":"Feature","properties":{"fid":246,"Cod_ZF":"ZF11","Tip_ZF":"Zonă locuințe și funcțiuni complementare","Cod_SZF":"L","Tip_SZF":"Zona de locuinte si functiuni complementare","utr":"Li1","cod":"Li1","ZONA":"Li1","denumire":"Zona de locuinte si functiuni complementare","functiune":"Zonă locuințe și funcțiuni complementare"},"geometry":{"type":"Polygon","coordinates":[[[27.331423,47.416608],[27.331053,47.416392],[27.330164,47.416733],[27.330122,47.416754],[27.330148,47.416855],[27.330117,47.416981],[27.330083,47.417118],[27.330066,47.417184],[27.330035,47.417532],[27.33004,47.417729],[27.330498,47.417455],[27.330656,47.41735],[27.33073,47.417235],[27.331098,47.416878],[27.331423,47.416608]]]}},{"type":"Feature","properties":{"fid":247,"Cod_ZF":"ZF11","Tip_ZF":"Zonă locuințe și funcțiuni complementare","Cod_SZF":"L","Tip_SZF":"Zona de locuinte si functiuni complementare","utr":"Li1","cod":"Li1","ZONA":"Li1","denumire":"Zona de locuinte si functiuni complementare","functiune":"Zonă locuințe și funcțiuni complementare"},"geometry":{"type":"Polygon","coordinates":[[[27.327687,47.417652],[27.327692,47.417761],[27.32756,47.418054],[27.327521,47.41814],[27.327454,47.41829],[27.327604,47.418307],[27.327683,47.418535],[27.327788,47.418764],[27.328351,47.418663],[27.329012,47.418514],[27.329295,47.418415],[27.329377,47.418373],[27.329597,47.418157],[27.329916,47.41781],[27.329962,47.41775],[27.330014,47.417222],[27.330036,47.417115],[27.330054,47.416969],[27.330072,47.416858],[27.330077,47.41678],[27.33002,47.416782],[27.329149,47.417112],[27.329012,47.417169],[27.329128,47.417496],[27.32908,47.417504],[27.328959,47.417183],[27.328266,47.417441],[27.327756,47.417636],[27.327687,47.417652]]]}},{"type":"Feature","properties":{"fid":248,"Cod_ZF":"ZF11","Tip_ZF":"Zonă locuințe și funcțiuni complementare","Cod_SZF":"L","Tip_SZF":"Zona de locuinte si functiuni complementare","utr":"Li1","cod":"Li1","ZONA":"Li1","denumire":"Zona de locuinte si functiuni complementare","functiune":"Zonă locuințe și funcțiuni complementare"},"geometry":{"type":"Polygon","coordinates":[[[27.327454,47.41829],[27.327203,47.418848],[27.327361,47.418841],[27.327788,47.418764],[27.327683,47.418535],[27.327604,47.418307],[27.327454,47.41829]]]}},{"type":"Feature","properties":{"fid":249,"Cod_ZF":"ZF11","Tip_ZF":"Zonă locuințe și funcțiuni complementare","Cod_SZF":"L","Tip_SZF":"Zona de locuinte si functiuni complementare","utr":"Li1","cod":"Li1","ZONA":"Li1","denumire":"Zona de locuinte si functiuni complementare","functiune":"Zonă locuințe și funcțiuni complementare"},"geometry":{"type":"Polygon","coordinates":[[[27.327038,47.418817],[27.327363,47.418101],[27.327488,47.417735],[27.3275,47.417508],[27.327284,47.416706],[27.3272,47.41654],[27.326336,47.416655],[27.326335,47.416826],[27.326359,47.416981],[27.326399,47.417555],[27.326449,47.418008],[27.326459,47.418167],[27.326462,47.418206],[27.326475,47.418405],[27.326477,47.418576],[27.326463,47.418643],[27.326598,47.418693],[27.326927,47.418813],[27.327038,47.418817]]]}},{"type":"Feature","properties":{"fid":250,"Cod_ZF":"ZF11","Tip_ZF":"Zonă locuințe și funcțiuni complementare","Cod_SZF":"L","Tip_SZF":"Zona de locuinte si functiuni complementare","utr":"Li1","cod":"Li1","ZONA":"Li1","denumire":"Zona de locuinte si functiuni complementare","functiune":"Zonă locuințe și funcțiuni complementare"},"geometry":{"type":"Polygon","coordinates":[[[27.325604,47.41832],[27.325785,47.41839],[27.32641,47.418623],[27.326438,47.41851],[27.326448,47.418435],[27.326386,47.417871],[27.326359,47.417426],[27.326317,47.416953],[27.326289,47.416833],[27.326287,47.416667],[27.325385,47.416781],[27.325357,47.416799],[27.325441,47.417278],[27.325506,47.417744],[27.325521,47.417832],[27.325604,47.41832]]]}},{"type":"Feature","properties":{"fid":251,"Cod_ZF":"ZF11","Tip_ZF":"Zonă locuințe și funcțiuni complementare","Cod_SZF":"L","Tip_SZF":"Zona de locuinte si functiuni complementare","utr":"Li1","cod":"Li1","ZONA":"Li1","denumire":"Zona de locuinte si functiuni complementare","functiune":"Zonă locuințe și funcțiuni complementare"},"geometry":{"type":"Polygon","coordinates":[[[27.322544,47.417066],[27.322516,47.417131],[27.323877,47.41765],[27.325537,47.418294],[27.325537,47.418294],[27.325479,47.417952],[27.325453,47.41769],[27.325341,47.417125],[27.325335,47.4171],[27.324414,47.417279],[27.324143,47.416834],[27.323694,47.416963],[27.322832,47.417027],[27.322544,47.417066]]]}},{"type":"Feature","properties":{"fid":252,"Cod_ZF":"ZF13","Tip_ZF":"Zonă gospodării comunale","Cod_SZF":"GC","Tip_SZF":"Zona gospodarie comunala, cimitire","utr":"GC","cod":"GC","ZONA":"GC","denumire":"Zona gospodarie comunala, cimitire","functiune":"Zonă gospodării comunale"},"geometry":{"type":"Polygon","coordinates":[[[27.325335,47.4171],[27.325306,47.416973],[27.325247,47.416814],[27.325165,47.416735],[27.324891,47.416596],[27.324755,47.416602],[27.324143,47.416834],[27.324414,47.417279],[27.325335,47.4171]]]}},{"type":"Feature","properties":{"fid":253,"Cod_ZF":"ZF11","Tip_ZF":"Zonă locuințe și funcțiuni complementare","Cod_SZF":"L","Tip_SZF":"Zona de locuinte si functiuni complementare","utr":"Li1","cod":"Li1","ZONA":"Li1","denumire":"Zona de locuinte si functiuni complementare","functiune":"Zonă locuințe și funcțiuni complementare"},"geometry":{"type":"Polygon","coordinates":[[[27.326032,47.414967],[27.325964,47.414975],[27.325197,47.415056],[27.325221,47.415393],[27.325268,47.415659],[27.32534,47.416621],[27.325325,47.416734],[27.325382,47.416746],[27.325566,47.416721],[27.326254,47.41663],[27.326266,47.416593],[27.32619,47.415984],[27.326099,47.415436],[27.326037,47.415012],[27.326035,47.414997],[27.326032,47.414967]]]}},{"type":"Feature","properties":{"fid":254,"Cod_ZF":"ZF11","Tip_ZF":"Zonă locuințe și funcțiuni complementare","Cod_SZF":"L","Tip_SZF":"Zona de locuinte si functiuni complementare","utr":"Li1","cod":"Li1","ZONA":"Li1","denumire":"Zona de locuinte si functiuni complementare","functiune":"Zonă locuințe și funcțiuni complementare"},"geometry":{"type":"Polygon","coordinates":[[[27.327183,47.416496],[27.326901,47.415469],[27.326741,47.414878],[27.326067,47.414962],[27.326107,47.415249],[27.326126,47.415354],[27.326203,47.415782],[27.326248,47.416034],[27.326252,47.416062],[27.326327,47.416599],[27.326942,47.416526],[27.327183,47.416496]],[[27.326783,47.415236],[27.326711,47.415248],[27.326695,47.41539],[27.326524,47.415403],[27.32649,47.415089],[27.326748,47.415065],[27.326783,47.415236]]]}},{"type":"Feature","properties":{"fid":255,"Cod_ZF":"ZF09","Tip_ZF":"Zonă instituții publice","Cod_SZF":"IS","Tip_SZF":"Zona de institutii publice si servicii","utr":"IS","cod":"IS","ZONA":"IS","denumire":"Zona de institutii publice si servicii","functiune":"Zonă instituții publice"},"geometry":{"type":"Polygon","coordinates":[[[27.326735,47.414857],[27.326535,47.41412],[27.326495,47.413896],[27.326419,47.41388],[27.325677,47.413996],[27.325252,47.414409],[27.325075,47.414573],[27.32515,47.414671],[27.325182,47.415032],[27.3266,47.414872],[27.326735,47.414857]]]}},{"type":"Feature","properties":{"fid":256,"Cod_ZF":"ZF11","Tip_ZF":"Zonă locuințe și funcțiuni complementare","Cod_SZF":"L","Tip_SZF":"Zona de locuinte si functiuni complementare","utr":"Li1","cod":"Li1","ZONA":"Li1","denumire":"Zona de locuinte si functiuni complementare","functiune":"Zonă locuințe și funcțiuni complementare"},"geometry":{"type":"Polygon","coordinates":[[[27.326452,47.412358],[27.326456,47.412246],[27.326499,47.411736],[27.326528,47.411241],[27.326563,47.410789],[27.326563,47.410789],[27.326563,47.410788],[27.326435,47.410749],[27.325641,47.410503],[27.324963,47.410294],[27.323622,47.409408],[27.32352,47.40942],[27.323256,47.409425],[27.323073,47.409383],[27.322856,47.409309],[27.322789,47.409302],[27.322656,47.409414],[27.322603,47.409458],[27.322215,47.409623],[27.322071,47.409775],[27.321937,47.409929],[27.321523,47.410325],[27.321314,47.410496],[27.321854,47.410751],[27.323181,47.41143],[27.323934,47.411818],[27.324963,47.412372],[27.325224,47.412206],[27.325654,47.411932],[27.325699,47.41197],[27.325984,47.412212],[27.326452,47.412358]]]}},{"type":"Feature","properties":{"fid":257,"Cod_ZF":"ZF09","Tip_ZF":"Zonă instituții publice","Cod_SZF":"IS","Tip_SZF":"Zona de institutii publice si servicii","utr":"IS","cod":"IS","ZONA":"IS","denumire":"Zona de institutii publice si servicii","functiune":"Zonă instituții publice"},"geometry":{"type":"Polygon","coordinates":[[[27.326452,47.412358],[27.325984,47.412212],[27.325699,47.41197],[27.325591,47.412065],[27.325472,47.41256],[27.326444,47.412603],[27.326452,47.412358]]]}},{"type":"Feature","properties":{"fid":258,"Cod_ZF":"ZF11","Tip_ZF":"Zonă locuințe și funcțiuni complementare","Cod_SZF":"L","Tip_SZF":"Zona de locuinte si functiuni complementare","utr":"Li1","cod":"Li1","ZONA":"Li1","denumire":"Zona de locuinte si functiuni complementare","functiune":"Zonă locuințe și funcțiuni complementare"},"geometry":{"type":"Polygon","coordinates":[[[27.325699,47.41197],[27.325654,47.411932],[27.325224,47.412206],[27.324963,47.412372],[27.324992,47.412388],[27.32531,47.412651],[27.325437,47.412584],[27.325472,47.41256],[27.325591,47.412065],[27.325699,47.41197]]]}},{"type":"Feature","properties":{"fid":259,"Cod_ZF":"ZF11","Tip_ZF":"Zonă locuințe și funcțiuni complementare","Cod_SZF":"L","Tip_SZF":"Zona de locuinte si functiuni complementare","utr":"Li1","cod":"Li1","ZONA":"Li1","denumire":"Zona de locuinte si functiuni complementare","functiune":"Zonă locuințe și funcțiuni complementare"},"geometry":{"type":"Polygon","coordinates":[[[27.325131,47.415062],[27.325112,47.414791],[27.325106,47.414692],[27.325049,47.414596],[27.324344,47.415174],[27.323877,47.415652],[27.323562,47.415998],[27.323364,47.416216],[27.32331,47.416275],[27.322765,47.416805],[27.322566,47.417012],[27.323624,47.416914],[27.323824,47.41687],[27.324093,47.416805],[27.324415,47.416681],[27.324409,47.416629],[27.324368,47.416537],[27.324331,47.416113],[27.324365,47.416111],[27.324417,47.416551],[27.32448,47.416651],[27.324743,47.416561],[27.324892,47.416549],[27.325239,47.416716],[27.3253,47.416722],[27.325272,47.416262],[27.325208,47.415727],[27.325141,47.415316],[27.325133,47.415102],[27.325131,47.415062]]]}},{"type":"Feature","properties":{"fid":260,"Cod_ZF":"ZF11","Tip_ZF":"Zonă locuințe și funcțiuni complementare","Cod_SZF":"L","Tip_SZF":"Zona de locuinte si functiuni complementare","utr":"Li1","cod":"Li1","ZONA":"Li1","denumire":"Zona de locuinte si functiuni complementare","functiune":"Zonă locuințe și funcțiuni complementare"},"geometry":{"type":"Polygon","coordinates":[[[27.32283,47.416589],[27.322792,47.416569],[27.322088,47.4162],[27.321509,47.415899],[27.320921,47.415597],[27.320761,47.415518],[27.32057,47.415752],[27.320327,47.416025],[27.320133,47.416224],[27.320013,47.416345],[27.319599,47.416819],[27.319191,47.417271],[27.318772,47.417963],[27.318812,47.418052],[27.319441,47.418075],[27.319958,47.418076],[27.3207,47.41792],[27.321745,47.41753],[27.321962,47.417444],[27.322206,47.417225],[27.322798,47.416654],[27.32283,47.416589]]]}},{"type":"Feature","properties":{"fid":261,"Cod_ZF":"ZF11","Tip_ZF":"Zonă locuințe și funcțiuni complementare","Cod_SZF":"L","Tip_SZF":"Zona de locuinte si functiuni complementare","utr":"Li1","cod":"Li1","ZONA":"Li1","denumire":"Zona de locuinte si functiuni complementare","functiune":"Zonă locuințe și funcțiuni complementare"},"geometry":{"type":"Polygon","coordinates":[[[27.324636,47.414756],[27.324543,47.414709],[27.324006,47.414437],[27.323288,47.414072],[27.322523,47.413677],[27.322373,47.413621],[27.322024,47.414016],[27.321967,47.414095],[27.321945,47.41409],[27.321516,47.414592],[27.321284,47.414863],[27.320837,47.415419],[27.320787,47.415483],[27.321935,47.416087],[27.322655,47.416456],[27.322745,47.416501],[27.322867,47.416554],[27.323445,47.415952],[27.323849,47.415498],[27.32383,47.415473],[27.324369,47.414969],[27.324636,47.414756]]]}},{"type":"Feature","properties":{"fid":262,"Cod_ZF":"ZF11","Tip_ZF":"Zonă locuințe și funcțiuni complementare","Cod_SZF":"L","Tip_SZF":"Zona de locuinte si functiuni complementare","utr":"Li1","cod":"Li1","ZONA":"Li1","denumire":"Zona de locuinte si functiuni complementare","functiune":"Zonă locuințe și funcțiuni complementare"},"geometry":{"type":"Polygon","coordinates":[[[27.325199,47.412684],[27.325012,47.412522],[27.324879,47.412457],[27.323995,47.412003],[27.323882,47.411944],[27.323094,47.412811],[27.322711,47.413239],[27.322522,47.413449],[27.322432,47.41355],[27.322756,47.413731],[27.323369,47.414046],[27.323526,47.413917],[27.324283,47.413386],[27.325009,47.412855],[27.32513,47.412746],[27.325199,47.412684]]]}},{"type":"Feature","properties":{"fid":263,"Cod_ZF":"ZF11","Tip_ZF":"Zonă locuințe și funcțiuni complementare","Cod_SZF":"L","Tip_SZF":"Zona de locuinte si functiuni complementare","utr":"Li1","cod":"Li1","ZONA":"Li1","denumire":"Zona de locuinte si functiuni complementare","functiune":"Zonă locuințe și funcțiuni complementare"},"geometry":{"type":"Polygon","coordinates":[[[27.326013,47.412979],[27.325649,47.412944],[27.325482,47.412887],[27.325266,47.412742],[27.324315,47.413432],[27.32349,47.414006],[27.323424,47.414073],[27.324296,47.414516],[27.324699,47.414716],[27.324988,47.414516],[27.325342,47.414194],[27.32556,47.413976],[27.325783,47.413688],[27.325987,47.413392],[27.326028,47.413316],[27.326013,47.412979]]]}},{"type":"Feature","properties":{"fid":264,"Cod_ZF":"ZF11","Tip_ZF":"Zonă locuințe și funcțiuni complementare","Cod_SZF":"L","Tip_SZF":"Zona de locuinte si functiuni complementare","utr":"Li1","cod":"Li1","ZONA":"Li1","denumire":"Zona de locuinte si functiuni complementare","functiune":"Zonă locuințe și funcțiuni complementare"},"geometry":{"type":"Polygon","coordinates":[[[27.321701,47.410841],[27.320962,47.410452],[27.320019,47.409975],[27.319355,47.409634],[27.319237,47.409572],[27.318602,47.410126],[27.318555,47.410194],[27.318554,47.410222],[27.318665,47.410306],[27.319411,47.410708],[27.320086,47.411048],[27.320853,47.411427],[27.321008,47.411495],[27.321626,47.410913],[27.321701,47.410841]]]}},{"type":"Feature","properties":{"fid":265,"Cod_ZF":"ZF11","Tip_ZF":"Zonă locuințe și funcțiuni complementare","Cod_SZF":"L","Tip_SZF":"Zona de locuinte si functiuni complementare","utr":"Li1","cod":"Li1","ZONA":"Li1","denumire":"Zona de locuinte si functiuni complementare","functiune":"Zonă locuințe și funcțiuni complementare"},"geometry":{"type":"Polygon","coordinates":[[[27.322776,47.411371],[27.321811,47.410898],[27.321774,47.410879],[27.321116,47.411497],[27.321132,47.411566],[27.321297,47.411654],[27.321551,47.411772],[27.322115,47.412034],[27.322143,47.412032],[27.322699,47.411452],[27.322776,47.411371]]]}},{"type":"Feature","properties":{"fid":266,"Cod_ZF":"ZF11","Tip_ZF":"Zonă locuințe și funcțiuni complementare","Cod_SZF":"L","Tip_SZF":"Zona de locuinte si functiuni complementare","utr":"Li1","cod":"Li1","ZONA":"Li1","denumire":"Zona de locuinte si functiuni complementare","functiune":"Zonă locuințe și funcțiuni complementare"},"geometry":{"type":"Polygon","coordinates":[[[27.323805,47.411904],[27.322898,47.411431],[27.322823,47.411395],[27.322183,47.412056],[27.322769,47.412345],[27.322908,47.412405],[27.323219,47.41254],[27.323747,47.411967],[27.323805,47.411904]]]}},{"type":"Feature","properties":{"fid":267,"Cod_ZF":"ZF11","Tip_ZF":"Zonă locuințe și funcțiuni complementare","Cod_SZF":"L","Tip_SZF":"Zona de locuinte si functiuni complementare","utr":"Li1","cod":"Li1","ZONA":"Li1","denumire":"Zona de locuinte si functiuni complementare","functiune":"Zonă locuințe și funcțiuni complementare"},"geometry":{"type":"Polygon","coordinates":[[[27.316212,47.407956],[27.316862,47.409911],[27.318351,47.411001],[27.321532,47.412601],[27.321708,47.41269],[27.321683,47.413468],[27.320103,47.415124],[27.320166,47.415177],[27.320666,47.41542],[27.32101,47.414978],[27.321785,47.414081],[27.322389,47.413394],[27.323161,47.412585],[27.322179,47.41212],[27.32101,47.41157],[27.320131,47.411123],[27.31905,47.410567],[27.318515,47.410263],[27.318449,47.410238],[27.31854,47.410126],[27.318742,47.409948],[27.319189,47.409546],[27.318595,47.409232],[27.318428,47.409149],[27.318115,47.409458],[27.318472,47.409626],[27.317936,47.410097],[27.31711,47.409726],[27.317644,47.40921],[27.317934,47.409355],[27.318247,47.40906],[27.317541,47.408711],[27.31654,47.40818],[27.316212,47.407956]]]}},{"type":"Feature","properties":{"fid":268,"Cod_ZF":"ZF11","Tip_ZF":"Zonă locuințe și funcțiuni complementare","Cod_SZF":"L","Tip_SZF":"Zona de locuinte si functiuni complementare","utr":"Li1","cod":"Li1","ZONA":"Li1","denumire":"Zona de locuinte si functiuni complementare","functiune":"Zonă locuințe și funcțiuni complementare"},"geometry":{"type":"Polygon","coordinates":[[[27.317871,47.408745],[27.319466,47.409556],[27.320624,47.410175],[27.320844,47.410292],[27.321234,47.410501],[27.321586,47.410203],[27.321348,47.410086],[27.320648,47.409696],[27.319752,47.409226],[27.319788,47.409198],[27.32088,47.409771],[27.321622,47.410164],[27.321997,47.409793],[27.321904,47.40975],[27.321176,47.409302],[27.321223,47.409269],[27.322027,47.409754],[27.322169,47.409608],[27.322227,47.409571],[27.322385,47.409511],[27.322588,47.409418],[27.322754,47.409275],[27.322808,47.409155],[27.322938,47.408969],[27.322965,47.408974],[27.321271,47.407856],[27.321075,47.408042],[27.320848,47.408075],[27.320589,47.408038],[27.320361,47.407886],[27.319734,47.407913],[27.31938,47.407852],[27.319113,47.407916],[27.317981,47.408651],[27.317871,47.408745]]]}},{"type":"Feature","properties":{"fid":269,"Cod_ZF":"ZF11","Tip_ZF":"Zonă locuințe și funcțiuni complementare","Cod_SZF":"L","Tip_SZF":"Zona de locuinte si functiuni complementare","utr":"Li1","cod":"Li1","ZONA":"Li1","denumire":"Zona de locuinte si functiuni complementare","functiune":"Zonă locuințe și funcțiuni complementare"},"geometry":{"type":"Polygon","coordinates":[[[27.320046,47.415185],[27.319025,47.416256],[27.317749,47.417751],[27.317605,47.41792],[27.317494,47.41805],[27.317571,47.418051],[27.31763,47.418052],[27.318572,47.418065],[27.318706,47.418075],[27.318733,47.417929],[27.319073,47.417302],[27.319914,47.416343],[27.320279,47.41597],[27.320559,47.41567],[27.320684,47.415495],[27.32065,47.415461],[27.320142,47.415196],[27.320046,47.415185]]]}},{"type":"Feature","properties":{"fid":270,"Cod_ZF":"ZF11","Tip_ZF":"Zonă locuințe și funcțiuni complementare","Cod_SZF":"L","Tip_SZF":"Zona de locuinte si functiuni complementare","utr":"Li1","cod":"Li1","ZONA":"Li1","denumire":"Zona de locuinte si functiuni complementare","functiune":"Zonă locuințe și funcțiuni complementare"},"geometry":{"type":"Polygon","coordinates":[[[27.31993,47.422081],[27.320296,47.421878],[27.32054,47.422105],[27.32076,47.421982],[27.320932,47.421888],[27.320469,47.421519],[27.309386,47.427085],[27.310125,47.427556],[27.310746,47.427194],[27.311673,47.426737],[27.31285,47.426159],[27.313978,47.425593],[27.315428,47.424879],[27.316542,47.424305],[27.317479,47.423801],[27.318487,47.423252],[27.319725,47.422559],[27.320192,47.422298],[27.31993,47.422081]]]}},{"type":"Feature","properties":{"fid":271,"Cod_ZF":"ZF09","Tip_ZF":"Zonă instituții publice","Cod_SZF":"IS","Tip_SZF":"Zona de institutii publice si servicii","utr":"IS","cod":"IS","ZONA":"IS","denumire":"Zona de institutii publice si servicii","functiune":"Zonă instituții publice"},"geometry":{"type":"Polygon","coordinates":[[[27.320192,47.422298],[27.32054,47.422105],[27.320296,47.421878],[27.31993,47.422081],[27.320192,47.422298]]]}},{"type":"Feature","properties":{"fid":272,"Cod_ZF":"ZF11","Tip_ZF":"Zonă locuințe și funcțiuni complementare","Cod_SZF":"L","Tip_SZF":"Zona de locuinte si functiuni complementare","utr":"Li1","cod":"Li1","ZONA":"Li1","denumire":"Zona de locuinte si functiuni complementare","functiune":"Zonă locuințe și funcțiuni complementare"},"geometry":{"type":"Polygon","coordinates":[[[27.317449,47.418102],[27.316573,47.41913],[27.319246,47.420318],[27.321461,47.421021],[27.32179,47.420989],[27.321923,47.421042],[27.322093,47.42133],[27.322152,47.421314],[27.321892,47.42078],[27.321684,47.420745],[27.321435,47.420677],[27.319555,47.420256],[27.31936,47.420175],[27.318939,47.419796],[27.318913,47.419771],[27.318764,47.419975],[27.318738,47.41996],[27.31921,47.41931],[27.319734,47.418579],[27.320012,47.418215],[27.320037,47.418148],[27.319556,47.418146],[27.319447,47.418344],[27.319073,47.418545],[27.318916,47.418775],[27.318865,47.418829],[27.31867,47.419068],[27.318504,47.419234],[27.318483,47.419238],[27.318446,47.419278],[27.318449,47.419342],[27.318156,47.419742],[27.318116,47.419728],[27.318376,47.419342],[27.318403,47.419265],[27.318576,47.419113],[27.318629,47.419049],[27.318843,47.418814],[27.318889,47.418751],[27.319028,47.41853],[27.319399,47.418326],[27.319506,47.41814],[27.318583,47.418135],[27.318462,47.418115],[27.317875,47.418095],[27.317449,47.418102]]]}},{"type":"Feature","properties":{"fid":273,"Cod_ZF":"ZF09","Tip_ZF":"Zonă instituții publice","Cod_SZF":"IS","Tip_SZF":"Zona de institutii publice si servicii","utr":"IS","cod":"IS","ZONA":"IS","denumire":"Zona de institutii publice si servicii","functiune":"Zonă instituții publice"},"geometry":{"type":"Polygon","coordinates":[[[27.321461,47.421021],[27.320469,47.421519],[27.320932,47.421888],[27.32141,47.42163],[27.321555,47.421557],[27.321842,47.4214],[27.322093,47.42133],[27.321923,47.421042],[27.32179,47.420989],[27.321461,47.421021]]]}},{"type":"Feature","properties":{"fid":274,"Cod_ZF":"ZF11","Tip_ZF":"Zonă locuințe și funcțiuni complementare","Cod_SZF":"L","Tip_SZF":"Zona de locuinte si functiuni complementare","utr":"Li1","cod":"Li1","ZONA":"Li1","denumire":"Zona de locuinte si functiuni complementare","functiune":"Zonă locuințe și funcțiuni complementare"},"geometry":{"type":"Polygon","coordinates":[[[27.322152,47.421314],[27.322268,47.421281],[27.322576,47.421203],[27.323484,47.420974],[27.32384,47.420883],[27.325807,47.420348],[27.326258,47.420122],[27.32633,47.420051],[27.326285,47.42006],[27.325742,47.420275],[27.325264,47.420393],[27.324597,47.420538],[27.324471,47.420522],[27.324102,47.420384],[27.323095,47.420106],[27.32235,47.419859],[27.322143,47.420114],[27.321942,47.420528],[27.321906,47.420658],[27.321975,47.420842],[27.322199,47.421299],[27.322152,47.421314]]]}},{"type":"Feature","properties":{"fid":275,"Cod_ZF":"ZF09","Tip_ZF":"Zonă instituții publice","Cod_SZF":"IS","Tip_SZF":"Zona de institutii publice si servicii","utr":"IS","cod":"IS","ZONA":"IS","denumire":"Zona de institutii publice si servicii","functiune":"Zonă instituții publice"},"geometry":{"type":"Polygon","coordinates":[[[27.326844,47.419581],[27.326611,47.420019],[27.326815,47.42021],[27.326807,47.420273],[27.327393,47.420331],[27.327386,47.420369],[27.327427,47.420397],[27.328272,47.420442],[27.328442,47.420619],[27.328576,47.420556],[27.3286,47.420527],[27.328488,47.420459],[27.328512,47.420428],[27.328248,47.420208],[27.328188,47.420033],[27.32805,47.41995],[27.328008,47.419945],[27.326844,47.419581]]]}},{"type":"Feature","properties":{"fid":276,"Cod_ZF":"ZF11","Tip_ZF":"Zonă locuințe și funcțiuni complementare","Cod_SZF":"L","Tip_SZF":"Zona de locuinte si functiuni complementare","utr":"Li1","cod":"Li1","ZONA":"Li1","denumire":"Zona de locuinte si functiuni complementare","functiune":"Zonă locuințe și funcțiuni complementare"},"geometry":{"type":"Polygon","coordinates":[[[27.325244,47.421152],[27.325142,47.420603],[27.323891,47.420934],[27.322347,47.421365],[27.321998,47.421497],[27.320973,47.422013],[27.320245,47.422415],[27.31858,47.423406],[27.31795,47.423737],[27.316127,47.424715],[27.313834,47.42582],[27.312295,47.426578],[27.310864,47.427296],[27.310534,47.427482],[27.310276,47.427659],[27.310285,47.427668],[27.310322,47.427708],[27.310809,47.428217],[27.311426,47.428214],[27.311599,47.428213],[27.316078,47.425919],[27.316162,47.425876],[27.316213,47.425849],[27.316776,47.425561],[27.316144,47.424992],[27.317969,47.424057],[27.322229,47.421874],[27.324104,47.421204],[27.325244,47.421152]]]}},{"type":"Feature","properties":{"fid":277,"Cod_ZF":"ZF11","Tip_ZF":"Zonă locuințe și funcțiuni complementare","Cod_SZF":"L","Tip_SZF":"Zona de locuinte si functiuni complementare","utr":"Li1","cod":"Li1","ZONA":"Li1","denumire":"Zona de locuinte si functiuni complementare","functiune":"Zonă locuințe și funcțiuni complementare"},"geometry":{"type":"Polygon","coordinates":[[[27.325244,47.421152],[27.326121,47.421112],[27.327703,47.421168],[27.327777,47.421171],[27.328019,47.421041],[27.327961,47.420997],[27.327827,47.420984],[27.3269,47.420879],[27.326666,47.420825],[27.325662,47.420804],[27.325659,47.420783],[27.326334,47.420795],[27.326488,47.420807],[27.326544,47.420809],[27.326137,47.420574],[27.326132,47.420294],[27.325805,47.420427],[27.325142,47.420603],[27.325244,47.421152]]]}},{"type":"Feature","properties":{"fid":278,"Cod_ZF":"ZF12","Tip_ZF":"Zonă unități industriale și de depozitare","Cod_SZF":"AI","Tip_SZF":"Zona unitati agro-industriale","utr":"AI","cod":"AI","ZONA":"AI","denumire":"Zona unitati agro-industriale","functiune":"Zonă unități industriale și de depozitare"},"geometry":{"type":"Polygon","coordinates":[[[27.326367,47.420014],[27.326485,47.419897],[27.326864,47.4192],[27.326988,47.418927],[27.325966,47.418539],[27.325135,47.418217],[27.323873,47.417729],[27.322476,47.417185],[27.322408,47.417196],[27.322323,47.417268],[27.322537,47.418007],[27.322821,47.418432],[27.322988,47.418817],[27.322955,47.418831],[27.322853,47.418657],[27.322841,47.418591],[27.322548,47.418086],[27.322258,47.417322],[27.322077,47.41747],[27.321431,47.41771],[27.320795,47.417949],[27.321005,47.418279],[27.321127,47.418332],[27.321649,47.417738],[27.322088,47.41791],[27.321611,47.418543],[27.321854,47.418649],[27.321988,47.418708],[27.322068,47.418733],[27.321601,47.419226],[27.321463,47.41928],[27.321529,47.419499],[27.322351,47.419776],[27.322384,47.419782],[27.322354,47.419834],[27.322993,47.420026],[27.323241,47.419599],[27.325704,47.420247],[27.325974,47.420138],[27.326367,47.420014]]]}},{"type":"Feature","properties":{"fid":279,"Cod_ZF":"ZF11","Tip_ZF":"Zonă locuințe și funcțiuni complementare","Cod_SZF":"L","Tip_SZF":"Zona de locuinte si functiuni complementare","utr":"Li1","cod":"Li1","ZONA":"Li1","denumire":"Zona de locuinte si functiuni complementare","functiune":"Zonă locuințe și funcțiuni complementare"},"geometry":{"type":"Polygon","coordinates":[[[27.320795,47.417949],[27.320725,47.417975],[27.320242,47.418123],[27.320181,47.418128],[27.319749,47.418656],[27.319141,47.419459],[27.31893,47.419747],[27.319392,47.42016],[27.319423,47.420119],[27.31977,47.419675],[27.319965,47.419467],[27.320205,47.419156],[27.320295,47.419053],[27.320423,47.418963],[27.320454,47.418988],[27.320187,47.419247],[27.319968,47.419541],[27.319791,47.419719],[27.319671,47.419892],[27.319422,47.420176],[27.320159,47.420348],[27.321445,47.42065],[27.32154,47.420686],[27.321682,47.420719],[27.321699,47.420635],[27.321594,47.420492],[27.320906,47.42032],[27.321098,47.420058],[27.321066,47.420021],[27.320515,47.419829],[27.320753,47.41958],[27.320833,47.419434],[27.32088,47.419238],[27.320888,47.419072],[27.321517,47.419197],[27.321743,47.418965],[27.321988,47.418708],[27.321854,47.418649],[27.321611,47.418543],[27.321127,47.418332],[27.321005,47.418279],[27.320795,47.417949]]]}},{"type":"Feature","properties":{"fid":280,"Cod_ZF":"ZF11","Tip_ZF":"Zonă locuințe și funcțiuni complementare","Cod_SZF":"L","Tip_SZF":"Zona de locuinte si functiuni complementare","utr":"Li1","cod":"Li1","ZONA":"Li1","denumire":"Zona de locuinte si functiuni complementare","functiune":"Zonă locuințe și funcțiuni complementare"},"geometry":{"type":"Polygon","coordinates":[[[27.321889,47.420757],[27.321873,47.420626],[27.321926,47.420453],[27.322103,47.420103],[27.322351,47.419776],[27.321529,47.419499],[27.321589,47.419696],[27.321689,47.420194],[27.321691,47.420339],[27.321677,47.420408],[27.321751,47.420591],[27.321827,47.420679],[27.321861,47.42074],[27.321862,47.420758],[27.321889,47.420757]]]}},{"type":"Feature","properties":{"fid":281,"Cod_ZF":"ZF09","Tip_ZF":"Zonă instituții publice","Cod_SZF":"IS","Tip_SZF":"Zona de institutii publice si servicii","utr":"IS","cod":"IS","ZONA":"IS","denumire":"Zona de institutii publice si servicii","functiune":"Zonă instituții publice"},"geometry":{"type":"Polygon","coordinates":[[[27.329324,47.414124],[27.328901,47.414165],[27.328798,47.414178],[27.328704,47.414248],[27.328662,47.414303],[27.328802,47.414367],[27.329275,47.414593],[27.329532,47.414409],[27.329324,47.414124]]]}},{"type":"Feature","properties":{"fid":282,"Cod_ZF":"ZF11","Tip_ZF":"Zonă locuințe și funcțiuni complementare","Cod_SZF":"L","Tip_SZF":"Zona de locuinte si functiuni complementare","utr":"Li1","cod":"Li1","ZONA":"Li1","denumire":"Zona de locuinte si functiuni complementare","functiune":"Zonă locuințe și funcțiuni complementare"},"geometry":{"type":"Polygon","coordinates":[[[27.327523,47.413792],[27.327561,47.413802],[27.3278,47.413554],[27.328715,47.413938],[27.328683,47.413554],[27.328786,47.413295],[27.328832,47.413247],[27.328808,47.413116],[27.328686,47.412976],[27.328547,47.412892],[27.328364,47.412921],[27.328207,47.41294],[27.328092,47.412913],[27.327967,47.412968],[27.327826,47.413018],[27.327632,47.413032],[27.327474,47.41302],[27.327485,47.412987],[27.327627,47.413001],[27.327805,47.412984],[27.327916,47.412954],[27.328064,47.412883],[27.327802,47.412419],[27.327682,47.412296],[27.327619,47.412288],[27.327538,47.412315],[27.327348,47.412503],[27.326856,47.413001],[27.326708,47.413113],[27.326626,47.413201],[27.327523,47.413792]]]}},{"type":"Feature","properties":{"fid":283,"Cod_ZF":"ZF09","Tip_ZF":"Zonă instituții publice","Cod_SZF":"IS","Tip_SZF":"Zona de institutii publice si servicii","utr":"IS","cod":"IS","ZONA":"IS","denumire":"Zona de institutii publice si servicii","functiune":"Zonă instituții publice"},"geometry":{"type":"Polygon","coordinates":[[[27.327561,47.413802],[27.327596,47.413812],[27.327928,47.413965],[27.328048,47.41402],[27.328573,47.414262],[27.328606,47.414218],[27.328713,47.414114],[27.328728,47.414099],[27.328715,47.413938],[27.3278,47.413554],[27.327561,47.413802]]]}},{"type":"Feature","properties":{"fid":284,"Cod_ZF":"ZF14","Tip_ZF":"Zonă spații verzi, sport și agrement","Cod_SZF":"SV","Tip_SZF":"Spatii plantate, agrement, sport","utr":"SV","cod":"SV","ZONA":"SV","denumire":"Spatii plantate, agrement, sport","functiune":"Zonă spații verzi, sport și agrement"},"geometry":{"type":"Polygon","coordinates":[[[27.326789,47.413779],[27.326808,47.413778],[27.327269,47.41376],[27.327276,47.413722],[27.326749,47.413412],[27.326637,47.41335],[27.326609,47.413351],[27.326685,47.413719],[27.326702,47.413729],[27.326789,47.413779]]]}},{"type":"Feature","properties":{"fid":285,"Cod_ZF":"ZF11","Tip_ZF":"Zonă locuințe și funcțiuni complementare","Cod_SZF":"L","Tip_SZF":"Zona de locuinte si functiuni complementare","utr":"Li1","cod":"Li1","ZONA":"Li1","denumire":"Zona de locuinte si functiuni complementare","functiune":"Zonă locuințe și funcțiuni complementare"},"geometry":{"type":"Polygon","coordinates":[[[27.326478,47.413803],[27.326476,47.413793],[27.326396,47.413061],[27.326276,47.413015],[27.326087,47.412986],[27.32609,47.413303],[27.325746,47.413814],[27.325699,47.413881],[27.325744,47.413913],[27.3264,47.413814],[27.326478,47.413803]]]}},{"type":"Feature","properties":{"fid":286,"Cod_ZF":"ZF09","Tip_ZF":"Zonă instituții publice","Cod_SZF":"IS","Tip_SZF":"Zona de institutii publice si servicii","utr":"IS","cod":"IS","ZONA":"IS","denumire":"Zona de institutii publice si servicii","functiune":"Zonă instituții publice"},"geometry":{"type":"Polygon","coordinates":[[[27.318428,47.409149],[27.318247,47.40906],[27.317934,47.409355],[27.317644,47.40921],[27.31711,47.409726],[27.317936,47.410097],[27.318472,47.409626],[27.318115,47.409458],[27.318428,47.409149]]]}},{"type":"Feature","properties":{"fid":287,"Cod_ZF":"ZF12","Tip_ZF":"Zonă unități industriale și de depozitare","Cod_SZF":"AI","Tip_SZF":"Zona unitati agro-industriale","utr":"AI","cod":"AI","ZONA":"AI","denumire":"Zona unitati agro-industriale","functiune":"Zonă unități industriale și de depozitare"},"geometry":{"type":"Polygon","coordinates":[[[27.317513,47.405044],[27.316319,47.407716],[27.316278,47.407909],[27.317574,47.408594],[27.317871,47.408745],[27.317981,47.408651],[27.319113,47.407916],[27.31938,47.407852],[27.319734,47.407913],[27.320361,47.407886],[27.320589,47.408038],[27.320848,47.408075],[27.321075,47.408042],[27.321271,47.407856],[27.320097,47.407081],[27.318226,47.405393],[27.317513,47.405044]]]}},{"type":"Feature","properties":{"fid":288,"Cod_ZF":"ZF06","Tip_ZF":"Căi de comunicație și transporturi","Cod_SZF":"CR","Tip_SZF":"Cai de comunicatie rutiera","utr":"CR","cod":"CR","ZONA":"CR","denumire":"Cai de comunicatie rutiera","functiune":"Căi de comunicație și transporturi"},"geometry":{"type":"Polygon","coordinates":[[[27.326563,47.410788],[27.32668,47.410824],[27.326692,47.4101],[27.326668,47.409157],[27.326773,47.408817],[27.326902,47.408469],[27.327063,47.408313],[27.32704,47.408299],[27.326905,47.40822],[27.326874,47.408369],[27.326798,47.408484],[27.326653,47.408761],[27.326572,47.409111],[27.326562,47.409832],[27.326566,47.409927],[27.326177,47.409508],[27.325866,47.409307],[27.325855,47.409332],[27.326053,47.409474],[27.326252,47.409637],[27.326573,47.409997],[27.326565,47.410095],[27.326563,47.410749],[27.326563,47.410788]]]}},{"type":"Feature","properties":{"fid":289,"Cod_ZF":"ZF06","Tip_ZF":"Căi de comunicație și transporturi","Cod_SZF":"CR","Tip_SZF":"Cai de comunicatie rutiera","utr":"CR","cod":"CR","ZONA":"CR","denumire":"Cai de comunicatie rutiera","functiune":"Căi de comunicație și transporturi"},"geometry":{"type":"Polygon","coordinates":[[[27.322628,47.40334],[27.32253,47.403409],[27.322098,47.403958],[27.322072,47.4046],[27.322149,47.404843],[27.322616,47.405076],[27.323128,47.405291],[27.323517,47.405414],[27.323817,47.405607],[27.324013,47.405699],[27.324205,47.405726],[27.324514,47.405713],[27.324876,47.405902],[27.325359,47.406116],[27.325775,47.406247],[27.32604,47.406362],[27.326124,47.406385],[27.327156,47.407006],[27.327692,47.407311],[27.327821,47.407676],[27.327588,47.407895],[27.327426,47.407914],[27.327334,47.407949],[27.32702,47.408204],[27.326922,47.408171],[27.325684,47.407402],[27.324464,47.406697],[27.324387,47.406751],[27.324421,47.406771],[27.326816,47.408169],[27.326905,47.40822],[27.32704,47.408299],[27.327323,47.40803],[27.327566,47.407978],[27.32791,47.408158],[27.328147,47.4083],[27.328285,47.408372],[27.328328,47.408401],[27.328529,47.408487],[27.328578,47.408501],[27.328677,47.408503],[27.328812,47.408456],[27.328885,47.408443],[27.329156,47.408585],[27.329199,47.408552],[27.328923,47.408406],[27.328844,47.408401],[27.328655,47.408468],[27.328541,47.408435],[27.328377,47.408384],[27.328165,47.408264],[27.327684,47.407971],[27.327644,47.407958],[27.327667,47.407923],[27.327869,47.407879],[27.328278,47.407919],[27.328372,47.407925],[27.328544,47.407892],[27.328734,47.407736],[27.328861,47.407607],[27.328817,47.407581],[27.328574,47.407783],[27.328504,47.407859],[27.328335,47.407879],[27.328088,47.407849],[27.327808,47.407848],[27.32785,47.407779],[27.327926,47.407628],[27.327822,47.407305],[27.327077,47.406838],[27.326416,47.40644],[27.325978,47.406233],[27.325745,47.406181],[27.325274,47.406033],[27.325064,47.40594],[27.324621,47.405696],[27.324562,47.40568],[27.324485,47.40566],[27.324355,47.405666],[27.324186,47.405681],[27.324057,47.405657],[27.323869,47.405564],[27.323564,47.40538],[27.323491,47.40533],[27.323474,47.405279],[27.323536,47.405187],[27.323686,47.404954],[27.323899,47.404613],[27.324188,47.404078],[27.324157,47.40405],[27.324085,47.404138],[27.323293,47.403711],[27.323285,47.403761],[27.324057,47.404189],[27.323822,47.404638],[27.323749,47.404613],[27.323656,47.40455],[27.323601,47.404481],[27.323551,47.404459],[27.323038,47.404172],[27.323007,47.404201],[27.323548,47.40449],[27.323612,47.404561],[27.323796,47.404679],[27.3237,47.404828],[27.323385,47.405315],[27.322723,47.405064],[27.322643,47.405037],[27.322214,47.404817],[27.322123,47.404586],[27.322141,47.403985],[27.322571,47.40342],[27.322628,47.40334]]]}},{"type":"Feature","properties":{"fid":290,"Cod_ZF":"ZF06","Tip_ZF":"Căi de comunicație și transporturi","Cod_SZF":"CR","Tip_SZF":"Cai de comunicatie rutiera","utr":"CR","cod":"CR","ZONA":"CR","denumire":"Cai de comunicatie rutiera","functiune":"Căi de comunicație și transporturi"},"geometry":{"type":"Polygon","coordinates":[[[27.320388,47.404197],[27.320369,47.404209],[27.320504,47.404279],[27.321104,47.404656],[27.32117,47.404723],[27.321277,47.404749],[27.32132,47.404747],[27.321402,47.404768],[27.321886,47.405039],[27.321969,47.405104],[27.322106,47.405323],[27.322144,47.405442],[27.322195,47.405472],[27.322194,47.405433],[27.322129,47.405279],[27.321997,47.405077],[27.321846,47.404985],[27.3216,47.404854],[27.321508,47.404783],[27.321383,47.404737],[27.321262,47.404721],[27.321183,47.404698],[27.321138,47.404639],[27.320949,47.404523],[27.320754,47.404375],[27.320493,47.404242],[27.320388,47.404197]]]}},{"type":"Feature","properties":{"fid":291,"Cod_ZF":"ZF12","Tip_ZF":"Zonă unități industriale și de depozitare","Cod_SZF":"AI","Tip_SZF":"Zona unitati agro-industriale","utr":"AI","cod":"AI","ZONA":"AI","denumire":"Zona unitati agro-industriale","functiune":"Zonă unități industriale și de depozitare"},"geometry":{"type":"Polygon","coordinates":[[[27.322195,47.405472],[27.32222,47.405586],[27.322257,47.405784],[27.322293,47.405845],[27.322406,47.405981],[27.322622,47.40614],[27.322765,47.406259],[27.322844,47.40634],[27.322991,47.406443],[27.323322,47.406671],[27.323578,47.406816],[27.323693,47.406868],[27.323893,47.406939],[27.324052,47.406938],[27.324165,47.406903],[27.324253,47.406843],[27.324387,47.406751],[27.322195,47.405472]]]}},{"type":"Feature","properties":{"fid":292,"Cod_ZF":"ZF06","Tip_ZF":"Căi de comunicație și transporturi","Cod_SZF":"CF","Tip_SZF":"Zona cai de comunicatie feroviara si amenajari aferente","utr":"CF","cod":"CF","ZONA":"CF","denumire":"Zona cai de comunicatie feroviara si amenajari aferente","functiune":"Căi de comunicație și transporturi"},"geometry":{"type":"Polygon","coordinates":[[[27.328907,47.407635],[27.328861,47.407607],[27.328734,47.407736],[27.328544,47.407892],[27.328372,47.407925],[27.328278,47.407919],[27.327869,47.407879],[27.327667,47.407923],[27.327644,47.407958],[27.327684,47.407971],[27.328165,47.408264],[27.328377,47.408384],[27.328541,47.408435],[27.328655,47.408468],[27.328844,47.408401],[27.328923,47.408406],[27.329199,47.408552],[27.329156,47.408585],[27.328885,47.408443],[27.328812,47.408456],[27.328677,47.408503],[27.328578,47.408501],[27.328529,47.408487],[27.328328,47.408401],[27.328285,47.408372],[27.328147,47.4083],[27.32791,47.408158],[27.327566,47.407978],[27.327323,47.40803],[27.32704,47.408299],[27.327063,47.408313],[27.327787,47.408735],[27.328727,47.409283],[27.328936,47.409147],[27.329089,47.409047],[27.329767,47.408607],[27.328907,47.407635]]]}},{"type":"Feature","properties":{"fid":293,"Cod_ZF":"ZF06","Tip_ZF":"Căi de comunicație și transporturi","Cod_SZF":"CF","Tip_SZF":"Zona cai de comunicatie feroviara si amenajari aferente","utr":"CF","cod":"CF","ZONA":"CF","denumire":"Zona cai de comunicatie feroviara si amenajari aferente","functiune":"Căi de comunicație și transporturi"},"geometry":{"type":"Polygon","coordinates":[[[27.321248,47.403503],[27.320883,47.40387],[27.320388,47.404197],[27.320493,47.404242],[27.320754,47.404375],[27.320949,47.404523],[27.321138,47.404639],[27.321183,47.404698],[27.321262,47.404721],[27.321383,47.404737],[27.321508,47.404783],[27.3216,47.404854],[27.321846,47.404985],[27.321997,47.405077],[27.322129,47.405279],[27.322194,47.405433],[27.322195,47.405472],[27.324387,47.406751],[27.324464,47.406697],[27.325684,47.407402],[27.326922,47.408171],[27.32702,47.408204],[27.327334,47.407949],[27.327426,47.407914],[27.327588,47.407895],[27.327821,47.407676],[27.327692,47.407311],[27.327156,47.407006],[27.326124,47.406385],[27.32604,47.406362],[27.325775,47.406247],[27.325359,47.406116],[27.324876,47.405902],[27.324514,47.405713],[27.324205,47.405726],[27.324013,47.405699],[27.323817,47.405607],[27.323517,47.405414],[27.323128,47.405291],[27.322616,47.405076],[27.322149,47.404843],[27.322072,47.4046],[27.322098,47.403958],[27.321319,47.403541],[27.321248,47.403503]]]}},{"type":"Feature","properties":{"fid":294,"Cod_ZF":"ZF12","Tip_ZF":"Zonă unități industriale și de depozitare","Cod_SZF":"AI","Tip_SZF":"Zona unitati agro-industriale","utr":"AI","cod":"AI","ZONA":"AI","denumire":"Zona unitati agro-industriale","functiune":"Zonă unități industriale și de depozitare"},"geometry":{"type":"Polygon","coordinates":[[[27.32423,47.404102],[27.324596,47.40316],[27.323522,47.402717],[27.322628,47.40334],[27.322571,47.40342],[27.322141,47.403985],[27.323547,47.404764],[27.3237,47.404828],[27.323796,47.404679],[27.323612,47.404561],[27.323548,47.40449],[27.323007,47.404201],[27.323038,47.404172],[27.323551,47.404459],[27.323601,47.404481],[27.323656,47.40455],[27.323749,47.404613],[27.323822,47.404638],[27.324057,47.404189],[27.323285,47.403761],[27.323293,47.403711],[27.324085,47.404138],[27.324157,47.40405],[27.324188,47.404078],[27.32423,47.404102]]]}},{"type":"Feature","properties":{"fid":295,"Cod_ZF":"ZF12","Tip_ZF":"Zonă unități industriale și de depozitare","Cod_SZF":"AI","Tip_SZF":"Zona unitati agro-industriale","utr":"AI","cod":"AI","ZONA":"AI","denumire":"Zona unitati agro-industriale","functiune":"Zonă unități industriale și de depozitare"},"geometry":{"type":"Polygon","coordinates":[[[27.322144,47.405442],[27.322106,47.405323],[27.321969,47.405104],[27.321886,47.405039],[27.321402,47.404768],[27.32132,47.404747],[27.321277,47.404749],[27.32117,47.404723],[27.321104,47.404656],[27.320504,47.404279],[27.320369,47.404209],[27.320202,47.404303],[27.320234,47.404327],[27.322144,47.405442]]]}},{"type":"Feature","properties":{"fid":296,"Cod_ZF":"ZF12","Tip_ZF":"Zonă unități industriale și de depozitare","Cod_SZF":"AI","Tip_SZF":"Zona unitati agro-industriale","utr":"AI","cod":"AI","ZONA":"AI","denumire":"Zona unitati agro-industriale","functiune":"Zonă unități industriale și de depozitare"},"geometry":{"type":"Polygon","coordinates":[[[27.320883,47.40387],[27.31934,47.402569],[27.319031,47.402738],[27.318839,47.402843],[27.318484,47.403036],[27.320202,47.404303],[27.320369,47.404209],[27.320388,47.404197],[27.320883,47.40387]]]}},{"type":"Feature","properties":{"fid":297,"Cod_ZF":"ZF06","Tip_ZF":"Căi de comunicație și transporturi","Cod_SZF":"CF","Tip_SZF":"Zona cai de comunicatie feroviara si amenajari aferente","utr":"CF","cod":"CF","ZONA":"CF","denumire":"Zona cai de comunicatie feroviara si amenajari aferente","functiune":"Căi de comunicație și transporturi"},"geometry":{"type":"Polygon","coordinates":[[[27.328817,47.407581],[27.323995,47.404706],[27.32423,47.404102],[27.324188,47.404078],[27.323899,47.404613],[27.323686,47.404954],[27.323536,47.405187],[27.323474,47.405279],[27.323491,47.40533],[27.323564,47.40538],[27.323869,47.405564],[27.324057,47.405657],[27.324186,47.405681],[27.324355,47.405666],[27.324485,47.40566],[27.324562,47.40568],[27.324621,47.405696],[27.325064,47.40594],[27.325274,47.406033],[27.325745,47.406181],[27.325978,47.406233],[27.326416,47.40644],[27.327077,47.406838],[27.327822,47.407305],[27.327926,47.407628],[27.32785,47.407779],[27.327808,47.407848],[27.328088,47.407849],[27.328335,47.407879],[27.328504,47.407859],[27.328574,47.407783],[27.328817,47.407581]]]}},{"type":"Feature","properties":{"fid":298,"Cod_ZF":"ZF06","Tip_ZF":"Căi de comunicație și transporturi","Cod_SZF":"CF","Tip_SZF":"Zona cai de comunicatie feroviara si amenajari aferente","utr":"CF","cod":"CF","ZONA":"CF","denumire":"Zona cai de comunicatie feroviara si amenajari aferente","functiune":"Căi de comunicație și transporturi"},"geometry":{"type":"Polygon","coordinates":[[[27.322141,47.403985],[27.322123,47.404586],[27.322214,47.404817],[27.322643,47.405037],[27.322723,47.405064],[27.323385,47.405315],[27.3237,47.404828],[27.323547,47.404764],[27.322141,47.403985]]]}},{"type":"Feature","properties":{"fid":299,"Cod_ZF":"ZF06","Tip_ZF":"Căi de comunicație și transporturi","Cod_SZF":"CR","Tip_SZF":"Cai de comunicatie rutiera","utr":"CR","cod":"CR","ZONA":"CR","denumire":"Cai de comunicatie rutiera","functiune":"Căi de comunicație și transporturi"},"geometry":{"type":"Polygon","coordinates":[[[27.324421,47.406771],[27.324387,47.406751],[27.324253,47.406843],[27.324165,47.406903],[27.324052,47.406938],[27.323893,47.406939],[27.323693,47.406868],[27.323578,47.406816],[27.323322,47.406671],[27.322991,47.406443],[27.322844,47.40634],[27.322765,47.406259],[27.322622,47.40614],[27.322406,47.405981],[27.322293,47.405845],[27.322257,47.405784],[27.32222,47.405586],[27.322195,47.405472],[27.322144,47.405442],[27.322179,47.405596],[27.32221,47.405786],[27.322229,47.405817],[27.322371,47.405995],[27.322578,47.40614],[27.322641,47.406195],[27.322759,47.406299],[27.322898,47.406418],[27.323008,47.406491],[27.323272,47.406684],[27.323319,47.406708],[27.323669,47.406893],[27.32388,47.406959],[27.32407,47.406964],[27.324218,47.406908],[27.324421,47.406771]]]}},{"type":"Feature","properties":{"fid":300,"Cod_ZF":"ZF11","Tip_ZF":"Zonă locuințe și funcțiuni complementare","Cod_SZF":"L","Tip_SZF":"Zona de locuinte si functiuni complementare","utr":"Li1","cod":"Li1","ZONA":"Li1","denumire":"Zona de locuinte si functiuni complementare","functiune":"Zonă locuințe și funcțiuni complementare"},"geometry":{"type":"Polygon","coordinates":[[[27.310809,47.428217],[27.311604,47.428645],[27.313258,47.428612],[27.313615,47.428439],[27.313772,47.428363],[27.316441,47.427064],[27.316848,47.426516],[27.316213,47.425849],[27.316162,47.425876],[27.316078,47.425919],[27.311599,47.428213],[27.311426,47.428214],[27.310809,47.428217]]]}},{"type":"Feature","properties":{"fid":301,"Cod_ZF":"ZF14","Tip_ZF":"Zonă spații verzi, sport și agrement","Cod_SZF":"SV","Tip_SZF":"Spatii plantate, agrement, sport","utr":"SV","cod":"SV","ZONA":"SV","denumire":"Spatii plantate, agrement, sport","functiune":"Zonă spații verzi, sport și agrement"},"geometry":{"type":"Polygon","coordinates":[[[27.333921,47.415437],[27.333906,47.41531],[27.333252,47.415352],[27.33327,47.415398],[27.333373,47.416714],[27.333377,47.416764],[27.333378,47.41678],[27.333471,47.416746],[27.333495,47.41673],[27.333636,47.416638],[27.333758,47.416577],[27.333933,47.416456],[27.333936,47.416406],[27.333943,47.416276],[27.333948,47.416134],[27.333949,47.415955],[27.333945,47.415736],[27.333921,47.415437]]]}},{"type":"Feature","properties":{"fid":302,"Cod_ZF":"ZF11","Tip_ZF":"Zonă locuințe și funcțiuni complementare","Cod_SZF":"L","Tip_SZF":"Zona de locuinte si functiuni complementare","utr":"Li1","cod":"Li1","ZONA":"Li1","denumire":"Zona de locuinte si functiuni complementare","functiune":"Zonă locuințe și funcțiuni complementare"},"geometry":{"type":"Polygon","coordinates":[[[27.323262,47.409171],[27.322917,47.409278],[27.322911,47.409302],[27.323055,47.409351],[27.323256,47.4094],[27.323333,47.409403],[27.323568,47.409397],[27.323604,47.409397],[27.323262,47.409171]]]}},{"type":"Feature","properties":{"fid":303,"Cod_ZF":"ZF11","Tip_ZF":"Zonă locuințe și funcțiuni complementare","Cod_SZF":"L","Tip_SZF":"Zona de locuinte si functiuni complementare","utr":"Li1","cod":"Li1","ZONA":"Li1","denumire":"Zona de locuinte si functiuni complementare","functiune":"Zonă locuințe și funcțiuni complementare"},"geometry":{"type":"Polygon","coordinates":[[[27.322965,47.408974],[27.322806,47.409232],[27.322808,47.409237],[27.322819,47.40926],[27.322875,47.409257],[27.322997,47.409235],[27.323201,47.409167],[27.323238,47.409155],[27.322965,47.408974]]]}},{"type":"Feature","properties":{"fid":304,"Cod_ZF":"ZF12","Tip_ZF":"Zonă unități industriale și de depozitare","Cod_SZF":"AI","Tip_SZF":"Zona unitati agro-industriale","utr":"AI","cod":"AI","ZONA":"AI","denumire":"Zona unitati agro-industriale","functiune":"Zonă unități industriale și de depozitare"},"geometry":{"type":"Polygon","coordinates":[[[27.318484,47.403036],[27.318172,47.403714],[27.318015,47.404055],[27.317513,47.405044],[27.318226,47.405393],[27.320097,47.407081],[27.321271,47.407856],[27.322965,47.408974],[27.323238,47.409155],[27.323262,47.409171],[27.323604,47.409397],[27.323622,47.409408],[27.324963,47.410294],[27.325641,47.410503],[27.326435,47.410749],[27.326563,47.410788],[27.326563,47.410788],[27.326563,47.410749],[27.326565,47.410095],[27.326573,47.409997],[27.326252,47.409637],[27.326053,47.409474],[27.325855,47.409332],[27.325866,47.409307],[27.326177,47.409508],[27.326566,47.409927],[27.326562,47.409832],[27.326572,47.409111],[27.326653,47.408761],[27.326798,47.408484],[27.326874,47.408369],[27.326905,47.40822],[27.326816,47.408169],[27.324421,47.406771],[27.324218,47.406908],[27.32407,47.406964],[27.32388,47.406959],[27.323669,47.406893],[27.323319,47.406708],[27.323272,47.406684],[27.323008,47.406491],[27.322898,47.406418],[27.322759,47.406299],[27.322641,47.406195],[27.322578,47.40614],[27.322371,47.405995],[27.322229,47.405817],[27.32221,47.405786],[27.322179,47.405596],[27.322144,47.405442],[27.320234,47.404327],[27.320202,47.404303],[27.318484,47.403036]]]}},{"type":"Feature","properties":{"fid":305,"Cod_ZF":"ZF12","Tip_ZF":"Zonă unități industriale și de depozitare","Cod_SZF":"AI","Tip_SZF":"Zona unitati agro-industriale","utr":"AI","cod":"AI","ZONA":"AI","denumire":"Zona unitati agro-industriale","functiune":"Zonă unități industriale și de depozitare"},"geometry":{"type":"Polygon","coordinates":[[[27.333906,47.41531],[27.333885,47.415135],[27.333823,47.414811],[27.333775,47.414607],[27.333692,47.414317],[27.333559,47.413943],[27.333439,47.413661],[27.333238,47.413249],[27.333103,47.413014],[27.333022,47.412883],[27.332819,47.412571],[27.332661,47.412357],[27.332491,47.41214],[27.332309,47.411926],[27.332043,47.411641],[27.331885,47.41148],[27.331575,47.411192],[27.331275,47.410935],[27.330958,47.410689],[27.330678,47.410488],[27.330901,47.410339],[27.328936,47.409147],[27.328727,47.409283],[27.327787,47.408735],[27.327063,47.408313],[27.326902,47.408469],[27.326773,47.408817],[27.326668,47.409157],[27.326692,47.4101],[27.32668,47.410824],[27.331298,47.414578],[27.332013,47.414627],[27.333078,47.414905],[27.333252,47.415352],[27.333906,47.41531]]]}},{"type":"Feature","properties":{"fid":306,"Cod_ZF":"ZF06","Tip_ZF":"Căi de comunicație și transporturi","Cod_SZF":"CF","Tip_SZF":"Zona cai de comunicatie feroviara si amenajari aferente","utr":"CF","cod":"CF","ZONA":"CF","denumire":"Zona cai de comunicatie feroviara si amenajari aferente","functiune":"Căi de comunicație și transporturi"},"geometry":{"type":"Polygon","coordinates":[[[27.330901,47.410339],[27.331046,47.410241],[27.329089,47.409047],[27.328936,47.409147],[27.330901,47.410339]]]}},{"type":"Feature","properties":{"fid":307,"Cod_ZF":"ZF12","Tip_ZF":"Zonă unități industriale și de depozitare","Cod_SZF":"AI","Tip_SZF":"Zona unitati agro-industriale","utr":"AI","cod":"AI","ZONA":"AI","denumire":"Zona unitati agro-industriale","functiune":"Zonă unități industriale și de depozitare"},"geometry":{"type":"Polygon","coordinates":[[[27.332052,47.40951],[27.328907,47.407635],[27.329767,47.408607],[27.329089,47.409047],[27.331046,47.410241],[27.332099,47.409538],[27.332052,47.40951]]]}},{"type":"Feature","properties":{"fid":308,"Cod_ZF":"ZF14","Tip_ZF":"Zonă spații verzi, sport și agrement","Cod_SZF":"SV","Tip_SZF":"Spatii plantate, agrement, sport","utr":"SV","cod":"SV","ZONA":"SV","denumire":"Spatii plantate, agrement, sport","functiune":"Zonă spații verzi, sport și agrement"},"geometry":{"type":"Polygon","coordinates":[[[27.337176,47.416074],[27.337125,47.416142],[27.338024,47.416081],[27.338239,47.416065],[27.338781,47.416018],[27.338778,47.415942],[27.338762,47.415517],[27.338747,47.415124],[27.338843,47.415057],[27.339364,47.415045],[27.339326,47.414502],[27.337443,47.414495],[27.337138,47.41502],[27.33713,47.415127],[27.337159,47.415332],[27.337173,47.415425],[27.337236,47.415864],[27.337238,47.415991],[27.337176,47.416074]]]}},{"type":"Feature","properties":{"fid":309,"Cod_ZF":"ZF05","Tip_ZF":"Echipare tehnico-edilitară","Cod_SZF":"TE","Tip_SZF":"Zona unitati tehnico-edilitare","utr":"TE","cod":"TE","ZONA":"TE","denumire":"Zona unitati tehnico-edilitare","functiune":"Echipare tehnico-edilitară"},"geometry":{"type":"Polygon","coordinates":[[[27.335655,47.415533],[27.335662,47.41551],[27.335663,47.415508],[27.335679,47.415456],[27.335874,47.414838],[27.335885,47.414803],[27.334907,47.414709],[27.334781,47.415458],[27.334804,47.415461],[27.335178,47.415501],[27.335655,47.415533]]]}},{"type":"Feature","properties":{"fid":310,"Cod_ZF":"ZF05","Tip_ZF":"Echipare tehnico-edilitară","Cod_SZF":"TE","Tip_SZF":"Zona unitati tehnico-edilitare","utr":"TE","cod":"TE","ZONA":"TE","denumire":"Zona unitati tehnico-edilitare","functiune":"Echipare tehnico-edilitară"},"geometry":{"type":"Polygon","coordinates":[[[27.315005,47.417558],[27.314937,47.417885],[27.314896,47.418082],[27.314916,47.418082],[27.315106,47.418075],[27.315282,47.418069],[27.315391,47.418065],[27.315969,47.418044],[27.315969,47.418038],[27.315971,47.417971],[27.315979,47.417568],[27.315979,47.417565],[27.315008,47.417547],[27.315005,47.417558]]]}},{"type":"Feature","properties":{"fid":311,"Cod_ZF":"ZF05","Tip_ZF":"Echipare tehnico-edilitară","Cod_SZF":"TE","Tip_SZF":"Zona unitati tehnico-edilitare","utr":"TE","cod":"TE","ZONA":"TE","denumire":"Zona unitati tehnico-edilitare","functiune":"Echipare tehnico-edilitară"},"geometry":{"type":"Polygon","coordinates":[[[27.321611,47.418543],[27.322088,47.41791],[27.321649,47.417738],[27.321127,47.418332],[27.321611,47.418543]]]}},{"type":"Feature","properties":{"fid":312,"Cod_ZF":"ZF13","Tip_ZF":"Zonă gospodării comunale","Cod_SZF":"GC","Tip_SZF":"Zona gospodarie comunala, cimitire","utr":"GC","cod":"GC","ZONA":"GC","denumire":"Zona gospodarie comunala, cimitire","functiune":"Zonă gospodării comunale"},"geometry":{"type":"Polygon","coordinates":[[[27.321594,47.420492],[27.321625,47.420456],[27.321606,47.420364],[27.321644,47.420299],[27.321622,47.42015],[27.321558,47.419839],[27.321443,47.41944],[27.321402,47.419334],[27.321395,47.419284],[27.321409,47.419247],[27.321517,47.419197],[27.320888,47.419072],[27.32088,47.419238],[27.320833,47.419434],[27.320753,47.41958],[27.320515,47.419829],[27.321066,47.420021],[27.321098,47.420058],[27.320906,47.42032],[27.321594,47.420492]]]}},{"type":"Feature","properties":{"fid":313,"Cod_ZF":"ZF11","Tip_ZF":"Zonă locuințe și funcțiuni complementare","Cod_SZF":"L","Tip_SZF":"Zona de locuinte si functiuni complementare","utr":"Li1","cod":"Li1","ZONA":"Li1","denumire":"Zona de locuinte si functiuni complementare","functiune":"Zonă locuințe și funcțiuni complementare"},"geometry":{"type":"Polygon","coordinates":[[[27.322993,47.420026],[27.323914,47.420301],[27.324613,47.420507],[27.325694,47.420251],[27.325704,47.420247],[27.323241,47.419599],[27.322993,47.420026]]]}},{"type":"Feature","properties":{"fid":314,"Cod_ZF":"ZF06","Tip_ZF":"Căi de comunicație și transporturi","Cod_SZF":"CR","Tip_SZF":"Cai de comunicatie rutiera","utr":"CR","cod":"CR","ZONA":"CR","denumire":"Cai de comunicatie rutiera","functiune":"Căi de comunicație și transporturi"},"geometry":{"type":"Polygon","coordinates":[[[27.326544,47.420809],[27.326488,47.420807],[27.326334,47.420795],[27.325659,47.420783],[27.325662,47.420804],[27.326666,47.420825],[27.3269,47.420879],[27.327827,47.420984],[27.327961,47.420997],[27.328028,47.421004],[27.3282,47.42102],[27.328408,47.420923],[27.328911,47.420547],[27.329146,47.420296],[27.329192,47.420198],[27.329137,47.42015],[27.329061,47.42007],[27.32921,47.419894],[27.329181,47.419861],[27.329019,47.420083],[27.329029,47.420131],[27.329153,47.420183],[27.329141,47.420244],[27.329089,47.420322],[27.328869,47.420537],[27.32845,47.420847],[27.328241,47.420964],[27.327967,47.420977],[27.327929,47.420972],[27.327003,47.420873],[27.326956,47.420858],[27.326843,47.420821],[27.326544,47.420809]]]}},{"type":"Feature","properties":{"fid":315,"Cod_ZF":"ZF11","Tip_ZF":"Zonă locuințe și funcțiuni complementare","Cod_SZF":"L","Tip_SZF":"Zona de locuinte si functiuni complementare","utr":"Li1","cod":"Li1","ZONA":"Li1","denumire":"Zona de locuinte si functiuni complementare","functiune":"Zonă locuințe și funcțiuni complementare"},"geometry":{"type":"Polygon","coordinates":[[[27.333387,47.416889],[27.332898,47.416974],[27.332593,47.416965],[27.331473,47.416624],[27.331384,47.416698],[27.331526,47.416765],[27.331673,47.417142],[27.332003,47.417403],[27.332092,47.417571],[27.332012,47.417776],[27.331998,47.417982],[27.332055,47.418195],[27.332085,47.418422],[27.331856,47.418471],[27.331757,47.41852],[27.330909,47.41869],[27.330713,47.41869],[27.330657,47.418692],[27.330428,47.418836],[27.330383,47.418796],[27.330519,47.418717],[27.330416,47.418571],[27.329883,47.418203],[27.329793,47.418139],[27.329588,47.418393],[27.329727,47.418647],[27.329776,47.418738],[27.32978,47.418825],[27.329748,47.418997],[27.329715,47.418988],[27.329745,47.41885],[27.329751,47.418768],[27.329546,47.418416],[27.329297,47.418542],[27.328903,47.418615],[27.328561,47.418672],[27.328105,47.418752],[27.327786,47.418824],[27.327395,47.418881],[27.327174,47.418909],[27.326931,47.419417],[27.326871,47.419531],[27.328065,47.419914],[27.32805,47.41995],[27.328188,47.420033],[27.328248,47.420208],[27.328512,47.420428],[27.328488,47.420459],[27.3286,47.420527],[27.328576,47.420556],[27.328442,47.420619],[27.328272,47.420442],[27.327427,47.420397],[27.327386,47.420369],[27.327393,47.420331],[27.326807,47.420273],[27.326815,47.42021],[27.326611,47.420019],[27.326431,47.420172],[27.326132,47.420294],[27.326137,47.420574],[27.326544,47.420809],[27.326843,47.420821],[27.326956,47.420858],[27.327003,47.420873],[27.327929,47.420972],[27.327967,47.420977],[27.328241,47.420964],[27.32845,47.420847],[27.328869,47.420537],[27.329089,47.420322],[27.329141,47.420244],[27.329153,47.420183],[27.329029,47.420131],[27.329019,47.420083],[27.329181,47.419861],[27.32921,47.419894],[27.329061,47.42007],[27.329137,47.42015],[27.329192,47.420198],[27.329146,47.420296],[27.328911,47.420547],[27.328408,47.420923],[27.3282,47.42102],[27.328028,47.421004],[27.327961,47.420997],[27.328019,47.421041],[27.327777,47.421171],[27.328141,47.421184],[27.329344,47.420597],[27.330561,47.419696],[27.331939,47.419161],[27.333139,47.418831],[27.332912,47.417966],[27.332972,47.417924],[27.333442,47.417597],[27.333387,47.416889]]]}},{"type":"Feature","properties":{"fid":316,"Cod_ZF":"ZF15","Tip_ZF":"Zonă cu destinație specială","Cod_SZF":"D","Tip_SZF":"Zona cu destinatie speciala","utr":"D","cod":"D","ZONA":"D","denumire":"Zona cu destinatie speciala","functiune":"Zonă cu destinație specială"},"geometry":{"type":"Polygon","coordinates":[[[27.326783,47.415236],[27.326748,47.415065],[27.32649,47.415089],[27.326524,47.415403],[27.326695,47.41539],[27.326711,47.415248],[27.326783,47.415236]]]}},{"type":"Feature","properties":{"fid":317,"Cod_ZF":"ZF09","Tip_ZF":"Zonă instituții publice","Cod_SZF":"IS","Tip_SZF":"Zona de institutii publice si servicii","utr":"IS","cod":"IS","ZONA":"IS","denumire":"Zona de institutii publice si servicii","functiune":"Zonă instituții publice"},"geometry":{"type":"Polygon","coordinates":[[[27.327391,47.413901],[27.326887,47.413907],[27.32677,47.413931],[27.326724,47.413988],[27.326963,47.414841],[27.3274,47.414771],[27.32729,47.414469],[27.32716,47.414451],[27.327151,47.414357],[27.327238,47.41433],[27.327452,47.414129],[27.327375,47.414094],[27.327391,47.413901]]]}},{"type":"Feature","properties":{"fid":318,"Cod_ZF":"ZF09","Tip_ZF":"Zonă instituții publice","Cod_SZF":"IS","Tip_SZF":"Zona de institutii publice si servicii","utr":"IS","cod":"IS","ZONA":"IS","denumire":"Zona de institutii publice si servicii","functiune":"Zonă instituții publice"},"geometry":{"type":"Polygon","coordinates":[[[27.327027,47.415078],[27.327164,47.415603],[27.327939,47.415495],[27.32779,47.414951],[27.327027,47.415078]]]}},{"type":"Feature","properties":{"fid":319,"Cod_ZF":"ZF11","Tip_ZF":"Zonă locuințe și funcțiuni complementare","Cod_SZF":"L","Tip_SZF":"Zona de locuinte si functiuni complementare","utr":"Li1","cod":"Li1","ZONA":"Li1","denumire":"Zona de locuinte si functiuni complementare","functiune":"Zonă locuințe și funcțiuni complementare"},"geometry":{"type":"Polygon","coordinates":[[[27.327246,47.415901],[27.327312,47.416131],[27.32732,47.41616],[27.32741,47.416472],[27.327521,47.416457],[27.327544,47.416454],[27.327704,47.416432],[27.32764,47.416233],[27.32816,47.41614],[27.328062,47.415971],[27.328026,47.415812],[27.327246,47.415901]]]}},{"type":"Feature","properties":{"fid":320,"Cod_ZF":"ZF11","Tip_ZF":"Zonă locuințe și funcțiuni complementare","Cod_SZF":"L","Tip_SZF":"Zona de locuinte si functiuni complementare","utr":"Li1","cod":"Li1","ZONA":"Li1","denumire":"Zona de locuinte si functiuni complementare","functiune":"Zonă locuințe și funcțiuni complementare"},"geometry":{"type":"Polygon","coordinates":[[[27.327704,47.416432],[27.327725,47.416429],[27.32798,47.416389],[27.328112,47.416342],[27.328204,47.416263],[27.328205,47.416218],[27.32816,47.41614],[27.32764,47.416233],[27.327704,47.416432]]]}},{"type":"Feature","properties":{"fid":321,"Cod_ZF":"ZF11","Tip_ZF":"Zonă locuințe și funcțiuni complementare","Cod_SZF":"L","Tip_SZF":"Zona de locuinte si functiuni complementare","utr":"Li1","cod":"Li1","ZONA":"Li1","denumire":"Zona de locuinte si functiuni complementare","functiune":"Zonă locuințe și funcțiuni complementare"},"geometry":{"type":"Polygon","coordinates":[[[27.362124,47.429229],[27.362097,47.429285],[27.362729,47.429426],[27.362772,47.429347],[27.362124,47.429229]]]}},{"type":"Feature","properties":{"fid":322,"Cod_ZF":"ZF03","Tip_ZF":"Terenuri agricole","Cod_SZF":"TPS","Tip_SZF":"PASUNI","utr":"AR","cod":"AR","ZONA":"AR","denumire":"PASUNI","functiune":"Terenuri agricole"},"geometry":{"type":"Polygon","coordinates":[[[27.362632,47.392635],[27.361499,47.392397],[27.361007,47.392404],[27.36152,47.392873],[27.36183,47.393157],[27.362514,47.393783],[27.362665,47.393921],[27.362662,47.393803],[27.362632,47.392635]]]}},{"type":"Feature","properties":{"fid":323,"Cod_ZF":"ZF03","Tip_ZF":"Terenuri agricole","Cod_SZF":"TPS","Tip_SZF":"PASUNI","utr":"AR","cod":"AR","ZONA":"AR","denumire":"PASUNI","functiune":"Terenuri agricole"},"geometry":{"type":"Polygon","coordinates":[[[27.373651,47.408818],[27.371441,47.40806],[27.36934,47.409431],[27.36957,47.409505],[27.369684,47.409542],[27.370124,47.409683],[27.370278,47.409733],[27.37035,47.409756],[27.371425,47.410101],[27.371504,47.410056],[27.371543,47.409998],[27.371474,47.409793],[27.371453,47.409762],[27.371433,47.409749],[27.371373,47.409601],[27.37136,47.409458],[27.370742,47.409363],[27.370839,47.4093],[27.372122,47.409307],[27.372453,47.409296],[27.372855,47.409273],[27.373651,47.408818]]]}},{"type":"Feature","properties":{"fid":324,"Cod_ZF":"ZF06","Tip_ZF":"Căi de comunicație și transporturi","Cod_SZF":"CR","Tip_SZF":"Cai de comunicatie rutiera","utr":"CR","cod":"CR","ZONA":"CR","denumire":"Cai de comunicatie rutiera","functiune":"Căi de comunicație și transporturi"},"geometry":{"type":"Polygon","coordinates":[[[27.356754,47.387142],[27.35668,47.387146],[27.356734,47.387274],[27.35677,47.387358],[27.356938,47.387754],[27.357425,47.388809],[27.358233,47.390228],[27.358732,47.391001],[27.3592,47.39172],[27.359633,47.392575],[27.35987,47.393212],[27.360031,47.393701],[27.360221,47.394253],[27.360401,47.39485],[27.360504,47.39524],[27.360561,47.395779],[27.36066,47.396496],[27.360689,47.397014],[27.360661,47.397512],[27.360528,47.397814],[27.360348,47.398311],[27.360224,47.398692],[27.360158,47.398804],[27.360025,47.399004],[27.359903,47.399153],[27.35904,47.400078],[27.358942,47.400168],[27.358142,47.401041],[27.35756,47.401756],[27.357221,47.402325],[27.356884,47.402971],[27.356515,47.403804],[27.356491,47.404122],[27.356432,47.404773],[27.356459,47.405387],[27.356493,47.405502],[27.356596,47.405848],[27.356601,47.405864],[27.356818,47.406444],[27.35702,47.407007],[27.357038,47.407066],[27.357141,47.407392],[27.357155,47.407436],[27.357279,47.408025],[27.357337,47.408477],[27.357368,47.408996],[27.357347,47.409382],[27.357296,47.409644],[27.357279,47.409724],[27.357224,47.409798],[27.3572,47.409828],[27.357165,47.409872],[27.357153,47.409887],[27.356982,47.410048],[27.356673,47.410287],[27.355889,47.410788],[27.355186,47.41124],[27.354434,47.411717],[27.35429,47.411872],[27.354169,47.412211],[27.354133,47.412311],[27.354111,47.412372],[27.354104,47.412439],[27.354027,47.412614],[27.353394,47.413153],[27.353142,47.41329],[27.353462,47.41332],[27.353469,47.413277],[27.354135,47.412677],[27.354254,47.412474],[27.354301,47.412278],[27.35435,47.412069],[27.354562,47.411779],[27.35495,47.411549],[27.35574,47.41106],[27.355892,47.410961],[27.356008,47.410887],[27.356847,47.410344],[27.357221,47.410044],[27.357227,47.410037],[27.357328,47.40991],[27.357355,47.409876],[27.35744,47.409769],[27.35753,47.409371],[27.357517,47.408594],[27.35751,47.408543],[27.357504,47.408485],[27.357447,47.408014],[27.357301,47.407291],[27.357049,47.40658],[27.356812,47.405968],[27.356638,47.405375],[27.356605,47.404835],[27.356688,47.403825],[27.356836,47.403507],[27.357222,47.402661],[27.357745,47.401772],[27.358184,47.401196],[27.358202,47.401177],[27.358252,47.401124],[27.358901,47.400436],[27.358932,47.400404],[27.359163,47.400159],[27.360059,47.399207],[27.36027,47.398895],[27.360302,47.398848],[27.360349,47.398778],[27.360836,47.397327],[27.360883,47.397014],[27.360768,47.396111],[27.360763,47.396078],[27.360621,47.395196],[27.360303,47.394033],[27.360289,47.393991],[27.359842,47.392618],[27.359783,47.392494],[27.359643,47.392204],[27.359627,47.392178],[27.358854,47.39093],[27.358234,47.389948],[27.357532,47.388704],[27.356754,47.387142]]]}},{"type":"Feature","properties":{"fid":325,"Cod_ZF":"ZF06","Tip_ZF":"Căi de comunicație și transporturi","Cod_SZF":"CR","Tip_SZF":"Cai de comunicatie rutiera","utr":"CR","cod":"CR","ZONA":"CR","denumire":"Cai de comunicatie rutiera","functiune":"Căi de comunicație și transporturi"},"geometry":{"type":"Polygon","coordinates":[[[27.360745,47.402332],[27.36079,47.402262],[27.360705,47.402199],[27.360516,47.401968],[27.360405,47.401891],[27.35994,47.401733],[27.359653,47.401589],[27.359603,47.401553],[27.359935,47.401065],[27.36032,47.400497],[27.360456,47.400249],[27.360673,47.399882],[27.360767,47.399643],[27.360843,47.399498],[27.360963,47.399281],[27.361061,47.399019],[27.361044,47.398946],[27.360876,47.398906],[27.360588,47.398864],[27.360302,47.398848],[27.36027,47.398895],[27.360584,47.398899],[27.360849,47.398938],[27.360998,47.398969],[27.36101,47.399014],[27.360894,47.399295],[27.360672,47.399699],[27.360604,47.399856],[27.360399,47.400247],[27.36022,47.400526],[27.359816,47.401129],[27.359543,47.401516],[27.359515,47.40152],[27.358971,47.401344],[27.358519,47.401207],[27.358252,47.401124],[27.358202,47.401177],[27.358871,47.401362],[27.359576,47.401608],[27.358965,47.402518],[27.358703,47.40291],[27.358791,47.402933],[27.359336,47.402121],[27.359668,47.401647],[27.359886,47.40178],[27.360338,47.401923],[27.360434,47.401979],[27.360709,47.402283],[27.360745,47.402332]]]}},{"type":"Feature","properties":{"fid":326,"Cod_ZF":"ZF06","Tip_ZF":"Căi de comunicație și transporturi","Cod_SZF":"CR","Tip_SZF":"Cai de comunicatie rutiera","utr":"CR","cod":"CR","ZONA":"CR","denumire":"Cai de comunicatie rutiera","functiune":"Căi de comunicație și transporturi"},"geometry":{"type":"Polygon","coordinates":[[[27.367013,47.421183],[27.367022,47.421072],[27.367027,47.421007],[27.367087,47.420212],[27.367122,47.419974],[27.367071,47.419235],[27.367019,47.41848],[27.366939,47.418123],[27.366736,47.417705],[27.366667,47.417653],[27.366603,47.417606],[27.366239,47.417421],[27.366102,47.417352],[27.366023,47.417311],[27.365789,47.41681],[27.365508,47.416427],[27.365288,47.416242],[27.364839,47.415866],[27.364756,47.415797],[27.364283,47.415423],[27.364028,47.414933],[27.36397,47.414864],[27.363433,47.414439],[27.363278,47.414272],[27.36313,47.414113],[27.363097,47.414095],[27.363026,47.414056],[27.362982,47.414032],[27.362844,47.413897],[27.362678,47.413735],[27.362233,47.413324],[27.362186,47.413281],[27.362169,47.413266],[27.361798,47.413116],[27.361691,47.413086],[27.361691,47.413086],[27.361636,47.413071],[27.361596,47.41306],[27.36113,47.412929],[27.361049,47.412907],[27.36086,47.412854],[27.360782,47.412832],[27.359877,47.412581],[27.359777,47.412553],[27.358665,47.412376],[27.356498,47.41227],[27.355698,47.412143],[27.354889,47.412161],[27.354301,47.412278],[27.354254,47.412474],[27.35431,47.412468],[27.354727,47.412294],[27.354992,47.412246],[27.355407,47.412242],[27.355657,47.412266],[27.356675,47.412364],[27.357433,47.412408],[27.358897,47.412498],[27.359332,47.41256],[27.360616,47.412887],[27.361277,47.413064],[27.361772,47.413235],[27.362144,47.413451],[27.362436,47.4137],[27.362466,47.413764],[27.36248,47.413794],[27.362819,47.414102],[27.363349,47.414556],[27.363329,47.414579],[27.363866,47.41502],[27.36389,47.41508],[27.3639,47.415105],[27.364067,47.41547],[27.364159,47.415537],[27.364192,47.415548],[27.364416,47.415728],[27.364416,47.415728],[27.365041,47.416227],[27.365491,47.416683],[27.365683,47.417083],[27.365856,47.417399],[27.36605,47.417508],[27.366213,47.417599],[27.366341,47.417671],[27.366594,47.417846],[27.366692,47.418023],[27.366819,47.418478],[27.366937,47.419555],[27.366936,47.419975],[27.366897,47.419981],[27.36691,47.420239],[27.366858,47.42065],[27.366834,47.420667],[27.36685,47.420815],[27.366812,47.421064],[27.366795,47.421178],[27.3669,47.42118],[27.367013,47.421183]]]}},{"type":"Feature","properties":{"fid":327,"Cod_ZF":"ZF06","Tip_ZF":"Căi de comunicație și transporturi","Cod_SZF":"CR","Tip_SZF":"Cai de comunicatie rutiera","utr":"CR","cod":"CR","ZONA":"CR","denumire":"Cai de comunicatie rutiera","functiune":"Căi de comunicație și transporturi"},"geometry":{"type":"Polygon","coordinates":[[[27.360097,47.408058],[27.360033,47.408038],[27.359865,47.40826],[27.359694,47.408393],[27.359572,47.408439],[27.359394,47.40855],[27.359271,47.408657],[27.359195,47.408704],[27.35903,47.408784],[27.358937,47.408877],[27.358407,47.409121],[27.358363,47.409115],[27.358177,47.408817],[27.35777,47.408576],[27.357504,47.408485],[27.35751,47.408543],[27.357749,47.40863],[27.358084,47.408826],[27.358324,47.409182],[27.358495,47.409372],[27.358707,47.409561],[27.35897,47.409688],[27.358426,47.409984],[27.358145,47.41021],[27.358037,47.410304],[27.358022,47.410317],[27.358006,47.410331],[27.358074,47.410366],[27.358097,47.410347],[27.358426,47.410062],[27.358656,47.409913],[27.35903,47.409725],[27.359309,47.409859],[27.360167,47.410298],[27.360383,47.410408],[27.360654,47.410642],[27.360912,47.410874],[27.361016,47.411182],[27.361006,47.411409],[27.360989,47.411773],[27.360615,47.411774],[27.360199,47.411688],[27.360335,47.411766],[27.360383,47.411772],[27.360455,47.411781],[27.360603,47.411819],[27.360809,47.411837],[27.360979,47.411836],[27.361089,47.411843],[27.361117,47.411799],[27.36109,47.411775],[27.361104,47.411153],[27.36103,47.410875],[27.361075,47.410838],[27.361074,47.410795],[27.360973,47.410775],[27.360907,47.410741],[27.361199,47.410556],[27.361388,47.410476],[27.361655,47.410332],[27.361715,47.410279],[27.36183,47.410231],[27.361899,47.410217],[27.362411,47.410134],[27.362805,47.410021],[27.363045,47.4098],[27.363098,47.409767],[27.363077,47.409732],[27.363025,47.409756],[27.362753,47.40998],[27.362423,47.410082],[27.361977,47.410157],[27.361693,47.410224],[27.361589,47.410311],[27.361298,47.410461],[27.361138,47.410533],[27.360855,47.410704],[27.360519,47.410403],[27.360508,47.410397],[27.360273,47.410276],[27.36065,47.409958],[27.360535,47.409967],[27.360391,47.410107],[27.36024,47.410219],[27.360203,47.41023],[27.360111,47.410204],[27.359876,47.410088],[27.359107,47.40969],[27.359123,47.409633],[27.359307,47.409454],[27.359521,47.409372],[27.359486,47.409325],[27.359263,47.409404],[27.35905,47.40961],[27.359014,47.409641],[27.358576,47.409359],[27.358416,47.409183],[27.358435,47.409154],[27.358992,47.408912],[27.359119,47.4088],[27.359304,47.408697],[27.359413,47.40861],[27.359631,47.408467],[27.359737,47.408427],[27.359884,47.408319],[27.360009,47.408201],[27.360097,47.408058]]]}},{"type":"Feature","properties":{"fid":328,"Cod_ZF":"ZF06","Tip_ZF":"Căi de comunicație și transporturi","Cod_SZF":"CR","Tip_SZF":"Cai de comunicatie rutiera","utr":"CR","cod":"CR","ZONA":"CR","denumire":"Cai de comunicatie rutiera","functiune":"Căi de comunicație și transporturi"},"geometry":{"type":"Polygon","coordinates":[[[27.37035,47.409756],[27.370278,47.409733],[27.370218,47.409791],[27.370054,47.410026],[27.369964,47.410164],[27.369919,47.410233],[27.369853,47.410318],[27.369555,47.410709],[27.368691,47.411386],[27.368086,47.411882],[27.367576,47.412313],[27.367442,47.412352],[27.36707,47.412314],[27.366684,47.412294],[27.366357,47.412247],[27.366089,47.412269],[27.365996,47.412277],[27.366005,47.412338],[27.366181,47.412307],[27.366448,47.412305],[27.366676,47.412341],[27.366891,47.412347],[27.367411,47.412397],[27.367311,47.412557],[27.367145,47.412786],[27.36708,47.412953],[27.367025,47.41313],[27.366941,47.413483],[27.36689,47.413692],[27.366791,47.413762],[27.366671,47.413624],[27.366615,47.413647],[27.366137,47.41382],[27.365764,47.414001],[27.365696,47.414041],[27.365515,47.414146],[27.365417,47.414204],[27.365454,47.414252],[27.365613,47.414162],[27.365717,47.414103],[27.366014,47.413935],[27.366641,47.413679],[27.366747,47.413756],[27.366837,47.413919],[27.366851,47.414],[27.366863,47.414095],[27.366867,47.414281],[27.366881,47.414453],[27.366905,47.414628],[27.366991,47.414988],[27.366976,47.415104],[27.366977,47.415177],[27.366971,47.415319],[27.366974,47.415583],[27.366939,47.415958],[27.366931,47.416225],[27.366935,47.416362],[27.366949,47.416638],[27.366927,47.416846],[27.366849,47.417069],[27.366637,47.417585],[27.366603,47.417606],[27.366667,47.417653],[27.366728,47.417556],[27.366839,47.417269],[27.366983,47.416853],[27.367003,47.416689],[27.367007,47.416024],[27.367029,47.415525],[27.367053,47.415002],[27.367079,47.414936],[27.367054,47.414915],[27.366952,47.414522],[27.36696,47.414195],[27.366962,47.414142],[27.366935,47.414103],[27.366931,47.413902],[27.366961,47.413707],[27.367039,47.413335],[27.367244,47.412754],[27.36752,47.412394],[27.367653,47.412363],[27.36819,47.411894],[27.368847,47.41135],[27.369639,47.410741],[27.369853,47.410454],[27.370146,47.410053],[27.370322,47.409773],[27.37035,47.409756]]]}},{"type":"Feature","properties":{"fid":329,"Cod_ZF":"ZF06","Tip_ZF":"Căi de comunicație și transporturi","Cod_SZF":"CR","Tip_SZF":"Cai de comunicatie rutiera","utr":"CR","cod":"CR","ZONA":"CR","denumire":"Cai de comunicatie rutiera","functiune":"Căi de comunicație și transporturi"},"geometry":{"type":"Polygon","coordinates":[[[27.363026,47.414056],[27.363097,47.414095],[27.363579,47.413894],[27.363746,47.413888],[27.364405,47.413865],[27.364955,47.413943],[27.365103,47.413971],[27.365251,47.414089],[27.365382,47.414265],[27.365599,47.414587],[27.365752,47.414843],[27.365749,47.414875],[27.365617,47.414936],[27.365522,47.414963],[27.365405,47.414977],[27.365395,47.415019],[27.365459,47.415019],[27.365613,47.41497],[27.365726,47.414954],[27.365673,47.415252],[27.365696,47.415405],[27.365714,47.41557],[27.365821,47.415562],[27.365741,47.415291],[27.365753,47.41514],[27.365786,47.414954],[27.365845,47.41494],[27.365945,47.41503],[27.366115,47.415148],[27.366305,47.415255],[27.366324,47.415215],[27.366173,47.415113],[27.366018,47.414994],[27.365936,47.414923],[27.365819,47.414822],[27.365699,47.414626],[27.365454,47.414252],[27.365417,47.414204],[27.365386,47.414167],[27.365246,47.414016],[27.365125,47.413925],[27.364482,47.413821],[27.364478,47.413586],[27.364478,47.413548],[27.364476,47.413458],[27.364425,47.413126],[27.364444,47.413112],[27.364601,47.41294],[27.364711,47.412754],[27.364715,47.412741],[27.36475,47.412618],[27.364777,47.412527],[27.364832,47.412421],[27.365082,47.412309],[27.3655,47.412312],[27.3657,47.412335],[27.365835,47.412398],[27.365951,47.412454],[27.366043,47.412685],[27.366174,47.412914],[27.366294,47.413117],[27.366539,47.413519],[27.366615,47.413647],[27.366671,47.413624],[27.366596,47.413512],[27.366481,47.41331],[27.366446,47.413249],[27.366335,47.413054],[27.366131,47.412738],[27.366058,47.412549],[27.366005,47.412338],[27.365996,47.412277],[27.365929,47.412301],[27.365901,47.412298],[27.365844,47.412293],[27.365517,47.412283],[27.365073,47.412269],[27.364868,47.412338],[27.364762,47.412427],[27.364726,47.412519],[27.3647,47.412616],[27.364688,47.41265],[27.364658,47.41273],[27.364654,47.412739],[27.36457,47.41289],[27.364425,47.413067],[27.364389,47.413083],[27.364345,47.413083],[27.364002,47.413056],[27.3639,47.413072],[27.363473,47.413135],[27.362865,47.413172],[27.362696,47.413195],[27.362578,47.413215],[27.362526,47.413223],[27.362506,47.413226],[27.362376,47.413259],[27.362186,47.413281],[27.362233,47.413324],[27.362393,47.413301],[27.36254,47.413268],[27.362989,47.413208],[27.363465,47.41318],[27.363628,47.41316],[27.363991,47.413106],[27.364356,47.413138],[27.36441,47.413449],[27.364418,47.413809],[27.363513,47.413861],[27.363145,47.414008],[27.363026,47.414056]]]}},{"type":"Feature","properties":{"fid":330,"Cod_ZF":"ZF06","Tip_ZF":"Căi de comunicație și transporturi","Cod_SZF":"CR","Tip_SZF":"Cai de comunicatie rutiera","utr":"CR","cod":"CR","ZONA":"CR","denumire":"Cai de comunicatie rutiera","functiune":"Căi de comunicație și transporturi"},"geometry":{"type":"Polygon","coordinates":[[[27.356008,47.410887],[27.355892,47.410961],[27.356245,47.411013],[27.356744,47.411085],[27.356979,47.411139],[27.357146,47.411192],[27.357607,47.411366],[27.358053,47.411543],[27.358435,47.411625],[27.358917,47.411679],[27.359359,47.411751],[27.359784,47.411868],[27.3598,47.412181],[27.359796,47.412373],[27.359777,47.412553],[27.359877,47.412581],[27.359879,47.412399],[27.359881,47.412252],[27.359886,47.411852],[27.359815,47.411748],[27.359746,47.411583],[27.359962,47.411669],[27.360414,47.411877],[27.360792,47.412059],[27.360972,47.412132],[27.360934,47.412243],[27.360852,47.412527],[27.360782,47.412832],[27.36086,47.412854],[27.36089,47.41274],[27.360994,47.41234],[27.361016,47.412282],[27.361149,47.412501],[27.361497,47.412918],[27.361596,47.41306],[27.361636,47.413071],[27.361691,47.413086],[27.361691,47.413086],[27.36165,47.413011],[27.36162,47.412956],[27.36156,47.412885],[27.361501,47.412816],[27.36118,47.412441],[27.361051,47.412225],[27.361057,47.412171],[27.361187,47.41223],[27.361699,47.412413],[27.361858,47.412454],[27.361936,47.412474],[27.362024,47.412516],[27.362071,47.412538],[27.362081,47.412542],[27.362208,47.412603],[27.362215,47.412606],[27.362229,47.412612],[27.362246,47.412676],[27.36233,47.412723],[27.362357,47.412822],[27.362445,47.412997],[27.362526,47.413223],[27.362578,47.413215],[27.36256,47.413166],[27.36252,47.413059],[27.362395,47.4127],[27.362324,47.412666],[27.362311,47.412612],[27.362315,47.412603],[27.362328,47.412572],[27.362312,47.412507],[27.362309,47.412498],[27.3623,47.41246],[27.362366,47.412053],[27.362338,47.411972],[27.362268,47.411964],[27.362287,47.412072],[27.362264,47.412258],[27.362225,47.412439],[27.362245,47.412502],[27.362249,47.412513],[27.362231,47.412534],[27.362108,47.412488],[27.362087,47.41248],[27.361893,47.412419],[27.361793,47.412387],[27.361573,47.412314],[27.361393,47.412248],[27.361126,47.41215],[27.361063,47.412084],[27.361073,47.411988],[27.361089,47.411843],[27.360979,47.411836],[27.360971,47.412045],[27.360969,47.412096],[27.360344,47.411793],[27.360339,47.411778],[27.360335,47.411766],[27.360199,47.411688],[27.360184,47.411693],[27.36012,47.411711],[27.359692,47.411525],[27.35925,47.411205],[27.3589,47.410959],[27.358074,47.410366],[27.358006,47.410331],[27.357418,47.409926],[27.357328,47.40991],[27.357227,47.410037],[27.357371,47.41006],[27.357765,47.410276],[27.358234,47.410563],[27.358832,47.410993],[27.359624,47.411563],[27.359726,47.411783],[27.3594,47.4117],[27.358904,47.41162],[27.358563,47.41158],[27.358277,47.41153],[27.357929,47.41144],[27.357648,47.411324],[27.357126,47.411104],[27.356955,47.411057],[27.356745,47.411027],[27.356056,47.41093],[27.356008,47.410887]]]}},{"type":"Feature","properties":{"fid":331,"Cod_ZF":"ZF06","Tip_ZF":"Căi de comunicație și transporturi","Cod_SZF":"CR","Tip_SZF":"Cai de comunicatie rutiera","utr":"CR","cod":"CR","ZONA":"CR","denumire":"Cai de comunicatie rutiera","functiune":"Căi de comunicație și transporturi"},"geometry":{"type":"Polygon","coordinates":[[[27.362619,47.417589],[27.362635,47.417608],[27.362637,47.417623],[27.362832,47.417371],[27.36308,47.417155],[27.363381,47.416798],[27.363448,47.416734],[27.363515,47.416718],[27.363751,47.417081],[27.363892,47.417332],[27.364036,47.417597],[27.364235,47.418194],[27.364297,47.418567],[27.364343,47.418862],[27.364402,47.418942],[27.364563,47.419098],[27.364584,47.419279],[27.364568,47.419435],[27.364529,47.419526],[27.364357,47.420027],[27.36436,47.420389],[27.364355,47.420937],[27.364449,47.420938],[27.36444,47.420028],[27.364507,47.419776],[27.364627,47.419457],[27.364645,47.419303],[27.364639,47.419095],[27.36445,47.418909],[27.364404,47.418797],[27.364365,47.418432],[27.364263,47.418036],[27.364135,47.417605],[27.363979,47.417266],[27.363935,47.417223],[27.363822,47.416978],[27.363792,47.416943],[27.363564,47.416635],[27.36328,47.416189],[27.363261,47.416147],[27.363174,47.415954],[27.363122,47.415947],[27.362956,47.415614],[27.362934,47.4152],[27.362892,47.415096],[27.362729,47.414871],[27.362525,47.414647],[27.362283,47.414344],[27.362312,47.414248],[27.362443,47.413824],[27.36248,47.413794],[27.362466,47.413764],[27.362436,47.4137],[27.36236,47.413816],[27.362227,47.414213],[27.362225,47.414384],[27.362305,47.414487],[27.362315,47.414577],[27.362194,47.414725],[27.361683,47.415264],[27.361432,47.415452],[27.361376,47.415437],[27.360663,47.416067],[27.360074,47.416584],[27.359672,47.416936],[27.359107,47.417515],[27.358773,47.418101],[27.358577,47.418466],[27.358033,47.419335],[27.357787,47.419749],[27.357147,47.420628],[27.356488,47.421512],[27.356445,47.421692],[27.356428,47.422076],[27.356511,47.422084],[27.356523,47.421717],[27.356583,47.421547],[27.356721,47.421379],[27.357694,47.420043],[27.357921,47.419792],[27.358247,47.419233],[27.358797,47.418285],[27.359366,47.417348],[27.359649,47.417054],[27.359946,47.416824],[27.360726,47.41616],[27.361182,47.415753],[27.361411,47.41555],[27.361897,47.415165],[27.362168,47.41489],[27.362397,47.414618],[27.36256,47.414821],[27.362843,47.415169],[27.36286,47.415555],[27.36306,47.415991],[27.363243,47.416292],[27.363463,47.416629],[27.363432,47.4167],[27.363225,47.416909],[27.363002,47.41714],[27.36279,47.417338],[27.362619,47.417589]]]}},{"type":"Feature","properties":{"fid":332,"Cod_ZF":"ZF01","Tip_ZF":"Zonă aflată permanent sub ape","Cod_SZF":"TA","Tip_SZF":"Ape","utr":"TA","cod":"TA","ZONA":"TA","denumire":"Ape","functiune":"Zonă aflată permanent sub ape"},"geometry":{"type":"Polygon","coordinates":[[[27.358097,47.410347],[27.358074,47.410366],[27.3589,47.410959],[27.35925,47.411205],[27.359692,47.411525],[27.36012,47.411711],[27.360184,47.411693],[27.360132,47.411666],[27.359896,47.411568],[27.359735,47.411497],[27.359076,47.411035],[27.358369,47.410541],[27.358097,47.410347]]]}},{"type":"Feature","properties":{"fid":333,"Cod_ZF":"ZF01","Tip_ZF":"Zonă aflată permanent sub ape","Cod_SZF":"TA","Tip_SZF":"Ape","utr":"TA","cod":"TA","ZONA":"TA","denumire":"Ape","functiune":"Zonă aflată permanent sub ape"},"geometry":{"type":"Polygon","coordinates":[[[27.365515,47.414146],[27.365696,47.414041],[27.365695,47.414017],[27.365559,47.413855],[27.365447,47.413739],[27.365418,47.413705],[27.36528,47.413478],[27.365339,47.413234],[27.365398,47.413182],[27.365358,47.412931],[27.365189,47.412761],[27.365049,47.412706],[27.36475,47.412618],[27.364715,47.412741],[27.364772,47.412752],[27.364831,47.412742],[27.364944,47.41279],[27.365056,47.412868],[27.365134,47.412956],[27.365242,47.413137],[27.365215,47.413241],[27.365123,47.413438],[27.365166,47.413532],[27.365279,47.413675],[27.365398,47.413911],[27.365515,47.414146]]]}},{"type":"Feature","properties":{"fid":334,"Cod_ZF":"ZF01","Tip_ZF":"Zonă aflată permanent sub ape","Cod_SZF":"TA","Tip_SZF":"Ape","utr":"TA","cod":"TA","ZONA":"TA","denumire":"Ape","functiune":"Zonă aflată permanent sub ape"},"geometry":{"type":"Polygon","coordinates":[[[27.366102,47.417352],[27.366239,47.417421],[27.366277,47.417377],[27.366405,47.41712],[27.36658,47.416964],[27.366725,47.416825],[27.366836,47.416679],[27.36684,47.416518],[27.366782,47.416381],[27.366724,47.416284],[27.366492,47.415959],[27.366418,47.415835],[27.3664,47.41563],[27.366439,47.415476],[27.366442,47.415369],[27.366532,47.415318],[27.366537,47.41519],[27.366513,47.415071],[27.366467,47.414972],[27.366479,47.414923],[27.366712,47.41465],[27.366733,47.414641],[27.366723,47.414397],[27.366232,47.414255],[27.366171,47.414206],[27.365976,47.414149],[27.365837,47.414139],[27.365717,47.414103],[27.365613,47.414162],[27.365775,47.414171],[27.36608,47.414273],[27.366511,47.414404],[27.366618,47.414464],[27.366641,47.414527],[27.3666,47.414584],[27.366411,47.414843],[27.366326,47.415],[27.366402,47.415015],[27.366419,47.41517],[27.366324,47.415215],[27.366305,47.415255],[27.366296,47.415273],[27.366247,47.415371],[27.366205,47.415572],[27.366249,47.415864],[27.366431,47.416137],[27.366559,47.41625],[27.366586,47.416442],[27.366545,47.41665],[27.366462,47.416825],[27.366204,47.417044],[27.366102,47.417352]]]}},{"type":"Feature","properties":{"fid":335,"Cod_ZF":"ZF01","Tip_ZF":"Zonă aflată permanent sub ape","Cod_SZF":"TA","Tip_SZF":"Ape","utr":"TA","cod":"TA","ZONA":"TA","denumire":"Ape","functiune":"Zonă aflată permanent sub ape"},"geometry":{"type":"Polygon","coordinates":[[[27.365227,47.421067],[27.365312,47.42109],[27.365343,47.42103],[27.365528,47.420886],[27.365602,47.420827],[27.365643,47.420795],[27.365689,47.42072],[27.365677,47.420626],[27.365575,47.420427],[27.365478,47.420362],[27.365446,47.420245],[27.365441,47.420092],[27.365516,47.419875],[27.365572,47.419839],[27.365977,47.419827],[27.36614,47.419746],[27.366272,47.419661],[27.366298,47.419591],[27.366217,47.419479],[27.366205,47.419351],[27.366273,47.419137],[27.366373,47.418923],[27.366371,47.418607],[27.366344,47.418507],[27.366232,47.418338],[27.366218,47.418218],[27.366338,47.418041],[27.366309,47.41784],[27.366211,47.417627],[27.366213,47.417599],[27.36605,47.417508],[27.366032,47.417694],[27.366032,47.41777],[27.366094,47.417863],[27.366104,47.417916],[27.366122,47.417984],[27.366062,47.41807],[27.36603,47.418423],[27.36616,47.418661],[27.366181,47.418779],[27.366149,47.418928],[27.366031,47.419154],[27.366034,47.419401],[27.366163,47.419569],[27.366125,47.419694],[27.366008,47.419737],[27.365908,47.419726],[27.365563,47.419725],[27.365472,47.419771],[27.365328,47.420041],[27.365325,47.420174],[27.365346,47.420321],[27.365389,47.420395],[27.365515,47.42055],[27.365599,47.420695],[27.365553,47.420802],[27.36538,47.420889],[27.365245,47.421004],[27.365227,47.421067]]]}},{"type":"Feature","properties":{"fid":336,"Cod_ZF":"ZF11","Tip_ZF":"Zonă locuințe și funcțiuni complementare","Cod_SZF":"L","Tip_SZF":"Zona de locuinte si functiuni complementare","utr":"Li1","cod":"Li1","ZONA":"Li1","denumire":"Zona de locuinte si functiuni complementare","functiune":"Zonă locuințe și funcțiuni complementare"},"geometry":{"type":"Polygon","coordinates":[[[27.363077,47.409732],[27.362506,47.4088],[27.361532,47.4085],[27.360493,47.40818],[27.360097,47.408058],[27.360009,47.408201],[27.359884,47.408319],[27.359737,47.408427],[27.359631,47.408467],[27.359413,47.40861],[27.359304,47.408697],[27.359119,47.4088],[27.358992,47.408912],[27.358435,47.409154],[27.358416,47.409183],[27.358576,47.409359],[27.359014,47.409641],[27.35905,47.40961],[27.359263,47.409404],[27.359486,47.409325],[27.359521,47.409372],[27.359307,47.409454],[27.359123,47.409633],[27.359107,47.40969],[27.359876,47.410088],[27.360111,47.410204],[27.360203,47.41023],[27.36024,47.410219],[27.360391,47.410107],[27.360535,47.409967],[27.36065,47.409958],[27.360273,47.410276],[27.360508,47.410397],[27.360519,47.410403],[27.360855,47.410704],[27.361138,47.410533],[27.361298,47.410461],[27.361589,47.410311],[27.361693,47.410224],[27.361977,47.410157],[27.362423,47.410082],[27.362753,47.40998],[27.363025,47.409756],[27.363077,47.409732]],[[27.360521,47.410398],[27.36064,47.41001],[27.361221,47.410061],[27.361312,47.41014],[27.361306,47.410308],[27.361144,47.410421],[27.360521,47.410398]]]}},{"type":"Feature","properties":{"fid":337,"Cod_ZF":"ZF11","Tip_ZF":"Zonă locuințe și funcțiuni complementare","Cod_SZF":"L","Tip_SZF":"Zona de locuinte si functiuni complementare","utr":"Li1","cod":"Li1","ZONA":"Li1","denumire":"Zona de locuinte si functiuni complementare","functiune":"Zonă locuințe și funcțiuni complementare"},"geometry":{"type":"Polygon","coordinates":[[[27.360199,47.411688],[27.360615,47.411774],[27.360989,47.411773],[27.361006,47.411409],[27.361016,47.411182],[27.360912,47.410874],[27.360654,47.410642],[27.360383,47.410408],[27.360167,47.410298],[27.359309,47.409859],[27.35903,47.409725],[27.358656,47.409913],[27.358426,47.410062],[27.358097,47.410347],[27.358369,47.410541],[27.359076,47.411035],[27.359735,47.411497],[27.359896,47.411568],[27.360132,47.411666],[27.360184,47.411693],[27.360199,47.411688]]]}},{"type":"Feature","properties":{"fid":338,"Cod_ZF":"ZF09","Tip_ZF":"Zonă instituții publice","Cod_SZF":"IS","Tip_SZF":"Zona de institutii publice si servicii","utr":"IS","cod":"IS","ZONA":"IS","denumire":"Zona de institutii publice si servicii","functiune":"Zonă instituții publice"},"geometry":{"type":"Polygon","coordinates":[[[27.360521,47.410398],[27.361144,47.410421],[27.361306,47.410308],[27.361312,47.41014],[27.361221,47.410061],[27.36064,47.41001],[27.360521,47.410398]]]}},{"type":"Feature","properties":{"fid":339,"Cod_ZF":"ZF11","Tip_ZF":"Zonă locuințe și funcțiuni complementare","Cod_SZF":"L","Tip_SZF":"Zona de locuinte si functiuni complementare","utr":"Li1","cod":"Li1","ZONA":"Li1","denumire":"Zona de locuinte si functiuni complementare","functiune":"Zonă locuințe și funcțiuni complementare"},"geometry":{"type":"Polygon","coordinates":[[[27.36797,47.410936],[27.366096,47.412017],[27.365151,47.411491],[27.364202,47.410512],[27.363147,47.409847],[27.363098,47.409767],[27.363045,47.4098],[27.362805,47.410021],[27.362411,47.410134],[27.361899,47.410217],[27.36183,47.410231],[27.361715,47.410279],[27.361655,47.410332],[27.361388,47.410476],[27.361199,47.410556],[27.360907,47.410741],[27.360973,47.410775],[27.361074,47.410795],[27.361075,47.410838],[27.36103,47.410875],[27.361104,47.411153],[27.36109,47.411775],[27.361117,47.411799],[27.361217,47.411806],[27.362308,47.411897],[27.362736,47.411937],[27.363259,47.41199],[27.363906,47.412036],[27.363983,47.412041],[27.363862,47.411706],[27.363747,47.411404],[27.363812,47.411394],[27.364091,47.412053],[27.36467,47.412108],[27.365508,47.412119],[27.365938,47.412115],[27.366161,47.41209],[27.366371,47.412009],[27.366987,47.411681],[27.367324,47.411497],[27.367594,47.41131],[27.367785,47.411123],[27.36797,47.410936]]]}},{"type":"Feature","properties":{"fid":340,"Cod_ZF":"ZF11","Tip_ZF":"Zonă locuințe și funcțiuni complementare","Cod_SZF":"L","Tip_SZF":"Zona de locuinte si functiuni complementare","utr":"Li1","cod":"Li1","ZONA":"Li1","denumire":"Zona de locuinte si functiuni complementare","functiune":"Zonă locuințe și funcțiuni complementare"},"geometry":{"type":"Polygon","coordinates":[[[27.36874,47.410104],[27.368141,47.410775],[27.368042,47.410975],[27.367888,47.411172],[27.367622,47.411393],[27.367375,47.411573],[27.366504,47.412025],[27.366339,47.412111],[27.366158,47.412166],[27.365974,47.412191],[27.365996,47.412277],[27.366089,47.412269],[27.366357,47.412247],[27.366684,47.412294],[27.36707,47.412314],[27.367442,47.412352],[27.367576,47.412313],[27.368086,47.411882],[27.368691,47.411386],[27.369555,47.410709],[27.369853,47.410318],[27.369919,47.410233],[27.369964,47.410164],[27.370054,47.410026],[27.370218,47.409791],[27.370278,47.409733],[27.370124,47.409683],[27.369684,47.409542],[27.369642,47.409552],[27.369053,47.409914],[27.36874,47.410104]]]}},{"type":"Feature","properties":{"fid":341,"Cod_ZF":"ZF11","Tip_ZF":"Zonă locuințe și funcțiuni complementare","Cod_SZF":"L","Tip_SZF":"Zona de locuinte si functiuni complementare","utr":"Li1","cod":"Li1","ZONA":"Li1","denumire":"Zona de locuinte si functiuni complementare","functiune":"Zonă locuințe și funcțiuni complementare"},"geometry":{"type":"Polygon","coordinates":[[[27.367087,47.420212],[27.367964,47.420204],[27.368508,47.420071],[27.368602,47.41682],[27.369031,47.414429],[27.368205,47.412892],[27.368753,47.412185],[27.371425,47.410101],[27.37035,47.409756],[27.370322,47.409773],[27.370146,47.410053],[27.369853,47.410454],[27.369639,47.410741],[27.368847,47.41135],[27.36819,47.411894],[27.367653,47.412363],[27.36752,47.412394],[27.367244,47.412754],[27.367039,47.413335],[27.366961,47.413707],[27.366931,47.413902],[27.366935,47.414103],[27.366962,47.414142],[27.36696,47.414195],[27.366952,47.414522],[27.367054,47.414915],[27.367079,47.414936],[27.367053,47.415002],[27.367029,47.415525],[27.367007,47.416024],[27.367003,47.416689],[27.366983,47.416853],[27.366839,47.417269],[27.366728,47.417556],[27.366667,47.417653],[27.366736,47.417705],[27.366939,47.418123],[27.367019,47.41848],[27.367071,47.419235],[27.367122,47.419974],[27.367087,47.420212]]]}},{"type":"Feature","properties":{"fid":342,"Cod_ZF":"ZF11","Tip_ZF":"Zonă locuințe și funcțiuni complementare","Cod_SZF":"L","Tip_SZF":"Zona de locuinte si functiuni complementare","utr":"Li1","cod":"Li1","ZONA":"Li1","denumire":"Zona de locuinte si functiuni complementare","functiune":"Zonă locuințe și funcțiuni complementare"},"geometry":{"type":"Polygon","coordinates":[[[27.366671,47.413624],[27.366791,47.413762],[27.36689,47.413692],[27.366941,47.413483],[27.367025,47.41313],[27.36708,47.412953],[27.367145,47.412786],[27.367311,47.412557],[27.367411,47.412397],[27.366891,47.412347],[27.366676,47.412341],[27.366448,47.412305],[27.366181,47.412307],[27.366005,47.412338],[27.366058,47.412549],[27.366131,47.412738],[27.366335,47.413054],[27.366446,47.413249],[27.366481,47.41331],[27.366596,47.413512],[27.366671,47.413624]]]}},{"type":"Feature","properties":{"fid":343,"Cod_ZF":"ZF11","Tip_ZF":"Zonă locuințe și funcțiuni complementare","Cod_SZF":"L","Tip_SZF":"Zona de locuinte si functiuni complementare","utr":"Li1","cod":"Li1","ZONA":"Li1","denumire":"Zona de locuinte si functiuni complementare","functiune":"Zonă locuințe și funcțiuni complementare"},"geometry":{"type":"Polygon","coordinates":[[[27.365696,47.414041],[27.365764,47.414001],[27.366137,47.41382],[27.366615,47.413647],[27.366539,47.413519],[27.366294,47.413117],[27.366174,47.412914],[27.366043,47.412685],[27.365951,47.412454],[27.365835,47.412398],[27.3657,47.412335],[27.3655,47.412312],[27.365082,47.412309],[27.364832,47.412421],[27.364777,47.412527],[27.36475,47.412618],[27.365049,47.412706],[27.365189,47.412761],[27.365358,47.412931],[27.365398,47.413182],[27.365339,47.413234],[27.36528,47.413478],[27.365418,47.413705],[27.365447,47.413739],[27.365559,47.413855],[27.365695,47.414017],[27.365696,47.414041]]]}},{"type":"Feature","properties":{"fid":344,"Cod_ZF":"ZF11","Tip_ZF":"Zonă locuințe și funcțiuni complementare","Cod_SZF":"L","Tip_SZF":"Zona de locuinte si functiuni complementare","utr":"Li1","cod":"Li1","ZONA":"Li1","denumire":"Zona de locuinte si functiuni complementare","functiune":"Zonă locuințe și funcțiuni complementare"},"geometry":{"type":"Polygon","coordinates":[[[27.365417,47.414204],[27.365515,47.414146],[27.365398,47.413911],[27.365279,47.413675],[27.365166,47.413532],[27.365123,47.413438],[27.365215,47.413241],[27.365242,47.413137],[27.365134,47.412956],[27.365056,47.412868],[27.364944,47.41279],[27.364831,47.412742],[27.364772,47.412752],[27.364715,47.412741],[27.364711,47.412754],[27.364601,47.41294],[27.364444,47.413112],[27.364425,47.413126],[27.364476,47.413458],[27.364478,47.413548],[27.364478,47.413586],[27.364482,47.413821],[27.365125,47.413925],[27.365246,47.414016],[27.365386,47.414167],[27.365417,47.414204]]]}},{"type":"Feature","properties":{"fid":345,"Cod_ZF":"ZF11","Tip_ZF":"Zonă locuințe și funcțiuni complementare","Cod_SZF":"L","Tip_SZF":"Zona de locuinte si functiuni complementare","utr":"Li1","cod":"Li1","ZONA":"Li1","denumire":"Zona de locuinte si functiuni complementare","functiune":"Zonă locuințe și funcțiuni complementare"},"geometry":{"type":"Polygon","coordinates":[[[27.365613,47.414162],[27.365454,47.414252],[27.365699,47.414626],[27.365819,47.414822],[27.365936,47.414923],[27.366018,47.414994],[27.366173,47.415113],[27.366324,47.415215],[27.366419,47.41517],[27.366402,47.415015],[27.366326,47.415],[27.366411,47.414843],[27.3666,47.414584],[27.366641,47.414527],[27.366618,47.414464],[27.366511,47.414404],[27.36608,47.414273],[27.365775,47.414171],[27.365613,47.414162]]]}},{"type":"Feature","properties":{"fid":346,"Cod_ZF":"ZF11","Tip_ZF":"Zonă locuințe și funcțiuni complementare","Cod_SZF":"L","Tip_SZF":"Zona de locuinte si functiuni complementare","utr":"Li1","cod":"Li1","ZONA":"Li1","denumire":"Zona de locuinte si functiuni complementare","functiune":"Zonă locuințe și funcțiuni complementare"},"geometry":{"type":"Polygon","coordinates":[[[27.366239,47.417421],[27.366603,47.417606],[27.366637,47.417585],[27.366849,47.417069],[27.366927,47.416846],[27.366949,47.416638],[27.366935,47.416362],[27.366931,47.416225],[27.366939,47.415958],[27.366974,47.415583],[27.366971,47.415319],[27.366977,47.415177],[27.366976,47.415104],[27.366991,47.414988],[27.366905,47.414628],[27.366881,47.414453],[27.366867,47.414281],[27.366863,47.414095],[27.366851,47.414],[27.366837,47.413919],[27.366747,47.413756],[27.366641,47.413679],[27.366014,47.413935],[27.365717,47.414103],[27.365837,47.414139],[27.365976,47.414149],[27.366171,47.414206],[27.366232,47.414255],[27.366723,47.414397],[27.366733,47.414641],[27.366712,47.41465],[27.366479,47.414923],[27.366467,47.414972],[27.366513,47.415071],[27.366537,47.41519],[27.366532,47.415318],[27.366442,47.415369],[27.366439,47.415476],[27.3664,47.41563],[27.366418,47.415835],[27.366492,47.415959],[27.366724,47.416284],[27.366782,47.416381],[27.36684,47.416518],[27.366836,47.416679],[27.366725,47.416825],[27.36658,47.416964],[27.366405,47.41712],[27.366277,47.417377],[27.366239,47.417421]]]}},{"type":"Feature","properties":{"fid":347,"Cod_ZF":"ZF11","Tip_ZF":"Zonă locuințe și funcțiuni complementare","Cod_SZF":"L","Tip_SZF":"Zona de locuinte si functiuni complementare","utr":"Li1","cod":"Li1","ZONA":"Li1","denumire":"Zona de locuinte si functiuni complementare","functiune":"Zonă locuințe și funcțiuni complementare"},"geometry":{"type":"Polygon","coordinates":[[[27.366205,47.415572],[27.366247,47.415371],[27.366296,47.415273],[27.366305,47.415255],[27.366115,47.415148],[27.365945,47.41503],[27.365845,47.41494],[27.365786,47.414954],[27.365753,47.41514],[27.365741,47.415291],[27.365821,47.415562],[27.365714,47.41557],[27.365696,47.415405],[27.365673,47.415252],[27.365726,47.414954],[27.365613,47.41497],[27.365459,47.415019],[27.365395,47.415019],[27.365405,47.414977],[27.365522,47.414963],[27.365617,47.414936],[27.365749,47.414875],[27.365752,47.414843],[27.365599,47.414587],[27.365382,47.414265],[27.365251,47.414089],[27.365103,47.413971],[27.364955,47.413943],[27.364405,47.413865],[27.363746,47.413888],[27.363579,47.413894],[27.363097,47.414095],[27.36313,47.414113],[27.363278,47.414272],[27.363433,47.414439],[27.36397,47.414864],[27.364028,47.414933],[27.364283,47.415423],[27.364756,47.415797],[27.364839,47.415866],[27.365288,47.416242],[27.365508,47.416427],[27.365789,47.41681],[27.366023,47.417311],[27.366102,47.417352],[27.366204,47.417044],[27.366462,47.416825],[27.366545,47.41665],[27.366586,47.416442],[27.366559,47.41625],[27.366431,47.416137],[27.366249,47.415864],[27.366205,47.415572]]]}},{"type":"Feature","properties":{"fid":348,"Cod_ZF":"ZF11","Tip_ZF":"Zonă locuințe și funcțiuni complementare","Cod_SZF":"L","Tip_SZF":"Zona de locuinte si functiuni complementare","utr":"Li1","cod":"Li1","ZONA":"Li1","denumire":"Zona de locuinte si functiuni complementare","functiune":"Zonă locuințe și funcțiuni complementare"},"geometry":{"type":"Polygon","coordinates":[[[27.362233,47.413324],[27.362678,47.413735],[27.362844,47.413897],[27.362982,47.414032],[27.363026,47.414056],[27.363145,47.414008],[27.363513,47.413861],[27.364418,47.413809],[27.36441,47.413449],[27.364356,47.413138],[27.363991,47.413106],[27.363628,47.41316],[27.363465,47.41318],[27.362989,47.413208],[27.36254,47.413268],[27.362393,47.413301],[27.362233,47.413324]]]}},{"type":"Feature","properties":{"fid":349,"Cod_ZF":"ZF11","Tip_ZF":"Zonă locuințe și funcțiuni complementare","Cod_SZF":"L","Tip_SZF":"Zona de locuinte si functiuni complementare","utr":"Li1","cod":"Li1","ZONA":"Li1","denumire":"Zona de locuinte si functiuni complementare","functiune":"Zonă locuințe și funcțiuni complementare"},"geometry":{"type":"Polygon","coordinates":[[[27.361691,47.413086],[27.361798,47.413116],[27.362169,47.413266],[27.362186,47.413281],[27.362376,47.413259],[27.362506,47.413226],[27.362526,47.413223],[27.362445,47.412997],[27.362357,47.412822],[27.36233,47.412723],[27.362246,47.412676],[27.362229,47.412612],[27.362215,47.412606],[27.362188,47.412613],[27.36208,47.412597],[27.362071,47.412538],[27.362024,47.412516],[27.361959,47.412518],[27.361907,47.412509],[27.361858,47.412454],[27.361699,47.412413],[27.361187,47.41223],[27.361057,47.412171],[27.361051,47.412225],[27.36118,47.412441],[27.361501,47.412816],[27.36156,47.412885],[27.36162,47.412956],[27.36165,47.413011],[27.361691,47.413086]]]}},{"type":"Feature","properties":{"fid":350,"Cod_ZF":"ZF11","Tip_ZF":"Zonă locuințe și funcțiuni complementare","Cod_SZF":"L","Tip_SZF":"Zona de locuinte si functiuni complementare","utr":"Li1","cod":"Li1","ZONA":"Li1","denumire":"Zona de locuinte si functiuni complementare","functiune":"Zonă locuințe și funcțiuni complementare"},"geometry":{"type":"Polygon","coordinates":[[[27.355892,47.410961],[27.35574,47.41106],[27.35495,47.411549],[27.354562,47.411779],[27.35435,47.412069],[27.354301,47.412278],[27.354889,47.412161],[27.355698,47.412143],[27.356498,47.41227],[27.358665,47.412376],[27.359777,47.412553],[27.359796,47.412373],[27.3598,47.412181],[27.359784,47.411868],[27.359359,47.411751],[27.358917,47.411679],[27.358435,47.411625],[27.358053,47.411543],[27.357607,47.411366],[27.357146,47.411192],[27.356979,47.411139],[27.356744,47.411085],[27.356245,47.411013],[27.355892,47.410961]]]}},{"type":"Feature","properties":{"fid":351,"Cod_ZF":"ZF11","Tip_ZF":"Zonă locuințe și funcțiuni complementare","Cod_SZF":"L","Tip_SZF":"Zona de locuinte si functiuni complementare","utr":"Li1","cod":"Li1","ZONA":"Li1","denumire":"Zona de locuinte si functiuni complementare","functiune":"Zonă locuințe și funcțiuni complementare"},"geometry":{"type":"Polygon","coordinates":[[[27.357227,47.410037],[27.357221,47.410044],[27.356847,47.410344],[27.356008,47.410887],[27.356056,47.41093],[27.356745,47.411027],[27.356955,47.411057],[27.357126,47.411104],[27.357648,47.411324],[27.357929,47.41144],[27.358277,47.41153],[27.358563,47.41158],[27.358904,47.41162],[27.3594,47.4117],[27.359726,47.411783],[27.359624,47.411563],[27.358832,47.410993],[27.358234,47.410563],[27.357765,47.410276],[27.357371,47.41006],[27.357227,47.410037]]]}},{"type":"Feature","properties":{"fid":352,"Cod_ZF":"ZF06","Tip_ZF":"Căi de comunicație și transporturi","Cod_SZF":"CR","Tip_SZF":"Cai de comunicatie rutiera","utr":"CR","cod":"CR","ZONA":"CR","denumire":"Cai de comunicatie rutiera","functiune":"Căi de comunicație și transporturi"},"geometry":{"type":"Polygon","coordinates":[[[27.352576,47.411421],[27.352509,47.411419],[27.35248,47.411481],[27.352576,47.411525],[27.352577,47.411712],[27.352755,47.411816],[27.353166,47.411801],[27.353456,47.411924],[27.354133,47.412311],[27.354169,47.412211],[27.353254,47.411751],[27.353041,47.411734],[27.352875,47.411759],[27.35272,47.411751],[27.352647,47.411689],[27.352638,47.411484],[27.352578,47.411457],[27.352576,47.411421]]]}},{"type":"Feature","properties":{"fid":353,"Cod_ZF":"ZF11","Tip_ZF":"Zonă locuințe și funcțiuni complementare","Cod_SZF":"L","Tip_SZF":"Zona de locuinte si functiuni complementare","utr":"Li1","cod":"Li1","ZONA":"Li1","denumire":"Zona de locuinte si functiuni complementare","functiune":"Zonă locuințe și funcțiuni complementare"},"geometry":{"type":"Polygon","coordinates":[[[27.352509,47.411419],[27.352063,47.411405],[27.352707,47.412829],[27.352733,47.412886],[27.353142,47.41329],[27.353394,47.413153],[27.354027,47.412614],[27.354104,47.412439],[27.354111,47.412372],[27.354133,47.412311],[27.353456,47.411924],[27.353166,47.411801],[27.352755,47.411816],[27.352577,47.411712],[27.352576,47.411525],[27.35248,47.411481],[27.352509,47.411419]]]}},{"type":"Feature","properties":{"fid":354,"Cod_ZF":"ZF11","Tip_ZF":"Zonă locuințe și funcțiuni complementare","Cod_SZF":"L","Tip_SZF":"Zona de locuinte si functiuni complementare","utr":"Li1","cod":"Li1","ZONA":"Li1","denumire":"Zona de locuinte si functiuni complementare","functiune":"Zonă locuințe și funcțiuni complementare"},"geometry":{"type":"Polygon","coordinates":[[[27.357038,47.409842],[27.356214,47.410341],[27.354344,47.411474],[27.352576,47.411421],[27.352578,47.411457],[27.352638,47.411484],[27.352647,47.411689],[27.35272,47.411751],[27.352875,47.411759],[27.353041,47.411734],[27.353254,47.411751],[27.354169,47.412211],[27.35429,47.411872],[27.354434,47.411717],[27.355186,47.41124],[27.355889,47.410788],[27.356673,47.410287],[27.356982,47.410048],[27.357153,47.409887],[27.357165,47.409872],[27.357038,47.409842]]]}},{"type":"Feature","properties":{"fid":355,"Cod_ZF":"ZF11","Tip_ZF":"Zonă locuințe și funcțiuni complementare","Cod_SZF":"L","Tip_SZF":"Zona de locuinte si functiuni complementare","utr":"Li1","cod":"Li1","ZONA":"Li1","denumire":"Zona de locuinte si functiuni complementare","functiune":"Zonă locuințe și funcțiuni complementare"},"geometry":{"type":"Polygon","coordinates":[[[27.361029,47.41543],[27.359472,47.416745],[27.358446,47.418161],[27.357071,47.420057],[27.356079,47.421427],[27.356133,47.42205],[27.356428,47.422076],[27.356445,47.421692],[27.356488,47.421512],[27.357147,47.420628],[27.357787,47.419749],[27.358033,47.419335],[27.358577,47.418466],[27.358773,47.418101],[27.359107,47.417515],[27.359672,47.416936],[27.360074,47.416584],[27.360663,47.416067],[27.361376,47.415437],[27.361432,47.415452],[27.361683,47.415264],[27.362194,47.414725],[27.362315,47.414577],[27.362305,47.414487],[27.362225,47.414384],[27.362227,47.414213],[27.36236,47.413816],[27.362436,47.4137],[27.362144,47.413451],[27.361772,47.413235],[27.361277,47.413064],[27.360616,47.412887],[27.359332,47.41256],[27.358897,47.412498],[27.357433,47.412408],[27.356675,47.412364],[27.355657,47.412266],[27.355407,47.412242],[27.354992,47.412246],[27.354727,47.412294],[27.35431,47.412468],[27.354254,47.412474],[27.354135,47.412677],[27.353469,47.413277],[27.353462,47.41332],[27.353858,47.413356],[27.356373,47.413084],[27.357734,47.413089],[27.358919,47.413095],[27.360312,47.413437],[27.36213,47.413885],[27.361942,47.414162],[27.361159,47.41532],[27.361117,47.415356],[27.361029,47.41543]]]}},{"type":"Feature","properties":{"fid":356,"Cod_ZF":"ZF11","Tip_ZF":"Zonă locuințe și funcțiuni complementare","Cod_SZF":"L","Tip_SZF":"Zona de locuinte si functiuni complementare","utr":"Li1","cod":"Li1","ZONA":"Li1","denumire":"Zona de locuinte si functiuni complementare","functiune":"Zonă locuințe și funcțiuni complementare"},"geometry":{"type":"Polygon","coordinates":[[[27.356511,47.422084],[27.356541,47.422087],[27.356603,47.422363],[27.357539,47.423492],[27.358716,47.424661],[27.359733,47.425897],[27.359441,47.427298],[27.358839,47.428653],[27.359743,47.428838],[27.360662,47.426771],[27.360067,47.425068],[27.357952,47.422961],[27.357237,47.42189],[27.358106,47.420384],[27.359772,47.420827],[27.360027,47.420114],[27.360466,47.418888],[27.36144,47.417814],[27.362149,47.417032],[27.362619,47.417589],[27.36279,47.417338],[27.363002,47.41714],[27.363225,47.416909],[27.363432,47.4167],[27.363463,47.416629],[27.363243,47.416292],[27.36306,47.415991],[27.36286,47.415555],[27.362843,47.415169],[27.36256,47.414821],[27.362397,47.414618],[27.362168,47.41489],[27.361897,47.415165],[27.361411,47.41555],[27.361182,47.415753],[27.361988,47.416105],[27.361579,47.416526],[27.360726,47.41616],[27.359946,47.416824],[27.359649,47.417054],[27.359366,47.417348],[27.358797,47.418285],[27.358247,47.419233],[27.357921,47.419792],[27.357694,47.420043],[27.356721,47.421379],[27.356583,47.421547],[27.356523,47.421717],[27.356511,47.422084]]]}},{"type":"Feature","properties":{"fid":357,"Cod_ZF":"ZF13","Tip_ZF":"Zonă gospodării comunale","Cod_SZF":"GC","Tip_SZF":"Zona gospodarie comunala, cimitire","utr":"GC","cod":"GC","ZONA":"GC","denumire":"Zona gospodarie comunala, cimitire","functiune":"Zonă gospodării comunale"},"geometry":{"type":"Polygon","coordinates":[[[27.361182,47.415753],[27.360726,47.41616],[27.361579,47.416526],[27.361988,47.416105],[27.361182,47.415753]]]}},{"type":"Feature","properties":{"fid":358,"Cod_ZF":"ZF11","Tip_ZF":"Zonă locuințe și funcțiuni complementare","Cod_SZF":"L","Tip_SZF":"Zona de locuinte si functiuni complementare","utr":"Li1","cod":"Li1","ZONA":"Li1","denumire":"Zona de locuinte si functiuni complementare","functiune":"Zonă locuințe și funcțiuni complementare"},"geometry":{"type":"Polygon","coordinates":[[[27.356493,47.405502],[27.356459,47.405387],[27.356432,47.404773],[27.356491,47.404122],[27.356515,47.403804],[27.356884,47.402971],[27.357221,47.402325],[27.35756,47.401756],[27.358142,47.401041],[27.358942,47.400168],[27.35904,47.400078],[27.359903,47.399153],[27.360025,47.399004],[27.360158,47.398804],[27.360224,47.398692],[27.360348,47.398311],[27.360528,47.397814],[27.360661,47.397512],[27.360689,47.397014],[27.36066,47.396496],[27.360561,47.395779],[27.360504,47.39524],[27.360401,47.39485],[27.360221,47.394253],[27.360031,47.393701],[27.35987,47.393212],[27.359633,47.392575],[27.3592,47.39172],[27.358732,47.391001],[27.358233,47.390228],[27.357425,47.388809],[27.356938,47.387754],[27.35677,47.387358],[27.356734,47.387274],[27.35668,47.387146],[27.356574,47.387153],[27.356818,47.387662],[27.357914,47.389951],[27.358265,47.390552],[27.35843,47.390834],[27.358684,47.39127],[27.358874,47.391595],[27.359692,47.393566],[27.360184,47.395586],[27.360259,47.397634],[27.359731,47.398805],[27.358371,47.400201],[27.357463,47.401757],[27.356733,47.401561],[27.355697,47.403338],[27.355731,47.405113],[27.355887,47.405571],[27.356493,47.405502]]]}},{"type":"Feature","properties":{"fid":359,"Cod_ZF":"ZF12","Tip_ZF":"Zonă unități industriale și de depozitare","Cod_SZF":"AI","Tip_SZF":"Zona unitati agro-industriale","utr":"AI","cod":"AI","ZONA":"AI","denumire":"Zona unitati agro-industriale","functiune":"Zonă unități industriale și de depozitare"},"geometry":{"type":"Polygon","coordinates":[[[27.357141,47.407392],[27.357038,47.407066],[27.356585,47.407131],[27.356648,47.407417],[27.357141,47.407392]]]}},{"type":"Feature","properties":{"fid":360,"Cod_ZF":"ZF11","Tip_ZF":"Zonă locuințe și funcțiuni complementare","Cod_SZF":"L","Tip_SZF":"Zona de locuinte si functiuni complementare","utr":"Li1","cod":"Li1","ZONA":"Li1","denumire":"Zona de locuinte si functiuni complementare","functiune":"Zonă locuințe și funcțiuni complementare"},"geometry":{"type":"Polygon","coordinates":[[[27.357165,47.409765],[27.357099,47.409805],[27.3572,47.409828],[27.357224,47.409798],[27.357279,47.409724],[27.357296,47.409644],[27.357347,47.409382],[27.357368,47.408996],[27.357337,47.408477],[27.357279,47.408025],[27.357155,47.407436],[27.357141,47.407392],[27.356648,47.407417],[27.357004,47.409031],[27.357027,47.409138],[27.357165,47.409765]]]}},{"type":"Feature","properties":{"fid":361,"Cod_ZF":"ZF11","Tip_ZF":"Zonă locuințe și funcțiuni complementare","Cod_SZF":"L","Tip_SZF":"Zona de locuinte si functiuni complementare","utr":"Li1","cod":"Li1","ZONA":"Li1","denumire":"Zona de locuinte si functiuni complementare","functiune":"Zonă locuințe și funcțiuni complementare"},"geometry":{"type":"Polygon","coordinates":[[[27.36079,47.402262],[27.362668,47.399361],[27.363587,47.396284],[27.362253,47.396019],[27.362263,47.395968],[27.361279,47.396112],[27.360763,47.396078],[27.360768,47.396111],[27.360883,47.397014],[27.360836,47.397327],[27.360349,47.398778],[27.360302,47.398848],[27.360588,47.398864],[27.360876,47.398906],[27.361044,47.398946],[27.361061,47.399019],[27.360963,47.399281],[27.360843,47.399498],[27.360767,47.399643],[27.360673,47.399882],[27.360456,47.400249],[27.36032,47.400497],[27.359935,47.401065],[27.359603,47.401553],[27.359653,47.401589],[27.35994,47.401733],[27.360405,47.401891],[27.360516,47.401968],[27.360705,47.402199],[27.36079,47.402262]]]}},{"type":"Feature","properties":{"fid":362,"Cod_ZF":"ZF11","Tip_ZF":"Zonă locuințe și funcțiuni complementare","Cod_SZF":"L","Tip_SZF":"Zona de locuinte si functiuni complementare","utr":"Li1","cod":"Li1","ZONA":"Li1","denumire":"Zona de locuinte si functiuni complementare","functiune":"Zonă locuințe și funcțiuni complementare"},"geometry":{"type":"Polygon","coordinates":[[[27.356836,47.387137],[27.356754,47.387142],[27.357532,47.388704],[27.358234,47.389948],[27.358854,47.39093],[27.359627,47.392178],[27.360719,47.392016],[27.359825,47.390813],[27.35935,47.390174],[27.358406,47.388903],[27.358173,47.387059],[27.357374,47.387106],[27.357214,47.387115],[27.356836,47.387137]]]}},{"type":"Feature","properties":{"fid":363,"Cod_ZF":"ZF11","Tip_ZF":"Zonă locuințe și funcțiuni complementare","Cod_SZF":"L","Tip_SZF":"Zona de locuinte si functiuni complementare","utr":"Li1","cod":"Li1","ZONA":"Li1","denumire":"Zona de locuinte si functiuni complementare","functiune":"Zonă locuințe și funcțiuni complementare"},"geometry":{"type":"Polygon","coordinates":[[[27.361007,47.392404],[27.360939,47.392313],[27.360218,47.392426],[27.359783,47.392494],[27.359842,47.392618],[27.360289,47.393991],[27.362237,47.393904],[27.362514,47.393783],[27.36183,47.393157],[27.36152,47.392873],[27.361007,47.392404]]]}},{"type":"Feature","properties":{"fid":364,"Cod_ZF":"ZF12","Tip_ZF":"Zonă unități industriale și de depozitare","Cod_SZF":"AI","Tip_SZF":"Zona unitati agro-industriale","utr":"AI","cod":"AI","ZONA":"AI","denumire":"Zona unitati agro-industriale","functiune":"Zonă unități industriale și de depozitare"},"geometry":{"type":"Polygon","coordinates":[[[27.362263,47.395968],[27.362665,47.393921],[27.362514,47.393783],[27.362237,47.393904],[27.360289,47.393991],[27.360303,47.394033],[27.360621,47.395196],[27.360763,47.396078],[27.361279,47.396112],[27.362263,47.395968]]]}},{"type":"Feature","properties":{"fid":365,"Cod_ZF":"ZF11","Tip_ZF":"Zonă locuințe și funcțiuni complementare","Cod_SZF":"L","Tip_SZF":"Zona de locuinte si functiuni complementare","utr":"Li1","cod":"Li1","ZONA":"Li1","denumire":"Zona de locuinte si functiuni complementare","functiune":"Zonă locuințe și funcțiuni complementare"},"geometry":{"type":"Polygon","coordinates":[[[27.36027,47.398895],[27.360059,47.399207],[27.359163,47.400159],[27.358932,47.400404],[27.358901,47.400436],[27.358252,47.401124],[27.358519,47.401207],[27.358971,47.401344],[27.359515,47.40152],[27.359543,47.401516],[27.359816,47.401129],[27.36022,47.400526],[27.360399,47.400247],[27.360604,47.399856],[27.360672,47.399699],[27.360894,47.399295],[27.36101,47.399014],[27.360998,47.398969],[27.360849,47.398938],[27.360584,47.398899],[27.36027,47.398895]]]}},{"type":"Feature","properties":{"fid":366,"Cod_ZF":"ZF11","Tip_ZF":"Zonă locuințe și funcțiuni complementare","Cod_SZF":"L","Tip_SZF":"Zona de locuinte si functiuni complementare","utr":"Li1","cod":"Li1","ZONA":"Li1","denumire":"Zona de locuinte si functiuni complementare","functiune":"Zonă locuințe și funcțiuni complementare"},"geometry":{"type":"Polygon","coordinates":[[[27.35722,47.404518],[27.358735,47.405173],[27.360192,47.403186],[27.360745,47.402332],[27.360709,47.402283],[27.360434,47.401979],[27.360338,47.401923],[27.359886,47.40178],[27.359668,47.401647],[27.359336,47.402121],[27.358791,47.402933],[27.358703,47.40291],[27.358965,47.402518],[27.359576,47.401608],[27.358871,47.401362],[27.358202,47.401177],[27.358184,47.401196],[27.357745,47.401772],[27.357222,47.402661],[27.356836,47.403507],[27.356688,47.403825],[27.356605,47.404835],[27.356638,47.405375],[27.356812,47.405968],[27.357049,47.40658],[27.357301,47.407291],[27.357447,47.408014],[27.357504,47.408485],[27.35777,47.408576],[27.358177,47.408817],[27.358363,47.409115],[27.358407,47.409121],[27.358937,47.408877],[27.35903,47.408784],[27.359195,47.408704],[27.359271,47.408657],[27.359394,47.40855],[27.359572,47.408439],[27.359694,47.408393],[27.359865,47.40826],[27.360033,47.408038],[27.358634,47.407607],[27.357339,47.404777],[27.357239,47.404785],[27.357091,47.404818],[27.356924,47.404936],[27.356753,47.404162],[27.356948,47.403669],[27.357427,47.403771],[27.357076,47.404207],[27.357147,47.404435],[27.35722,47.404518]]]}},{"type":"Feature","properties":{"fid":367,"Cod_ZF":"ZF11","Tip_ZF":"Zonă locuințe și funcțiuni complementare","Cod_SZF":"L","Tip_SZF":"Zona de locuinte si functiuni complementare","utr":"Li1","cod":"Li1","ZONA":"Li1","denumire":"Zona de locuinte si functiuni complementare","functiune":"Zonă locuințe și funcțiuni complementare"},"geometry":{"type":"Polygon","coordinates":[[[27.362637,47.417623],[27.362964,47.420763],[27.364355,47.420937],[27.36436,47.420389],[27.364357,47.420027],[27.364529,47.419526],[27.364568,47.419435],[27.364584,47.419279],[27.364563,47.419098],[27.364402,47.418942],[27.364343,47.418862],[27.364297,47.418567],[27.364235,47.418194],[27.364036,47.417597],[27.363892,47.417332],[27.363751,47.417081],[27.363515,47.416718],[27.363448,47.416734],[27.363381,47.416798],[27.36308,47.417155],[27.362832,47.417371],[27.362637,47.417623]]]}},{"type":"Feature","properties":{"fid":368,"Cod_ZF":"ZF11","Tip_ZF":"Zonă locuințe și funcțiuni complementare","Cod_SZF":"L","Tip_SZF":"Zona de locuinte si functiuni complementare","utr":"Li1","cod":"Li1","ZONA":"Li1","denumire":"Zona de locuinte si functiuni complementare","functiune":"Zonă locuințe și funcțiuni complementare"},"geometry":{"type":"Polygon","coordinates":[[[27.364449,47.420938],[27.365245,47.421004],[27.36538,47.420889],[27.365553,47.420802],[27.365599,47.420695],[27.365515,47.42055],[27.365389,47.420395],[27.365346,47.420321],[27.365325,47.420174],[27.365328,47.420041],[27.365472,47.419771],[27.365563,47.419725],[27.365908,47.419726],[27.366008,47.419737],[27.366125,47.419694],[27.366163,47.419569],[27.366034,47.419401],[27.366031,47.419154],[27.366149,47.418928],[27.366181,47.418779],[27.36616,47.418661],[27.36603,47.418423],[27.366062,47.41807],[27.366122,47.417984],[27.366104,47.417916],[27.366094,47.417863],[27.366032,47.41777],[27.366032,47.417694],[27.36605,47.417508],[27.365856,47.417399],[27.365683,47.417083],[27.365491,47.416683],[27.365041,47.416227],[27.364416,47.415728],[27.364164,47.415776],[27.36419,47.416239],[27.363261,47.416147],[27.36328,47.416189],[27.363564,47.416635],[27.363792,47.416943],[27.363822,47.416978],[27.363935,47.417223],[27.363979,47.417266],[27.364135,47.417605],[27.364263,47.418036],[27.364365,47.418432],[27.364404,47.418797],[27.36445,47.418909],[27.364639,47.419095],[27.364645,47.419303],[27.364627,47.419457],[27.364507,47.419776],[27.36444,47.420028],[27.364449,47.420938]]]}},{"type":"Feature","properties":{"fid":369,"Cod_ZF":"ZF11","Tip_ZF":"Zonă locuințe și funcțiuni complementare","Cod_SZF":"L","Tip_SZF":"Zona de locuinte si functiuni complementare","utr":"Li1","cod":"Li1","ZONA":"Li1","denumire":"Zona de locuinte si functiuni complementare","functiune":"Zonă locuințe și funcțiuni complementare"},"geometry":{"type":"Polygon","coordinates":[[[27.365602,47.420827],[27.366812,47.421064],[27.36685,47.420815],[27.366834,47.420667],[27.366858,47.42065],[27.36691,47.420239],[27.366897,47.419981],[27.366936,47.419975],[27.366937,47.419555],[27.366819,47.418478],[27.366692,47.418023],[27.366594,47.417846],[27.366341,47.417671],[27.366213,47.417599],[27.366211,47.417627],[27.366309,47.41784],[27.366338,47.418041],[27.366218,47.418218],[27.366232,47.418338],[27.366344,47.418507],[27.366371,47.418607],[27.366373,47.418923],[27.366273,47.419137],[27.366205,47.419351],[27.366217,47.419479],[27.366298,47.419591],[27.366272,47.419661],[27.36614,47.419746],[27.365977,47.419827],[27.365572,47.419839],[27.365516,47.419875],[27.365441,47.420092],[27.365446,47.420245],[27.365478,47.420362],[27.365575,47.420427],[27.365677,47.420626],[27.365689,47.42072],[27.365643,47.420795],[27.365602,47.420827]]]}},{"type":"Feature","properties":{"fid":370,"Cod_ZF":"ZF09","Tip_ZF":"Zonă instituții publice","Cod_SZF":"IS","Tip_SZF":"Zona de institutii publice si servicii","utr":"IS","cod":"IS","ZONA":"IS","denumire":"Zona de institutii publice si servicii","functiune":"Zonă instituții publice"},"geometry":{"type":"Polygon","coordinates":[[[27.364416,47.415728],[27.364416,47.415728],[27.364192,47.415548],[27.364159,47.415537],[27.364067,47.41547],[27.3639,47.415105],[27.36389,47.41508],[27.363117,47.414973],[27.363261,47.416147],[27.36419,47.416239],[27.364164,47.415776],[27.364416,47.415728]]]}},{"type":"Feature","properties":{"fid":371,"Cod_ZF":"ZF06","Tip_ZF":"Căi de comunicație și transporturi","Cod_SZF":"CR","Tip_SZF":"Cai de comunicatie rutiera","utr":"CR","cod":"CR","ZONA":"CR","denumire":"Cai de comunicatie rutiera","functiune":"Căi de comunicație și transporturi"},"geometry":{"type":"Polygon","coordinates":[[[27.368924,47.409897],[27.36874,47.410104],[27.369053,47.409914],[27.369642,47.409552],[27.369684,47.409542],[27.36957,47.409505],[27.369297,47.409677],[27.369142,47.409768],[27.369071,47.40981],[27.368924,47.409897]]]}},{"type":"Feature","properties":{"fid":372,"Cod_ZF":"ZF01","Tip_ZF":"Zonă aflată permanent sub ape","Cod_SZF":"TA","Tip_SZF":"Ape","utr":"TA","cod":"TA","ZONA":"TA","denumire":"Ape","functiune":"Zonă aflată permanent sub ape"},"geometry":{"type":"Polygon","coordinates":[[[27.361793,47.412387],[27.361893,47.412419],[27.361723,47.412186],[27.361656,47.412142],[27.361587,47.412122],[27.361483,47.412157],[27.361439,47.412192],[27.361332,47.4122],[27.361169,47.412129],[27.361063,47.412084],[27.361126,47.41215],[27.361393,47.412248],[27.36144,47.412251],[27.361544,47.412193],[27.361597,47.412192],[27.361663,47.412227],[27.361793,47.412387]]]}},{"type":"Feature","properties":{"fid":373,"Cod_ZF":"ZF01","Tip_ZF":"Zonă aflată permanent sub ape","Cod_SZF":"TA","Tip_SZF":"Ape","utr":"TA","cod":"TA","ZONA":"TA","denumire":"Ape","functiune":"Zonă aflată permanent sub ape"},"geometry":{"type":"Polygon","coordinates":[[[27.364658,47.41273],[27.364688,47.41265],[27.364478,47.412607],[27.364147,47.412592],[27.36395,47.412615],[27.3638,47.412563],[27.363464,47.412462],[27.363121,47.412389],[27.363028,47.41237],[27.363036,47.412441],[27.362954,47.412442],[27.362825,47.412528],[27.362624,47.412613],[27.362405,47.412563],[27.362347,47.412507],[27.362309,47.412498],[27.362312,47.412507],[27.362328,47.412572],[27.362315,47.412603],[27.36234,47.412613],[27.36239,47.41264],[27.362448,47.412648],[27.362469,47.412671],[27.362813,47.41264],[27.362848,47.412584],[27.363156,47.412477],[27.363508,47.41258],[27.363774,47.412719],[27.363879,47.412712],[27.364108,47.412659],[27.364533,47.412697],[27.364568,47.412712],[27.364658,47.41273]]]}},{"type":"Feature","properties":{"fid":374,"Cod_ZF":"ZF11","Tip_ZF":"Zonă locuințe și funcțiuni complementare","Cod_SZF":"L","Tip_SZF":"Zona de locuinte si functiuni complementare","utr":"Li1","cod":"Li1","ZONA":"Li1","denumire":"Zona de locuinte si functiuni complementare","functiune":"Zonă locuințe și funcțiuni complementare"},"geometry":{"type":"Polygon","coordinates":[[[27.36934,47.409431],[27.368924,47.409897],[27.369071,47.40981],[27.369142,47.409768],[27.369297,47.409677],[27.36957,47.409505],[27.36934,47.409431]]]}},{"type":"Feature","properties":{"fid":375,"Cod_ZF":"ZF11","Tip_ZF":"Zonă locuințe și funcțiuni complementare","Cod_SZF":"L","Tip_SZF":"Zona de locuinte si functiuni complementare","utr":"Li1","cod":"Li1","ZONA":"Li1","denumire":"Zona de locuinte si functiuni complementare","functiune":"Zonă locuințe și funcțiuni complementare"},"geometry":{"type":"Polygon","coordinates":[[[27.362578,47.413215],[27.362696,47.413195],[27.362865,47.413172],[27.363473,47.413135],[27.3639,47.413072],[27.364002,47.413056],[27.364345,47.413083],[27.364389,47.413083],[27.364425,47.413067],[27.36457,47.41289],[27.364654,47.412739],[27.364658,47.41273],[27.364568,47.412712],[27.364533,47.412697],[27.364108,47.412659],[27.363879,47.412712],[27.363774,47.412719],[27.363508,47.41258],[27.363156,47.412477],[27.362848,47.412584],[27.362813,47.41264],[27.362469,47.412671],[27.362448,47.412648],[27.36239,47.41264],[27.36234,47.412613],[27.362315,47.412603],[27.362311,47.412612],[27.362324,47.412666],[27.362395,47.4127],[27.36252,47.413059],[27.36256,47.413166],[27.362578,47.413215]]]}},{"type":"Feature","properties":{"fid":376,"Cod_ZF":"ZF11","Tip_ZF":"Zonă locuințe și funcțiuni complementare","Cod_SZF":"L","Tip_SZF":"Zona de locuinte si functiuni complementare","utr":"Li1","cod":"Li1","ZONA":"Li1","denumire":"Zona de locuinte si functiuni complementare","functiune":"Zonă locuințe și funcțiuni complementare"},"geometry":{"type":"Polygon","coordinates":[[[27.364688,47.41265],[27.3647,47.412616],[27.364726,47.412519],[27.364762,47.412427],[27.364868,47.412338],[27.365073,47.412269],[27.365517,47.412283],[27.365844,47.412293],[27.365901,47.412298],[27.365929,47.412301],[27.365908,47.412191],[27.36521,47.412184],[27.364602,47.412171],[27.363972,47.412113],[27.362377,47.411976],[27.362338,47.411972],[27.362366,47.412053],[27.3623,47.41246],[27.362309,47.412498],[27.362347,47.412507],[27.362405,47.412563],[27.362624,47.412613],[27.362825,47.412528],[27.362954,47.412442],[27.363036,47.412441],[27.363028,47.41237],[27.363121,47.412389],[27.363464,47.412462],[27.3638,47.412563],[27.36395,47.412615],[27.364147,47.412592],[27.364478,47.412607],[27.364688,47.41265]]]}},{"type":"Feature","properties":{"fid":377,"Cod_ZF":"ZF11","Tip_ZF":"Zonă locuințe și funcțiuni complementare","Cod_SZF":"L","Tip_SZF":"Zona de locuinte si functiuni complementare","utr":"Li1","cod":"Li1","ZONA":"Li1","denumire":"Zona de locuinte si functiuni complementare","functiune":"Zonă locuințe și funcțiuni complementare"},"geometry":{"type":"Polygon","coordinates":[[[27.36086,47.412854],[27.361049,47.412907],[27.36113,47.412929],[27.361596,47.41306],[27.361497,47.412918],[27.361149,47.412501],[27.361016,47.412282],[27.360994,47.41234],[27.36089,47.41274],[27.36086,47.412854]]]}},{"type":"Feature","properties":{"fid":378,"Cod_ZF":"ZF11","Tip_ZF":"Zonă locuințe și funcțiuni complementare","Cod_SZF":"L","Tip_SZF":"Zona de locuinte si functiuni complementare","utr":"Li1","cod":"Li1","ZONA":"Li1","denumire":"Zona de locuinte si functiuni complementare","functiune":"Zonă locuințe și funcțiuni complementare"},"geometry":{"type":"Polygon","coordinates":[[[27.359877,47.412581],[27.360782,47.412832],[27.360852,47.412527],[27.360934,47.412243],[27.360972,47.412132],[27.360792,47.412059],[27.360414,47.411877],[27.359962,47.411669],[27.359746,47.411583],[27.359815,47.411748],[27.359886,47.411852],[27.359881,47.412252],[27.359879,47.412399],[27.359877,47.412581]]]}},{"type":"Feature","properties":{"fid":379,"Cod_ZF":"ZF11","Tip_ZF":"Zonă locuințe și funcțiuni complementare","Cod_SZF":"L","Tip_SZF":"Zona de locuinte si functiuni complementare","utr":"Li1","cod":"Li1","ZONA":"Li1","denumire":"Zona de locuinte si functiuni complementare","functiune":"Zonă locuințe și funcțiuni complementare"},"geometry":{"type":"Polygon","coordinates":[[[27.35751,47.408543],[27.357517,47.408594],[27.35753,47.409371],[27.35744,47.409769],[27.357355,47.409876],[27.357436,47.409896],[27.35776,47.410105],[27.358037,47.410304],[27.358145,47.41021],[27.358426,47.409984],[27.35897,47.409688],[27.358707,47.409561],[27.358495,47.409372],[27.358324,47.409182],[27.358084,47.408826],[27.357749,47.40863],[27.35751,47.408543]]]}},{"type":"Feature","properties":{"fid":380,"Cod_ZF":"ZF11","Tip_ZF":"Zonă locuințe și funcțiuni complementare","Cod_SZF":"L","Tip_SZF":"Zona de locuinte si functiuni complementare","utr":"Li1","cod":"Li1","ZONA":"Li1","denumire":"Zona de locuinte si functiuni complementare","functiune":"Zonă locuințe și funcțiuni complementare"},"geometry":{"type":"Polygon","coordinates":[[[27.357038,47.407066],[27.35702,47.407007],[27.356818,47.406444],[27.356601,47.405864],[27.356596,47.405848],[27.356052,47.405952],[27.356482,47.406662],[27.356585,47.407131],[27.357038,47.407066]]]}},{"type":"Feature","properties":{"fid":381,"Cod_ZF":"ZF12","Tip_ZF":"Zonă unități industriale și de depozitare","Cod_SZF":"AI","Tip_SZF":"Zona unitati agro-industriale","utr":"AI","cod":"AI","ZONA":"AI","denumire":"Zona unitati agro-industriale","functiune":"Zonă unități industriale și de depozitare"},"geometry":{"type":"Polygon","coordinates":[[[27.357339,47.404777],[27.35722,47.404518],[27.357147,47.404435],[27.357076,47.404207],[27.357427,47.403771],[27.356948,47.403669],[27.356753,47.404162],[27.356924,47.404936],[27.357091,47.404818],[27.357239,47.404785],[27.357339,47.404777]]]}},{"type":"Feature","properties":{"fid":382,"Cod_ZF":"ZF01","Tip_ZF":"Zonă aflată permanent sub ape","Cod_SZF":"TA","Tip_SZF":"Ape","utr":"TA","cod":"TA","ZONA":"TA","denumire":"Ape","functiune":"Zonă aflată permanent sub ape"},"geometry":{"type":"Polygon","coordinates":[[[27.362024,47.412516],[27.361936,47.412474],[27.361858,47.412454],[27.361907,47.412509],[27.361959,47.412518],[27.362024,47.412516]]]}},{"type":"Feature","properties":{"fid":383,"Cod_ZF":"ZF01","Tip_ZF":"Zonă aflată permanent sub ape","Cod_SZF":"TA","Tip_SZF":"Ape","utr":"TA","cod":"TA","ZONA":"TA","denumire":"Ape","functiune":"Zonă aflată permanent sub ape"},"geometry":{"type":"Polygon","coordinates":[[[27.362215,47.412606],[27.362208,47.412603],[27.362081,47.412542],[27.362071,47.412538],[27.36208,47.412597],[27.362188,47.412613],[27.362215,47.412606]]]}},{"type":"Feature","properties":{"fid":384,"Cod_ZF":"ZF11","Tip_ZF":"Zonă locuințe și funcțiuni complementare","Cod_SZF":"L","Tip_SZF":"Zona de locuinte si functiuni complementare","utr":"Li1","cod":"Li1","ZONA":"Li1","denumire":"Zona de locuinte si functiuni complementare","functiune":"Zonă locuințe și funcțiuni complementare"},"geometry":{"type":"Polygon","coordinates":[[[27.360979,47.411836],[27.360809,47.411837],[27.360603,47.411819],[27.360455,47.411781],[27.360383,47.411772],[27.360404,47.411788],[27.360628,47.411889],[27.360663,47.411905],[27.360971,47.412045],[27.360979,47.411836]]]}},{"type":"Feature","properties":{"fid":385,"Cod_ZF":"ZF11","Tip_ZF":"Zonă locuințe și funcțiuni complementare","Cod_SZF":"L","Tip_SZF":"Zona de locuinte si functiuni complementare","utr":"Li1","cod":"Li1","ZONA":"Li1","denumire":"Zona de locuinte si functiuni complementare","functiune":"Zonă locuințe și funcțiuni complementare"},"geometry":{"type":"Polygon","coordinates":[[[27.362245,47.412502],[27.362225,47.412439],[27.362264,47.412258],[27.362287,47.412072],[27.362268,47.411964],[27.362086,47.411945],[27.361303,47.411875],[27.361089,47.411843],[27.361073,47.411988],[27.361063,47.412084],[27.361169,47.412129],[27.361332,47.4122],[27.361439,47.412192],[27.361483,47.412157],[27.361587,47.412122],[27.361656,47.412142],[27.361723,47.412186],[27.361893,47.412419],[27.362087,47.41248],[27.362108,47.412488],[27.362245,47.412502]]]}},{"type":"Feature","properties":{"fid":386,"Cod_ZF":"ZF11","Tip_ZF":"Zonă locuințe și funcțiuni complementare","Cod_SZF":"L","Tip_SZF":"Zona de locuinte si functiuni complementare","utr":"Li1","cod":"Li1","ZONA":"Li1","denumire":"Zona de locuinte si functiuni complementare","functiune":"Zonă locuințe și funcțiuni complementare"},"geometry":{"type":"Polygon","coordinates":[[[27.361393,47.412248],[27.361573,47.412314],[27.361793,47.412387],[27.361663,47.412227],[27.361597,47.412192],[27.361544,47.412193],[27.36144,47.412251],[27.361393,47.412248]]]}},{"type":"Feature","properties":{"fid":387,"Cod_ZF":"ZF01","Tip_ZF":"Zonă aflată permanent sub ape","Cod_SZF":"TA","Tip_SZF":"Ape","utr":"TA","cod":"TA","ZONA":"TA","denumire":"Ape","functiune":"Zonă aflată permanent sub ape"},"geometry":{"type":"Polygon","coordinates":[[[27.362108,47.412488],[27.362231,47.412534],[27.362249,47.412513],[27.362245,47.412502],[27.362108,47.412488]]]}},{"type":"Feature","properties":{"fid":388,"Cod_ZF":"ZF01","Tip_ZF":"Zonă aflată permanent sub ape","Cod_SZF":"TA","Tip_SZF":"Ape","utr":"TA","cod":"TA","ZONA":"TA","denumire":"Ape","functiune":"Zonă aflată permanent sub ape"},"geometry":{"type":"Polygon","coordinates":[[[27.360383,47.411772],[27.360335,47.411766],[27.360339,47.411778],[27.360344,47.411793],[27.360969,47.412096],[27.360971,47.412045],[27.360663,47.411905],[27.360628,47.411889],[27.360404,47.411788],[27.360383,47.411772]]]}},{"type":"Feature","properties":{"fid":389,"Cod_ZF":"ZF14","Tip_ZF":"Zonă spații verzi, sport și agrement","Cod_SZF":"SV","Tip_SZF":"Spatii plantate, agrement, sport","utr":"SV","cod":"SV","ZONA":"SV","denumire":"Spatii plantate, agrement, sport","functiune":"Zonă spații verzi, sport și agrement"},"geometry":{"type":"Polygon","coordinates":[[[27.373943,47.410431],[27.373949,47.410573],[27.373482,47.410835],[27.373525,47.411453],[27.373182,47.411623],[27.373326,47.412391],[27.373299,47.412977],[27.373691,47.413148],[27.373846,47.413201],[27.37394,47.413233],[27.374099,47.413379],[27.374132,47.413517],[27.37411,47.413612],[27.373963,47.413741],[27.373693,47.41393],[27.373745,47.413976],[27.374215,47.414124],[27.374655,47.413684],[27.374793,47.413546],[27.374865,47.412333],[27.374823,47.412226],[27.374534,47.411836],[27.374337,47.411277],[27.374284,47.410981],[27.374301,47.41077],[27.374376,47.410593],[27.374365,47.410544],[27.374113,47.410431],[27.373943,47.410431]]]}},{"type":"Feature","properties":{"fid":390,"Cod_ZF":"ZF11","Tip_ZF":"Zonă locuințe și funcțiuni complementare","Cod_SZF":"L","Tip_SZF":"Zona de locuinte si functiuni complementare","utr":"Li1","cod":"Li1","ZONA":"Li1","denumire":"Zona de locuinte si functiuni complementare","functiune":"Zonă locuințe și funcțiuni complementare"},"geometry":{"type":"Polygon","coordinates":[[[27.357734,47.413089],[27.359724,47.414503],[27.360369,47.414962],[27.361029,47.41543],[27.361117,47.415356],[27.361159,47.41532],[27.361942,47.414162],[27.36213,47.413885],[27.360312,47.413437],[27.358919,47.413095],[27.357734,47.413089]]]}},{"type":"Feature","properties":{"fid":391,"Cod_ZF":"ZF11","Tip_ZF":"Zonă locuințe și funcțiuni complementare","Cod_SZF":"L","Tip_SZF":"Zona de locuinte si functiuni complementare","utr":"Li1","cod":"Li1","ZONA":"Li1","denumire":"Zona de locuinte si functiuni complementare","functiune":"Zonă locuințe și funcțiuni complementare"},"geometry":{"type":"Polygon","coordinates":[[[27.355697,47.403338],[27.356733,47.401561],[27.357463,47.401757],[27.358371,47.400201],[27.359731,47.398805],[27.360259,47.397634],[27.360184,47.395586],[27.359692,47.393566],[27.358874,47.391595],[27.358684,47.39127],[27.358648,47.391572],[27.358403,47.391778],[27.358287,47.392481],[27.358341,47.39324],[27.358582,47.39406],[27.359304,47.394902],[27.359872,47.395565],[27.360061,47.396233],[27.3601,47.396649],[27.359942,47.397147],[27.359792,47.397818],[27.359332,47.39844],[27.358597,47.399058],[27.358234,47.399697],[27.357527,47.400231],[27.357232,47.400741],[27.357055,47.401046],[27.356285,47.401349],[27.356115,47.401567],[27.355783,47.402199],[27.355084,47.403128],[27.355034,47.403667],[27.355495,47.404297],[27.355569,47.404776],[27.355226,47.405375],[27.355073,47.405759],[27.355498,47.406328],[27.355739,47.407188],[27.356069,47.408362],[27.356261,47.409044],[27.35638,47.409466],[27.357165,47.409765],[27.357027,47.409138],[27.357004,47.409031],[27.356648,47.407417],[27.356585,47.407131],[27.356482,47.406662],[27.356052,47.405952],[27.355887,47.405571],[27.355731,47.405113],[27.355697,47.403338]]]}},{"type":"Feature","properties":{"fid":392,"Cod_ZF":"ZF09","Tip_ZF":"Zonă instituții publice","Cod_SZF":"IS","Tip_SZF":"Zona de institutii publice si servicii","utr":"IS","cod":"IS","ZONA":"IS","denumire":"Zona de institutii publice si servicii","functiune":"Zonă instituții publice"},"geometry":{"type":"Polygon","coordinates":[[[27.360939,47.392313],[27.360719,47.392016],[27.359627,47.392178],[27.359643,47.392204],[27.359783,47.392494],[27.360218,47.392426],[27.360939,47.392313]]]}},{"type":"Feature","properties":{"fid":393,"Cod_ZF":"ZF09","Tip_ZF":"Zonă instituții publice","Cod_SZF":"IS","Tip_SZF":"Zona de institutii publice si servicii","utr":"IS","cod":"IS","ZONA":"IS","denumire":"Zona de institutii publice si servicii","functiune":"Zonă instituții publice"},"geometry":{"type":"Polygon","coordinates":[[[27.369995,47.394225],[27.369838,47.394143],[27.368345,47.393361],[27.367858,47.393941],[27.368307,47.39413],[27.368469,47.394198],[27.369491,47.394628],[27.369995,47.394225]]]}},{"type":"Feature","properties":{"fid":394,"Cod_ZF":"ZF09","Tip_ZF":"Zonă instituții publice","Cod_SZF":"IS","Tip_SZF":"Zona de institutii publice si servicii","utr":"IS","cod":"IS","ZONA":"IS","denumire":"Zona de institutii publice si servicii","functiune":"Zonă instituții publice"},"geometry":{"type":"Polygon","coordinates":[[[27.358872,47.380837],[27.358349,47.381742],[27.356827,47.384581],[27.356713,47.384789],[27.356642,47.385027],[27.356559,47.38552],[27.356607,47.386064],[27.356713,47.386649],[27.356754,47.386844],[27.356836,47.387137],[27.357214,47.387115],[27.357374,47.387106],[27.356995,47.385501],[27.357627,47.384988],[27.360032,47.381054],[27.358872,47.380837]]]}},{"type":"Feature","properties":{"fid":395,"Cod_ZF":"ZF09","Tip_ZF":"Zonă instituții publice","Cod_SZF":"IS","Tip_SZF":"Zona de institutii publice si servicii","utr":"IS","cod":"IS","ZONA":"IS","denumire":"Zona de institutii publice si servicii","functiune":"Zonă instituții publice"},"geometry":{"type":"Polygon","coordinates":[[[27.362605,47.371181],[27.362503,47.371234],[27.361746,47.371622],[27.361685,47.371584],[27.359861,47.372584],[27.35979,47.372623],[27.359667,47.37269],[27.359146,47.373723],[27.358412,47.375176],[27.358857,47.375201],[27.359043,47.375211],[27.359498,47.375236],[27.360254,47.375279],[27.362063,47.37538],[27.362225,47.375389],[27.363597,47.374248],[27.363834,47.374073],[27.36395,47.374018],[27.364061,47.373964],[27.36441,47.373797],[27.364636,47.373688],[27.364875,47.373576],[27.3648,47.373497],[27.362605,47.371181]]]}},{"type":"Feature","properties":{"fid":396,"Cod_ZF":"ZF01","Tip_ZF":"Zonă aflată permanent sub ape","Cod_SZF":"TA","Tip_SZF":"Ape","utr":"TA","cod":"TA","ZONA":"TA","denumire":"Ape","functiune":"Zonă aflată permanent sub ape"},"geometry":{"type":"Polygon","coordinates":[[[27.357355,47.409876],[27.357328,47.40991],[27.357418,47.409926],[27.358006,47.410331],[27.358022,47.410317],[27.358037,47.410304],[27.35776,47.410105],[27.357436,47.409896],[27.357355,47.409876]]]}},{"type":"Feature","properties":{"fid":397,"Cod_ZF":"ZF01","Tip_ZF":"Zonă aflată permanent sub ape","Cod_SZF":"TA","Tip_SZF":"Ape","utr":"TA","cod":"TA","ZONA":"TA","denumire":"Ape","functiune":"Zonă aflată permanent sub ape"},"geometry":{"type":"Polygon","coordinates":[[[27.357099,47.409805],[27.357038,47.409842],[27.357165,47.409872],[27.3572,47.409828],[27.357099,47.409805]]]}},{"type":"Feature","properties":{"fid":398,"Cod_ZF":"ZF11","Tip_ZF":"Zonă locuințe și funcțiuni complementare","Cod_SZF":"L","Tip_SZF":"Zona de locuinte si functiuni complementare","utr":"Li1","cod":"Li1","ZONA":"Li1","denumire":"Zona de locuinte si functiuni complementare","functiune":"Zonă locuințe și funcțiuni complementare"},"geometry":{"type":"Polygon","coordinates":[[[27.36389,47.41508],[27.363866,47.41502],[27.363329,47.414579],[27.363349,47.414556],[27.362819,47.414102],[27.36248,47.413794],[27.362443,47.413824],[27.362312,47.414248],[27.362283,47.414344],[27.362525,47.414647],[27.362729,47.414871],[27.362892,47.415096],[27.362934,47.4152],[27.362956,47.415614],[27.363122,47.415947],[27.363174,47.415954],[27.363261,47.416147],[27.363117,47.414973],[27.36389,47.41508]]]}},{"type":"Feature","properties":{"fid":399,"Cod_ZF":"ZF03","Tip_ZF":"Terenuri agricole","Cod_SZF":"AR","Tip_SZF":"Arabil","utr":"AR","cod":"AR","ZONA":"AR","denumire":"Arabil","functiune":"Terenuri agricole"},"geometry":{"type":"Polygon","coordinates":[[[27.302161,47.45489],[27.302498,47.45403],[27.298301,47.453041],[27.297952,47.453382],[27.297922,47.453412],[27.297648,47.45368],[27.297606,47.453675],[27.297506,47.453787],[27.302161,47.45489]]]}},{"type":"Feature","properties":{"fid":400,"Cod_ZF":"ZF06","Tip_ZF":"Căi de comunicație și transporturi","Cod_SZF":"CR","Tip_SZF":"Cai de comunicatie rutiera","utr":"CR","cod":"CR","ZONA":"CR","denumire":"Cai de comunicatie rutiera","functiune":"Căi de comunicație și transporturi"},"geometry":{"type":"Polygon","coordinates":[[[27.301625,47.455941],[27.301681,47.455863],[27.300299,47.45554],[27.298722,47.455183],[27.298294,47.455085],[27.298032,47.455024],[27.296617,47.454699],[27.296582,47.45469],[27.296549,47.454726],[27.297859,47.455046],[27.300276,47.4556],[27.301437,47.455893],[27.301625,47.455941]]]}},{"type":"Feature","properties":{"fid":401,"Cod_ZF":"ZF06","Tip_ZF":"Căi de comunicație și transporturi","Cod_SZF":"CR","Tip_SZF":"Cai de comunicatie rutiera","utr":"CR","cod":"CR","ZONA":"CR","denumire":"Cai de comunicatie rutiera","functiune":"Căi de comunicație și transporturi"},"geometry":{"type":"Polygon","coordinates":[[[27.301419,47.456226],[27.301455,47.456175],[27.300751,47.456015],[27.299554,47.455735],[27.297877,47.455358],[27.296916,47.45514],[27.2963,47.454999],[27.296275,47.455027],[27.296247,47.455055],[27.297348,47.455301],[27.299295,47.455737],[27.301052,47.456138],[27.301419,47.456226]]]}},{"type":"Feature","properties":{"fid":402,"Cod_ZF":"ZF06","Tip_ZF":"Căi de comunicație și transporturi","Cod_SZF":"CR","Tip_SZF":"Cai de comunicatie rutiera","utr":"CR","cod":"CR","ZONA":"CR","denumire":"Cai de comunicatie rutiera","functiune":"Căi de comunicație și transporturi"},"geometry":{"type":"Polygon","coordinates":[[[27.300874,47.45698],[27.300916,47.456922],[27.299925,47.456671],[27.29801,47.456237],[27.297589,47.456153],[27.297481,47.456129],[27.296715,47.455943],[27.296209,47.455823],[27.295813,47.455728],[27.295651,47.455689],[27.295619,47.45575],[27.296471,47.455937],[27.297778,47.456232],[27.299063,47.456526],[27.300309,47.456832],[27.300874,47.45698]]]}},{"type":"Feature","properties":{"fid":403,"Cod_ZF":"ZF06","Tip_ZF":"Căi de comunicație și transporturi","Cod_SZF":"CR","Tip_SZF":"Cai de comunicatie rutiera","utr":"CR","cod":"CR","ZONA":"CR","denumire":"Cai de comunicatie rutiera","functiune":"Căi de comunicație și transporturi"},"geometry":{"type":"Polygon","coordinates":[[[27.295789,47.454528],[27.295756,47.454591],[27.296338,47.454753],[27.296339,47.454753],[27.29637,47.454719],[27.296396,47.454692],[27.296255,47.454644],[27.295789,47.454528]]]}},{"type":"Feature","properties":{"fid":404,"Cod_ZF":"ZF06","Tip_ZF":"Căi de comunicație și transporturi","Cod_SZF":"CR","Tip_SZF":"Cai de comunicatie rutiera","utr":"CR","cod":"CR","ZONA":"CR","denumire":"Cai de comunicatie rutiera","functiune":"Căi de comunicație și transporturi"},"geometry":{"type":"Polygon","coordinates":[[[27.29813,47.457908],[27.298172,47.457826],[27.297627,47.457721],[27.297518,47.457699],[27.296346,47.45748],[27.295969,47.457416],[27.295448,47.457328],[27.295445,47.45739],[27.295805,47.457456],[27.297439,47.457777],[27.29813,47.457908]]]}},{"type":"Feature","properties":{"fid":405,"Cod_ZF":"ZF06","Tip_ZF":"Căi de comunicație și transporturi","Cod_SZF":"CR","Tip_SZF":"Cai de comunicatie rutiera","utr":"CR","cod":"CR","ZONA":"CR","denumire":"Cai de comunicatie rutiera","functiune":"Căi de comunicație și transporturi"},"geometry":{"type":"Polygon","coordinates":[[[27.29793,47.458673],[27.29776,47.458634],[27.297638,47.458598],[27.295899,47.458259],[27.295666,47.458213],[27.295174,47.458117],[27.295147,47.458072],[27.295101,47.458182],[27.295178,47.458187],[27.295538,47.458259],[27.29678,47.458504],[27.297438,47.45863],[27.297898,47.45872],[27.29793,47.458673]]]}},{"type":"Feature","properties":{"fid":406,"Cod_ZF":"ZF06","Tip_ZF":"Căi de comunicație și transporturi","Cod_SZF":"CR","Tip_SZF":"Cai de comunicatie rutiera","utr":"CR","cod":"CR","ZONA":"CR","denumire":"Cai de comunicatie rutiera","functiune":"Căi de comunicație și transporturi"},"geometry":{"type":"Polygon","coordinates":[[[27.298847,47.459747],[27.298879,47.459663],[27.298727,47.45963],[27.297525,47.459409],[27.295123,47.458969],[27.295005,47.458941],[27.294804,47.458894],[27.294775,47.458965],[27.296044,47.4592],[27.297396,47.459441],[27.298475,47.459668],[27.298847,47.459747]]]}},{"type":"Feature","properties":{"fid":407,"Cod_ZF":"ZF06","Tip_ZF":"Căi de comunicație și transporturi","Cod_SZF":"CR","Tip_SZF":"Cai de comunicatie rutiera","utr":"CR","cod":"CR","ZONA":"CR","denumire":"Cai de comunicatie rutiera","functiune":"Căi de comunicație și transporturi"},"geometry":{"type":"Polygon","coordinates":[[[27.29855,47.460536],[27.298572,47.460476],[27.296468,47.46007],[27.294757,47.459747],[27.294482,47.459685],[27.294452,47.459755],[27.296941,47.460228],[27.29855,47.460536]]]}},{"type":"Feature","properties":{"fid":408,"Cod_ZF":"ZF06","Tip_ZF":"Căi de comunicație și transporturi","Cod_SZF":"CR","Tip_SZF":"Cai de comunicatie rutiera","utr":"CR","cod":"CR","ZONA":"CR","denumire":"Cai de comunicatie rutiera","functiune":"Căi de comunicație și transporturi"},"geometry":{"type":"Polygon","coordinates":[[[27.298262,47.461298],[27.298273,47.461268],[27.296454,47.460923],[27.294398,47.460545],[27.294145,47.460479],[27.294113,47.460555],[27.296683,47.461022],[27.298252,47.461323],[27.298262,47.461298]]]}},{"type":"Feature","properties":{"fid":409,"Cod_ZF":"ZF06","Tip_ZF":"Căi de comunicație și transporturi","Cod_SZF":"CR","Tip_SZF":"Cai de comunicatie rutiera","utr":"CR","cod":"CR","ZONA":"CR","denumire":"Cai de comunicatie rutiera","functiune":"Căi de comunicație și transporturi"},"geometry":{"type":"Polygon","coordinates":[[[27.298528,47.46191],[27.298546,47.461862],[27.297805,47.461752],[27.297806,47.461656],[27.295713,47.461255],[27.29492,47.461103],[27.293958,47.460918],[27.293942,47.460956],[27.295434,47.461247],[27.2975,47.461673],[27.297534,47.461714],[27.297576,47.461724],[27.297609,47.461731],[27.298528,47.46191]]]}},{"type":"Feature","properties":{"fid":410,"Cod_ZF":"ZF06","Tip_ZF":"Căi de comunicație și transporturi","Cod_SZF":"CR","Tip_SZF":"Cai de comunicatie rutiera","utr":"CR","cod":"CR","ZONA":"CR","denumire":"Cai de comunicatie rutiera","functiune":"Căi de comunicație și transporturi"},"geometry":{"type":"Polygon","coordinates":[[[27.294003,47.460462],[27.293654,47.460397],[27.292539,47.460174],[27.292018,47.460069],[27.291536,47.459973],[27.291468,47.459961],[27.290777,47.459834],[27.290156,47.45972],[27.290458,47.459002],[27.291944,47.459286],[27.29221,47.459335],[27.292859,47.459453],[27.293653,47.459598],[27.293664,47.4596],[27.294312,47.459718],[27.294338,47.459653],[27.294244,47.459629],[27.292677,47.459338],[27.291242,47.45907],[27.291004,47.459028],[27.290452,47.458933],[27.290797,47.458195],[27.292831,47.458585],[27.294619,47.458946],[27.294653,47.45887],[27.294273,47.458794],[27.293375,47.45862],[27.293354,47.458616],[27.292239,47.458398],[27.291868,47.45833],[27.291282,47.458222],[27.290821,47.458137],[27.291128,47.457395],[27.29208,47.457575],[27.293229,47.457807],[27.294427,47.458039],[27.29497,47.458143],[27.294994,47.458085],[27.294741,47.458041],[27.293656,47.457829],[27.292613,47.457617],[27.291909,47.457482],[27.291739,47.45745],[27.291153,47.457338],[27.291497,47.456595],[27.291654,47.456626],[27.293283,47.456943],[27.294866,47.457261],[27.295292,47.457364],[27.295257,47.457257],[27.295153,47.457235],[27.294873,47.457199],[27.294798,47.457183],[27.294065,47.457028],[27.292294,47.456681],[27.292022,47.456628],[27.292146,47.456405],[27.292201,47.456391],[27.292451,47.45643],[27.293794,47.456641],[27.294642,47.45679],[27.294753,47.45681],[27.294957,47.456883],[27.295001,47.456899],[27.294973,47.456771],[27.294888,47.456795],[27.293975,47.456616],[27.292744,47.456431],[27.292342,47.456371],[27.292125,47.456338],[27.291993,47.456565],[27.291962,47.456603],[27.291517,47.456524],[27.291646,47.456184],[27.291658,47.456153],[27.291562,47.456168],[27.291463,47.456415],[27.291396,47.456488],[27.289847,47.456237],[27.289523,47.456185],[27.289495,47.456181],[27.289385,47.456216],[27.289746,47.456273],[27.289811,47.456283],[27.291374,47.456583],[27.29115,47.457169],[27.291058,47.457322],[27.29103,47.457318],[27.289682,47.457028],[27.289337,47.456954],[27.289166,47.456917],[27.289145,47.456997],[27.291004,47.457373],[27.29073,47.458085],[27.29065,47.458094],[27.289817,47.457945],[27.289646,47.457914],[27.288448,47.457698],[27.288113,47.45763],[27.28807,47.457621],[27.287747,47.457555],[27.287481,47.457464],[27.287417,47.457523],[27.287964,47.457635],[27.289994,47.458032],[27.290682,47.458187],[27.290392,47.458906],[27.289255,47.458705],[27.288906,47.458642],[27.287184,47.45832],[27.287123,47.458328],[27.287135,47.458386],[27.287409,47.458436],[27.287562,47.458464],[27.287984,47.45854],[27.290374,47.458973],[27.290141,47.459572],[27.29005,47.459694],[27.289108,47.459521],[27.287042,47.459139],[27.286285,47.459002],[27.28623,47.458992],[27.286204,47.458988],[27.286183,47.459041],[27.286428,47.459073],[27.286722,47.459118],[27.287941,47.459341],[27.290032,47.459755],[27.289774,47.46043],[27.289844,47.460443],[27.289935,47.460229],[27.290129,47.459772],[27.29089,47.45992],[27.292604,47.460258],[27.293975,47.460528],[27.294003,47.460462]]]}},{"type":"Feature","properties":{"fid":411,"Cod_ZF":"ZF06","Tip_ZF":"Căi de comunicație și transporturi","Cod_SZF":"CR","Tip_SZF":"Cai de comunicatie rutiera","utr":"CR","cod":"CR","ZONA":"CR","denumire":"Cai de comunicatie rutiera","functiune":"Căi de comunicație și transporturi"},"geometry":{"type":"Polygon","coordinates":[[[27.286369,47.458571],[27.286204,47.458988],[27.28623,47.458992],[27.286285,47.459002],[27.286472,47.458562],[27.286592,47.458497],[27.287056,47.458396],[27.287135,47.458386],[27.287123,47.458328],[27.286633,47.458444],[27.286734,47.458369],[27.287275,47.457963],[27.287373,47.457718],[27.287389,47.457554],[27.287417,47.457523],[27.287481,47.457464],[27.28762,47.457429],[27.288062,47.45734],[27.288028,47.457431],[27.288014,47.457528],[27.28807,47.457621],[27.288113,47.45763],[27.288041,47.457528],[27.288045,47.457451],[27.28812,47.457328],[27.288579,47.457177],[27.288956,47.45708],[27.289145,47.456997],[27.289166,47.456917],[27.289102,47.456914],[27.289005,47.456869],[27.288942,47.45684],[27.288848,47.456797],[27.287641,47.456467],[27.287495,47.456427],[27.287374,47.456399],[27.287311,47.45649],[27.287644,47.456502],[27.288394,47.456701],[27.288875,47.456852],[27.28891,47.456871],[27.288954,47.456894],[27.289083,47.456963],[27.288606,47.457145],[27.288142,47.457284],[27.287938,47.457336],[27.287423,47.457434],[27.28734,47.457548],[27.287304,47.457777],[27.287256,47.457936],[27.286953,47.458175],[27.286596,47.458443],[27.286416,47.458543],[27.286369,47.458571]]]}},{"type":"Feature","properties":{"fid":412,"Cod_ZF":"ZF06","Tip_ZF":"Căi de comunicație și transporturi","Cod_SZF":"CR","Tip_SZF":"Cai de comunicatie rutiera","utr":"CR","cod":"CR","ZONA":"CR","denumire":"Cai de comunicatie rutiera","functiune":"Căi de comunicație și transporturi"},"geometry":{"type":"Polygon","coordinates":[[[27.287435,47.454902],[27.2874,47.454974],[27.288014,47.455067],[27.287684,47.455492],[27.287564,47.455766],[27.287449,47.456059],[27.287317,47.456321],[27.287222,47.4565],[27.287083,47.4567],[27.287097,47.45676],[27.287066,47.45685],[27.287014,47.457024],[27.286828,47.457264],[27.286725,47.457376],[27.286767,47.457384],[27.286858,47.457287],[27.287119,47.456986],[27.287153,47.456885],[27.287161,47.45686],[27.28714,47.456779],[27.287238,47.456637],[27.287311,47.45649],[27.287374,47.456399],[27.287385,47.456338],[27.287493,47.456113],[27.287737,47.455574],[27.288084,47.455076],[27.288722,47.455164],[27.289364,47.455218],[27.289544,47.455293],[27.289854,47.455331],[27.291295,47.455427],[27.292338,47.45544],[27.293232,47.455438],[27.29362,47.455535],[27.294556,47.455699],[27.294692,47.455709],[27.29543,47.455762],[27.295477,47.455675],[27.294995,47.455569],[27.293752,47.455299],[27.292913,47.455111],[27.292299,47.454988],[27.291776,47.454844],[27.291768,47.454913],[27.29203,47.454965],[27.292959,47.455172],[27.29406,47.455426],[27.294888,47.455614],[27.294914,47.455633],[27.294709,47.455624],[27.294099,47.455555],[27.293274,47.455403],[27.292858,47.455369],[27.29106,47.455328],[27.289769,47.455257],[27.289494,47.455171],[27.289237,47.455076],[27.289023,47.454845],[27.288973,47.454649],[27.28901,47.454548],[27.288962,47.454065],[27.28904,47.453892],[27.289206,47.453596],[27.289145,47.453582],[27.289083,47.453693],[27.288894,47.45403],[27.288889,47.454308],[27.288917,47.454527],[27.288881,47.454714],[27.288888,47.454867],[27.28895,47.45496],[27.289047,47.455042],[27.289206,47.455162],[27.28828,47.455044],[27.287435,47.454902]]]}},{"type":"Feature","properties":{"fid":413,"Cod_ZF":"ZF01","Tip_ZF":"Zonă aflată permanent sub ape","Cod_SZF":"TA","Tip_SZF":"Ape","utr":"TA","cod":"TA","ZONA":"TA","denumire":"Ape","functiune":"Zonă aflată permanent sub ape"},"geometry":{"type":"Polygon","coordinates":[[[27.298269,47.45757],[27.298216,47.457542],[27.298184,47.457526],[27.298143,47.457521],[27.297963,47.457459],[27.297681,47.457352],[27.297536,47.457253],[27.297391,47.457081],[27.297238,47.456972],[27.297121,47.456944],[27.296696,47.456954],[27.296482,47.456865],[27.29641,47.45679],[27.296429,47.45672],[27.296318,47.456619],[27.296181,47.456581],[27.296009,47.456447],[27.295836,47.456394],[27.295614,47.456458],[27.295263,47.45658],[27.295186,47.456576],[27.295163,47.456621],[27.295212,47.456624],[27.295444,47.456589],[27.295783,47.456458],[27.295947,47.456481],[27.296074,47.456594],[27.296224,47.456649],[27.296362,47.456722],[27.296337,47.456786],[27.296411,47.456883],[27.296683,47.456995],[27.297139,47.456986],[27.297327,47.457093],[27.297458,47.457302],[27.298032,47.457556],[27.298177,47.457576],[27.298269,47.45757]]]}},{"type":"Feature","properties":{"fid":414,"Cod_ZF":"ZF01","Tip_ZF":"Zonă aflată permanent sub ape","Cod_SZF":"TA","Tip_SZF":"Ape","utr":"TA","cod":"TA","ZONA":"TA","denumire":"Ape","functiune":"Zonă aflată permanent sub ape"},"geometry":{"type":"Polygon","coordinates":[[[27.291562,47.456168],[27.291658,47.456153],[27.291796,47.456123],[27.292004,47.456077],[27.292111,47.45605],[27.292196,47.455983],[27.292299,47.455861],[27.292388,47.455809],[27.292585,47.455768],[27.292772,47.455816],[27.292845,47.45585],[27.293012,47.455854],[27.29315,47.455811],[27.293272,47.455797],[27.293321,47.455803],[27.29345,47.455866],[27.2935,47.455907],[27.293604,47.455974],[27.293836,47.456051],[27.293916,47.456092],[27.294047,47.456105],[27.294357,47.456085],[27.294462,47.45606],[27.29481,47.456143],[27.295074,47.456213],[27.29504,47.456295],[27.295031,47.456352],[27.295015,47.456457],[27.29501,47.456538],[27.295047,47.456586],[27.295065,47.45654],[27.295052,47.456502],[27.295086,47.456364],[27.295102,47.456296],[27.295128,47.456222],[27.295075,47.456174],[27.294523,47.456028],[27.294429,47.456022],[27.29431,47.456055],[27.294053,47.456064],[27.293934,47.456045],[27.293623,47.455929],[27.293417,47.455798],[27.293332,47.455763],[27.293247,47.455763],[27.293108,47.455778],[27.293046,47.4558],[27.292958,47.45581],[27.292869,47.4558],[27.292685,47.455734],[27.292585,47.455723],[27.292427,47.455742],[27.292289,47.455814],[27.292078,47.455994],[27.291954,47.456044],[27.291699,47.456099],[27.291557,47.45612],[27.291256,47.456118],[27.290976,47.45611],[27.290808,47.456087],[27.29054,47.455949],[27.290433,47.455911],[27.290332,47.455902],[27.29022,47.455842],[27.290122,47.455791],[27.290046,47.455779],[27.28992,47.455749],[27.289886,47.455729],[27.289815,47.455728],[27.289731,47.455735],[27.289676,47.45578],[27.289487,47.456017],[27.289421,47.456126],[27.289304,47.456193],[27.289162,47.456287],[27.289127,47.456406],[27.289149,47.456492],[27.289128,47.456626],[27.289036,47.45672],[27.288987,47.456792],[27.288949,47.456833],[27.288942,47.45684],[27.289005,47.456869],[27.28912,47.456715],[27.289202,47.456628],[27.289203,47.456566],[27.289192,47.456442],[27.289191,47.456377],[27.289266,47.456282],[27.289364,47.456221],[27.289385,47.456216],[27.289495,47.456181],[27.289507,47.456117],[27.289558,47.45599],[27.2897,47.455818],[27.289774,47.455766],[27.289864,47.455765],[27.289949,47.455803],[27.290118,47.455827],[27.290254,47.455931],[27.290313,47.455957],[27.290499,47.45599],[27.290764,47.456132],[27.290844,47.456162],[27.290986,47.456175],[27.291164,47.456174],[27.291278,47.456162],[27.291453,47.456179],[27.291562,47.456168]]]}},{"type":"Feature","properties":{"fid":415,"Cod_ZF":"ZF01","Tip_ZF":"Zonă aflată permanent sub ape","Cod_SZF":"TA","Tip_SZF":"Ape","utr":"TA","cod":"TA","ZONA":"TA","denumire":"Ape","functiune":"Zonă aflată permanent sub ape"},"geometry":{"type":"Polygon","coordinates":[[[27.286665,47.457824],[27.286647,47.45787],[27.286808,47.457807],[27.286932,47.457795],[27.287042,47.457759],[27.28711,47.457683],[27.287112,47.45762],[27.287055,47.45748],[27.287138,47.457393],[27.287395,47.457234],[27.287614,47.457151],[27.287762,47.457158],[27.287947,47.457189],[27.288002,47.457188],[27.288152,47.457186],[27.28822,47.457163],[27.288297,47.457077],[27.288374,47.45704],[27.288576,47.456983],[27.288675,47.456981],[27.28881,47.456944],[27.288954,47.456894],[27.28891,47.456871],[27.28881,47.456905],[27.288619,47.456944],[27.2884,47.456999],[27.288253,47.45706],[27.288212,47.45711],[27.288104,47.457149],[27.28793,47.457121],[27.287685,47.457088],[27.287426,47.457175],[27.2873,47.457225],[27.287263,47.457276],[27.287075,47.457386],[27.287024,47.457497],[27.287045,47.45758],[27.287053,47.457647],[27.287048,47.45769],[27.286991,47.457738],[27.286854,47.457771],[27.286742,47.457793],[27.286665,47.457824]]]}},{"type":"Feature","properties":{"fid":416,"Cod_ZF":"ZF11","Tip_ZF":"Zonă locuințe și funcțiuni complementare","Cod_SZF":"L","Tip_SZF":"Zona de locuinte si functiuni complementare","utr":"Li1","cod":"Li1","ZONA":"Li1","denumire":"Zona de locuinte si functiuni complementare","functiune":"Zonă locuințe și funcțiuni complementare"},"geometry":{"type":"Polygon","coordinates":[[[27.298632,47.467366],[27.297331,47.470086],[27.298407,47.470372],[27.298436,47.470257],[27.298658,47.469382],[27.298917,47.468547],[27.299042,47.468133],[27.299071,47.468014],[27.299035,47.467742],[27.298634,47.467362],[27.298632,47.467366]]]}},{"type":"Feature","properties":{"fid":417,"Cod_ZF":"ZF11","Tip_ZF":"Zonă locuințe și funcțiuni complementare","Cod_SZF":"L","Tip_SZF":"Zona de locuinte si functiuni complementare","utr":"Li1","cod":"Li1","ZONA":"Li1","denumire":"Zona de locuinte si functiuni complementare","functiune":"Zonă locuințe și funcțiuni complementare"},"geometry":{"type":"Polygon","coordinates":[[[27.298563,47.470413],[27.298641,47.470434],[27.300094,47.465853],[27.29883,47.464486],[27.298043,47.462786],[27.298314,47.462478],[27.298528,47.46191],[27.297609,47.461731],[27.297576,47.461724],[27.297412,47.461918],[27.29736,47.461984],[27.297226,47.462331],[27.29718,47.46247],[27.29664,47.463725],[27.296315,47.464499],[27.296573,47.464802],[27.297018,47.465328],[27.297701,47.466143],[27.29871,47.467203],[27.298692,47.467239],[27.299102,47.467597],[27.299211,47.467821],[27.299241,47.468022],[27.298596,47.470306],[27.298563,47.470413]]]}},{"type":"Feature","properties":{"fid":418,"Cod_ZF":"ZF11","Tip_ZF":"Zonă locuințe și funcțiuni complementare","Cod_SZF":"L","Tip_SZF":"Zona de locuinte si functiuni complementare","utr":"Li1","cod":"Li1","ZONA":"Li1","denumire":"Zona de locuinte si functiuni complementare","functiune":"Zonă locuințe și funcțiuni complementare"},"geometry":{"type":"Polygon","coordinates":[[[27.297534,47.461714],[27.2975,47.461673],[27.295434,47.461247],[27.293942,47.460956],[27.293853,47.461163],[27.293808,47.461249],[27.294241,47.461833],[27.294507,47.462192],[27.295325,47.463283],[27.296225,47.464392],[27.296272,47.464447],[27.296558,47.463781],[27.296959,47.462861],[27.297167,47.462332],[27.297319,47.461947],[27.297455,47.461809],[27.297534,47.461714]]]}},{"type":"Feature","properties":{"fid":419,"Cod_ZF":"ZF11","Tip_ZF":"Zonă locuințe și funcțiuni complementare","Cod_SZF":"L","Tip_SZF":"Zona de locuinte si functiuni complementare","utr":"Li1","cod":"Li1","ZONA":"Li1","denumire":"Zona de locuinte si functiuni complementare","functiune":"Zonă locuințe și funcțiuni complementare"},"geometry":{"type":"Polygon","coordinates":[[[27.29373,47.461397],[27.293303,47.462203],[27.297479,47.466065],[27.297495,47.46608],[27.297178,47.465733],[27.296253,47.464656],[27.295598,47.463888],[27.294674,47.46268],[27.29373,47.461397]]]}},{"type":"Feature","properties":{"fid":420,"Cod_ZF":"ZF11","Tip_ZF":"Zonă locuințe și funcțiuni complementare","Cod_SZF":"L","Tip_SZF":"Zona de locuinte si functiuni complementare","utr":"Li1","cod":"Li1","ZONA":"Li1","denumire":"Zona de locuinte si functiuni complementare","functiune":"Zonă locuințe și funcțiuni complementare"},"geometry":{"type":"Polygon","coordinates":[[[27.298546,47.461862],[27.298729,47.461379],[27.298262,47.461298],[27.298252,47.461323],[27.296683,47.461022],[27.294113,47.460555],[27.293958,47.460918],[27.29492,47.461103],[27.295713,47.461255],[27.297806,47.461656],[27.297805,47.461752],[27.298546,47.461862]]]}},{"type":"Feature","properties":{"fid":421,"Cod_ZF":"ZF11","Tip_ZF":"Zonă locuințe și funcțiuni complementare","Cod_SZF":"L","Tip_SZF":"Zona de locuinte si functiuni complementare","utr":"Li1","cod":"Li1","ZONA":"Li1","denumire":"Zona de locuinte si functiuni complementare","functiune":"Zonă locuințe și funcțiuni complementare"},"geometry":{"type":"Polygon","coordinates":[[[27.298273,47.461268],[27.29855,47.460536],[27.296941,47.460228],[27.294452,47.459755],[27.29426,47.460208],[27.294145,47.460479],[27.294398,47.460545],[27.296454,47.460923],[27.298273,47.461268]]]}},{"type":"Feature","properties":{"fid":422,"Cod_ZF":"ZF11","Tip_ZF":"Zonă locuințe și funcțiuni complementare","Cod_SZF":"L","Tip_SZF":"Zona de locuinte si functiuni complementare","utr":"Li1","cod":"Li1","ZONA":"Li1","denumire":"Zona de locuinte si functiuni complementare","functiune":"Zonă locuințe și funcțiuni complementare"},"geometry":{"type":"Polygon","coordinates":[[[27.298572,47.460476],[27.298847,47.459747],[27.298475,47.459668],[27.297396,47.459441],[27.296044,47.4592],[27.294775,47.458965],[27.294482,47.459685],[27.294757,47.459747],[27.296468,47.46007],[27.298572,47.460476]]]}},{"type":"Feature","properties":{"fid":423,"Cod_ZF":"ZF11","Tip_ZF":"Zonă locuințe și funcțiuni complementare","Cod_SZF":"L","Tip_SZF":"Zona de locuinte si functiuni complementare","utr":"Li1","cod":"Li1","ZONA":"Li1","denumire":"Zona de locuinte si functiuni complementare","functiune":"Zonă locuințe și funcțiuni complementare"},"geometry":{"type":"Polygon","coordinates":[[[27.298879,47.459663],[27.298897,47.459615],[27.298795,47.458876],[27.29793,47.458673],[27.297898,47.45872],[27.297438,47.45863],[27.29678,47.458504],[27.295538,47.458259],[27.295178,47.458187],[27.295101,47.458182],[27.294804,47.458894],[27.295005,47.458941],[27.295123,47.458969],[27.297525,47.459409],[27.298727,47.45963],[27.298879,47.459663]]]}},{"type":"Feature","properties":{"fid":424,"Cod_ZF":"ZF11","Tip_ZF":"Zonă locuințe și funcțiuni complementare","Cod_SZF":"L","Tip_SZF":"Zona de locuinte si functiuni complementare","utr":"Li1","cod":"Li1","ZONA":"Li1","denumire":"Zona de locuinte si functiuni complementare","functiune":"Zonă locuințe și funcțiuni complementare"},"geometry":{"type":"Polygon","coordinates":[[[27.29776,47.458634],[27.29813,47.457908],[27.297439,47.457777],[27.295805,47.457456],[27.295445,47.45739],[27.295147,47.458072],[27.295174,47.458117],[27.295666,47.458213],[27.295899,47.458259],[27.297638,47.458598],[27.29776,47.458634]]]}},{"type":"Feature","properties":{"fid":425,"Cod_ZF":"ZF11","Tip_ZF":"Zonă locuințe și funcțiuni complementare","Cod_SZF":"L","Tip_SZF":"Zona de locuinte si functiuni complementare","utr":"Li1","cod":"Li1","ZONA":"Li1","denumire":"Zona de locuinte si functiuni complementare","functiune":"Zonă locuințe și funcțiuni complementare"},"geometry":{"type":"Polygon","coordinates":[[[27.295292,47.457364],[27.294866,47.457261],[27.293283,47.456943],[27.291654,47.456626],[27.291497,47.456595],[27.291153,47.457338],[27.291739,47.45745],[27.291909,47.457482],[27.292613,47.457617],[27.293656,47.457829],[27.294741,47.458041],[27.294994,47.458085],[27.295056,47.457933],[27.295292,47.457364]]]}},{"type":"Feature","properties":{"fid":426,"Cod_ZF":"ZF11","Tip_ZF":"Zonă locuințe și funcțiuni complementare","Cod_SZF":"L","Tip_SZF":"Zona de locuinte si functiuni complementare","utr":"Li1","cod":"Li1","ZONA":"Li1","denumire":"Zona de locuinte si functiuni complementare","functiune":"Zonă locuințe și funcțiuni complementare"},"geometry":{"type":"Polygon","coordinates":[[[27.294619,47.458946],[27.292831,47.458585],[27.290797,47.458195],[27.290452,47.458933],[27.291004,47.459028],[27.291242,47.45907],[27.292677,47.459338],[27.294244,47.459629],[27.294338,47.459653],[27.294388,47.459525],[27.294594,47.459003],[27.294619,47.458946]]]}},{"type":"Feature","properties":{"fid":427,"Cod_ZF":"ZF11","Tip_ZF":"Zonă locuințe și funcțiuni complementare","Cod_SZF":"L","Tip_SZF":"Zona de locuinte si functiuni complementare","utr":"Li1","cod":"Li1","ZONA":"Li1","denumire":"Zona de locuinte si functiuni complementare","functiune":"Zonă locuințe și funcțiuni complementare"},"geometry":{"type":"Polygon","coordinates":[[[27.289844,47.460443],[27.293723,47.46114],[27.293912,47.460678],[27.293975,47.460528],[27.292604,47.460258],[27.29089,47.45992],[27.290129,47.459772],[27.289935,47.460229],[27.289844,47.460443]]]}},{"type":"Feature","properties":{"fid":428,"Cod_ZF":"ZF11","Tip_ZF":"Zonă locuințe și funcțiuni complementare","Cod_SZF":"L","Tip_SZF":"Zona de locuinte si functiuni complementare","utr":"Li1","cod":"Li1","ZONA":"Li1","denumire":"Zona de locuinte si functiuni complementare","functiune":"Zonă locuințe și funcțiuni complementare"},"geometry":{"type":"Polygon","coordinates":[[[27.286183,47.459041],[27.285908,47.459736],[27.289774,47.46043],[27.290032,47.459755],[27.287941,47.459341],[27.286722,47.459118],[27.286428,47.459073],[27.286183,47.459041]]]}},{"type":"Feature","properties":{"fid":429,"Cod_ZF":"ZF11","Tip_ZF":"Zonă locuințe și funcțiuni complementare","Cod_SZF":"L","Tip_SZF":"Zona de locuinte si functiuni complementare","utr":"Li1","cod":"Li1","ZONA":"Li1","denumire":"Zona de locuinte si functiuni complementare","functiune":"Zonă locuințe și funcțiuni complementare"},"geometry":{"type":"Polygon","coordinates":[[[27.286285,47.459002],[27.287042,47.459139],[27.289108,47.459521],[27.29005,47.459694],[27.290141,47.459572],[27.290374,47.458973],[27.287984,47.45854],[27.287562,47.458464],[27.287409,47.458436],[27.287135,47.458386],[27.287056,47.458396],[27.286592,47.458497],[27.286472,47.458562],[27.286285,47.459002]]]}},{"type":"Feature","properties":{"fid":430,"Cod_ZF":"ZF11","Tip_ZF":"Zonă locuințe și funcțiuni complementare","Cod_SZF":"L","Tip_SZF":"Zona de locuinte si functiuni complementare","utr":"Li1","cod":"Li1","ZONA":"Li1","denumire":"Zona de locuinte si functiuni complementare","functiune":"Zonă locuințe și funcțiuni complementare"},"geometry":{"type":"Polygon","coordinates":[[[27.288113,47.45763],[27.288448,47.457698],[27.289646,47.457914],[27.289817,47.457945],[27.29065,47.458094],[27.29073,47.458085],[27.291004,47.457373],[27.289145,47.456997],[27.288956,47.45708],[27.288579,47.457177],[27.28812,47.457328],[27.288045,47.457451],[27.288041,47.457528],[27.288113,47.45763]]]}},{"type":"Feature","properties":{"fid":431,"Cod_ZF":"ZF11","Tip_ZF":"Zonă locuințe și funcțiuni complementare","Cod_SZF":"L","Tip_SZF":"Zona de locuinte si functiuni complementare","utr":"Li1","cod":"Li1","ZONA":"Li1","denumire":"Zona de locuinte si functiuni complementare","functiune":"Zonă locuințe și funcțiuni complementare"},"geometry":{"type":"Polygon","coordinates":[[[27.287481,47.457464],[27.287747,47.457555],[27.28807,47.457621],[27.288014,47.457528],[27.288028,47.457431],[27.288062,47.45734],[27.28762,47.457429],[27.287481,47.457464]]]}},{"type":"Feature","properties":{"fid":432,"Cod_ZF":"ZF11","Tip_ZF":"Zonă locuințe și funcțiuni complementare","Cod_SZF":"L","Tip_SZF":"Zona de locuinte si functiuni complementare","utr":"Li1","cod":"Li1","ZONA":"Li1","denumire":"Zona de locuinte si functiuni complementare","functiune":"Zonă locuințe și funcțiuni complementare"},"geometry":{"type":"Polygon","coordinates":[[[27.287123,47.458328],[27.287184,47.45832],[27.288906,47.458642],[27.289255,47.458705],[27.290392,47.458906],[27.290682,47.458187],[27.289994,47.458032],[27.287964,47.457635],[27.287417,47.457523],[27.287389,47.457554],[27.287373,47.457718],[27.287275,47.457963],[27.286734,47.458369],[27.286633,47.458444],[27.287123,47.458328]]]}},{"type":"Feature","properties":{"fid":433,"Cod_ZF":"ZF11","Tip_ZF":"Zonă locuințe și funcțiuni complementare","Cod_SZF":"L","Tip_SZF":"Zona de locuinte si functiuni complementare","utr":"Li1","cod":"Li1","ZONA":"Li1","denumire":"Zona de locuinte si functiuni complementare","functiune":"Zonă locuințe și funcțiuni complementare"},"geometry":{"type":"Polygon","coordinates":[[[27.289166,47.456917],[27.289337,47.456954],[27.289682,47.457028],[27.29103,47.457318],[27.291058,47.457322],[27.29115,47.457169],[27.291374,47.456583],[27.289811,47.456283],[27.289746,47.456273],[27.289486,47.456446],[27.289166,47.456917]]]}},{"type":"Feature","properties":{"fid":434,"Cod_ZF":"ZF11","Tip_ZF":"Zonă locuințe și funcțiuni complementare","Cod_SZF":"L","Tip_SZF":"Zona de locuinte si functiuni complementare","utr":"Li1","cod":"Li1","ZONA":"Li1","denumire":"Zona de locuinte si functiuni complementare","functiune":"Zonă locuințe și funcțiuni complementare"},"geometry":{"type":"Polygon","coordinates":[[[27.2874,47.454974],[27.286288,47.457297],[27.286127,47.457599],[27.286208,47.457614],[27.28627,47.457625],[27.286712,47.457706],[27.286834,47.457396],[27.286767,47.457384],[27.286725,47.457376],[27.286828,47.457264],[27.287014,47.457024],[27.287066,47.45685],[27.287097,47.45676],[27.287083,47.4567],[27.287222,47.4565],[27.287317,47.456321],[27.287449,47.456059],[27.287564,47.455766],[27.287684,47.455492],[27.288014,47.455067],[27.2874,47.454974]]]}},{"type":"Feature","properties":{"fid":435,"Cod_ZF":"ZF11","Tip_ZF":"Zonă locuințe și funcțiuni complementare","Cod_SZF":"L","Tip_SZF":"Zona de locuinte si functiuni complementare","utr":"Li1","cod":"Li1","ZONA":"Li1","denumire":"Zona de locuinte si functiuni complementare","functiune":"Zonă locuințe și funcțiuni complementare"},"geometry":{"type":"Polygon","coordinates":[[[27.289145,47.453582],[27.288857,47.453519],[27.28821,47.45487],[27.288145,47.454856],[27.287921,47.454806],[27.287523,47.454719],[27.287435,47.454902],[27.28828,47.455044],[27.289206,47.455162],[27.289047,47.455042],[27.28895,47.45496],[27.288888,47.454867],[27.288881,47.454714],[27.288917,47.454527],[27.288889,47.454308],[27.288894,47.45403],[27.289083,47.453693],[27.289145,47.453582]]]}},{"type":"Feature","properties":{"fid":436,"Cod_ZF":"ZF11","Tip_ZF":"Zonă locuințe și funcțiuni complementare","Cod_SZF":"L","Tip_SZF":"Zona de locuinte si functiuni complementare","utr":"Li1","cod":"Li1","ZONA":"Li1","denumire":"Zona de locuinte si functiuni complementare","functiune":"Zonă locuințe și funcțiuni complementare"},"geometry":{"type":"Polygon","coordinates":[[[27.29497,47.458143],[27.294427,47.458039],[27.293229,47.457807],[27.29208,47.457575],[27.291128,47.457395],[27.290821,47.458137],[27.291282,47.458222],[27.291868,47.45833],[27.292239,47.458398],[27.293354,47.458616],[27.293375,47.45862],[27.293552,47.458233],[27.294818,47.458496],[27.294908,47.458291],[27.294941,47.458214],[27.29497,47.458143]]]}},{"type":"Feature","properties":{"fid":437,"Cod_ZF":"ZF11","Tip_ZF":"Zonă locuințe și funcțiuni complementare","Cod_SZF":"L","Tip_SZF":"Zona de locuinte si functiuni complementare","utr":"Li1","cod":"Li1","ZONA":"Li1","denumire":"Zona de locuinte si functiuni complementare","functiune":"Zonă locuințe și funcțiuni complementare"},"geometry":{"type":"Polygon","coordinates":[[[27.29221,47.459335],[27.291944,47.459286],[27.290458,47.459002],[27.290156,47.45972],[27.290777,47.459834],[27.291468,47.459961],[27.291536,47.459973],[27.292018,47.460069],[27.292075,47.459778],[27.29221,47.459335]]]}},{"type":"Feature","properties":{"fid":438,"Cod_ZF":"ZF09","Tip_ZF":"Zonă instituții publice","Cod_SZF":"IS","Tip_SZF":"Zona de institutii publice si servicii","utr":"IS","cod":"IS","ZONA":"IS","denumire":"Zona de institutii publice si servicii","functiune":"Zonă instituții publice"},"geometry":{"type":"Polygon","coordinates":[[[27.292859,47.459453],[27.29221,47.459335],[27.292075,47.459778],[27.292018,47.460069],[27.292539,47.460174],[27.292654,47.459891],[27.292749,47.459702],[27.292859,47.459453]]]}},{"type":"Feature","properties":{"fid":439,"Cod_ZF":"ZF09","Tip_ZF":"Zonă instituții publice","Cod_SZF":"IS","Tip_SZF":"Zona de institutii publice si servicii","utr":"IS","cod":"IS","ZONA":"IS","denumire":"Zona de institutii publice si servicii","functiune":"Zonă instituții publice"},"geometry":{"type":"Polygon","coordinates":[[[27.293375,47.45862],[27.294273,47.458794],[27.294653,47.45887],[27.294818,47.458496],[27.293552,47.458233],[27.293375,47.45862]]]}},{"type":"Feature","properties":{"fid":440,"Cod_ZF":"ZF12","Tip_ZF":"Zonă unități industriale și de depozitare","Cod_SZF":"AI","Tip_SZF":"Zona unitati agro-industriale","utr":"AI","cod":"AI","ZONA":"AI","denumire":"Zona unitati agro-industriale","functiune":"Zonă unități industriale și de depozitare"},"geometry":{"type":"Polygon","coordinates":[[[27.298177,47.45294],[27.298298,47.452801],[27.298313,47.452805],[27.298385,47.452827],[27.298599,47.452617],[27.29931,47.451931],[27.300051,47.451205],[27.300987,47.450283],[27.298594,47.449697],[27.297391,47.452525],[27.29685,47.452395],[27.296787,47.452608],[27.296123,47.453886],[27.296991,47.454091],[27.297349,47.453746],[27.298177,47.45294]]]}},{"type":"Feature","properties":{"fid":441,"Cod_ZF":"ZF11","Tip_ZF":"Zonă locuințe și funcțiuni complementare","Cod_SZF":"L","Tip_SZF":"Zona de locuinte si functiuni complementare","utr":"Li1","cod":"Li1","ZONA":"Li1","denumire":"Zona de locuinte si functiuni complementare","functiune":"Zonă locuințe și funcțiuni complementare"},"geometry":{"type":"Polygon","coordinates":[[[27.296123,47.453886],[27.296003,47.454116],[27.295789,47.454528],[27.296255,47.454644],[27.296396,47.454692],[27.296854,47.454222],[27.296991,47.454091],[27.296123,47.453886]]]}},{"type":"Feature","properties":{"fid":442,"Cod_ZF":"ZF11","Tip_ZF":"Zonă locuințe și funcțiuni complementare","Cod_SZF":"L","Tip_SZF":"Zona de locuinte si functiuni complementare","utr":"Li1","cod":"Li1","ZONA":"Li1","denumire":"Zona de locuinte si functiuni complementare","functiune":"Zonă locuințe și funcțiuni complementare"},"geometry":{"type":"Polygon","coordinates":[[[27.301681,47.455863],[27.301897,47.455564],[27.298713,47.454839],[27.296925,47.454432],[27.296836,47.454411],[27.296582,47.45469],[27.296617,47.454699],[27.298032,47.455024],[27.298294,47.455085],[27.298722,47.455183],[27.300299,47.45554],[27.301681,47.455863]]]}},{"type":"Feature","properties":{"fid":443,"Cod_ZF":"ZF11","Tip_ZF":"Zonă locuințe și funcțiuni complementare","Cod_SZF":"L","Tip_SZF":"Zona de locuinte si functiuni complementare","utr":"Li1","cod":"Li1","ZONA":"Li1","denumire":"Zona de locuinte si functiuni complementare","functiune":"Zonă locuințe și funcțiuni complementare"},"geometry":{"type":"Polygon","coordinates":[[[27.301455,47.456175],[27.301625,47.455941],[27.301437,47.455893],[27.300276,47.4556],[27.297859,47.455046],[27.296549,47.454726],[27.2963,47.454999],[27.296916,47.45514],[27.297877,47.455358],[27.299554,47.455735],[27.300751,47.456015],[27.301455,47.456175]]]}},{"type":"Feature","properties":{"fid":444,"Cod_ZF":"ZF11","Tip_ZF":"Zonă locuințe și funcțiuni complementare","Cod_SZF":"L","Tip_SZF":"Zona de locuinte si functiuni complementare","utr":"Li1","cod":"Li1","ZONA":"Li1","denumire":"Zona de locuinte si functiuni complementare","functiune":"Zonă locuințe și funcțiuni complementare"},"geometry":{"type":"Polygon","coordinates":[[[27.300916,47.456922],[27.301419,47.456226],[27.301052,47.456138],[27.299295,47.455737],[27.297348,47.455301],[27.296247,47.455055],[27.295693,47.455611],[27.295651,47.455689],[27.295813,47.455728],[27.296209,47.455823],[27.296715,47.455943],[27.297481,47.456129],[27.297589,47.456153],[27.29801,47.456237],[27.299925,47.456671],[27.300916,47.456922]]]}},{"type":"Feature","properties":{"fid":445,"Cod_ZF":"ZF11","Tip_ZF":"Zonă locuințe și funcțiuni complementare","Cod_SZF":"L","Tip_SZF":"Zona de locuinte si functiuni complementare","utr":"Li1","cod":"Li1","ZONA":"Li1","denumire":"Zona de locuinte si functiuni complementare","functiune":"Zonă locuințe și funcțiuni complementare"},"geometry":{"type":"Polygon","coordinates":[[[27.296338,47.454753],[27.295756,47.454591],[27.295743,47.454617],[27.294676,47.454405],[27.294362,47.454343],[27.292,47.453875],[27.291517,47.454754],[27.290434,47.454514],[27.291064,47.45369],[27.289643,47.453409],[27.289521,47.453665],[27.289206,47.453596],[27.28904,47.453892],[27.288962,47.454065],[27.28901,47.454548],[27.288973,47.454649],[27.289023,47.454845],[27.289237,47.455076],[27.289494,47.455171],[27.289769,47.455257],[27.29106,47.455328],[27.292858,47.455369],[27.293274,47.455403],[27.294099,47.455555],[27.294709,47.455624],[27.294914,47.455633],[27.294888,47.455614],[27.29406,47.455426],[27.292959,47.455172],[27.29203,47.454965],[27.291768,47.454913],[27.291776,47.454844],[27.292299,47.454988],[27.292913,47.455111],[27.293752,47.455299],[27.294995,47.455569],[27.295477,47.455675],[27.295485,47.455661],[27.295961,47.455159],[27.296338,47.454753]]]}},{"type":"Feature","properties":{"fid":446,"Cod_ZF":"ZF13","Tip_ZF":"Zonă gospodării comunale","Cod_SZF":"GC","Tip_SZF":"Zona gospodarie comunala, cimitire","utr":"GC","cod":"GC","ZONA":"GC","denumire":"Zona gospodarie comunala, cimitire","functiune":"Zonă gospodării comunale"},"geometry":{"type":"Polygon","coordinates":[[[27.292,47.453875],[27.291064,47.45369],[27.290434,47.454514],[27.291517,47.454754],[27.292,47.453875]]]}},{"type":"Feature","properties":{"fid":447,"Cod_ZF":"ZF14","Tip_ZF":"Zonă spații verzi, sport și agrement","Cod_SZF":"SV","Tip_SZF":"Spatii plantate, agrement, sport","utr":"SV","cod":"SV","ZONA":"SV","denumire":"Spatii plantate, agrement, sport","functiune":"Zonă spații verzi, sport și agrement"},"geometry":{"type":"Polygon","coordinates":[[[27.298184,47.457526],[27.297793,47.457321],[27.297514,47.457064],[27.297283,47.456929],[27.296695,47.45683],[27.296578,47.456793],[27.29639,47.456611],[27.296129,47.456472],[27.295965,47.456366],[27.295789,47.45636],[27.295211,47.456529],[27.295186,47.456576],[27.295263,47.45658],[27.295614,47.456458],[27.295836,47.456394],[27.296009,47.456447],[27.296181,47.456581],[27.296318,47.456619],[27.296429,47.45672],[27.29641,47.45679],[27.296482,47.456865],[27.296696,47.456954],[27.297121,47.456944],[27.297238,47.456972],[27.297391,47.457081],[27.297536,47.457253],[27.297681,47.457352],[27.297963,47.457459],[27.298143,47.457521],[27.298184,47.457526]]]}},{"type":"Feature","properties":{"fid":448,"Cod_ZF":"ZF14","Tip_ZF":"Zonă spații verzi, sport și agrement","Cod_SZF":"SV","Tip_SZF":"Spatii plantate, agrement, sport","utr":"SV","cod":"SV","ZONA":"SV","denumire":"Spatii plantate, agrement, sport","functiune":"Zonă spații verzi, sport și agrement"},"geometry":{"type":"Polygon","coordinates":[[[27.298172,47.457826],[27.298295,47.457584],[27.298269,47.45757],[27.298177,47.457576],[27.298032,47.457556],[27.297458,47.457302],[27.297327,47.457093],[27.297139,47.456986],[27.296683,47.456995],[27.296411,47.456883],[27.296337,47.456786],[27.296362,47.456722],[27.296224,47.456649],[27.296074,47.456594],[27.295947,47.456481],[27.295783,47.456458],[27.295444,47.456589],[27.295212,47.456624],[27.295163,47.456621],[27.295149,47.456709],[27.295185,47.456729],[27.295196,47.456735],[27.295407,47.456717],[27.295722,47.456656],[27.295986,47.456651],[27.296056,47.456724],[27.296061,47.45676],[27.295929,47.456987],[27.295898,47.457041],[27.295437,47.456921],[27.295129,47.45684],[27.295347,47.457174],[27.295448,47.457328],[27.295969,47.457416],[27.296076,47.457106],[27.29702,47.457014],[27.29728,47.457171],[27.297468,47.457316],[27.297743,47.457482],[27.297712,47.457546],[27.297627,47.457721],[27.298172,47.457826]]]}},{"type":"Feature","properties":{"fid":449,"Cod_ZF":"ZF09","Tip_ZF":"Zonă instituții publice","Cod_SZF":"IS","Tip_SZF":"Zona de institutii publice si servicii","utr":"IS","cod":"IS","ZONA":"IS","denumire":"Zona de institutii publice si servicii","functiune":"Zonă instituții publice"},"geometry":{"type":"Polygon","coordinates":[[[27.294798,47.457183],[27.294873,47.457199],[27.295153,47.457235],[27.295257,47.457257],[27.295001,47.456899],[27.294957,47.456883],[27.294753,47.45681],[27.294642,47.45679],[27.294528,47.45698],[27.29487,47.457047],[27.294798,47.457183]]]}},{"type":"Feature","properties":{"fid":450,"Cod_ZF":"ZF14","Tip_ZF":"Zonă spații verzi, sport și agrement","Cod_SZF":"SV","Tip_SZF":"Spatii plantate, agrement, sport","utr":"SV","cod":"SV","ZONA":"SV","denumire":"Spatii plantate, agrement, sport","functiune":"Zonă spații verzi, sport și agrement"},"geometry":{"type":"Polygon","coordinates":[[[27.286712,47.457706],[27.286665,47.457824],[27.286742,47.457793],[27.286854,47.457771],[27.286991,47.457738],[27.287048,47.45769],[27.287053,47.457647],[27.287045,47.45758],[27.287024,47.457497],[27.287075,47.457386],[27.287263,47.457276],[27.2873,47.457225],[27.287426,47.457175],[27.287685,47.457088],[27.28793,47.457121],[27.288104,47.457149],[27.288212,47.45711],[27.288253,47.45706],[27.2884,47.456999],[27.288619,47.456944],[27.28881,47.456905],[27.28891,47.456871],[27.288875,47.456852],[27.288394,47.456701],[27.287644,47.456502],[27.287311,47.45649],[27.287238,47.456637],[27.28714,47.456779],[27.287161,47.45686],[27.287153,47.456885],[27.287119,47.456986],[27.286858,47.457287],[27.286767,47.457384],[27.286834,47.457396],[27.286712,47.457706]]]}},{"type":"Feature","properties":{"fid":451,"Cod_ZF":"ZF14","Tip_ZF":"Zonă spații verzi, sport și agrement","Cod_SZF":"SV","Tip_SZF":"Spatii plantate, agrement, sport","utr":"SV","cod":"SV","ZONA":"SV","denumire":"Spatii plantate, agrement, sport","functiune":"Zonă spații verzi, sport și agrement"},"geometry":{"type":"Polygon","coordinates":[[[27.286647,47.45787],[27.286541,47.458137],[27.286494,47.458255],[27.286369,47.458571],[27.286416,47.458543],[27.286596,47.458443],[27.286953,47.458175],[27.287256,47.457936],[27.287304,47.457777],[27.28734,47.457548],[27.287423,47.457434],[27.287938,47.457336],[27.288142,47.457284],[27.288606,47.457145],[27.289083,47.456963],[27.288954,47.456894],[27.28881,47.456944],[27.288675,47.456981],[27.288576,47.456983],[27.288374,47.45704],[27.288297,47.457077],[27.28822,47.457163],[27.288152,47.457186],[27.288002,47.457188],[27.287947,47.457189],[27.287762,47.457158],[27.287614,47.457151],[27.287395,47.457234],[27.287138,47.457393],[27.287055,47.45748],[27.287112,47.45762],[27.28711,47.457683],[27.287042,47.457759],[27.286932,47.457795],[27.286808,47.457807],[27.286647,47.45787]]]}},{"type":"Feature","properties":{"fid":452,"Cod_ZF":"ZF11","Tip_ZF":"Zonă locuințe și funcțiuni complementare","Cod_SZF":"L","Tip_SZF":"Zona de locuinte si functiuni complementare","utr":"Li1","cod":"Li1","ZONA":"Li1","denumire":"Zona de locuinte si functiuni complementare","functiune":"Zonă locuințe și funcțiuni complementare"},"geometry":{"type":"Polygon","coordinates":[[[27.295129,47.45684],[27.295437,47.456921],[27.295898,47.457041],[27.295929,47.456987],[27.296061,47.45676],[27.296056,47.456724],[27.295986,47.456651],[27.295722,47.456656],[27.295407,47.456717],[27.295196,47.456735],[27.295185,47.456729],[27.295149,47.456709],[27.295129,47.45684]]]}},{"type":"Feature","properties":{"fid":453,"Cod_ZF":"ZF11","Tip_ZF":"Zonă locuințe și funcțiuni complementare","Cod_SZF":"L","Tip_SZF":"Zona de locuinte si functiuni complementare","utr":"Li1","cod":"Li1","ZONA":"Li1","denumire":"Zona de locuinte si functiuni complementare","functiune":"Zonă locuințe și funcțiuni complementare"},"geometry":{"type":"Polygon","coordinates":[[[27.295969,47.457416],[27.296346,47.45748],[27.297518,47.457699],[27.297627,47.457721],[27.297712,47.457546],[27.297743,47.457482],[27.297468,47.457316],[27.29728,47.457171],[27.29702,47.457014],[27.296076,47.457106],[27.295969,47.457416]]]}},{"type":"Feature","properties":{"fid":454,"Cod_ZF":"ZF11","Tip_ZF":"Zonă locuințe și funcțiuni complementare","Cod_SZF":"L","Tip_SZF":"Zona de locuinte si functiuni complementare","utr":"Li1","cod":"Li1","ZONA":"Li1","denumire":"Zona de locuinte si functiuni complementare","functiune":"Zonă locuințe și funcțiuni complementare"},"geometry":{"type":"Polygon","coordinates":[[[27.297514,47.457064],[27.300395,47.457643],[27.300874,47.45698],[27.300309,47.456832],[27.299063,47.456526],[27.297778,47.456232],[27.296471,47.455937],[27.295619,47.45575],[27.295498,47.455976],[27.29544,47.456088],[27.295236,47.45648],[27.295211,47.456529],[27.295789,47.45636],[27.295965,47.456366],[27.296129,47.456472],[27.29639,47.456611],[27.296578,47.456793],[27.296695,47.45683],[27.297283,47.456929],[27.297514,47.457064]]]}},{"type":"Feature","properties":{"fid":455,"Cod_ZF":"ZF11","Tip_ZF":"Zonă locuințe și funcțiuni complementare","Cod_SZF":"L","Tip_SZF":"Zona de locuinte si functiuni complementare","utr":"Li1","cod":"Li1","ZONA":"Li1","denumire":"Zona de locuinte si functiuni complementare","functiune":"Zonă locuințe și funcțiuni complementare"},"geometry":{"type":"Polygon","coordinates":[[[27.294642,47.45679],[27.293794,47.456641],[27.292451,47.45643],[27.292201,47.456391],[27.292146,47.456405],[27.292022,47.456628],[27.292294,47.456681],[27.294065,47.457028],[27.294798,47.457183],[27.29487,47.457047],[27.294528,47.45698],[27.294642,47.45679]]]}},{"type":"Feature","properties":{"fid":456,"Cod_ZF":"ZF14","Tip_ZF":"Zonă spații verzi, sport și agrement","Cod_SZF":"SV","Tip_SZF":"Spatii plantate, agrement, sport","utr":"SV","cod":"SV","ZONA":"SV","denumire":"Spatii plantate, agrement, sport","functiune":"Zonă spații verzi, sport și agrement"},"geometry":{"type":"Polygon","coordinates":[[[27.288848,47.456797],[27.288942,47.45684],[27.288949,47.456833],[27.288987,47.456792],[27.289036,47.45672],[27.289128,47.456626],[27.289149,47.456492],[27.289127,47.456406],[27.289162,47.456287],[27.289304,47.456193],[27.289421,47.456126],[27.289487,47.456017],[27.289676,47.45578],[27.289731,47.455735],[27.289815,47.455728],[27.289886,47.455729],[27.28992,47.455749],[27.290046,47.455779],[27.290122,47.455791],[27.29022,47.455842],[27.290332,47.455902],[27.290433,47.455911],[27.29054,47.455949],[27.290808,47.456087],[27.290976,47.45611],[27.291256,47.456118],[27.291557,47.45612],[27.291699,47.456099],[27.291954,47.456044],[27.292078,47.455994],[27.292289,47.455814],[27.292427,47.455742],[27.292585,47.455723],[27.292685,47.455734],[27.292869,47.4558],[27.292958,47.45581],[27.293046,47.4558],[27.293108,47.455778],[27.293247,47.455763],[27.293332,47.455763],[27.293417,47.455798],[27.293623,47.455929],[27.293934,47.456045],[27.294053,47.456064],[27.29431,47.456055],[27.294429,47.456022],[27.294523,47.456028],[27.295075,47.456174],[27.295128,47.456222],[27.295102,47.456296],[27.295086,47.456364],[27.29513,47.456377],[27.295138,47.456357],[27.295281,47.456035],[27.29543,47.455762],[27.294692,47.455709],[27.294696,47.455861],[27.294188,47.456024],[27.293884,47.455971],[27.293507,47.455762],[27.293397,47.455746],[27.292875,47.455709],[27.292353,47.455709],[27.292153,47.455851],[27.29204,47.455925],[27.291723,47.45603],[27.290866,47.456042],[27.290484,47.455902],[27.290082,47.455753],[27.289813,47.455694],[27.289625,47.45577],[27.289222,47.455786],[27.28928,47.456016],[27.289329,47.456074],[27.289315,47.456109],[27.289257,47.456114],[27.289068,47.456264],[27.289058,47.456322],[27.28902,47.456433],[27.288931,47.456726],[27.288875,47.456792],[27.288848,47.456797]]]}},{"type":"Feature","properties":{"fid":457,"Cod_ZF":"ZF14","Tip_ZF":"Zonă spații verzi, sport și agrement","Cod_SZF":"SV","Tip_SZF":"Spatii plantate, agrement, sport","utr":"SV","cod":"SV","ZONA":"SV","denumire":"Spatii plantate, agrement, sport","functiune":"Zonă spații verzi, sport și agrement"},"geometry":{"type":"Polygon","coordinates":[[[27.289746,47.456273],[27.289385,47.456216],[27.289364,47.456221],[27.289266,47.456282],[27.289191,47.456377],[27.289192,47.456442],[27.289203,47.456566],[27.289202,47.456628],[27.28912,47.456715],[27.289005,47.456869],[27.289102,47.456914],[27.289166,47.456917],[27.289486,47.456446],[27.289746,47.456273]]]}},{"type":"Feature","properties":{"fid":458,"Cod_ZF":"ZF14","Tip_ZF":"Zonă spații verzi, sport și agrement","Cod_SZF":"SV","Tip_SZF":"Spatii plantate, agrement, sport","utr":"SV","cod":"SV","ZONA":"SV","denumire":"Spatii plantate, agrement, sport","functiune":"Zonă spații verzi, sport și agrement"},"geometry":{"type":"Polygon","coordinates":[[[27.289495,47.456181],[27.289523,47.456185],[27.289531,47.456155],[27.289691,47.455915],[27.289863,47.455826],[27.290028,47.455851],[27.290409,47.456023],[27.290563,47.456091],[27.290764,47.456132],[27.290499,47.45599],[27.290313,47.455957],[27.290254,47.455931],[27.290118,47.455827],[27.289949,47.455803],[27.289864,47.455765],[27.289774,47.455766],[27.2897,47.455818],[27.289558,47.45599],[27.289507,47.456117],[27.289495,47.456181]]]}},{"type":"Feature","properties":{"fid":459,"Cod_ZF":"ZF14","Tip_ZF":"Zonă spații verzi, sport și agrement","Cod_SZF":"SV","Tip_SZF":"Spatii plantate, agrement, sport","utr":"SV","cod":"SV","ZONA":"SV","denumire":"Spatii plantate, agrement, sport","functiune":"Zonă spații verzi, sport și agrement"},"geometry":{"type":"Polygon","coordinates":[[[27.291658,47.456153],[27.291646,47.456184],[27.291794,47.45615],[27.292116,47.45607],[27.292358,47.455864],[27.292534,47.455847],[27.292792,47.455885],[27.292888,47.455909],[27.293226,47.455893],[27.293483,47.455955],[27.293777,47.456094],[27.293847,47.456127],[27.29399,47.456136],[27.294264,47.456117],[27.294433,47.456164],[27.294642,47.456258],[27.294802,47.456299],[27.294983,47.456331],[27.295031,47.456352],[27.29504,47.456295],[27.295074,47.456213],[27.29481,47.456143],[27.294462,47.45606],[27.294357,47.456085],[27.294047,47.456105],[27.293916,47.456092],[27.293836,47.456051],[27.293604,47.455974],[27.2935,47.455907],[27.29345,47.455866],[27.293321,47.455803],[27.293272,47.455797],[27.29315,47.455811],[27.293012,47.455854],[27.292845,47.45585],[27.292772,47.455816],[27.292585,47.455768],[27.292388,47.455809],[27.292299,47.455861],[27.292196,47.455983],[27.292111,47.45605],[27.292004,47.456077],[27.291796,47.456123],[27.291658,47.456153]]]}},{"type":"Feature","properties":{"fid":460,"Cod_ZF":"ZF11","Tip_ZF":"Zonă locuințe și funcțiuni complementare","Cod_SZF":"L","Tip_SZF":"Zona de locuinte si functiuni complementare","utr":"Li1","cod":"Li1","ZONA":"Li1","denumire":"Zona de locuinte si functiuni complementare","functiune":"Zonă locuințe și funcțiuni complementare"},"geometry":{"type":"Polygon","coordinates":[[[27.287374,47.456399],[27.287495,47.456427],[27.287641,47.456467],[27.288848,47.456797],[27.288875,47.456792],[27.288931,47.456726],[27.28902,47.456433],[27.289058,47.456322],[27.289068,47.456264],[27.289257,47.456114],[27.289315,47.456109],[27.289329,47.456074],[27.28928,47.456016],[27.289222,47.455786],[27.289625,47.45577],[27.289813,47.455694],[27.290082,47.455753],[27.290484,47.455902],[27.290866,47.456042],[27.291723,47.45603],[27.29204,47.455925],[27.292153,47.455851],[27.292353,47.455709],[27.292875,47.455709],[27.293397,47.455746],[27.293507,47.455762],[27.293884,47.455971],[27.294188,47.456024],[27.294696,47.455861],[27.294692,47.455709],[27.294556,47.455699],[27.29362,47.455535],[27.293232,47.455438],[27.292338,47.45544],[27.291295,47.455427],[27.289854,47.455331],[27.289544,47.455293],[27.289364,47.455218],[27.288722,47.455164],[27.288084,47.455076],[27.287737,47.455574],[27.287493,47.456113],[27.287385,47.456338],[27.287374,47.456399]]]}},{"type":"Feature","properties":{"fid":461,"Cod_ZF":"ZF11","Tip_ZF":"Zonă locuințe și funcțiuni complementare","Cod_SZF":"L","Tip_SZF":"Zona de locuinte si functiuni complementare","utr":"Li1","cod":"Li1","ZONA":"Li1","denumire":"Zona de locuinte si functiuni complementare","functiune":"Zonă locuințe și funcțiuni complementare"},"geometry":{"type":"Polygon","coordinates":[[[27.291646,47.456184],[27.291517,47.456524],[27.291962,47.456603],[27.291993,47.456565],[27.292125,47.456338],[27.292342,47.456371],[27.292744,47.456431],[27.293975,47.456616],[27.294888,47.456795],[27.294973,47.456771],[27.295047,47.456586],[27.29501,47.456538],[27.295015,47.456457],[27.295031,47.456352],[27.294983,47.456331],[27.294802,47.456299],[27.294642,47.456258],[27.294433,47.456164],[27.294264,47.456117],[27.29399,47.456136],[27.293847,47.456127],[27.293777,47.456094],[27.293483,47.455955],[27.293226,47.455893],[27.292888,47.455909],[27.292792,47.455885],[27.292534,47.455847],[27.292358,47.455864],[27.292116,47.45607],[27.291794,47.45615],[27.291646,47.456184]]]}},{"type":"Feature","properties":{"fid":462,"Cod_ZF":"ZF11","Tip_ZF":"Zonă locuințe și funcțiuni complementare","Cod_SZF":"L","Tip_SZF":"Zona de locuinte si functiuni complementare","utr":"Li1","cod":"Li1","ZONA":"Li1","denumire":"Zona de locuinte si functiuni complementare","functiune":"Zonă locuințe și funcțiuni complementare"},"geometry":{"type":"Polygon","coordinates":[[[27.289523,47.456185],[27.289847,47.456237],[27.291396,47.456488],[27.291463,47.456415],[27.291562,47.456168],[27.291453,47.456179],[27.291278,47.456162],[27.291164,47.456174],[27.290986,47.456175],[27.290844,47.456162],[27.290764,47.456132],[27.290563,47.456091],[27.290409,47.456023],[27.290028,47.455851],[27.289863,47.455826],[27.289691,47.455915],[27.289531,47.456155],[27.289523,47.456185]]]}},{"type":"Feature","properties":{"fid":463,"Cod_ZF":"ZF11","Tip_ZF":"Zonă locuințe și funcțiuni complementare","Cod_SZF":"L","Tip_SZF":"Zona de locuinte si functiuni complementare","utr":"Li1","cod":"Li1","ZONA":"Li1","denumire":"Zona de locuinte si functiuni complementare","functiune":"Zonă locuințe și funcțiuni complementare"},"geometry":{"type":"Polygon","coordinates":[[[27.294245,47.459888],[27.294312,47.459718],[27.293664,47.4596],[27.293653,47.459598],[27.293546,47.459819],[27.292749,47.459702],[27.292654,47.459891],[27.292539,47.460174],[27.293654,47.460397],[27.294003,47.460462],[27.294063,47.46032],[27.294245,47.459888]]]}},{"type":"Feature","properties":{"fid":464,"Cod_ZF":"ZF06","Tip_ZF":"Căi de comunicație și transporturi","Cod_SZF":"CR","Tip_SZF":"Cai de comunicatie rutiera","utr":"CR","cod":"CR","ZONA":"CR","denumire":"Cai de comunicatie rutiera","functiune":"Căi de comunicație și transporturi"},"geometry":{"type":"Polygon","coordinates":[[[27.302136,47.454954],[27.302161,47.45489],[27.297506,47.453787],[27.297467,47.45383],[27.302136,47.454954]]]}},{"type":"Feature","properties":{"fid":465,"Cod_ZF":"ZF03","Tip_ZF":"Terenuri agricole","Cod_SZF":"AR","Tip_SZF":"Arabil","utr":"AR","cod":"AR","ZONA":"AR","denumire":"Arabil","functiune":"Terenuri agricole"},"geometry":{"type":"Polygon","coordinates":[[[27.301897,47.455564],[27.302136,47.454954],[27.297467,47.45383],[27.296925,47.454432],[27.298713,47.454839],[27.301897,47.455564]]]}},{"type":"Feature","properties":{"fid":466,"Cod_ZF":"ZF06","Tip_ZF":"Căi de comunicație și transporturi","Cod_SZF":"CR","Tip_SZF":"Cai de comunicatie rutiera","utr":"CR","cod":"CR","ZONA":"CR","denumire":"Cai de comunicatie rutiera","functiune":"Căi de comunicație și transporturi"},"geometry":{"type":"Polygon","coordinates":[[[27.302498,47.45403],[27.302522,47.45397],[27.298359,47.452983],[27.298301,47.453041],[27.302498,47.45403]]]}},{"type":"Feature","properties":{"fid":467,"Cod_ZF":"ZF03","Tip_ZF":"Terenuri agricole","Cod_SZF":"AR","Tip_SZF":"Arabil","utr":"AR","cod":"AR","ZONA":"AR","denumire":"Arabil","functiune":"Terenuri agricole"},"geometry":{"type":"Polygon","coordinates":[[[27.298593,47.452881],[27.298491,47.452854],[27.298359,47.452983],[27.302522,47.45397],[27.302547,47.453907],[27.298593,47.452881]]]}},{"type":"Feature","properties":{"fid":468,"Cod_ZF":"ZF12","Tip_ZF":"Zonă unități industriale și de depozitare","Cod_SZF":"AI","Tip_SZF":"Zona unitati agro-industriale","utr":"AI","cod":"AI","ZONA":"AI","denumire":"Zona unitati agro-industriale","functiune":"Zonă unități industriale și de depozitare"},"geometry":{"type":"Polygon","coordinates":[[[27.32253,47.403409],[27.322195,47.403642],[27.321541,47.403209],[27.321248,47.403503],[27.321319,47.403541],[27.322098,47.403958],[27.32253,47.403409]]]}},{"type":"Feature","properties":{"fid":469,"Cod_ZF":"ZF06","Tip_ZF":"Căi de comunicație și transporturi","Cod_SZF":"CR","Tip_SZF":"Cai de comunicatie rutiera","utr":"CR","cod":"CR","ZONA":"CR","denumire":"Cai de comunicatie rutiera","functiune":"Căi de comunicație și transporturi"},"geometry":{"type":"Polygon","coordinates":[[[27.293723,47.46114],[27.293663,47.461277],[27.293641,47.461326],[27.29373,47.461397],[27.293808,47.461249],[27.293853,47.461163],[27.293723,47.46114]]]}},{"type":"Feature","properties":{"fid":470,"Cod_ZF":"ZF06","Tip_ZF":"Căi de comunicație și transporturi","Cod_SZF":"CR","Tip_SZF":"Cai de comunicatie rutiera","utr":"CR","cod":"CR","ZONA":"CR","denumire":"Cai de comunicatie rutiera","functiune":"Căi de comunicație și transporturi"},"geometry":{"type":"Polygon","coordinates":[[[27.296582,47.45469],[27.296836,47.454411],[27.296925,47.454432],[27.297467,47.45383],[27.297506,47.453787],[27.297606,47.453675],[27.297648,47.45368],[27.297922,47.453412],[27.297952,47.453382],[27.298301,47.453041],[27.298359,47.452983],[27.298491,47.452854],[27.298385,47.452827],[27.298313,47.452805],[27.298298,47.452801],[27.298177,47.45294],[27.297349,47.453746],[27.296991,47.454091],[27.296854,47.454222],[27.296396,47.454692],[27.29637,47.454719],[27.296339,47.454753],[27.296338,47.454753],[27.295961,47.455159],[27.295485,47.455661],[27.295477,47.455675],[27.29543,47.455762],[27.295281,47.456035],[27.295138,47.456357],[27.29513,47.456377],[27.295065,47.45654],[27.295047,47.456586],[27.294973,47.456771],[27.295001,47.456899],[27.295257,47.457257],[27.295292,47.457364],[27.295056,47.457933],[27.294994,47.458085],[27.29497,47.458143],[27.294941,47.458214],[27.294908,47.458291],[27.294818,47.458496],[27.294653,47.45887],[27.294619,47.458946],[27.294594,47.459003],[27.294388,47.459525],[27.294338,47.459653],[27.294312,47.459718],[27.294245,47.459888],[27.294063,47.46032],[27.294003,47.460462],[27.293975,47.460528],[27.293912,47.460678],[27.293723,47.46114],[27.293853,47.461163],[27.293942,47.460956],[27.293958,47.460918],[27.294113,47.460555],[27.294145,47.460479],[27.29426,47.460208],[27.294452,47.459755],[27.294482,47.459685],[27.294775,47.458965],[27.294804,47.458894],[27.295101,47.458182],[27.295147,47.458072],[27.295445,47.45739],[27.295448,47.457328],[27.295347,47.457174],[27.295129,47.45684],[27.295149,47.456709],[27.295163,47.456621],[27.295186,47.456576],[27.295211,47.456529],[27.295236,47.45648],[27.29544,47.456088],[27.295498,47.455976],[27.295619,47.45575],[27.295651,47.455689],[27.295693,47.455611],[27.296247,47.455055],[27.296275,47.455027],[27.2963,47.454999],[27.296549,47.454726],[27.296582,47.45469]]]}},{"type":"Feature","properties":{"fid":471,"Cod_ZF":"ZF06","Tip_ZF":"Căi de comunicație și transporturi","Cod_SZF":"CR","Tip_SZF":"Cai de comunicatie rutiera","utr":"CR","cod":"CR","ZONA":"CR","denumire":"Cai de comunicatie rutiera","functiune":"Căi de comunicație și transporturi"},"geometry":{"type":"Polygon","coordinates":[[[27.298407,47.470372],[27.298563,47.470413],[27.298596,47.470306],[27.299241,47.468022],[27.299211,47.467821],[27.299102,47.467597],[27.298692,47.467239],[27.29871,47.467203],[27.297701,47.466143],[27.297018,47.465328],[27.296573,47.464802],[27.296315,47.464499],[27.296272,47.464447],[27.296225,47.464392],[27.295325,47.463283],[27.294507,47.462192],[27.294241,47.461833],[27.293808,47.461249],[27.29373,47.461397],[27.294674,47.46268],[27.295598,47.463888],[27.296253,47.464656],[27.297178,47.465733],[27.297495,47.46608],[27.297479,47.466065],[27.297978,47.466675],[27.298557,47.4673],[27.298632,47.467366],[27.298634,47.467362],[27.299035,47.467742],[27.299071,47.468014],[27.299042,47.468133],[27.298917,47.468547],[27.298658,47.469382],[27.298436,47.470257],[27.298407,47.470372]]]}},{"type":"Feature","properties":{"fid":472,"Cod_ZF":"ZF06","Tip_ZF":"Căi de comunicație și transporturi","Cod_SZF":"CR","Tip_SZF":"Cai de comunicatie rutiera","utr":"CR","cod":"CR","ZONA":"CR","denumire":"Cai de comunicatie rutiera","functiune":"Căi de comunicație și transporturi"},"geometry":{"type":"Polygon","coordinates":[[[27.368141,47.410775],[27.368136,47.41078],[27.368027,47.410903],[27.36797,47.410936],[27.367785,47.411123],[27.367594,47.41131],[27.367324,47.411497],[27.366987,47.411681],[27.366371,47.412009],[27.366161,47.41209],[27.365938,47.412115],[27.365508,47.412119],[27.36467,47.412108],[27.364091,47.412053],[27.363812,47.411394],[27.363747,47.411404],[27.363862,47.411706],[27.363983,47.412041],[27.363906,47.412036],[27.363259,47.41199],[27.362736,47.411937],[27.362308,47.411897],[27.361217,47.411806],[27.361117,47.411799],[27.361089,47.411843],[27.361303,47.411875],[27.362086,47.411945],[27.362268,47.411964],[27.362338,47.411972],[27.362377,47.411976],[27.363972,47.412113],[27.364602,47.412171],[27.36521,47.412184],[27.365908,47.412191],[27.365929,47.412301],[27.365996,47.412277],[27.365974,47.412191],[27.366158,47.412166],[27.366339,47.412111],[27.366504,47.412025],[27.367375,47.411573],[27.367622,47.411393],[27.367888,47.411172],[27.368042,47.410975],[27.368141,47.410775]]]}},{"type":"Feature","properties":{"fid":473,"Cod_ZF":"ZF06","Tip_ZF":"Căi de comunicație și transporturi","Cod_SZF":"CR","Tip_SZF":"Cai de comunicatie rutiera","utr":"CR","cod":"CR","ZONA":"CR","denumire":"Cai de comunicatie rutiera","functiune":"Căi de comunicație și transporturi"},"geometry":{"type":"Polygon","coordinates":[[[27.339732,47.460105],[27.339784,47.460072],[27.339794,47.460033],[27.340002,47.459812],[27.340202,47.459697],[27.340473,47.459448],[27.340439,47.45943],[27.340172,47.459673],[27.339959,47.459796],[27.339753,47.460026],[27.339732,47.460105]]]}},{"type":"Feature","properties":{"fid":474,"Cod_ZF":"ZF11","Tip_ZF":"Zonă locuințe și funcțiuni complementare","Cod_SZF":"L","Tip_SZF":"Zona de locuinte si functiuni complementare","utr":"Li1","cod":"Li1","ZONA":"Li1","denumire":"Zona de locuinte si functiuni complementare","functiune":"Zonă locuințe și funcțiuni complementare"},"geometry":{"type":"Polygon","coordinates":[[[27.339784,47.460072],[27.340632,47.459534],[27.340473,47.459448],[27.340202,47.459697],[27.340002,47.459812],[27.339794,47.460033],[27.339784,47.460072]]]}},{"type":"Feature","properties":{"fid":475,"Cod_ZF":"ZF14","Tip_ZF":"Zonă spații verzi, sport și agrement","Cod_SZF":"SV","Tip_SZF":"Spatii plantate, agrement, sport","utr":"SV","cod":"SV","ZONA":"SV","denumire":"Spatii plantate, agrement, sport","functiune":"Zonă spații verzi, sport și agrement"},"geometry":{"type":"Polygon","coordinates":[[[27.295086,47.456364],[27.295052,47.456502],[27.295065,47.45654],[27.29513,47.456377],[27.295086,47.456364]]]}},{"type":"Feature","properties":{"fid":476,"Cod_ZF":"ZF06","Tip_ZF":"Căi de comunicație și transporturi","Cod_SZF":"CR","Tip_SZF":"Cai de comunicatie rutiera","utr":"CR","cod":"CR","ZONA":"CR","denumire":"Cai de comunicatie rutiera","functiune":"Căi de comunicație și transporturi"},"geometry":{"type":"Polygon","coordinates":[[[27.297576,47.461724],[27.297534,47.461714],[27.297455,47.461809],[27.297319,47.461947],[27.297167,47.462332],[27.296959,47.462861],[27.296558,47.463781],[27.296272,47.464447],[27.296315,47.464499],[27.29664,47.463725],[27.29718,47.46247],[27.297226,47.462331],[27.29736,47.461984],[27.297412,47.461918],[27.297576,47.461724]]]}},{"type":"Feature","properties":{"fid":477,"Cod_ZF":"ZF09","Tip_ZF":"Zonă instituții publice","Cod_SZF":"IS","Tip_SZF":"Zona de institutii publice si servicii","utr":"IS","cod":"IS","ZONA":"IS","denumire":"Zona de institutii publice si servicii","functiune":"Zonă instituții publice"},"geometry":{"type":"Polygon","coordinates":[[[27.326444,47.412603],[27.325472,47.41256],[27.325437,47.412584],[27.32531,47.412651],[27.325548,47.412848],[27.32571,47.412882],[27.32583,47.412908],[27.326409,47.41297],[27.326435,47.412875],[27.326444,47.412603]]]}},{"type":"Feature","properties":{"fid":478,"Cod_ZF":"ZF12","Tip_ZF":"Zonă unități industriale și de depozitare","Cod_SZF":"AI","Tip_SZF":"Zona unitati agro-industriale","utr":"AI","cod":"AI","ZONA":"AI","denumire":"Zona unitati agro-industriale","functiune":"Zonă unități industriale și de depozitare"},"geometry":{"type":"Polygon","coordinates":[[[27.356596,47.405848],[27.356493,47.405502],[27.355887,47.405571],[27.356052,47.405952],[27.356596,47.405848]]]}},{"type":"Feature","properties":{"fid":479,"Cod_ZF":"ZF09","Tip_ZF":"Zonă instituții publice","Cod_SZF":"IS","Tip_SZF":"Zona de institutii publice si servicii","utr":"IS","cod":"IS","ZONA":"IS","denumire":"Zona de institutii publice si servicii","functiune":"Zonă instituții publice"},"geometry":{"type":"Polygon","coordinates":[[[27.293653,47.459598],[27.292859,47.459453],[27.292749,47.459702],[27.293546,47.459819],[27.293653,47.459598]]]}},{"type":"Feature","properties":{"fid":480,"Cod_ZF":"ZF09","Tip_ZF":"Zonă instituții publice","Cod_SZF":"IS","Tip_SZF":"Zona de institutii publice si servicii","utr":"IS","cod":"IS","ZONA":"IS","denumire":"Zona de institutii publice si servicii","functiune":"Zonă instituții publice"},"geometry":{"type":"Polygon","coordinates":[[[27.339205,47.448955],[27.338226,47.44849],[27.338196,47.448539],[27.33843,47.448774],[27.338503,47.448924],[27.338571,47.449111],[27.338431,47.449452],[27.3378,47.450529],[27.337586,47.450951],[27.339205,47.448955]]]}},{"type":"Feature","properties":{"fid":481,"Cod_ZF":"ZF06","Tip_ZF":"Căi de comunicație și transporturi","Cod_SZF":"CR","Tip_SZF":"Cai de comunicatie rutiera","utr":"CR","cod":"CR","ZONA":"CR","denumire":"Cai de comunicatie rutiera","functiune":"Căi de comunicație și transporturi"},"geometry":{"type":"Polygon","coordinates":[[[27.333562,47.447267],[27.333257,47.447138],[27.33326,47.44715],[27.333278,47.447227],[27.333099,47.447185],[27.333437,47.44735],[27.333742,47.447421],[27.334526,47.447518],[27.334907,47.447599],[27.336217,47.44801],[27.336849,47.448238],[27.337851,47.448518],[27.337987,47.44857],[27.338118,47.448668],[27.338385,47.44897],[27.338409,47.449162],[27.3384,47.449235],[27.338,47.449979],[27.337546,47.450772],[27.33713,47.451513],[27.33706,47.4516],[27.337114,47.45163],[27.33719,47.451541],[27.337375,47.451212],[27.337424,47.45115],[27.337586,47.450951],[27.3378,47.450529],[27.338431,47.449452],[27.338571,47.449111],[27.338503,47.448924],[27.33843,47.448774],[27.338196,47.448539],[27.338226,47.44849],[27.336459,47.447926],[27.336002,47.44778],[27.335074,47.447483],[27.333562,47.447267]]]}},{"type":"Feature","properties":{"fid":482,"Cod_ZF":"ZF03","Tip_ZF":"Terenuri agricole","Cod_SZF":"AR","Tip_SZF":"Arabil","utr":"AR","cod":"AR","ZONA":"AR","denumire":"Arabil","functiune":"Terenuri agricole"},"geometry":{"type":"Polygon","coordinates":[[[27.317818,47.461826],[27.319493,47.462589],[27.321439,47.463445],[27.323426,47.464337],[27.323573,47.464113],[27.32387,47.463656],[27.324625,47.461194],[27.318415,47.458569],[27.318954,47.457833],[27.318938,47.457835],[27.318597,47.457681],[27.317889,47.457542],[27.317407,47.457552],[27.316935,47.457788],[27.316693,47.458138],[27.316762,47.458411],[27.317062,47.45909],[27.316998,47.459384],[27.316781,47.459576],[27.315966,47.459789],[27.315045,47.459986],[27.314814,47.460468],[27.315182,47.460634],[27.317818,47.461826]]]}},{"type":"Feature","properties":{"fid":483,"Cod_ZF":"ZF03","Tip_ZF":"Terenuri agricole","Cod_SZF":"AR","Tip_SZF":"Arabil","utr":"AR","cod":"AR","ZONA":"AR","denumire":"Arabil","functiune":"Terenuri agricole"},"geometry":{"type":"Polygon","coordinates":[[[27.275483,47.465053],[27.275686,47.464459],[27.276774,47.46465],[27.277236,47.464973],[27.277664,47.464583],[27.278067,47.464064],[27.278551,47.463656],[27.279499,47.463168],[27.27978,47.462865],[27.279871,47.462741],[27.279846,47.462488],[27.279179,47.46186],[27.280145,47.461468],[27.281328,47.460594],[27.282264,47.460153],[27.282477,47.460172],[27.283149,47.459709],[27.283276,47.45965],[27.283365,47.459534],[27.283645,47.459469],[27.283715,47.459382],[27.283921,47.459238],[27.284174,47.459051],[27.28439,47.459017],[27.285034,47.458775],[27.285926,47.458249],[27.286331,47.458003],[27.286336,47.458006],[27.286665,47.457824],[27.286712,47.457706],[27.28627,47.457625],[27.286208,47.457614],[27.286127,47.457599],[27.286288,47.457297],[27.2874,47.454974],[27.287435,47.454902],[27.287523,47.454719],[27.287921,47.454806],[27.288145,47.454856],[27.28821,47.45487],[27.288857,47.453519],[27.289145,47.453582],[27.289206,47.453596],[27.289521,47.453665],[27.289643,47.453409],[27.291064,47.45369],[27.292,47.453875],[27.294362,47.454343],[27.294676,47.454405],[27.295743,47.454617],[27.295756,47.454591],[27.295789,47.454528],[27.296003,47.454116],[27.296123,47.453886],[27.296787,47.452608],[27.29685,47.452395],[27.297391,47.452525],[27.298594,47.449697],[27.300987,47.450283],[27.302314,47.448817],[27.302522,47.448563],[27.302975,47.446769],[27.303762,47.444186],[27.304617,47.441199],[27.305584,47.437887],[27.306261,47.435676],[27.304208,47.435223],[27.303866,47.435148],[27.299668,47.434223],[27.290228,47.432141],[27.290075,47.432107],[27.290049,47.432102],[27.289667,47.432017],[27.289831,47.431624],[27.289869,47.431518],[27.289933,47.431337],[27.289994,47.4312],[27.290068,47.431119],[27.290015,47.431086],[27.289982,47.431142],[27.289948,47.431199],[27.289917,47.431274],[27.289786,47.431593],[27.289322,47.432726],[27.289295,47.432793],[27.289231,47.432949],[27.288877,47.433797],[27.288699,47.434223],[27.288481,47.434748],[27.288409,47.434924],[27.288346,47.435051],[27.288323,47.435097],[27.288271,47.435227],[27.287953,47.436025],[27.287529,47.43702],[27.287258,47.437641],[27.286937,47.438376],[27.286805,47.43868],[27.286687,47.438967],[27.286447,47.439552],[27.286257,47.439984],[27.28623,47.440045],[27.286068,47.44042],[27.285889,47.440833],[27.285838,47.44093],[27.285796,47.441032],[27.285626,47.441401],[27.285458,47.441774],[27.285368,47.441991],[27.285292,47.44219],[27.285241,47.442336],[27.285179,47.442526],[27.285168,47.442562],[27.284993,47.443019],[27.284819,47.443429],[27.284578,47.443954],[27.284431,47.444292],[27.28431,47.444381],[27.283961,47.445018],[27.283821,47.445291],[27.283681,47.445564],[27.283548,47.445866],[27.283531,47.445942],[27.283518,47.446003],[27.283517,47.446093],[27.283515,47.446253],[27.283529,47.446472],[27.28352,47.446578],[27.283458,47.446809],[27.283406,47.446936],[27.283328,47.447124],[27.283291,47.447423],[27.283321,47.447537],[27.28338,47.447696],[27.283403,47.447773],[27.283387,47.447924],[27.283361,47.448023],[27.283335,47.448122],[27.283303,47.448275],[27.283298,47.448442],[27.283279,47.44854],[27.283249,47.44869],[27.283199,47.448803],[27.283138,47.448938],[27.283076,47.449038],[27.282991,47.44914],[27.28288,47.449256],[27.282661,47.449451],[27.282554,47.449535],[27.282482,47.449551],[27.282323,47.44963],[27.282205,47.4496],[27.282049,47.449572],[27.28192,47.449541],[27.281802,47.449767],[27.281577,47.450198],[27.28141,47.450516],[27.281244,47.450833],[27.281162,47.451038],[27.281094,47.451207],[27.280979,47.451416],[27.280863,47.451626],[27.280748,47.451805],[27.280686,47.452047],[27.280496,47.452469],[27.280172,47.453194],[27.280078,47.453404],[27.27978,47.45414],[27.279483,47.454876],[27.279303,47.45529],[27.278806,47.456432],[27.278755,47.456592],[27.278692,47.456636],[27.278648,47.456745],[27.278534,47.457028],[27.278328,47.457535],[27.278248,47.457811],[27.278062,47.458292],[27.277987,47.458456],[27.277879,47.458661],[27.277824,47.458692],[27.277504,47.458874],[27.276584,47.459376],[27.27616,47.459607],[27.275789,47.459799],[27.275582,47.459899],[27.275251,47.460137],[27.275145,47.460189],[27.274988,47.460241],[27.274599,47.46039],[27.27421,47.46054],[27.274044,47.460607],[27.27399,47.46065],[27.273903,47.46072],[27.273798,47.460804],[27.273739,47.460843],[27.273605,47.460896],[27.273458,47.46093],[27.273375,47.46094],[27.273194,47.460961],[27.272915,47.461007],[27.272796,47.461043],[27.272726,47.461072],[27.272669,47.461112],[27.272591,47.461187],[27.272527,47.461267],[27.272319,47.461529],[27.272164,47.461692],[27.271939,47.461904],[27.271639,47.462148],[27.271223,47.462456],[27.270854,47.462727],[27.270459,47.463032],[27.269999,47.463388],[27.269484,47.463776],[27.269045,47.464131],[27.268214,47.464736],[27.267762,47.465065],[27.26738,47.465344],[27.267074,47.465567],[27.266476,47.466037],[27.265975,47.466407],[27.265785,47.466552],[27.265505,47.466741],[27.265355,47.466855],[27.265204,47.466969],[27.263721,47.468098],[27.263254,47.468458],[27.263157,47.468533],[27.26306,47.468608],[27.263085,47.468621],[27.263109,47.468635],[27.264807,47.469556],[27.265911,47.470202],[27.266309,47.470457],[27.266562,47.470623],[27.266699,47.470537],[27.268036,47.469932],[27.268365,47.469586],[27.269434,47.46867],[27.270281,47.468149],[27.271253,47.467391],[27.271677,47.467263],[27.273696,47.465907],[27.27454,47.4653],[27.275483,47.465053]],[[27.289666,47.451115],[27.291029,47.448083],[27.29482,47.448849],[27.293542,47.451934],[27.292967,47.453305],[27.289082,47.452505],[27.289666,47.451115]]]}},{"type":"Feature","properties":{"fid":484,"Cod_ZF":"ZF12","Tip_ZF":"Zonă unități industriale și de depozitare","Cod_SZF":"AI","Tip_SZF":"Zona unitati agro-industriale","utr":"AI","cod":"AI","ZONA":"AI","denumire":"Zona unitati agro-industriale","functiune":"Zonă unități industriale și de depozitare"},"geometry":{"type":"Polygon","coordinates":[[[27.305956,47.434121],[27.30587,47.433854],[27.305821,47.433732],[27.3056,47.433463],[27.305167,47.433068],[27.304932,47.43285],[27.304839,47.432704],[27.304802,47.432319],[27.30491,47.432005],[27.304978,47.431805],[27.305004,47.43169],[27.304718,47.432021],[27.304339,47.43245],[27.304195,47.432612],[27.304136,47.432678],[27.303772,47.433107],[27.303692,47.433202],[27.303349,47.433575],[27.303242,47.433692],[27.303081,47.433789],[27.302793,47.433887],[27.302586,47.43394],[27.302472,47.433969],[27.302322,47.433996],[27.302094,47.434038],[27.301812,47.434054],[27.301748,47.434057],[27.301511,47.434052],[27.301128,47.434013],[27.300701,47.433938],[27.3,47.433783],[27.299355,47.433593],[27.298876,47.433452],[27.297845,47.433156],[27.295686,47.432586],[27.294879,47.43237],[27.29455,47.432288],[27.294023,47.432158],[27.292752,47.431828],[27.291804,47.431578],[27.290956,47.431353],[27.290068,47.431119],[27.289994,47.4312],[27.289933,47.431337],[27.289869,47.431518],[27.289831,47.431624],[27.289667,47.432017],[27.290049,47.432102],[27.290075,47.432107],[27.290228,47.432141],[27.299668,47.434223],[27.303866,47.435148],[27.304208,47.435223],[27.306261,47.435676],[27.306336,47.435693],[27.306343,47.43567],[27.306361,47.435589],[27.306368,47.435561],[27.306376,47.435523],[27.306394,47.435444],[27.30639,47.435214],[27.306388,47.435161],[27.306077,47.43454],[27.305956,47.434121]]]}}]}